n_removed,targeted_efficiency,targeted_resilience_index,random_resilience_index
0,0.00500,1.00000,1.00000
1,0.00480,0.96000,0.99000
2,0.00450,0.90000,0.98500
3,0.00410,0.82000,0.98000
4,0.00350,0.70000,0.97000
5,0.00250,0.50000,0.96000
6,0.00200,0.40000,0.95000
7,0.00150,0.30000,0.93000
8,0.00100,0.20000,0.90000
9,0.00050,0.10000,0.85000
10,0.00010,0.02000,0.80000
