{"type": "FeatureCollection", "features": [{"type": "Feature", "geometry": {"type": "Point", "coordinates": [73.824891, 15.501003]}, "properties": {"feature_type": "node", "node_id": 0, "degree": 3, "type": "intersection", "betweenness": 0.033899550537028644, "is_critical": false, "is_articulation": false}}, {"type": "Feature", "geometry": {"type": "Point", "coordinates": [73.82559, 15.501007]}, "properties": {"feature_type": "node", "node_id": 1, "degree": 1, "type": "endpoint", "betweenness": 0.0, "is_critical": false, "is_articulation": false}}, {"type": "Feature", "geometry": {"type": "Point", "coordinates": [73.825982, 15.501009]}, "properties": {"feature_type": "node", "node_id": 2, "degree": 1, "type": "endpoint", "betweenness": 0.0, "is_critical": false, "is_articulation": false}}, {"type": "Feature", "geometry": {"type": "Point", "coordinates": [73.826807, 15.501013]}, "properties": {"feature_type": "node", "node_id": 3, "degree": 1, "type": "endpoint", "betweenness": 0.0, "is_critical": false, "is_articulation": false}}, {"type": "Feature", "geometry": {"type": "Point", "coordinates": [73.828862, 15.501024]}, "properties": {"feature_type": "node", "node_id": 4, "degree": 1, "type": "endpoint", "betweenness": 0.0, "is_critical": false, "is_articulation": false}}, {"type": "Feature", "geometry": {"type": "Point", "coordinates": [73.824723, 15.500989]}, "properties": {"feature_type": "node", "node_id": 6, "degree": 3, "type": "intersection", "betweenness": 0.02837923897468556, "is_critical": false, "is_articulation": false}}, {"type": "Feature", "geometry": {"type": "Point", "coordinates": [73.824807, 15.500989]}, "properties": {"feature_type": "node", "node_id": 7, "degree": 3, "type": "intersection", "betweenness": 0.031321568099151285, "is_critical": false, "is_articulation": false}}, {"type": "Feature", "geometry": {"type": "Point", "coordinates": [73.828093, 15.501007]}, "properties": {"feature_type": "node", "node_id": 8, "degree": 1, "type": "endpoint", "betweenness": 0.0, "is_critical": false, "is_articulation": false}}, {"type": "Feature", "geometry": {"type": "Point", "coordinates": [73.829827, 15.501002]}, "properties": {"feature_type": "node", "node_id": 9, "degree": 4, "type": "intersection", "betweenness": 0.01293889997918019, "is_critical": false, "is_articulation": true}}, {"type": "Feature", "geometry": {"type": "Point", "coordinates": [73.836748, 15.501052]}, "properties": {"feature_type": "node", "node_id": 10, "degree": 1, "type": "endpoint", "betweenness": 0.0, "is_critical": false, "is_articulation": false}}, {"type": "Feature", "geometry": {"type": "Point", "coordinates": [73.836986, 15.501054]}, "properties": {"feature_type": "node", "node_id": 11, "degree": 1, "type": "endpoint", "betweenness": 0.0, "is_critical": false, "is_articulation": false}}, {"type": "Feature", "geometry": {"type": "Point", "coordinates": [73.837308, 15.501055]}, "properties": {"feature_type": "node", "node_id": 12, "degree": 1, "type": "endpoint", "betweenness": 0.0, "is_critical": false, "is_articulation": false}}, {"type": "Feature", "geometry": {"type": "Point", "coordinates": [73.824639, 15.500975]}, "properties": {"feature_type": "node", "node_id": 13, "degree": 3, "type": "intersection", "betweenness": 0.025674194457031587, "is_critical": false, "is_articulation": false}}, {"type": "Feature", "geometry": {"type": "Point", "coordinates": [73.824947, 15.500963]}, "properties": {"feature_type": "node", "node_id": 14, "degree": 3, "type": "intersection", "betweenness": 0.09638959989222687, "is_critical": false, "is_articulation": false}}, {"type": "Feature", "geometry": {"type": "Point", "coordinates": [73.825227, 15.500978]}, "properties": {"feature_type": "node", "node_id": 15, "degree": 3, "type": "intersection", "betweenness": 0.10227425814115831, "is_critical": false, "is_articulation": true}}, {"type": "Feature", "geometry": {"type": "Point", "coordinates": [73.824556, 15.500961]}, "properties": {"feature_type": "node", "node_id": 16, "degree": 3, "type": "intersection", "betweenness": 0.02270584056923812, "is_critical": false, "is_articulation": false}}, {"type": "Feature", "geometry": {"type": "Point", "coordinates": [73.824891, 15.500949]}, "properties": {"feature_type": "node", "node_id": 17, "degree": 3, "type": "intersection", "betweenness": 0.057107515951649056, "is_critical": false, "is_articulation": false}}, {"type": "Feature", "geometry": {"type": "Point", "coordinates": [73.824486, 15.500947]}, "properties": {"feature_type": "node", "node_id": 18, "degree": 3, "type": "intersection", "betweenness": 0.01987883686657767, "is_critical": false, "is_articulation": false}}, {"type": "Feature", "geometry": {"type": "Point", "coordinates": [73.824808, 15.500935]}, "properties": {"feature_type": "node", "node_id": 19, "degree": 3, "type": "intersection", "betweenness": 0.05489694193722215, "is_critical": false, "is_articulation": false}}, {"type": "Feature", "geometry": {"type": "Point", "coordinates": [73.830107, 15.500963]}, "properties": {"feature_type": "node", "node_id": 21, "degree": 4, "type": "intersection", "betweenness": 0.014690213464294026, "is_critical": false, "is_articulation": true}}, {"type": "Feature", "geometry": {"type": "Point", "coordinates": [73.824402, 15.500933]}, "properties": {"feature_type": "node", "node_id": 22, "degree": 3, "type": "intersection", "betweenness": 0.017234006507211415, "is_critical": false, "is_articulation": false}}, {"type": "Feature", "geometry": {"type": "Point", "coordinates": [73.824724, 15.500921]}, "properties": {"feature_type": "node", "node_id": 23, "degree": 3, "type": "intersection", "betweenness": 0.052357231210120876, "is_critical": false, "is_articulation": false}}, {"type": "Feature", "geometry": {"type": "Point", "coordinates": [73.82938, 15.500959]}, "properties": {"feature_type": "node", "node_id": 24, "degree": 3, "type": "intersection", "betweenness": 0.012265317869521022, "is_critical": false, "is_articulation": true}}, {"type": "Feature", "geometry": {"type": "Point", "coordinates": [73.830177, 15.50095]}, "properties": {"feature_type": "node", "node_id": 25, "degree": 4, "type": "intersection", "betweenness": 0.017482517482517484, "is_critical": false, "is_articulation": true}}, {"type": "Feature", "geometry": {"type": "Point", "coordinates": [73.824318, 15.500919]}, "properties": {"feature_type": "node", "node_id": 26, "degree": 3, "type": "intersection", "betweenness": 0.014501406357798646, "is_critical": false, "is_articulation": false}}, {"type": "Feature", "geometry": {"type": "Point", "coordinates": [73.82464, 15.500907]}, "properties": {"feature_type": "node", "node_id": 27, "degree": 3, "type": "intersection", "betweenness": 0.050154311537849196, "is_critical": false, "is_articulation": false}}, {"type": "Feature", "geometry": {"type": "Point", "coordinates": [73.824234, 15.500905]}, "properties": {"feature_type": "node", "node_id": 28, "degree": 3, "type": "intersection", "betweenness": 0.011935160577892647, "is_critical": false, "is_articulation": false}}, {"type": "Feature", "geometry": {"type": "Point", "coordinates": [73.824556, 15.500893]}, "properties": {"feature_type": "node", "node_id": 29, "degree": 3, "type": "intersection", "betweenness": 0.04779371241718002, "is_critical": false, "is_articulation": false}}, {"type": "Feature", "geometry": {"type": "Point", "coordinates": [73.824165, 15.500891]}, "properties": {"feature_type": "node", "node_id": 30, "degree": 3, "type": "intersection", "betweenness": 0.00918929290207749, "is_critical": false, "is_articulation": false}}, {"type": "Feature", "geometry": {"type": "Point", "coordinates": [73.824486, 15.500879]}, "properties": {"feature_type": "node", "node_id": 31, "degree": 3, "type": "intersection", "betweenness": 0.04525298111112472, "is_critical": false, "is_articulation": false}}, {"type": "Feature", "geometry": {"type": "Point", "coordinates": [73.824081, 15.500877]}, "properties": {"feature_type": "node", "node_id": 32, "degree": 3, "type": "intersection", "betweenness": 0.007118793349091073, "is_critical": false, "is_articulation": false}}, {"type": "Feature", "geometry": {"type": "Point", "coordinates": [73.824402, 15.500865]}, "properties": {"feature_type": "node", "node_id": 33, "degree": 3, "type": "intersection", "betweenness": 0.04278266975289749, "is_critical": false, "is_articulation": false}}, {"type": "Feature", "geometry": {"type": "Point", "coordinates": [73.823997, 15.500863]}, "properties": {"feature_type": "node", "node_id": 34, "degree": 3, "type": "intersection", "betweenness": 0.004815601794586053, "is_critical": false, "is_articulation": false}}, {"type": "Feature", "geometry": {"type": "Point", "coordinates": [73.824319, 15.500851]}, "properties": {"feature_type": "node", "node_id": 35, "degree": 3, "type": "intersection", "betweenness": 0.040760392555488814, "is_critical": false, "is_articulation": false}}, {"type": "Feature", "geometry": {"type": "Point", "coordinates": [73.830429, 15.500829]}, "properties": {"feature_type": "node", "node_id": 36, "degree": 5, "type": "intersection", "betweenness": 0.0187868173857666, "is_critical": false, "is_articulation": false}}, {"type": "Feature", "geometry": {"type": "Point", "coordinates": [73.823927, 15.500849]}, "properties": {"feature_type": "node", "node_id": 37, "degree": 3, "type": "intersection", "betweenness": 0.0021842941063606653, "is_critical": false, "is_articulation": false}}, {"type": "Feature", "geometry": {"type": "Point", "coordinates": [73.824235, 15.500837]}, "properties": {"feature_type": "node", "node_id": 38, "degree": 3, "type": "intersection", "betweenness": 0.03963622483762589, "is_critical": false, "is_articulation": false}}, {"type": "Feature", "geometry": {"type": "Point", "coordinates": [73.824165, 15.500823]}, "properties": {"feature_type": "node", "node_id": 39, "degree": 3, "type": "intersection", "betweenness": 0.03779790699668108, "is_critical": false, "is_articulation": false}}, {"type": "Feature", "geometry": {"type": "Point", "coordinates": [73.824081, 15.500809]}, "properties": {"feature_type": "node", "node_id": 40, "degree": 3, "type": "intersection", "betweenness": 0.036073893998587674, "is_critical": false, "is_articulation": false}}, {"type": "Feature", "geometry": {"type": "Point", "coordinates": [73.823816, 15.500794]}, "properties": {"feature_type": "node", "node_id": 41, "degree": 3, "type": "intersection", "betweenness": 0.020715711608881488, "is_critical": false, "is_articulation": false}}, {"type": "Feature", "geometry": {"type": "Point", "coordinates": [73.823997, 15.500795]}, "properties": {"feature_type": "node", "node_id": 42, "degree": 3, "type": "intersection", "betweenness": 0.03468412060793834, "is_critical": false, "is_articulation": false}}, {"type": "Feature", "geometry": {"type": "Point", "coordinates": [73.823927, 15.500781]}, "properties": {"feature_type": "node", "node_id": 43, "degree": 3, "type": "intersection", "betweenness": 0.033898529958074616, "is_critical": false, "is_articulation": false}}, {"type": "Feature", "geometry": {"type": "Point", "coordinates": [73.826948, 15.500811]}, "properties": {"feature_type": "node", "node_id": 44, "degree": 3, "type": "intersection", "betweenness": 0.0034597626541584513, "is_critical": false, "is_articulation": true}}, {"type": "Feature", "geometry": {"type": "Point", "coordinates": [73.823704, 15.500766]}, "properties": {"feature_type": "node", "node_id": 45, "degree": 4, "type": "intersection", "betweenness": 0.017598863483276793, "is_critical": false, "is_articulation": true}}, {"type": "Feature", "geometry": {"type": "Point", "coordinates": [73.823858, 15.500767]}, "properties": {"feature_type": "node", "node_id": 46, "degree": 3, "type": "intersection", "betweenness": 0.03475071338468887, "is_critical": false, "is_articulation": false}}, {"type": "Feature", "geometry": {"type": "Point", "coordinates": [73.827591, 15.500774]}, "properties": {"feature_type": "node", "node_id": 47, "degree": 3, "type": "intersection", "betweenness": 0.0037353189717462924, "is_critical": false, "is_articulation": false}}, {"type": "Feature", "geometry": {"type": "Point", "coordinates": [73.830514, 15.500748]}, "properties": {"feature_type": "node", "node_id": 48, "degree": 4, "type": "intersection", "betweenness": 0.0210218852950902, "is_critical": false, "is_articulation": false}}, {"type": "Feature", "geometry": {"type": "Point", "coordinates": [73.83064, 15.500722]}, "properties": {"feature_type": "node", "node_id": 49, "degree": 6, "type": "intersection", "betweenness": 0.026092121538706478, "is_critical": false, "is_articulation": true}}, {"type": "Feature", "geometry": {"type": "Point", "coordinates": [73.827899, 15.500707]}, "properties": {"feature_type": "node", "node_id": 50, "degree": 3, "type": "intersection", "betweenness": 0.13515118856624986, "is_critical": false, "is_articulation": false}}, {"type": "Feature", "geometry": {"type": "Point", "coordinates": [73.828067, 15.500695]}, "properties": {"feature_type": "node", "node_id": 51, "degree": 4, "type": "intersection", "betweenness": 0.14043574639021225, "is_critical": true, "is_articulation": true}}, {"type": "Feature", "geometry": {"type": "Point", "coordinates": [73.830738, 15.500682]}, "properties": {"feature_type": "node", "node_id": 52, "degree": 3, "type": "intersection", "betweenness": 0.02824146081589164, "is_critical": false, "is_articulation": false}}, {"type": "Feature", "geometry": {"type": "Point", "coordinates": [73.823145, 15.500669]}, "properties": {"feature_type": "node", "node_id": 53, "degree": 3, "type": "intersection", "betweenness": 0.01118146302034218, "is_critical": false, "is_articulation": true}}, {"type": "Feature", "geometry": {"type": "Point", "coordinates": [73.826207, 15.500671]}, "properties": {"feature_type": "node", "node_id": 54, "degree": 3, "type": "intersection", "betweenness": 0.09994121465224794, "is_critical": false, "is_articulation": true}}, {"type": "Feature", "geometry": {"type": "Point", "coordinates": [73.822963, 15.500627]}, "properties": {"feature_type": "node", "node_id": 55, "degree": 1, "type": "endpoint", "betweenness": 0.0, "is_critical": false, "is_articulation": false}}, {"type": "Feature", "geometry": {"type": "Point", "coordinates": [73.829578, 15.500621]}, "properties": {"feature_type": "node", "node_id": 56, "degree": 3, "type": "intersection", "betweenness": 0.14941888234357587, "is_critical": true, "is_articulation": false}}, {"type": "Feature", "geometry": {"type": "Point", "coordinates": [73.827564, 15.500584]}, "properties": {"feature_type": "node", "node_id": 57, "degree": 4, "type": "intersection", "betweenness": 0.1308647569593279, "is_critical": false, "is_articulation": false}}, {"type": "Feature", "geometry": {"type": "Point", "coordinates": [73.828823, 15.500604]}, "properties": {"feature_type": "node", "node_id": 58, "degree": 3, "type": "intersection", "betweenness": 0.14666331916769745, "is_critical": true, "is_articulation": false}}, {"type": "Feature", "geometry": {"type": "Point", "coordinates": [73.830836, 15.500601]}, "properties": {"feature_type": "node", "node_id": 59, "degree": 3, "type": "intersection", "betweenness": 0.19177495009368917, "is_critical": true, "is_articulation": false}}, {"type": "Feature", "geometry": {"type": "Point", "coordinates": [73.827019, 15.500554]}, "properties": {"feature_type": "node", "node_id": 60, "degree": 3, "type": "intersection", "betweenness": 0.003159712441673913, "is_critical": false, "is_articulation": false}}, {"type": "Feature", "geometry": {"type": "Point", "coordinates": [73.829131, 15.500538]}, "properties": {"feature_type": "node", "node_id": 61, "degree": 3, "type": "intersection", "betweenness": 0.15151311035724346, "is_critical": true, "is_articulation": false}}, {"type": "Feature", "geometry": {"type": "Point", "coordinates": [73.827187, 15.5005]}, "properties": {"feature_type": "node", "node_id": 62, "degree": 3, "type": "intersection", "betweenness": 0.11605207402055039, "is_critical": false, "is_articulation": false}}, {"type": "Feature", "geometry": {"type": "Point", "coordinates": [73.823944, 15.500388]}, "properties": {"feature_type": "node", "node_id": 64, "degree": 3, "type": "intersection", "betweenness": 0.014482015357672101, "is_critical": false, "is_articulation": false}}, {"type": "Feature", "geometry": {"type": "Point", "coordinates": [73.827006, 15.500404]}, "properties": {"feature_type": "node", "node_id": 65, "degree": 3, "type": "intersection", "betweenness": 0.11777277013704335, "is_critical": false, "is_articulation": false}}, {"type": "Feature", "geometry": {"type": "Point", "coordinates": [73.830585, 15.50041]}, "properties": {"feature_type": "node", "node_id": 66, "degree": 3, "type": "intersection", "betweenness": 0.2305794030837814, "is_critical": true, "is_articulation": false}}, {"type": "Feature", "geometry": {"type": "Point", "coordinates": [73.830054, 15.50038]}, "properties": {"feature_type": "node", "node_id": 67, "degree": 3, "type": "intersection", "betweenness": 0.23293081699386428, "is_critical": true, "is_articulation": false}}, {"type": "Feature", "geometry": {"type": "Point", "coordinates": [73.825636, 15.500316]}, "properties": {"feature_type": "node", "node_id": 69, "degree": 3, "type": "intersection", "betweenness": 0.1048951048951049, "is_critical": false, "is_articulation": false}}, {"type": "Feature", "geometry": {"type": "Point", "coordinates": [73.823203, 15.500262]}, "properties": {"feature_type": "node", "node_id": 70, "degree": 4, "type": "intersection", "betweenness": 0.006092856355553378, "is_critical": false, "is_articulation": true}}, {"type": "Feature", "geometry": {"type": "Point", "coordinates": [73.828014, 15.50022]}, "properties": {"feature_type": "node", "node_id": 71, "degree": 3, "type": "intersection", "betweenness": 0.0055784845627227415, "is_critical": false, "is_articulation": false}}, {"type": "Feature", "geometry": {"type": "Point", "coordinates": [73.822938, 15.500193]}, "properties": {"feature_type": "node", "node_id": 72, "degree": 1, "type": "endpoint", "betweenness": 0.0, "is_critical": false, "is_articulation": false}}, {"type": "Feature", "geometry": {"type": "Point", "coordinates": [73.831775, 15.500199]}, "properties": {"feature_type": "node", "node_id": 73, "degree": 3, "type": "intersection", "betweenness": 0.18716397437938595, "is_critical": true, "is_articulation": false}}, {"type": "Feature", "geometry": {"type": "Point", "coordinates": [73.828769, 15.500143]}, "properties": {"feature_type": "node", "node_id": 74, "degree": 3, "type": "intersection", "betweenness": 0.0067296976228675, "is_critical": false, "is_articulation": true}}, {"type": "Feature", "geometry": {"type": "Point", "coordinates": [73.829888, 15.500148]}, "properties": {"feature_type": "node", "node_id": 75, "degree": 3, "type": "intersection", "betweenness": 0.0952628807269788, "is_critical": false, "is_articulation": false}}, {"type": "Feature", "geometry": {"type": "Point", "coordinates": [73.826728, 15.500105]}, "properties": {"feature_type": "node", "node_id": 76, "degree": 4, "type": "intersection", "betweenness": 0.14654697316693815, "is_critical": true, "is_articulation": false}}, {"type": "Feature", "geometry": {"type": "Point", "coordinates": [73.827497, 15.500068]}, "properties": {"feature_type": "node", "node_id": 78, "degree": 4, "type": "intersection", "betweenness": 0.014396286725533662, "is_critical": false, "is_articulation": true}}, {"type": "Feature", "geometry": {"type": "Point", "coordinates": [73.827693, 15.500028]}, "properties": {"feature_type": "node", "node_id": 81, "degree": 1, "type": "endpoint", "betweenness": 0.0, "is_critical": false, "is_articulation": false}}, {"type": "Feature", "geometry": {"type": "Point", "coordinates": [73.831651, 15.499927]}, "properties": {"feature_type": "node", "node_id": 85, "degree": 4, "type": "intersection", "betweenness": 0.07161402520421785, "is_critical": false, "is_articulation": false}}, {"type": "Feature", "geometry": {"type": "Point", "coordinates": [73.832812, 15.499893]}, "properties": {"feature_type": "node", "node_id": 86, "degree": 4, "type": "intersection", "betweenness": 0.2364456909115403, "is_critical": true, "is_articulation": false}}, {"type": "Feature", "geometry": {"type": "Point", "coordinates": [73.832923, 15.49992]}, "properties": {"feature_type": "node", "node_id": 87, "degree": 3, "type": "intersection", "betweenness": 0.0604019448152548, "is_critical": false, "is_articulation": false}}, {"type": "Feature", "geometry": {"type": "Point", "coordinates": [73.832993, 15.499907]}, "properties": {"feature_type": "node", "node_id": 88, "degree": 3, "type": "intersection", "betweenness": 0.058999669332418896, "is_critical": false, "is_articulation": false}}, {"type": "Feature", "geometry": {"type": "Point", "coordinates": [73.833077, 15.499894]}, "properties": {"feature_type": "node", "node_id": 89, "degree": 3, "type": "intersection", "betweenness": 0.057854579745998315, "is_critical": false, "is_articulation": false}}, {"type": "Feature", "geometry": {"type": "Point", "coordinates": [73.833147, 15.499881]}, "properties": {"feature_type": "node", "node_id": 90, "degree": 3, "type": "intersection", "betweenness": 0.056781951265313796, "is_critical": false, "is_articulation": false}}, {"type": "Feature", "geometry": {"type": "Point", "coordinates": [73.827009, 15.499835]}, "properties": {"feature_type": "node", "node_id": 91, "degree": 3, "type": "intersection", "betweenness": 0.03225845957894995, "is_critical": false, "is_articulation": false}}, {"type": "Feature", "geometry": {"type": "Point", "coordinates": [73.83291, 15.499853]}, "properties": {"feature_type": "node", "node_id": 92, "degree": 3, "type": "intersection", "betweenness": 0.16140864389550905, "is_critical": true, "is_articulation": false}}, {"type": "Feature", "geometry": {"type": "Point", "coordinates": [73.833231, 15.499868]}, "properties": {"feature_type": "node", "node_id": 93, "degree": 3, "type": "intersection", "betweenness": 0.055684828889732564, "is_critical": false, "is_articulation": false}}, {"type": "Feature", "geometry": {"type": "Point", "coordinates": [73.842012, 15.499914]}, "properties": {"feature_type": "node", "node_id": 94, "degree": 1, "type": "endpoint", "betweenness": 0.0, "is_critical": false, "is_articulation": false}}, {"type": "Feature", "geometry": {"type": "Point", "coordinates": [73.824171, 15.499806]}, "properties": {"feature_type": "node", "node_id": 95, "degree": 3, "type": "intersection", "betweenness": 0.021089243506056118, "is_critical": false, "is_articulation": false}}, {"type": "Feature", "geometry": {"type": "Point", "coordinates": [73.83298, 15.499839]}, "properties": {"feature_type": "node", "node_id": 96, "degree": 3, "type": "intersection", "betweenness": 0.1600431092550182, "is_critical": true, "is_articulation": false}}, {"type": "Feature", "geometry": {"type": "Point", "coordinates": [73.833301, 15.499855]}, "properties": {"feature_type": "node", "node_id": 97, "degree": 3, "type": "intersection", "betweenness": 0.05465200298825518, "is_critical": false, "is_articulation": false}}, {"type": "Feature", "geometry": {"type": "Point", "coordinates": [73.833064, 15.499826]}, "properties": {"feature_type": "node", "node_id": 98, "degree": 3, "type": "intersection", "betweenness": 0.15894190456362087, "is_critical": true, "is_articulation": false}}, {"type": "Feature", "geometry": {"type": "Point", "coordinates": [73.833371, 15.499841]}, "properties": {"feature_type": "node", "node_id": 99, "degree": 3, "type": "intersection", "betweenness": 0.05358651856024886, "is_critical": false, "is_articulation": false}}, {"type": "Feature", "geometry": {"type": "Point", "coordinates": [73.833134, 15.499813]}, "properties": {"feature_type": "node", "node_id": 100, "degree": 3, "type": "intersection", "betweenness": 0.15785907029339605, "is_critical": true, "is_articulation": false}}, {"type": "Feature", "geometry": {"type": "Point", "coordinates": [73.833455, 15.499828]}, "properties": {"feature_type": "node", "node_id": 101, "degree": 3, "type": "intersection", "betweenness": 0.05128409243995934, "is_critical": false, "is_articulation": false}}, {"type": "Feature", "geometry": {"type": "Point", "coordinates": [73.833218, 15.4998]}, "properties": {"feature_type": "node", "node_id": 102, "degree": 3, "type": "intersection", "betweenness": 0.15674868039141246, "is_critical": true, "is_articulation": false}}, {"type": "Feature", "geometry": {"type": "Point", "coordinates": [73.833525, 15.499815]}, "properties": {"feature_type": "node", "node_id": 103, "degree": 3, "type": "intersection", "betweenness": 0.05029821317036729, "is_critical": false, "is_articulation": false}}, {"type": "Feature", "geometry": {"type": "Point", "coordinates": [73.833288, 15.499787]}, "properties": {"feature_type": "node", "node_id": 104, "degree": 3, "type": "intersection", "betweenness": 0.15565257859478526, "is_critical": true, "is_articulation": false}}, {"type": "Feature", "geometry": {"type": "Point", "coordinates": [73.833609, 15.499802]}, "properties": {"feature_type": "node", "node_id": 105, "degree": 3, "type": "intersection", "betweenness": 0.04908576537298079, "is_critical": false, "is_articulation": false}}, {"type": "Feature", "geometry": {"type": "Point", "coordinates": [73.832001, 15.499766]}, "properties": {"feature_type": "node", "node_id": 106, "degree": 3, "type": "intersection", "betweenness": 0.06526398295224915, "is_critical": false, "is_articulation": false}}, {"type": "Feature", "geometry": {"type": "Point", "coordinates": [73.833372, 15.499774]}, "properties": {"feature_type": "node", "node_id": 107, "degree": 3, "type": "intersection", "betweenness": 0.1558852705963039, "is_critical": true, "is_articulation": false}}, {"type": "Feature", "geometry": {"type": "Point", "coordinates": [73.833679, 15.499789]}, "properties": {"feature_type": "node", "node_id": 108, "degree": 3, "type": "intersection", "betweenness": 0.04811213305083708, "is_critical": false, "is_articulation": false}}, {"type": "Feature", "geometry": {"type": "Point", "coordinates": [73.833442, 15.49976]}, "properties": {"feature_type": "node", "node_id": 109, "degree": 3, "type": "intersection", "betweenness": 0.1548565270106426, "is_critical": true, "is_articulation": false}}, {"type": "Feature", "geometry": {"type": "Point", "coordinates": [73.833763, 15.499776]}, "properties": {"feature_type": "node", "node_id": 110, "degree": 3, "type": "intersection", "betweenness": 0.04695479651696815, "is_critical": false, "is_articulation": false}}, {"type": "Feature", "geometry": {"type": "Point", "coordinates": [73.828702, 15.499735]}, "properties": {"feature_type": "node", "node_id": 111, "degree": 1, "type": "endpoint", "betweenness": 0.0, "is_critical": false, "is_articulation": false}}, {"type": "Feature", "geometry": {"type": "Point", "coordinates": [73.833526, 15.499747]}, "properties": {"feature_type": "node", "node_id": 112, "degree": 3, "type": "intersection", "betweenness": 0.1541400805849142, "is_critical": true, "is_articulation": false}}, {"type": "Feature", "geometry": {"type": "Point", "coordinates": [73.833833, 15.499763]}, "properties": {"feature_type": "node", "node_id": 113, "degree": 3, "type": "intersection", "betweenness": 0.046201609248894715, "is_critical": false, "is_articulation": false}}, {"type": "Feature", "geometry": {"type": "Point", "coordinates": [73.833596, 15.499734]}, "properties": {"feature_type": "node", "node_id": 114, "degree": 3, "type": "intersection", "betweenness": 0.15317257173649468, "is_critical": true, "is_articulation": false}}, {"type": "Feature", "geometry": {"type": "Point", "coordinates": [73.833917, 15.499749]}, "properties": {"feature_type": "node", "node_id": 115, "degree": 3, "type": "intersection", "betweenness": 0.04546066892826963, "is_critical": false, "is_articulation": false}}, {"type": "Feature", "geometry": {"type": "Point", "coordinates": [73.83368, 15.499721]}, "properties": {"feature_type": "node", "node_id": 116, "degree": 3, "type": "intersection", "betweenness": 0.15241938446842127, "is_critical": true, "is_articulation": false}}, {"type": "Feature", "geometry": {"type": "Point", "coordinates": [73.833987, 15.499736]}, "properties": {"feature_type": "node", "node_id": 117, "degree": 3, "type": "intersection", "betweenness": 0.04472585208136872, "is_critical": false, "is_articulation": false}}, {"type": "Feature", "geometry": {"type": "Point", "coordinates": [73.827415, 15.499688]}, "properties": {"feature_type": "node", "node_id": 118, "degree": 3, "type": "intersection", "betweenness": 0.011114104809376264, "is_critical": false, "is_articulation": false}}, {"type": "Feature", "geometry": {"type": "Point", "coordinates": [73.832813, 15.499703]}, "properties": {"feature_type": "node", "node_id": 119, "degree": 3, "type": "intersection", "betweenness": 0.12183263321617087, "is_critical": false, "is_articulation": false}}, {"type": "Feature", "geometry": {"type": "Point", "coordinates": [73.83375, 15.499708]}, "properties": {"feature_type": "node", "node_id": 120, "degree": 3, "type": "intersection", "betweenness": 0.1515559746733127, "is_critical": true, "is_articulation": false}}, {"type": "Feature", "geometry": {"type": "Point", "coordinates": [73.834071, 15.499723]}, "properties": {"feature_type": "node", "node_id": 121, "degree": 3, "type": "intersection", "betweenness": 0.044107381235227124, "is_critical": false, "is_articulation": false}}, {"type": "Feature", "geometry": {"type": "Point", "coordinates": [73.83382, 15.499695]}, "properties": {"feature_type": "node", "node_id": 122, "degree": 3, "type": "intersection", "betweenness": 0.15070481182565246, "is_critical": true, "is_articulation": false}}, {"type": "Feature", "geometry": {"type": "Point", "coordinates": [73.834141, 15.49971]}, "properties": {"feature_type": "node", "node_id": 123, "degree": 3, "type": "intersection", "betweenness": 0.04330520617736029, "is_critical": false, "is_articulation": false}}, {"type": "Feature", "geometry": {"type": "Point", "coordinates": [73.823333, 15.499639]}, "properties": {"feature_type": "node", "node_id": 124, "degree": 4, "type": "intersection", "betweenness": 0.00587853477520728, "is_critical": false, "is_articulation": true}}, {"type": "Feature", "geometry": {"type": "Point", "coordinates": [73.828842, 15.499668]}, "properties": {"feature_type": "node", "node_id": 125, "degree": 1, "type": "endpoint", "betweenness": 0.0, "is_critical": false, "is_articulation": false}}, {"type": "Feature", "geometry": {"type": "Point", "coordinates": [73.833904, 15.499682]}, "properties": {"feature_type": "node", "node_id": 126, "degree": 3, "type": "intersection", "betweenness": 0.14984140203054389, "is_critical": true, "is_articulation": false}}, {"type": "Feature", "geometry": {"type": "Point", "coordinates": [73.834225, 15.499697]}, "properties": {"feature_type": "node", "node_id": 127, "degree": 3, "type": "intersection", "betweenness": 0.04190905416824857, "is_critical": false, "is_articulation": false}}, {"type": "Feature", "geometry": {"type": "Point", "coordinates": [73.83231, 15.49966]}, "properties": {"feature_type": "node", "node_id": 129, "degree": 3, "type": "intersection", "betweenness": 0.10620552827207819, "is_critical": false, "is_articulation": false}}, {"type": "Feature", "geometry": {"type": "Point", "coordinates": [73.833974, 15.499668]}, "properties": {"feature_type": "node", "node_id": 130, "degree": 3, "type": "intersection", "betweenness": 0.1489596218142628, "is_critical": true, "is_articulation": false}}, {"type": "Feature", "geometry": {"type": "Point", "coordinates": [73.834295, 15.499684]}, "properties": {"feature_type": "node", "node_id": 131, "degree": 3, "type": "intersection", "betweenness": 0.04109463216293339, "is_critical": false, "is_articulation": false}}, {"type": "Feature", "geometry": {"type": "Point", "coordinates": [73.834058, 15.499655]}, "properties": {"feature_type": "node", "node_id": 132, "degree": 3, "type": "intersection", "betweenness": 0.14806559465053337, "is_critical": true, "is_articulation": false}}, {"type": "Feature", "geometry": {"type": "Point", "coordinates": [73.834379, 15.499671]}, "properties": {"feature_type": "node", "node_id": 133, "degree": 3, "type": "intersection", "betweenness": 0.040133246788238035, "is_critical": false, "is_articulation": false}}, {"type": "Feature", "geometry": {"type": "Point", "coordinates": [73.829052, 15.499615]}, "properties": {"feature_type": "node", "node_id": 134, "degree": 3, "type": "intersection", "betweenness": 0.010924277123926861, "is_critical": false, "is_articulation": true}}, {"type": "Feature", "geometry": {"type": "Point", "coordinates": [73.83245, 15.499647]}, "properties": {"feature_type": "node", "node_id": 135, "degree": 3, "type": "intersection", "betweenness": 0.10586261374352443, "is_critical": false, "is_articulation": false}}, {"type": "Feature", "geometry": {"type": "Point", "coordinates": [73.834141, 15.499642]}, "properties": {"feature_type": "node", "node_id": 136, "degree": 3, "type": "intersection", "betweenness": 0.14786964349135978, "is_critical": true, "is_articulation": false}}, {"type": "Feature", "geometry": {"type": "Point", "coordinates": [73.834463, 15.499657]}, "properties": {"feature_type": "node", "node_id": 137, "degree": 3, "type": "intersection", "betweenness": 0.03951477594209643, "is_critical": false, "is_articulation": false}}, {"type": "Feature", "geometry": {"type": "Point", "coordinates": [73.834211, 15.499629]}, "properties": {"feature_type": "node", "node_id": 138, "degree": 3, "type": "intersection", "betweenness": 0.14706134495976877, "is_critical": true, "is_articulation": false}}, {"type": "Feature", "geometry": {"type": "Point", "coordinates": [73.834533, 15.499644]}, "properties": {"feature_type": "node", "node_id": 139, "degree": 3, "type": "intersection", "betweenness": 0.03863299572581534, "is_critical": false, "is_articulation": false}}, {"type": "Feature", "geometry": {"type": "Point", "coordinates": [73.82722, 15.499592]}, "properties": {"feature_type": "node", "node_id": 140, "degree": 3, "type": "intersection", "betweenness": 0.037255214137876136, "is_critical": false, "is_articulation": false}}, {"type": "Feature", "geometry": {"type": "Point", "coordinates": [73.834295, 15.499616]}, "properties": {"feature_type": "node", "node_id": 141, "degree": 3, "type": "intersection", "betweenness": 0.1462714168493503, "is_critical": true, "is_articulation": false}}, {"type": "Feature", "geometry": {"type": "Point", "coordinates": [73.834617, 15.499631]}, "properties": {"feature_type": "node", "node_id": 142, "degree": 3, "type": "intersection", "betweenness": 0.037702227719740855, "is_critical": false, "is_articulation": false}}, {"type": "Feature", "geometry": {"type": "Point", "coordinates": [73.834365, 15.499603]}, "properties": {"feature_type": "node", "node_id": 143, "degree": 3, "type": "intersection", "betweenness": 0.1454386244228626, "is_critical": true, "is_articulation": false}}, {"type": "Feature", "geometry": {"type": "Point", "coordinates": [73.834687, 15.499618]}, "properties": {"feature_type": "node", "node_id": 144, "degree": 3, "type": "intersection", "betweenness": 0.03677758318739054, "is_critical": false, "is_articulation": false}}, {"type": "Feature", "geometry": {"type": "Point", "coordinates": [73.82297, 15.499542]}, "properties": {"feature_type": "node", "node_id": 145, "degree": 1, "type": "endpoint", "betweenness": 0.0, "is_critical": false, "is_articulation": false}}, {"type": "Feature", "geometry": {"type": "Point", "coordinates": [73.829304, 15.499576]}, "properties": {"feature_type": "node", "node_id": 146, "degree": 3, "type": "intersection", "betweenness": 0.10107405729122017, "is_critical": false, "is_articulation": false}}, {"type": "Feature", "geometry": {"type": "Point", "coordinates": [73.834449, 15.49959]}, "properties": {"feature_type": "node", "node_id": 147, "degree": 3, "type": "intersection", "betweenness": 0.14445886862699472, "is_critical": true, "is_articulation": false}}, {"type": "Feature", "geometry": {"type": "Point", "coordinates": [73.834771, 15.499605]}, "properties": {"feature_type": "node", "node_id": 148, "degree": 3, "type": "intersection", "betweenness": 0.03641629823766426, "is_critical": false, "is_articulation": false}}, {"type": "Feature", "geometry": {"type": "Point", "coordinates": [73.82613, 15.499546]}, "properties": {"feature_type": "node", "node_id": 149, "degree": 3, "type": "intersection", "betweenness": 0.0505798929616793, "is_critical": false, "is_articulation": false}}, {"type": "Feature", "geometry": {"type": "Point", "coordinates": [73.834533, 15.499576]}, "properties": {"feature_type": "node", "node_id": 151, "degree": 3, "type": "intersection", "betweenness": 0.14363219967423121, "is_critical": true, "is_articulation": false}}, {"type": "Feature", "geometry": {"type": "Point", "coordinates": [73.834841, 15.499592]}, "properties": {"feature_type": "node", "node_id": 152, "degree": 3, "type": "intersection", "betweenness": 0.03545491286296891, "is_critical": false, "is_articulation": false}}, {"type": "Feature", "geometry": {"type": "Point", "coordinates": [73.828689, 15.499546]}, "properties": {"feature_type": "node", "node_id": 153, "degree": 1, "type": "endpoint", "betweenness": 0.0, "is_critical": false, "is_articulation": false}}, {"type": "Feature", "geometry": {"type": "Point", "coordinates": [73.834603, 15.499563]}, "properties": {"feature_type": "node", "node_id": 154, "degree": 3, "type": "intersection", "betweenness": 0.14273204903677758, "is_critical": true, "is_articulation": false}}, {"type": "Feature", "geometry": {"type": "Point", "coordinates": [73.834925, 15.499578]}, "properties": {"feature_type": "node", "node_id": 155, "degree": 3, "type": "intersection", "betweenness": 0.0343266628292898, "is_critical": false, "is_articulation": false}}, {"type": "Feature", "geometry": {"type": "Point", "coordinates": [73.834687, 15.49955]}, "properties": {"feature_type": "node", "node_id": 156, "degree": 3, "type": "intersection", "betweenness": 0.14170942892484048, "is_critical": true, "is_articulation": false}}, {"type": "Feature", "geometry": {"type": "Point", "coordinates": [73.834995, 15.499565]}, "properties": {"feature_type": "node", "node_id": 157, "degree": 3, "type": "intersection", "betweenness": 0.03330098098049061, "is_critical": false, "is_articulation": false}}, {"type": "Feature", "geometry": {"type": "Point", "coordinates": [73.82613, 15.499491]}, "properties": {"feature_type": "node", "node_id": 158, "degree": 3, "type": "intersection", "betweenness": 0.05612776015578117, "is_critical": false, "is_articulation": false}}, {"type": "Feature", "geometry": {"type": "Point", "coordinates": [73.834757, 15.499537]}, "properties": {"feature_type": "node", "node_id": 159, "degree": 3, "type": "intersection", "betweenness": 0.14076641397131764, "is_critical": true, "is_articulation": false}}, {"type": "Feature", "geometry": {"type": "Point", "coordinates": [73.835079, 15.499552]}, "properties": {"feature_type": "node", "node_id": 160, "degree": 3, "type": "intersection", "betweenness": 0.03221559526288073, "is_critical": false, "is_articulation": false}}, {"type": "Feature", "geometry": {"type": "Point", "coordinates": [73.836883, 15.499548]}, "properties": {"feature_type": "node", "node_id": 161, "degree": 4, "type": "intersection", "betweenness": 0.0049661371903053165, "is_critical": false, "is_articulation": true}}, {"type": "Feature", "geometry": {"type": "Point", "coordinates": [73.834841, 15.499524]}, "properties": {"feature_type": "node", "node_id": 162, "degree": 3, "type": "intersection", "betweenness": 0.13919880469792906, "is_critical": true, "is_articulation": false}}, {"type": "Feature", "geometry": {"type": "Point", "coordinates": [73.835149, 15.499539]}, "properties": {"feature_type": "node", "node_id": 163, "degree": 3, "type": "intersection", "betweenness": 0.03130319767797877, "is_critical": false, "is_articulation": false}}, {"type": "Feature", "geometry": {"type": "Point", "coordinates": [73.834925, 15.499511]}, "properties": {"feature_type": "node", "node_id": 164, "degree": 3, "type": "intersection", "betweenness": 0.138248135402251, "is_critical": true, "is_articulation": false}}, {"type": "Feature", "geometry": {"type": "Point", "coordinates": [73.835233, 15.499526]}, "properties": {"feature_type": "node", "node_id": 165, "degree": 3, "type": "intersection", "betweenness": 0.030378553145628453, "is_critical": false, "is_articulation": false}}, {"type": "Feature", "geometry": {"type": "Point", "coordinates": [73.836757, 15.499534]}, "properties": {"feature_type": "node", "node_id": 166, "degree": 3, "type": "intersection", "betweenness": 0.0053825334035491655, "is_critical": false, "is_articulation": false}}, {"type": "Feature", "geometry": {"type": "Point", "coordinates": [73.837149, 15.499482]}, "properties": {"feature_type": "node", "node_id": 167, "degree": 9, "type": "intersection", "betweenness": 0.05294967729293474, "is_critical": false, "is_articulation": true}}, {"type": "Feature", "geometry": {"type": "Point", "coordinates": [73.834995, 15.499497]}, "properties": {"feature_type": "node", "node_id": 168, "degree": 3, "type": "intersection", "betweenness": 0.13733267608048694, "is_critical": false, "is_articulation": false}}, {"type": "Feature", "geometry": {"type": "Point", "coordinates": [73.835317, 15.499513]}, "properties": {"feature_type": "node", "node_id": 169, "degree": 3, "type": "intersection", "betweenness": 0.03133993852032381, "is_critical": false, "is_articulation": false}}, {"type": "Feature", "geometry": {"type": "Point", "coordinates": [73.836673, 15.49952]}, "properties": {"feature_type": "node", "node_id": 170, "degree": 3, "type": "intersection", "betweenness": 0.007616070444441723, "is_critical": false, "is_articulation": false}}, {"type": "Feature", "geometry": {"type": "Point", "coordinates": [73.827263, 15.499443]}, "properties": {"feature_type": "node", "node_id": 171, "degree": 3, "type": "intersection", "betweenness": 0.03846766193526264, "is_critical": false, "is_articulation": false}}, {"type": "Feature", "geometry": {"type": "Point", "coordinates": [73.835079, 15.499484]}, "properties": {"feature_type": "node", "node_id": 172, "degree": 3, "type": "intersection", "betweenness": 0.13636975983736055, "is_critical": false, "is_articulation": false}}, {"type": "Feature", "geometry": {"type": "Point", "coordinates": [73.835415, 15.4995]}, "properties": {"feature_type": "node", "node_id": 173, "degree": 3, "type": "intersection", "betweenness": 0.03228907694757082, "is_critical": false, "is_articulation": false}}, {"type": "Feature", "geometry": {"type": "Point", "coordinates": [73.836603, 15.499506]}, "properties": {"feature_type": "node", "node_id": 174, "degree": 3, "type": "intersection", "betweenness": 0.009528125114815133, "is_critical": false, "is_articulation": false}}, {"type": "Feature", "geometry": {"type": "Point", "coordinates": [73.835149, 15.499471]}, "properties": {"feature_type": "node", "node_id": 175, "degree": 3, "type": "intersection", "betweenness": 0.13536551014659598, "is_critical": false, "is_articulation": false}}, {"type": "Feature", "geometry": {"type": "Point", "coordinates": [73.835499, 15.499487]}, "properties": {"feature_type": "node", "node_id": 176, "degree": 3, "type": "intersection", "betweenness": 0.03458180756779721, "is_critical": false, "is_articulation": false}}, {"type": "Feature", "geometry": {"type": "Point", "coordinates": [73.836533, 15.499492]}, "properties": {"feature_type": "node", "node_id": 177, "degree": 3, "type": "intersection", "betweenness": 0.011310055968549839, "is_critical": false, "is_articulation": false}}, {"type": "Feature", "geometry": {"type": "Point", "coordinates": [73.835233, 15.499458]}, "properties": {"feature_type": "node", "node_id": 178, "degree": 3, "type": "intersection", "betweenness": 0.134171432770382, "is_critical": false, "is_articulation": false}}, {"type": "Feature", "geometry": {"type": "Point", "coordinates": [73.835583, 15.499473]}, "properties": {"feature_type": "node", "node_id": 179, "degree": 3, "type": "intersection", "betweenness": 0.035348772651749724, "is_critical": false, "is_articulation": false}}, {"type": "Feature", "geometry": {"type": "Point", "coordinates": [73.836464, 15.499478]}, "properties": {"feature_type": "node", "node_id": 180, "degree": 3, "type": "intersection", "betweenness": 0.013349172718699865, "is_critical": false, "is_articulation": false}}, {"type": "Feature", "geometry": {"type": "Point", "coordinates": [73.835317, 15.499445]}, "properties": {"feature_type": "node", "node_id": 181, "degree": 3, "type": "intersection", "betweenness": 0.13294061455182296, "is_critical": false, "is_articulation": false}}, {"type": "Feature", "geometry": {"type": "Point", "coordinates": [73.835681, 15.49946]}, "properties": {"feature_type": "node", "node_id": 182, "degree": 3, "type": "intersection", "betweenness": 0.035151290624145265, "is_critical": false, "is_articulation": false}}, {"type": "Feature", "geometry": {"type": "Point", "coordinates": [73.836366, 15.499464]}, "properties": {"feature_type": "node", "node_id": 183, "degree": 3, "type": "intersection", "betweenness": 0.01530256083671145, "is_critical": false, "is_articulation": false}}, {"type": "Feature", "geometry": {"type": "Point", "coordinates": [73.836673, 15.499452]}, "properties": {"feature_type": "node", "node_id": 184, "degree": 3, "type": "intersection", "betweenness": 0.05449891614515082, "is_critical": false, "is_articulation": false}}, {"type": "Feature", "geometry": {"type": "Point", "coordinates": [73.836757, 15.499453]}, "properties": {"feature_type": "node", "node_id": 185, "degree": 3, "type": "intersection", "betweenness": 0.053690617613559824, "is_critical": false, "is_articulation": false}}, {"type": "Feature", "geometry": {"type": "Point", "coordinates": [73.836897, 15.499453]}, "properties": {"feature_type": "node", "node_id": 186, "degree": 4, "type": "intersection", "betweenness": 0.055074522675223204, "is_critical": false, "is_articulation": false}}, {"type": "Feature", "geometry": {"type": "Point", "coordinates": [73.835401, 15.499432]}, "properties": {"feature_type": "node", "node_id": 187, "degree": 3, "type": "intersection", "betweenness": 0.12977477863642486, "is_critical": false, "is_articulation": false}}, {"type": "Feature", "geometry": {"type": "Point", "coordinates": [73.835779, 15.499447]}, "properties": {"feature_type": "node", "node_id": 188, "degree": 3, "type": "intersection", "betweenness": 0.0371342755318237, "is_critical": false, "is_articulation": false}}, {"type": "Feature", "geometry": {"type": "Point", "coordinates": [73.836604, 15.499438]}, "properties": {"feature_type": "node", "node_id": 189, "degree": 3, "type": "intersection", "betweenness": 0.056282377867316574, "is_critical": false, "is_articulation": false}}, {"type": "Feature", "geometry": {"type": "Point", "coordinates": [73.827375, 15.499389]}, "properties": {"feature_type": "node", "node_id": 190, "degree": 3, "type": "intersection", "betweenness": 0.042711229226115394, "is_critical": false, "is_articulation": false}}, {"type": "Feature", "geometry": {"type": "Point", "coordinates": [73.835485, 15.499419]}, "properties": {"feature_type": "node", "node_id": 191, "degree": 3, "type": "intersection", "betweenness": 0.12655791377332531, "is_critical": false, "is_articulation": false}}, {"type": "Feature", "geometry": {"type": "Point", "coordinates": [73.835905, 15.499434]}, "properties": {"feature_type": "node", "node_id": 192, "degree": 3, "type": "intersection", "betweenness": 0.03707150992615091, "is_critical": false, "is_articulation": false}}, {"type": "Feature", "geometry": {"type": "Point", "coordinates": [73.836534, 15.499424]}, "properties": {"feature_type": "node", "node_id": 193, "degree": 3, "type": "intersection", "betweenness": 0.05830771680158721, "is_critical": false, "is_articulation": false}}, {"type": "Feature", "geometry": {"type": "Point", "coordinates": [73.837331, 15.499442]}, "properties": {"feature_type": "node", "node_id": 194, "degree": 4, "type": "intersection", "betweenness": 0.04111300258410591, "is_critical": false, "is_articulation": true}}, {"type": "Feature", "geometry": {"type": "Point", "coordinates": [73.835569, 15.499406]}, "properties": {"feature_type": "node", "node_id": 195, "degree": 3, "type": "intersection", "betweenness": 0.1219622467433321, "is_critical": false, "is_articulation": false}}, {"type": "Feature", "geometry": {"type": "Point", "coordinates": [73.836464, 15.49941]}, "properties": {"feature_type": "node", "node_id": 196, "degree": 3, "type": "intersection", "betweenness": 0.06005290681297687, "is_critical": false, "is_articulation": false}}, {"type": "Feature", "geometry": {"type": "Point", "coordinates": [73.837429, 15.499429]}, "properties": {"feature_type": "node", "node_id": 197, "degree": 3, "type": "intersection", "betweenness": 0.038014524879673744, "is_critical": false, "is_articulation": true}}, {"type": "Feature", "geometry": {"type": "Point", "coordinates": [73.835667, 15.499393]}, "properties": {"feature_type": "node", "node_id": 198, "degree": 3, "type": "intersection", "betweenness": 0.11901991761886711, "is_critical": false, "is_articulation": false}}, {"type": "Feature", "geometry": {"type": "Point", "coordinates": [73.836184, 15.499409]}, "properties": {"feature_type": "node", "node_id": 199, "degree": 3, "type": "intersection", "betweenness": 0.14908821476247047, "is_critical": true, "is_articulation": false}}, {"type": "Feature", "geometry": {"type": "Point", "coordinates": [73.836254, 15.499409]}, "properties": {"feature_type": "node", "node_id": 200, "degree": 3, "type": "intersection", "betweenness": 0.14799211296584328, "is_critical": true, "is_articulation": false}}, {"type": "Feature", "geometry": {"type": "Point", "coordinates": [73.835765, 15.49938]}, "properties": {"feature_type": "node", "node_id": 201, "degree": 3, "type": "intersection", "betweenness": 0.11711143497483252, "is_critical": false, "is_articulation": false}}, {"type": "Feature", "geometry": {"type": "Point", "coordinates": [73.835891, 15.499367]}, "properties": {"feature_type": "node", "node_id": 202, "degree": 3, "type": "intersection", "betweenness": 0.11295818892141134, "is_critical": false, "is_articulation": false}}, {"type": "Feature", "geometry": {"type": "Point", "coordinates": [73.836366, 15.499369]}, "properties": {"feature_type": "node", "node_id": 203, "degree": 4, "type": "intersection", "betweenness": 0.13311819528982402, "is_critical": false, "is_articulation": false}}, {"type": "Feature", "geometry": {"type": "Point", "coordinates": [73.832843, 15.499323]}, "properties": {"feature_type": "node", "node_id": 204, "degree": 3, "type": "intersection", "betweenness": 0.006337795304520348, "is_critical": false, "is_articulation": true}}, {"type": "Feature", "geometry": {"type": "Point", "coordinates": [73.837513, 15.499321]}, "properties": {"feature_type": "node", "node_id": 205, "degree": 3, "type": "intersection", "betweenness": 0.03636731044787087, "is_critical": false, "is_articulation": false}}, {"type": "Feature", "geometry": {"type": "Point", "coordinates": [73.822943, 15.499244]}, "properties": {"feature_type": "node", "node_id": 206, "degree": 1, "type": "endpoint", "betweenness": 0.0, "is_critical": false, "is_articulation": false}}, {"type": "Feature", "geometry": {"type": "Point", "coordinates": [73.837639, 15.499254]}, "properties": {"feature_type": "node", "node_id": 207, "degree": 3, "type": "intersection", "betweenness": 0.027286198914920456, "is_critical": false, "is_articulation": false}}, {"type": "Feature", "geometry": {"type": "Point", "coordinates": [73.835248, 15.499241]}, "properties": {"feature_type": "node", "node_id": 208, "degree": 3, "type": "intersection", "betweenness": 0.0034597626541584513, "is_critical": false, "is_articulation": true}}, {"type": "Feature", "geometry": {"type": "Point", "coordinates": [73.83564, 15.49923]}, "properties": {"feature_type": "node", "node_id": 209, "degree": 1, "type": "endpoint", "betweenness": 0.0, "is_critical": false, "is_articulation": false}}, {"type": "Feature", "geometry": {"type": "Point", "coordinates": [73.827908, 15.499148]}, "properties": {"feature_type": "node", "node_id": 210, "degree": 3, "type": "intersection", "betweenness": 0.007850293314391387, "is_critical": false, "is_articulation": false}}, {"type": "Feature", "geometry": {"type": "Point", "coordinates": [73.833207, 15.499163]}, "properties": {"feature_type": "node", "node_id": 211, "degree": 1, "type": "endpoint", "betweenness": 0.0, "is_critical": false, "is_articulation": false}}, {"type": "Feature", "geometry": {"type": "Point", "coordinates": [73.837738, 15.499159]}, "properties": {"feature_type": "node", "node_id": 212, "degree": 6, "type": "intersection", "betweenness": 0.02667385154250303, "is_critical": false, "is_articulation": true}}, {"type": "Feature", "geometry": {"type": "Point", "coordinates": [73.837808, 15.499119]}, "properties": {"feature_type": "node", "node_id": 214, "degree": 7, "type": "intersection", "betweenness": 0.025816565221118637, "is_critical": false, "is_articulation": true}}, {"type": "Feature", "geometry": {"type": "Point", "coordinates": [73.828621, 15.499084]}, "properties": {"feature_type": "node", "node_id": 215, "degree": 3, "type": "intersection", "betweenness": 0.0091790871125372, "is_critical": false, "is_articulation": true}}, {"type": "Feature", "geometry": {"type": "Point", "coordinates": [73.833403, 15.499096]}, "properties": {"feature_type": "node", "node_id": 216, "degree": 1, "type": "endpoint", "betweenness": 0.0, "is_critical": false, "is_articulation": false}}, {"type": "Feature", "geometry": {"type": "Point", "coordinates": [73.83785, 15.499065]}, "properties": {"feature_type": "node", "node_id": 217, "degree": 3, "type": "intersection", "betweenness": 0.006031621618311636, "is_critical": false, "is_articulation": false}}, {"type": "Feature", "geometry": {"type": "Point", "coordinates": [73.831474, 15.499018]}, "properties": {"feature_type": "node", "node_id": 218, "degree": 3, "type": "intersection", "betweenness": 0.008205454790393495, "is_critical": false, "is_articulation": false}}, {"type": "Feature", "geometry": {"type": "Point", "coordinates": [73.837794, 15.499038]}, "properties": {"feature_type": "node", "node_id": 219, "degree": 3, "type": "intersection", "betweenness": 0.010048620381369944, "is_critical": false, "is_articulation": false}}, {"type": "Feature", "geometry": {"type": "Point", "coordinates": [73.824525, 15.49894]}, "properties": {"feature_type": "node", "node_id": 220, "degree": 4, "type": "intersection", "betweenness": 0.03588967949738528, "is_critical": false, "is_articulation": false}}, {"type": "Feature", "geometry": {"type": "Point", "coordinates": [73.83146, 15.498977]}, "properties": {"feature_type": "node", "node_id": 221, "degree": 3, "type": "intersection", "betweenness": 0.010440522699717096, "is_critical": false, "is_articulation": false}}, {"type": "Feature", "geometry": {"type": "Point", "coordinates": [73.838186, 15.498999]}, "properties": {"feature_type": "node", "node_id": 222, "degree": 3, "type": "intersection", "betweenness": 0.012424528186349553, "is_critical": false, "is_articulation": false}}, {"type": "Feature", "geometry": {"type": "Point", "coordinates": [73.826497, 15.498924]}, "properties": {"feature_type": "node", "node_id": 223, "degree": 4, "type": "intersection", "betweenness": 0.02146889887695492, "is_critical": false, "is_articulation": false}}, {"type": "Feature", "geometry": {"type": "Point", "coordinates": [73.831866, 15.498952]}, "properties": {"feature_type": "node", "node_id": 224, "degree": 4, "type": "intersection", "betweenness": 0.00930768006074486, "is_critical": false, "is_articulation": false}}, {"type": "Feature", "geometry": {"type": "Point", "coordinates": [73.838256, 15.498999]}, "properties": {"feature_type": "node", "node_id": 225, "degree": 3, "type": "intersection", "betweenness": 0.009056617638053715, "is_critical": false, "is_articulation": false}}, {"type": "Feature", "geometry": {"type": "Point", "coordinates": [73.83834, 15.499]}, "properties": {"feature_type": "node", "node_id": 226, "degree": 3, "type": "intersection", "betweenness": 0.0034597626541584513, "is_critical": false, "is_articulation": true}}, {"type": "Feature", "geometry": {"type": "Point", "coordinates": [73.832216, 15.498927]}, "properties": {"feature_type": "node", "node_id": 227, "degree": 3, "type": "intersection", "betweenness": 0.04616486840654967, "is_critical": false, "is_articulation": false}}, {"type": "Feature", "geometry": {"type": "Point", "coordinates": [73.833586, 15.498934]}, "properties": {"feature_type": "node", "node_id": 228, "degree": 4, "type": "intersection", "betweenness": 0.21617699288452355, "is_critical": true, "is_articulation": true}}, {"type": "Feature", "geometry": {"type": "Point", "coordinates": [73.834817, 15.498941]}, "properties": {"feature_type": "node", "node_id": 229, "degree": 3, "type": "intersection", "betweenness": 0.006135720671622599, "is_critical": false, "is_articulation": false}}, {"type": "Feature", "geometry": {"type": "Point", "coordinates": [73.832873, 15.498903]}, "properties": {"feature_type": "node", "node_id": 230, "degree": 3, "type": "intersection", "betweenness": 0.011897909446070568, "is_critical": false, "is_articulation": false}}, {"type": "Feature", "geometry": {"type": "Point", "coordinates": [73.837949, 15.49893]}, "properties": {"feature_type": "node", "node_id": 231, "degree": 3, "type": "intersection", "betweenness": 0.015816932629542087, "is_critical": false, "is_articulation": false}}, {"type": "Feature", "geometry": {"type": "Point", "coordinates": [73.838089, 15.498931]}, "properties": {"feature_type": "node", "node_id": 232, "degree": 3, "type": "intersection", "betweenness": 0.012571491555729735, "is_critical": false, "is_articulation": false}}, {"type": "Feature", "geometry": {"type": "Point", "coordinates": [73.838284, 15.498932]}, "properties": {"feature_type": "node", "node_id": 233, "degree": 3, "type": "intersection", "betweenness": 0.0008389159002118722, "is_critical": false, "is_articulation": false}}, {"type": "Feature", "geometry": {"type": "Point", "coordinates": [73.824078, 15.498843]}, "properties": {"feature_type": "node", "node_id": 234, "degree": 3, "type": "intersection", "betweenness": 0.00959548332578105, "is_critical": false, "is_articulation": false}}, {"type": "Feature", "geometry": {"type": "Point", "coordinates": [73.837865, 15.498916]}, "properties": {"feature_type": "node", "node_id": 235, "degree": 3, "type": "intersection", "betweenness": 0.0234467808898632, "is_critical": false, "is_articulation": false}}, {"type": "Feature", "geometry": {"type": "Point", "coordinates": [73.83525, 15.498875]}, "properties": {"feature_type": "node", "node_id": 236, "degree": 4, "type": "intersection", "betweenness": 0.003943517078368217, "is_critical": false, "is_articulation": false}}, {"type": "Feature", "geometry": {"type": "Point", "coordinates": [73.825309, 15.498823]}, "properties": {"feature_type": "node", "node_id": 237, "degree": 3, "type": "intersection", "betweenness": 0.05370286456100817, "is_critical": false, "is_articulation": false}}, {"type": "Feature", "geometry": {"type": "Point", "coordinates": [73.827728, 15.498822]}, "properties": {"feature_type": "node", "node_id": 238, "degree": 3, "type": "intersection", "betweenness": 0.05527047383439678, "is_critical": false, "is_articulation": false}}, {"type": "Feature", "geometry": {"type": "Point", "coordinates": [73.832216, 15.498846]}, "properties": {"feature_type": "node", "node_id": 239, "degree": 3, "type": "intersection", "betweenness": 0.043121501965635065, "is_critical": false, "is_articulation": false}}, {"type": "Feature", "geometry": {"type": "Point", "coordinates": [73.832468, 15.49886]}, "properties": {"feature_type": "node", "node_id": 240, "degree": 3, "type": "intersection", "betweenness": 0.00788091068301226, "is_critical": false, "is_articulation": false}}, {"type": "Feature", "geometry": {"type": "Point", "coordinates": [73.82784, 15.498809]}, "properties": {"feature_type": "node", "node_id": 241, "degree": 4, "type": "intersection", "betweenness": 0.07082409709379937, "is_critical": false, "is_articulation": false}}, {"type": "Feature", "geometry": {"type": "Point", "coordinates": [73.837823, 15.498862]}, "properties": {"feature_type": "node", "node_id": 242, "degree": 3, "type": "intersection", "betweenness": 0.023942782261521318, "is_critical": false, "is_articulation": false}}, {"type": "Feature", "geometry": {"type": "Point", "coordinates": [73.83753, 15.498819]}, "properties": {"feature_type": "node", "node_id": 243, "degree": 4, "type": "intersection", "betweenness": 0.032693226213366317, "is_critical": false, "is_articulation": false}}, {"type": "Feature", "geometry": {"type": "Point", "coordinates": [73.823464, 15.498745]}, "properties": {"feature_type": "node", "node_id": 244, "degree": 3, "type": "intersection", "betweenness": 0.008658591845982389, "is_critical": false, "is_articulation": false}}, {"type": "Feature", "geometry": {"type": "Point", "coordinates": [73.838145, 15.498823]}, "properties": {"feature_type": "node", "node_id": 245, "degree": 3, "type": "intersection", "betweenness": 0.0030556133883629507, "is_critical": false, "is_articulation": false}}, {"type": "Feature", "geometry": {"type": "Point", "coordinates": [73.827659, 15.498727]}, "properties": {"feature_type": "node", "node_id": 246, "degree": 3, "type": "intersection", "betweenness": 0.04520960650557849, "is_critical": false, "is_articulation": false}}, {"type": "Feature", "geometry": {"type": "Point", "coordinates": [73.828609, 15.498732]}, "properties": {"feature_type": "node", "node_id": 247, "degree": 3, "type": "intersection", "betweenness": 0.03389342706330447, "is_critical": false, "is_articulation": false}}, {"type": "Feature", "geometry": {"type": "Point", "coordinates": [73.82524, 15.4987]}, "properties": {"feature_type": "node", "node_id": 248, "degree": 3, "type": "intersection", "betweenness": 0.03705926297870256, "is_critical": false, "is_articulation": false}}, {"type": "Feature", "geometry": {"type": "Point", "coordinates": [73.82784, 15.4987]}, "properties": {"feature_type": "node", "node_id": 249, "degree": 3, "type": "intersection", "betweenness": 0.11052257724762103, "is_critical": false, "is_articulation": false}}, {"type": "Feature", "geometry": {"type": "Point", "coordinates": [73.837195, 15.49875]}, "properties": {"feature_type": "node", "node_id": 250, "degree": 4, "type": "intersection", "betweenness": 0.03151751925832486, "is_critical": false, "is_articulation": false}}, {"type": "Feature", "geometry": {"type": "Point", "coordinates": [73.823031, 15.498661]}, "properties": {"feature_type": "node", "node_id": 251, "degree": 3, "type": "intersection", "betweenness": 0.005168211823203067, "is_critical": false, "is_articulation": true}}, {"type": "Feature", "geometry": {"type": "Point", "coordinates": [73.828903, 15.498706]}, "properties": {"feature_type": "node", "node_id": 252, "degree": 3, "type": "intersection", "betweenness": 0.10830587975946995, "is_critical": false, "is_articulation": false}}, {"type": "Feature", "geometry": {"type": "Point", "coordinates": [73.827813, 15.49866]}, "properties": {"feature_type": "node", "node_id": 254, "degree": 3, "type": "intersection", "betweenness": 0.06554566274356118, "is_critical": false, "is_articulation": false}}, {"type": "Feature", "geometry": {"type": "Point", "coordinates": [73.824625, 15.498602]}, "properties": {"feature_type": "node", "node_id": 255, "degree": 3, "type": "intersection", "betweenness": 0.016435403475683688, "is_critical": false, "is_articulation": false}}, {"type": "Feature", "geometry": {"type": "Point", "coordinates": [73.825995, 15.498623]}, "properties": {"feature_type": "node", "node_id": 256, "degree": 3, "type": "intersection", "betweenness": 0.0163129340012002, "is_critical": false, "is_articulation": false}}, {"type": "Feature", "geometry": {"type": "Point", "coordinates": [73.837545, 15.498657]}, "properties": {"feature_type": "node", "node_id": 257, "degree": 4, "type": "intersection", "betweenness": 0.023973399630142188, "is_critical": false, "is_articulation": false}}, {"type": "Feature", "geometry": {"type": "Point", "coordinates": [73.837838, 15.498672]}, "properties": {"feature_type": "node", "node_id": 258, "degree": 3, "type": "intersection", "betweenness": 0.008144220053151753, "is_critical": false, "is_articulation": false}}, {"type": "Feature", "geometry": {"type": "Point", "coordinates": [73.838118, 15.49866]}, "properties": {"feature_type": "node", "node_id": 259, "degree": 3, "type": "intersection", "betweenness": 0.0021432158034609874, "is_critical": false, "is_articulation": false}}, {"type": "Feature", "geometry": {"type": "Point", "coordinates": [73.837, 15.49864]}, "properties": {"feature_type": "node", "node_id": 260, "degree": 4, "type": "intersection", "betweenness": 0.10281924730260983, "is_critical": false, "is_articulation": false}}, {"type": "Feature", "geometry": {"type": "Point", "coordinates": [73.828848, 15.498584]}, "properties": {"feature_type": "node", "node_id": 261, "degree": 3, "type": "intersection", "betweenness": 0.11990986246678016, "is_critical": false, "is_articulation": false}}, {"type": "Feature", "geometry": {"type": "Point", "coordinates": [73.82889, 15.498584]}, "properties": {"feature_type": "node", "node_id": 262, "degree": 3, "type": "intersection", "betweenness": 0.18065472181058873, "is_critical": true, "is_articulation": false}}, {"type": "Feature", "geometry": {"type": "Point", "coordinates": [73.83721, 15.498614]}, "properties": {"feature_type": "node", "node_id": 263, "degree": 4, "type": "intersection", "betweenness": 0.019821684445152046, "is_critical": false, "is_articulation": false}}, {"type": "Feature", "geometry": {"type": "Point", "coordinates": [73.837979, 15.498618]}, "properties": {"feature_type": "node", "node_id": 264, "degree": 3, "type": "intersection", "betweenness": 0.004819173820925135, "is_critical": false, "is_articulation": false}}, {"type": "Feature", "geometry": {"type": "Point", "coordinates": [73.836958, 15.498599]}, "properties": {"feature_type": "node", "node_id": 265, "degree": 3, "type": "intersection", "betweenness": 0.10479100584179393, "is_critical": false, "is_articulation": false}}, {"type": "Feature", "geometry": {"type": "Point", "coordinates": [73.837112, 15.4986]}, "properties": {"feature_type": "node", "node_id": 266, "degree": 3, "type": "intersection", "betweenness": 0.06559465053335456, "is_critical": false, "is_articulation": false}}, {"type": "Feature", "geometry": {"type": "Point", "coordinates": [73.824234, 15.498505]}, "properties": {"feature_type": "node", "node_id": 267, "degree": 4, "type": "intersection", "betweenness": 0.007035871309076213, "is_critical": false, "is_articulation": false}}, {"type": "Feature", "geometry": {"type": "Point", "coordinates": [73.833113, 15.498566]}, "properties": {"feature_type": "node", "node_id": 268, "degree": 3, "type": "intersection", "betweenness": 0.14214419555925686, "is_critical": true, "is_articulation": false}}, {"type": "Feature", "geometry": {"type": "Point", "coordinates": [73.836748, 15.498544]}, "properties": {"feature_type": "node", "node_id": 269, "degree": 3, "type": "intersection", "betweenness": 0.1273682534628244, "is_critical": false, "is_articulation": false}}, {"type": "Feature", "geometry": {"type": "Point", "coordinates": [73.835784, 15.498512]}, "properties": {"feature_type": "node", "node_id": 270, "degree": 4, "type": "intersection", "betweenness": 0.003374034022020012, "is_critical": false, "is_articulation": false}}, {"type": "Feature", "geometry": {"type": "Point", "coordinates": [73.835239, 15.498509]}, "properties": {"feature_type": "node", "node_id": 271, "degree": 3, "type": "intersection", "betweenness": 0.004580358345682339, "is_critical": false, "is_articulation": false}}, {"type": "Feature", "geometry": {"type": "Point", "coordinates": [73.828821, 15.498475]}, "properties": {"feature_type": "node", "node_id": 272, "degree": 3, "type": "intersection", "betweenness": 0.05737694879551272, "is_critical": false, "is_articulation": false}}, {"type": "Feature", "geometry": {"type": "Point", "coordinates": [73.832526, 15.498495]}, "properties": {"feature_type": "node", "node_id": 273, "degree": 1, "type": "endpoint", "betweenness": 0.0, "is_critical": false, "is_articulation": false}}, {"type": "Feature", "geometry": {"type": "Point", "coordinates": [73.828933, 15.498449]}, "properties": {"feature_type": "node", "node_id": 274, "degree": 3, "type": "intersection", "betweenness": 0.19351401663135465, "is_critical": true, "is_articulation": false}}, {"type": "Feature", "geometry": {"type": "Point", "coordinates": [73.83219, 15.498466]}, "properties": {"feature_type": "node", "node_id": 275, "degree": 3, "type": "intersection", "betweenness": 0.039012651096714146, "is_critical": false, "is_articulation": true}}, {"type": "Feature", "geometry": {"type": "Point", "coordinates": [73.834498, 15.498451]}, "properties": {"feature_type": "node", "node_id": 276, "degree": 3, "type": "intersection", "betweenness": 0.21358676349919783, "is_critical": true, "is_articulation": false}}, {"type": "Feature", "geometry": {"type": "Point", "coordinates": [73.82471, 15.498372]}, "properties": {"feature_type": "node", "node_id": 277, "degree": 3, "type": "intersection", "betweenness": 0.028957907241620028, "is_critical": false, "is_articulation": false}}, {"type": "Feature", "geometry": {"type": "Point", "coordinates": [73.828975, 15.498367]}, "properties": {"feature_type": "node", "node_id": 278, "degree": 3, "type": "intersection", "betweenness": 0.2670508125849632, "is_critical": true, "is_articulation": false}}, {"type": "Feature", "geometry": {"type": "Point", "coordinates": [73.831478, 15.498367]}, "properties": {"feature_type": "node", "node_id": 279, "degree": 3, "type": "intersection", "betweenness": 0.011144722177997135, "is_critical": false, "is_articulation": false}}, {"type": "Feature", "geometry": {"type": "Point", "coordinates": [73.834708, 15.498398]}, "properties": {"feature_type": "node", "node_id": 280, "degree": 3, "type": "intersection", "betweenness": 0.1940038945292886, "is_critical": true, "is_articulation": false}}, {"type": "Feature", "geometry": {"type": "Point", "coordinates": [73.825438, 15.498322]}, "properties": {"feature_type": "node", "node_id": 281, "degree": 4, "type": "intersection", "betweenness": 0.029325315665070482, "is_critical": false, "is_articulation": false}}, {"type": "Feature", "geometry": {"type": "Point", "coordinates": [73.838162, 15.498402]}, "properties": {"feature_type": "node", "node_id": 282, "degree": 3, "type": "intersection", "betweenness": 0.0020697341187708965, "is_critical": false, "is_articulation": false}}, {"type": "Feature", "geometry": {"type": "Point", "coordinates": [73.824711, 15.498304]}, "properties": {"feature_type": "node", "node_id": 283, "degree": 3, "type": "intersection", "betweenness": 0.021854677721577898, "is_critical": false, "is_articulation": false}}, {"type": "Feature", "geometry": {"type": "Point", "coordinates": [73.826864, 15.498316]}, "properties": {"feature_type": "node", "node_id": 284, "degree": 4, "type": "intersection", "betweenness": 0.054700990778048575, "is_critical": false, "is_articulation": false}}, {"type": "Feature", "geometry": {"type": "Point", "coordinates": [73.832792, 15.498347]}, "properties": {"feature_type": "node", "node_id": 285, "degree": 3, "type": "intersection", "betweenness": 0.13266505823423513, "is_critical": false, "is_articulation": false}}, {"type": "Feature", "geometry": {"type": "Point", "coordinates": [73.831786, 15.49826]}, "properties": {"feature_type": "node", "node_id": 286, "degree": 4, "type": "intersection", "betweenness": 0.014347298935740268, "is_critical": false, "is_articulation": false}}, {"type": "Feature", "geometry": {"type": "Point", "coordinates": [73.836303, 15.498271]}, "properties": {"feature_type": "node", "node_id": 287, "degree": 3, "type": "intersection", "betweenness": 0.07750480692687348, "is_critical": false, "is_articulation": false}}, {"type": "Feature", "geometry": {"type": "Point", "coordinates": [73.823117, 15.498187]}, "properties": {"feature_type": "node", "node_id": 288, "degree": 4, "type": "intersection", "betweenness": 0.004776309504855915, "is_critical": false, "is_articulation": true}}, {"type": "Feature", "geometry": {"type": "Point", "coordinates": [73.822964, 15.498132]}, "properties": {"feature_type": "node", "node_id": 289, "degree": 1, "type": "endpoint", "betweenness": 0.0, "is_critical": false, "is_articulation": false}}, {"type": "Feature", "geometry": {"type": "Point", "coordinates": [73.824446, 15.49814]}, "properties": {"feature_type": "node", "node_id": 290, "degree": 3, "type": "intersection", "betweenness": 0.011254944705032272, "is_critical": false, "is_articulation": false}}, {"type": "Feature", "geometry": {"type": "Point", "coordinates": [73.835226, 15.49817]}, "properties": {"feature_type": "node", "node_id": 291, "degree": 3, "type": "intersection", "betweenness": 0.1879845198584253, "is_critical": true, "is_articulation": false}}, {"type": "Feature", "geometry": {"type": "Point", "coordinates": [73.832136, 15.498127]}, "properties": {"feature_type": "node", "node_id": 292, "degree": 3, "type": "intersection", "betweenness": 0.040378185737205, "is_critical": false, "is_articulation": false}}, {"type": "Feature", "geometry": {"type": "Point", "coordinates": [73.826306, 15.498055]}, "properties": {"feature_type": "node", "node_id": 293, "degree": 3, "type": "intersection", "betweenness": 0.03438330496123841, "is_critical": false, "is_articulation": false}}, {"type": "Feature", "geometry": {"type": "Point", "coordinates": [73.827746, 15.498022]}, "properties": {"feature_type": "node", "node_id": 294, "degree": 3, "type": "intersection", "betweenness": 0.02783731155009614, "is_critical": false, "is_articulation": true}}, {"type": "Feature", "geometry": {"type": "Point", "coordinates": [73.835996, 15.498079]}, "properties": {"feature_type": "node", "node_id": 295, "degree": 4, "type": "intersection", "betweenness": 0.04855302315897762, "is_critical": false, "is_articulation": true}}, {"type": "Feature", "geometry": {"type": "Point", "coordinates": [73.82481, 15.498006]}, "properties": {"feature_type": "node", "node_id": 296, "degree": 3, "type": "intersection", "betweenness": 0.015406659890022413, "is_critical": false, "is_articulation": false}}, {"type": "Feature", "geometry": {"type": "Point", "coordinates": [73.835786, 15.498051]}, "properties": {"feature_type": "node", "node_id": 297, "degree": 3, "type": "intersection", "betweenness": 0.0487979621079446, "is_critical": false, "is_articulation": false}}, {"type": "Feature", "geometry": {"type": "Point", "coordinates": [73.836052, 15.498066]}, "properties": {"feature_type": "node", "node_id": 298, "degree": 3, "type": "intersection", "betweenness": 0.07680673092231761, "is_critical": false, "is_articulation": false}}, {"type": "Feature", "geometry": {"type": "Point", "coordinates": [73.828068, 15.497983]}, "properties": {"feature_type": "node", "node_id": 299, "degree": 1, "type": "endpoint", "betweenness": 0.0, "is_critical": false, "is_articulation": false}}, {"type": "Feature", "geometry": {"type": "Point", "coordinates": [73.832347, 15.498006]}, "properties": {"feature_type": "node", "node_id": 300, "degree": 3, "type": "intersection", "betweenness": 0.16616658297919246, "is_critical": true, "is_articulation": false}}, {"type": "Feature", "geometry": {"type": "Point", "coordinates": [73.835745, 15.49801]}, "properties": {"feature_type": "node", "node_id": 301, "degree": 3, "type": "intersection", "betweenness": 0.058062777852620234, "is_critical": false, "is_articulation": false}}, {"type": "Feature", "geometry": {"type": "Point", "coordinates": [73.835661, 15.497969]}, "properties": {"feature_type": "node", "node_id": 302, "degree": 5, "type": "intersection", "betweenness": 0.1856086120534457, "is_critical": true, "is_articulation": true}}, {"type": "Feature", "geometry": {"type": "Point", "coordinates": [73.836025, 15.497835]}, "properties": {"feature_type": "node", "node_id": 303, "degree": 3, "type": "intersection", "betweenness": 0.03887793467478231, "is_critical": false, "is_articulation": false}}, {"type": "Feature", "geometry": {"type": "Point", "coordinates": [73.824029, 15.497731]}, "properties": {"feature_type": "node", "node_id": 304, "degree": 3, "type": "intersection", "betweenness": 0.009319927008193209, "is_critical": false, "is_articulation": false}}, {"type": "Feature", "geometry": {"type": "Point", "coordinates": [73.825777, 15.497713]}, "properties": {"feature_type": "node", "node_id": 305, "degree": 4, "type": "intersection", "betweenness": 0.03358112990337159, "is_critical": false, "is_articulation": false}}, {"type": "Feature", "geometry": {"type": "Point", "coordinates": [73.831607, 15.497703]}, "properties": {"feature_type": "node", "node_id": 306, "degree": 3, "type": "intersection", "betweenness": 0.12046097510195584, "is_critical": false, "is_articulation": false}}, {"type": "Feature", "geometry": {"type": "Point", "coordinates": [73.827259, 15.497653]}, "properties": {"feature_type": "node", "node_id": 307, "degree": 4, "type": "intersection", "betweenness": 0.03490380022779322, "is_critical": false, "is_articulation": false}}, {"type": "Feature", "geometry": {"type": "Point", "coordinates": [73.831342, 15.497661]}, "properties": {"feature_type": "node", "node_id": 308, "degree": 4, "type": "intersection", "betweenness": 0.22389869325070727, "is_critical": true, "is_articulation": false}}, {"type": "Feature", "geometry": {"type": "Point", "coordinates": [73.823261, 15.497537]}, "properties": {"feature_type": "node", "node_id": 309, "degree": 4, "type": "intersection", "betweenness": 0.004384407186508763, "is_critical": false, "is_articulation": true}}, {"type": "Feature", "geometry": {"type": "Point", "coordinates": [73.832168, 15.497557]}, "properties": {"feature_type": "node", "node_id": 310, "degree": 3, "type": "intersection", "betweenness": 0.1635579831726942, "is_critical": true, "is_articulation": false}}, {"type": "Feature", "geometry": {"type": "Point", "coordinates": [73.834726, 15.497557]}, "properties": {"feature_type": "node", "node_id": 311, "degree": 1, "type": "endpoint", "betweenness": 0.0, "is_critical": false, "is_articulation": false}}, {"type": "Feature", "geometry": {"type": "Point", "coordinates": [73.836041, 15.497551]}, "properties": {"feature_type": "node", "node_id": 312, "degree": 4, "type": "intersection", "betweenness": 0.03768385729856833, "is_critical": false, "is_articulation": true}}, {"type": "Feature", "geometry": {"type": "Point", "coordinates": [73.837677, 15.497546]}, "properties": {"feature_type": "node", "node_id": 313, "degree": 3, "type": "intersection", "betweenness": 0.01126719165248062, "is_critical": false, "is_articulation": false}}, {"type": "Feature", "geometry": {"type": "Point", "coordinates": [73.831483, 15.497486]}, "properties": {"feature_type": "node", "node_id": 314, "degree": 3, "type": "intersection", "betweenness": 0.10272739519674721, "is_critical": false, "is_articulation": false}}, {"type": "Feature", "geometry": {"type": "Point", "coordinates": [73.822968, 15.497427]}, "properties": {"feature_type": "node", "node_id": 315, "degree": 1, "type": "endpoint", "betweenness": 0.0, "is_critical": false, "is_articulation": false}}, {"type": "Feature", "geometry": {"type": "Point", "coordinates": [73.834909, 15.497355]}, "properties": {"feature_type": "node", "node_id": 316, "degree": 3, "type": "intersection", "betweenness": 0.0034597626541584513, "is_critical": false, "is_articulation": true}}, {"type": "Feature", "geometry": {"type": "Point", "coordinates": [73.82501, 15.497289]}, "properties": {"feature_type": "node", "node_id": 317, "degree": 3, "type": "intersection", "betweenness": 0.022173098355234958, "is_critical": false, "is_articulation": false}}, {"type": "Feature", "geometry": {"type": "Point", "coordinates": [73.826562, 15.49727]}, "properties": {"feature_type": "node", "node_id": 318, "degree": 3, "type": "intersection", "betweenness": 0.018186716960797523, "is_critical": false, "is_articulation": true}}, {"type": "Feature", "geometry": {"type": "Point", "coordinates": [73.832085, 15.497313]}, "properties": {"feature_type": "node", "node_id": 319, "degree": 3, "type": "intersection", "betweenness": 0.055001040990533115, "is_critical": false, "is_articulation": false}}, {"type": "Feature", "geometry": {"type": "Point", "coordinates": [73.82501, 15.497248]}, "properties": {"feature_type": "node", "node_id": 320, "degree": 3, "type": "intersection", "betweenness": 0.02130968856012639, "is_critical": false, "is_articulation": false}}, {"type": "Feature", "geometry": {"type": "Point", "coordinates": [73.827779, 15.497168]}, "properties": {"feature_type": "node", "node_id": 321, "degree": 3, "type": "intersection", "betweenness": 0.056372699104748146, "is_critical": false, "is_articulation": true}}, {"type": "Feature", "geometry": {"type": "Point", "coordinates": [73.82873, 15.497146]}, "properties": {"feature_type": "node", "node_id": 322, "degree": 3, "type": "intersection", "betweenness": 0.1271539318824783, "is_critical": false, "is_articulation": true}}, {"type": "Feature", "geometry": {"type": "Point", "coordinates": [73.836043, 15.497171]}, "properties": {"feature_type": "node", "node_id": 323, "degree": 3, "type": "intersection", "betweenness": 0.033079005057989296, "is_critical": false, "is_articulation": false}}, {"type": "Feature", "geometry": {"type": "Point", "coordinates": [73.827598, 15.497113]}, "properties": {"feature_type": "node", "node_id": 324, "degree": 3, "type": "intersection", "betweenness": 0.0654905514800436, "is_critical": false, "is_articulation": false}}, {"type": "Feature", "geometry": {"type": "Point", "coordinates": [73.831513, 15.497079]}, "properties": {"feature_type": "node", "node_id": 325, "degree": 4, "type": "intersection", "betweenness": 0.10176600982205186, "is_critical": false, "is_articulation": false}}, {"type": "Feature", "geometry": {"type": "Point", "coordinates": [73.826144, 15.497051]}, "properties": {"feature_type": "node", "node_id": 326, "degree": 4, "type": "intersection", "betweenness": 0.03044591135659437, "is_critical": false, "is_articulation": false}}, {"type": "Feature", "geometry": {"type": "Point", "coordinates": [73.826717, 15.497027]}, "properties": {"feature_type": "node", "node_id": 327, "degree": 1, "type": "endpoint", "betweenness": 0.0, "is_critical": false, "is_articulation": false}}, {"type": "Feature", "geometry": {"type": "Point", "coordinates": [73.831975, 15.497]}, "properties": {"feature_type": "node", "node_id": 328, "degree": 3, "type": "intersection", "betweenness": 0.05287619560824465, "is_critical": false, "is_articulation": false}}, {"type": "Feature", "geometry": {"type": "Point", "coordinates": [73.833192, 15.49698]}, "properties": {"feature_type": "node", "node_id": 329, "degree": 3, "type": "intersection", "betweenness": 0.016680342424650656, "is_critical": false, "is_articulation": false}}, {"type": "Feature", "geometry": {"type": "Point", "coordinates": [73.828801, 15.496916]}, "properties": {"feature_type": "node", "node_id": 332, "degree": 1, "type": "endpoint", "betweenness": 0.0, "is_critical": false, "is_articulation": false}}, {"type": "Feature", "geometry": {"type": "Point", "coordinates": [73.835877, 15.496926]}, "properties": {"feature_type": "node", "node_id": 333, "degree": 3, "type": "intersection", "betweenness": 0.15831016619107688, "is_critical": true, "is_articulation": false}}, {"type": "Feature", "geometry": {"type": "Point", "coordinates": [73.836002, 15.496927]}, "properties": {"feature_type": "node", "node_id": 334, "degree": 3, "type": "intersection", "betweenness": 0.1485554725484673, "is_critical": true, "is_articulation": false}}, {"type": "Feature", "geometry": {"type": "Point", "coordinates": [73.824243, 15.496851]}, "properties": {"feature_type": "node", "node_id": 335, "degree": 3, "type": "intersection", "betweenness": 0.013955396617393116, "is_critical": false, "is_articulation": false}}, {"type": "Feature", "geometry": {"type": "Point", "coordinates": [73.826788, 15.496851]}, "properties": {"feature_type": "node", "node_id": 337, "degree": 1, "type": "endpoint", "betweenness": 0.0, "is_critical": false, "is_articulation": false}}, {"type": "Feature", "geometry": {"type": "Point", "coordinates": [73.836101, 15.496886]}, "properties": {"feature_type": "node", "node_id": 339, "degree": 3, "type": "intersection", "betweenness": 0.005547867194101871, "is_critical": false, "is_articulation": false}}, {"type": "Feature", "geometry": {"type": "Point", "coordinates": [73.837373, 15.496893]}, "properties": {"feature_type": "node", "node_id": 340, "degree": 3, "type": "intersection", "betweenness": 0.008193207842945147, "is_critical": false, "is_articulation": false}}, {"type": "Feature", "geometry": {"type": "Point", "coordinates": [73.836031, 15.496886]}, "properties": {"feature_type": "node", "node_id": 341, "degree": 3, "type": "intersection", "betweenness": 0.12002620846753947, "is_critical": false, "is_articulation": false}}, {"type": "Feature", "geometry": {"type": "Point", "coordinates": [73.837303, 15.496893]}, "properties": {"feature_type": "node", "node_id": 342, "degree": 3, "type": "intersection", "betweenness": 0.04445029576378088, "is_critical": false, "is_articulation": false}}, {"type": "Feature", "geometry": {"type": "Point", "coordinates": [73.824244, 15.49681]}, "properties": {"feature_type": "node", "node_id": 343, "degree": 3, "type": "intersection", "betweenness": 0.01012822553978421, "is_critical": false, "is_articulation": false}}, {"type": "Feature", "geometry": {"type": "Point", "coordinates": [73.837121, 15.496878]}, "properties": {"feature_type": "node", "node_id": 345, "degree": 3, "type": "intersection", "betweenness": 0.006668462885625758, "is_critical": false, "is_articulation": false}}, {"type": "Feature", "geometry": {"type": "Point", "coordinates": [73.830913, 15.496818]}, "properties": {"feature_type": "node", "node_id": 347, "degree": 3, "type": "intersection", "betweenness": 0.0034597626541584513, "is_critical": false, "is_articulation": true}}, {"type": "Feature", "geometry": {"type": "Point", "coordinates": [73.831179, 15.496806]}, "properties": {"feature_type": "node", "node_id": 348, "degree": 1, "type": "endpoint", "betweenness": 0.0, "is_critical": false, "is_articulation": false}}, {"type": "Feature", "geometry": {"type": "Point", "coordinates": [73.837387, 15.496825]}, "properties": {"feature_type": "node", "node_id": 349, "degree": 3, "type": "intersection", "betweenness": 0.0061969554088643405, "is_critical": false, "is_articulation": false}}, {"type": "Feature", "geometry": {"type": "Point", "coordinates": [73.836101, 15.496805]}, "properties": {"feature_type": "node", "node_id": 351, "degree": 3, "type": "intersection", "betweenness": 0.12121416237002927, "is_critical": false, "is_articulation": false}}, {"type": "Feature", "geometry": {"type": "Point", "coordinates": [73.8256, 15.49675]}, "properties": {"feature_type": "node", "node_id": 352, "degree": 3, "type": "intersection", "betweenness": 0.010440522699717096, "is_critical": false, "is_articulation": false}}, {"type": "Feature", "geometry": {"type": "Point", "coordinates": [73.837317, 15.496812]}, "properties": {"feature_type": "node", "node_id": 354, "degree": 3, "type": "intersection", "betweenness": 0.03584681518131606, "is_critical": false, "is_articulation": false}}, {"type": "Feature", "geometry": {"type": "Point", "coordinates": [73.827208, 15.496704]}, "properties": {"feature_type": "node", "node_id": 355, "degree": 3, "type": "intersection", "betweenness": 0.0623981972493356, "is_critical": false, "is_articulation": true}}, {"type": "Feature", "geometry": {"type": "Point", "coordinates": [73.837402, 15.496744]}, "properties": {"feature_type": "node", "node_id": 356, "degree": 3, "type": "intersection", "betweenness": 0.003961887499540739, "is_critical": false, "is_articulation": false}}, {"type": "Feature", "geometry": {"type": "Point", "coordinates": [73.837332, 15.496744]}, "properties": {"feature_type": "node", "node_id": 357, "degree": 3, "type": "intersection", "betweenness": 0.034040390432684656, "is_critical": false, "is_articulation": false}}, {"type": "Feature", "geometry": {"type": "Point", "coordinates": [73.835612, 15.496721]}, "properties": {"feature_type": "node", "node_id": 358, "degree": 3, "type": "intersection", "betweenness": 0.04064761858106867, "is_critical": false, "is_articulation": false}}, {"type": "Feature", "geometry": {"type": "Point", "coordinates": [73.828076, 15.496641]}, "properties": {"feature_type": "node", "node_id": 359, "degree": 1, "type": "endpoint", "betweenness": 0.0, "is_critical": false, "is_articulation": false}}, {"type": "Feature", "geometry": {"type": "Point", "coordinates": [73.837388, 15.496636]}, "properties": {"feature_type": "node", "node_id": 360, "degree": 3, "type": "intersection", "betweenness": 0.03698578129401247, "is_critical": false, "is_articulation": false}}, {"type": "Feature", "geometry": {"type": "Point", "coordinates": [73.82693, 15.49658]}, "properties": {"feature_type": "node", "node_id": 361, "degree": 3, "type": "intersection", "betweenness": 0.05831996374903556, "is_critical": false, "is_articulation": true}}, {"type": "Feature", "geometry": {"type": "Point", "coordinates": [73.825196, 15.496558]}, "properties": {"feature_type": "node", "node_id": 362, "degree": 4, "type": "intersection", "betweenness": 0.019068497177078612, "is_critical": false, "is_articulation": false}}, {"type": "Feature", "geometry": {"type": "Point", "coordinates": [73.836969, 15.496579]}, "properties": {"feature_type": "node", "node_id": 363, "degree": 3, "type": "intersection", "betweenness": 0.005462138561963431, "is_critical": false, "is_articulation": false}}, {"type": "Feature", "geometry": {"type": "Point", "coordinates": [73.837165, 15.496553]}, "properties": {"feature_type": "node", "node_id": 364, "degree": 3, "type": "intersection", "betweenness": 0.004212949922231883, "is_critical": false, "is_articulation": false}}, {"type": "Feature", "geometry": {"type": "Point", "coordinates": [73.823491, 15.496427]}, "properties": {"feature_type": "node", "node_id": 365, "degree": 3, "type": "intersection", "betweenness": 0.007152217309835524, "is_critical": false, "is_articulation": false}}, {"type": "Feature", "geometry": {"type": "Point", "coordinates": [73.826805, 15.496431]}, "properties": {"feature_type": "node", "node_id": 366, "degree": 3, "type": "intersection", "betweenness": 0.06896868455537458, "is_critical": false, "is_articulation": false}}, {"type": "Feature", "geometry": {"type": "Point", "coordinates": [73.836508, 15.496482]}, "properties": {"feature_type": "node", "node_id": 367, "degree": 3, "type": "intersection", "betweenness": 0.11898521793442984, "is_critical": false, "is_articulation": false}}, {"type": "Feature", "geometry": {"type": "Point", "coordinates": [73.823491, 15.496372]}, "properties": {"feature_type": "node", "node_id": 368, "degree": 3, "type": "intersection", "betweenness": 0.0045742348719581645, "is_critical": false, "is_articulation": true}}, {"type": "Feature", "geometry": {"type": "Point", "coordinates": [73.836802, 15.496456]}, "properties": {"feature_type": "node", "node_id": 369, "degree": 3, "type": "intersection", "betweenness": 0.006888907939696031, "is_critical": false, "is_articulation": false}}, {"type": "Feature", "geometry": {"type": "Point", "coordinates": [73.827532, 15.496326]}, "properties": {"feature_type": "node", "node_id": 370, "degree": 1, "type": "endpoint", "betweenness": 0.0, "is_critical": false, "is_articulation": false}}, {"type": "Feature", "geometry": {"type": "Point", "coordinates": [73.826568, 15.496294]}, "properties": {"feature_type": "node", "node_id": 371, "degree": 3, "type": "intersection", "betweenness": 0.04653227683000012, "is_critical": false, "is_articulation": false}}, {"type": "Feature", "geometry": {"type": "Point", "coordinates": [73.836803, 15.496294]}, "properties": {"feature_type": "node", "node_id": 373, "degree": 3, "type": "intersection", "betweenness": 0.10971427871603004, "is_critical": false, "is_articulation": false}}, {"type": "Feature", "geometry": {"type": "Point", "coordinates": [73.837209, 15.496241]}, "properties": {"feature_type": "node", "node_id": 374, "degree": 3, "type": "intersection", "betweenness": 0.003882282341126474, "is_critical": false, "is_articulation": false}}, {"type": "Feature", "geometry": {"type": "Point", "coordinates": [73.824429, 15.496147]}, "properties": {"feature_type": "node", "node_id": 375, "degree": 3, "type": "intersection", "betweenness": 0.007409403206250842, "is_critical": false, "is_articulation": false}}, {"type": "Feature", "geometry": {"type": "Point", "coordinates": [73.831462, 15.496157]}, "properties": {"feature_type": "node", "node_id": 377, "degree": 4, "type": "intersection", "betweenness": 0.12493723439432722, "is_critical": false, "is_articulation": false}}, {"type": "Feature", "geometry": {"type": "Point", "coordinates": [73.83184, 15.496145]}, "properties": {"feature_type": "node", "node_id": 378, "degree": 3, "type": "intersection", "betweenness": 0.08768814373017526, "is_critical": false, "is_articulation": false}}, {"type": "Feature", "geometry": {"type": "Point", "coordinates": [73.837027, 15.496173]}, "properties": {"feature_type": "node", "node_id": 379, "degree": 3, "type": "intersection", "betweenness": 0.10796908870464038, "is_critical": false, "is_articulation": false}}, {"type": "Feature", "geometry": {"type": "Point", "coordinates": [73.822961, 15.496085]}, "properties": {"feature_type": "node", "node_id": 380, "degree": 1, "type": "endpoint", "betweenness": 0.0, "is_critical": false, "is_articulation": false}}, {"type": "Feature", "geometry": {"type": "Point", "coordinates": [73.835028, 15.496149]}, "properties": {"feature_type": "node", "node_id": 381, "degree": 3, "type": "intersection", "betweenness": 0.032570756738882836, "is_critical": false, "is_articulation": false}}, {"type": "Feature", "geometry": {"type": "Point", "coordinates": [73.83721, 15.496038]}, "properties": {"feature_type": "node", "node_id": 385, "degree": 3, "type": "intersection", "betweenness": 0.10692197469780658, "is_critical": false, "is_articulation": false}}, {"type": "Feature", "geometry": {"type": "Point", "coordinates": [73.826066, 15.495911]}, "properties": {"feature_type": "node", "node_id": 386, "degree": 3, "type": "intersection", "betweenness": 0.02746377965292151, "is_critical": false, "is_articulation": false}}, {"type": "Feature", "geometry": {"type": "Point", "coordinates": [73.827115, 15.49589]}, "properties": {"feature_type": "node", "node_id": 387, "degree": 3, "type": "intersection", "betweenness": 0.03318922758502443, "is_critical": false, "is_articulation": false}}, {"type": "Feature", "geometry": {"type": "Point", "coordinates": [73.823662, 15.495736]}, "properties": {"feature_type": "node", "node_id": 388, "degree": 3, "type": "intersection", "betweenness": 0.0042925550806461495, "is_critical": false, "is_articulation": true}}, {"type": "Feature", "geometry": {"type": "Point", "coordinates": [73.837841, 15.495797]}, "properties": {"feature_type": "node", "node_id": 389, "degree": 4, "type": "intersection", "betweenness": 0.01192852681469144, "is_critical": false, "is_articulation": true}}, {"type": "Feature", "geometry": {"type": "Point", "coordinates": [73.838749, 15.495816]}, "properties": {"feature_type": "node", "node_id": 390, "degree": 3, "type": "intersection", "betweenness": 0.002326920015186215, "is_critical": false, "is_articulation": false}}, {"type": "Feature", "geometry": {"type": "Point", "coordinates": [73.825802, 15.495693]}, "properties": {"feature_type": "node", "node_id": 391, "degree": 3, "type": "intersection", "betweenness": 0.03154201315322156, "is_critical": false, "is_articulation": false}}, {"type": "Feature", "geometry": {"type": "Point", "coordinates": [73.834443, 15.495725]}, "properties": {"feature_type": "node", "node_id": 392, "degree": 3, "type": "intersection", "betweenness": 0.016913034426169277, "is_critical": false, "is_articulation": false}}, {"type": "Feature", "geometry": {"type": "Point", "coordinates": [73.838162, 15.495731]}, "properties": {"feature_type": "node", "node_id": 393, "degree": 3, "type": "intersection", "betweenness": 0.0063071779358994775, "is_critical": false, "is_articulation": false}}, {"type": "Feature", "geometry": {"type": "Point", "coordinates": [73.837799, 15.495716]}, "properties": {"feature_type": "node", "node_id": 394, "degree": 4, "type": "intersection", "betweenness": 0.14743487685694343, "is_critical": true, "is_articulation": false}}, {"type": "Feature", "geometry": {"type": "Point", "coordinates": [73.826809, 15.495658]}, "properties": {"feature_type": "node", "node_id": 395, "degree": 3, "type": "intersection", "betweenness": 0.006668462885625758, "is_critical": false, "is_articulation": false}}, {"type": "Feature", "geometry": {"type": "Point", "coordinates": [73.837715, 15.495702]}, "properties": {"feature_type": "node", "node_id": 396, "degree": 4, "type": "intersection", "betweenness": 0.10601570058662879, "is_critical": false, "is_articulation": true}}, {"type": "Feature", "geometry": {"type": "Point", "coordinates": [73.838288, 15.495705]}, "properties": {"feature_type": "node", "node_id": 397, "degree": 3, "type": "intersection", "betweenness": 0.004188456027335187, "is_critical": false, "is_articulation": false}}, {"type": "Feature", "geometry": {"type": "Point", "coordinates": [73.834569, 15.495672]}, "properties": {"feature_type": "node", "node_id": 398, "degree": 3, "type": "intersection", "betweenness": 0.03525896170379533, "is_critical": false, "is_articulation": false}}, {"type": "Feature", "geometry": {"type": "Point", "coordinates": [73.825425, 15.495569]}, "properties": {"feature_type": "node", "node_id": 399, "degree": 4, "type": "intersection", "betweenness": 0.030954159675700834, "is_critical": false, "is_articulation": false}}, {"type": "Feature", "geometry": {"type": "Point", "coordinates": [73.834332, 15.49563]}, "properties": {"feature_type": "node", "node_id": 400, "degree": 3, "type": "intersection", "betweenness": 0.008634097951085691, "is_critical": false, "is_articulation": false}}, {"type": "Feature", "geometry": {"type": "Point", "coordinates": [73.835422, 15.495635]}, "properties": {"feature_type": "node", "node_id": 401, "degree": 1, "type": "endpoint", "betweenness": 0.0, "is_critical": false, "is_articulation": false}}, {"type": "Feature", "geometry": {"type": "Point", "coordinates": [73.837912, 15.495594]}, "properties": {"feature_type": "node", "node_id": 402, "degree": 3, "type": "intersection", "betweenness": 0.1381639376385436, "is_critical": false, "is_articulation": false}}, {"type": "Feature", "geometry": {"type": "Point", "coordinates": [73.828446, 15.495531]}, "properties": {"feature_type": "node", "node_id": 403, "degree": 1, "type": "endpoint", "betweenness": 0.0, "is_critical": false, "is_articulation": false}}, {"type": "Feature", "geometry": {"type": "Point", "coordinates": [73.826992, 15.495455]}, "properties": {"feature_type": "node", "node_id": 404, "degree": 4, "type": "intersection", "betweenness": 0.03639792781649174, "is_critical": false, "is_articulation": false}}, {"type": "Feature", "geometry": {"type": "Point", "coordinates": [73.834542, 15.495509]}, "properties": {"feature_type": "node", "node_id": 405, "degree": 3, "type": "intersection", "betweenness": 0.030176478512730705, "is_critical": false, "is_articulation": true}}, {"type": "Feature", "geometry": {"type": "Point", "coordinates": [73.834375, 15.495481]}, "properties": {"feature_type": "node", "node_id": 406, "degree": 3, "type": "intersection", "betweenness": 0.025743083536428547, "is_critical": false, "is_articulation": false}}, {"type": "Feature", "geometry": {"type": "Point", "coordinates": [73.831382, 15.495451]}, "properties": {"feature_type": "node", "node_id": 407, "degree": 3, "type": "intersection", "betweenness": 0.08409978812780915, "is_critical": false, "is_articulation": false}}, {"type": "Feature", "geometry": {"type": "Point", "coordinates": [73.83183, 15.495454]}, "properties": {"feature_type": "node", "node_id": 408, "degree": 3, "type": "intersection", "betweenness": 0.052968047714107264, "is_critical": false, "is_articulation": false}}, {"type": "Feature", "geometry": {"type": "Point", "coordinates": [73.834444, 15.495481]}, "properties": {"feature_type": "node", "node_id": 409, "degree": 3, "type": "intersection", "betweenness": 0.030758208516527257, "is_critical": false, "is_articulation": false}}, {"type": "Feature", "geometry": {"type": "Point", "coordinates": [73.830376, 15.495446]}, "properties": {"feature_type": "node", "node_id": 410, "degree": 1, "type": "endpoint", "betweenness": 0.0, "is_critical": false, "is_articulation": false}}, {"type": "Feature", "geometry": {"type": "Point", "coordinates": [73.830683, 15.495448]}, "properties": {"feature_type": "node", "node_id": 411, "degree": 3, "type": "intersection", "betweenness": 0.0034597626541584513, "is_critical": false, "is_articulation": true}}, {"type": "Feature", "geometry": {"type": "Point", "coordinates": [73.831326, 15.495451]}, "properties": {"feature_type": "node", "node_id": 412, "degree": 3, "type": "intersection", "betweenness": 0.0766658910266616, "is_critical": false, "is_articulation": false}}, {"type": "Feature", "geometry": {"type": "Point", "coordinates": [73.831466, 15.495452]}, "properties": {"feature_type": "node", "node_id": 413, "degree": 3, "type": "intersection", "betweenness": 0.00641127698921044, "is_critical": false, "is_articulation": false}}, {"type": "Feature", "geometry": {"type": "Point", "coordinates": [73.838556, 15.495408]}, "properties": {"feature_type": "node", "node_id": 414, "degree": 3, "type": "intersection", "betweenness": 0.0028290448605685034, "is_critical": false, "is_articulation": false}}, {"type": "Feature", "geometry": {"type": "Point", "coordinates": [73.822966, 15.495325]}, "properties": {"feature_type": "node", "node_id": 415, "degree": 1, "type": "endpoint", "betweenness": 0.0, "is_critical": false, "is_articulation": false}}, {"type": "Feature", "geometry": {"type": "Point", "coordinates": [73.838374, 15.495407]}, "properties": {"feature_type": "node", "node_id": 416, "degree": 4, "type": "intersection", "betweenness": 0.01391865577504807, "is_critical": false, "is_articulation": false}}, {"type": "Feature", "geometry": {"type": "Point", "coordinates": [73.824644, 15.495267]}, "properties": {"feature_type": "node", "node_id": 417, "degree": 3, "type": "intersection", "betweenness": 0.009607730273229398, "is_critical": false, "is_articulation": true}}, {"type": "Feature", "geometry": {"type": "Point", "coordinates": [73.825972, 15.495274]}, "properties": {"feature_type": "node", "node_id": 418, "degree": 4, "type": "intersection", "betweenness": 0.007133846888663001, "is_critical": false, "is_articulation": false}}, {"type": "Feature", "geometry": {"type": "Point", "coordinates": [73.827385, 15.495227]}, "properties": {"feature_type": "node", "node_id": 419, "degree": 3, "type": "intersection", "betweenness": 0.1553096640662315, "is_critical": true, "is_articulation": true}}, {"type": "Feature", "geometry": {"type": "Point", "coordinates": [73.829957, 15.495227]}, "properties": {"feature_type": "node", "node_id": 420, "degree": 3, "type": "intersection", "betweenness": 0.006913401834592728, "is_critical": false, "is_articulation": true}}, {"type": "Feature", "geometry": {"type": "Point", "coordinates": [73.838207, 15.495257]}, "properties": {"feature_type": "node", "node_id": 421, "degree": 8, "type": "intersection", "betweenness": 0.13775366489902394, "is_critical": false, "is_articulation": true}}, {"type": "Feature", "geometry": {"type": "Point", "coordinates": [73.825539, 15.495163]}, "properties": {"feature_type": "node", "node_id": 422, "degree": 3, "type": "intersection", "betweenness": 0.009283186165848162, "is_critical": false, "is_articulation": false}}, {"type": "Feature", "geometry": {"type": "Point", "coordinates": [73.838529, 15.495231]}, "properties": {"feature_type": "node", "node_id": 423, "degree": 3, "type": "intersection", "betweenness": 0.0034597626541584513, "is_critical": false, "is_articulation": true}}, {"type": "Feature", "geometry": {"type": "Point", "coordinates": [73.822967, 15.495122]}, "properties": {"feature_type": "node", "node_id": 424, "degree": 1, "type": "endpoint", "betweenness": 0.0, "is_critical": false, "is_articulation": false}}, {"type": "Feature", "geometry": {"type": "Point", "coordinates": [73.831174, 15.495152]}, "properties": {"feature_type": "node", "node_id": 425, "degree": 3, "type": "intersection", "betweenness": 0.06773786633681556, "is_critical": false, "is_articulation": false}}, {"type": "Feature", "geometry": {"type": "Point", "coordinates": [73.831496, 15.49514]}, "properties": {"feature_type": "node", "node_id": 426, "degree": 3, "type": "intersection", "betweenness": 0.004506876660992248, "is_critical": false, "is_articulation": false}}, {"type": "Feature", "geometry": {"type": "Point", "coordinates": [73.831119, 15.495098]}, "properties": {"feature_type": "node", "node_id": 427, "degree": 3, "type": "intersection", "betweenness": 0.06514763695148984, "is_critical": false, "is_articulation": false}}, {"type": "Feature", "geometry": {"type": "Point", "coordinates": [73.838432, 15.495095]}, "properties": {"feature_type": "node", "node_id": 428, "degree": 3, "type": "intersection", "betweenness": 0.10463791899868959, "is_critical": false, "is_articulation": true}}, {"type": "Feature", "geometry": {"type": "Point", "coordinates": [73.838222, 15.495067]}, "properties": {"feature_type": "node", "node_id": 429, "degree": 3, "type": "intersection", "betweenness": 0.026459529962156933, "is_critical": false, "is_articulation": false}}, {"type": "Feature", "geometry": {"type": "Point", "coordinates": [73.838362, 15.494973]}, "properties": {"feature_type": "node", "node_id": 430, "degree": 4, "type": "intersection", "betweenness": 0.01740291232410322, "is_critical": false, "is_articulation": true}}, {"type": "Feature", "geometry": {"type": "Point", "coordinates": [73.82617, 15.494868]}, "properties": {"feature_type": "node", "node_id": 431, "degree": 3, "type": "intersection", "betweenness": 0.0016533379055270474, "is_critical": false, "is_articulation": false}}, {"type": "Feature", "geometry": {"type": "Point", "coordinates": [73.837986, 15.494713]}, "properties": {"feature_type": "node", "node_id": 432, "degree": 3, "type": "intersection", "betweenness": 0.03274833747688389, "is_critical": false, "is_articulation": false}}, {"type": "Feature", "geometry": {"type": "Point", "coordinates": [73.831876, 15.49479]}, "properties": {"feature_type": "node", "node_id": 433, "degree": 3, "type": "intersection", "betweenness": 0.05233732992051731, "is_critical": false, "is_articulation": false}}, {"type": "Feature", "geometry": {"type": "Point", "coordinates": [73.831554, 15.494774]}, "properties": {"feature_type": "node", "node_id": 434, "degree": 3, "type": "intersection", "betweenness": 0.003704701603125421, "is_critical": false, "is_articulation": false}}, {"type": "Feature", "geometry": {"type": "Point", "coordinates": [73.830785, 15.494757]}, "properties": {"feature_type": "node", "node_id": 435, "degree": 3, "type": "intersection", "betweenness": 0.058277099432966335, "is_critical": false, "is_articulation": false}}, {"type": "Feature", "geometry": {"type": "Point", "coordinates": [73.831163, 15.494745]}, "properties": {"feature_type": "node", "node_id": 436, "degree": 4, "type": "intersection", "betweenness": 0.004476259292371377, "is_critical": false, "is_articulation": false}}, {"type": "Feature", "geometry": {"type": "Point", "coordinates": [73.830114, 15.49474]}, "properties": {"feature_type": "node", "node_id": 437, "degree": 1, "type": "endpoint", "betweenness": 0.0, "is_critical": false, "is_articulation": false}}, {"type": "Feature", "geometry": {"type": "Point", "coordinates": [73.830687, 15.494716]}, "properties": {"feature_type": "node", "node_id": 438, "degree": 3, "type": "intersection", "betweenness": 0.0554786719410187, "is_critical": false, "is_articulation": false}}, {"type": "Feature", "geometry": {"type": "Point", "coordinates": [73.827038, 15.494642]}, "properties": {"feature_type": "node", "node_id": 439, "degree": 3, "type": "intersection", "betweenness": 0.15308071963063208, "is_critical": true, "is_articulation": true}}, {"type": "Feature", "geometry": {"type": "Point", "coordinates": [73.825375, 15.494565]}, "properties": {"feature_type": "node", "node_id": 441, "degree": 3, "type": "intersection", "betweenness": 0.007568613523079372, "is_critical": false, "is_articulation": false}}, {"type": "Feature", "geometry": {"type": "Point", "coordinates": [73.82476, 15.494549]}, "properties": {"feature_type": "node", "node_id": 442, "degree": 3, "type": "intersection", "betweenness": 0.0034965034965034965, "is_critical": false, "is_articulation": true}}, {"type": "Feature", "geometry": {"type": "Point", "coordinates": [73.824872, 15.494536]}, "properties": {"feature_type": "node", "node_id": 443, "degree": 3, "type": "intersection", "betweenness": 0.004194579501059361, "is_critical": false, "is_articulation": true}}, {"type": "Feature", "geometry": {"type": "Point", "coordinates": [73.830143, 15.49455]}, "properties": {"feature_type": "node", "node_id": 444, "degree": 1, "type": "endpoint", "betweenness": 0.0, "is_critical": false, "is_articulation": false}}, {"type": "Feature", "geometry": {"type": "Point", "coordinates": [73.830117, 15.494252]}, "properties": {"feature_type": "node", "node_id": 445, "degree": 3, "type": "intersection", "betweenness": 0.0034597626541584513, "is_critical": false, "is_articulation": true}}, {"type": "Feature", "geometry": {"type": "Point", "coordinates": [73.826258, 15.49419]}, "properties": {"feature_type": "node", "node_id": 446, "degree": 3, "type": "intersection", "betweenness": 0.14090725386697367, "is_critical": true, "is_articulation": true}}, {"type": "Feature", "geometry": {"type": "Point", "coordinates": [73.827964, 15.494172]}, "properties": {"feature_type": "node", "node_id": 447, "degree": 1, "type": "endpoint", "betweenness": 0.0, "is_critical": false, "is_articulation": false}}, {"type": "Feature", "geometry": {"type": "Point", "coordinates": [73.830537, 15.494159]}, "properties": {"feature_type": "node", "node_id": 448, "degree": 3, "type": "intersection", "betweenness": 0.05287619560824465, "is_critical": false, "is_articulation": false}}, {"type": "Feature", "geometry": {"type": "Point", "coordinates": [73.829852, 15.494128]}, "properties": {"feature_type": "node", "node_id": 449, "degree": 1, "type": "endpoint", "betweenness": 0.0, "is_critical": false, "is_articulation": false}}, {"type": "Feature", "geometry": {"type": "Point", "coordinates": [73.830118, 15.494102]}, "properties": {"feature_type": "node", "node_id": 450, "degree": 3, "type": "intersection", "betweenness": 0.0050763597173404534, "is_critical": false, "is_articulation": true}}, {"type": "Feature", "geometry": {"type": "Point", "coordinates": [73.824944, 15.494061]}, "properties": {"feature_type": "node", "node_id": 451, "degree": 1, "type": "endpoint", "betweenness": 0.0, "is_critical": false, "is_articulation": false}}, {"type": "Feature", "geometry": {"type": "Point", "coordinates": [73.830496, 15.493996]}, "properties": {"feature_type": "node", "node_id": 452, "degree": 4, "type": "intersection", "betweenness": 0.04911025926787748, "is_critical": false, "is_articulation": false}}, {"type": "Feature", "geometry": {"type": "Point", "coordinates": [73.837333, 15.494005]}, "properties": {"feature_type": "node", "node_id": 453, "degree": 4, "type": "intersection", "betweenness": 0.030715344200458038, "is_critical": false, "is_articulation": true}}, {"type": "Feature", "geometry": {"type": "Point", "coordinates": [73.825826, 15.493917]}, "properties": {"feature_type": "node", "node_id": 454, "degree": 3, "type": "intersection", "betweenness": 0.1347654097216269, "is_critical": false, "is_articulation": true}}, {"type": "Feature", "geometry": {"type": "Point", "coordinates": [73.826455, 15.493893]}, "properties": {"feature_type": "node", "node_id": 455, "degree": 1, "type": "endpoint", "betweenness": 0.0, "is_critical": false, "is_articulation": false}}, {"type": "Feature", "geometry": {"type": "Point", "coordinates": [73.831252, 15.493851]}, "properties": {"feature_type": "node", "node_id": 457, "degree": 3, "type": "intersection", "betweenness": 0.006184708461415992, "is_critical": false, "is_articulation": false}}, {"type": "Feature", "geometry": {"type": "Point", "coordinates": [73.827085, 15.493734]}, "properties": {"feature_type": "node", "node_id": 460, "degree": 4, "type": "intersection", "betweenness": 0.017182467270032944, "is_critical": false, "is_articulation": true}}, {"type": "Feature", "geometry": {"type": "Point", "coordinates": [73.826526, 15.493704]}, "properties": {"feature_type": "node", "node_id": 461, "degree": 1, "type": "endpoint", "betweenness": 0.0, "is_critical": false, "is_articulation": false}}, {"type": "Feature", "geometry": {"type": "Point", "coordinates": [73.824471, 15.493679]}, "properties": {"feature_type": "node", "node_id": 462, "degree": 1, "type": "endpoint", "betweenness": 0.0, "is_critical": false, "is_articulation": false}}, {"type": "Feature", "geometry": {"type": "Point", "coordinates": [73.825492, 15.493685]}, "properties": {"feature_type": "node", "node_id": 463, "degree": 3, "type": "intersection", "betweenness": 0.10352957025461404, "is_critical": false, "is_articulation": false}}, {"type": "Feature", "geometry": {"type": "Point", "coordinates": [73.831966, 15.493705]}, "properties": {"feature_type": "node", "node_id": 464, "degree": 3, "type": "intersection", "betweenness": 0.05585220383819333, "is_critical": false, "is_articulation": false}}, {"type": "Feature", "geometry": {"type": "Point", "coordinates": [73.827743, 15.493656]}, "properties": {"feature_type": "node", "node_id": 468, "degree": 3, "type": "intersection", "betweenness": 0.006913401834592728, "is_critical": false, "is_articulation": true}}, {"type": "Feature", "geometry": {"type": "Point", "coordinates": [73.830344, 15.493616]}, "properties": {"feature_type": "node", "node_id": 470, "degree": 3, "type": "intersection", "betweenness": 0.03877995909519552, "is_critical": false, "is_articulation": true}}, {"type": "Feature", "geometry": {"type": "Point", "coordinates": [73.826597, 15.493569]}, "properties": {"feature_type": "node", "node_id": 471, "degree": 3, "type": "intersection", "betweenness": 0.02318347151972371, "is_critical": false, "is_articulation": true}}, {"type": "Feature", "geometry": {"type": "Point", "coordinates": [73.828233, 15.493509]}, "properties": {"feature_type": "node", "node_id": 473, "degree": 1, "type": "endpoint", "betweenness": 0.0, "is_critical": false, "is_articulation": false}}, {"type": "Feature", "geometry": {"type": "Point", "coordinates": [73.835714, 15.493481]}, "properties": {"feature_type": "node", "node_id": 474, "degree": 3, "type": "intersection", "betweenness": 0.010428275752268748, "is_critical": false, "is_articulation": false}}, {"type": "Feature", "geometry": {"type": "Point", "coordinates": [73.829171, 15.493433]}, "properties": {"feature_type": "node", "node_id": 475, "degree": 1, "type": "endpoint", "betweenness": 0.0, "is_critical": false, "is_articulation": false}}, {"type": "Feature", "geometry": {"type": "Point", "coordinates": [73.827591, 15.493411]}, "properties": {"feature_type": "node", "node_id": 476, "degree": 3, "type": "intersection", "betweenness": 0.010342547120130307, "is_critical": false, "is_articulation": true}}, {"type": "Feature", "geometry": {"type": "Point", "coordinates": [73.825046, 15.493371]}, "properties": {"feature_type": "node", "node_id": 477, "degree": 3, "type": "intersection", "betweenness": 0.10054743855094118, "is_critical": false, "is_articulation": false}}, {"type": "Feature", "geometry": {"type": "Point", "coordinates": [73.830821, 15.493415]}, "properties": {"feature_type": "node", "node_id": 478, "degree": 1, "type": "endpoint", "betweenness": 0.0, "is_critical": false, "is_articulation": false}}, {"type": "Feature", "geometry": {"type": "Point", "coordinates": [73.840622, 15.493398]}, "properties": {"feature_type": "node", "node_id": 479, "degree": 1, "type": "endpoint", "betweenness": 0.0, "is_critical": false, "is_articulation": false}}, {"type": "Feature", "geometry": {"type": "Point", "coordinates": [73.826207, 15.493309]}, "properties": {"feature_type": "node", "node_id": 481, "degree": 3, "type": "intersection", "betweenness": 0.02629419617160423, "is_critical": false, "is_articulation": false}}, {"type": "Feature", "geometry": {"type": "Point", "coordinates": [73.824725, 15.493193]}, "properties": {"feature_type": "node", "node_id": 483, "degree": 3, "type": "intersection", "betweenness": 0.07171200078380464, "is_critical": false, "is_articulation": true}}, {"type": "Feature", "geometry": {"type": "Point", "coordinates": [73.840833, 15.493237]}, "properties": {"feature_type": "node", "node_id": 485, "degree": 1, "type": "endpoint", "betweenness": 0.0, "is_critical": false, "is_articulation": false}}, {"type": "Feature", "geometry": {"type": "Point", "coordinates": [73.833619, 15.49309]}, "properties": {"feature_type": "node", "node_id": 488, "degree": 3, "type": "intersection", "betweenness": 0.020323809290534334, "is_critical": false, "is_articulation": false}}, {"type": "Feature", "geometry": {"type": "Point", "coordinates": [73.841197, 15.49313]}, "properties": {"feature_type": "node", "node_id": 489, "degree": 3, "type": "intersection", "betweenness": 0.10155781171542994, "is_critical": false, "is_articulation": true}}, {"type": "Feature", "geometry": {"type": "Point", "coordinates": [73.841198, 15.493049]}, "properties": {"feature_type": "node", "node_id": 491, "degree": 8, "type": "intersection", "betweenness": 0.09881449548699987, "is_critical": false, "is_articulation": true}}, {"type": "Feature", "geometry": {"type": "Point", "coordinates": [73.824069, 15.492986]}, "properties": {"feature_type": "node", "node_id": 494, "degree": 1, "type": "endpoint", "betweenness": 0.0, "is_critical": false, "is_articulation": false}}, {"type": "Feature", "geometry": {"type": "Point", "coordinates": [73.841268, 15.493009]}, "properties": {"feature_type": "node", "node_id": 496, "degree": 7, "type": "intersection", "betweenness": 0.08911491310790785, "is_critical": false, "is_articulation": true}}, {"type": "Feature", "geometry": {"type": "Point", "coordinates": [73.830012, 15.493004]}, "properties": {"feature_type": "node", "node_id": 497, "degree": 3, "type": "intersection", "betweenness": 0.04640368388179247, "is_critical": false, "is_articulation": false}}, {"type": "Feature", "geometry": {"type": "Point", "coordinates": [73.824223, 15.492959]}, "properties": {"feature_type": "node", "node_id": 498, "degree": 3, "type": "intersection", "betweenness": 0.06538032895300847, "is_critical": false, "is_articulation": true}}, {"type": "Feature", "geometry": {"type": "Point", "coordinates": [73.836081, 15.492954]}, "properties": {"feature_type": "node", "node_id": 499, "degree": 4, "type": "intersection", "betweenness": 0.03644079213256096, "is_critical": false, "is_articulation": false}}, {"type": "Feature", "geometry": {"type": "Point", "coordinates": [73.841394, 15.492955]}, "properties": {"feature_type": "node", "node_id": 500, "degree": 8, "type": "intersection", "betweenness": 0.05988144954869999, "is_critical": false, "is_articulation": true}}, {"type": "Feature", "geometry": {"type": "Point", "coordinates": [73.836011, 15.492927]}, "properties": {"feature_type": "node", "node_id": 501, "degree": 4, "type": "intersection", "betweenness": 0.03539980159945134, "is_critical": false, "is_articulation": false}}, {"type": "Feature", "geometry": {"type": "Point", "coordinates": [73.835955, 15.492899]}, "properties": {"feature_type": "node", "node_id": 502, "degree": 4, "type": "intersection", "betweenness": 0.03533244338848542, "is_critical": false, "is_articulation": false}}, {"type": "Feature", "geometry": {"type": "Point", "coordinates": [73.841478, 15.492888]}, "properties": {"feature_type": "node", "node_id": 503, "degree": 8, "type": "intersection", "betweenness": 0.05366000024493895, "is_critical": false, "is_articulation": true}}, {"type": "Feature", "geometry": {"type": "Point", "coordinates": [73.835871, 15.492858]}, "properties": {"feature_type": "node", "node_id": 504, "degree": 6, "type": "intersection", "betweenness": 0.03702252213635752, "is_critical": false, "is_articulation": true}}, {"type": "Feature", "geometry": {"type": "Point", "coordinates": [73.84124, 15.492927]}, "properties": {"feature_type": "node", "node_id": 505, "degree": 3, "type": "intersection", "betweenness": 0.023146730677378664, "is_critical": false, "is_articulation": false}}, {"type": "Feature", "geometry": {"type": "Point", "coordinates": [73.824224, 15.492797]}, "properties": {"feature_type": "node", "node_id": 507, "degree": 3, "type": "intersection", "betweenness": 0.05901803975359142, "is_critical": false, "is_articulation": false}}, {"type": "Feature", "geometry": {"type": "Point", "coordinates": [73.841296, 15.492887]}, "properties": {"feature_type": "node", "node_id": 509, "degree": 3, "type": "intersection", "betweenness": 0.019993141709428924, "is_critical": false, "is_articulation": false}}, {"type": "Feature", "geometry": {"type": "Point", "coordinates": [73.841576, 15.492834]}, "properties": {"feature_type": "node", "node_id": 510, "degree": 7, "type": "intersection", "betweenness": 0.047083389465175804, "is_critical": false, "is_articulation": true}}, {"type": "Feature", "geometry": {"type": "Point", "coordinates": [73.835732, 15.49283]}, "properties": {"feature_type": "node", "node_id": 511, "degree": 4, "type": "intersection", "betweenness": 0.028272078184512512, "is_critical": false, "is_articulation": false}}, {"type": "Feature", "geometry": {"type": "Point", "coordinates": [73.841339, 15.49286]}, "properties": {"feature_type": "node", "node_id": 512, "degree": 3, "type": "intersection", "betweenness": 0.016606860739960566, "is_critical": false, "is_articulation": false}}, {"type": "Feature", "geometry": {"type": "Point", "coordinates": [73.825022, 15.49276]}, "properties": {"feature_type": "node", "node_id": 513, "degree": 1, "type": "endpoint", "betweenness": 0.0, "is_critical": false, "is_articulation": false}}, {"type": "Feature", "geometry": {"type": "Point", "coordinates": [73.835746, 15.492776]}, "properties": {"feature_type": "node", "node_id": 514, "degree": 4, "type": "intersection", "betweenness": 0.006901154887144379, "is_critical": false, "is_articulation": false}}, {"type": "Feature", "geometry": {"type": "Point", "coordinates": [73.841395, 15.492819]}, "properties": {"feature_type": "node", "node_id": 515, "degree": 3, "type": "intersection", "betweenness": 0.013404283982217434, "is_critical": false, "is_articulation": false}}, {"type": "Feature", "geometry": {"type": "Point", "coordinates": [73.841675, 15.492767]}, "properties": {"feature_type": "node", "node_id": 516, "degree": 7, "type": "intersection", "betweenness": 0.04077621152927633, "is_critical": false, "is_articulation": true}}, {"type": "Feature", "geometry": {"type": "Point", "coordinates": [73.841437, 15.492793]}, "properties": {"feature_type": "node", "node_id": 517, "degree": 3, "type": "intersection", "betweenness": 0.010066990802542466, "is_critical": false, "is_articulation": false}}, {"type": "Feature", "geometry": {"type": "Point", "coordinates": [73.841759, 15.492754]}, "properties": {"feature_type": "node", "node_id": 518, "degree": 3, "type": "intersection", "betweenness": 0.0, "is_critical": false, "is_articulation": false}}, {"type": "Feature", "geometry": {"type": "Point", "coordinates": [73.841493, 15.492752]}, "properties": {"feature_type": "node", "node_id": 519, "degree": 3, "type": "intersection", "betweenness": 0.006839920149902637, "is_critical": false, "is_articulation": false}}, {"type": "Feature", "geometry": {"type": "Point", "coordinates": [73.841801, 15.492686]}, "properties": {"feature_type": "node", "node_id": 520, "degree": 4, "type": "intersection", "betweenness": 0.02733518670471385, "is_critical": false, "is_articulation": true}}, {"type": "Feature", "geometry": {"type": "Point", "coordinates": [73.841731, 15.492699]}, "properties": {"feature_type": "node", "node_id": 521, "degree": 3, "type": "intersection", "betweenness": 0.030641862515767945, "is_critical": false, "is_articulation": false}}, {"type": "Feature", "geometry": {"type": "Point", "coordinates": [73.841857, 15.492686]}, "properties": {"feature_type": "node", "node_id": 522, "degree": 3, "type": "intersection", "betweenness": 0.010275699198641405, "is_critical": false, "is_articulation": false}}, {"type": "Feature", "geometry": {"type": "Point", "coordinates": [73.842039, 15.492701]}, "properties": {"feature_type": "node", "node_id": 523, "degree": 1, "type": "endpoint", "betweenness": 0.0, "is_critical": false, "is_articulation": false}}, {"type": "Feature", "geometry": {"type": "Point", "coordinates": [73.828085, 15.492614]}, "properties": {"feature_type": "node", "node_id": 524, "degree": 1, "type": "endpoint", "betweenness": 0.0, "is_critical": false, "is_articulation": false}}, {"type": "Feature", "geometry": {"type": "Point", "coordinates": [73.841591, 15.492685]}, "properties": {"feature_type": "node", "node_id": 525, "degree": 3, "type": "intersection", "betweenness": 0.0036189729709869816, "is_critical": false, "is_articulation": true}}, {"type": "Feature", "geometry": {"type": "Point", "coordinates": [73.831035, 15.492616]}, "properties": {"feature_type": "node", "node_id": 526, "degree": 3, "type": "intersection", "betweenness": 0.02091166276805506, "is_critical": false, "is_articulation": false}}, {"type": "Feature", "geometry": {"type": "Point", "coordinates": [73.841899, 15.492659]}, "properties": {"feature_type": "node", "node_id": 527, "degree": 3, "type": "intersection", "betweenness": 0.006882274176494841, "is_critical": false, "is_articulation": false}}, {"type": "Feature", "geometry": {"type": "Point", "coordinates": [73.83523, 15.492611]}, "properties": {"feature_type": "node", "node_id": 528, "degree": 3, "type": "intersection", "betweenness": 0.028449658922513565, "is_critical": false, "is_articulation": false}}, {"type": "Feature", "geometry": {"type": "Point", "coordinates": [73.835174, 15.492597]}, "properties": {"feature_type": "node", "node_id": 529, "degree": 3, "type": "intersection", "betweenness": 0.03247278115929605, "is_critical": false, "is_articulation": false}}, {"type": "Feature", "geometry": {"type": "Point", "coordinates": [73.841829, 15.492632]}, "properties": {"feature_type": "node", "node_id": 530, "degree": 3, "type": "intersection", "betweenness": 0.010275699198641405, "is_critical": false, "is_articulation": false}}, {"type": "Feature", "geometry": {"type": "Point", "coordinates": [73.841955, 15.492619]}, "properties": {"feature_type": "node", "node_id": 531, "degree": 3, "type": "intersection", "betweenness": 0.0034592523646814373, "is_critical": false, "is_articulation": false}}, {"type": "Feature", "geometry": {"type": "Point", "coordinates": [73.824687, 15.492514]}, "properties": {"feature_type": "node", "node_id": 532, "degree": 3, "type": "intersection", "betweenness": 0.0008266689527635237, "is_critical": false, "is_articulation": false}}, {"type": "Feature", "geometry": {"type": "Point", "coordinates": [73.826281, 15.492509]}, "properties": {"feature_type": "node", "node_id": 533, "degree": 3, "type": "intersection", "betweenness": 0.020568748239501305, "is_critical": false, "is_articulation": false}}, {"type": "Feature", "geometry": {"type": "Point", "coordinates": [73.829637, 15.492541]}, "properties": {"feature_type": "node", "node_id": 534, "degree": 1, "type": "endpoint", "betweenness": 0.0, "is_critical": false, "is_articulation": false}}, {"type": "Feature", "geometry": {"type": "Point", "coordinates": [73.841871, 15.492605]}, "properties": {"feature_type": "node", "node_id": 535, "degree": 3, "type": "intersection", "betweenness": 0.006882274176494843, "is_critical": false, "is_articulation": false}}, {"type": "Feature", "geometry": {"type": "Point", "coordinates": [73.841997, 15.492592]}, "properties": {"feature_type": "node", "node_id": 536, "degree": 3, "type": "intersection", "betweenness": 6.633763201188771e-06, "is_critical": false, "is_articulation": false}}, {"type": "Feature", "geometry": {"type": "Point", "coordinates": [73.835244, 15.492543]}, "properties": {"feature_type": "node", "node_id": 537, "degree": 3, "type": "intersection", "betweenness": 0.005437644667066734, "is_critical": false, "is_articulation": false}}, {"type": "Feature", "geometry": {"type": "Point", "coordinates": [73.829903, 15.492501]}, "properties": {"feature_type": "node", "node_id": 538, "degree": 3, "type": "intersection", "betweenness": 0.03718785592691022, "is_critical": false, "is_articulation": true}}, {"type": "Feature", "geometry": {"type": "Point", "coordinates": [73.832014, 15.492499]}, "properties": {"feature_type": "node", "node_id": 539, "degree": 4, "type": "intersection", "betweenness": 0.07716189239831972, "is_critical": false, "is_articulation": false}}, {"type": "Feature", "geometry": {"type": "Point", "coordinates": [73.835188, 15.492529]}, "properties": {"feature_type": "node", "node_id": 540, "degree": 3, "type": "intersection", "betweenness": 0.005786682669344666, "is_critical": false, "is_articulation": false}}, {"type": "Feature", "geometry": {"type": "Point", "coordinates": [73.833664, 15.492508]}, "properties": {"feature_type": "node", "node_id": 541, "degree": 3, "type": "intersection", "betweenness": 0.0585710261717267, "is_critical": false, "is_articulation": false}}, {"type": "Feature", "geometry": {"type": "Point", "coordinates": [73.833958, 15.492523]}, "properties": {"feature_type": "node", "node_id": 542, "degree": 3, "type": "intersection", "betweenness": 0.036820447503459766, "is_critical": false, "is_articulation": false}}, {"type": "Feature", "geometry": {"type": "Point", "coordinates": [73.841928, 15.492565]}, "properties": {"feature_type": "node", "node_id": 543, "degree": 3, "type": "intersection", "betweenness": 0.0034592523646814373, "is_critical": false, "is_articulation": false}}, {"type": "Feature", "geometry": {"type": "Point", "coordinates": [73.84197, 15.492538]}, "properties": {"feature_type": "node", "node_id": 544, "degree": 3, "type": "intersection", "betweenness": 6.633763201188771e-06, "is_critical": false, "is_articulation": false}}, {"type": "Feature", "geometry": {"type": "Point", "coordinates": [73.833958, 15.492441]}, "properties": {"feature_type": "node", "node_id": 545, "degree": 3, "type": "intersection", "betweenness": 0.003723072024297944, "is_critical": false, "is_articulation": false}}, {"type": "Feature", "geometry": {"type": "Point", "coordinates": [73.823947, 15.492375]}, "properties": {"feature_type": "node", "node_id": 547, "degree": 3, "type": "intersection", "betweenness": 0.05252715760596671, "is_critical": false, "is_articulation": true}}, {"type": "Feature", "geometry": {"type": "Point", "coordinates": [73.825709, 15.492384]}, "properties": {"feature_type": "node", "node_id": 548, "degree": 3, "type": "intersection", "betweenness": 0.023495768679656595, "is_critical": false, "is_articulation": false}}, {"type": "Feature", "geometry": {"type": "Point", "coordinates": [73.830519, 15.492315]}, "properties": {"feature_type": "node", "node_id": 552, "degree": 1, "type": "endpoint", "betweenness": 0.0, "is_critical": false, "is_articulation": false}}, {"type": "Feature", "geometry": {"type": "Point", "coordinates": [73.822997, 15.492261]}, "properties": {"feature_type": "node", "node_id": 553, "degree": 1, "type": "endpoint", "betweenness": 0.0, "is_critical": false, "is_articulation": false}}, {"type": "Feature", "geometry": {"type": "Point", "coordinates": [73.832016, 15.492268]}, "properties": {"feature_type": "node", "node_id": 554, "degree": 3, "type": "intersection", "betweenness": 0.023312064467931368, "is_critical": false, "is_articulation": false}}, {"type": "Feature", "geometry": {"type": "Point", "coordinates": [73.842041, 15.492321]}, "properties": {"feature_type": "node", "node_id": 555, "degree": 1, "type": "endpoint", "betweenness": 0.0, "is_critical": false, "is_articulation": false}}, {"type": "Feature", "geometry": {"type": "Point", "coordinates": [73.830981, 15.492236]}, "properties": {"feature_type": "node", "node_id": 556, "degree": 3, "type": "intersection", "betweenness": 0.0034597626541584513, "is_critical": false, "is_articulation": true}}, {"type": "Feature", "geometry": {"type": "Point", "coordinates": [73.829513, 15.492215]}, "properties": {"feature_type": "node", "node_id": 557, "degree": 1, "type": "endpoint", "betweenness": 0.0, "is_critical": false, "is_articulation": false}}, {"type": "Feature", "geometry": {"type": "Point", "coordinates": [73.829807, 15.492135]}, "properties": {"feature_type": "node", "node_id": 560, "degree": 3, "type": "intersection", "betweenness": 0.030635739042043773, "is_critical": false, "is_articulation": true}}, {"type": "Feature", "geometry": {"type": "Point", "coordinates": [73.827043, 15.491388]}, "properties": {"feature_type": "node", "node_id": 564, "degree": 3, "type": "intersection", "betweenness": 0.01696202221596267, "is_critical": false, "is_articulation": false}}, {"type": "Feature", "geometry": {"type": "Point", "coordinates": [73.823897, 15.491344]}, "properties": {"feature_type": "node", "node_id": 565, "degree": 3, "type": "intersection", "betweenness": 0.046636375883311085, "is_critical": false, "is_articulation": false}}, {"type": "Feature", "geometry": {"type": "Point", "coordinates": [73.829225, 15.491291]}, "properties": {"feature_type": "node", "node_id": 567, "degree": 3, "type": "intersection", "betweenness": 0.02416322731559159, "is_critical": false, "is_articulation": false}}, {"type": "Feature", "geometry": {"type": "Point", "coordinates": [73.82394, 15.491168]}, "properties": {"feature_type": "node", "node_id": 568, "degree": 3, "type": "intersection", "betweenness": 0.043660367653362404, "is_critical": false, "is_articulation": true}}, {"type": "Feature", "geometry": {"type": "Point", "coordinates": [73.829044, 15.491155]}, "properties": {"feature_type": "node", "node_id": 569, "degree": 3, "type": "intersection", "betweenness": 0.01711510905906703, "is_critical": false, "is_articulation": true}}, {"type": "Feature", "geometry": {"type": "Point", "coordinates": [73.82299, 15.491068]}, "properties": {"feature_type": "node", "node_id": 570, "degree": 1, "type": "endpoint", "betweenness": 0.0, "is_critical": false, "is_articulation": false}}, {"type": "Feature", "geometry": {"type": "Point", "coordinates": [73.823536, 15.490854]}, "properties": {"feature_type": "node", "node_id": 571, "degree": 3, "type": "intersection", "betweenness": 0.006913401834592728, "is_critical": false, "is_articulation": true}}, {"type": "Feature", "geometry": {"type": "Point", "coordinates": [73.824404, 15.490642]}, "properties": {"feature_type": "node", "node_id": 572, "degree": 3, "type": "intersection", "betweenness": 0.030580627778526204, "is_critical": false, "is_articulation": true}}, {"type": "Feature", "geometry": {"type": "Point", "coordinates": [73.823888, 15.490531]}, "properties": {"feature_type": "node", "node_id": 573, "degree": 1, "type": "endpoint", "betweenness": 0.0, "is_critical": false, "is_articulation": false}}, {"type": "Feature", "geometry": {"type": "Point", "coordinates": [73.829565, 15.490493]}, "properties": {"feature_type": "node", "node_id": 574, "degree": 3, "type": "intersection", "betweenness": 0.0006062238986932507, "is_critical": false, "is_articulation": false}}, {"type": "Feature", "geometry": {"type": "Point", "coordinates": [73.822993, 15.49039]}, "properties": {"feature_type": "node", "node_id": 575, "degree": 1, "type": "endpoint", "betweenness": 0.0, "is_critical": false, "is_articulation": false}}, {"type": "Feature", "geometry": {"type": "Point", "coordinates": [73.824, 15.490368]}, "properties": {"feature_type": "node", "node_id": 576, "degree": 3, "type": "intersection", "betweenness": 0.013783939353116236, "is_critical": false, "is_articulation": true}}, {"type": "Feature", "geometry": {"type": "Point", "coordinates": [73.829076, 15.490314]}, "properties": {"feature_type": "node", "node_id": 577, "degree": 3, "type": "intersection", "betweenness": 0.0034597626541584513, "is_critical": false, "is_articulation": true}}, {"type": "Feature", "geometry": {"type": "Point", "coordinates": [73.822994, 15.490214]}, "properties": {"feature_type": "node", "node_id": 578, "degree": 1, "type": "endpoint", "betweenness": 0.0, "is_critical": false, "is_articulation": false}}, {"type": "Feature", "geometry": {"type": "Point", "coordinates": [73.827776, 15.490212]}, "properties": {"feature_type": "node", "node_id": 579, "degree": 1, "type": "endpoint", "betweenness": 0.0, "is_critical": false, "is_articulation": false}}, {"type": "Feature", "geometry": {"type": "Point", "coordinates": [73.827301, 15.490169]}, "properties": {"feature_type": "node", "node_id": 580, "degree": 3, "type": "intersection", "betweenness": 0.013765568931943714, "is_critical": false, "is_articulation": true}}, {"type": "Feature", "geometry": {"type": "Point", "coordinates": [73.829091, 15.490138]}, "properties": {"feature_type": "node", "node_id": 581, "degree": 1, "type": "endpoint", "betweenness": 0.0, "is_critical": false, "is_articulation": false}}, {"type": "Feature", "geometry": {"type": "Point", "coordinates": [73.832028, 15.490113]}, "properties": {"feature_type": "node", "node_id": 582, "degree": 3, "type": "intersection", "betweenness": 0.019974771288256404, "is_critical": false, "is_articulation": false}}, {"type": "Feature", "geometry": {"type": "Point", "coordinates": [73.823318, 15.489809]}, "properties": {"feature_type": "node", "node_id": 583, "degree": 3, "type": "intersection", "betweenness": 0.006913401834592728, "is_critical": false, "is_articulation": true}}, {"type": "Feature", "geometry": {"type": "Point", "coordinates": [73.83203, 15.489638]}, "properties": {"feature_type": "node", "node_id": 584, "degree": 3, "type": "intersection", "betweenness": 0.016955898742238497, "is_critical": false, "is_articulation": true}}, {"type": "Feature", "geometry": {"type": "Point", "coordinates": [73.829178, 15.48961]}, "properties": {"feature_type": "node", "node_id": 585, "degree": 3, "type": "intersection", "betweenness": 0.006913401834592728, "is_critical": false, "is_articulation": true}}, {"type": "Feature", "geometry": {"type": "Point", "coordinates": [73.82311, 15.489564]}, "properties": {"feature_type": "node", "node_id": 586, "degree": 1, "type": "endpoint", "betweenness": 0.0, "is_critical": false, "is_articulation": false}}, {"type": "Feature", "geometry": {"type": "Point", "coordinates": [73.829444, 15.489557]}, "properties": {"feature_type": "node", "node_id": 587, "degree": 1, "type": "endpoint", "betweenness": 0.0, "is_critical": false, "is_articulation": false}}, {"type": "Feature", "geometry": {"type": "Point", "coordinates": [73.830941, 15.489348]}, "properties": {"feature_type": "node", "node_id": 588, "degree": 3, "type": "intersection", "betweenness": 0.003802677182712209, "is_critical": false, "is_articulation": true}}, {"type": "Feature", "geometry": {"type": "Point", "coordinates": [73.83202, 15.489069]}, "properties": {"feature_type": "node", "node_id": 589, "degree": 3, "type": "intersection", "betweenness": 0.006913401834592728, "is_critical": false, "is_articulation": true}}, {"type": "Feature", "geometry": {"type": "Point", "coordinates": [73.827126, 15.488948]}, "properties": {"feature_type": "node", "node_id": 590, "degree": 4, "type": "intersection", "betweenness": 0.007378785837629971, "is_critical": false, "is_articulation": true}}, {"type": "Feature", "geometry": {"type": "Point", "coordinates": [73.824443, 15.488757]}, "properties": {"feature_type": "node", "node_id": 591, "degree": 1, "type": "endpoint", "betweenness": 0.0, "is_critical": false, "is_articulation": false}}, {"type": "Feature", "geometry": {"type": "Point", "coordinates": [73.824261, 15.488743]}, "properties": {"feature_type": "node", "node_id": 592, "degree": 1, "type": "endpoint", "betweenness": 0.0, "is_critical": false, "is_articulation": false}}, {"type": "Feature", "geometry": {"type": "Point", "coordinates": [73.823017, 15.488709]}, "properties": {"feature_type": "node", "node_id": 593, "degree": 1, "type": "endpoint", "betweenness": 0.0, "is_critical": false, "is_articulation": false}}, {"type": "Feature", "geometry": {"type": "Point", "coordinates": [73.824849, 15.488651]}, "properties": {"feature_type": "node", "node_id": 594, "degree": 3, "type": "intersection", "betweenness": 1.837042117252275e-05, "is_critical": false, "is_articulation": true}}, {"type": "Feature", "geometry": {"type": "Point", "coordinates": [73.826037, 15.488657]}, "properties": {"feature_type": "node", "node_id": 595, "degree": 3, "type": "intersection", "betweenness": 0.01070383206985659, "is_critical": false, "is_articulation": true}}, {"type": "Feature", "geometry": {"type": "Point", "coordinates": [73.832553, 15.488665]}, "properties": {"feature_type": "node", "node_id": 596, "degree": 1, "type": "endpoint", "betweenness": 0.0, "is_critical": false, "is_articulation": false}}, {"type": "Feature", "geometry": {"type": "Point", "coordinates": [73.826835, 15.488499]}, "properties": {"feature_type": "node", "node_id": 597, "degree": 1, "type": "endpoint", "betweenness": 0.0, "is_critical": false, "is_articulation": false}}, {"type": "Feature", "geometry": {"type": "Point", "coordinates": [73.826053, 15.488359]}, "properties": {"feature_type": "node", "node_id": 598, "degree": 3, "type": "intersection", "betweenness": 0.006913401834592728, "is_critical": false, "is_articulation": true}}, {"type": "Feature", "geometry": {"type": "Point", "coordinates": [73.826964, 15.487944]}, "properties": {"feature_type": "node", "node_id": 599, "degree": 1, "type": "endpoint", "betweenness": 0.0, "is_critical": false, "is_articulation": false}}, {"type": "Feature", "geometry": {"type": "Point", "coordinates": [73.824699, 15.487918]}, "properties": {"feature_type": "node", "node_id": 600, "degree": 1, "type": "endpoint", "betweenness": 0.0, "is_critical": false, "is_articulation": false}}, {"type": "Feature", "geometry": {"type": "Point", "coordinates": [73.825538, 15.487922]}, "properties": {"feature_type": "node", "node_id": 601, "degree": 1, "type": "endpoint", "betweenness": 0.0, "is_critical": false, "is_articulation": false}}, {"type": "Feature", "geometry": {"type": "Point", "coordinates": [73.82607, 15.487925]}, "properties": {"feature_type": "node", "node_id": 602, "degree": 1, "type": "endpoint", "betweenness": 0.0, "is_critical": false, "is_articulation": false}}, {"type": "Feature", "geometry": {"type": "Point", "coordinates": [73.829956, 15.487946]}, "properties": {"feature_type": "node", "node_id": 603, "degree": 1, "type": "endpoint", "betweenness": 0.0, "is_critical": false, "is_articulation": false}}, {"type": "Feature", "geometry": {"type": "Point", "coordinates": [73.831411, 15.487954]}, "properties": {"feature_type": "node", "node_id": 604, "degree": 1, "type": "endpoint", "betweenness": 0.0, "is_critical": false, "is_articulation": false}}, {"type": "Feature", "geometry": {"type": "Point", "coordinates": [73.832012, 15.487957]}, "properties": {"feature_type": "node", "node_id": 605, "degree": 1, "type": "endpoint", "betweenness": 0.0, "is_critical": false, "is_articulation": false}}, {"type": "Feature", "geometry": {"type": "Point", "coordinates": [73.829827, 15.501029]}, "properties": {"feature_type": "node", "node_id": 606, "degree": 2, "type": "intersection", "betweenness": 0.0, "is_critical": false, "is_articulation": false}}, {"type": "Feature", "geometry": {"type": "Point", "coordinates": [73.830093, 15.50099]}, "properties": {"feature_type": "node", "node_id": 607, "degree": 2, "type": "intersection", "betweenness": 0.0, "is_critical": false, "is_articulation": false}}, {"type": "Feature", "geometry": {"type": "Point", "coordinates": [73.830163, 15.500977]}, "properties": {"feature_type": "node", "node_id": 608, "degree": 2, "type": "intersection", "betweenness": 0.0, "is_critical": false, "is_articulation": false}}, {"type": "Feature", "geometry": {"type": "Point", "coordinates": [73.823718, 15.500794]}, "properties": {"feature_type": "node", "node_id": 609, "degree": 2, "type": "intersection", "betweenness": 0.0, "is_critical": false, "is_articulation": false}}, {"type": "Feature", "geometry": {"type": "Point", "coordinates": [73.830654, 15.500722]}, "properties": {"feature_type": "node", "node_id": 610, "degree": 2, "type": "intersection", "betweenness": 0.0, "is_critical": false, "is_articulation": false}}, {"type": "Feature", "geometry": {"type": "Point", "coordinates": [73.837177, 15.499482]}, "properties": {"feature_type": "node", "node_id": 611, "degree": 2, "type": "intersection", "betweenness": 0.0, "is_critical": false, "is_articulation": false}}, {"type": "Feature", "geometry": {"type": "Point", "coordinates": [73.837233, 15.499469]}, "properties": {"feature_type": "node", "node_id": 612, "degree": 2, "type": "intersection", "betweenness": 0.0, "is_critical": false, "is_articulation": false}}, {"type": "Feature", "geometry": {"type": "Point", "coordinates": [73.837345, 15.499415]}, "properties": {"feature_type": "node", "node_id": 613, "degree": 2, "type": "intersection", "betweenness": 0.0, "is_critical": false, "is_articulation": false}}, {"type": "Feature", "geometry": {"type": "Point", "coordinates": [73.837724, 15.499186]}, "properties": {"feature_type": "node", "node_id": 614, "degree": 2, "type": "intersection", "betweenness": 0.0, "is_critical": false, "is_articulation": false}}, {"type": "Feature", "geometry": {"type": "Point", "coordinates": [73.837864, 15.499133]}, "properties": {"feature_type": "node", "node_id": 615, "degree": 2, "type": "intersection", "betweenness": 0.0, "is_critical": false, "is_articulation": false}}, {"type": "Feature", "geometry": {"type": "Point", "coordinates": [73.835996, 15.498052]}, "properties": {"feature_type": "node", "node_id": 616, "degree": 2, "type": "intersection", "betweenness": 0.0, "is_critical": false, "is_articulation": false}}, {"type": "Feature", "geometry": {"type": "Point", "coordinates": [73.835689, 15.497955]}, "properties": {"feature_type": "node", "node_id": 617, "degree": 2, "type": "intersection", "betweenness": 0.0, "is_critical": false, "is_articulation": false}}, {"type": "Feature", "geometry": {"type": "Point", "coordinates": [73.836055, 15.497537]}, "properties": {"feature_type": "node", "node_id": 618, "degree": 2, "type": "intersection", "betweenness": 0.0, "is_critical": false, "is_articulation": false}}, {"type": "Feature", "geometry": {"type": "Point", "coordinates": [73.837813, 15.495797]}, "properties": {"feature_type": "node", "node_id": 619, "degree": 2, "type": "intersection", "betweenness": 0.0, "is_critical": false, "is_articulation": false}}, {"type": "Feature", "geometry": {"type": "Point", "coordinates": [73.837715, 15.495715]}, "properties": {"feature_type": "node", "node_id": 620, "degree": 2, "type": "intersection", "betweenness": 0.0, "is_critical": false, "is_articulation": false}}, {"type": "Feature", "geometry": {"type": "Point", "coordinates": [73.838193, 15.495284]}, "properties": {"feature_type": "node", "node_id": 621, "degree": 2, "type": "intersection", "betweenness": 0.0, "is_critical": false, "is_articulation": false}}, {"type": "Feature", "geometry": {"type": "Point", "coordinates": [73.838221, 15.49523]}, "properties": {"feature_type": "node", "node_id": 622, "degree": 2, "type": "intersection", "betweenness": 0.0, "is_critical": false, "is_articulation": false}}, {"type": "Feature", "geometry": {"type": "Point", "coordinates": [73.837333, 15.494032]}, "properties": {"feature_type": "node", "node_id": 623, "degree": 2, "type": "intersection", "betweenness": 0.0, "is_critical": false, "is_articulation": false}}, {"type": "Feature", "geometry": {"type": "Point", "coordinates": [73.841184, 15.493008]}, "properties": {"feature_type": "node", "node_id": 624, "degree": 2, "type": "intersection", "betweenness": 0.0, "is_critical": false, "is_articulation": false}}, {"type": "Feature", "geometry": {"type": "Point", "coordinates": [73.841412, 15.493005]}, "properties": {"feature_type": "node", "node_id": 625, "degree": 2, "type": "intersection", "betweenness": 0.0, "is_critical": false, "is_articulation": false}}, {"type": "Feature", "geometry": {"type": "Point", "coordinates": [73.841506, 15.492942]}, "properties": {"feature_type": "node", "node_id": 626, "degree": 2, "type": "intersection", "betweenness": 0.0, "is_critical": false, "is_articulation": false}}, {"type": "Feature", "geometry": {"type": "Point", "coordinates": [73.835816, 15.492844]}, "properties": {"feature_type": "node", "node_id": 627, "degree": 2, "type": "intersection", "betweenness": 0.0, "is_critical": false, "is_articulation": false}}, {"type": "Feature", "geometry": {"type": "Point", "coordinates": [73.841604, 15.492875]}, "properties": {"feature_type": "node", "node_id": 628, "degree": 2, "type": "intersection", "betweenness": 0.0, "is_critical": false, "is_articulation": false}}, {"type": "Feature", "geometry": {"type": "Point", "coordinates": [73.841702, 15.492808]}, "properties": {"feature_type": "node", "node_id": 629, "degree": 2, "type": "intersection", "betweenness": 0.0, "is_critical": false, "is_articulation": false}}, {"type": "Feature", "geometry": {"type": "LineString", "coordinates": [[73.824891, 15.501003], [73.824807, 15.500989]]}, "properties": {"feature_type": "edge", "u": 0, "v": 7, "edge_key": 0, "length_m": 9.621, "is_bridged": false, "is_bridge": false, "edge_betweenness": 0.0, "width_m": 3.207}}, {"type": "Feature", "geometry": {"type": "LineString", "coordinates": [[73.824891, 15.501003], [73.824933, 15.501004], [73.824947, 15.500963]]}, "properties": {"feature_type": "edge", "u": 0, "v": 14, "edge_key": 0, "length_m": 9.621, "is_bridged": false, "is_bridge": false, "edge_betweenness": 0.0, "width_m": 3.742}}, {"type": "Feature", "geometry": {"type": "LineString", "coordinates": [[73.824891, 15.501003], [73.824891, 15.500949]]}, "properties": {"feature_type": "edge", "u": 0, "v": 17, "edge_key": 0, "length_m": 6.0, "is_bridged": false, "is_bridge": false, "edge_betweenness": 0.0, "width_m": 5.243}}, {"type": "Feature", "geometry": {"type": "LineString", "coordinates": [[73.82559, 15.501007], [73.825338, 15.501006], [73.825227, 15.500978]]}, "properties": {"feature_type": "edge", "u": 1, "v": 15, "edge_key": 0, "length_m": 40.243, "is_bridged": false, "is_bridge": true, "edge_betweenness": 0.0, "width_m": 3.915}}, {"type": "Feature", "geometry": {"type": "LineString", "coordinates": [[73.825982, 15.501009], [73.826038, 15.500969], [73.826179, 15.500766], [73.826207, 15.500671]]}, "properties": {"feature_type": "edge", "u": 2, "v": 54, "edge_key": 0, "length_m": 48.32, "is_bridged": false, "is_bridge": true, "edge_betweenness": 0.0, "width_m": 8.093}}, {"type": "Feature", "geometry": {"type": "LineString", "coordinates": [[73.826807, 15.501013], [73.826849, 15.500973], [73.82692, 15.500824], [73.826948, 15.500811]]}, "properties": {"feature_type": "edge", "u": 3, "v": 44, "edge_key": 0, "length_m": 29.325, "is_bridged": false, "is_bridge": true, "edge_betweenness": 0.0, "width_m": 8.05}}, {"type": "Feature", "geometry": {"type": "LineString", "coordinates": [[73.828862, 15.501024], [73.829128, 15.501012], [73.82938, 15.500959]]}, "properties": {"feature_type": "edge", "u": 4, "v": 24, "edge_key": 0, "length_m": 58.607, "is_bridged": false, "is_bridge": true, "edge_betweenness": 0.0, "width_m": 6.563}}, {"type": "Feature", "geometry": {"type": "LineString", "coordinates": [[73.824723, 15.500989], [73.824639, 15.500975]]}, "properties": {"feature_type": "edge", "u": 6, "v": 13, "edge_key": 0, "length_m": 9.621, "is_bridged": false, "is_bridge": false, "edge_betweenness": 0.0, "width_m": 6.414}}, {"type": "Feature", "geometry": {"type": "LineString", "coordinates": [[73.824723, 15.500989], [73.824807, 15.500989]]}, "properties": {"feature_type": "edge", "u": 6, "v": 7, "edge_key": 0, "length_m": 9.0, "is_bridged": false, "is_bridge": false, "edge_betweenness": 0.0, "width_m": 5.649}}, {"type": "Feature", "geometry": {"type": "LineString", "coordinates": [[73.824723, 15.500989], [73.824724, 15.500921]]}, "properties": {"feature_type": "edge", "u": 6, "v": 23, "edge_key": 0, "length_m": 7.5, "is_bridged": false, "is_bridge": false, "edge_betweenness": 0.0, "width_m": 5.432}}, {"type": "Feature", "geometry": {"type": "LineString", "coordinates": [[73.824807, 15.500989], [73.824808, 15.500935]]}, "properties": {"feature_type": "edge", "u": 7, "v": 19, "edge_key": 0, "length_m": 6.0, "is_bridged": false, "is_bridge": false, "edge_betweenness": 0.0, "width_m": 5.657}}, {"type": "Feature", "geometry": {"type": "LineString", "coordinates": [[73.828093, 15.501007], [73.828066, 15.500925], [73.828067, 15.500695]]}, "properties": {"feature_type": "edge", "u": 8, "v": 51, "edge_key": 0, "length_m": 35.743, "is_bridged": false, "is_bridge": true, "edge_betweenness": 0.0, "width_m": 9.031}}, {"type": "Feature", "geometry": {"type": "LineString", "coordinates": [[73.829827, 15.501002], [73.829827, 15.501029]]}, "properties": {"feature_type": "edge", "u": 9, "v": 606, "edge_key": 0, "length_m": 3.0, "is_bridged": false, "is_bridge": false, "edge_betweenness": 0.0, "width_m": 3.0}}, {"type": "Feature", "geometry": {"type": "LineString", "coordinates": [[73.829827, 15.501029], [73.829827, 15.501002]]}, "properties": {"feature_type": "edge", "u": 9, "v": 606, "edge_key": 1, "length_m": 3.0, "is_bridged": false, "is_bridge": false, "edge_betweenness": 0.0, "width_m": 3.0}}, {"type": "Feature", "geometry": {"type": "LineString", "coordinates": [[73.829827, 15.501002], [73.82938, 15.500959]]}, "properties": {"feature_type": "edge", "u": 9, "v": 24, "edge_key": 0, "length_m": 49.597, "is_bridged": false, "is_bridge": false, "edge_betweenness": 0.0, "width_m": 8.413}}, {"type": "Feature", "geometry": {"type": "LineString", "coordinates": [[73.829827, 15.501002], [73.830051, 15.50099], [73.830107, 15.500963]]}, "properties": {"feature_type": "edge", "u": 9, "v": 21, "edge_key": 0, "length_m": 31.219, "is_bridged": false, "is_bridge": false, "edge_betweenness": 0.0, "width_m": 10.335}}, {"type": "Feature", "geometry": {"type": "LineString", "coordinates": [[73.836748, 15.501052], [73.836735, 15.500971], [73.836883, 15.499548]]}, "properties": {"feature_type": "edge", "u": 10, "v": 161, "edge_key": 0, "length_m": 173.335, "is_bridged": false, "is_bridge": true, "edge_betweenness": 0.0, "width_m": 8.569}}, {"type": "Feature", "geometry": {"type": "LineString", "coordinates": [[73.836986, 15.501054], [73.836972, 15.501026], [73.837106, 15.499631], [73.837149, 15.499482]]}, "properties": {"feature_type": "edge", "u": 11, "v": 167, "edge_key": 0, "length_m": 181.412, "is_bridged": false, "is_bridge": true, "edge_betweenness": 0.0, "width_m": 8.492}}, {"type": "Feature", "geometry": {"type": "LineString", "coordinates": [[73.837308, 15.501055], [73.837294, 15.501001], [73.837456, 15.499605], [73.837456, 15.499456], [73.837429, 15.499429]]}, "properties": {"feature_type": "edge", "u": 12, "v": 197, "edge_key": 0, "length_m": 188.698, "is_bridged": false, "is_bridge": true, "edge_betweenness": 0.0, "width_m": 8.58}}, {"type": "Feature", "geometry": {"type": "LineString", "coordinates": [[73.824639, 15.500975], [73.824556, 15.500961]]}, "properties": {"feature_type": "edge", "u": 13, "v": 16, "edge_key": 0, "length_m": 9.621, "is_bridged": false, "is_bridge": false, "edge_betweenness": 0.0, "width_m": 8.361}}, {"type": "Feature", "geometry": {"type": "LineString", "coordinates": [[73.824639, 15.500975], [73.82464, 15.500907]]}, "properties": {"feature_type": "edge", "u": 13, "v": 27, "edge_key": 0, "length_m": 7.5, "is_bridged": false, "is_bridge": false, "edge_betweenness": 0.0, "width_m": 7.243}}, {"type": "Feature", "geometry": {"type": "LineString", "coordinates": [[73.824947, 15.500963], [73.825101, 15.500991], [73.825227, 15.500978]]}, "properties": {"feature_type": "edge", "u": 14, "v": 15, "edge_key": 0, "length_m": 31.597, "is_bridged": false, "is_bridge": false, "edge_betweenness": 0.0, "width_m": 7.348}}, {"type": "Feature", "geometry": {"type": "LineString", "coordinates": [[73.824947, 15.500963], [73.824891, 15.500949]]}, "properties": {"feature_type": "edge", "u": 14, "v": 17, "edge_key": 0, "length_m": 6.621, "is_bridged": false, "is_bridge": false, "edge_betweenness": 0.0, "width_m": 8.298}}, {"type": "Feature", "geometry": {"type": "LineString", "coordinates": [[73.825227, 15.500978], [73.825227, 15.500924], [73.825354, 15.500707], [73.825594, 15.500329], [73.825636, 15.500316]]}, "properties": {"feature_type": "edge", "u": 15, "v": 69, "edge_key": 0, "length_m": 93.276, "is_bridged": false, "is_bridge": false, "edge_betweenness": 0.0, "width_m": 8.445}}, {"type": "Feature", "geometry": {"type": "LineString", "coordinates": [[73.824556, 15.500961], [73.824486, 15.500947]]}, "properties": {"feature_type": "edge", "u": 16, "v": 18, "edge_key": 0, "length_m": 8.121, "is_bridged": false, "is_bridge": false, "edge_betweenness": 0.0, "width_m": 8.336}}, {"type": "Feature", "geometry": {"type": "LineString", "coordinates": [[73.824556, 15.500961], [73.824556, 15.500893]]}, "properties": {"feature_type": "edge", "u": 16, "v": 29, "edge_key": 0, "length_m": 7.5, "is_bridged": false, "is_bridge": false, "edge_betweenness": 0.0, "width_m": 7.243}}, {"type": "Feature", "geometry": {"type": "LineString", "coordinates": [[73.824891, 15.500949], [73.824808, 15.500935]]}, "properties": {"feature_type": "edge", "u": 17, "v": 19, "edge_key": 0, "length_m": 9.621, "is_bridged": false, "is_bridge": false, "edge_betweenness": 0.0, "width_m": 8.194}}, {"type": "Feature", "geometry": {"type": "LineString", "coordinates": [[73.824486, 15.500947], [73.824402, 15.500933]]}, "properties": {"feature_type": "edge", "u": 18, "v": 22, "edge_key": 0, "length_m": 9.621, "is_bridged": false, "is_bridge": false, "edge_betweenness": 0.0, "width_m": 8.446}}, {"type": "Feature", "geometry": {"type": "LineString", "coordinates": [[73.824486, 15.500947], [73.824486, 15.500879]]}, "properties": {"feature_type": "edge", "u": 18, "v": 31, "edge_key": 0, "length_m": 7.5, "is_bridged": false, "is_bridge": false, "edge_betweenness": 0.0, "width_m": 5.609}}, {"type": "Feature", "geometry": {"type": "LineString", "coordinates": [[73.824808, 15.500935], [73.824724, 15.500921]]}, "properties": {"feature_type": "edge", "u": 19, "v": 23, "edge_key": 0, "length_m": 9.621, "is_bridged": false, "is_bridge": false, "edge_betweenness": 0.0, "width_m": 8.194}}, {"type": "Feature", "geometry": {"type": "LineString", "coordinates": [[73.830107, 15.500963], [73.830093, 15.50099]]}, "properties": {"feature_type": "edge", "u": 21, "v": 607, "edge_key": 0, "length_m": 3.354, "is_bridged": false, "is_bridge": false, "edge_betweenness": 0.0, "width_m": 3.828}}, {"type": "Feature", "geometry": {"type": "LineString", "coordinates": [[73.830093, 15.50099], [73.830107, 15.500963]]}, "properties": {"feature_type": "edge", "u": 21, "v": 607, "edge_key": 1, "length_m": 3.354, "is_bridged": false, "is_bridge": false, "edge_betweenness": 0.0, "width_m": 3.828}}, {"type": "Feature", "geometry": {"type": "LineString", "coordinates": [[73.830107, 15.500963], [73.830177, 15.50095]]}, "properties": {"feature_type": "edge", "u": 21, "v": 25, "edge_key": 0, "length_m": 7.743, "is_bridged": false, "is_bridge": false, "edge_betweenness": 0.0, "width_m": 4.828}}, {"type": "Feature", "geometry": {"type": "LineString", "coordinates": [[73.824402, 15.500933], [73.824318, 15.500919]]}, "properties": {"feature_type": "edge", "u": 22, "v": 26, "edge_key": 0, "length_m": 9.621, "is_bridged": false, "is_bridge": false, "edge_betweenness": 0.0, "width_m": 8.361}}, {"type": "Feature", "geometry": {"type": "LineString", "coordinates": [[73.824402, 15.500933], [73.824402, 15.500865]]}, "properties": {"feature_type": "edge", "u": 22, "v": 33, "edge_key": 0, "length_m": 7.5, "is_bridged": false, "is_bridge": false, "edge_betweenness": 0.0, "width_m": 7.243}}, {"type": "Feature", "geometry": {"type": "LineString", "coordinates": [[73.824724, 15.500921], [73.82464, 15.500907]]}, "properties": {"feature_type": "edge", "u": 23, "v": 27, "edge_key": 0, "length_m": 9.621, "is_bridged": false, "is_bridge": false, "edge_betweenness": 0.0, "width_m": 8.194}}, {"type": "Feature", "geometry": {"type": "LineString", "coordinates": [[73.82938, 15.500959], [73.829408, 15.500865], [73.829563, 15.500689], [73.829578, 15.500621]]}, "properties": {"feature_type": "edge", "u": 24, "v": 56, "edge_key": 0, "length_m": 46.198, "is_bridged": false, "is_bridge": false, "edge_betweenness": 0.0, "width_m": 8.361}}, {"type": "Feature", "geometry": {"type": "LineString", "coordinates": [[73.830177, 15.50095], [73.830163, 15.500977]]}, "properties": {"feature_type": "edge", "u": 25, "v": 608, "edge_key": 0, "length_m": 3.354, "is_bridged": false, "is_bridge": false, "edge_betweenness": 0.0, "width_m": 3.828}}, {"type": "Feature", "geometry": {"type": "LineString", "coordinates": [[73.830163, 15.500977], [73.830177, 15.50095]]}, "properties": {"feature_type": "edge", "u": 25, "v": 608, "edge_key": 1, "length_m": 3.354, "is_bridged": false, "is_bridge": false, "edge_betweenness": 0.0, "width_m": 3.828}}, {"type": "Feature", "geometry": {"type": "LineString", "coordinates": [[73.830177, 15.50095], [73.830219, 15.50095], [73.830429, 15.500829]]}, "properties": {"feature_type": "edge", "u": 25, "v": 36, "edge_key": 0, "length_m": 31.357, "is_bridged": false, "is_bridge": false, "edge_betweenness": 0.0, "width_m": 10.849}}, {"type": "Feature", "geometry": {"type": "LineString", "coordinates": [[73.824318, 15.500919], [73.824234, 15.500905]]}, "properties": {"feature_type": "edge", "u": 26, "v": 28, "edge_key": 0, "length_m": 9.621, "is_bridged": false, "is_bridge": false, "edge_betweenness": 0.0, "width_m": 8.361}}, {"type": "Feature", "geometry": {"type": "LineString", "coordinates": [[73.824318, 15.500919], [73.824319, 15.500851]]}, "properties": {"feature_type": "edge", "u": 26, "v": 35, "edge_key": 0, "length_m": 7.5, "is_bridged": false, "is_bridge": false, "edge_betweenness": 0.0, "width_m": 7.243}}, {"type": "Feature", "geometry": {"type": "LineString", "coordinates": [[73.82464, 15.500907], [73.824556, 15.500893]]}, "properties": {"feature_type": "edge", "u": 27, "v": 29, "edge_key": 0, "length_m": 9.354, "is_bridged": false, "is_bridge": false, "edge_betweenness": 0.0, "width_m": 8.794}}, {"type": "Feature", "geometry": {"type": "LineString", "coordinates": [[73.824234, 15.500905], [73.824165, 15.500891]]}, "properties": {"feature_type": "edge", "u": 28, "v": 30, "edge_key": 0, "length_m": 8.121, "is_bridged": false, "is_bridge": false, "edge_betweenness": 0.0, "width_m": 8.691}}, {"type": "Feature", "geometry": {"type": "LineString", "coordinates": [[73.824234, 15.500905], [73.824235, 15.500837]]}, "properties": {"feature_type": "edge", "u": 28, "v": 38, "edge_key": 0, "length_m": 7.5, "is_bridged": false, "is_bridge": false, "edge_betweenness": 0.0, "width_m": 7.243}}, {"type": "Feature", "geometry": {"type": "LineString", "coordinates": [[73.824556, 15.500893], [73.824486, 15.500879]]}, "properties": {"feature_type": "edge", "u": 29, "v": 31, "edge_key": 0, "length_m": 7.854, "is_bridged": false, "is_bridge": false, "edge_betweenness": 0.0, "width_m": 8.743}}, {"type": "Feature", "geometry": {"type": "LineString", "coordinates": [[73.824165, 15.500891], [73.824081, 15.500877]]}, "properties": {"feature_type": "edge", "u": 30, "v": 32, "edge_key": 0, "length_m": 9.621, "is_bridged": false, "is_bridge": false, "edge_betweenness": 0.0, "width_m": 8.361}}, {"type": "Feature", "geometry": {"type": "LineString", "coordinates": [[73.824165, 15.500891], [73.824165, 15.500823]]}, "properties": {"feature_type": "edge", "u": 30, "v": 39, "edge_key": 0, "length_m": 7.5, "is_bridged": false, "is_bridge": false, "edge_betweenness": 0.0, "width_m": 7.243}}, {"type": "Feature", "geometry": {"type": "LineString", "coordinates": [[73.824486, 15.500879], [73.824402, 15.500865]]}, "properties": {"feature_type": "edge", "u": 31, "v": 33, "edge_key": 0, "length_m": 9.621, "is_bridged": false, "is_bridge": false, "edge_betweenness": 0.0, "width_m": 8.194}}, {"type": "Feature", "geometry": {"type": "LineString", "coordinates": [[73.824081, 15.500877], [73.823997, 15.500863]]}, "properties": {"feature_type": "edge", "u": 32, "v": 34, "edge_key": 0, "length_m": 9.621, "is_bridged": false, "is_bridge": false, "edge_betweenness": 0.0, "width_m": 8.361}}, {"type": "Feature", "geometry": {"type": "LineString", "coordinates": [[73.824081, 15.500877], [73.824081, 15.500809]]}, "properties": {"feature_type": "edge", "u": 32, "v": 40, "edge_key": 0, "length_m": 7.5, "is_bridged": false, "is_bridge": false, "edge_betweenness": 0.0, "width_m": 7.243}}, {"type": "Feature", "geometry": {"type": "LineString", "coordinates": [[73.824402, 15.500865], [73.824319, 15.500851]]}, "properties": {"feature_type": "edge", "u": 33, "v": 35, "edge_key": 0, "length_m": 9.621, "is_bridged": false, "is_bridge": false, "edge_betweenness": 0.0, "width_m": 8.194}}, {"type": "Feature", "geometry": {"type": "LineString", "coordinates": [[73.823997, 15.500863], [73.823927, 15.500849]]}, "properties": {"feature_type": "edge", "u": 34, "v": 37, "edge_key": 0, "length_m": 8.121, "is_bridged": false, "is_bridge": false, "edge_betweenness": 0.0, "width_m": 8.691}}, {"type": "Feature", "geometry": {"type": "LineString", "coordinates": [[73.823997, 15.500863], [73.823997, 15.500795]]}, "properties": {"feature_type": "edge", "u": 34, "v": 42, "edge_key": 0, "length_m": 7.5, "is_bridged": false, "is_bridge": false, "edge_betweenness": 0.0, "width_m": 7.243}}, {"type": "Feature", "geometry": {"type": "LineString", "coordinates": [[73.824319, 15.500851], [73.824235, 15.500837]]}, "properties": {"feature_type": "edge", "u": 35, "v": 38, "edge_key": 0, "length_m": 9.621, "is_bridged": false, "is_bridge": false, "edge_betweenness": 0.0, "width_m": 8.194}}, {"type": "Feature", "geometry": {"type": "LineString", "coordinates": [[73.830429, 15.500829], [73.830611, 15.50079], [73.83064, 15.500722]]}, "properties": {"feature_type": "edge", "u": 36, "v": 49, "edge_key": 0, "length_m": 28.698, "is_bridged": false, "is_bridge": false, "edge_betweenness": 0.0, "width_m": 5.657}}, {"type": "Feature", "geometry": {"type": "LineString", "coordinates": [[73.830429, 15.500829], [73.830514, 15.500775], [73.830514, 15.500748]]}, "properties": {"feature_type": "edge", "u": 36, "v": 48, "edge_key": 0, "length_m": 13.817, "is_bridged": false, "is_bridge": false, "edge_betweenness": 0.0, "width_m": 3.236}}, {"type": "Feature", "geometry": {"type": "LineString", "coordinates": [[73.830429, 15.500829], [73.830555, 15.500776], [73.830514, 15.500748]]}, "properties": {"feature_type": "edge", "u": 36, "v": 48, "edge_key": 1, "length_m": 20.249, "is_bridged": false, "is_bridge": false, "edge_betweenness": 0.0, "width_m": 3.177}}, {"type": "Feature", "geometry": {"type": "LineString", "coordinates": [[73.830429, 15.500829], [73.830514, 15.500748]]}, "properties": {"feature_type": "edge", "u": 36, "v": 48, "edge_key": 2, "length_m": 12.959, "is_bridged": false, "is_bridge": false, "edge_betweenness": 0.0, "width_m": 4.472}}, {"type": "Feature", "geometry": {"type": "LineString", "coordinates": [[73.823927, 15.500849], [73.823857, 15.500849], [73.823816, 15.500794]]}, "properties": {"feature_type": "edge", "u": 37, "v": 41, "edge_key": 0, "length_m": 15.097, "is_bridged": false, "is_bridge": false, "edge_betweenness": 0.0, "width_m": 9.003}}, {"type": "Feature", "geometry": {"type": "LineString", "coordinates": [[73.823927, 15.500849], [73.823927, 15.500781]]}, "properties": {"feature_type": "edge", "u": 37, "v": 43, "edge_key": 0, "length_m": 7.5, "is_bridged": false, "is_bridge": false, "edge_betweenness": 0.0, "width_m": 7.548}}, {"type": "Feature", "geometry": {"type": "LineString", "coordinates": [[73.824235, 15.500837], [73.824165, 15.500823]]}, "properties": {"feature_type": "edge", "u": 38, "v": 39, "edge_key": 0, "length_m": 7.854, "is_bridged": false, "is_bridge": false, "edge_betweenness": 0.0, "width_m": 8.743}}, {"type": "Feature", "geometry": {"type": "LineString", "coordinates": [[73.824165, 15.500823], [73.824081, 15.500809]]}, "properties": {"feature_type": "edge", "u": 39, "v": 40, "edge_key": 0, "length_m": 9.621, "is_bridged": false, "is_bridge": false, "edge_betweenness": 0.0, "width_m": 8.194}}, {"type": "Feature", "geometry": {"type": "LineString", "coordinates": [[73.824081, 15.500809], [73.823997, 15.500795]]}, "properties": {"feature_type": "edge", "u": 40, "v": 42, "edge_key": 0, "length_m": 9.621, "is_bridged": false, "is_bridge": false, "edge_betweenness": 0.0, "width_m": 8.194}}, {"type": "Feature", "geometry": {"type": "LineString", "coordinates": [[73.823816, 15.500794], [73.823704, 15.500766]]}, "properties": {"feature_type": "edge", "u": 41, "v": 45, "edge_key": 0, "length_m": 12.865, "is_bridged": false, "is_bridge": false, "edge_betweenness": 0.0, "width_m": 9.88}}, {"type": "Feature", "geometry": {"type": "LineString", "coordinates": [[73.823816, 15.500794], [73.82383, 15.500767], [73.823858, 15.500767]]}, "properties": {"feature_type": "edge", "u": 41, "v": 46, "edge_key": 0, "length_m": 6.354, "is_bridged": false, "is_bridge": false, "edge_betweenness": 0.0, "width_m": 11.408}}, {"type": "Feature", "geometry": {"type": "LineString", "coordinates": [[73.823997, 15.500795], [73.823927, 15.500781]]}, "properties": {"feature_type": "edge", "u": 42, "v": 43, "edge_key": 0, "length_m": 8.121, "is_bridged": false, "is_bridge": false, "edge_betweenness": 0.0, "width_m": 8.121}}, {"type": "Feature", "geometry": {"type": "LineString", "coordinates": [[73.823927, 15.500781], [73.823858, 15.500767]]}, "properties": {"feature_type": "edge", "u": 43, "v": 46, "edge_key": 0, "length_m": 7.854, "is_bridged": false, "is_bridge": false, "edge_betweenness": 0.0, "width_m": 7.799}}, {"type": "Feature", "geometry": {"type": "LineString", "coordinates": [[73.826948, 15.500811], [73.827185, 15.500826], [73.827591, 15.500774]]}, "properties": {"feature_type": "edge", "u": 44, "v": 47, "edge_key": 0, "length_m": 72.107, "is_bridged": false, "is_bridge": false, "edge_betweenness": 0.0, "width_m": 8.676}}, {"type": "Feature", "geometry": {"type": "LineString", "coordinates": [[73.826948, 15.500811], [73.826948, 15.500743], [73.827019, 15.500554]]}, "properties": {"feature_type": "edge", "u": 44, "v": 60, "edge_key": 0, "length_m": 31.607, "is_bridged": false, "is_bridge": false, "edge_betweenness": 0.0, "width_m": 8.345}}, {"type": "Feature", "geometry": {"type": "LineString", "coordinates": [[73.823704, 15.500766], [73.823718, 15.500794]]}, "properties": {"feature_type": "edge", "u": 45, "v": 609, "edge_key": 0, "length_m": 3.354, "is_bridged": false, "is_bridge": false, "edge_betweenness": 0.0, "width_m": 3.828}}, {"type": "Feature", "geometry": {"type": "LineString", "coordinates": [[73.823718, 15.500794], [73.823704, 15.500766]]}, "properties": {"feature_type": "edge", "u": 45, "v": 609, "edge_key": 1, "length_m": 3.354, "is_bridged": false, "is_bridge": false, "edge_betweenness": 0.0, "width_m": 3.828}}, {"type": "Feature", "geometry": {"type": "LineString", "coordinates": [[73.823704, 15.500766], [73.823201, 15.500696], [73.823145, 15.500669]]}, "properties": {"feature_type": "edge", "u": 45, "v": 53, "edge_key": 0, "length_m": 64.349, "is_bridged": false, "is_bridge": false, "edge_betweenness": 0.0, "width_m": 14.576}}, {"type": "Feature", "geometry": {"type": "LineString", "coordinates": [[73.823858, 15.500767], [73.823858, 15.500686], [73.823944, 15.500388]]}, "properties": {"feature_type": "edge", "u": 46, "v": 64, "edge_key": 0, "length_m": 45.728, "is_bridged": false, "is_bridge": false, "edge_betweenness": 0.0, "width_m": 8.115}}, {"type": "Feature", "geometry": {"type": "LineString", "coordinates": [[73.827591, 15.500774], [73.827857, 15.500748], [73.827899, 15.500707]]}, "properties": {"feature_type": "edge", "u": 47, "v": 50, "edge_key": 0, "length_m": 36.718, "is_bridged": false, "is_bridge": false, "edge_betweenness": 0.0, "width_m": 8.853}}, {"type": "Feature", "geometry": {"type": "LineString", "coordinates": [[73.827591, 15.500774], [73.827564, 15.500584]]}, "properties": {"feature_type": "edge", "u": 47, "v": 57, "edge_key": 0, "length_m": 21.865, "is_bridged": false, "is_bridge": false, "edge_betweenness": 0.0, "width_m": 9.069}}, {"type": "Feature", "geometry": {"type": "LineString", "coordinates": [[73.830514, 15.500748], [73.830556, 15.500708], [73.83064, 15.500722]]}, "properties": {"feature_type": "edge", "u": 48, "v": 49, "edge_key": 0, "length_m": 15.549, "is_bridged": false, "is_bridge": false, "edge_betweenness": 0.0, "width_m": 6.479}}, {"type": "Feature", "geometry": {"type": "LineString", "coordinates": [[73.83064, 15.500722], [73.830681, 15.500749], [73.830738, 15.500682]]}, "properties": {"feature_type": "edge", "u": 49, "v": 52, "edge_key": 0, "length_m": 15.03, "is_bridged": false, "is_bridge": false, "edge_betweenness": 0.0, "width_m": 4.993}}, {"type": "Feature", "geometry": {"type": "LineString", "coordinates": [[73.83064, 15.500722], [73.830668, 15.500668], [73.830738, 15.500682]]}, "properties": {"feature_type": "edge", "u": 49, "v": 52, "edge_key": 1, "length_m": 14.513, "is_bridged": false, "is_bridge": false, "edge_betweenness": 0.0, "width_m": 4.371}}, {"type": "Feature", "geometry": {"type": "LineString", "coordinates": [[73.83064, 15.500722], [73.830654, 15.500722]]}, "properties": {"feature_type": "edge", "u": 49, "v": 610, "edge_key": 0, "length_m": 1.5, "is_bridged": false, "is_bridge": false, "edge_betweenness": 0.0, "width_m": 1.0}}, {"type": "Feature", "geometry": {"type": "LineString", "coordinates": [[73.830654, 15.500722], [73.83064, 15.500722]]}, "properties": {"feature_type": "edge", "u": 49, "v": 610, "edge_key": 1, "length_m": 1.5, "is_bridged": false, "is_bridge": false, "edge_betweenness": 0.0, "width_m": 1.0}}, {"type": "Feature", "geometry": {"type": "LineString", "coordinates": [[73.827899, 15.500707], [73.828067, 15.500695]]}, "properties": {"feature_type": "edge", "u": 50, "v": 51, "edge_key": 0, "length_m": 18.354, "is_bridged": false, "is_bridge": false, "edge_betweenness": 0.0, "width_m": 11.631}}, {"type": "Feature", "geometry": {"type": "LineString", "coordinates": [[73.827899, 15.500707], [73.827843, 15.500653], [73.827564, 15.500584]]}, "properties": {"feature_type": "edge", "u": 50, "v": 57, "edge_key": 0, "length_m": 41.825, "is_bridged": false, "is_bridge": false, "edge_betweenness": 0.0, "width_m": 8.637}}, {"type": "Feature", "geometry": {"type": "LineString", "coordinates": [[73.828067, 15.500695], [73.828039, 15.500613], [73.828014, 15.50022]]}, "properties": {"feature_type": "edge", "u": 51, "v": 71, "edge_key": 0, "length_m": 54.718, "is_bridged": false, "is_bridge": false, "edge_betweenness": 0.0, "width_m": 8.781}}, {"type": "Feature", "geometry": {"type": "LineString", "coordinates": [[73.828067, 15.500695], [73.828823, 15.500604]]}, "properties": {"feature_type": "edge", "u": 51, "v": 58, "edge_key": 0, "length_m": 85.082, "is_bridged": false, "is_bridge": false, "edge_betweenness": 0.0, "width_m": 12.139}}, {"type": "Feature", "geometry": {"type": "LineString", "coordinates": [[73.830738, 15.500682], [73.830836, 15.500601]]}, "properties": {"feature_type": "edge", "u": 52, "v": 59, "edge_key": 0, "length_m": 14.171, "is_bridged": false, "is_bridge": false, "edge_betweenness": 0.0, "width_m": 9.991}}, {"type": "Feature", "geometry": {"type": "LineString", "coordinates": [[73.823145, 15.500669], [73.823033, 15.500668], [73.822963, 15.500627]]}, "properties": {"feature_type": "edge", "u": 53, "v": 55, "edge_key": 0, "length_m": 21.364, "is_bridged": false, "is_bridge": true, "edge_betweenness": 0.0, "width_m": 14.006}}, {"type": "Feature", "geometry": {"type": "LineString", "coordinates": [[73.823145, 15.500669], [73.823146, 15.500519], [73.823203, 15.500262]]}, "properties": {"feature_type": "edge", "u": 53, "v": 70, "edge_key": 0, "length_m": 47.218, "is_bridged": false, "is_bridge": false, "edge_betweenness": 0.0, "width_m": 8.852}}, {"type": "Feature", "geometry": {"type": "LineString", "coordinates": [[73.826207, 15.500671], [73.825636, 15.500316]]}, "properties": {"feature_type": "edge", "u": 54, "v": 69, "edge_key": 0, "length_m": 77.387, "is_bridged": false, "is_bridge": false, "edge_betweenness": 0.0, "width_m": 8.522}}, {"type": "Feature", "geometry": {"type": "LineString", "coordinates": [[73.826207, 15.500671], [73.82632, 15.500591], [73.826714, 15.500145], [73.826728, 15.500105]]}, "properties": {"feature_type": "edge", "u": 54, "v": 76, "edge_key": 0, "length_m": 87.101, "is_bridged": false, "is_bridge": false, "edge_betweenness": 0.0, "width_m": 8.574}}, {"type": "Feature", "geometry": {"type": "LineString", "coordinates": [[73.829578, 15.500621], [73.82934, 15.500579], [73.829172, 15.500579], [73.829131, 15.500538]]}, "properties": {"feature_type": "edge", "u": 56, "v": 61, "edge_key": 0, "length_m": 51.728, "is_bridged": false, "is_bridge": false, "edge_betweenness": 0.0, "width_m": 8.417}}, {"type": "Feature", "geometry": {"type": "LineString", "coordinates": [[73.829578, 15.500621], [73.829605, 15.500622], [73.829648, 15.500581], [73.829775, 15.500392], [73.830054, 15.50038]]}, "properties": {"feature_type": "edge", "u": 56, "v": 67, "edge_key": 0, "length_m": 67.82, "is_bridged": false, "is_bridge": false, "edge_betweenness": 0.0, "width_m": 8.703}}, {"type": "Feature", "geometry": {"type": "LineString", "coordinates": [[73.827564, 15.500584], [73.827271, 15.500501], [73.827187, 15.5005]]}, "properties": {"feature_type": "edge", "u": 57, "v": 62, "edge_key": 0, "length_m": 43.961, "is_bridged": false, "is_bridge": false, "edge_betweenness": 0.0, "width_m": 8.356}}, {"type": "Feature", "geometry": {"type": "LineString", "coordinates": [[73.827564, 15.500584], [73.827497, 15.500068]]}, "properties": {"feature_type": "edge", "u": 57, "v": 78, "edge_key": 0, "length_m": 60.107, "is_bridged": false, "is_bridge": false, "edge_betweenness": 0.0, "width_m": 8.308}}, {"type": "Feature", "geometry": {"type": "LineString", "coordinates": [[73.828823, 15.500604], [73.829074, 15.500578], [73.829131, 15.500538]]}, "properties": {"feature_type": "edge", "u": 58, "v": 61, "edge_key": 0, "length_m": 35.839, "is_bridged": false, "is_bridge": false, "edge_betweenness": 0.0, "width_m": 11.533}}, {"type": "Feature", "geometry": {"type": "LineString", "coordinates": [[73.828823, 15.500604], [73.828769, 15.500143]]}, "properties": {"feature_type": "edge", "u": 58, "v": 74, "edge_key": 0, "length_m": 53.485, "is_bridged": false, "is_bridge": false, "edge_betweenness": 0.0, "width_m": 8.457}}, {"type": "Feature", "geometry": {"type": "LineString", "coordinates": [[73.830836, 15.500601], [73.830711, 15.500451], [73.830613, 15.500437], [73.830585, 15.50041]]}, "properties": {"feature_type": "edge", "u": 59, "v": 66, "edge_key": 0, "length_m": 37.456, "is_bridged": false, "is_bridge": false, "edge_betweenness": 0.0, "width_m": 9.442}}, {"type": "Feature", "geometry": {"type": "LineString", "coordinates": [[73.831775, 15.500199], [73.831761, 15.500226], [73.831186, 15.500454], [73.83092, 15.500588], [73.830836, 15.500601]]}, "properties": {"feature_type": "edge", "u": 59, "v": 73, "edge_key": 0, "length_m": 117.007, "is_bridged": false, "is_bridge": false, "edge_betweenness": 0.0, "width_m": 13.24}}, {"type": "Feature", "geometry": {"type": "LineString", "coordinates": [[73.827019, 15.500554], [73.827089, 15.500554], [73.827173, 15.500527], [73.827187, 15.5005]]}, "properties": {"feature_type": "edge", "u": 60, "v": 62, "edge_key": 0, "length_m": 21.097, "is_bridged": false, "is_bridge": false, "edge_betweenness": 0.0, "width_m": 8.485}}, {"type": "Feature", "geometry": {"type": "LineString", "coordinates": [[73.827019, 15.500554], [73.827006, 15.500404]]}, "properties": {"feature_type": "edge", "u": 60, "v": 65, "edge_key": 0, "length_m": 17.121, "is_bridged": false, "is_bridge": false, "edge_betweenness": 0.0, "width_m": 8.419}}, {"type": "Feature", "geometry": {"type": "LineString", "coordinates": [[73.829131, 15.500538], [73.829159, 15.500497], [73.829159, 15.500429], [73.829052, 15.499615]]}, "properties": {"feature_type": "edge", "u": 61, "v": 134, "edge_key": 0, "length_m": 107.879, "is_bridged": false, "is_bridge": false, "edge_betweenness": 0.0, "width_m": 8.316}}, {"type": "Feature", "geometry": {"type": "LineString", "coordinates": [[73.827187, 15.5005], [73.827159, 15.500446], [73.827062, 15.500405], [73.827006, 15.500404]]}, "properties": {"feature_type": "edge", "u": 62, "v": 65, "edge_key": 0, "length_m": 25.607, "is_bridged": false, "is_bridge": false, "edge_betweenness": 0.0, "width_m": 8.683}}, {"type": "Feature", "geometry": {"type": "LineString", "coordinates": [[73.823944, 15.500388], [73.823762, 15.500374], [73.823203, 15.500262]]}, "properties": {"feature_type": "edge", "u": 64, "v": 70, "edge_key": 0, "length_m": 85.092, "is_bridged": false, "is_bridge": false, "edge_betweenness": 0.0, "width_m": 8.212}}, {"type": "Feature", "geometry": {"type": "LineString", "coordinates": [[73.823944, 15.500388], [73.823972, 15.500361], [73.824128, 15.499969], [73.824171, 15.499806]]}, "properties": {"feature_type": "edge", "u": 64, "v": 95, "edge_key": 0, "length_m": 74.441, "is_bridged": false, "is_bridge": false, "edge_betweenness": 0.0, "width_m": 8.262}}, {"type": "Feature", "geometry": {"type": "LineString", "coordinates": [[73.827006, 15.500404], [73.826992, 15.500364], [73.826728, 15.500105]]}, "properties": {"feature_type": "edge", "u": 65, "v": 76, "edge_key": 0, "length_m": 45.704, "is_bridged": false, "is_bridge": false, "edge_betweenness": 0.0, "width_m": 8.64}}, {"type": "Feature", "geometry": {"type": "LineString", "coordinates": [[73.830585, 15.50041], [73.830138, 15.500407], [73.830054, 15.50038]]}, "properties": {"feature_type": "edge", "u": 66, "v": 67, "edge_key": 0, "length_m": 60.728, "is_bridged": false, "is_bridge": false, "edge_betweenness": 0.0, "width_m": 9.917}}, {"type": "Feature", "geometry": {"type": "LineString", "coordinates": [[73.830585, 15.50041], [73.830614, 15.500369], [73.830698, 15.500356], [73.83102, 15.500222], [73.831651, 15.499927]]}, "properties": {"feature_type": "edge", "u": 66, "v": 85, "edge_key": 0, "length_m": 136.979, "is_bridged": false, "is_bridge": false, "edge_betweenness": 0.0, "width_m": 8.422}}, {"type": "Feature", "geometry": {"type": "LineString", "coordinates": [[73.830054, 15.50038], [73.830027, 15.500312], [73.829902, 15.500189], [73.829888, 15.500148]]}, "properties": {"feature_type": "edge", "u": 67, "v": 75, "edge_key": 0, "length_m": 32.689, "is_bridged": false, "is_bridge": false, "edge_betweenness": 0.0, "width_m": 8.795}}, {"type": "Feature", "geometry": {"type": "LineString", "coordinates": [[73.825636, 15.500316], [73.82565, 15.500234], [73.825735, 15.500099], [73.826074, 15.499586], [73.82613, 15.499546]]}, "properties": {"feature_type": "edge", "u": 69, "v": 149, "edge_key": 0, "length_m": 107.858, "is_bridged": false, "is_bridge": false, "edge_betweenness": 0.0, "width_m": 8.446}}, {"type": "Feature", "geometry": {"type": "LineString", "coordinates": [[73.823203, 15.500262], [73.822966, 15.50022], [73.822938, 15.500193]]}, "properties": {"feature_type": "edge", "u": 70, "v": 72, "edge_key": 0, "length_m": 31.339, "is_bridged": false, "is_bridge": true, "edge_betweenness": 0.0, "width_m": 8.325}}, {"type": "Feature", "geometry": {"type": "LineString", "coordinates": [[73.823203, 15.500262], [73.823333, 15.499639]]}, "properties": {"feature_type": "edge", "u": 70, "v": 124, "edge_key": 0, "length_m": 74.592, "is_bridged": false, "is_bridge": false, "edge_betweenness": 0.0, "width_m": 8.12}}, {"type": "Feature", "geometry": {"type": "LineString", "coordinates": [[73.828014, 15.50022], [73.828769, 15.500143]]}, "properties": {"feature_type": "edge", "u": 71, "v": 74, "edge_key": 0, "length_m": 84.728, "is_bridged": false, "is_bridge": false, "edge_betweenness": 0.0, "width_m": 8.418}}, {"type": "Feature", "geometry": {"type": "LineString", "coordinates": [[73.828014, 15.50022], [73.827973, 15.500016], [73.827974, 15.499867], [73.827907, 15.499324], [73.827908, 15.499148]]}, "properties": {"feature_type": "edge", "u": 71, "v": 210, "edge_key": 0, "length_m": 123.471, "is_bridged": false, "is_bridge": false, "edge_betweenness": 0.0, "width_m": 8.678}}, {"type": "Feature", "geometry": {"type": "LineString", "coordinates": [[73.831775, 15.500199], [73.831747, 15.500172], [73.831679, 15.499955], [73.831651, 15.499927]]}, "properties": {"feature_type": "edge", "u": 73, "v": 85, "edge_key": 0, "length_m": 35.592, "is_bridged": false, "is_bridge": false, "edge_betweenness": 0.0, "width_m": 8.727}}, {"type": "Feature", "geometry": {"type": "LineString", "coordinates": [[73.832812, 15.499893], [73.832728, 15.499933], [73.832448, 15.499986], [73.832377, 15.500067], [73.832181, 15.500066], [73.832125, 15.500133], [73.831901, 15.500159], [73.831775, 15.500199]]}, "properties": {"feature_type": "edge", "u": 73, "v": 86, "edge_key": 0, "length_m": 128.3, "is_bridged": false, "is_bridge": false, "edge_betweenness": 0.0, "width_m": 10.487}}, {"type": "Feature", "geometry": {"type": "LineString", "coordinates": [[73.828769, 15.500143], [73.828729, 15.49979], [73.828702, 15.499735]]}, "properties": {"feature_type": "edge", "u": 74, "v": 111, "edge_key": 0, "length_m": 48.107, "is_bridged": false, "is_bridge": true, "edge_betweenness": 0.0, "width_m": 8.126}}, {"type": "Feature", "geometry": {"type": "LineString", "coordinates": [[73.829888, 15.500148], [73.829846, 15.500135], [73.829651, 15.499971], [73.82954, 15.499862], [73.82936, 15.499603], [73.829304, 15.499576]]}, "properties": {"feature_type": "edge", "u": 75, "v": 146, "edge_key": 0, "length_m": 93.833, "is_bridged": false, "is_bridge": false, "edge_betweenness": 0.0, "width_m": 8.512}}, {"type": "Feature", "geometry": {"type": "LineString", "coordinates": [[73.829888, 15.500148], [73.829986, 15.500108], [73.830616, 15.49999], [73.8307, 15.499936], [73.830897, 15.499733], [73.83101, 15.49949], [73.831025, 15.4993], [73.830985, 15.498961], [73.831139, 15.498948], [73.83146, 15.498977]]}, "properties": {"feature_type": "edge", "u": 75, "v": 221, "edge_key": 0, "length_m": 273.959, "is_bridged": false, "is_bridge": false, "edge_betweenness": 0.0, "width_m": 8.359}}, {"type": "Feature", "geometry": {"type": "LineString", "coordinates": [[73.826728, 15.500105], [73.826186, 15.499559], [73.82613, 15.499546]]}, "properties": {"feature_type": "edge", "u": 76, "v": 149, "edge_key": 0, "length_m": 90.853, "is_bridged": false, "is_bridge": false, "edge_betweenness": 0.0, "width_m": 8.602}}, {"type": "Feature", "geometry": {"type": "LineString", "coordinates": [[73.826728, 15.500105], [73.826883, 15.499929], [73.826981, 15.499835], [73.827009, 15.499835]]}, "properties": {"feature_type": "edge", "u": 76, "v": 91, "edge_key": 0, "length_m": 44.184, "is_bridged": false, "is_bridge": false, "edge_betweenness": 0.0, "width_m": 8.725}}, {"type": "Feature", "geometry": {"type": "LineString", "coordinates": [[73.827497, 15.500068], [73.827413, 15.500068], [73.827065, 15.499849], [73.827009, 15.499835]]}, "properties": {"feature_type": "edge", "u": 78, "v": 91, "edge_key": 0, "length_m": 62.795, "is_bridged": false, "is_bridge": false, "edge_betweenness": 0.0, "width_m": 8.564}}, {"type": "Feature", "geometry": {"type": "LineString", "coordinates": [[73.827497, 15.500068], [73.827665, 15.500055], [73.827693, 15.500028]]}, "properties": {"feature_type": "edge", "u": 78, "v": 81, "edge_key": 0, "length_m": 22.864, "is_bridged": false, "is_bridge": true, "edge_betweenness": 0.0, "width_m": 8.072}}, {"type": "Feature", "geometry": {"type": "LineString", "coordinates": [[73.827497, 15.500068], [73.827443, 15.499715], [73.827415, 15.499688]]}, "properties": {"feature_type": "edge", "u": 78, "v": 118, "edge_key": 0, "length_m": 45.461, "is_bridged": false, "is_bridge": false, "edge_betweenness": 0.0, "width_m": 8.739}}, {"type": "Feature", "geometry": {"type": "LineString", "coordinates": [[73.831651, 15.499927], [73.831973, 15.499807], [73.832001, 15.499766]]}, "properties": {"feature_type": "edge", "u": 85, "v": 106, "edge_key": 0, "length_m": 45.3, "is_bridged": false, "is_bridge": false, "edge_betweenness": 0.0, "width_m": 8.489}}, {"type": "Feature", "geometry": {"type": "LineString", "coordinates": [[73.831651, 15.499927], [73.831554, 15.499683], [73.831486, 15.499384], [73.831474, 15.499018]]}, "properties": {"feature_type": "edge", "u": 85, "v": 218, "edge_key": 0, "length_m": 108.31, "is_bridged": false, "is_bridge": false, "edge_betweenness": 0.0, "width_m": 8.366}}, {"type": "Feature", "geometry": {"type": "LineString", "coordinates": [[73.832812, 15.499893], [73.832839, 15.499934], [73.832923, 15.49992]]}, "properties": {"feature_type": "edge", "u": 86, "v": 87, "edge_key": 0, "length_m": 15.03, "is_bridged": false, "is_bridge": false, "edge_betweenness": 0.0, "width_m": 7.835}}, {"type": "Feature", "geometry": {"type": "LineString", "coordinates": [[73.832812, 15.499893], [73.832854, 15.499852], [73.83291, 15.499853]]}, "properties": {"feature_type": "edge", "u": 86, "v": 92, "edge_key": 0, "length_m": 12.364, "is_bridged": false, "is_bridge": false, "edge_betweenness": 0.0, "width_m": 7.794}}, {"type": "Feature", "geometry": {"type": "LineString", "coordinates": [[73.832812, 15.499893], [73.832813, 15.499703]]}, "properties": {"feature_type": "edge", "u": 86, "v": 119, "edge_key": 0, "length_m": 21.77, "is_bridged": false, "is_bridge": false, "edge_betweenness": 0.0, "width_m": 8.119}}, {"type": "Feature", "geometry": {"type": "LineString", "coordinates": [[73.832923, 15.49992], [73.832993, 15.499907]]}, "properties": {"feature_type": "edge", "u": 87, "v": 88, "edge_key": 0, "length_m": 8.121, "is_bridged": false, "is_bridge": false, "edge_betweenness": 0.0, "width_m": 8.446}}, {"type": "Feature", "geometry": {"type": "LineString", "coordinates": [[73.832923, 15.49992], [73.83291, 15.499853]]}, "properties": {"feature_type": "edge", "u": 87, "v": 92, "edge_key": 0, "length_m": 8.121, "is_bridged": false, "is_bridge": false, "edge_betweenness": 0.0, "width_m": 7.239}}, {"type": "Feature", "geometry": {"type": "LineString", "coordinates": [[73.832993, 15.499907], [73.833077, 15.499894]]}, "properties": {"feature_type": "edge", "u": 88, "v": 89, "edge_key": 0, "length_m": 9.621, "is_bridged": false, "is_bridge": false, "edge_betweenness": 0.0, "width_m": 8.446}}, {"type": "Feature", "geometry": {"type": "LineString", "coordinates": [[73.832993, 15.499907], [73.83298, 15.499839]]}, "properties": {"feature_type": "edge", "u": 88, "v": 96, "edge_key": 0, "length_m": 7.854, "is_bridged": false, "is_bridge": false, "edge_betweenness": 0.0, "width_m": 6.053}}, {"type": "Feature", "geometry": {"type": "LineString", "coordinates": [[73.833077, 15.499894], [73.833147, 15.499881]]}, "properties": {"feature_type": "edge", "u": 89, "v": 90, "edge_key": 0, "length_m": 8.121, "is_bridged": false, "is_bridge": false, "edge_betweenness": 0.0, "width_m": 8.446}}, {"type": "Feature", "geometry": {"type": "LineString", "coordinates": [[73.833077, 15.499894], [73.833064, 15.499826]]}, "properties": {"feature_type": "edge", "u": 89, "v": 98, "edge_key": 0, "length_m": 8.121, "is_bridged": false, "is_bridge": false, "edge_betweenness": 0.0, "width_m": 7.239}}, {"type": "Feature", "geometry": {"type": "LineString", "coordinates": [[73.833147, 15.499881], [73.833231, 15.499868]]}, "properties": {"feature_type": "edge", "u": 90, "v": 93, "edge_key": 0, "length_m": 9.621, "is_bridged": false, "is_bridge": false, "edge_betweenness": 0.0, "width_m": 8.361}}, {"type": "Feature", "geometry": {"type": "LineString", "coordinates": [[73.833147, 15.499881], [73.833134, 15.499813]]}, "properties": {"feature_type": "edge", "u": 90, "v": 100, "edge_key": 0, "length_m": 7.854, "is_bridged": false, "is_bridge": false, "edge_betweenness": 0.0, "width_m": 6.053}}, {"type": "Feature", "geometry": {"type": "LineString", "coordinates": [[73.827009, 15.499835], [73.827037, 15.499754], [73.827192, 15.499592], [73.82722, 15.499592]]}, "properties": {"feature_type": "edge", "u": 91, "v": 140, "edge_key": 0, "length_m": 38.077, "is_bridged": false, "is_bridge": false, "edge_betweenness": 0.0, "width_m": 8.795}}, {"type": "Feature", "geometry": {"type": "LineString", "coordinates": [[73.83291, 15.499853], [73.83298, 15.499839]]}, "properties": {"feature_type": "edge", "u": 92, "v": 96, "edge_key": 0, "length_m": 8.121, "is_bridged": false, "is_bridge": false, "edge_betweenness": 0.0, "width_m": 7.993}}, {"type": "Feature", "geometry": {"type": "LineString", "coordinates": [[73.833231, 15.499868], [73.833301, 15.499855]]}, "properties": {"feature_type": "edge", "u": 93, "v": 97, "edge_key": 0, "length_m": 8.121, "is_bridged": false, "is_bridge": false, "edge_betweenness": 0.0, "width_m": 8.691}}, {"type": "Feature", "geometry": {"type": "LineString", "coordinates": [[73.833231, 15.499868], [73.833218, 15.4998]]}, "properties": {"feature_type": "edge", "u": 93, "v": 102, "edge_key": 0, "length_m": 7.854, "is_bridged": false, "is_bridge": false, "edge_betweenness": 0.0, "width_m": 6.053}}, {"type": "Feature", "geometry": {"type": "LineString", "coordinates": [[73.842012, 15.499914], [73.841971, 15.499873], [73.841482, 15.499749], [73.838535, 15.499082], [73.83834, 15.499]]}, "properties": {"feature_type": "edge", "u": 94, "v": 226, "edge_key": 0, "length_m": 435.507, "is_bridged": false, "is_bridge": true, "edge_betweenness": 0.0, "width_m": 8.043}}, {"type": "Feature", "geometry": {"type": "LineString", "coordinates": [[73.824171, 15.499806], [73.823417, 15.49964], [73.823333, 15.499639]]}, "properties": {"feature_type": "edge", "u": 95, "v": 124, "edge_key": 0, "length_m": 97.456, "is_bridged": false, "is_bridge": false, "edge_betweenness": 0.0, "width_m": 8.174}}, {"type": "Feature", "geometry": {"type": "LineString", "coordinates": [[73.824171, 15.499806], [73.824241, 15.499685], [73.824525, 15.49894]]}, "properties": {"feature_type": "edge", "u": 95, "v": 220, "edge_key": 0, "length_m": 111.266, "is_bridged": false, "is_bridge": false, "edge_betweenness": 0.0, "width_m": 8.324}}, {"type": "Feature", "geometry": {"type": "LineString", "coordinates": [[73.83298, 15.499839], [73.833064, 15.499826]]}, "properties": {"feature_type": "edge", "u": 96, "v": 98, "edge_key": 0, "length_m": 9.621, "is_bridged": false, "is_bridge": false, "edge_betweenness": 0.0, "width_m": 8.194}}, {"type": "Feature", "geometry": {"type": "LineString", "coordinates": [[73.833301, 15.499855], [73.833371, 15.499841]]}, "properties": {"feature_type": "edge", "u": 97, "v": 99, "edge_key": 0, "length_m": 8.121, "is_bridged": false, "is_bridge": false, "edge_betweenness": 0.0, "width_m": 8.336}}, {"type": "Feature", "geometry": {"type": "LineString", "coordinates": [[73.833301, 15.499855], [73.833288, 15.499787]]}, "properties": {"feature_type": "edge", "u": 97, "v": 104, "edge_key": 0, "length_m": 7.854, "is_bridged": false, "is_bridge": false, "edge_betweenness": 0.0, "width_m": 6.053}}, {"type": "Feature", "geometry": {"type": "LineString", "coordinates": [[73.833064, 15.499826], [73.833134, 15.499813]]}, "properties": {"feature_type": "edge", "u": 98, "v": 100, "edge_key": 0, "length_m": 7.854, "is_bridged": false, "is_bridge": false, "edge_betweenness": 0.0, "width_m": 8.743}}, {"type": "Feature", "geometry": {"type": "LineString", "coordinates": [[73.833371, 15.499841], [73.833455, 15.499828]]}, "properties": {"feature_type": "edge", "u": 99, "v": 101, "edge_key": 0, "length_m": 9.621, "is_bridged": false, "is_bridge": false, "edge_betweenness": 0.0, "width_m": 8.446}}, {"type": "Feature", "geometry": {"type": "LineString", "coordinates": [[73.833371, 15.499841], [73.833372, 15.499774]]}, "properties": {"feature_type": "edge", "u": 99, "v": 107, "edge_key": 0, "length_m": 7.5, "is_bridged": false, "is_bridge": false, "edge_betweenness": 0.0, "width_m": 4.854}}, {"type": "Feature", "geometry": {"type": "LineString", "coordinates": [[73.833134, 15.499813], [73.833218, 15.4998]]}, "properties": {"feature_type": "edge", "u": 100, "v": 102, "edge_key": 0, "length_m": 9.621, "is_bridged": false, "is_bridge": false, "edge_betweenness": 0.0, "width_m": 8.194}}, {"type": "Feature", "geometry": {"type": "LineString", "coordinates": [[73.833455, 15.499828], [73.833525, 15.499815]]}, "properties": {"feature_type": "edge", "u": 101, "v": 103, "edge_key": 0, "length_m": 8.121, "is_bridged": false, "is_bridge": false, "edge_betweenness": 0.0, "width_m": 8.336}}, {"type": "Feature", "geometry": {"type": "LineString", "coordinates": [[73.833455, 15.499828], [73.833442, 15.49976]]}, "properties": {"feature_type": "edge", "u": 101, "v": 109, "edge_key": 0, "length_m": 7.854, "is_bridged": false, "is_bridge": false, "edge_betweenness": 0.0, "width_m": 6.053}}, {"type": "Feature", "geometry": {"type": "LineString", "coordinates": [[73.833218, 15.4998], [73.833288, 15.499787]]}, "properties": {"feature_type": "edge", "u": 102, "v": 104, "edge_key": 0, "length_m": 7.854, "is_bridged": false, "is_bridge": false, "edge_betweenness": 0.0, "width_m": 8.743}}, {"type": "Feature", "geometry": {"type": "LineString", "coordinates": [[73.833525, 15.499815], [73.833609, 15.499802]]}, "properties": {"feature_type": "edge", "u": 103, "v": 105, "edge_key": 0, "length_m": 9.621, "is_bridged": false, "is_bridge": false, "edge_betweenness": 0.0, "width_m": 8.15}}, {"type": "Feature", "geometry": {"type": "LineString", "coordinates": [[73.833525, 15.499815], [73.833526, 15.499747]]}, "properties": {"feature_type": "edge", "u": 103, "v": 112, "edge_key": 0, "length_m": 7.5, "is_bridged": false, "is_bridge": false, "edge_betweenness": 0.0, "width_m": 4.854}}, {"type": "Feature", "geometry": {"type": "LineString", "coordinates": [[73.833288, 15.499787], [73.833372, 15.499774]]}, "properties": {"feature_type": "edge", "u": 104, "v": 107, "edge_key": 0, "length_m": 9.354, "is_bridged": false, "is_bridge": false, "edge_betweenness": 0.0, "width_m": 8.439}}, {"type": "Feature", "geometry": {"type": "LineString", "coordinates": [[73.833609, 15.499802], [73.833679, 15.499789]]}, "properties": {"feature_type": "edge", "u": 105, "v": 108, "edge_key": 0, "length_m": 8.121, "is_bridged": false, "is_bridge": false, "edge_betweenness": 0.0, "width_m": 8.083}}, {"type": "Feature", "geometry": {"type": "LineString", "coordinates": [[73.833609, 15.499802], [73.833596, 15.499734]]}, "properties": {"feature_type": "edge", "u": 105, "v": 114, "edge_key": 0, "length_m": 8.121, "is_bridged": false, "is_bridge": false, "edge_betweenness": 0.0, "width_m": 4.854}}, {"type": "Feature", "geometry": {"type": "LineString", "coordinates": [[73.832001, 15.499766], [73.832085, 15.499767], [73.832211, 15.499727], [73.832281, 15.4997], [73.83231, 15.49966]]}, "properties": {"feature_type": "edge", "u": 106, "v": 129, "edge_key": 0, "length_m": 38.582, "is_bridged": false, "is_bridge": false, "edge_betweenness": 0.0, "width_m": 8.314}}, {"type": "Feature", "geometry": {"type": "LineString", "coordinates": [[73.832001, 15.499766], [73.831906, 15.499386], [73.831866, 15.498952]]}, "properties": {"feature_type": "edge", "u": 106, "v": 224, "edge_key": 0, "length_m": 95.946, "is_bridged": false, "is_bridge": false, "edge_betweenness": 0.0, "width_m": 8.408}}, {"type": "Feature", "geometry": {"type": "LineString", "coordinates": [[73.833372, 15.499774], [73.833442, 15.49976]]}, "properties": {"feature_type": "edge", "u": 107, "v": 109, "edge_key": 0, "length_m": 7.854, "is_bridged": false, "is_bridge": false, "edge_betweenness": 0.0, "width_m": 8.298}}, {"type": "Feature", "geometry": {"type": "LineString", "coordinates": [[73.833679, 15.499789], [73.833763, 15.499776]]}, "properties": {"feature_type": "edge", "u": 108, "v": 110, "edge_key": 0, "length_m": 9.621, "is_bridged": false, "is_bridge": false, "edge_betweenness": 0.0, "width_m": 8.15}}, {"type": "Feature", "geometry": {"type": "LineString", "coordinates": [[73.833679, 15.499789], [73.83368, 15.499721]]}, "properties": {"feature_type": "edge", "u": 108, "v": 116, "edge_key": 0, "length_m": 7.5, "is_bridged": false, "is_bridge": false, "edge_betweenness": 0.0, "width_m": 4.854}}, {"type": "Feature", "geometry": {"type": "LineString", "coordinates": [[73.833442, 15.49976], [73.833526, 15.499747]]}, "properties": {"feature_type": "edge", "u": 109, "v": 112, "edge_key": 0, "length_m": 9.354, "is_bridged": false, "is_bridge": false, "edge_betweenness": 0.0, "width_m": 8.439}}, {"type": "Feature", "geometry": {"type": "LineString", "coordinates": [[73.833763, 15.499776], [73.833833, 15.499763]]}, "properties": {"feature_type": "edge", "u": 110, "v": 113, "edge_key": 0, "length_m": 8.121, "is_bridged": false, "is_bridge": false, "edge_betweenness": 0.0, "width_m": 8.083}}, {"type": "Feature", "geometry": {"type": "LineString", "coordinates": [[73.833763, 15.499776], [73.83375, 15.499708]]}, "properties": {"feature_type": "edge", "u": 110, "v": 120, "edge_key": 0, "length_m": 8.121, "is_bridged": false, "is_bridge": false, "edge_betweenness": 0.0, "width_m": 4.854}}, {"type": "Feature", "geometry": {"type": "LineString", "coordinates": [[73.833526, 15.499747], [73.833596, 15.499734]]}, "properties": {"feature_type": "edge", "u": 112, "v": 114, "edge_key": 0, "length_m": 7.854, "is_bridged": false, "is_bridge": false, "edge_betweenness": 0.0, "width_m": 7.854}}, {"type": "Feature", "geometry": {"type": "LineString", "coordinates": [[73.833833, 15.499763], [73.833917, 15.499749]]}, "properties": {"feature_type": "edge", "u": 113, "v": 115, "edge_key": 0, "length_m": 9.621, "is_bridged": false, "is_bridge": false, "edge_betweenness": 0.0, "width_m": 8.15}}, {"type": "Feature", "geometry": {"type": "LineString", "coordinates": [[73.833833, 15.499763], [73.83382, 15.499695]]}, "properties": {"feature_type": "edge", "u": 113, "v": 122, "edge_key": 0, "length_m": 8.121, "is_bridged": false, "is_bridge": false, "edge_betweenness": 0.0, "width_m": 4.854}}, {"type": "Feature", "geometry": {"type": "LineString", "coordinates": [[73.833596, 15.499734], [73.83368, 15.499721]]}, "properties": {"feature_type": "edge", "u": 114, "v": 116, "edge_key": 0, "length_m": 9.354, "is_bridged": false, "is_bridge": false, "edge_betweenness": 0.0, "width_m": 8.083}}, {"type": "Feature", "geometry": {"type": "LineString", "coordinates": [[73.833917, 15.499749], [73.833987, 15.499736]]}, "properties": {"feature_type": "edge", "u": 115, "v": 117, "edge_key": 0, "length_m": 8.121, "is_bridged": false, "is_bridge": false, "edge_betweenness": 0.0, "width_m": 8.083}}, {"type": "Feature", "geometry": {"type": "LineString", "coordinates": [[73.833917, 15.499749], [73.833904, 15.499682]]}, "properties": {"feature_type": "edge", "u": 115, "v": 126, "edge_key": 0, "length_m": 8.121, "is_bridged": false, "is_bridge": false, "edge_betweenness": 0.0, "width_m": 4.854}}, {"type": "Feature", "geometry": {"type": "LineString", "coordinates": [[73.83368, 15.499721], [73.83375, 15.499708]]}, "properties": {"feature_type": "edge", "u": 116, "v": 120, "edge_key": 0, "length_m": 8.121, "is_bridged": false, "is_bridge": false, "edge_betweenness": 0.0, "width_m": 8.083}}, {"type": "Feature", "geometry": {"type": "LineString", "coordinates": [[73.833987, 15.499736], [73.834071, 15.499723]]}, "properties": {"feature_type": "edge", "u": 117, "v": 121, "edge_key": 0, "length_m": 9.621, "is_bridged": false, "is_bridge": false, "edge_betweenness": 0.0, "width_m": 8.15}}, {"type": "Feature", "geometry": {"type": "LineString", "coordinates": [[73.833987, 15.499736], [73.833974, 15.499668]]}, "properties": {"feature_type": "edge", "u": 117, "v": 130, "edge_key": 0, "length_m": 8.121, "is_bridged": false, "is_bridge": false, "edge_betweenness": 0.0, "width_m": 4.854}}, {"type": "Feature", "geometry": {"type": "LineString", "coordinates": [[73.827415, 15.499688], [73.82722, 15.499592]]}, "properties": {"feature_type": "edge", "u": 118, "v": 140, "edge_key": 0, "length_m": 25.082, "is_bridged": false, "is_bridge": false, "edge_betweenness": 0.0, "width_m": 8.329}}, {"type": "Feature", "geometry": {"type": "LineString", "coordinates": [[73.827415, 15.499688], [73.82743, 15.49962], [73.827403, 15.49943], [73.827375, 15.499389]]}, "properties": {"feature_type": "edge", "u": 118, "v": 190, "edge_key": 0, "length_m": 36.107, "is_bridged": false, "is_bridge": false, "edge_betweenness": 0.0, "width_m": 8.494}}, {"type": "Feature", "geometry": {"type": "LineString", "coordinates": [[73.832813, 15.499703], [73.832715, 15.499662], [73.83245, 15.499647]]}, "properties": {"feature_type": "edge", "u": 119, "v": 135, "edge_key": 0, "length_m": 41.218, "is_bridged": false, "is_bridge": false, "edge_betweenness": 0.0, "width_m": 8.921}}, {"type": "Feature", "geometry": {"type": "LineString", "coordinates": [[73.832813, 15.499703], [73.832869, 15.499703], [73.832967, 15.499663], [73.833596, 15.499599], [73.833666, 15.499585], [73.833737, 15.499532], [73.833696, 15.499247], [73.833628, 15.498989], [73.833586, 15.498934]]}, "properties": {"feature_type": "edge", "u": 119, "v": 228, "edge_key": 0, "length_m": 179.644, "is_bridged": false, "is_bridge": false, "edge_betweenness": 0.0, "width_m": 8.341}}, {"type": "Feature", "geometry": {"type": "LineString", "coordinates": [[73.83375, 15.499708], [73.83382, 15.499695]]}, "properties": {"feature_type": "edge", "u": 120, "v": 122, "edge_key": 0, "length_m": 7.854, "is_bridged": false, "is_bridge": false, "edge_betweenness": 0.0, "width_m": 7.854}}, {"type": "Feature", "geometry": {"type": "LineString", "coordinates": [[73.834071, 15.499723], [73.834141, 15.49971]]}, "properties": {"feature_type": "edge", "u": 121, "v": 123, "edge_key": 0, "length_m": 8.121, "is_bridged": false, "is_bridge": false, "edge_betweenness": 0.0, "width_m": 8.083}}, {"type": "Feature", "geometry": {"type": "LineString", "coordinates": [[73.834071, 15.499723], [73.834058, 15.499655]]}, "properties": {"feature_type": "edge", "u": 121, "v": 132, "edge_key": 0, "length_m": 8.121, "is_bridged": false, "is_bridge": false, "edge_betweenness": 0.0, "width_m": 4.854}}, {"type": "Feature", "geometry": {"type": "LineString", "coordinates": [[73.83382, 15.499695], [73.833904, 15.499682]]}, "properties": {"feature_type": "edge", "u": 122, "v": 126, "edge_key": 0, "length_m": 9.354, "is_bridged": false, "is_bridge": false, "edge_betweenness": 0.0, "width_m": 8.083}}, {"type": "Feature", "geometry": {"type": "LineString", "coordinates": [[73.834141, 15.49971], [73.834225, 15.499697]]}, "properties": {"feature_type": "edge", "u": 123, "v": 127, "edge_key": 0, "length_m": 9.621, "is_bridged": false, "is_bridge": false, "edge_betweenness": 0.0, "width_m": 8.15}}, {"type": "Feature", "geometry": {"type": "LineString", "coordinates": [[73.834141, 15.49971], [73.834141, 15.499642]]}, "properties": {"feature_type": "edge", "u": 123, "v": 136, "edge_key": 0, "length_m": 7.5, "is_bridged": false, "is_bridge": false, "edge_betweenness": 0.0, "width_m": 4.854}}, {"type": "Feature", "geometry": {"type": "LineString", "coordinates": [[73.823333, 15.499639], [73.823319, 15.499612], [73.823235, 15.499611], [73.82297, 15.499542]]}, "properties": {"feature_type": "edge", "u": 124, "v": 145, "edge_key": 0, "length_m": 43.961, "is_bridged": false, "is_bridge": true, "edge_betweenness": 0.0, "width_m": 8.183}}, {"type": "Feature", "geometry": {"type": "LineString", "coordinates": [[73.823333, 15.499639], [73.823464, 15.498745]]}, "properties": {"feature_type": "edge", "u": 124, "v": 244, "edge_key": 0, "length_m": 104.325, "is_bridged": false, "is_bridge": false, "edge_betweenness": 0.0, "width_m": 8.421}}, {"type": "Feature", "geometry": {"type": "LineString", "coordinates": [[73.828842, 15.499668], [73.828884, 15.499628], [73.829052, 15.499615]]}, "properties": {"feature_type": "edge", "u": 125, "v": 134, "edge_key": 0, "length_m": 25.864, "is_bridged": false, "is_bridge": true, "edge_betweenness": 0.0, "width_m": 7.813}}, {"type": "Feature", "geometry": {"type": "LineString", "coordinates": [[73.833904, 15.499682], [73.833974, 15.499668]]}, "properties": {"feature_type": "edge", "u": 126, "v": 130, "edge_key": 0, "length_m": 7.854, "is_bridged": false, "is_bridge": false, "edge_betweenness": 0.0, "width_m": 7.854}}, {"type": "Feature", "geometry": {"type": "LineString", "coordinates": [[73.834225, 15.499697], [73.834295, 15.499684]]}, "properties": {"feature_type": "edge", "u": 127, "v": 131, "edge_key": 0, "length_m": 8.121, "is_bridged": false, "is_bridge": false, "edge_betweenness": 0.0, "width_m": 8.083}}, {"type": "Feature", "geometry": {"type": "LineString", "coordinates": [[73.834225, 15.499697], [73.834211, 15.499629]]}, "properties": {"feature_type": "edge", "u": 127, "v": 138, "edge_key": 0, "length_m": 8.121, "is_bridged": false, "is_bridge": false, "edge_betweenness": 0.0, "width_m": 4.854}}, {"type": "Feature", "geometry": {"type": "LineString", "coordinates": [[73.83231, 15.49966], [73.83245, 15.499647]]}, "properties": {"feature_type": "edge", "u": 129, "v": 135, "edge_key": 0, "length_m": 15.621, "is_bridged": false, "is_bridge": false, "edge_betweenness": 0.0, "width_m": 11.869}}, {"type": "Feature", "geometry": {"type": "LineString", "coordinates": [[73.83231, 15.49966], [73.832228, 15.499225], [73.832216, 15.498927]]}, "properties": {"feature_type": "edge", "u": 129, "v": 227, "edge_key": 0, "length_m": 85.349, "is_bridged": false, "is_bridge": false, "edge_betweenness": 0.0, "width_m": 8.46}}, {"type": "Feature", "geometry": {"type": "LineString", "coordinates": [[73.833974, 15.499668], [73.834058, 15.499655]]}, "properties": {"feature_type": "edge", "u": 130, "v": 132, "edge_key": 0, "length_m": 9.354, "is_bridged": false, "is_bridge": false, "edge_betweenness": 0.0, "width_m": 8.083}}, {"type": "Feature", "geometry": {"type": "LineString", "coordinates": [[73.834295, 15.499684], [73.834379, 15.499671]]}, "properties": {"feature_type": "edge", "u": 131, "v": 133, "edge_key": 0, "length_m": 9.621, "is_bridged": false, "is_bridge": false, "edge_betweenness": 0.0, "width_m": 8.15}}, {"type": "Feature", "geometry": {"type": "LineString", "coordinates": [[73.834295, 15.499684], [73.834295, 15.499616]]}, "properties": {"feature_type": "edge", "u": 131, "v": 141, "edge_key": 0, "length_m": 7.5, "is_bridged": false, "is_bridge": false, "edge_betweenness": 0.0, "width_m": 4.854}}, {"type": "Feature", "geometry": {"type": "LineString", "coordinates": [[73.834058, 15.499655], [73.834141, 15.499642]]}, "properties": {"feature_type": "edge", "u": 132, "v": 136, "edge_key": 0, "length_m": 9.354, "is_bridged": false, "is_bridge": false, "edge_betweenness": 0.0, "width_m": 8.083}}, {"type": "Feature", "geometry": {"type": "LineString", "coordinates": [[73.834379, 15.499671], [73.834463, 15.499657]]}, "properties": {"feature_type": "edge", "u": 133, "v": 137, "edge_key": 0, "length_m": 9.621, "is_bridged": false, "is_bridge": false, "edge_betweenness": 0.0, "width_m": 8.15}}, {"type": "Feature", "geometry": {"type": "LineString", "coordinates": [[73.834379, 15.499671], [73.834365, 15.499603]]}, "properties": {"feature_type": "edge", "u": 133, "v": 143, "edge_key": 0, "length_m": 8.121, "is_bridged": false, "is_bridge": false, "edge_betweenness": 0.0, "width_m": 4.854}}, {"type": "Feature", "geometry": {"type": "LineString", "coordinates": [[73.829052, 15.499615], [73.829304, 15.499576]]}, "properties": {"feature_type": "edge", "u": 134, "v": 146, "edge_key": 0, "length_m": 28.864, "is_bridged": false, "is_bridge": false, "edge_betweenness": 0.0, "width_m": 8.622}}, {"type": "Feature", "geometry": {"type": "LineString", "coordinates": [[73.83245, 15.499647], [73.83245, 15.49962], [73.83252, 15.499552], [73.832829, 15.499364], [73.832843, 15.499323]]}, "properties": {"feature_type": "edge", "u": 135, "v": 204, "edge_key": 0, "length_m": 60.426, "is_bridged": false, "is_bridge": false, "edge_betweenness": 0.0, "width_m": 8.511}}, {"type": "Feature", "geometry": {"type": "LineString", "coordinates": [[73.834141, 15.499642], [73.834211, 15.499629]]}, "properties": {"feature_type": "edge", "u": 136, "v": 138, "edge_key": 0, "length_m": 8.121, "is_bridged": false, "is_bridge": false, "edge_betweenness": 0.0, "width_m": 8.083}}, {"type": "Feature", "geometry": {"type": "LineString", "coordinates": [[73.834463, 15.499657], [73.834533, 15.499644]]}, "properties": {"feature_type": "edge", "u": 137, "v": 139, "edge_key": 0, "length_m": 8.121, "is_bridged": false, "is_bridge": false, "edge_betweenness": 0.0, "width_m": 7.98}}, {"type": "Feature", "geometry": {"type": "LineString", "coordinates": [[73.834463, 15.499657], [73.834449, 15.49959]]}, "properties": {"feature_type": "edge", "u": 137, "v": 147, "edge_key": 0, "length_m": 8.121, "is_bridged": false, "is_bridge": false, "edge_betweenness": 0.0, "width_m": 4.854}}, {"type": "Feature", "geometry": {"type": "LineString", "coordinates": [[73.834211, 15.499629], [73.834295, 15.499616]]}, "properties": {"feature_type": "edge", "u": 138, "v": 141, "edge_key": 0, "length_m": 9.354, "is_bridged": false, "is_bridge": false, "edge_betweenness": 0.0, "width_m": 8.083}}, {"type": "Feature", "geometry": {"type": "LineString", "coordinates": [[73.834533, 15.499644], [73.834617, 15.499631]]}, "properties": {"feature_type": "edge", "u": 139, "v": 142, "edge_key": 0, "length_m": 9.621, "is_bridged": false, "is_bridge": false, "edge_betweenness": 0.0, "width_m": 8.15}}, {"type": "Feature", "geometry": {"type": "LineString", "coordinates": [[73.834533, 15.499644], [73.834533, 15.499576]]}, "properties": {"feature_type": "edge", "u": 139, "v": 151, "edge_key": 0, "length_m": 7.5, "is_bridged": false, "is_bridge": false, "edge_betweenness": 0.0, "width_m": 4.854}}, {"type": "Feature", "geometry": {"type": "LineString", "coordinates": [[73.82722, 15.499592], [73.827263, 15.499443]]}, "properties": {"feature_type": "edge", "u": 140, "v": 171, "edge_key": 0, "length_m": 18.097, "is_bridged": false, "is_bridge": false, "edge_betweenness": 0.0, "width_m": 8.668}}, {"type": "Feature", "geometry": {"type": "LineString", "coordinates": [[73.834295, 15.499616], [73.834365, 15.499603]]}, "properties": {"feature_type": "edge", "u": 141, "v": 143, "edge_key": 0, "length_m": 7.854, "is_bridged": false, "is_bridge": false, "edge_betweenness": 0.0, "width_m": 7.854}}, {"type": "Feature", "geometry": {"type": "LineString", "coordinates": [[73.834617, 15.499631], [73.834687, 15.499618]]}, "properties": {"feature_type": "edge", "u": 142, "v": 144, "edge_key": 0, "length_m": 8.121, "is_bridged": false, "is_bridge": false, "edge_betweenness": 0.0, "width_m": 7.98}}, {"type": "Feature", "geometry": {"type": "LineString", "coordinates": [[73.834617, 15.499631], [73.834603, 15.499563]]}, "properties": {"feature_type": "edge", "u": 142, "v": 154, "edge_key": 0, "length_m": 8.121, "is_bridged": false, "is_bridge": false, "edge_betweenness": 0.0, "width_m": 4.854}}, {"type": "Feature", "geometry": {"type": "LineString", "coordinates": [[73.834365, 15.499603], [73.834449, 15.49959]]}, "properties": {"feature_type": "edge", "u": 143, "v": 147, "edge_key": 0, "length_m": 9.354, "is_bridged": false, "is_bridge": false, "edge_betweenness": 0.0, "width_m": 8.083}}, {"type": "Feature", "geometry": {"type": "LineString", "coordinates": [[73.834687, 15.499618], [73.834771, 15.499605]]}, "properties": {"feature_type": "edge", "u": 144, "v": 148, "edge_key": 0, "length_m": 9.621, "is_bridged": false, "is_bridge": false, "edge_betweenness": 0.0, "width_m": 8.15}}, {"type": "Feature", "geometry": {"type": "LineString", "coordinates": [[73.834687, 15.499618], [73.834687, 15.49955]]}, "properties": {"feature_type": "edge", "u": 144, "v": 156, "edge_key": 0, "length_m": 7.5, "is_bridged": false, "is_bridge": false, "edge_betweenness": 0.0, "width_m": 4.854}}, {"type": "Feature", "geometry": {"type": "LineString", "coordinates": [[73.829304, 15.499576], [73.82929, 15.499494], [73.829166, 15.499263], [73.829028, 15.498924], [73.828903, 15.498706]]}, "properties": {"feature_type": "edge", "u": 146, "v": 252, "edge_key": 0, "length_m": 114.018, "is_bridged": false, "is_bridge": false, "edge_betweenness": 0.0, "width_m": 7.729}}, {"type": "Feature", "geometry": {"type": "LineString", "coordinates": [[73.834449, 15.49959], [73.834533, 15.499576]]}, "properties": {"feature_type": "edge", "u": 147, "v": 151, "edge_key": 0, "length_m": 9.354, "is_bridged": false, "is_bridge": false, "edge_betweenness": 0.0, "width_m": 8.083}}, {"type": "Feature", "geometry": {"type": "LineString", "coordinates": [[73.834771, 15.499605], [73.834841, 15.499592]]}, "properties": {"feature_type": "edge", "u": 148, "v": 152, "edge_key": 0, "length_m": 8.121, "is_bridged": false, "is_bridge": false, "edge_betweenness": 0.0, "width_m": 7.98}}, {"type": "Feature", "geometry": {"type": "LineString", "coordinates": [[73.834771, 15.499605], [73.834757, 15.499537]]}, "properties": {"feature_type": "edge", "u": 148, "v": 159, "edge_key": 0, "length_m": 8.121, "is_bridged": false, "is_bridge": false, "edge_betweenness": 0.0, "width_m": 4.854}}, {"type": "Feature", "geometry": {"type": "LineString", "coordinates": [[73.82613, 15.499546], [73.82613, 15.499491]]}, "properties": {"feature_type": "edge", "u": 149, "v": 158, "edge_key": 0, "length_m": 6.0, "is_bridged": false, "is_bridge": false, "edge_betweenness": 0.0, "width_m": 10.162}}, {"type": "Feature", "geometry": {"type": "LineString", "coordinates": [[73.834533, 15.499576], [73.834603, 15.499563]]}, "properties": {"feature_type": "edge", "u": 151, "v": 154, "edge_key": 0, "length_m": 8.121, "is_bridged": false, "is_bridge": false, "edge_betweenness": 0.0, "width_m": 8.083}}, {"type": "Feature", "geometry": {"type": "LineString", "coordinates": [[73.834841, 15.499592], [73.834925, 15.499578]]}, "properties": {"feature_type": "edge", "u": 152, "v": 155, "edge_key": 0, "length_m": 9.621, "is_bridged": false, "is_bridge": false, "edge_betweenness": 0.0, "width_m": 8.15}}, {"type": "Feature", "geometry": {"type": "LineString", "coordinates": [[73.834841, 15.499592], [73.834841, 15.499524]]}, "properties": {"feature_type": "edge", "u": 152, "v": 162, "edge_key": 0, "length_m": 7.5, "is_bridged": false, "is_bridge": false, "edge_betweenness": 0.0, "width_m": 4.854}}, {"type": "Feature", "geometry": {"type": "LineString", "coordinates": [[73.828689, 15.499546], [73.828621, 15.499084]]}, "properties": {"feature_type": "edge", "u": 153, "v": 215, "edge_key": 0, "length_m": 54.107, "is_bridged": false, "is_bridge": true, "edge_betweenness": 0.0, "width_m": 8.136}}, {"type": "Feature", "geometry": {"type": "LineString", "coordinates": [[73.834603, 15.499563], [73.834687, 15.49955]]}, "properties": {"feature_type": "edge", "u": 154, "v": 156, "edge_key": 0, "length_m": 9.354, "is_bridged": false, "is_bridge": false, "edge_betweenness": 0.0, "width_m": 8.083}}, {"type": "Feature", "geometry": {"type": "LineString", "coordinates": [[73.834925, 15.499578], [73.834995, 15.499565]]}, "properties": {"feature_type": "edge", "u": 155, "v": 157, "edge_key": 0, "length_m": 8.121, "is_bridged": false, "is_bridge": false, "edge_betweenness": 0.0, "width_m": 7.98}}, {"type": "Feature", "geometry": {"type": "LineString", "coordinates": [[73.834925, 15.499578], [73.834925, 15.499511]]}, "properties": {"feature_type": "edge", "u": 155, "v": 164, "edge_key": 0, "length_m": 7.5, "is_bridged": false, "is_bridge": false, "edge_betweenness": 0.0, "width_m": 4.854}}, {"type": "Feature", "geometry": {"type": "LineString", "coordinates": [[73.834687, 15.49955], [73.834757, 15.499537]]}, "properties": {"feature_type": "edge", "u": 156, "v": 159, "edge_key": 0, "length_m": 7.854, "is_bridged": false, "is_bridge": false, "edge_betweenness": 0.0, "width_m": 7.854}}, {"type": "Feature", "geometry": {"type": "LineString", "coordinates": [[73.834995, 15.499565], [73.835079, 15.499552]]}, "properties": {"feature_type": "edge", "u": 157, "v": 160, "edge_key": 0, "length_m": 9.621, "is_bridged": false, "is_bridge": false, "edge_betweenness": 0.0, "width_m": 8.15}}, {"type": "Feature", "geometry": {"type": "LineString", "coordinates": [[73.834995, 15.499565], [73.834995, 15.499497]]}, "properties": {"feature_type": "edge", "u": 157, "v": 168, "edge_key": 0, "length_m": 7.5, "is_bridged": false, "is_bridge": false, "edge_betweenness": 0.0, "width_m": 4.854}}, {"type": "Feature", "geometry": {"type": "LineString", "coordinates": [[73.82613, 15.499491], [73.826088, 15.499477], [73.825379, 15.498836], [73.825309, 15.498823]]}, "properties": {"feature_type": "edge", "u": 158, "v": 237, "edge_key": 0, "length_m": 118.677, "is_bridged": false, "is_bridge": false, "edge_betweenness": 0.0, "width_m": 8.515}}, {"type": "Feature", "geometry": {"type": "LineString", "coordinates": [[73.82613, 15.499491], [73.826497, 15.498924]]}, "properties": {"feature_type": "edge", "u": 158, "v": 223, "edge_key": 0, "length_m": 78.887, "is_bridged": false, "is_bridge": false, "edge_betweenness": 0.0, "width_m": 8.625}}, {"type": "Feature", "geometry": {"type": "LineString", "coordinates": [[73.834757, 15.499537], [73.834841, 15.499524]]}, "properties": {"feature_type": "edge", "u": 159, "v": 162, "edge_key": 0, "length_m": 9.354, "is_bridged": false, "is_bridge": false, "edge_betweenness": 0.0, "width_m": 8.083}}, {"type": "Feature", "geometry": {"type": "LineString", "coordinates": [[73.835079, 15.499552], [73.835149, 15.499539]]}, "properties": {"feature_type": "edge", "u": 160, "v": 163, "edge_key": 0, "length_m": 8.121, "is_bridged": false, "is_bridge": false, "edge_betweenness": 0.0, "width_m": 8.083}}, {"type": "Feature", "geometry": {"type": "LineString", "coordinates": [[73.835079, 15.499552], [73.835079, 15.499484]]}, "properties": {"feature_type": "edge", "u": 160, "v": 172, "edge_key": 0, "length_m": 7.5, "is_bridged": false, "is_bridge": false, "edge_betweenness": 0.0, "width_m": 4.854}}, {"type": "Feature", "geometry": {"type": "LineString", "coordinates": [[73.836883, 15.499548], [73.836757, 15.499534]]}, "properties": {"feature_type": "edge", "u": 161, "v": 166, "edge_key": 0, "length_m": 14.121, "is_bridged": false, "is_bridge": false, "edge_betweenness": 0.0, "width_m": 9.214}}, {"type": "Feature", "geometry": {"type": "LineString", "coordinates": [[73.836883, 15.499548], [73.837079, 15.499536], [73.837149, 15.499482]]}, "properties": {"feature_type": "edge", "u": 161, "v": 167, "edge_key": 0, "length_m": 31.226, "is_bridged": false, "is_bridge": false, "edge_betweenness": 0.0, "width_m": 8.941}}, {"type": "Feature", "geometry": {"type": "LineString", "coordinates": [[73.836883, 15.499548], [73.836897, 15.499453]]}, "properties": {"feature_type": "edge", "u": 161, "v": 186, "edge_key": 0, "length_m": 10.854, "is_bridged": false, "is_bridge": false, "edge_betweenness": 0.0, "width_m": 10.405}}, {"type": "Feature", "geometry": {"type": "LineString", "coordinates": [[73.834841, 15.499524], [73.834925, 15.499511]]}, "properties": {"feature_type": "edge", "u": 162, "v": 164, "edge_key": 0, "length_m": 9.354, "is_bridged": false, "is_bridge": false, "edge_betweenness": 0.0, "width_m": 8.083}}, {"type": "Feature", "geometry": {"type": "LineString", "coordinates": [[73.835149, 15.499539], [73.835233, 15.499526]]}, "properties": {"feature_type": "edge", "u": 163, "v": 165, "edge_key": 0, "length_m": 9.621, "is_bridged": false, "is_bridge": false, "edge_betweenness": 0.0, "width_m": 8.15}}, {"type": "Feature", "geometry": {"type": "LineString", "coordinates": [[73.835149, 15.499539], [73.835149, 15.499471]]}, "properties": {"feature_type": "edge", "u": 163, "v": 175, "edge_key": 0, "length_m": 7.5, "is_bridged": false, "is_bridge": false, "edge_betweenness": 0.0, "width_m": 4.854}}, {"type": "Feature", "geometry": {"type": "LineString", "coordinates": [[73.834925, 15.499511], [73.834995, 15.499497]]}, "properties": {"feature_type": "edge", "u": 164, "v": 168, "edge_key": 0, "length_m": 8.121, "is_bridged": false, "is_bridge": false, "edge_betweenness": 0.0, "width_m": 8.083}}, {"type": "Feature", "geometry": {"type": "LineString", "coordinates": [[73.835233, 15.499526], [73.835317, 15.499513]]}, "properties": {"feature_type": "edge", "u": 165, "v": 169, "edge_key": 0, "length_m": 9.621, "is_bridged": false, "is_bridge": false, "edge_betweenness": 0.0, "width_m": 8.15}}, {"type": "Feature", "geometry": {"type": "LineString", "coordinates": [[73.835233, 15.499526], [73.835233, 15.499458]]}, "properties": {"feature_type": "edge", "u": 165, "v": 178, "edge_key": 0, "length_m": 7.5, "is_bridged": false, "is_bridge": false, "edge_betweenness": 0.0, "width_m": 4.854}}, {"type": "Feature", "geometry": {"type": "LineString", "coordinates": [[73.836757, 15.499534], [73.836673, 15.49952]]}, "properties": {"feature_type": "edge", "u": 166, "v": 170, "edge_key": 0, "length_m": 9.621, "is_bridged": false, "is_bridge": false, "edge_betweenness": 0.0, "width_m": 8.15}}, {"type": "Feature", "geometry": {"type": "LineString", "coordinates": [[73.836757, 15.499534], [73.836757, 15.499453]]}, "properties": {"feature_type": "edge", "u": 166, "v": 185, "edge_key": 0, "length_m": 9.0, "is_bridged": false, "is_bridge": false, "edge_betweenness": 0.0, "width_m": 4.732}}, {"type": "Feature", "geometry": {"type": "LineString", "coordinates": [[73.837149, 15.499482], [73.837051, 15.499454], [73.836897, 15.499453]]}, "properties": {"feature_type": "edge", "u": 167, "v": 186, "edge_key": 0, "length_m": 27.42, "is_bridged": false, "is_bridge": false, "edge_betweenness": 0.0, "width_m": 9.117}}, {"type": "Feature", "geometry": {"type": "LineString", "coordinates": [[73.837149, 15.499482], [73.837177, 15.499482]]}, "properties": {"feature_type": "edge", "u": 167, "v": 611, "edge_key": 0, "length_m": 3.0, "is_bridged": false, "is_bridge": false, "edge_betweenness": 0.0, "width_m": 5.472}}, {"type": "Feature", "geometry": {"type": "LineString", "coordinates": [[73.837177, 15.499482], [73.837149, 15.499482]]}, "properties": {"feature_type": "edge", "u": 167, "v": 611, "edge_key": 1, "length_m": 3.0, "is_bridged": false, "is_bridge": false, "edge_betweenness": 0.0, "width_m": 5.472}}, {"type": "Feature", "geometry": {"type": "LineString", "coordinates": [[73.837149, 15.499482], [73.837233, 15.499469]]}, "properties": {"feature_type": "edge", "u": 167, "v": 612, "edge_key": 0, "length_m": 9.124, "is_bridged": false, "is_bridge": false, "edge_betweenness": 0.0, "width_m": 5.472}}, {"type": "Feature", "geometry": {"type": "LineString", "coordinates": [[73.837233, 15.499469], [73.837149, 15.499482]]}, "properties": {"feature_type": "edge", "u": 167, "v": 612, "edge_key": 1, "length_m": 9.124, "is_bridged": false, "is_bridge": false, "edge_betweenness": 0.0, "width_m": 5.472}}, {"type": "Feature", "geometry": {"type": "LineString", "coordinates": [[73.837149, 15.499482], [73.837136, 15.499319], [73.837195, 15.49875]]}, "properties": {"feature_type": "edge", "u": 167, "v": 250, "edge_key": 0, "length_m": 83.729, "is_bridged": false, "is_bridge": false, "edge_betweenness": 0.0, "width_m": 8.623}}, {"type": "Feature", "geometry": {"type": "LineString", "coordinates": [[73.837149, 15.499482], [73.837331, 15.499442]]}, "properties": {"feature_type": "edge", "u": 167, "v": 194, "edge_key": 0, "length_m": 20.23, "is_bridged": false, "is_bridge": false, "edge_betweenness": 0.0, "width_m": 8.459}}, {"type": "Feature", "geometry": {"type": "LineString", "coordinates": [[73.834995, 15.499497], [73.835079, 15.499484]]}, "properties": {"feature_type": "edge", "u": 168, "v": 172, "edge_key": 0, "length_m": 9.354, "is_bridged": false, "is_bridge": false, "edge_betweenness": 0.0, "width_m": 8.083}}, {"type": "Feature", "geometry": {"type": "LineString", "coordinates": [[73.835317, 15.499513], [73.835415, 15.4995]]}, "properties": {"feature_type": "edge", "u": 169, "v": 173, "edge_key": 0, "length_m": 11.121, "is_bridged": false, "is_bridge": false, "edge_betweenness": 0.0, "width_m": 8.198}}, {"type": "Feature", "geometry": {"type": "LineString", "coordinates": [[73.835317, 15.499513], [73.835317, 15.499445]]}, "properties": {"feature_type": "edge", "u": 169, "v": 181, "edge_key": 0, "length_m": 7.5, "is_bridged": false, "is_bridge": false, "edge_betweenness": 0.0, "width_m": 4.854}}, {"type": "Feature", "geometry": {"type": "LineString", "coordinates": [[73.836673, 15.49952], [73.836603, 15.499506]]}, "properties": {"feature_type": "edge", "u": 170, "v": 174, "edge_key": 0, "length_m": 8.121, "is_bridged": false, "is_bridge": false, "edge_betweenness": 0.0, "width_m": 7.98}}, {"type": "Feature", "geometry": {"type": "LineString", "coordinates": [[73.836673, 15.49952], [73.836673, 15.499452]]}, "properties": {"feature_type": "edge", "u": 170, "v": 184, "edge_key": 0, "length_m": 7.5, "is_bridged": false, "is_bridge": false, "edge_betweenness": 0.0, "width_m": 4.854}}, {"type": "Feature", "geometry": {"type": "LineString", "coordinates": [[73.827263, 15.499443], [73.826497, 15.498924]]}, "properties": {"feature_type": "edge", "u": 171, "v": 223, "edge_key": 0, "length_m": 105.843, "is_bridged": false, "is_bridge": false, "edge_betweenness": 0.0, "width_m": 8.543}}, {"type": "Feature", "geometry": {"type": "LineString", "coordinates": [[73.827263, 15.499443], [73.827375, 15.499389]]}, "properties": {"feature_type": "edge", "u": 171, "v": 190, "edge_key": 0, "length_m": 14.485, "is_bridged": false, "is_bridge": false, "edge_betweenness": 0.0, "width_m": 8.988}}, {"type": "Feature", "geometry": {"type": "LineString", "coordinates": [[73.835079, 15.499484], [73.835149, 15.499471]]}, "properties": {"feature_type": "edge", "u": 172, "v": 175, "edge_key": 0, "length_m": 7.854, "is_bridged": false, "is_bridge": false, "edge_betweenness": 0.0, "width_m": 7.854}}, {"type": "Feature", "geometry": {"type": "LineString", "coordinates": [[73.835415, 15.4995], [73.835499, 15.499487]]}, "properties": {"feature_type": "edge", "u": 173, "v": 176, "edge_key": 0, "length_m": 9.621, "is_bridged": false, "is_bridge": false, "edge_betweenness": 0.0, "width_m": 8.743}}, {"type": "Feature", "geometry": {"type": "LineString", "coordinates": [[73.835415, 15.4995], [73.835401, 15.499432]]}, "properties": {"feature_type": "edge", "u": 173, "v": 187, "edge_key": 0, "length_m": 7.854, "is_bridged": false, "is_bridge": false, "edge_betweenness": 0.0, "width_m": 6.053}}, {"type": "Feature", "geometry": {"type": "LineString", "coordinates": [[73.836603, 15.499506], [73.836533, 15.499492]]}, "properties": {"feature_type": "edge", "u": 174, "v": 177, "edge_key": 0, "length_m": 8.121, "is_bridged": false, "is_bridge": false, "edge_betweenness": 0.0, "width_m": 8.083}}, {"type": "Feature", "geometry": {"type": "LineString", "coordinates": [[73.836603, 15.499506], [73.836604, 15.499438]]}, "properties": {"feature_type": "edge", "u": 174, "v": 189, "edge_key": 0, "length_m": 7.5, "is_bridged": false, "is_bridge": false, "edge_betweenness": 0.0, "width_m": 4.854}}, {"type": "Feature", "geometry": {"type": "LineString", "coordinates": [[73.835149, 15.499471], [73.835233, 15.499458]]}, "properties": {"feature_type": "edge", "u": 175, "v": 178, "edge_key": 0, "length_m": 9.354, "is_bridged": false, "is_bridge": false, "edge_betweenness": 0.0, "width_m": 8.083}}, {"type": "Feature", "geometry": {"type": "LineString", "coordinates": [[73.835499, 15.499487], [73.835583, 15.499473]]}, "properties": {"feature_type": "edge", "u": 176, "v": 179, "edge_key": 0, "length_m": 9.621, "is_bridged": false, "is_bridge": false, "edge_betweenness": 0.0, "width_m": 8.743}}, {"type": "Feature", "geometry": {"type": "LineString", "coordinates": [[73.835499, 15.499487], [73.835485, 15.499419]]}, "properties": {"feature_type": "edge", "u": 176, "v": 191, "edge_key": 0, "length_m": 7.854, "is_bridged": false, "is_bridge": false, "edge_betweenness": 0.0, "width_m": 6.053}}, {"type": "Feature", "geometry": {"type": "LineString", "coordinates": [[73.836533, 15.499492], [73.836464, 15.499478]]}, "properties": {"feature_type": "edge", "u": 177, "v": 180, "edge_key": 0, "length_m": 8.121, "is_bridged": false, "is_bridge": false, "edge_betweenness": 0.0, "width_m": 8.083}}, {"type": "Feature", "geometry": {"type": "LineString", "coordinates": [[73.836533, 15.499492], [73.836534, 15.499424]]}, "properties": {"feature_type": "edge", "u": 177, "v": 193, "edge_key": 0, "length_m": 7.5, "is_bridged": false, "is_bridge": false, "edge_betweenness": 0.0, "width_m": 4.854}}, {"type": "Feature", "geometry": {"type": "LineString", "coordinates": [[73.835233, 15.499458], [73.835317, 15.499445]]}, "properties": {"feature_type": "edge", "u": 178, "v": 181, "edge_key": 0, "length_m": 9.354, "is_bridged": false, "is_bridge": false, "edge_betweenness": 0.0, "width_m": 8.083}}, {"type": "Feature", "geometry": {"type": "LineString", "coordinates": [[73.835583, 15.499473], [73.835681, 15.49946]]}, "properties": {"feature_type": "edge", "u": 179, "v": 182, "edge_key": 0, "length_m": 11.121, "is_bridged": false, "is_bridge": false, "edge_betweenness": 0.0, "width_m": 8.452}}, {"type": "Feature", "geometry": {"type": "LineString", "coordinates": [[73.835583, 15.499473], [73.835569, 15.499406]]}, "properties": {"feature_type": "edge", "u": 179, "v": 195, "edge_key": 0, "length_m": 7.854, "is_bridged": false, "is_bridge": false, "edge_betweenness": 0.0, "width_m": 6.053}}, {"type": "Feature", "geometry": {"type": "LineString", "coordinates": [[73.836464, 15.499478], [73.836366, 15.499464]]}, "properties": {"feature_type": "edge", "u": 180, "v": 183, "edge_key": 0, "length_m": 11.121, "is_bridged": false, "is_bridge": false, "edge_betweenness": 0.0, "width_m": 8.198}}, {"type": "Feature", "geometry": {"type": "LineString", "coordinates": [[73.836464, 15.499478], [73.836464, 15.49941]]}, "properties": {"feature_type": "edge", "u": 180, "v": 196, "edge_key": 0, "length_m": 7.5, "is_bridged": false, "is_bridge": false, "edge_betweenness": 0.0, "width_m": 5.609}}, {"type": "Feature", "geometry": {"type": "LineString", "coordinates": [[73.835317, 15.499445], [73.835401, 15.499432]]}, "properties": {"feature_type": "edge", "u": 181, "v": 187, "edge_key": 0, "length_m": 9.354, "is_bridged": false, "is_bridge": false, "edge_betweenness": 0.0, "width_m": 8.439}}, {"type": "Feature", "geometry": {"type": "LineString", "coordinates": [[73.835681, 15.49946], [73.835779, 15.499447]]}, "properties": {"feature_type": "edge", "u": 182, "v": 188, "edge_key": 0, "length_m": 11.121, "is_bridged": false, "is_bridge": false, "edge_betweenness": 0.0, "width_m": 8.452}}, {"type": "Feature", "geometry": {"type": "LineString", "coordinates": [[73.835681, 15.49946], [73.835667, 15.499393]]}, "properties": {"feature_type": "edge", "u": 182, "v": 198, "edge_key": 0, "length_m": 7.854, "is_bridged": false, "is_bridge": false, "edge_betweenness": 0.0, "width_m": 6.053}}, {"type": "Feature", "geometry": {"type": "LineString", "coordinates": [[73.836366, 15.499464], [73.83631, 15.499464], [73.836254, 15.499409]]}, "properties": {"feature_type": "edge", "u": 183, "v": 200, "edge_key": 0, "length_m": 14.485, "is_bridged": false, "is_bridge": false, "edge_betweenness": 0.0, "width_m": 9.743}}, {"type": "Feature", "geometry": {"type": "LineString", "coordinates": [[73.836366, 15.499464], [73.836366, 15.499369]]}, "properties": {"feature_type": "edge", "u": 183, "v": 203, "edge_key": 0, "length_m": 10.5, "is_bridged": false, "is_bridge": false, "edge_betweenness": 0.0, "width_m": 8.183}}, {"type": "Feature", "geometry": {"type": "LineString", "coordinates": [[73.836673, 15.499452], [73.836604, 15.499438]]}, "properties": {"feature_type": "edge", "u": 184, "v": 189, "edge_key": 0, "length_m": 8.121, "is_bridged": false, "is_bridge": false, "edge_betweenness": 0.0, "width_m": 8.083}}, {"type": "Feature", "geometry": {"type": "LineString", "coordinates": [[73.836673, 15.499452], [73.836757, 15.499453]]}, "properties": {"feature_type": "edge", "u": 184, "v": 185, "edge_key": 0, "length_m": 9.0, "is_bridged": false, "is_bridge": false, "edge_betweenness": 0.0, "width_m": 8.083}}, {"type": "Feature", "geometry": {"type": "LineString", "coordinates": [[73.836757, 15.499453], [73.836897, 15.499453]]}, "properties": {"feature_type": "edge", "u": 185, "v": 186, "edge_key": 0, "length_m": 15.0, "is_bridged": false, "is_bridge": false, "edge_betweenness": 0.0, "width_m": 8.902}}, {"type": "Feature", "geometry": {"type": "LineString", "coordinates": [[73.836897, 15.499453], [73.836957, 15.498721], [73.837, 15.49864]]}, "properties": {"feature_type": "edge", "u": 186, "v": 260, "edge_key": 0, "length_m": 94.082, "is_bridged": false, "is_bridge": false, "edge_betweenness": 0.0, "width_m": 8.866}}, {"type": "Feature", "geometry": {"type": "LineString", "coordinates": [[73.835401, 15.499432], [73.835485, 15.499419]]}, "properties": {"feature_type": "edge", "u": 187, "v": 191, "edge_key": 0, "length_m": 9.354, "is_bridged": false, "is_bridge": false, "edge_betweenness": 0.0, "width_m": 8.794}}, {"type": "Feature", "geometry": {"type": "LineString", "coordinates": [[73.835779, 15.499447], [73.835905, 15.499434]]}, "properties": {"feature_type": "edge", "u": 188, "v": 192, "edge_key": 0, "length_m": 14.121, "is_bridged": false, "is_bridge": false, "edge_betweenness": 0.0, "width_m": 8.298}}, {"type": "Feature", "geometry": {"type": "LineString", "coordinates": [[73.835779, 15.499447], [73.835765, 15.49938]]}, "properties": {"feature_type": "edge", "u": 188, "v": 201, "edge_key": 0, "length_m": 7.854, "is_bridged": false, "is_bridge": false, "edge_betweenness": 0.0, "width_m": 6.053}}, {"type": "Feature", "geometry": {"type": "LineString", "coordinates": [[73.836604, 15.499438], [73.836534, 15.499424]]}, "properties": {"feature_type": "edge", "u": 189, "v": 193, "edge_key": 0, "length_m": 7.854, "is_bridged": false, "is_bridge": false, "edge_betweenness": 0.0, "width_m": 7.854}}, {"type": "Feature", "geometry": {"type": "LineString", "coordinates": [[73.827375, 15.499389], [73.827404, 15.499295], [73.827714, 15.498876], [73.827728, 15.498822]]}, "properties": {"feature_type": "edge", "u": 190, "v": 238, "edge_key": 0, "length_m": 78.533, "is_bridged": false, "is_bridge": false, "edge_betweenness": 0.0, "width_m": 8.669}}, {"type": "Feature", "geometry": {"type": "LineString", "coordinates": [[73.835485, 15.499419], [73.835569, 15.499406]]}, "properties": {"feature_type": "edge", "u": 191, "v": 195, "edge_key": 0, "length_m": 9.621, "is_bridged": false, "is_bridge": false, "edge_betweenness": 0.0, "width_m": 8.194}}, {"type": "Feature", "geometry": {"type": "LineString", "coordinates": [[73.835905, 15.499434], [73.836156, 15.499436], [73.836184, 15.499409]]}, "properties": {"feature_type": "edge", "u": 192, "v": 199, "edge_key": 0, "length_m": 31.243, "is_bridged": false, "is_bridge": false, "edge_betweenness": 0.0, "width_m": 9.429}}, {"type": "Feature", "geometry": {"type": "LineString", "coordinates": [[73.835905, 15.499434], [73.835891, 15.499367]]}, "properties": {"feature_type": "edge", "u": 192, "v": 202, "edge_key": 0, "length_m": 8.121, "is_bridged": false, "is_bridge": false, "edge_betweenness": 0.0, "width_m": 7.239}}, {"type": "Feature", "geometry": {"type": "LineString", "coordinates": [[73.836534, 15.499424], [73.836464, 15.49941]]}, "properties": {"feature_type": "edge", "u": 193, "v": 196, "edge_key": 0, "length_m": 7.854, "is_bridged": false, "is_bridge": false, "edge_betweenness": 0.0, "width_m": 8.298}}, {"type": "Feature", "geometry": {"type": "LineString", "coordinates": [[73.837331, 15.499442], [73.837345, 15.499415]]}, "properties": {"feature_type": "edge", "u": 194, "v": 613, "edge_key": 0, "length_m": 3.354, "is_bridged": false, "is_bridge": false, "edge_betweenness": 0.0, "width_m": 3.828}}, {"type": "Feature", "geometry": {"type": "LineString", "coordinates": [[73.837345, 15.499415], [73.837331, 15.499442]]}, "properties": {"feature_type": "edge", "u": 194, "v": 613, "edge_key": 1, "length_m": 3.354, "is_bridged": false, "is_bridge": false, "edge_betweenness": 0.0, "width_m": 3.828}}, {"type": "Feature", "geometry": {"type": "LineString", "coordinates": [[73.837331, 15.499442], [73.837429, 15.499429]]}, "properties": {"feature_type": "edge", "u": 194, "v": 197, "edge_key": 0, "length_m": 10.743, "is_bridged": false, "is_bridge": false, "edge_betweenness": 0.0, "width_m": 9.308}}, {"type": "Feature", "geometry": {"type": "LineString", "coordinates": [[73.835569, 15.499406], [73.835667, 15.499393]]}, "properties": {"feature_type": "edge", "u": 195, "v": 198, "edge_key": 0, "length_m": 11.121, "is_bridged": false, "is_bridge": false, "edge_betweenness": 0.0, "width_m": 8.328}}, {"type": "Feature", "geometry": {"type": "LineString", "coordinates": [[73.836464, 15.49941], [73.836366, 15.499369]]}, "properties": {"feature_type": "edge", "u": 196, "v": 203, "edge_key": 0, "length_m": 11.986, "is_bridged": false, "is_bridge": false, "edge_betweenness": 0.0, "width_m": 9.544}}, {"type": "Feature", "geometry": {"type": "LineString", "coordinates": [[73.837429, 15.499429], [73.837513, 15.499321]]}, "properties": {"feature_type": "edge", "u": 197, "v": 205, "edge_key": 0, "length_m": 16.072, "is_bridged": false, "is_bridge": false, "edge_betweenness": 0.0, "width_m": 15.675}}, {"type": "Feature", "geometry": {"type": "LineString", "coordinates": [[73.835667, 15.499393], [73.835765, 15.49938]]}, "properties": {"feature_type": "edge", "u": 198, "v": 201, "edge_key": 0, "length_m": 10.854, "is_bridged": false, "is_bridge": false, "edge_betweenness": 0.0, "width_m": 8.828}}, {"type": "Feature", "geometry": {"type": "LineString", "coordinates": [[73.836184, 15.499409], [73.836254, 15.499409]]}, "properties": {"feature_type": "edge", "u": 199, "v": 200, "edge_key": 0, "length_m": 7.5, "is_bridged": false, "is_bridge": false, "edge_betweenness": 0.0, "width_m": 15.119}}, {"type": "Feature", "geometry": {"type": "LineString", "coordinates": [[73.836184, 15.499409], [73.836101, 15.499354], [73.835891, 15.499367]]}, "properties": {"feature_type": "edge", "u": 199, "v": 202, "edge_key": 0, "length_m": 34.607, "is_bridged": false, "is_bridge": false, "edge_betweenness": 0.0, "width_m": 9.008}}, {"type": "Feature", "geometry": {"type": "LineString", "coordinates": [[73.836254, 15.499409], [73.836282, 15.499369], [73.836366, 15.499369]]}, "properties": {"feature_type": "edge", "u": 200, "v": 203, "edge_key": 0, "length_m": 14.475, "is_bridged": false, "is_bridge": false, "edge_betweenness": 0.0, "width_m": 12.964}}, {"type": "Feature", "geometry": {"type": "LineString", "coordinates": [[73.835765, 15.49938], [73.835891, 15.499367]]}, "properties": {"feature_type": "edge", "u": 201, "v": 202, "edge_key": 0, "length_m": 13.854, "is_bridged": false, "is_bridge": false, "edge_betweenness": 0.0, "width_m": 8.871}}, {"type": "Feature", "geometry": {"type": "LineString", "coordinates": [[73.836366, 15.499369], [73.836493, 15.499302], [73.836563, 15.499221], [73.836733, 15.498747], [73.836748, 15.498544]]}, "properties": {"feature_type": "edge", "u": 203, "v": 269, "edge_key": 0, "length_m": 112.388, "is_bridged": false, "is_bridge": false, "edge_betweenness": 0.0, "width_m": 8.214}}, {"type": "Feature", "geometry": {"type": "LineString", "coordinates": [[73.832843, 15.499323], [73.832927, 15.49931], [73.833207, 15.499163]]}, "properties": {"feature_type": "edge", "u": 204, "v": 211, "edge_key": 0, "length_m": 46.189, "is_bridged": false, "is_bridge": true, "edge_betweenness": 0.0, "width_m": 8.375}}, {"type": "Feature", "geometry": {"type": "LineString", "coordinates": [[73.832843, 15.499323], [73.832873, 15.498903]]}, "properties": {"feature_type": "edge", "u": 204, "v": 230, "edge_key": 0, "length_m": 47.743, "is_bridged": false, "is_bridge": false, "edge_betweenness": 0.0, "width_m": 8.629}}, {"type": "Feature", "geometry": {"type": "LineString", "coordinates": [[73.837513, 15.499321], [73.837485, 15.499294], [73.837486, 15.499185], [73.83753, 15.498819]]}, "properties": {"feature_type": "edge", "u": 205, "v": 243, "edge_key": 0, "length_m": 58.607, "is_bridged": false, "is_bridge": false, "edge_betweenness": 0.0, "width_m": 8.825}}, {"type": "Feature", "geometry": {"type": "LineString", "coordinates": [[73.837513, 15.499321], [73.837583, 15.499308], [73.837639, 15.499254]]}, "properties": {"feature_type": "edge", "u": 205, "v": 207, "edge_key": 0, "length_m": 16.607, "is_bridged": false, "is_bridge": false, "edge_betweenness": 0.0, "width_m": 12.547}}, {"type": "Feature", "geometry": {"type": "LineString", "coordinates": [[73.822943, 15.499244], [73.822959, 15.498946], [73.823031, 15.498661]]}, "properties": {"feature_type": "edge", "u": 206, "v": 251, "edge_key": 0, "length_m": 67.961, "is_bridged": false, "is_bridge": true, "edge_betweenness": 0.0, "width_m": 6.335}}, {"type": "Feature", "geometry": {"type": "LineString", "coordinates": [[73.837639, 15.499254], [73.837709, 15.499268], [73.837765, 15.499214], [73.837738, 15.499159]]}, "properties": {"feature_type": "edge", "u": 207, "v": 212, "edge_key": 0, "length_m": 22.878, "is_bridged": false, "is_bridge": false, "edge_betweenness": 0.0, "width_m": 7.933}}, {"type": "Feature", "geometry": {"type": "LineString", "coordinates": [[73.837639, 15.499254], [73.837626, 15.499213], [73.837682, 15.499159], [73.837738, 15.499159]]}, "properties": {"feature_type": "edge", "u": 207, "v": 212, "edge_key": 1, "length_m": 19.229, "is_bridged": false, "is_bridge": false, "edge_betweenness": 0.0, "width_m": 6.489}}, {"type": "Feature", "geometry": {"type": "LineString", "coordinates": [[73.835248, 15.499241], [73.834997, 15.499253], [73.834913, 15.499212], [73.834844, 15.499103], [73.834817, 15.498941]]}, "properties": {"feature_type": "edge", "u": 208, "v": 229, "edge_key": 0, "length_m": 72.835, "is_bridged": false, "is_bridge": false, "edge_betweenness": 0.0, "width_m": 8.424}}, {"type": "Feature", "geometry": {"type": "LineString", "coordinates": [[73.835248, 15.499241], [73.83564, 15.49923]]}, "properties": {"feature_type": "edge", "u": 208, "v": 209, "edge_key": 0, "length_m": 42.621, "is_bridged": false, "is_bridge": true, "edge_betweenness": 0.0, "width_m": 8.705}}, {"type": "Feature", "geometry": {"type": "LineString", "coordinates": [[73.835248, 15.499241], [73.83525, 15.498875]]}, "properties": {"feature_type": "edge", "u": 208, "v": 236, "edge_key": 0, "length_m": 40.5, "is_bridged": false, "is_bridge": false, "edge_betweenness": 0.0, "width_m": 9.181}}, {"type": "Feature", "geometry": {"type": "LineString", "coordinates": [[73.827908, 15.499148], [73.828621, 15.499084]]}, "properties": {"feature_type": "edge", "u": 210, "v": 215, "edge_key": 0, "length_m": 79.607, "is_bridged": false, "is_bridge": false, "edge_betweenness": 0.0, "width_m": 8.456}}, {"type": "Feature", "geometry": {"type": "LineString", "coordinates": [[73.827908, 15.499148], [73.827867, 15.498972], [73.827868, 15.49885], [73.82784, 15.498809]]}, "properties": {"feature_type": "edge", "u": 210, "v": 241, "edge_key": 0, "length_m": 40.072, "is_bridged": false, "is_bridge": false, "edge_betweenness": 0.0, "width_m": 8.446}}, {"type": "Feature", "geometry": {"type": "LineString", "coordinates": [[73.837738, 15.499159], [73.837808, 15.499187], [73.837808, 15.499119]]}, "properties": {"feature_type": "edge", "u": 212, "v": 214, "edge_key": 0, "length_m": 16.514, "is_bridged": false, "is_bridge": false, "edge_betweenness": 0.0, "width_m": 9.051}}, {"type": "Feature", "geometry": {"type": "LineString", "coordinates": [[73.837738, 15.499159], [73.837738, 15.499092], [73.837808, 15.499119]]}, "properties": {"feature_type": "edge", "u": 212, "v": 214, "edge_key": 1, "length_m": 16.384, "is_bridged": false, "is_bridge": false, "edge_betweenness": 0.0, "width_m": 5.92}}, {"type": "Feature", "geometry": {"type": "LineString", "coordinates": [[73.837738, 15.499159], [73.837724, 15.499186]]}, "properties": {"feature_type": "edge", "u": 212, "v": 614, "edge_key": 0, "length_m": 3.354, "is_bridged": false, "is_bridge": false, "edge_betweenness": 0.0, "width_m": 1.0}}, {"type": "Feature", "geometry": {"type": "LineString", "coordinates": [[73.837724, 15.499186], [73.837738, 15.499159]]}, "properties": {"feature_type": "edge", "u": 212, "v": 614, "edge_key": 1, "length_m": 3.354, "is_bridged": false, "is_bridge": false, "edge_betweenness": 0.0, "width_m": 1.0}}, {"type": "Feature", "geometry": {"type": "LineString", "coordinates": [[73.837808, 15.499119], [73.837906, 15.499174], [73.838158, 15.499053], [73.838186, 15.498999]]}, "properties": {"feature_type": "edge", "u": 214, "v": 222, "edge_key": 0, "length_m": 52.151, "is_bridged": false, "is_bridge": false, "edge_betweenness": 0.0, "width_m": 8.474}}, {"type": "Feature", "geometry": {"type": "LineString", "coordinates": [[73.837808, 15.499119], [73.837864, 15.499133]]}, "properties": {"feature_type": "edge", "u": 214, "v": 615, "edge_key": 0, "length_m": 6.185, "is_bridged": false, "is_bridge": false, "edge_betweenness": 0.0, "width_m": 5.472}}, {"type": "Feature", "geometry": {"type": "LineString", "coordinates": [[73.837864, 15.499133], [73.837808, 15.499119]]}, "properties": {"feature_type": "edge", "u": 214, "v": 615, "edge_key": 1, "length_m": 6.185, "is_bridged": false, "is_bridge": false, "edge_betweenness": 0.0, "width_m": 5.472}}, {"type": "Feature", "geometry": {"type": "LineString", "coordinates": [[73.837808, 15.499119], [73.83785, 15.499092], [73.83785, 15.499065]]}, "properties": {"feature_type": "edge", "u": 214, "v": 217, "edge_key": 0, "length_m": 8.475, "is_bridged": false, "is_bridge": false, "edge_betweenness": 0.0, "width_m": 7.42}}, {"type": "Feature", "geometry": {"type": "LineString", "coordinates": [[73.837808, 15.499119], [73.837766, 15.499051], [73.837794, 15.499038]]}, "properties": {"feature_type": "edge", "u": 214, "v": 219, "edge_key": 0, "length_m": 12.101, "is_bridged": false, "is_bridge": false, "edge_betweenness": 0.0, "width_m": 7.301}}, {"type": "Feature", "geometry": {"type": "LineString", "coordinates": [[73.828621, 15.499084], [73.828609, 15.498732]]}, "properties": {"feature_type": "edge", "u": 215, "v": 247, "edge_key": 0, "length_m": 39.621, "is_bridged": false, "is_bridge": false, "edge_betweenness": 0.0, "width_m": 8.787}}, {"type": "Feature", "geometry": {"type": "LineString", "coordinates": [[73.833403, 15.499096], [73.833586, 15.498934]]}, "properties": {"feature_type": "edge", "u": 216, "v": 228, "edge_key": 0, "length_m": 28.446, "is_bridged": false, "is_bridge": true, "edge_betweenness": 0.0, "width_m": 7.738}}, {"type": "Feature", "geometry": {"type": "LineString", "coordinates": [[73.83785, 15.499065], [73.837794, 15.499038]]}, "properties": {"feature_type": "edge", "u": 217, "v": 219, "edge_key": 0, "length_m": 7.243, "is_bridged": false, "is_bridge": false, "edge_betweenness": 0.0, "width_m": 4.677}}, {"type": "Feature", "geometry": {"type": "LineString", "coordinates": [[73.83785, 15.499065], [73.837934, 15.498998], [73.837949, 15.49893]]}, "properties": {"feature_type": "edge", "u": 217, "v": 231, "edge_key": 0, "length_m": 19.961, "is_bridged": false, "is_bridge": false, "edge_betweenness": 0.0, "width_m": 8.44}}, {"type": "Feature", "geometry": {"type": "LineString", "coordinates": [[73.831474, 15.499018], [73.83146, 15.498977]]}, "properties": {"feature_type": "edge", "u": 218, "v": 221, "edge_key": 0, "length_m": 5.121, "is_bridged": false, "is_bridge": false, "edge_betweenness": 0.0, "width_m": 8.991}}, {"type": "Feature", "geometry": {"type": "LineString", "coordinates": [[73.831474, 15.499018], [73.831824, 15.498979], [73.831866, 15.498952]]}, "properties": {"feature_type": "edge", "u": 218, "v": 224, "edge_key": 0, "length_m": 44.839, "is_bridged": false, "is_bridge": false, "edge_betweenness": 0.0, "width_m": 8.558}}, {"type": "Feature", "geometry": {"type": "LineString", "coordinates": [[73.837794, 15.499038], [73.837865, 15.498916]]}, "properties": {"feature_type": "edge", "u": 219, "v": 235, "edge_key": 0, "length_m": 16.607, "is_bridged": false, "is_bridge": false, "edge_betweenness": 0.0, "width_m": 8.148}}, {"type": "Feature", "geometry": {"type": "LineString", "coordinates": [[73.824525, 15.49894], [73.82412, 15.49887], [73.824078, 15.498843]]}, "properties": {"feature_type": "edge", "u": 220, "v": 234, "edge_key": 0, "length_m": 52.082, "is_bridged": false, "is_bridge": false, "edge_betweenness": 0.0, "width_m": 8.49}}, {"type": "Feature", "geometry": {"type": "LineString", "coordinates": [[73.824525, 15.49894], [73.825014, 15.499038], [73.825168, 15.499039], [73.825309, 15.498823]]}, "properties": {"feature_type": "edge", "u": 220, "v": 237, "edge_key": 0, "length_m": 103.562, "is_bridged": false, "is_bridge": false, "edge_betweenness": 0.0, "width_m": 8.23}}, {"type": "Feature", "geometry": {"type": "LineString", "coordinates": [[73.824525, 15.49894], [73.824553, 15.498913], [73.824554, 15.498846], [73.824625, 15.498602]]}, "properties": {"feature_type": "edge", "u": 220, "v": 255, "edge_key": 0, "length_m": 41.849, "is_bridged": false, "is_bridge": false, "edge_betweenness": 0.0, "width_m": 8.381}}, {"type": "Feature", "geometry": {"type": "LineString", "coordinates": [[73.83146, 15.498977], [73.831491, 15.498584], [73.831478, 15.498367]]}, "properties": {"feature_type": "edge", "u": 221, "v": 279, "edge_key": 0, "length_m": 69.364, "is_bridged": false, "is_bridge": false, "edge_betweenness": 0.0, "width_m": 8.615}}, {"type": "Feature", "geometry": {"type": "LineString", "coordinates": [[73.838186, 15.498999], [73.838256, 15.498999]]}, "properties": {"feature_type": "edge", "u": 222, "v": 225, "edge_key": 0, "length_m": 7.5, "is_bridged": false, "is_bridge": false, "edge_betweenness": 0.0, "width_m": 10.714}}, {"type": "Feature", "geometry": {"type": "LineString", "coordinates": [[73.838186, 15.498999], [73.838172, 15.498972], [73.838089, 15.498931]]}, "properties": {"feature_type": "edge", "u": 222, "v": 232, "edge_key": 0, "length_m": 14.218, "is_bridged": false, "is_bridge": false, "edge_betweenness": 0.0, "width_m": 8.525}}, {"type": "Feature", "geometry": {"type": "LineString", "coordinates": [[73.826497, 15.498924], [73.826051, 15.498677], [73.825995, 15.498623]]}, "properties": {"feature_type": "edge", "u": 223, "v": 256, "edge_key": 0, "length_m": 67.669, "is_bridged": false, "is_bridge": false, "edge_betweenness": 0.0, "width_m": 8.636}}, {"type": "Feature", "geometry": {"type": "LineString", "coordinates": [[73.826497, 15.498924], [73.826864, 15.498316]]}, "properties": {"feature_type": "edge", "u": 223, "v": 284, "edge_key": 0, "length_m": 83.387, "is_bridged": false, "is_bridge": false, "edge_betweenness": 0.0, "width_m": 8.527}}, {"type": "Feature", "geometry": {"type": "LineString", "coordinates": [[73.831866, 15.498952], [73.832216, 15.498927]]}, "properties": {"feature_type": "edge", "u": 224, "v": 227, "edge_key": 0, "length_m": 38.743, "is_bridged": false, "is_bridge": false, "edge_betweenness": 0.0, "width_m": 8.632}}, {"type": "Feature", "geometry": {"type": "LineString", "coordinates": [[73.831866, 15.498952], [73.83184, 15.498545], [73.831786, 15.49826]]}, "properties": {"feature_type": "edge", "u": 224, "v": 286, "edge_key": 0, "length_m": 79.961, "is_bridged": false, "is_bridge": false, "edge_betweenness": 0.0, "width_m": 8.544}}, {"type": "Feature", "geometry": {"type": "LineString", "coordinates": [[73.838256, 15.498999], [73.83834, 15.499]]}, "properties": {"feature_type": "edge", "u": 225, "v": 226, "edge_key": 0, "length_m": 9.0, "is_bridged": false, "is_bridge": false, "edge_betweenness": 0.0, "width_m": 10.158}}, {"type": "Feature", "geometry": {"type": "LineString", "coordinates": [[73.838256, 15.498999], [73.838256, 15.498959], [73.838284, 15.498932]]}, "properties": {"feature_type": "edge", "u": 225, "v": 233, "edge_key": 0, "length_m": 8.743, "is_bridged": false, "is_bridge": false, "edge_betweenness": 0.0, "width_m": 5.146}}, {"type": "Feature", "geometry": {"type": "LineString", "coordinates": [[73.83834, 15.499], [73.838326, 15.498959], [73.838284, 15.498932]]}, "properties": {"feature_type": "edge", "u": 226, "v": 233, "edge_key": 0, "length_m": 10.33, "is_bridged": false, "is_bridge": false, "edge_betweenness": 0.0, "width_m": 8.639}}, {"type": "Feature", "geometry": {"type": "LineString", "coordinates": [[73.832216, 15.498927], [73.832216, 15.498846]]}, "properties": {"feature_type": "edge", "u": 227, "v": 239, "edge_key": 0, "length_m": 9.0, "is_bridged": false, "is_bridge": false, "edge_betweenness": 0.0, "width_m": 9.0}}, {"type": "Feature", "geometry": {"type": "LineString", "coordinates": [[73.833586, 15.498934], [73.833461, 15.498798], [73.833224, 15.498607], [73.833155, 15.498566], [73.833113, 15.498566]]}, "properties": {"feature_type": "edge", "u": 228, "v": 268, "edge_key": 0, "length_m": 68.654, "is_bridged": false, "is_bridge": false, "edge_betweenness": 0.0, "width_m": 8.544}}, {"type": "Feature", "geometry": {"type": "LineString", "coordinates": [[73.833586, 15.498934], [73.833712, 15.498853], [73.83447, 15.498491], [73.834498, 15.498451]]}, "properties": {"feature_type": "edge", "u": 228, "v": 276, "edge_key": 0, "length_m": 120.479, "is_bridged": false, "is_bridge": false, "edge_betweenness": 0.0, "width_m": 8.52}}, {"type": "Feature", "geometry": {"type": "LineString", "coordinates": [[73.834817, 15.498941], [73.834775, 15.498913], [73.834734, 15.498778], [73.834735, 15.498547], [73.834708, 15.498398]]}, "properties": {"feature_type": "edge", "u": 229, "v": 280, "edge_key": 0, "length_m": 65.582, "is_bridged": false, "is_bridge": false, "edge_betweenness": 0.0, "width_m": 8.701}}, {"type": "Feature", "geometry": {"type": "LineString", "coordinates": [[73.834817, 15.498941], [73.83525, 15.498875]]}, "properties": {"feature_type": "edge", "u": 229, "v": 236, "edge_key": 0, "length_m": 49.607, "is_bridged": false, "is_bridge": false, "edge_betweenness": 0.0, "width_m": 8.489}}, {"type": "Feature", "geometry": {"type": "LineString", "coordinates": [[73.832873, 15.498903], [73.832468, 15.49886]]}, "properties": {"feature_type": "edge", "u": 230, "v": 240, "edge_key": 0, "length_m": 45.097, "is_bridged": false, "is_bridge": false, "edge_betweenness": 0.0, "width_m": 8.395}}, {"type": "Feature", "geometry": {"type": "LineString", "coordinates": [[73.832873, 15.498903], [73.833113, 15.498566]]}, "properties": {"feature_type": "edge", "u": 230, "v": 268, "edge_key": 0, "length_m": 48.062, "is_bridged": false, "is_bridge": false, "edge_betweenness": 0.0, "width_m": 8.562}}, {"type": "Feature", "geometry": {"type": "LineString", "coordinates": [[73.837949, 15.49893], [73.837865, 15.498916]]}, "properties": {"feature_type": "edge", "u": 231, "v": 235, "edge_key": 0, "length_m": 9.621, "is_bridged": false, "is_bridge": false, "edge_betweenness": 0.0, "width_m": 8.542}}, {"type": "Feature", "geometry": {"type": "LineString", "coordinates": [[73.837949, 15.49893], [73.838089, 15.498931]]}, "properties": {"feature_type": "edge", "u": 231, "v": 232, "edge_key": 0, "length_m": 15.0, "is_bridged": false, "is_bridge": false, "edge_betweenness": 0.0, "width_m": 9.202}}, {"type": "Feature", "geometry": {"type": "LineString", "coordinates": [[73.838089, 15.498931], [73.838103, 15.498863], [73.838145, 15.498823]]}, "properties": {"feature_type": "edge", "u": 232, "v": 245, "edge_key": 0, "length_m": 15.097, "is_bridged": false, "is_bridge": false, "edge_betweenness": 0.0, "width_m": 8.522}}, {"type": "Feature", "geometry": {"type": "LineString", "coordinates": [[73.838284, 15.498932], [73.838215, 15.498836], [73.838145, 15.498823]]}, "properties": {"feature_type": "edge", "u": 233, "v": 245, "edge_key": 0, "length_m": 21.461, "is_bridged": false, "is_bridge": false, "edge_betweenness": 0.0, "width_m": 8.488}}, {"type": "Feature", "geometry": {"type": "LineString", "coordinates": [[73.824078, 15.498843], [73.82398, 15.498843], [73.823547, 15.498745], [73.823464, 15.498745]]}, "properties": {"feature_type": "edge", "u": 234, "v": 244, "edge_key": 0, "length_m": 70.349, "is_bridged": false, "is_bridge": false, "edge_betweenness": 0.0, "width_m": 8.658}}, {"type": "Feature", "geometry": {"type": "LineString", "coordinates": [[73.824078, 15.498843], [73.824192, 15.498545], [73.824234, 15.498505]]}, "properties": {"feature_type": "edge", "u": 234, "v": 267, "edge_key": 0, "length_m": 44.335, "is_bridged": false, "is_bridge": false, "edge_betweenness": 0.0, "width_m": 8.619}}, {"type": "Feature", "geometry": {"type": "LineString", "coordinates": [[73.837865, 15.498916], [73.837865, 15.498889], [73.837823, 15.498862]]}, "properties": {"feature_type": "edge", "u": 235, "v": 242, "edge_key": 0, "length_m": 8.475, "is_bridged": false, "is_bridge": false, "edge_betweenness": 0.0, "width_m": 8.993}}, {"type": "Feature", "geometry": {"type": "LineString", "coordinates": [[73.83525, 15.498875], [73.835726, 15.498891], [73.835768, 15.498851], [73.835784, 15.498512]]}, "properties": {"feature_type": "edge", "u": 236, "v": 270, "edge_key": 0, "length_m": 96.107, "is_bridged": false, "is_bridge": false, "edge_betweenness": 0.0, "width_m": 8.852}}, {"type": "Feature", "geometry": {"type": "LineString", "coordinates": [[73.83525, 15.498875], [73.835239, 15.498509]]}, "properties": {"feature_type": "edge", "u": 236, "v": 271, "edge_key": 0, "length_m": 41.121, "is_bridged": false, "is_bridge": false, "edge_betweenness": 0.0, "width_m": 8.939}}, {"type": "Feature", "geometry": {"type": "LineString", "coordinates": [[73.825309, 15.498823], [73.825295, 15.498768], [73.82524, 15.4987]]}, "properties": {"feature_type": "edge", "u": 237, "v": 248, "edge_key": 0, "length_m": 16.607, "is_bridged": false, "is_bridge": false, "edge_betweenness": 0.0, "width_m": 8.316}}, {"type": "Feature", "geometry": {"type": "LineString", "coordinates": [[73.827728, 15.498822], [73.827659, 15.498727]]}, "properties": {"feature_type": "edge", "u": 238, "v": 246, "edge_key": 0, "length_m": 13.339, "is_bridged": false, "is_bridge": false, "edge_betweenness": 0.0, "width_m": 8.518}}, {"type": "Feature", "geometry": {"type": "LineString", "coordinates": [[73.827728, 15.498822], [73.82784, 15.498809]]}, "properties": {"feature_type": "edge", "u": 238, "v": 241, "edge_key": 0, "length_m": 12.621, "is_bridged": false, "is_bridge": false, "edge_betweenness": 0.0, "width_m": 8.928}}, {"type": "Feature", "geometry": {"type": "LineString", "coordinates": [[73.832216, 15.498846], [73.832468, 15.49886]]}, "properties": {"feature_type": "edge", "u": 239, "v": 240, "edge_key": 0, "length_m": 27.621, "is_bridged": false, "is_bridge": false, "edge_betweenness": 0.0, "width_m": 8.687}}, {"type": "Feature", "geometry": {"type": "LineString", "coordinates": [[73.832216, 15.498846], [73.83219, 15.498466]]}, "properties": {"feature_type": "edge", "u": 239, "v": 275, "edge_key": 0, "length_m": 43.243, "is_bridged": false, "is_bridge": false, "edge_betweenness": 0.0, "width_m": 8.57}}, {"type": "Feature", "geometry": {"type": "LineString", "coordinates": [[73.832468, 15.49886], [73.832482, 15.498779], [73.832792, 15.498347]]}, "properties": {"feature_type": "edge", "u": 240, "v": 285, "edge_key": 0, "length_m": 71.29, "is_bridged": false, "is_bridge": false, "edge_betweenness": 0.0, "width_m": 8.38}}, {"type": "Feature", "geometry": {"type": "LineString", "coordinates": [[73.82784, 15.498809], [73.828609, 15.498732]]}, "properties": {"feature_type": "edge", "u": 241, "v": 247, "edge_key": 0, "length_m": 85.961, "is_bridged": false, "is_bridge": false, "edge_betweenness": 0.0, "width_m": 8.561}}, {"type": "Feature", "geometry": {"type": "LineString", "coordinates": [[73.82784, 15.498809], [73.82784, 15.4987]]}, "properties": {"feature_type": "edge", "u": 241, "v": 249, "edge_key": 0, "length_m": 12.0, "is_bridged": false, "is_bridge": false, "edge_betweenness": 0.0, "width_m": 9.329}}, {"type": "Feature", "geometry": {"type": "LineString", "coordinates": [[73.837823, 15.498862], [73.837698, 15.498861], [73.83753, 15.498819]]}, "properties": {"feature_type": "edge", "u": 242, "v": 243, "edge_key": 0, "length_m": 33.097, "is_bridged": false, "is_bridge": false, "edge_betweenness": 0.0, "width_m": 8.685}}, {"type": "Feature", "geometry": {"type": "LineString", "coordinates": [[73.837823, 15.498862], [73.837838, 15.498672]]}, "properties": {"feature_type": "edge", "u": 242, "v": 258, "edge_key": 0, "length_m": 21.621, "is_bridged": false, "is_bridge": false, "edge_betweenness": 0.0, "width_m": 8.869}}, {"type": "Feature", "geometry": {"type": "LineString", "coordinates": [[73.83753, 15.498819], [73.837195, 15.49875]]}, "properties": {"feature_type": "edge", "u": 243, "v": 250, "edge_key": 0, "length_m": 38.839, "is_bridged": false, "is_bridge": false, "edge_betweenness": 0.0, "width_m": 8.712}}, {"type": "Feature", "geometry": {"type": "LineString", "coordinates": [[73.83753, 15.498819], [73.837545, 15.498657]]}, "properties": {"feature_type": "edge", "u": 243, "v": 257, "edge_key": 0, "length_m": 18.621, "is_bridged": false, "is_bridge": false, "edge_betweenness": 0.0, "width_m": 8.783}}, {"type": "Feature", "geometry": {"type": "LineString", "coordinates": [[73.823464, 15.498745], [73.823394, 15.498717], [73.823031, 15.498661]]}, "properties": {"feature_type": "edge", "u": 244, "v": 251, "edge_key": 0, "length_m": 50.228, "is_bridged": false, "is_bridge": false, "edge_betweenness": 0.0, "width_m": 8.471}}, {"type": "Feature", "geometry": {"type": "LineString", "coordinates": [[73.838145, 15.498823], [73.838118, 15.49866]]}, "properties": {"feature_type": "edge", "u": 245, "v": 259, "edge_key": 0, "length_m": 18.975, "is_bridged": false, "is_bridge": false, "edge_betweenness": 0.0, "width_m": 8.605}}, {"type": "Feature", "geometry": {"type": "LineString", "coordinates": [[73.827659, 15.498727], [73.827617, 15.498726], [73.827463, 15.498658], [73.826906, 15.498356], [73.826864, 15.498316]]}, "properties": {"feature_type": "edge", "u": 246, "v": 284, "edge_key": 0, "length_m": 104.14, "is_bridged": false, "is_bridge": false, "edge_betweenness": 0.0, "width_m": 8.727}}, {"type": "Feature", "geometry": {"type": "LineString", "coordinates": [[73.827659, 15.498727], [73.827813, 15.49866]]}, "properties": {"feature_type": "edge", "u": 246, "v": 254, "edge_key": 0, "length_m": 19.607, "is_bridged": false, "is_bridge": false, "edge_betweenness": 0.0, "width_m": 8.418}}, {"type": "Feature", "geometry": {"type": "LineString", "coordinates": [[73.828609, 15.498732], [73.828903, 15.498706]]}, "properties": {"feature_type": "edge", "u": 247, "v": 252, "edge_key": 0, "length_m": 32.743, "is_bridged": false, "is_bridge": false, "edge_betweenness": 0.0, "width_m": 8.594}}, {"type": "Feature", "geometry": {"type": "LineString", "coordinates": [[73.82524, 15.4987], [73.825142, 15.498659], [73.824794, 15.498399], [73.82471, 15.498372]]}, "properties": {"feature_type": "edge", "u": 248, "v": 277, "edge_key": 0, "length_m": 71.912, "is_bridged": false, "is_bridge": false, "edge_betweenness": 0.0, "width_m": 8.615}}, {"type": "Feature", "geometry": {"type": "LineString", "coordinates": [[73.82524, 15.4987], [73.825438, 15.498322]]}, "properties": {"feature_type": "edge", "u": 248, "v": 281, "edge_key": 0, "length_m": 50.431, "is_bridged": false, "is_bridge": false, "edge_betweenness": 0.0, "width_m": 8.552}}, {"type": "Feature", "geometry": {"type": "LineString", "coordinates": [[73.82784, 15.4987], [73.82882, 15.498611], [73.828848, 15.498584]]}, "properties": {"feature_type": "edge", "u": 249, "v": 261, "edge_key": 0, "length_m": 113.325, "is_bridged": false, "is_bridge": false, "edge_betweenness": 0.0, "width_m": 8.411}}, {"type": "Feature", "geometry": {"type": "LineString", "coordinates": [[73.82784, 15.4987], [73.827813, 15.49866]]}, "properties": {"feature_type": "edge", "u": 249, "v": 254, "edge_key": 0, "length_m": 5.475, "is_bridged": false, "is_bridge": false, "edge_betweenness": 0.0, "width_m": 8.991}}, {"type": "Feature", "geometry": {"type": "LineString", "coordinates": [[73.837195, 15.49875], [73.837181, 15.498723], [73.837069, 15.498708], [73.837, 15.49864]]}, "properties": {"feature_type": "edge", "u": 250, "v": 260, "edge_key": 0, "length_m": 26.582, "is_bridged": false, "is_bridge": false, "edge_betweenness": 0.0, "width_m": 9.904}}, {"type": "Feature", "geometry": {"type": "LineString", "coordinates": [[73.837195, 15.49875], [73.83721, 15.498614]]}, "properties": {"feature_type": "edge", "u": 250, "v": 263, "edge_key": 0, "length_m": 15.354, "is_bridged": false, "is_bridge": false, "edge_betweenness": 0.0, "width_m": 9.724}}, {"type": "Feature", "geometry": {"type": "LineString", "coordinates": [[73.823031, 15.498661], [73.823031, 15.49858], [73.823117, 15.498187]]}, "properties": {"feature_type": "edge", "u": 251, "v": 288, "edge_key": 0, "length_m": 55.961, "is_bridged": false, "is_bridge": false, "edge_betweenness": 0.0, "width_m": 8.444}}, {"type": "Feature", "geometry": {"type": "LineString", "coordinates": [[73.828903, 15.498706], [73.82889, 15.498584]]}, "properties": {"feature_type": "edge", "u": 252, "v": 262, "edge_key": 0, "length_m": 14.121, "is_bridged": false, "is_bridge": false, "edge_betweenness": 0.0, "width_m": 11.762}}, {"type": "Feature", "geometry": {"type": "LineString", "coordinates": [[73.827813, 15.49866], [73.827814, 15.498497], [73.827746, 15.498022]]}, "properties": {"feature_type": "edge", "u": 254, "v": 294, "edge_key": 0, "length_m": 73.607, "is_bridged": false, "is_bridge": false, "edge_betweenness": 0.0, "width_m": 8.875}}, {"type": "Feature", "geometry": {"type": "LineString", "coordinates": [[73.824625, 15.498602], [73.824541, 15.498602], [73.824234, 15.498505]]}, "properties": {"feature_type": "edge", "u": 255, "v": 267, "edge_key": 0, "length_m": 46.082, "is_bridged": false, "is_bridge": false, "edge_betweenness": 0.0, "width_m": 8.186}}, {"type": "Feature", "geometry": {"type": "LineString", "coordinates": [[73.824625, 15.498602], [73.82471, 15.498372]]}, "properties": {"feature_type": "edge", "u": 255, "v": 277, "edge_key": 0, "length_m": 29.228, "is_bridged": false, "is_bridge": false, "edge_betweenness": 0.0, "width_m": 8.171}}, {"type": "Feature", "geometry": {"type": "LineString", "coordinates": [[73.825995, 15.498623], [73.825925, 15.498609], [73.825438, 15.498322]]}, "properties": {"feature_type": "edge", "u": 256, "v": 281, "edge_key": 0, "length_m": 73.669, "is_bridged": false, "is_bridge": false, "edge_betweenness": 0.0, "width_m": 8.54}}, {"type": "Feature", "geometry": {"type": "LineString", "coordinates": [[73.825995, 15.498623], [73.826306, 15.498055]]}, "properties": {"feature_type": "edge", "u": 256, "v": 293, "edge_key": 0, "length_m": 76.669, "is_bridged": false, "is_bridge": false, "edge_betweenness": 0.0, "width_m": 8.522}}, {"type": "Feature", "geometry": {"type": "LineString", "coordinates": [[73.837545, 15.498657], [73.837838, 15.498672]]}, "properties": {"feature_type": "edge", "u": 257, "v": 258, "edge_key": 0, "length_m": 32.121, "is_bridged": false, "is_bridge": false, "edge_betweenness": 0.0, "width_m": 8.976}}, {"type": "Feature", "geometry": {"type": "LineString", "coordinates": [[73.837545, 15.498657], [73.83721, 15.498614]]}, "properties": {"feature_type": "edge", "u": 257, "v": 263, "edge_key": 0, "length_m": 37.597, "is_bridged": false, "is_bridge": false, "edge_betweenness": 0.0, "width_m": 8.778}}, {"type": "Feature", "geometry": {"type": "LineString", "coordinates": [[73.837545, 15.498657], [73.837604, 15.49802], [73.837677, 15.497546]]}, "properties": {"feature_type": "edge", "u": 257, "v": 313, "edge_key": 0, "length_m": 128.325, "is_bridged": false, "is_bridge": false, "edge_betweenness": 0.0, "width_m": 8.628}}, {"type": "Feature", "geometry": {"type": "LineString", "coordinates": [[73.837838, 15.498672], [73.837937, 15.498618], [73.837979, 15.498618]]}, "properties": {"feature_type": "edge", "u": 258, "v": 264, "edge_key": 0, "length_m": 17.485, "is_bridged": false, "is_bridge": false, "edge_betweenness": 0.0, "width_m": 8.562}}, {"type": "Feature", "geometry": {"type": "LineString", "coordinates": [[73.838118, 15.49866], [73.837979, 15.498618]]}, "properties": {"feature_type": "edge", "u": 259, "v": 264, "edge_key": 0, "length_m": 16.33, "is_bridged": false, "is_bridge": false, "edge_betweenness": 0.0, "width_m": 7.983}}, {"type": "Feature", "geometry": {"type": "LineString", "coordinates": [[73.838118, 15.49866], [73.838175, 15.498457], [73.838162, 15.498402]]}, "properties": {"feature_type": "edge", "u": 259, "v": 282, "edge_key": 0, "length_m": 31.607, "is_bridged": false, "is_bridge": false, "edge_betweenness": 0.0, "width_m": 8.394}}, {"type": "Feature", "geometry": {"type": "LineString", "coordinates": [[73.837, 15.49864], [73.836958, 15.498599]]}, "properties": {"feature_type": "edge", "u": 260, "v": 265, "edge_key": 0, "length_m": 6.364, "is_bridged": false, "is_bridge": false, "edge_betweenness": 0.0, "width_m": 17.424}}, {"type": "Feature", "geometry": {"type": "LineString", "coordinates": [[73.837, 15.49864], [73.837042, 15.4986], [73.837112, 15.4986]]}, "properties": {"feature_type": "edge", "u": 260, "v": 266, "edge_key": 0, "length_m": 13.864, "is_bridged": false, "is_bridge": false, "edge_betweenness": 0.0, "width_m": 11.056}}, {"type": "Feature", "geometry": {"type": "LineString", "coordinates": [[73.828848, 15.498584], [73.82889, 15.498584]]}, "properties": {"feature_type": "edge", "u": 261, "v": 262, "edge_key": 0, "length_m": 4.5, "is_bridged": false, "is_bridge": false, "edge_betweenness": 0.0, "width_m": 12.277}}, {"type": "Feature", "geometry": {"type": "LineString", "coordinates": [[73.828848, 15.498584], [73.828821, 15.498475]]}, "properties": {"feature_type": "edge", "u": 261, "v": 272, "edge_key": 0, "length_m": 13.243, "is_bridged": false, "is_bridge": false, "edge_betweenness": 0.0, "width_m": 8.985}}, {"type": "Feature", "geometry": {"type": "LineString", "coordinates": [[73.82889, 15.498584], [73.828918, 15.498557], [73.828933, 15.498449]]}, "properties": {"feature_type": "edge", "u": 262, "v": 274, "edge_key": 0, "length_m": 16.864, "is_bridged": false, "is_bridge": false, "edge_betweenness": 0.0, "width_m": 9.287}}, {"type": "Feature", "geometry": {"type": "LineString", "coordinates": [[73.83721, 15.498614], [73.837112, 15.4986]]}, "properties": {"feature_type": "edge", "u": 263, "v": 266, "edge_key": 0, "length_m": 11.121, "is_bridged": false, "is_bridge": false, "edge_betweenness": 0.0, "width_m": 9.598}}, {"type": "Feature", "geometry": {"type": "LineString", "coordinates": [[73.83721, 15.498614], [73.837373, 15.496893]]}, "properties": {"feature_type": "edge", "u": 263, "v": 340, "edge_key": 0, "length_m": 197.067, "is_bridged": false, "is_bridge": false, "edge_betweenness": 0.0, "width_m": 8.51}}, {"type": "Feature", "geometry": {"type": "LineString", "coordinates": [[73.837979, 15.498618], [73.837993, 15.498537], [73.83812, 15.498402], [73.838162, 15.498402]]}, "properties": {"feature_type": "edge", "u": 264, "v": 282, "edge_key": 0, "length_m": 34.713, "is_bridged": false, "is_bridge": false, "edge_betweenness": 0.0, "width_m": 8.713}}, {"type": "Feature", "geometry": {"type": "LineString", "coordinates": [[73.836958, 15.498599], [73.836748, 15.498544]]}, "properties": {"feature_type": "edge", "u": 265, "v": 269, "edge_key": 0, "length_m": 24.451, "is_bridged": false, "is_bridge": false, "edge_betweenness": 0.0, "width_m": 13.576}}, {"type": "Feature", "geometry": {"type": "LineString", "coordinates": [[73.836958, 15.498599], [73.836986, 15.498559], [73.837134, 15.497109], [73.837121, 15.496878]]}, "properties": {"feature_type": "edge", "u": 265, "v": 345, "edge_key": 0, "length_m": 198.31, "is_bridged": false, "is_bridge": false, "edge_betweenness": 0.0, "width_m": 8.868}}, {"type": "Feature", "geometry": {"type": "LineString", "coordinates": [[73.837112, 15.4986], [73.83726, 15.497069], [73.837303, 15.496893]]}, "properties": {"feature_type": "edge", "u": 266, "v": 342, "edge_key": 0, "length_m": 197.077, "is_bridged": false, "is_bridge": false, "edge_betweenness": 0.0, "width_m": 8.524}}, {"type": "Feature", "geometry": {"type": "LineString", "coordinates": [[73.824234, 15.498505], [73.823117, 15.498187]]}, "properties": {"feature_type": "edge", "u": 267, "v": 288, "edge_key": 0, "length_m": 133.912, "is_bridged": false, "is_bridge": false, "edge_betweenness": 0.0, "width_m": 7.947}}, {"type": "Feature", "geometry": {"type": "LineString", "coordinates": [[73.824234, 15.498505], [73.824446, 15.49814]]}, "properties": {"feature_type": "edge", "u": 267, "v": 290, "edge_key": 0, "length_m": 49.82, "is_bridged": false, "is_bridge": false, "edge_betweenness": 0.0, "width_m": 8.508}}, {"type": "Feature", "geometry": {"type": "LineString", "coordinates": [[73.833113, 15.498566], [73.833113, 15.498538], [73.833057, 15.498484], [73.83289, 15.498375], [73.832792, 15.498347]]}, "properties": {"feature_type": "edge", "u": 268, "v": 285, "edge_key": 0, "length_m": 46.198, "is_bridged": false, "is_bridge": false, "edge_betweenness": 0.0, "width_m": 8.653}}, {"type": "Feature", "geometry": {"type": "LineString", "coordinates": [[73.836748, 15.498544], [73.836693, 15.498476], [73.836372, 15.498284], [73.836303, 15.498271]]}, "properties": {"feature_type": "edge", "u": 269, "v": 287, "edge_key": 0, "length_m": 60.771, "is_bridged": false, "is_bridge": false, "edge_betweenness": 0.0, "width_m": 13.265}}, {"type": "Feature", "geometry": {"type": "LineString", "coordinates": [[73.835784, 15.498512], [73.836147, 15.498541], [73.836189, 15.4985], [73.836232, 15.498352], [73.836303, 15.498271]]}, "properties": {"feature_type": "edge", "u": 270, "v": 287, "edge_key": 0, "length_m": 76.543, "is_bridged": false, "is_bridge": false, "edge_betweenness": 0.0, "width_m": 8.714}}, {"type": "Feature", "geometry": {"type": "LineString", "coordinates": [[73.835784, 15.498512], [73.835239, 15.498509]]}, "properties": {"feature_type": "edge", "u": 270, "v": 271, "edge_key": 0, "length_m": 58.5, "is_bridged": false, "is_bridge": false, "edge_betweenness": 0.0, "width_m": 9.073}}, {"type": "Feature", "geometry": {"type": "LineString", "coordinates": [[73.835784, 15.498512], [73.835786, 15.498051]]}, "properties": {"feature_type": "edge", "u": 270, "v": 297, "edge_key": 0, "length_m": 51.0, "is_bridged": false, "is_bridge": false, "edge_betweenness": 0.0, "width_m": 9.11}}, {"type": "Feature", "geometry": {"type": "LineString", "coordinates": [[73.835239, 15.498509], [73.835226, 15.49817]]}, "properties": {"feature_type": "edge", "u": 271, "v": 291, "edge_key": 0, "length_m": 38.121, "is_bridged": false, "is_bridge": false, "edge_betweenness": 0.0, "width_m": 8.78}}, {"type": "Feature", "geometry": {"type": "LineString", "coordinates": [[73.828821, 15.498475], [73.828751, 15.498407], [73.82871, 15.498298], [73.828668, 15.498257], [73.828585, 15.498094], [73.828349, 15.497754], [73.828085, 15.497441], [73.827849, 15.49725], [73.827779, 15.497168]]}, "properties": {"feature_type": "edge", "u": 272, "v": 321, "edge_key": 0, "length_m": 194.114, "is_bridged": false, "is_bridge": false, "edge_betweenness": 0.0, "width_m": 8.259}}, {"type": "Feature", "geometry": {"type": "LineString", "coordinates": [[73.828821, 15.498475], [73.828933, 15.498449]]}, "properties": {"feature_type": "edge", "u": 272, "v": 274, "edge_key": 0, "length_m": 13.243, "is_bridged": false, "is_bridge": false, "edge_betweenness": 0.0, "width_m": 9.72}}, {"type": "Feature", "geometry": {"type": "LineString", "coordinates": [[73.832526, 15.498495], [73.832414, 15.498467], [73.83219, 15.498466]]}, "properties": {"feature_type": "edge", "u": 273, "v": 275, "edge_key": 0, "length_m": 37.243, "is_bridged": false, "is_bridge": true, "edge_betweenness": 0.0, "width_m": 8.62}}, {"type": "Feature", "geometry": {"type": "LineString", "coordinates": [[73.828933, 15.498449], [73.828975, 15.498367]]}, "properties": {"feature_type": "edge", "u": 274, "v": 278, "edge_key": 0, "length_m": 10.33, "is_bridged": false, "is_bridge": false, "edge_betweenness": 0.0, "width_m": 10.787}}, {"type": "Feature", "geometry": {"type": "LineString", "coordinates": [[73.83219, 15.498466], [73.832136, 15.498127]]}, "properties": {"feature_type": "edge", "u": 275, "v": 292, "edge_key": 0, "length_m": 39.985, "is_bridged": false, "is_bridge": false, "edge_betweenness": 0.0, "width_m": 8.4}}, {"type": "Feature", "geometry": {"type": "LineString", "coordinates": [[73.834498, 15.498451], [73.834708, 15.498398]]}, "properties": {"feature_type": "edge", "u": 276, "v": 280, "edge_key": 0, "length_m": 24.985, "is_bridged": false, "is_bridge": false, "edge_betweenness": 0.0, "width_m": 8.475}}, {"type": "Feature", "geometry": {"type": "LineString", "coordinates": [[73.834498, 15.498451], [73.834442, 15.498356], [73.833734, 15.497538], [73.833205, 15.49702], [73.833192, 15.49698]]}, "properties": {"feature_type": "edge", "u": 276, "v": 329, "edge_key": 0, "length_m": 220.137, "is_bridged": false, "is_bridge": false, "edge_betweenness": 0.0, "width_m": 8.492}}, {"type": "Feature", "geometry": {"type": "LineString", "coordinates": [[73.82471, 15.498372], [73.824711, 15.498304]]}, "properties": {"feature_type": "edge", "u": 277, "v": 283, "edge_key": 0, "length_m": 7.5, "is_bridged": false, "is_bridge": false, "edge_betweenness": 0.0, "width_m": 11.408}}, {"type": "Feature", "geometry": {"type": "LineString", "coordinates": [[73.828975, 15.498367], [73.829059, 15.498354], [73.829942, 15.497979], [73.830376, 15.497832], [73.830866, 15.497713], [73.831342, 15.497661]]}, "properties": {"feature_type": "edge", "u": 278, "v": 308, "edge_key": 0, "length_m": 286.163, "is_bridged": false, "is_bridge": false, "edge_betweenness": 0.0, "width_m": 8.223}}, {"type": "Feature", "geometry": {"type": "LineString", "coordinates": [[73.828975, 15.498367], [73.828937, 15.497689], [73.828841, 15.497404], [73.828744, 15.497227], [73.82873, 15.497146]]}, "properties": {"feature_type": "edge", "u": 278, "v": 322, "edge_key": 0, "length_m": 145.917, "is_bridged": false, "is_bridge": false, "edge_betweenness": 0.0, "width_m": 8.402}}, {"type": "Feature", "geometry": {"type": "LineString", "coordinates": [[73.831478, 15.498367], [73.831327, 15.497783], [73.831342, 15.497661]]}, "properties": {"feature_type": "edge", "u": 279, "v": 308, "edge_key": 0, "length_m": 85.189, "is_bridged": false, "is_bridge": false, "edge_betweenness": 0.0, "width_m": 8.216}}, {"type": "Feature", "geometry": {"type": "LineString", "coordinates": [[73.831478, 15.498367], [73.831534, 15.498367], [73.831786, 15.49826]]}, "properties": {"feature_type": "edge", "u": 279, "v": 286, "edge_key": 0, "length_m": 37.703, "is_bridged": false, "is_bridge": false, "edge_betweenness": 0.0, "width_m": 8.587}}, {"type": "Feature", "geometry": {"type": "LineString", "coordinates": [[73.834708, 15.498398], [73.834764, 15.498344], [73.835086, 15.498196], [73.835226, 15.49817]]}, "properties": {"feature_type": "edge", "u": 280, "v": 291, "edge_key": 0, "length_m": 66.062, "is_bridged": false, "is_bridge": false, "edge_betweenness": 0.0, "width_m": 8.487}}, {"type": "Feature", "geometry": {"type": "LineString", "coordinates": [[73.825438, 15.498322], [73.824894, 15.49802], [73.82481, 15.498006]]}, "properties": {"feature_type": "edge", "u": 281, "v": 296, "edge_key": 0, "length_m": 81.79, "is_bridged": false, "is_bridge": false, "edge_betweenness": 0.0, "width_m": 8.569}}, {"type": "Feature", "geometry": {"type": "LineString", "coordinates": [[73.825438, 15.498322], [73.825734, 15.497821], [73.825777, 15.497713]]}, "properties": {"feature_type": "edge", "u": 281, "v": 305, "edge_key": 0, "length_m": 82.144, "is_bridged": false, "is_bridge": false, "edge_betweenness": 0.0, "width_m": 8.657}}, {"type": "Feature", "geometry": {"type": "LineString", "coordinates": [[73.838162, 15.498402], [73.838246, 15.498213], [73.838939, 15.496983], [73.839066, 15.496604], [73.839081, 15.496428], [73.838999, 15.496088], [73.838944, 15.495993], [73.838749, 15.495816]]}, "properties": {"feature_type": "edge", "u": 282, "v": 390, "edge_key": 0, "length_m": 342.676, "is_bridged": false, "is_bridge": false, "edge_betweenness": 0.0, "width_m": 8.491}}, {"type": "Feature", "geometry": {"type": "LineString", "coordinates": [[73.824711, 15.498304], [73.824655, 15.49829], [73.824516, 15.498154], [73.824446, 15.49814]]}, "properties": {"feature_type": "edge", "u": 283, "v": 290, "edge_key": 0, "length_m": 35.689, "is_bridged": false, "is_bridge": false, "edge_betweenness": 0.0, "width_m": 8.518}}, {"type": "Feature", "geometry": {"type": "LineString", "coordinates": [[73.824711, 15.498304], [73.82481, 15.498006]]}, "properties": {"feature_type": "edge", "u": 283, "v": 296, "edge_key": 0, "length_m": 37.349, "is_bridged": false, "is_bridge": false, "edge_betweenness": 0.0, "width_m": 8.157}}, {"type": "Feature", "geometry": {"type": "LineString", "coordinates": [[73.826864, 15.498316], [73.826752, 15.498274], [73.82639, 15.498069], [73.826306, 15.498055]]}, "properties": {"feature_type": "edge", "u": 284, "v": 293, "edge_key": 0, "length_m": 71.538, "is_bridged": false, "is_bridge": false, "edge_betweenness": 0.0, "width_m": 8.459}}, {"type": "Feature", "geometry": {"type": "LineString", "coordinates": [[73.826864, 15.498316], [73.826892, 15.498302], [73.827259, 15.497653]]}, "properties": {"feature_type": "edge", "u": 284, "v": 307, "edge_key": 0, "length_m": 91.241, "is_bridged": false, "is_bridge": false, "edge_betweenness": 0.0, "width_m": 8.464}}, {"type": "Feature", "geometry": {"type": "LineString", "coordinates": [[73.832792, 15.498347], [73.832751, 15.498279], [73.832347, 15.498006]]}, "properties": {"feature_type": "edge", "u": 285, "v": 300, "edge_key": 0, "length_m": 64.756, "is_bridged": false, "is_bridge": false, "edge_betweenness": 0.0, "width_m": 8.463}}, {"type": "Feature", "geometry": {"type": "LineString", "coordinates": [[73.831786, 15.49826], [73.832052, 15.49814], [73.832136, 15.498127]]}, "properties": {"feature_type": "edge", "u": 286, "v": 292, "edge_key": 0, "length_m": 43.713, "is_bridged": false, "is_bridge": false, "edge_betweenness": 0.0, "width_m": 8.424}}, {"type": "Feature", "geometry": {"type": "LineString", "coordinates": [[73.831786, 15.49826], [73.831621, 15.497798], [73.831607, 15.497703]]}, "properties": {"feature_type": "edge", "u": 286, "v": 306, "edge_key": 0, "length_m": 69.199, "is_bridged": false, "is_bridge": false, "edge_betweenness": 0.0, "width_m": 7.951}}, {"type": "Feature", "geometry": {"type": "LineString", "coordinates": [[73.836303, 15.498271], [73.836247, 15.498202], [73.836052, 15.498066]]}, "properties": {"feature_type": "edge", "u": 287, "v": 298, "edge_key": 0, "length_m": 36.931, "is_bridged": false, "is_bridge": false, "edge_betweenness": 0.0, "width_m": 14.85}}, {"type": "Feature", "geometry": {"type": "LineString", "coordinates": [[73.823117, 15.498187], [73.823089, 15.49816], [73.823019, 15.49816], [73.822964, 15.498132]]}, "properties": {"feature_type": "edge", "u": 288, "v": 289, "edge_key": 0, "length_m": 18.985, "is_bridged": false, "is_bridge": true, "edge_betweenness": 0.0, "width_m": 8.063}}, {"type": "Feature", "geometry": {"type": "LineString", "coordinates": [[73.823117, 15.498187], [73.823261, 15.497537]]}, "properties": {"feature_type": "edge", "u": 288, "v": 309, "edge_key": 0, "length_m": 77.679, "is_bridged": false, "is_bridge": false, "edge_betweenness": 0.0, "width_m": 8.231}}, {"type": "Feature", "geometry": {"type": "LineString", "coordinates": [[73.824446, 15.49814], [73.824432, 15.498072], [73.824321, 15.49795], [73.824182, 15.497813], [73.824042, 15.497758], [73.824029, 15.497731]]}, "properties": {"feature_type": "edge", "u": 290, "v": 304, "edge_key": 0, "length_m": 68.644, "is_bridged": false, "is_bridge": false, "edge_betweenness": 0.0, "width_m": 8.535}}, {"type": "Feature", "geometry": {"type": "LineString", "coordinates": [[73.835226, 15.49817], [73.835255, 15.498129], [73.835605, 15.498036], [73.835647, 15.498009], [73.835661, 15.497969]]}, "properties": {"feature_type": "edge", "u": 291, "v": 302, "edge_key": 0, "length_m": 57.811, "is_bridged": false, "is_bridge": false, "edge_betweenness": 0.0, "width_m": 8.024}}, {"type": "Feature", "geometry": {"type": "LineString", "coordinates": [[73.832136, 15.498127], [73.832179, 15.498086], [73.832347, 15.498006]]}, "properties": {"feature_type": "edge", "u": 292, "v": 300, "edge_key": 0, "length_m": 28.092, "is_bridged": false, "is_bridge": false, "edge_betweenness": 0.0, "width_m": 8.615}}, {"type": "Feature", "geometry": {"type": "LineString", "coordinates": [[73.826306, 15.498055], [73.826278, 15.498001], [73.825777, 15.497713]]}, "properties": {"feature_type": "edge", "u": 293, "v": 305, "edge_key": 0, "length_m": 74.023, "is_bridged": false, "is_bridge": false, "edge_betweenness": 0.0, "width_m": 8.579}}, {"type": "Feature", "geometry": {"type": "LineString", "coordinates": [[73.827746, 15.498022], [73.827733, 15.497941], [73.827705, 15.497913], [73.827301, 15.497694], [73.827259, 15.497653]]}, "properties": {"feature_type": "edge", "u": 294, "v": 307, "edge_key": 0, "length_m": 73.669, "is_bridged": false, "is_bridge": false, "edge_betweenness": 0.0, "width_m": 8.517}}, {"type": "Feature", "geometry": {"type": "LineString", "coordinates": [[73.827746, 15.498022], [73.827872, 15.498023], [73.828068, 15.497983]]}, "properties": {"feature_type": "edge", "u": 294, "v": 299, "edge_key": 0, "length_m": 36.364, "is_bridged": false, "is_bridge": true, "edge_betweenness": 0.0, "width_m": 8.076}}, {"type": "Feature", "geometry": {"type": "LineString", "coordinates": [[73.835996, 15.498079], [73.835926, 15.498092], [73.835786, 15.498051]]}, "properties": {"feature_type": "edge", "u": 295, "v": 297, "edge_key": 0, "length_m": 24.718, "is_bridged": false, "is_bridge": false, "edge_betweenness": 0.0, "width_m": 7.849}}, {"type": "Feature", "geometry": {"type": "LineString", "coordinates": [[73.835996, 15.498079], [73.835996, 15.498052]]}, "properties": {"feature_type": "edge", "u": 295, "v": 616, "edge_key": 0, "length_m": 3.0, "is_bridged": false, "is_bridge": false, "edge_betweenness": 0.0, "width_m": 3.0}}, {"type": "Feature", "geometry": {"type": "LineString", "coordinates": [[73.835996, 15.498052], [73.835996, 15.498079]]}, "properties": {"feature_type": "edge", "u": 295, "v": 616, "edge_key": 1, "length_m": 3.0, "is_bridged": false, "is_bridge": false, "edge_betweenness": 0.0, "width_m": 3.0}}, {"type": "Feature", "geometry": {"type": "LineString", "coordinates": [[73.835996, 15.498079], [73.836052, 15.498066]]}, "properties": {"feature_type": "edge", "u": 295, "v": 298, "edge_key": 0, "length_m": 6.354, "is_bridged": false, "is_bridge": false, "edge_betweenness": 0.0, "width_m": 7.0}}, {"type": "Feature", "geometry": {"type": "LineString", "coordinates": [[73.82481, 15.498006], [73.824853, 15.49779], [73.82501, 15.497289]]}, "properties": {"feature_type": "edge", "u": 296, "v": 317, "edge_key": 0, "length_m": 87.931, "is_bridged": false, "is_bridge": false, "edge_betweenness": 0.0, "width_m": 8.072}}, {"type": "Feature", "geometry": {"type": "LineString", "coordinates": [[73.835786, 15.498051], [73.835745, 15.49801]]}, "properties": {"feature_type": "edge", "u": 297, "v": 301, "edge_key": 0, "length_m": 6.708, "is_bridged": false, "is_bridge": false, "edge_betweenness": 0.0, "width_m": 9.93}}, {"type": "Feature", "geometry": {"type": "LineString", "coordinates": [[73.836052, 15.498066], [73.836025, 15.497835]]}, "properties": {"feature_type": "edge", "u": 298, "v": 303, "edge_key": 0, "length_m": 26.743, "is_bridged": false, "is_bridge": false, "edge_betweenness": 0.0, "width_m": 14.689}}, {"type": "Feature", "geometry": {"type": "LineString", "coordinates": [[73.832347, 15.498006], [73.832209, 15.497598], [73.832168, 15.497557]]}, "properties": {"feature_type": "edge", "u": 300, "v": 310, "edge_key": 0, "length_m": 58.189, "is_bridged": false, "is_bridge": false, "edge_betweenness": 0.0, "width_m": 7.792}}, {"type": "Feature", "geometry": {"type": "LineString", "coordinates": [[73.835745, 15.49801], [73.835689, 15.49801], [73.835661, 15.497969]]}, "properties": {"feature_type": "edge", "u": 301, "v": 302, "edge_key": 0, "length_m": 11.408, "is_bridged": false, "is_bridge": false, "edge_betweenness": 0.0, "width_m": 10.303}}, {"type": "Feature", "geometry": {"type": "LineString", "coordinates": [[73.835745, 15.49801], [73.835801, 15.497942], [73.835941, 15.497848], [73.836025, 15.497835]]}, "properties": {"feature_type": "edge", "u": 301, "v": 303, "edge_key": 0, "length_m": 38.689, "is_bridged": false, "is_bridge": false, "edge_betweenness": 0.0, "width_m": 9.382}}, {"type": "Feature", "geometry": {"type": "LineString", "coordinates": [[73.835661, 15.497969], [73.835689, 15.497955]]}, "properties": {"feature_type": "edge", "u": 302, "v": 617, "edge_key": 0, "length_m": 3.354, "is_bridged": false, "is_bridge": false, "edge_betweenness": 0.0, "width_m": 3.828}}, {"type": "Feature", "geometry": {"type": "LineString", "coordinates": [[73.835689, 15.497955], [73.835661, 15.497969]]}, "properties": {"feature_type": "edge", "u": 302, "v": 617, "edge_key": 1, "length_m": 3.354, "is_bridged": false, "is_bridge": false, "edge_betweenness": 0.0, "width_m": 3.828}}, {"type": "Feature", "geometry": {"type": "LineString", "coordinates": [[73.835661, 15.497969], [73.835648, 15.49786], [73.835877, 15.496926]]}, "properties": {"feature_type": "edge", "u": 302, "v": 333, "edge_key": 0, "length_m": 125.626, "is_bridged": false, "is_bridge": false, "edge_betweenness": 0.0, "width_m": 8.011}}, {"type": "Feature", "geometry": {"type": "LineString", "coordinates": [[73.836025, 15.497835], [73.836041, 15.497551]]}, "properties": {"feature_type": "edge", "u": 303, "v": 312, "edge_key": 0, "length_m": 32.121, "is_bridged": false, "is_bridge": false, "edge_betweenness": 0.0, "width_m": 13.968}}, {"type": "Feature", "geometry": {"type": "LineString", "coordinates": [[73.824029, 15.497731], [73.823889, 15.497717], [73.823261, 15.497537]]}, "properties": {"feature_type": "edge", "u": 304, "v": 309, "edge_key": 0, "length_m": 91.198, "is_bridged": false, "is_bridge": false, "edge_betweenness": 0.0, "width_m": 7.944}}, {"type": "Feature", "geometry": {"type": "LineString", "coordinates": [[73.824029, 15.497731], [73.824029, 15.497663], [73.824243, 15.496851]]}, "properties": {"feature_type": "edge", "u": 304, "v": 335, "edge_key": 0, "length_m": 106.553, "is_bridged": false, "is_bridge": false, "edge_betweenness": 0.0, "width_m": 7.975}}, {"type": "Feature", "geometry": {"type": "LineString", "coordinates": [[73.825777, 15.497713], [73.825108, 15.497316], [73.82501, 15.497289]]}, "properties": {"feature_type": "edge", "u": 305, "v": 317, "edge_key": 0, "length_m": 101.761, "is_bridged": false, "is_bridge": false, "edge_betweenness": 0.0, "width_m": 8.51}}, {"type": "Feature", "geometry": {"type": "LineString", "coordinates": [[73.825777, 15.497713], [73.826031, 15.497294], [73.826144, 15.497051]]}, "properties": {"feature_type": "edge", "u": 305, "v": 326, "edge_key": 0, "length_m": 89.387, "is_bridged": false, "is_bridge": false, "edge_betweenness": 0.0, "width_m": 8.593}}, {"type": "Feature", "geometry": {"type": "LineString", "coordinates": [[73.831607, 15.497703], [73.831342, 15.497661]]}, "properties": {"feature_type": "edge", "u": 306, "v": 308, "edge_key": 0, "length_m": 29.927, "is_bridged": false, "is_bridge": false, "edge_betweenness": 0.0, "width_m": 8.707}}, {"type": "Feature", "geometry": {"type": "LineString", "coordinates": [[73.831607, 15.497703], [73.832168, 15.497557]]}, "properties": {"feature_type": "edge", "u": 306, "v": 310, "edge_key": 0, "length_m": 66.567, "is_bridged": false, "is_bridge": false, "edge_betweenness": 0.0, "width_m": 8.062}}, {"type": "Feature", "geometry": {"type": "LineString", "coordinates": [[73.827259, 15.497653], [73.827175, 15.497626], [73.826618, 15.497324], [73.826562, 15.49727]]}, "properties": {"feature_type": "edge", "u": 307, "v": 318, "edge_key": 0, "length_m": 92.741, "is_bridged": false, "is_bridge": false, "edge_betweenness": 0.0, "width_m": 8.434}}, {"type": "Feature", "geometry": {"type": "LineString", "coordinates": [[73.827259, 15.497653], [73.827287, 15.49764], [73.827598, 15.497113]]}, "properties": {"feature_type": "edge", "u": 307, "v": 324, "edge_key": 0, "length_m": 75.523, "is_bridged": false, "is_bridge": false, "edge_betweenness": 0.0, "width_m": 8.436}}, {"type": "Feature", "geometry": {"type": "LineString", "coordinates": [[73.831342, 15.497661], [73.831469, 15.497526], [73.831483, 15.497486]]}, "properties": {"feature_type": "edge", "u": 308, "v": 314, "edge_key": 0, "length_m": 25.713, "is_bridged": false, "is_bridge": false, "edge_betweenness": 0.0, "width_m": 8.994}}, {"type": "Feature", "geometry": {"type": "LineString", "coordinates": [[73.823261, 15.497537], [73.823247, 15.49751], [73.823163, 15.497509], [73.822981, 15.497454], [73.822968, 15.497427]]}, "properties": {"feature_type": "edge", "u": 309, "v": 315, "edge_key": 0, "length_m": 37.961, "is_bridged": false, "is_bridge": true, "edge_betweenness": 0.0, "width_m": 7.946}}, {"type": "Feature", "geometry": {"type": "LineString", "coordinates": [[73.823261, 15.497537], [73.823491, 15.496427]]}, "properties": {"feature_type": "edge", "u": 309, "v": 365, "edge_key": 0, "length_m": 132.407, "is_bridged": false, "is_bridge": false, "edge_betweenness": 0.0, "width_m": 8.175}}, {"type": "Feature", "geometry": {"type": "LineString", "coordinates": [[73.832168, 15.497557], [73.832168, 15.497489], [73.832085, 15.497313]]}, "properties": {"feature_type": "edge", "u": 310, "v": 319, "edge_key": 0, "length_m": 30.728, "is_bridged": false, "is_bridge": false, "edge_betweenness": 0.0, "width_m": 8.207}}, {"type": "Feature", "geometry": {"type": "LineString", "coordinates": [[73.834726, 15.497557], [73.834909, 15.497395], [73.834909, 15.497355]]}, "properties": {"feature_type": "edge", "u": 311, "v": 316, "edge_key": 0, "length_m": 31.456, "is_bridged": false, "is_bridge": true, "edge_betweenness": 0.0, "width_m": 8.643}}, {"type": "Feature", "geometry": {"type": "LineString", "coordinates": [[73.836041, 15.497551], [73.836055, 15.497537]]}, "properties": {"feature_type": "edge", "u": 312, "v": 618, "edge_key": 0, "length_m": 2.121, "is_bridged": false, "is_bridge": false, "edge_betweenness": 0.0, "width_m": 3.0}}, {"type": "Feature", "geometry": {"type": "LineString", "coordinates": [[73.836055, 15.497537], [73.836041, 15.497551]]}, "properties": {"feature_type": "edge", "u": 312, "v": 618, "edge_key": 1, "length_m": 2.121, "is_bridged": false, "is_bridge": false, "edge_betweenness": 0.0, "width_m": 3.0}}, {"type": "Feature", "geometry": {"type": "LineString", "coordinates": [[73.836041, 15.497551], [73.836043, 15.497171]]}, "properties": {"feature_type": "edge", "u": 312, "v": 323, "edge_key": 0, "length_m": 42.0, "is_bridged": false, "is_bridge": false, "edge_betweenness": 0.0, "width_m": 13.731}}, {"type": "Feature", "geometry": {"type": "LineString", "coordinates": [[73.837677, 15.497546], [73.837705, 15.497546], [73.837747, 15.497505], [73.837776, 15.497411], [73.837908, 15.496191], [73.837979, 15.496001], [73.838162, 15.495772], [73.838162, 15.495731]]}, "properties": {"feature_type": "edge", "u": 313, "v": 393, "edge_key": 0, "length_m": 223.882, "is_bridged": false, "is_bridge": false, "edge_betweenness": 0.0, "width_m": 8.421}}, {"type": "Feature", "geometry": {"type": "LineString", "coordinates": [[73.837677, 15.497546], [73.837664, 15.497369], [73.837797, 15.496055], [73.837854, 15.495852], [73.837841, 15.495797]]}, "properties": {"feature_type": "edge", "u": 313, "v": 389, "edge_key": 0, "length_m": 202.285, "is_bridged": false, "is_bridge": false, "edge_betweenness": 0.0, "width_m": 8.467}}, {"type": "Feature", "geometry": {"type": "LineString", "coordinates": [[73.831483, 15.497486], [73.831553, 15.497473], [73.831623, 15.497419], [73.831777, 15.497365], [73.832085, 15.497313]]}, "properties": {"feature_type": "edge", "u": 314, "v": 319, "edge_key": 0, "length_m": 72.577, "is_bridged": false, "is_bridge": false, "edge_betweenness": 0.0, "width_m": 8.304}}, {"type": "Feature", "geometry": {"type": "LineString", "coordinates": [[73.831483, 15.497486], [73.831513, 15.497079]]}, "properties": {"feature_type": "edge", "u": 314, "v": 325, "edge_key": 0, "length_m": 46.243, "is_bridged": false, "is_bridge": false, "edge_betweenness": 0.0, "width_m": 8.84}}, {"type": "Feature", "geometry": {"type": "LineString", "coordinates": [[73.834909, 15.497355], [73.834381, 15.496837], [73.834381, 15.496796], [73.835028, 15.496149]]}, "properties": {"feature_type": "edge", "u": 316, "v": 381, "edge_key": 0, "length_m": 186.57, "is_bridged": false, "is_bridge": false, "edge_betweenness": 0.0, "width_m": 8.53}}, {"type": "Feature", "geometry": {"type": "LineString", "coordinates": [[73.834909, 15.497355], [73.834965, 15.497341], [73.835612, 15.496721]]}, "properties": {"feature_type": "edge", "u": 316, "v": 358, "edge_key": 0, "length_m": 104.202, "is_bridged": false, "is_bridge": false, "edge_betweenness": 0.0, "width_m": 8.5}}, {"type": "Feature", "geometry": {"type": "LineString", "coordinates": [[73.82501, 15.497289], [73.82501, 15.497248]]}, "properties": {"feature_type": "edge", "u": 317, "v": 320, "edge_key": 0, "length_m": 4.5, "is_bridged": false, "is_bridge": false, "edge_betweenness": 0.0, "width_m": 10.606}}, {"type": "Feature", "geometry": {"type": "LineString", "coordinates": [[73.826562, 15.49727], [73.826492, 15.497256], [73.826186, 15.497092], [73.826144, 15.497051]]}, "properties": {"feature_type": "edge", "u": 318, "v": 326, "edge_key": 0, "length_m": 54.674, "is_bridged": false, "is_bridge": false, "edge_betweenness": 0.0, "width_m": 8.485}}, {"type": "Feature", "geometry": {"type": "LineString", "coordinates": [[73.826562, 15.49727], [73.826562, 15.497216], [73.826647, 15.497067], [73.826717, 15.497027]]}, "properties": {"feature_type": "edge", "u": 318, "v": 327, "edge_key": 0, "length_m": 35.592, "is_bridged": false, "is_bridge": true, "edge_betweenness": 0.0, "width_m": 7.423}}, {"type": "Feature", "geometry": {"type": "LineString", "coordinates": [[73.832085, 15.497313], [73.831975, 15.497]]}, "properties": {"feature_type": "edge", "u": 319, "v": 328, "edge_key": 0, "length_m": 39.471, "is_bridged": false, "is_bridge": false, "edge_betweenness": 0.0, "width_m": 8.006}}, {"type": "Feature", "geometry": {"type": "LineString", "coordinates": [[73.82501, 15.497248], [73.824898, 15.497207], [73.824397, 15.496906], [73.824285, 15.496851], [73.824243, 15.496851]]}, "properties": {"feature_type": "edge", "u": 320, "v": 335, "edge_key": 0, "length_m": 100.518, "is_bridged": false, "is_bridge": false, "edge_betweenness": 0.0, "width_m": 8.591}}, {"type": "Feature", "geometry": {"type": "LineString", "coordinates": [[73.82501, 15.497248], [73.825196, 15.496558]]}, "properties": {"feature_type": "edge", "u": 320, "v": 362, "edge_key": 0, "length_m": 84.31, "is_bridged": false, "is_bridge": false, "edge_betweenness": 0.0, "width_m": 8.167}}, {"type": "Feature", "geometry": {"type": "LineString", "coordinates": [[73.827779, 15.497168], [73.827598, 15.497113]]}, "properties": {"feature_type": "edge", "u": 321, "v": 324, "edge_key": 0, "length_m": 21.985, "is_bridged": false, "is_bridge": false, "edge_betweenness": 0.0, "width_m": 8.217}}, {"type": "Feature", "geometry": {"type": "LineString", "coordinates": [[73.827779, 15.497168], [73.828076, 15.496641]]}, "properties": {"feature_type": "edge", "u": 321, "v": 359, "edge_key": 0, "length_m": 71.548, "is_bridged": false, "is_bridge": true, "edge_betweenness": 0.0, "width_m": 8.454}}, {"type": "Feature", "geometry": {"type": "LineString", "coordinates": [[73.82873, 15.497146], [73.828619, 15.497037], [73.828411, 15.496751], [73.82805, 15.496193], [73.82805, 15.496166], [73.827634, 15.495567], [73.827635, 15.49554], [73.82744, 15.495254], [73.827385, 15.495227]]}, "properties": {"feature_type": "edge", "u": 322, "v": 419, "edge_key": 0, "length_m": 274.137, "is_bridged": false, "is_bridge": false, "edge_betweenness": 0.0, "width_m": 8.127}}, {"type": "Feature", "geometry": {"type": "LineString", "coordinates": [[73.82873, 15.497146], [73.828758, 15.497146], [73.828871, 15.497038], [73.828843, 15.496957], [73.828801, 15.496916]]}, "properties": {"feature_type": "edge", "u": 322, "v": 332, "edge_key": 0, "length_m": 36.577, "is_bridged": false, "is_bridge": true, "edge_betweenness": 0.0, "width_m": 8.395}}, {"type": "Feature", "geometry": {"type": "LineString", "coordinates": [[73.836043, 15.497171], [73.836001, 15.49713], [73.836002, 15.496927]]}, "properties": {"feature_type": "edge", "u": 323, "v": 334, "edge_key": 0, "length_m": 29.475, "is_bridged": false, "is_bridge": false, "edge_betweenness": 0.0, "width_m": 8.982}}, {"type": "Feature", "geometry": {"type": "LineString", "coordinates": [[73.836043, 15.497171], [73.836085, 15.497144], [73.836101, 15.496886]]}, "properties": {"feature_type": "edge", "u": 323, "v": 339, "edge_key": 0, "length_m": 34.597, "is_bridged": false, "is_bridge": false, "edge_betweenness": 0.0, "width_m": 8.844}}, {"type": "Feature", "geometry": {"type": "LineString", "coordinates": [[73.827598, 15.497113], [73.827584, 15.497072], [73.82725, 15.496772], [73.827208, 15.496704]]}, "properties": {"feature_type": "edge", "u": 324, "v": 355, "edge_key": 0, "length_m": 63.887, "is_bridged": false, "is_bridge": false, "edge_betweenness": 0.0, "width_m": 8.399}}, {"type": "Feature", "geometry": {"type": "LineString", "coordinates": [[73.831513, 15.497079], [73.831471, 15.497106], [73.831317, 15.497119], [73.831107, 15.497172], [73.830995, 15.497171], [73.830913, 15.496913], [73.830913, 15.496818]]}, "properties": {"feature_type": "edge", "u": 325, "v": 347, "edge_key": 0, "length_m": 102.31, "is_bridged": false, "is_bridge": false, "edge_betweenness": 0.0, "width_m": 8.248}}, {"type": "Feature", "geometry": {"type": "LineString", "coordinates": [[73.831513, 15.497079], [73.831611, 15.49708], [73.831975, 15.497]]}, "properties": {"feature_type": "edge", "u": 325, "v": 328, "edge_key": 0, "length_m": 53.228, "is_bridged": false, "is_bridge": false, "edge_betweenness": 0.0, "width_m": 8.228}}, {"type": "Feature", "geometry": {"type": "LineString", "coordinates": [[73.831513, 15.497079], [73.831473, 15.496686], [73.831462, 15.496157]]}, "properties": {"feature_type": "edge", "u": 325, "v": 377, "edge_key": 0, "length_m": 104.485, "is_bridged": false, "is_bridge": false, "edge_betweenness": 0.0, "width_m": 8.737}}, {"type": "Feature", "geometry": {"type": "LineString", "coordinates": [[73.826144, 15.497051], [73.825684, 15.496818], [73.8256, 15.49675]]}, "properties": {"feature_type": "edge", "u": 326, "v": 352, "edge_key": 0, "length_m": 71.902, "is_bridged": false, "is_bridge": false, "edge_betweenness": 0.0, "width_m": 8.551}}, {"type": "Feature", "geometry": {"type": "LineString", "coordinates": [[73.826144, 15.497051], [73.826172, 15.497037], [73.826271, 15.496862], [73.826568, 15.496294]]}, "properties": {"feature_type": "edge", "u": 326, "v": 371, "edge_key": 0, "length_m": 103.251, "is_bridged": false, "is_bridge": false, "edge_betweenness": 0.0, "width_m": 8.49}}, {"type": "Feature", "geometry": {"type": "LineString", "coordinates": [[73.831975, 15.497], [73.83184, 15.496145]]}, "properties": {"feature_type": "edge", "u": 328, "v": 378, "edge_key": 0, "length_m": 100.713, "is_bridged": false, "is_bridge": false, "edge_betweenness": 0.0, "width_m": 8.335}}, {"type": "Feature", "geometry": {"type": "LineString", "coordinates": [[73.833192, 15.49698], [73.83315, 15.496966], [73.833066, 15.49687], [73.833067, 15.496803], [73.834037, 15.495872], [73.834304, 15.49563], [73.834332, 15.49563]]}, "properties": {"feature_type": "edge", "u": 329, "v": 400, "edge_key": 0, "length_m": 215.904, "is_bridged": false, "is_bridge": false, "edge_betweenness": 0.0, "width_m": 8.498}}, {"type": "Feature", "geometry": {"type": "LineString", "coordinates": [[73.833192, 15.49698], [73.834429, 15.495779], [73.834443, 15.495725]]}, "properties": {"feature_type": "edge", "u": 329, "v": 392, "edge_key": 0, "length_m": 194.798, "is_bridged": false, "is_bridge": false, "edge_betweenness": 0.0, "width_m": 8.508}}, {"type": "Feature", "geometry": {"type": "LineString", "coordinates": [[73.835877, 15.496926], [73.836002, 15.496927]]}, "properties": {"feature_type": "edge", "u": 333, "v": 334, "edge_key": 0, "length_m": 13.5, "is_bridged": false, "is_bridge": false, "edge_betweenness": 0.0, "width_m": 9.061}}, {"type": "Feature", "geometry": {"type": "LineString", "coordinates": [[73.835877, 15.496926], [73.835682, 15.496735], [73.835612, 15.496721]]}, "properties": {"feature_type": "edge", "u": 333, "v": 358, "edge_key": 0, "length_m": 37.82, "is_bridged": false, "is_bridge": false, "edge_betweenness": 0.0, "width_m": 8.681}}, {"type": "Feature", "geometry": {"type": "LineString", "coordinates": [[73.836002, 15.496927], [73.836031, 15.496886]]}, "properties": {"feature_type": "edge", "u": 334, "v": 341, "edge_key": 0, "length_m": 5.475, "is_bridged": false, "is_bridge": false, "edge_betweenness": 0.0, "width_m": 8.064}}, {"type": "Feature", "geometry": {"type": "LineString", "coordinates": [[73.824243, 15.496851], [73.824244, 15.49681]]}, "properties": {"feature_type": "edge", "u": 335, "v": 343, "edge_key": 0, "length_m": 4.5, "is_bridged": false, "is_bridge": false, "edge_betweenness": 0.0, "width_m": 9.768}}, {"type": "Feature", "geometry": {"type": "LineString", "coordinates": [[73.826788, 15.496851], [73.82693, 15.49658]]}, "properties": {"feature_type": "edge", "u": 337, "v": 361, "edge_key": 0, "length_m": 35.946, "is_bridged": false, "is_bridge": true, "edge_betweenness": 0.0, "width_m": 8.419}}, {"type": "Feature", "geometry": {"type": "LineString", "coordinates": [[73.836101, 15.496886], [73.836031, 15.496886]]}, "properties": {"feature_type": "edge", "u": 339, "v": 341, "edge_key": 0, "length_m": 7.5, "is_bridged": false, "is_bridge": false, "edge_betweenness": 0.0, "width_m": 4.854}}, {"type": "Feature", "geometry": {"type": "LineString", "coordinates": [[73.836101, 15.496886], [73.836101, 15.496805]]}, "properties": {"feature_type": "edge", "u": 339, "v": 351, "edge_key": 0, "length_m": 9.708, "is_bridged": false, "is_bridge": false, "edge_betweenness": 0.0, "width_m": 9.522}}, {"type": "Feature", "geometry": {"type": "LineString", "coordinates": [[73.837373, 15.496893], [73.837303, 15.496893]]}, "properties": {"feature_type": "edge", "u": 340, "v": 342, "edge_key": 0, "length_m": 7.5, "is_bridged": false, "is_bridge": false, "edge_betweenness": 0.0, "width_m": 4.854}}, {"type": "Feature", "geometry": {"type": "LineString", "coordinates": [[73.837373, 15.496893], [73.837387, 15.496825]]}, "properties": {"feature_type": "edge", "u": 340, "v": 349, "edge_key": 0, "length_m": 7.854, "is_bridged": false, "is_bridge": false, "edge_betweenness": 0.0, "width_m": 8.298}}, {"type": "Feature", "geometry": {"type": "LineString", "coordinates": [[73.836031, 15.496886], [73.836031, 15.496845], [73.836101, 15.496805]]}, "properties": {"feature_type": "edge", "u": 341, "v": 351, "edge_key": 0, "length_m": 13.597, "is_bridged": false, "is_bridge": false, "edge_betweenness": 0.0, "width_m": 8.899}}, {"type": "Feature", "geometry": {"type": "LineString", "coordinates": [[73.837303, 15.496893], [73.837317, 15.496812]]}, "properties": {"feature_type": "edge", "u": 342, "v": 354, "edge_key": 0, "length_m": 9.621, "is_bridged": false, "is_bridge": false, "edge_betweenness": 0.0, "width_m": 8.446}}, {"type": "Feature", "geometry": {"type": "LineString", "coordinates": [[73.824244, 15.49681], [73.82416, 15.496783], [73.82363, 15.496468], [73.823491, 15.496427]]}, "properties": {"feature_type": "edge", "u": 343, "v": 365, "edge_key": 0, "length_m": 98.397, "is_bridged": false, "is_bridge": false, "edge_betweenness": 0.0, "width_m": 8.43}}, {"type": "Feature", "geometry": {"type": "LineString", "coordinates": [[73.824244, 15.49681], [73.824429, 15.496147]]}, "properties": {"feature_type": "edge", "u": 343, "v": 375, "edge_key": 0, "length_m": 81.577, "is_bridged": false, "is_bridge": false, "edge_betweenness": 0.0, "width_m": 8.036}}, {"type": "Feature", "geometry": {"type": "LineString", "coordinates": [[73.837121, 15.496878], [73.837052, 15.496824], [73.836969, 15.496579]]}, "properties": {"feature_type": "edge", "u": 345, "v": 363, "edge_key": 0, "length_m": 40.446, "is_bridged": false, "is_bridge": false, "edge_betweenness": 0.0, "width_m": 8.303}}, {"type": "Feature", "geometry": {"type": "LineString", "coordinates": [[73.837121, 15.496878], [73.837149, 15.496851], [73.837164, 15.49677], [73.837165, 15.496553]]}, "properties": {"feature_type": "edge", "u": 345, "v": 364, "edge_key": 0, "length_m": 37.864, "is_bridged": false, "is_bridge": false, "edge_betweenness": 0.0, "width_m": 9.119}}, {"type": "Feature", "geometry": {"type": "LineString", "coordinates": [[73.830913, 15.496818], [73.831179, 15.496806]]}, "properties": {"feature_type": "edge", "u": 347, "v": 348, "edge_key": 0, "length_m": 29.121, "is_bridged": false, "is_bridge": true, "edge_betweenness": 0.0, "width_m": 8.214}}, {"type": "Feature", "geometry": {"type": "LineString", "coordinates": [[73.830913, 15.496818], [73.830886, 15.49675], [73.830886, 15.496628], [73.830859, 15.49652], [73.830861, 15.496167], [73.831462, 15.496157]]}, "properties": {"feature_type": "edge", "u": 347, "v": 377, "edge_key": 0, "length_m": 139.339, "is_bridged": false, "is_bridge": false, "edge_betweenness": 0.0, "width_m": 8.779}}, {"type": "Feature", "geometry": {"type": "LineString", "coordinates": [[73.837387, 15.496825], [73.837317, 15.496812]]}, "properties": {"feature_type": "edge", "u": 349, "v": 354, "edge_key": 0, "length_m": 7.854, "is_bridged": false, "is_bridge": false, "edge_betweenness": 0.0, "width_m": 6.053}}, {"type": "Feature", "geometry": {"type": "LineString", "coordinates": [[73.837387, 15.496825], [73.837402, 15.496744]]}, "properties": {"feature_type": "edge", "u": 349, "v": 356, "edge_key": 0, "length_m": 9.621, "is_bridged": false, "is_bridge": false, "edge_betweenness": 0.0, "width_m": 7.839}}, {"type": "Feature", "geometry": {"type": "LineString", "coordinates": [[73.836101, 15.496805], [73.836143, 15.496724], [73.836312, 15.496576], [73.836508, 15.496482]]}, "properties": {"feature_type": "edge", "u": 351, "v": 367, "edge_key": 0, "length_m": 60.781, "is_bridged": false, "is_bridge": false, "edge_betweenness": 0.0, "width_m": 15.514}}, {"type": "Feature", "geometry": {"type": "LineString", "coordinates": [[73.8256, 15.49675], [73.82553, 15.496736], [73.825196, 15.496558]]}, "properties": {"feature_type": "edge", "u": 352, "v": 362, "edge_key": 0, "length_m": 51.931, "is_bridged": false, "is_bridge": false, "edge_betweenness": 0.0, "width_m": 8.544}}, {"type": "Feature", "geometry": {"type": "LineString", "coordinates": [[73.8256, 15.49675], [73.825812, 15.496317], [73.826066, 15.495911]]}, "properties": {"feature_type": "edge", "u": 352, "v": 386, "edge_key": 0, "length_m": 113.504, "is_bridged": false, "is_bridge": false, "edge_betweenness": 0.0, "width_m": 8.498}}, {"type": "Feature", "geometry": {"type": "LineString", "coordinates": [[73.837317, 15.496812], [73.837332, 15.496744]]}, "properties": {"feature_type": "edge", "u": 354, "v": 357, "edge_key": 0, "length_m": 8.121, "is_bridged": false, "is_bridge": false, "edge_betweenness": 0.0, "width_m": 8.336}}, {"type": "Feature", "geometry": {"type": "LineString", "coordinates": [[73.827208, 15.496704], [73.827125, 15.496676], [73.827013, 15.496594], [73.82693, 15.49658]]}, "properties": {"feature_type": "edge", "u": 355, "v": 361, "edge_key": 0, "length_m": 35.592, "is_bridged": false, "is_bridge": false, "edge_betweenness": 0.0, "width_m": 8.385}}, {"type": "Feature", "geometry": {"type": "LineString", "coordinates": [[73.827208, 15.496704], [73.827532, 15.496326]]}, "properties": {"feature_type": "edge", "u": 355, "v": 370, "edge_key": 0, "length_m": 56.29, "is_bridged": false, "is_bridge": true, "edge_betweenness": 0.0, "width_m": 8.52}}, {"type": "Feature", "geometry": {"type": "LineString", "coordinates": [[73.837402, 15.496744], [73.837332, 15.496744]]}, "properties": {"feature_type": "edge", "u": 356, "v": 357, "edge_key": 0, "length_m": 7.5, "is_bridged": false, "is_bridge": false, "edge_betweenness": 0.0, "width_m": 4.854}}, {"type": "Feature", "geometry": {"type": "LineString", "coordinates": [[73.837402, 15.496744], [73.837416, 15.49669], [73.837388, 15.496636]]}, "properties": {"feature_type": "edge", "u": 356, "v": 360, "edge_key": 0, "length_m": 13.062, "is_bridged": false, "is_bridge": false, "edge_betweenness": 0.0, "width_m": 7.839}}, {"type": "Feature", "geometry": {"type": "LineString", "coordinates": [[73.837332, 15.496744], [73.837332, 15.496676], [73.837388, 15.496636]]}, "properties": {"feature_type": "edge", "u": 357, "v": 360, "edge_key": 0, "length_m": 15.03, "is_bridged": false, "is_bridge": false, "edge_betweenness": 0.0, "width_m": 7.415}}, {"type": "Feature", "geometry": {"type": "LineString", "coordinates": [[73.835612, 15.496721], [73.835598, 15.496653], [73.835209, 15.496272], [73.835084, 15.496162], [73.835028, 15.496149]]}, "properties": {"feature_type": "edge", "u": 358, "v": 381, "edge_key": 0, "length_m": 92.61, "is_bridged": false, "is_bridge": false, "edge_betweenness": 0.0, "width_m": 8.535}}, {"type": "Feature", "geometry": {"type": "LineString", "coordinates": [[73.837388, 15.496636], [73.837559, 15.496148], [73.837729, 15.49581], [73.837799, 15.495716]]}, "properties": {"feature_type": "edge", "u": 360, "v": 394, "edge_key": 0, "length_m": 119.086, "is_bridged": false, "is_bridge": false, "edge_betweenness": 0.0, "width_m": 15.119}}, {"type": "Feature", "geometry": {"type": "LineString", "coordinates": [[73.82693, 15.49658], [73.82693, 15.496553], [73.826805, 15.496431]]}, "properties": {"feature_type": "edge", "u": 361, "v": 366, "edge_key": 0, "length_m": 22.092, "is_bridged": false, "is_bridge": false, "edge_betweenness": 0.0, "width_m": 9.034}}, {"type": "Feature", "geometry": {"type": "LineString", "coordinates": [[73.825196, 15.496558], [73.825168, 15.496517], [73.825029, 15.496462], [73.824555, 15.496188], [73.824429, 15.496147]]}, "properties": {"feature_type": "edge", "u": 362, "v": 375, "edge_key": 0, "length_m": 101.684, "is_bridged": false, "is_bridge": false, "edge_betweenness": 0.0, "width_m": 8.464}}, {"type": "Feature", "geometry": {"type": "LineString", "coordinates": [[73.825196, 15.496558], [73.825368, 15.495745], [73.825425, 15.495569]]}, "properties": {"feature_type": "edge", "u": 362, "v": 399, "edge_key": 0, "length_m": 118.796, "is_bridged": false, "is_bridge": false, "edge_betweenness": 0.0, "width_m": 8.246}}, {"type": "Feature", "geometry": {"type": "LineString", "coordinates": [[73.836969, 15.496579], [73.836899, 15.496552], [73.836802, 15.496456]]}, "properties": {"feature_type": "edge", "u": 363, "v": 369, "edge_key": 0, "length_m": 23.325, "is_bridged": false, "is_bridge": false, "edge_betweenness": 0.0, "width_m": 8.695}}, {"type": "Feature", "geometry": {"type": "LineString", "coordinates": [[73.836969, 15.496579], [73.837165, 15.496553]]}, "properties": {"feature_type": "edge", "u": 363, "v": 364, "edge_key": 0, "length_m": 22.243, "is_bridged": false, "is_bridge": false, "edge_betweenness": 0.0, "width_m": 8.643}}, {"type": "Feature", "geometry": {"type": "LineString", "coordinates": [[73.837165, 15.496553], [73.837222, 15.496377], [73.837209, 15.496241]]}, "properties": {"feature_type": "edge", "u": 364, "v": 374, "edge_key": 0, "length_m": 37.607, "is_bridged": false, "is_bridge": false, "edge_betweenness": 0.0, "width_m": 9.241}}, {"type": "Feature", "geometry": {"type": "LineString", "coordinates": [[73.823491, 15.496427], [73.823491, 15.496372]]}, "properties": {"feature_type": "edge", "u": 365, "v": 368, "edge_key": 0, "length_m": 6.0, "is_bridged": false, "is_bridge": false, "edge_betweenness": 0.0, "width_m": 10.211}}, {"type": "Feature", "geometry": {"type": "LineString", "coordinates": [[73.826805, 15.496431], [73.826651, 15.496321], [73.826568, 15.496294]]}, "properties": {"feature_type": "edge", "u": 366, "v": 371, "edge_key": 0, "length_m": 31.713, "is_bridged": false, "is_bridge": false, "edge_betweenness": 0.0, "width_m": 8.709}}, {"type": "Feature", "geometry": {"type": "LineString", "coordinates": [[73.826805, 15.496431], [73.827114, 15.496039], [73.827143, 15.495971], [73.827115, 15.49589]]}, "properties": {"feature_type": "edge", "u": 366, "v": 387, "edge_key": 0, "length_m": 75.887, "is_bridged": false, "is_bridge": false, "edge_betweenness": 0.0, "width_m": 8.753}}, {"type": "Feature", "geometry": {"type": "LineString", "coordinates": [[73.836508, 15.496482], [73.836802, 15.496456]]}, "properties": {"feature_type": "edge", "u": 367, "v": 369, "edge_key": 0, "length_m": 32.475, "is_bridged": false, "is_bridge": false, "edge_betweenness": 0.0, "width_m": 8.78}}, {"type": "Feature", "geometry": {"type": "LineString", "coordinates": [[73.836508, 15.496482], [73.836579, 15.496387], [73.836719, 15.496307], [73.836803, 15.496294]]}, "properties": {"feature_type": "edge", "u": 367, "v": 373, "edge_key": 0, "length_m": 41.689, "is_bridged": false, "is_bridge": false, "edge_betweenness": 0.0, "width_m": 8.781}}, {"type": "Feature", "geometry": {"type": "LineString", "coordinates": [[73.823491, 15.496372], [73.823393, 15.496345], [73.822961, 15.496085]]}, "properties": {"feature_type": "edge", "u": 368, "v": 380, "edge_key": 0, "length_m": 69.781, "is_bridged": false, "is_bridge": true, "edge_betweenness": 0.0, "width_m": 8.225}}, {"type": "Feature", "geometry": {"type": "LineString", "coordinates": [[73.823491, 15.496372], [73.823662, 15.495736]]}, "properties": {"feature_type": "edge", "u": 368, "v": 388, "edge_key": 0, "length_m": 77.956, "is_bridged": false, "is_bridge": false, "edge_betweenness": 0.0, "width_m": 7.967}}, {"type": "Feature", "geometry": {"type": "LineString", "coordinates": [[73.836802, 15.496456], [73.836803, 15.496294]]}, "properties": {"feature_type": "edge", "u": 369, "v": 373, "edge_key": 0, "length_m": 18.0, "is_bridged": false, "is_bridge": false, "edge_betweenness": 0.0, "width_m": 9.439}}, {"type": "Feature", "geometry": {"type": "LineString", "coordinates": [[73.826568, 15.496294], [73.826526, 15.496226], [73.826178, 15.495953], [73.826108, 15.495912], [73.826066, 15.495911]]}, "properties": {"feature_type": "edge", "u": 371, "v": 386, "edge_key": 0, "length_m": 72.887, "is_bridged": false, "is_bridge": false, "edge_betweenness": 0.0, "width_m": 8.519}}, {"type": "Feature", "geometry": {"type": "LineString", "coordinates": [[73.836803, 15.496294], [73.836915, 15.496199], [73.837027, 15.496173]]}, "properties": {"feature_type": "edge", "u": 373, "v": 379, "edge_key": 0, "length_m": 29.592, "is_bridged": false, "is_bridge": false, "edge_betweenness": 0.0, "width_m": 9.607}}, {"type": "Feature", "geometry": {"type": "LineString", "coordinates": [[73.837209, 15.496241], [73.837027, 15.496173]]}, "properties": {"feature_type": "edge", "u": 374, "v": 379, "edge_key": 0, "length_m": 22.607, "is_bridged": false, "is_bridge": false, "edge_betweenness": 0.0, "width_m": 8.498}}, {"type": "Feature", "geometry": {"type": "LineString", "coordinates": [[73.837209, 15.496241], [73.83721, 15.496038]]}, "properties": {"feature_type": "edge", "u": 374, "v": 385, "edge_key": 0, "length_m": 23.743, "is_bridged": false, "is_bridge": false, "edge_betweenness": 0.0, "width_m": 9.227}}, {"type": "Feature", "geometry": {"type": "LineString", "coordinates": [[73.824429, 15.496147], [73.824401, 15.496106], [73.824276, 15.496037], [73.82376, 15.495764], [73.823662, 15.495736]]}, "properties": {"feature_type": "edge", "u": 375, "v": 388, "edge_key": 0, "length_m": 101.751, "is_bridged": false, "is_bridge": false, "edge_betweenness": 0.0, "width_m": 8.508}}, {"type": "Feature", "geometry": {"type": "LineString", "coordinates": [[73.831462, 15.496157], [73.83184, 15.496145]]}, "properties": {"feature_type": "edge", "u": 377, "v": 378, "edge_key": 0, "length_m": 41.121, "is_bridged": false, "is_bridge": false, "edge_betweenness": 0.0, "width_m": 8.958}}, {"type": "Feature", "geometry": {"type": "LineString", "coordinates": [[73.831462, 15.496157], [73.831437, 15.495736], [73.831382, 15.495533], [73.831382, 15.495451]]}, "properties": {"feature_type": "edge", "u": 377, "v": 407, "edge_key": 0, "length_m": 81.728, "is_bridged": false, "is_bridge": false, "edge_betweenness": 0.0, "width_m": 8.477}}, {"type": "Feature", "geometry": {"type": "LineString", "coordinates": [[73.83184, 15.496145], [73.83183, 15.495454]]}, "properties": {"feature_type": "edge", "u": 378, "v": 408, "edge_key": 0, "length_m": 77.121, "is_bridged": false, "is_bridge": false, "edge_betweenness": 0.0, "width_m": 8.884}}, {"type": "Feature", "geometry": {"type": "LineString", "coordinates": [[73.837027, 15.496173], [73.837028, 15.496146], [73.837098, 15.496078], [73.837168, 15.496038], [73.83721, 15.496038]]}, "properties": {"feature_type": "edge", "u": 379, "v": 385, "edge_key": 0, "length_m": 27.471, "is_bridged": false, "is_bridge": false, "edge_betweenness": 0.0, "width_m": 8.71}}, {"type": "Feature", "geometry": {"type": "LineString", "coordinates": [[73.835028, 15.496149], [73.835014, 15.496094], [73.834569, 15.495672]]}, "properties": {"feature_type": "edge", "u": 381, "v": 398, "edge_key": 0, "length_m": 73.882, "is_bridged": false, "is_bridge": false, "edge_betweenness": 0.0, "width_m": 8.506}}, {"type": "Feature", "geometry": {"type": "LineString", "coordinates": [[73.83721, 15.496038], [73.83728, 15.495957], [73.837659, 15.495688], [73.837687, 15.495675], [73.837715, 15.495702]]}, "properties": {"feature_type": "edge", "u": 385, "v": 396, "edge_key": 0, "length_m": 72.63, "is_bridged": false, "is_bridge": false, "edge_betweenness": 0.0, "width_m": 8.342}}, {"type": "Feature", "geometry": {"type": "LineString", "coordinates": [[73.826066, 15.495911], [73.826067, 15.495884], [73.826025, 15.495843], [73.82583, 15.495734], [73.825802, 15.495693]]}, "properties": {"feature_type": "edge", "u": 386, "v": 391, "edge_key": 0, "length_m": 40.81, "is_bridged": false, "is_bridge": false, "edge_betweenness": 0.0, "width_m": 8.605}}, {"type": "Feature", "geometry": {"type": "LineString", "coordinates": [[73.827115, 15.49589], [73.827045, 15.495876], [73.826948, 15.495808], [73.826809, 15.495658]]}, "properties": {"feature_type": "edge", "u": 387, "v": 395, "edge_key": 0, "length_m": 44.441, "is_bridged": false, "is_bridge": false, "edge_betweenness": 0.0, "width_m": 8.277}}, {"type": "Feature", "geometry": {"type": "LineString", "coordinates": [[73.827115, 15.49589], [73.827116, 15.495795], [73.827061, 15.495551], [73.826992, 15.495455]]}, "properties": {"feature_type": "edge", "u": 387, "v": 404, "edge_key": 0, "length_m": 53.592, "is_bridged": false, "is_bridge": false, "edge_betweenness": 0.0, "width_m": 8.785}}, {"type": "Feature", "geometry": {"type": "LineString", "coordinates": [[73.823662, 15.495736], [73.823579, 15.495668], [73.822993, 15.495366], [73.822966, 15.495325]]}, "properties": {"feature_type": "edge", "u": 388, "v": 415, "edge_key": 0, "length_m": 94.518, "is_bridged": false, "is_bridge": true, "edge_betweenness": 0.0, "width_m": 8.269}}, {"type": "Feature", "geometry": {"type": "LineString", "coordinates": [[73.837841, 15.495797], [73.837813, 15.495797]]}, "properties": {"feature_type": "edge", "u": 389, "v": 619, "edge_key": 0, "length_m": 3.0, "is_bridged": false, "is_bridge": false, "edge_betweenness": 0.0, "width_m": 3.0}}, {"type": "Feature", "geometry": {"type": "LineString", "coordinates": [[73.837813, 15.495797], [73.837841, 15.495797]]}, "properties": {"feature_type": "edge", "u": 389, "v": 619, "edge_key": 1, "length_m": 3.0, "is_bridged": false, "is_bridge": false, "edge_betweenness": 0.0, "width_m": 3.0}}, {"type": "Feature", "geometry": {"type": "LineString", "coordinates": [[73.837841, 15.495797], [73.837799, 15.495716]]}, "properties": {"feature_type": "edge", "u": 389, "v": 394, "edge_key": 0, "length_m": 10.33, "is_bridged": false, "is_bridge": false, "edge_betweenness": 0.0, "width_m": 9.724}}, {"type": "Feature", "geometry": {"type": "LineString", "coordinates": [[73.838749, 15.495816], [73.838679, 15.495815], [73.83854, 15.49576], [73.838288, 15.495705]]}, "properties": {"feature_type": "edge", "u": 390, "v": 397, "edge_key": 0, "length_m": 54.203, "is_bridged": false, "is_bridge": false, "edge_betweenness": 0.0, "width_m": 8.376}}, {"type": "Feature", "geometry": {"type": "LineString", "coordinates": [[73.838749, 15.495816], [73.83875, 15.495775], [73.838652, 15.495625], [73.838556, 15.495408]]}, "properties": {"feature_type": "edge", "u": 390, "v": 414, "edge_key": 0, "length_m": 53.431, "is_bridged": false, "is_bridge": false, "edge_betweenness": 0.0, "width_m": 8.308}}, {"type": "Feature", "geometry": {"type": "LineString", "coordinates": [[73.825802, 15.495693], [73.825732, 15.495693], [73.825425, 15.495569]]}, "properties": {"feature_type": "edge", "u": 391, "v": 399, "edge_key": 0, "length_m": 45.825, "is_bridged": false, "is_bridge": false, "edge_betweenness": 0.0, "width_m": 8.403}}, {"type": "Feature", "geometry": {"type": "LineString", "coordinates": [[73.825802, 15.495693], [73.825802, 15.495652], [73.825972, 15.495274]]}, "properties": {"feature_type": "edge", "u": 391, "v": 418, "edge_key": 0, "length_m": 53.689, "is_bridged": false, "is_bridge": false, "edge_betweenness": 0.0, "width_m": 8.368}}, {"type": "Feature", "geometry": {"type": "LineString", "coordinates": [[73.834443, 15.495725], [73.834332, 15.49563]]}, "properties": {"feature_type": "edge", "u": 392, "v": 400, "edge_key": 0, "length_m": 16.349, "is_bridged": false, "is_bridge": false, "edge_betweenness": 0.0, "width_m": 8.913}}, {"type": "Feature", "geometry": {"type": "LineString", "coordinates": [[73.834443, 15.495725], [73.834569, 15.495672]]}, "properties": {"feature_type": "edge", "u": 392, "v": 398, "edge_key": 0, "length_m": 15.451, "is_bridged": false, "is_bridge": false, "edge_betweenness": 0.0, "width_m": 8.808}}, {"type": "Feature", "geometry": {"type": "LineString", "coordinates": [[73.838162, 15.495731], [73.838051, 15.49569], [73.837912, 15.495594]]}, "properties": {"feature_type": "edge", "u": 393, "v": 402, "edge_key": 0, "length_m": 32.946, "is_bridged": false, "is_bridge": false, "edge_betweenness": 0.0, "width_m": 9.402}}, {"type": "Feature", "geometry": {"type": "LineString", "coordinates": [[73.838162, 15.495731], [73.838219, 15.495704], [73.838288, 15.495705]]}, "properties": {"feature_type": "edge", "u": 393, "v": 397, "edge_key": 0, "length_m": 14.475, "is_bridged": false, "is_bridge": false, "edge_betweenness": 0.0, "width_m": 9.742}}, {"type": "Feature", "geometry": {"type": "LineString", "coordinates": [[73.837799, 15.495716], [73.837715, 15.495702]]}, "properties": {"feature_type": "edge", "u": 394, "v": 396, "edge_key": 0, "length_m": 9.354, "is_bridged": false, "is_bridge": false, "edge_betweenness": 0.0, "width_m": 9.05}}, {"type": "Feature", "geometry": {"type": "LineString", "coordinates": [[73.837799, 15.495716], [73.837855, 15.495621], [73.837912, 15.495594]]}, "properties": {"feature_type": "edge", "u": 394, "v": 402, "edge_key": 0, "length_m": 19.961, "is_bridged": false, "is_bridge": false, "edge_betweenness": 0.0, "width_m": 21.4}}, {"type": "Feature", "geometry": {"type": "LineString", "coordinates": [[73.826809, 15.495658], [73.826739, 15.495644], [73.826418, 15.495466], [73.825972, 15.495274]]}, "properties": {"feature_type": "edge", "u": 395, "v": 418, "edge_key": 0, "length_m": 107.13, "is_bridged": false, "is_bridge": false, "edge_betweenness": 0.0, "width_m": 8.346}}, {"type": "Feature", "geometry": {"type": "LineString", "coordinates": [[73.826809, 15.495658], [73.826922, 15.495509], [73.826992, 15.495455]]}, "properties": {"feature_type": "edge", "u": 395, "v": 404, "edge_key": 0, "length_m": 31.122, "is_bridged": false, "is_bridge": false, "edge_betweenness": 0.0, "width_m": 8.878}}, {"type": "Feature", "geometry": {"type": "LineString", "coordinates": [[73.837715, 15.495702], [73.837715, 15.495715]]}, "properties": {"feature_type": "edge", "u": 396, "v": 620, "edge_key": 0, "length_m": 1.5, "is_bridged": false, "is_bridge": false, "edge_betweenness": 0.0, "width_m": 1.0}}, {"type": "Feature", "geometry": {"type": "LineString", "coordinates": [[73.837715, 15.495715], [73.837715, 15.495702]]}, "properties": {"feature_type": "edge", "u": 396, "v": 620, "edge_key": 1, "length_m": 1.5, "is_bridged": false, "is_bridge": false, "edge_betweenness": 0.0, "width_m": 1.0}}, {"type": "Feature", "geometry": {"type": "LineString", "coordinates": [[73.838288, 15.495705], [73.838359, 15.495556], [73.838374, 15.495407]]}, "properties": {"feature_type": "edge", "u": 397, "v": 416, "edge_key": 0, "length_m": 36.461, "is_bridged": false, "is_bridge": false, "edge_betweenness": 0.0, "width_m": 8.82}}, {"type": "Feature", "geometry": {"type": "LineString", "coordinates": [[73.834569, 15.495672], [73.83457, 15.495577], [73.834542, 15.495509]]}, "properties": {"feature_type": "edge", "u": 398, "v": 405, "edge_key": 0, "length_m": 19.243, "is_bridged": false, "is_bridge": false, "edge_betweenness": 0.0, "width_m": 9.057}}, {"type": "Feature", "geometry": {"type": "LineString", "coordinates": [[73.825425, 15.495569], [73.825397, 15.495542], [73.824727, 15.495321], [73.824658, 15.495294], [73.824644, 15.495267]]}, "properties": {"feature_type": "edge", "u": 399, "v": 417, "edge_key": 0, "length_m": 98.281, "is_bridged": false, "is_bridge": false, "edge_betweenness": 0.0, "width_m": 8.229}}, {"type": "Feature", "geometry": {"type": "LineString", "coordinates": [[73.825425, 15.495569], [73.825525, 15.495271], [73.825539, 15.495163]]}, "properties": {"feature_type": "edge", "u": 399, "v": 422, "edge_key": 0, "length_m": 49.436, "is_bridged": false, "is_bridge": false, "edge_betweenness": 0.0, "width_m": 8.633}}, {"type": "Feature", "geometry": {"type": "LineString", "coordinates": [[73.834332, 15.49563], [73.834375, 15.495481]]}, "properties": {"feature_type": "edge", "u": 400, "v": 406, "edge_key": 0, "length_m": 18.097, "is_bridged": false, "is_bridge": false, "edge_betweenness": 0.0, "width_m": 8.992}}, {"type": "Feature", "geometry": {"type": "LineString", "coordinates": [[73.835422, 15.495635], [73.835186, 15.495404], [73.83506, 15.495403], [73.834823, 15.49528], [73.834753, 15.495293], [73.834542, 15.495509]]}, "properties": {"feature_type": "edge", "u": 401, "v": 405, "edge_key": 0, "length_m": 124.217, "is_bridged": false, "is_bridge": true, "edge_betweenness": 0.0, "width_m": 8.377}}, {"type": "Feature", "geometry": {"type": "LineString", "coordinates": [[73.837912, 15.495594], [73.837926, 15.4955], [73.838067, 15.495297], [73.838109, 15.49527], [73.838207, 15.495257]]}, "properties": {"feature_type": "edge", "u": 402, "v": 421, "edge_key": 0, "length_m": 56.226, "is_bridged": false, "is_bridge": false, "edge_betweenness": 0.0, "width_m": 14.447}}, {"type": "Feature", "geometry": {"type": "LineString", "coordinates": [[73.828446, 15.495531], [73.828195, 15.495272], [73.827863, 15.494619], [73.827377, 15.494115], [73.827085, 15.493734]]}, "properties": {"feature_type": "edge", "u": 403, "v": 460, "edge_key": 0, "length_m": 258.889, "is_bridged": false, "is_bridge": true, "edge_betweenness": 0.0, "width_m": 8.213}}, {"type": "Feature", "geometry": {"type": "LineString", "coordinates": [[73.826992, 15.495455], [73.826936, 15.495428], [73.8267, 15.495142], [73.82631, 15.494909], [73.826226, 15.494868], [73.82617, 15.494868]]}, "properties": {"feature_type": "edge", "u": 404, "v": 431, "edge_key": 0, "length_m": 118.354, "is_bridged": false, "is_bridge": false, "edge_betweenness": 0.0, "width_m": 8.578}}, {"type": "Feature", "geometry": {"type": "LineString", "coordinates": [[73.826992, 15.495455], [73.82702, 15.495442], [73.82702, 15.495388], [73.826911, 15.494994], [73.826911, 15.494899], [73.826953, 15.494859], [73.827023, 15.494845], [73.827051, 15.494873], [73.82712, 15.495009], [73.827175, 15.495212], [73.827231, 15.495267], [73.8273, 15.495267], [73.827385, 15.495227]]}, "properties": {"feature_type": "edge", "u": 404, "v": 419, "edge_key": 0, "length_m": 156.994, "is_bridged": false, "is_bridge": false, "edge_betweenness": 0.0, "width_m": 8.101}}, {"type": "Feature", "geometry": {"type": "LineString", "coordinates": [[73.834542, 15.495509], [73.834444, 15.495481]]}, "properties": {"feature_type": "edge", "u": 405, "v": 409, "edge_key": 0, "length_m": 11.743, "is_bridged": false, "is_bridge": false, "edge_betweenness": 0.0, "width_m": 9.75}}, {"type": "Feature", "geometry": {"type": "LineString", "coordinates": [[73.834375, 15.495481], [73.833526, 15.494663], [73.833619, 15.49309]]}, "properties": {"feature_type": "edge", "u": 406, "v": 488, "edge_key": 0, "length_m": 307.386, "is_bridged": false, "is_bridge": false, "edge_betweenness": 0.0, "width_m": 8.615}}, {"type": "Feature", "geometry": {"type": "LineString", "coordinates": [[73.834375, 15.495481], [73.834444, 15.495481]]}, "properties": {"feature_type": "edge", "u": 406, "v": 409, "edge_key": 0, "length_m": 7.5, "is_bridged": false, "is_bridge": false, "edge_betweenness": 0.0, "width_m": 9.993}}, {"type": "Feature", "geometry": {"type": "LineString", "coordinates": [[73.831382, 15.495451], [73.831326, 15.495451]]}, "properties": {"feature_type": "edge", "u": 407, "v": 412, "edge_key": 0, "length_m": 6.0, "is_bridged": false, "is_bridge": false, "edge_betweenness": 0.0, "width_m": 9.325}}, {"type": "Feature", "geometry": {"type": "LineString", "coordinates": [[73.831382, 15.495451], [73.831466, 15.495452]]}, "properties": {"feature_type": "edge", "u": 407, "v": 413, "edge_key": 0, "length_m": 9.0, "is_bridged": false, "is_bridge": false, "edge_betweenness": 0.0, "width_m": 9.097}}, {"type": "Feature", "geometry": {"type": "LineString", "coordinates": [[73.83183, 15.495454], [73.831466, 15.495452]]}, "properties": {"feature_type": "edge", "u": 408, "v": 413, "edge_key": 0, "length_m": 39.0, "is_bridged": false, "is_bridge": false, "edge_betweenness": 0.0, "width_m": 9.019}}, {"type": "Feature", "geometry": {"type": "LineString", "coordinates": [[73.83183, 15.495454], [73.831876, 15.49479]]}, "properties": {"feature_type": "edge", "u": 408, "v": 433, "edge_key": 0, "length_m": 75.364, "is_bridged": false, "is_bridge": false, "edge_betweenness": 0.0, "width_m": 8.675}}, {"type": "Feature", "geometry": {"type": "LineString", "coordinates": [[73.834444, 15.495481], [73.834461, 15.494993], [73.834532, 15.494871], [73.835165, 15.494116], [73.835658, 15.493589], [73.835714, 15.493481]]}, "properties": {"feature_type": "edge", "u": 409, "v": 474, "edge_key": 0, "length_m": 277.919, "is_bridged": false, "is_bridge": false, "edge_betweenness": 0.0, "width_m": 8.59}}, {"type": "Feature", "geometry": {"type": "LineString", "coordinates": [[73.830376, 15.495446], [73.830683, 15.495448]]}, "properties": {"feature_type": "edge", "u": 410, "v": 411, "edge_key": 0, "length_m": 33.0, "is_bridged": false, "is_bridge": true, "edge_betweenness": 0.0, "width_m": 8.977}}, {"type": "Feature", "geometry": {"type": "LineString", "coordinates": [[73.830683, 15.495448], [73.831326, 15.495451]]}, "properties": {"feature_type": "edge", "u": 411, "v": 412, "edge_key": 0, "length_m": 69.0, "is_bridged": false, "is_bridge": false, "edge_betweenness": 0.0, "width_m": 9.0}}, {"type": "Feature", "geometry": {"type": "LineString", "coordinates": [[73.830683, 15.495448], [73.830658, 15.495054], [73.830659, 15.494729], [73.830687, 15.494716]]}, "properties": {"feature_type": "edge", "u": 411, "v": 438, "edge_key": 0, "length_m": 84.097, "is_bridged": false, "is_bridge": false, "edge_betweenness": 0.0, "width_m": 8.592}}, {"type": "Feature", "geometry": {"type": "LineString", "coordinates": [[73.831326, 15.495451], [73.831327, 15.495397], [73.831188, 15.495206], [73.831174, 15.495152]]}, "properties": {"feature_type": "edge", "u": 412, "v": 425, "edge_key": 0, "length_m": 39.835, "is_bridged": false, "is_bridge": false, "edge_betweenness": 0.0, "width_m": 8.478}}, {"type": "Feature", "geometry": {"type": "LineString", "coordinates": [[73.831466, 15.495452], [73.831496, 15.49514]]}, "properties": {"feature_type": "edge", "u": 413, "v": 426, "edge_key": 0, "length_m": 35.743, "is_bridged": false, "is_bridge": false, "edge_betweenness": 0.0, "width_m": 8.607}}, {"type": "Feature", "geometry": {"type": "LineString", "coordinates": [[73.838556, 15.495408], [73.838374, 15.495407]]}, "properties": {"feature_type": "edge", "u": 414, "v": 416, "edge_key": 0, "length_m": 20.475, "is_bridged": false, "is_bridge": false, "edge_betweenness": 0.0, "width_m": 9.465}}, {"type": "Feature", "geometry": {"type": "LineString", "coordinates": [[73.838556, 15.495408], [73.838556, 15.495286], [73.838529, 15.495231]]}, "properties": {"feature_type": "edge", "u": 414, "v": 423, "edge_key": 0, "length_m": 20.743, "is_bridged": false, "is_bridge": false, "edge_betweenness": 0.0, "width_m": 8.859}}, {"type": "Feature", "geometry": {"type": "LineString", "coordinates": [[73.838374, 15.495407], [73.83836, 15.49538], [73.83829, 15.495352], [73.838207, 15.495257]]}, "properties": {"feature_type": "edge", "u": 416, "v": 421, "edge_key": 0, "length_m": 26.325, "is_bridged": false, "is_bridge": false, "edge_betweenness": 0.0, "width_m": 8.294}}, {"type": "Feature", "geometry": {"type": "LineString", "coordinates": [[73.838374, 15.495407], [73.838445, 15.495285], [73.838501, 15.495231], [73.838529, 15.495231]]}, "properties": {"feature_type": "edge", "u": 416, "v": 423, "edge_key": 0, "length_m": 27.825, "is_bridged": false, "is_bridge": false, "edge_betweenness": 0.0, "width_m": 8.89}}, {"type": "Feature", "geometry": {"type": "LineString", "coordinates": [[73.824644, 15.495267], [73.82456, 15.495266], [73.824448, 15.495225], [73.824266, 15.495224], [73.824084, 15.495304], [73.82379, 15.495384], [73.823525, 15.495383], [73.82305, 15.495177], [73.822967, 15.495122]]}, "properties": {"feature_type": "edge", "u": 417, "v": 424, "edge_key": 0, "length_m": 201.125, "is_bridged": false, "is_bridge": true, "edge_betweenness": 0.0, "width_m": 8.231}}, {"type": "Feature", "geometry": {"type": "LineString", "coordinates": [[73.824644, 15.495267], [73.824717, 15.494684], [73.82476, 15.494549]]}, "properties": {"feature_type": "edge", "u": 417, "v": 442, "edge_key": 0, "length_m": 84.471, "is_bridged": false, "is_bridge": false, "edge_betweenness": 0.0, "width_m": 8.333}}, {"type": "Feature", "geometry": {"type": "LineString", "coordinates": [[73.825972, 15.495274], [73.825623, 15.495163], [73.825539, 15.495163]]}, "properties": {"feature_type": "edge", "u": 418, "v": 422, "edge_key": 0, "length_m": 51.203, "is_bridged": false, "is_bridge": false, "edge_betweenness": 0.0, "width_m": 8.457}}, {"type": "Feature", "geometry": {"type": "LineString", "coordinates": [[73.825972, 15.495274], [73.826, 15.49526], [73.826, 15.49522], [73.82617, 15.494868]]}, "properties": {"feature_type": "edge", "u": 418, "v": 431, "edge_key": 0, "length_m": 54.043, "is_bridged": false, "is_bridge": false, "edge_betweenness": 0.0, "width_m": 8.275}}, {"type": "Feature", "geometry": {"type": "LineString", "coordinates": [[73.827385, 15.495227], [73.827371, 15.495145], [73.827038, 15.494683], [73.827038, 15.494642]]}, "properties": {"feature_type": "edge", "u": 419, "v": 439, "edge_key": 0, "length_m": 80.033, "is_bridged": false, "is_bridge": true, "edge_betweenness": 0.0, "width_m": 8.335}}, {"type": "Feature", "geometry": {"type": "LineString", "coordinates": [[73.829957, 15.495227], [73.829874, 15.495227], [73.829748, 15.495172], [73.829345, 15.494709], [73.829234, 15.494518], [73.829235, 15.494383], [73.829361, 15.494288], [73.82939, 15.494234], [73.829391, 15.494099], [73.829171, 15.493433]]}, "properties": {"feature_type": "edge", "u": 420, "v": 475, "edge_key": 0, "length_m": 258.507, "is_bridged": false, "is_bridge": true, "edge_betweenness": 0.0, "width_m": 8.128}}, {"type": "Feature", "geometry": {"type": "LineString", "coordinates": [[73.829957, 15.495227], [73.83007, 15.495092], [73.830098, 15.495011], [73.830127, 15.494902], [73.830114, 15.49474]]}, "properties": {"feature_type": "edge", "u": 420, "v": 437, "edge_key": 0, "length_m": 62.077, "is_bridged": false, "is_bridge": true, "edge_betweenness": 0.0, "width_m": 8.313}}, {"type": "Feature", "geometry": {"type": "LineString", "coordinates": [[73.829957, 15.495227], [73.829942, 15.495498], [73.830051, 15.495987], [73.830051, 15.496082], [73.830079, 15.496135], [73.830035, 15.496285], [73.830063, 15.49638], [73.830061, 15.496624], [73.830004, 15.496827], [73.829907, 15.496838], [73.82978, 15.496962], [73.82971, 15.496988], [73.829598, 15.496988], [73.829528, 15.49692], [73.829515, 15.496865], [73.829459, 15.496797], [73.829069, 15.49651], [73.827956, 15.495569], [73.827733, 15.495446], [73.827566, 15.495269], [73.827566, 15.495241], [73.827178, 15.494643], [73.827109, 15.494588], [73.827067, 15.494602], [73.827038, 15.494642]]}, "properties": {"feature_type": "edge", "u": 420, "v": 439, "edge_key": 0, "length_m": 647.219, "is_bridged": true, "is_bridge": true, "edge_betweenness": 0.0, "width_m": 8.3}}, {"type": "Feature", "geometry": {"type": "LineString", "coordinates": [[73.838207, 15.495257], [73.838193, 15.495284]]}, "properties": {"feature_type": "edge", "u": 421, "v": 621, "edge_key": 0, "length_m": 3.354, "is_bridged": false, "is_bridge": false, "edge_betweenness": 0.0, "width_m": 1.0}}, {"type": "Feature", "geometry": {"type": "LineString", "coordinates": [[73.838193, 15.495284], [73.838207, 15.495257]]}, "properties": {"feature_type": "edge", "u": 421, "v": 621, "edge_key": 1, "length_m": 3.354, "is_bridged": false, "is_bridge": false, "edge_betweenness": 0.0, "width_m": 1.0}}, {"type": "Feature", "geometry": {"type": "LineString", "coordinates": [[73.838207, 15.495257], [73.838221, 15.49523]]}, "properties": {"feature_type": "edge", "u": 421, "v": 622, "edge_key": 0, "length_m": 3.354, "is_bridged": false, "is_bridge": false, "edge_betweenness": 0.0, "width_m": 1.0}}, {"type": "Feature", "geometry": {"type": "LineString", "coordinates": [[73.838221, 15.49523], [73.838207, 15.495257]]}, "properties": {"feature_type": "edge", "u": 421, "v": 622, "edge_key": 1, "length_m": 3.354, "is_bridged": false, "is_bridge": false, "edge_betweenness": 0.0, "width_m": 1.0}}, {"type": "Feature", "geometry": {"type": "LineString", "coordinates": [[73.838207, 15.495257], [73.838277, 15.495257], [73.838432, 15.495123], [73.838432, 15.495095]]}, "properties": {"feature_type": "edge", "u": 421, "v": 428, "edge_key": 0, "length_m": 33.213, "is_bridged": false, "is_bridge": false, "edge_betweenness": 0.0, "width_m": 8.053}}, {"type": "Feature", "geometry": {"type": "LineString", "coordinates": [[73.838207, 15.495257], [73.838151, 15.49523], [73.838222, 15.495067]]}, "properties": {"feature_type": "edge", "u": 421, "v": 429, "edge_key": 0, "length_m": 27.548, "is_bridged": false, "is_bridge": false, "edge_betweenness": 0.0, "width_m": 13.786}}, {"type": "Feature", "geometry": {"type": "LineString", "coordinates": [[73.825539, 15.495163], [73.825511, 15.495149], [73.825512, 15.494973], [73.825429, 15.49481], [73.825374, 15.494647], [73.825375, 15.494565]]}, "properties": {"feature_type": "edge", "u": 422, "v": 441, "edge_key": 0, "length_m": 74.067, "is_bridged": false, "is_bridge": false, "edge_betweenness": 0.0, "width_m": 8.313}}, {"type": "Feature", "geometry": {"type": "LineString", "coordinates": [[73.838529, 15.495231], [73.838543, 15.495177], [73.838726, 15.495002], [73.839189, 15.494625], [73.841154, 15.493306], [73.841354, 15.493111], [73.841505, 15.493078], [73.842024, 15.492741], [73.842039, 15.492701]]}, "properties": {"feature_type": "edge", "u": 423, "v": 523, "edge_key": 0, "length_m": 496.298, "is_bridged": true, "is_bridge": true, "edge_betweenness": 0.0, "width_m": 8.326}}, {"type": "Feature", "geometry": {"type": "LineString", "coordinates": [[73.831174, 15.495152], [73.831119, 15.495098]]}, "properties": {"feature_type": "edge", "u": 425, "v": 427, "edge_key": 0, "length_m": 9.364, "is_bridged": false, "is_bridge": false, "edge_betweenness": 0.0, "width_m": 10.571}}, {"type": "Feature", "geometry": {"type": "LineString", "coordinates": [[73.831174, 15.495152], [73.831496, 15.49514]]}, "properties": {"feature_type": "edge", "u": 425, "v": 426, "edge_key": 0, "length_m": 35.121, "is_bridged": false, "is_bridge": false, "edge_betweenness": 0.0, "width_m": 8.804}}, {"type": "Feature", "geometry": {"type": "LineString", "coordinates": [[73.831496, 15.49514], [73.831554, 15.494774]]}, "properties": {"feature_type": "edge", "u": 426, "v": 434, "edge_key": 0, "length_m": 42.985, "is_bridged": false, "is_bridge": false, "edge_betweenness": 0.0, "width_m": 8.541}}, {"type": "Feature", "geometry": {"type": "LineString", "coordinates": [[73.831119, 15.495098], [73.831007, 15.495029], [73.830826, 15.494852], [73.830785, 15.494757]]}, "properties": {"feature_type": "edge", "u": 427, "v": 435, "edge_key": 0, "length_m": 54.781, "is_bridged": false, "is_bridge": false, "edge_betweenness": 0.0, "width_m": 8.579}}, {"type": "Feature", "geometry": {"type": "LineString", "coordinates": [[73.831119, 15.495098], [73.831147, 15.49503], [73.831163, 15.494745]]}, "properties": {"feature_type": "edge", "u": 427, "v": 436, "edge_key": 0, "length_m": 40.864, "is_bridged": false, "is_bridge": false, "edge_betweenness": 0.0, "width_m": 8.831}}, {"type": "Feature", "geometry": {"type": "LineString", "coordinates": [[73.838432, 15.495095], [73.838362, 15.495027], [73.838362, 15.494973]]}, "properties": {"feature_type": "edge", "u": 428, "v": 430, "edge_key": 0, "length_m": 16.607, "is_bridged": false, "is_bridge": false, "edge_betweenness": 0.0, "width_m": 9.17}}, {"type": "Feature", "geometry": {"type": "LineString", "coordinates": [[73.841197, 15.49313], [73.841113, 15.493211], [73.840538, 15.493588], [73.840456, 15.493713], [73.840257, 15.493776], [73.839162, 15.494516], [73.838488, 15.495082], [73.838432, 15.495095]]}, "properties": {"feature_type": "edge", "u": 428, "v": 489, "edge_key": 0, "length_m": 388.604, "is_bridged": true, "is_bridge": true, "edge_betweenness": 0.0, "width_m": 8.288}}, {"type": "Feature", "geometry": {"type": "LineString", "coordinates": [[73.838222, 15.495067], [73.83818, 15.49504], [73.838153, 15.494945], [73.837986, 15.494713]]}, "properties": {"feature_type": "edge", "u": 429, "v": 432, "edge_key": 0, "length_m": 48.464, "is_bridged": false, "is_bridge": false, "edge_betweenness": 0.0, "width_m": 8.489}}, {"type": "Feature", "geometry": {"type": "LineString", "coordinates": [[73.838222, 15.495067], [73.83825, 15.495067], [73.838362, 15.494973]]}, "properties": {"feature_type": "edge", "u": 429, "v": 430, "edge_key": 0, "length_m": 18.945, "is_bridged": false, "is_bridge": false, "edge_betweenness": 0.0, "width_m": 10.02}}, {"type": "Feature", "geometry": {"type": "LineString", "coordinates": [[73.838362, 15.494973], [73.83832, 15.494986], [73.838223, 15.494877], [73.837986, 15.494713]]}, "properties": {"feature_type": "edge", "u": 430, "v": 432, "edge_key": 0, "length_m": 52.593, "is_bridged": false, "is_bridge": false, "edge_betweenness": 0.0, "width_m": 7.884}}, {"type": "Feature", "geometry": {"type": "LineString", "coordinates": [[73.838362, 15.494973], [73.838658, 15.494703], [73.839079, 15.494394], [73.840286, 15.493614], [73.840328, 15.49356], [73.840384, 15.493546], [73.840595, 15.493398], [73.840622, 15.493398]]}, "properties": {"feature_type": "edge", "u": 430, "v": 479, "edge_key": 0, "length_m": 308.699, "is_bridged": false, "is_bridge": true, "edge_betweenness": 0.0, "width_m": 10.705}}, {"type": "Feature", "geometry": {"type": "LineString", "coordinates": [[73.82617, 15.494868], [73.826129, 15.494813], [73.825626, 15.49458], [73.825375, 15.494565]]}, "properties": {"feature_type": "edge", "u": 431, "v": 441, "edge_key": 0, "length_m": 99.781, "is_bridged": false, "is_bridge": false, "edge_betweenness": 0.0, "width_m": 8.536}}, {"type": "Feature", "geometry": {"type": "LineString", "coordinates": [[73.837986, 15.494713], [73.837472, 15.494182], [73.837431, 15.494046], [73.837375, 15.494005], [73.837333, 15.494005]]}, "properties": {"feature_type": "edge", "u": 432, "v": 453, "edge_key": 0, "length_m": 110.293, "is_bridged": false, "is_bridge": false, "edge_betweenness": 0.0, "width_m": 12.541}}, {"type": "Feature", "geometry": {"type": "LineString", "coordinates": [[73.831876, 15.49479], [73.831554, 15.494774]]}, "properties": {"feature_type": "edge", "u": 433, "v": 434, "edge_key": 0, "length_m": 35.121, "is_bridged": false, "is_bridge": false, "edge_betweenness": 0.0, "width_m": 8.819}}, {"type": "Feature", "geometry": {"type": "LineString", "coordinates": [[73.831876, 15.49479], [73.831966, 15.493705]]}, "properties": {"feature_type": "edge", "u": 433, "v": 464, "edge_key": 0, "length_m": 123.728, "is_bridged": false, "is_bridge": false, "edge_betweenness": 0.0, "width_m": 8.72}}, {"type": "Feature", "geometry": {"type": "LineString", "coordinates": [[73.831554, 15.494774], [73.831163, 15.494745]]}, "properties": {"feature_type": "edge", "u": 434, "v": 436, "edge_key": 0, "length_m": 43.243, "is_bridged": false, "is_bridge": false, "edge_betweenness": 0.0, "width_m": 8.717}}, {"type": "Feature", "geometry": {"type": "LineString", "coordinates": [[73.830785, 15.494757], [73.830687, 15.494716]]}, "properties": {"feature_type": "edge", "u": 435, "v": 438, "edge_key": 0, "length_m": 12.097, "is_bridged": false, "is_bridge": false, "edge_betweenness": 0.0, "width_m": 9.542}}, {"type": "Feature", "geometry": {"type": "LineString", "coordinates": [[73.830785, 15.494757], [73.831163, 15.494745]]}, "properties": {"feature_type": "edge", "u": 435, "v": 436, "edge_key": 0, "length_m": 41.121, "is_bridged": false, "is_bridge": false, "edge_betweenness": 0.0, "width_m": 9.223}}, {"type": "Feature", "geometry": {"type": "LineString", "coordinates": [[73.831163, 15.494745], [73.831265, 15.493946], [73.831252, 15.493851]]}, "properties": {"feature_type": "edge", "u": 436, "v": 457, "edge_key": 0, "length_m": 103.703, "is_bridged": false, "is_bridge": false, "edge_betweenness": 0.0, "width_m": 8.564}}, {"type": "Feature", "geometry": {"type": "LineString", "coordinates": [[73.830687, 15.494716], [73.830537, 15.494159]]}, "properties": {"feature_type": "edge", "u": 438, "v": 448, "edge_key": 0, "length_m": 67.8, "is_bridged": false, "is_bridge": false, "edge_betweenness": 0.0, "width_m": 8.126}}, {"type": "Feature", "geometry": {"type": "LineString", "coordinates": [[73.827038, 15.494642], [73.826982, 15.494642], [73.826857, 15.494573], [73.826536, 15.494477], [73.826397, 15.494367], [73.826258, 15.49419]]}, "properties": {"feature_type": "edge", "u": 439, "v": 446, "edge_key": 0, "length_m": 107.14, "is_bridged": false, "is_bridge": true, "edge_betweenness": 0.0, "width_m": 8.354}}, {"type": "Feature", "geometry": {"type": "LineString", "coordinates": [[73.825375, 15.494565], [73.824872, 15.494536]]}, "properties": {"feature_type": "edge", "u": 441, "v": 443, "edge_key": 0, "length_m": 55.243, "is_bridged": false, "is_bridge": false, "edge_betweenness": 0.0, "width_m": 8.921}}, {"type": "Feature", "geometry": {"type": "LineString", "coordinates": [[73.82476, 15.494549], [73.824872, 15.494536]]}, "properties": {"feature_type": "edge", "u": 442, "v": 443, "edge_key": 0, "length_m": 12.354, "is_bridged": false, "is_bridge": false, "edge_betweenness": 0.0, "width_m": 8.996}}, {"type": "Feature", "geometry": {"type": "LineString", "coordinates": [[73.82476, 15.494549], [73.824649, 15.494385], [73.824539, 15.494059], [73.824471, 15.493679]]}, "properties": {"feature_type": "edge", "u": 442, "v": 462, "edge_key": 0, "length_m": 108.781, "is_bridged": false, "is_bridge": true, "edge_betweenness": 0.0, "width_m": 8.106}}, {"type": "Feature", "geometry": {"type": "LineString", "coordinates": [[73.824872, 15.494536], [73.824872, 15.494427], [73.824944, 15.494061]]}, "properties": {"feature_type": "edge", "u": 443, "v": 451, "edge_key": 0, "length_m": 55.607, "is_bridged": false, "is_bridge": true, "edge_betweenness": 0.0, "width_m": 8.262}}, {"type": "Feature", "geometry": {"type": "LineString", "coordinates": [[73.830143, 15.49455], [73.830117, 15.494252]]}, "properties": {"feature_type": "edge", "u": 444, "v": 445, "edge_key": 0, "length_m": 34.243, "is_bridged": false, "is_bridge": true, "edge_betweenness": 0.0, "width_m": 8.6}}, {"type": "Feature", "geometry": {"type": "LineString", "coordinates": [[73.830117, 15.494252], [73.830243, 15.494239], [73.830537, 15.494159]]}, "properties": {"feature_type": "edge", "u": 445, "v": 448, "edge_key": 0, "length_m": 49.349, "is_bridged": false, "is_bridge": false, "edge_betweenness": 0.0, "width_m": 8.092}}, {"type": "Feature", "geometry": {"type": "LineString", "coordinates": [[73.830117, 15.494252], [73.830118, 15.494102]]}, "properties": {"feature_type": "edge", "u": 445, "v": 450, "edge_key": 0, "length_m": 16.5, "is_bridged": false, "is_bridge": false, "edge_betweenness": 0.0, "width_m": 9.182}}, {"type": "Feature", "geometry": {"type": "LineString", "coordinates": [[73.826258, 15.49419], [73.825868, 15.493971], [73.825826, 15.493917]]}, "properties": {"feature_type": "edge", "u": 446, "v": 454, "edge_key": 0, "length_m": 59.805, "is_bridged": false, "is_bridge": true, "edge_betweenness": 0.0, "width_m": 8.348}}, {"type": "Feature", "geometry": {"type": "LineString", "coordinates": [[73.826258, 15.49419], [73.826328, 15.494096], [73.826413, 15.49392], [73.826455, 15.493893]]}, "properties": {"feature_type": "edge", "u": 446, "v": 455, "edge_key": 0, "length_m": 42.577, "is_bridged": false, "is_bridge": true, "edge_betweenness": 0.0, "width_m": 8.173}}, {"type": "Feature", "geometry": {"type": "LineString", "coordinates": [[73.827964, 15.494172], [73.8283, 15.494025], [73.828301, 15.493889], [73.828259, 15.493821], [73.828204, 15.493794], [73.827923, 15.493928], [73.827825, 15.493928], [73.827784, 15.493873], [73.827743, 15.493751], [73.827743, 15.493656]]}, "properties": {"feature_type": "edge", "u": 447, "v": 468, "edge_key": 0, "length_m": 156.125, "is_bridged": false, "is_bridge": true, "edge_betweenness": 0.0, "width_m": 8.413}}, {"type": "Feature", "geometry": {"type": "LineString", "coordinates": [[73.830537, 15.494159], [73.830524, 15.494023], [73.830496, 15.493996]]}, "properties": {"feature_type": "edge", "u": 448, "v": 452, "edge_key": 0, "length_m": 19.864, "is_bridged": false, "is_bridge": false, "edge_betweenness": 0.0, "width_m": 8.802}}, {"type": "Feature", "geometry": {"type": "LineString", "coordinates": [[73.829852, 15.494128], [73.829894, 15.494142], [73.830118, 15.494102]]}, "properties": {"feature_type": "edge", "u": 449, "v": 450, "edge_key": 0, "length_m": 30.985, "is_bridged": false, "is_bridge": true, "edge_betweenness": 0.0, "width_m": 8.179}}, {"type": "Feature", "geometry": {"type": "LineString", "coordinates": [[73.830118, 15.494102], [73.830496, 15.493996]]}, "properties": {"feature_type": "edge", "u": 450, "v": 452, "edge_key": 0, "length_m": 45.203, "is_bridged": false, "is_bridge": false, "edge_betweenness": 0.0, "width_m": 8.178}}, {"type": "Feature", "geometry": {"type": "LineString", "coordinates": [[73.830496, 15.493996], [73.831112, 15.493864], [73.831252, 15.493851]]}, "properties": {"feature_type": "edge", "u": 452, "v": 457, "edge_key": 0, "length_m": 87.567, "is_bridged": false, "is_bridge": false, "edge_betweenness": 0.0, "width_m": 8.232}}, {"type": "Feature", "geometry": {"type": "LineString", "coordinates": [[73.830496, 15.493996], [73.830427, 15.493806], [73.830358, 15.493697], [73.830344, 15.493616]]}, "properties": {"feature_type": "edge", "u": 452, "v": 470, "edge_key": 0, "length_m": 48.835, "is_bridged": false, "is_bridge": false, "edge_betweenness": 0.0, "width_m": 7.847}}, {"type": "Feature", "geometry": {"type": "LineString", "coordinates": [[73.837333, 15.494005], [73.837333, 15.494032]]}, "properties": {"feature_type": "edge", "u": 453, "v": 623, "edge_key": 0, "length_m": 3.0, "is_bridged": false, "is_bridge": false, "edge_betweenness": 0.0, "width_m": 3.0}}, {"type": "Feature", "geometry": {"type": "LineString", "coordinates": [[73.837333, 15.494032], [73.837333, 15.494005]]}, "properties": {"feature_type": "edge", "u": 453, "v": 623, "edge_key": 1, "length_m": 3.0, "is_bridged": false, "is_bridge": false, "edge_betweenness": 0.0, "width_m": 3.0}}, {"type": "Feature", "geometry": {"type": "LineString", "coordinates": [[73.836081, 15.492954], [73.836304, 15.49305], [73.836513, 15.493174], [73.836749, 15.493365], [73.837333, 15.494005]]}, "properties": {"feature_type": "edge", "u": 453, "v": 499, "edge_key": 0, "length_m": 184.919, "is_bridged": false, "is_bridge": false, "edge_betweenness": 0.0, "width_m": 11.502}}, {"type": "Feature", "geometry": {"type": "LineString", "coordinates": [[73.825826, 15.493917], [73.82577, 15.493903], [73.825645, 15.493821], [73.825547, 15.493753], [73.825492, 15.493685]]}, "properties": {"feature_type": "edge", "u": 454, "v": 463, "edge_key": 0, "length_m": 47.441, "is_bridged": false, "is_bridge": false, "edge_betweenness": 0.0, "width_m": 8.331}}, {"type": "Feature", "geometry": {"type": "LineString", "coordinates": [[73.825826, 15.493917], [73.826207, 15.493309]]}, "properties": {"feature_type": "edge", "u": 454, "v": 481, "edge_key": 0, "length_m": 84.276, "is_bridged": false, "is_bridge": false, "edge_betweenness": 0.0, "width_m": 8.43}}, {"type": "Feature", "geometry": {"type": "LineString", "coordinates": [[73.831252, 15.493851], [73.831294, 15.493824], [73.831966, 15.493705]]}, "properties": {"feature_type": "edge", "u": 457, "v": 464, "edge_key": 0, "length_m": 83.335, "is_bridged": false, "is_bridge": false, "edge_betweenness": 0.0, "width_m": 8.34}}, {"type": "Feature", "geometry": {"type": "LineString", "coordinates": [[73.827085, 15.493734], [73.826918, 15.493733], [73.826681, 15.493583], [73.826597, 15.493569]]}, "properties": {"feature_type": "edge", "u": 460, "v": 471, "edge_key": 0, "length_m": 60.821, "is_bridged": false, "is_bridge": false, "edge_betweenness": 0.0, "width_m": 8.666}}, {"type": "Feature", "geometry": {"type": "LineString", "coordinates": [[73.827085, 15.493734], [73.827155, 15.493707], [73.827591, 15.493411]]}, "properties": {"feature_type": "edge", "u": 460, "v": 476, "edge_key": 0, "length_m": 68.644, "is_bridged": false, "is_bridge": false, "edge_betweenness": 0.0, "width_m": 8.572}}, {"type": "Feature", "geometry": {"type": "LineString", "coordinates": [[73.827085, 15.493734], [73.827002, 15.493598], [73.826629, 15.492782], [73.826463, 15.492619], [73.826295, 15.492536], [73.826281, 15.492509]]}, "properties": {"feature_type": "edge", "u": 460, "v": 533, "edge_key": 0, "length_m": 176.041, "is_bridged": false, "is_bridge": false, "edge_betweenness": 0.0, "width_m": 7.839}}, {"type": "Feature", "geometry": {"type": "LineString", "coordinates": [[73.826526, 15.493704], [73.826597, 15.493569]]}, "properties": {"feature_type": "edge", "u": 461, "v": 471, "edge_key": 0, "length_m": 17.839, "is_bridged": false, "is_bridge": true, "edge_betweenness": 0.0, "width_m": 8.069}}, {"type": "Feature", "geometry": {"type": "LineString", "coordinates": [[73.825492, 15.493685], [73.825436, 15.493671], [73.825297, 15.493575], [73.825088, 15.493425], [73.825046, 15.493371]]}, "properties": {"feature_type": "edge", "u": 463, "v": 477, "edge_key": 0, "length_m": 62.902, "is_bridged": false, "is_bridge": false, "edge_betweenness": 0.0, "width_m": 8.418}}, {"type": "Feature", "geometry": {"type": "LineString", "coordinates": [[73.825492, 15.493685], [73.82576, 15.493279], [73.825844, 15.493198], [73.825998, 15.493159], [73.826179, 15.493254], [73.826207, 15.493309]]}, "properties": {"feature_type": "edge", "u": 463, "v": 481, "edge_key": 0, "length_m": 118.989, "is_bridged": false, "is_bridge": false, "edge_betweenness": 0.0, "width_m": 8.399}}, {"type": "Feature", "geometry": {"type": "LineString", "coordinates": [[73.831966, 15.493705], [73.831985, 15.492716], [73.832014, 15.492499]]}, "properties": {"feature_type": "edge", "u": 464, "v": 539, "edge_key": 0, "length_m": 134.986, "is_bridged": false, "is_bridge": false, "edge_betweenness": 0.0, "width_m": 8.981}}, {"type": "Feature", "geometry": {"type": "LineString", "coordinates": [[73.827743, 15.493656], [73.827701, 15.493629], [73.827632, 15.493479], [73.827632, 15.493438], [73.827591, 15.493411]]}, "properties": {"feature_type": "edge", "u": 468, "v": 476, "edge_key": 0, "length_m": 35.325, "is_bridged": false, "is_bridge": true, "edge_betweenness": 0.0, "width_m": 7.779}}, {"type": "Feature", "geometry": {"type": "LineString", "coordinates": [[73.827743, 15.493656], [73.82815, 15.493482], [73.828233, 15.493509]]}, "properties": {"feature_type": "edge", "u": 468, "v": 473, "edge_key": 0, "length_m": 61.82, "is_bridged": false, "is_bridge": true, "edge_betweenness": 0.0, "width_m": 8.057}}, {"type": "Feature", "geometry": {"type": "LineString", "coordinates": [[73.830344, 15.493616], [73.830275, 15.493547], [73.830025, 15.493085], [73.830012, 15.493004]]}, "properties": {"feature_type": "edge", "u": 470, "v": 497, "edge_key": 0, "length_m": 82.412, "is_bridged": false, "is_bridge": false, "edge_betweenness": 0.0, "width_m": 7.742}}, {"type": "Feature", "geometry": {"type": "LineString", "coordinates": [[73.830344, 15.493616], [73.830498, 15.493549], [73.830568, 15.493495], [73.830821, 15.493415]]}, "properties": {"feature_type": "edge", "u": 470, "v": 478, "edge_key": 0, "length_m": 60.32, "is_bridged": false, "is_bridge": true, "edge_betweenness": 0.0, "width_m": 8.203}}, {"type": "Feature", "geometry": {"type": "LineString", "coordinates": [[73.826597, 15.493569], [73.826569, 15.493514], [73.826374, 15.493378], [73.826291, 15.493323], [73.826207, 15.493309]]}, "properties": {"feature_type": "edge", "u": 471, "v": 481, "edge_key": 0, "length_m": 55.295, "is_bridged": false, "is_bridge": false, "edge_betweenness": 0.0, "width_m": 8.434}}, {"type": "Feature", "geometry": {"type": "LineString", "coordinates": [[73.835714, 15.493481], [73.835059, 15.493193], [73.833619, 15.49309]]}, "properties": {"feature_type": "edge", "u": 474, "v": 488, "edge_key": 0, "length_m": 242.397, "is_bridged": false, "is_bridge": false, "edge_betweenness": 0.0, "width_m": 8.508}}, {"type": "Feature", "geometry": {"type": "LineString", "coordinates": [[73.835714, 15.493481], [73.835756, 15.493468], [73.83584, 15.493387], [73.83608, 15.493076], [73.836108, 15.493009], [73.836081, 15.492954]]}, "properties": {"feature_type": "edge", "u": 474, "v": 499, "edge_key": 0, "length_m": 78.095, "is_bridged": false, "is_bridge": false, "edge_betweenness": 0.0, "width_m": 8.408}}, {"type": "Feature", "geometry": {"type": "LineString", "coordinates": [[73.827591, 15.493411], [73.827577, 15.493289], [73.827343, 15.492732], [73.82733, 15.492569], [73.827668, 15.492137], [73.827668, 15.492015], [73.827043, 15.491388]]}, "properties": {"feature_type": "edge", "u": 476, "v": 564, "edge_key": 0, "length_m": 279.055, "is_bridged": false, "is_bridge": false, "edge_betweenness": 0.0, "width_m": 8.012}}, {"type": "Feature", "geometry": {"type": "LineString", "coordinates": [[73.825046, 15.493371], [73.824753, 15.493233], [73.824725, 15.493193]]}, "properties": {"feature_type": "edge", "u": 477, "v": 483, "edge_key": 0, "length_m": 42.921, "is_bridged": false, "is_bridge": false, "edge_betweenness": 0.0, "width_m": 8.475}}, {"type": "Feature", "geometry": {"type": "LineString", "coordinates": [[73.825046, 15.493371], [73.825074, 15.493303], [73.82544, 15.492871], [73.82568, 15.492479], [73.825709, 15.492384]]}, "properties": {"feature_type": "edge", "u": 477, "v": 548, "edge_key": 0, "length_m": 138.702, "is_bridged": false, "is_bridge": false, "edge_betweenness": 0.0, "width_m": 8.559}}, {"type": "Feature", "geometry": {"type": "LineString", "coordinates": [[73.824725, 15.493193], [73.824656, 15.493179], [73.824363, 15.493014], [73.824223, 15.492959]]}, "properties": {"feature_type": "edge", "u": 483, "v": 498, "edge_key": 0, "length_m": 64.028, "is_bridged": false, "is_bridge": false, "edge_betweenness": 0.0, "width_m": 8.456}}, {"type": "Feature", "geometry": {"type": "LineString", "coordinates": [[73.824725, 15.493193], [73.82474, 15.493125], [73.825022, 15.49276]]}, "properties": {"feature_type": "edge", "u": 483, "v": 513, "edge_key": 0, "length_m": 61.048, "is_bridged": false, "is_bridge": true, "edge_betweenness": 0.0, "width_m": 8.374}}, {"type": "Feature", "geometry": {"type": "LineString", "coordinates": [[73.840833, 15.493237], [73.841114, 15.493049], [73.841198, 15.493049]]}, "properties": {"feature_type": "edge", "u": 485, "v": 491, "edge_key": 0, "length_m": 47.431, "is_bridged": false, "is_bridge": true, "edge_betweenness": 0.0, "width_m": 11.528}}, {"type": "Feature", "geometry": {"type": "LineString", "coordinates": [[73.833619, 15.49309], [73.833664, 15.492508]]}, "properties": {"feature_type": "edge", "u": 488, "v": 541, "edge_key": 0, "length_m": 66.364, "is_bridged": false, "is_bridge": false, "edge_betweenness": 0.0, "width_m": 8.597}}, {"type": "Feature", "geometry": {"type": "LineString", "coordinates": [[73.841197, 15.49313], [73.841225, 15.49313], [73.841198, 15.493049]]}, "properties": {"feature_type": "edge", "u": 489, "v": 491, "edge_key": 0, "length_m": 12.487, "is_bridged": false, "is_bridge": false, "edge_betweenness": 0.0, "width_m": 7.893}}, {"type": "Feature", "geometry": {"type": "LineString", "coordinates": [[73.841197, 15.49313], [73.841198, 15.493049]]}, "properties": {"feature_type": "edge", "u": 489, "v": 491, "edge_key": 1, "length_m": 9.865, "is_bridged": false, "is_bridge": false, "edge_betweenness": 0.0, "width_m": 5.298}}, {"type": "Feature", "geometry": {"type": "LineString", "coordinates": [[73.841198, 15.493049], [73.841267, 15.49309], [73.841268, 15.493009]]}, "properties": {"feature_type": "edge", "u": 491, "v": 496, "edge_key": 0, "length_m": 17.746, "is_bridged": false, "is_bridge": false, "edge_betweenness": 0.0, "width_m": 7.301}}, {"type": "Feature", "geometry": {"type": "LineString", "coordinates": [[73.841198, 15.493049], [73.841268, 15.493009]]}, "properties": {"feature_type": "edge", "u": 491, "v": 496, "edge_key": 1, "length_m": 8.762, "is_bridged": false, "is_bridge": false, "edge_betweenness": 0.0, "width_m": 7.301}}, {"type": "Feature", "geometry": {"type": "LineString", "coordinates": [[73.841198, 15.493049], [73.84117, 15.492967], [73.841268, 15.493009]]}, "properties": {"feature_type": "edge", "u": 491, "v": 496, "edge_key": 2, "length_m": 20.91, "is_bridged": false, "is_bridge": false, "edge_betweenness": 0.0, "width_m": 7.301}}, {"type": "Feature", "geometry": {"type": "LineString", "coordinates": [[73.841198, 15.493049], [73.841184, 15.493008]]}, "properties": {"feature_type": "edge", "u": 491, "v": 624, "edge_key": 0, "length_m": 4.743, "is_bridged": false, "is_bridge": false, "edge_betweenness": 0.0, "width_m": 6.657}}, {"type": "Feature", "geometry": {"type": "LineString", "coordinates": [[73.841184, 15.493008], [73.841198, 15.493049]]}, "properties": {"feature_type": "edge", "u": 491, "v": 624, "edge_key": 1, "length_m": 4.743, "is_bridged": false, "is_bridge": false, "edge_betweenness": 0.0, "width_m": 6.657}}, {"type": "Feature", "geometry": {"type": "LineString", "coordinates": [[73.824069, 15.492986], [73.824139, 15.493], [73.824223, 15.492959]]}, "properties": {"feature_type": "edge", "u": 494, "v": 498, "edge_key": 0, "length_m": 18.718, "is_bridged": false, "is_bridge": true, "edge_betweenness": 0.0, "width_m": 5.199}}, {"type": "Feature", "geometry": {"type": "LineString", "coordinates": [[73.841268, 15.493009], [73.841366, 15.493036], [73.841394, 15.492955]]}, "properties": {"feature_type": "edge", "u": 496, "v": 500, "edge_key": 0, "length_m": 20.407, "is_bridged": false, "is_bridge": false, "edge_betweenness": 0.0, "width_m": 6.064}}, {"type": "Feature", "geometry": {"type": "LineString", "coordinates": [[73.841268, 15.493009], [73.841324, 15.492968], [73.841394, 15.492955]]}, "properties": {"feature_type": "edge", "u": 496, "v": 500, "edge_key": 1, "length_m": 15.149, "is_bridged": false, "is_bridge": false, "edge_betweenness": 0.0, "width_m": 5.472}}, {"type": "Feature", "geometry": {"type": "LineString", "coordinates": [[73.841268, 15.493009], [73.841268, 15.492954], [73.84124, 15.492927]]}, "properties": {"feature_type": "edge", "u": 496, "v": 505, "edge_key": 0, "length_m": 10.243, "is_bridged": false, "is_bridge": false, "edge_betweenness": 0.0, "width_m": 4.943}}, {"type": "Feature", "geometry": {"type": "LineString", "coordinates": [[73.841268, 15.493009], [73.841212, 15.492927], [73.84124, 15.492927]]}, "properties": {"feature_type": "edge", "u": 496, "v": 505, "edge_key": 1, "length_m": 13.817, "is_bridged": false, "is_bridge": false, "edge_betweenness": 0.0, "width_m": 7.064}}, {"type": "Feature", "geometry": {"type": "LineString", "coordinates": [[73.830012, 15.493004], [73.82997, 15.492976], [73.829943, 15.492908], [73.829903, 15.492501]]}, "properties": {"feature_type": "edge", "u": 497, "v": 538, "edge_key": 0, "length_m": 61.349, "is_bridged": false, "is_bridge": false, "edge_betweenness": 0.0, "width_m": 8.367}}, {"type": "Feature", "geometry": {"type": "LineString", "coordinates": [[73.830012, 15.493004], [73.830503, 15.492776], [73.830881, 15.492642], [73.830965, 15.492643], [73.831035, 15.492616]]}, "properties": {"feature_type": "edge", "u": 497, "v": 526, "edge_key": 0, "length_m": 127.518, "is_bridged": false, "is_bridge": false, "edge_betweenness": 0.0, "width_m": 8.351}}, {"type": "Feature", "geometry": {"type": "LineString", "coordinates": [[73.824223, 15.492959], [73.824224, 15.492797]]}, "properties": {"feature_type": "edge", "u": 498, "v": 507, "edge_key": 0, "length_m": 18.975, "is_bridged": false, "is_bridge": false, "edge_betweenness": 0.0, "width_m": 8.789}}, {"type": "Feature", "geometry": {"type": "LineString", "coordinates": [[73.836081, 15.492954], [73.836011, 15.492967], [73.836011, 15.492927]]}, "properties": {"feature_type": "edge", "u": 499, "v": 501, "edge_key": 0, "length_m": 12.185, "is_bridged": false, "is_bridge": false, "edge_betweenness": 0.0, "width_m": 4.243}}, {"type": "Feature", "geometry": {"type": "LineString", "coordinates": [[73.836081, 15.492954], [73.836039, 15.4929], [73.836011, 15.492927]]}, "properties": {"feature_type": "edge", "u": 499, "v": 501, "edge_key": 1, "length_m": 11.772, "is_bridged": false, "is_bridge": false, "edge_betweenness": 0.0, "width_m": 3.177}}, {"type": "Feature", "geometry": {"type": "LineString", "coordinates": [[73.841394, 15.492955], [73.841412, 15.493005]]}, "properties": {"feature_type": "edge", "u": 500, "v": 625, "edge_key": 0, "length_m": 6.857, "is_bridged": false, "is_bridge": false, "edge_betweenness": 0.0, "width_m": 5.743}}, {"type": "Feature", "geometry": {"type": "LineString", "coordinates": [[73.841412, 15.493005], [73.841394, 15.492955]]}, "properties": {"feature_type": "edge", "u": 500, "v": 625, "edge_key": 1, "length_m": 6.857, "is_bridged": false, "is_bridge": false, "edge_betweenness": 0.0, "width_m": 5.743}}, {"type": "Feature", "geometry": {"type": "LineString", "coordinates": [[73.841394, 15.492955], [73.841464, 15.492969], [73.841478, 15.492888]]}, "properties": {"feature_type": "edge", "u": 500, "v": 503, "edge_key": 0, "length_m": 16.773, "is_bridged": false, "is_bridge": false, "edge_betweenness": 0.0, "width_m": 4.828}}, {"type": "Feature", "geometry": {"type": "LineString", "coordinates": [[73.841394, 15.492955], [73.841422, 15.492901], [73.841478, 15.492888]]}, "properties": {"feature_type": "edge", "u": 500, "v": 503, "edge_key": 1, "length_m": 12.893, "is_bridged": false, "is_bridge": false, "edge_betweenness": 0.0, "width_m": 4.236}}, {"type": "Feature", "geometry": {"type": "LineString", "coordinates": [[73.841394, 15.492955], [73.841296, 15.492887]]}, "properties": {"feature_type": "edge", "u": 500, "v": 509, "edge_key": 0, "length_m": 12.989, "is_bridged": false, "is_bridge": false, "edge_betweenness": 0.0, "width_m": 3.75}}, {"type": "Feature", "geometry": {"type": "LineString", "coordinates": [[73.841394, 15.492955], [73.841339, 15.49286]]}, "properties": {"feature_type": "edge", "u": 500, "v": 512, "edge_key": 0, "length_m": 12.651, "is_bridged": false, "is_bridge": false, "edge_betweenness": 0.0, "width_m": 4.325}}, {"type": "Feature", "geometry": {"type": "LineString", "coordinates": [[73.836011, 15.492927], [73.835969, 15.49294], [73.835955, 15.492899]]}, "properties": {"feature_type": "edge", "u": 501, "v": 502, "edge_key": 0, "length_m": 9.487, "is_bridged": false, "is_bridge": false, "edge_betweenness": 0.0, "width_m": 2.236}}, {"type": "Feature", "geometry": {"type": "LineString", "coordinates": [[73.836011, 15.492927], [73.835997, 15.492873], [73.835955, 15.492899]]}, "properties": {"feature_type": "edge", "u": 501, "v": 502, "edge_key": 1, "length_m": 11.593, "is_bridged": false, "is_bridge": false, "edge_betweenness": 0.0, "width_m": 3.0}}, {"type": "Feature", "geometry": {"type": "LineString", "coordinates": [[73.835955, 15.492899], [73.835913, 15.492926], [73.835871, 15.492858]]}, "properties": {"feature_type": "edge", "u": 502, "v": 504, "edge_key": 0, "length_m": 14.155, "is_bridged": false, "is_bridge": false, "edge_betweenness": 0.0, "width_m": 2.828}}, {"type": "Feature", "geometry": {"type": "LineString", "coordinates": [[73.835955, 15.492899], [73.835941, 15.492859], [73.835871, 15.492858]]}, "properties": {"feature_type": "edge", "u": 502, "v": 504, "edge_key": 1, "length_m": 12.243, "is_bridged": false, "is_bridge": false, "edge_betweenness": 0.0, "width_m": 2.236}}, {"type": "Feature", "geometry": {"type": "LineString", "coordinates": [[73.841478, 15.492888], [73.841506, 15.492942]]}, "properties": {"feature_type": "edge", "u": 503, "v": 626, "edge_key": 0, "length_m": 6.708, "is_bridged": false, "is_bridge": false, "edge_betweenness": 0.0, "width_m": 4.828}}, {"type": "Feature", "geometry": {"type": "LineString", "coordinates": [[73.841506, 15.492942], [73.841478, 15.492888]]}, "properties": {"feature_type": "edge", "u": 503, "v": 626, "edge_key": 1, "length_m": 6.708, "is_bridged": false, "is_bridge": false, "edge_betweenness": 0.0, "width_m": 4.828}}, {"type": "Feature", "geometry": {"type": "LineString", "coordinates": [[73.841478, 15.492888], [73.841548, 15.492915], [73.841576, 15.492834]]}, "properties": {"feature_type": "edge", "u": 503, "v": 510, "edge_key": 0, "length_m": 17.848, "is_bridged": false, "is_bridge": false, "edge_betweenness": 0.0, "width_m": 4.993}}, {"type": "Feature", "geometry": {"type": "LineString", "coordinates": [[73.841478, 15.492888], [73.841507, 15.492834], [73.841576, 15.492834]]}, "properties": {"feature_type": "edge", "u": 503, "v": 510, "edge_key": 1, "length_m": 14.208, "is_bridged": false, "is_bridge": false, "edge_betweenness": 0.0, "width_m": 4.548}}, {"type": "Feature", "geometry": {"type": "LineString", "coordinates": [[73.841478, 15.492888], [73.841395, 15.492819]]}, "properties": {"feature_type": "edge", "u": 503, "v": 515, "edge_key": 0, "length_m": 11.743, "is_bridged": false, "is_bridge": false, "edge_betweenness": 0.0, "width_m": 3.75}}, {"type": "Feature", "geometry": {"type": "LineString", "coordinates": [[73.841478, 15.492888], [73.841465, 15.49282], [73.841437, 15.492793]]}, "properties": {"feature_type": "edge", "u": 503, "v": 517, "edge_key": 0, "length_m": 11.891, "is_bridged": false, "is_bridge": false, "edge_betweenness": 0.0, "width_m": 3.75}}, {"type": "Feature", "geometry": {"type": "LineString", "coordinates": [[73.835871, 15.492858], [73.835773, 15.492871], [73.835732, 15.49283]]}, "properties": {"feature_type": "edge", "u": 504, "v": 511, "edge_key": 0, "length_m": 16.988, "is_bridged": false, "is_bridge": false, "edge_betweenness": 0.0, "width_m": 6.394}}, {"type": "Feature", "geometry": {"type": "LineString", "coordinates": [[73.835871, 15.492858], [73.835816, 15.492844]]}, "properties": {"feature_type": "edge", "u": 504, "v": 627, "edge_key": 0, "length_m": 6.185, "is_bridged": false, "is_bridge": false, "edge_betweenness": 0.0, "width_m": 1.0}}, {"type": "Feature", "geometry": {"type": "LineString", "coordinates": [[73.835816, 15.492844], [73.835871, 15.492858]]}, "properties": {"feature_type": "edge", "u": 504, "v": 627, "edge_key": 1, "length_m": 6.185, "is_bridged": false, "is_bridge": false, "edge_betweenness": 0.0, "width_m": 1.0}}, {"type": "Feature", "geometry": {"type": "LineString", "coordinates": [[73.835871, 15.492858], [73.835816, 15.49279], [73.835746, 15.492776]]}, "properties": {"feature_type": "edge", "u": 504, "v": 514, "edge_key": 0, "length_m": 17.348, "is_bridged": false, "is_bridge": false, "edge_betweenness": 0.0, "width_m": 5.439}}, {"type": "Feature", "geometry": {"type": "LineString", "coordinates": [[73.84124, 15.492927], [73.841269, 15.492887], [73.841296, 15.492887]]}, "properties": {"feature_type": "edge", "u": 505, "v": 509, "edge_key": 0, "length_m": 8.475, "is_bridged": false, "is_bridge": false, "edge_betweenness": 0.0, "width_m": 7.243}}, {"type": "Feature", "geometry": {"type": "LineString", "coordinates": [[73.824224, 15.492797], [73.824617, 15.492582], [73.824687, 15.492514]]}, "properties": {"feature_type": "edge", "u": 507, "v": 532, "edge_key": 0, "length_m": 63.159, "is_bridged": false, "is_bridge": false, "edge_betweenness": 0.0, "width_m": 8.53}}, {"type": "Feature", "geometry": {"type": "LineString", "coordinates": [[73.824224, 15.492797], [73.824071, 15.492782], [73.824002, 15.492497], [73.823947, 15.492375]]}, "properties": {"feature_type": "edge", "u": 507, "v": 547, "edge_key": 0, "length_m": 67.446, "is_bridged": false, "is_bridge": false, "edge_betweenness": 0.0, "width_m": 8.258}}, {"type": "Feature", "geometry": {"type": "LineString", "coordinates": [[73.841296, 15.492887], [73.841311, 15.49286], [73.841339, 15.49286]]}, "properties": {"feature_type": "edge", "u": 509, "v": 512, "edge_key": 0, "length_m": 6.354, "is_bridged": false, "is_bridge": false, "edge_betweenness": 0.0, "width_m": 6.828}}, {"type": "Feature", "geometry": {"type": "LineString", "coordinates": [[73.841576, 15.492834], [73.841604, 15.492875]]}, "properties": {"feature_type": "edge", "u": 510, "v": 628, "edge_key": 0, "length_m": 5.408, "is_bridged": false, "is_bridge": false, "edge_betweenness": 0.0, "width_m": 2.828}}, {"type": "Feature", "geometry": {"type": "LineString", "coordinates": [[73.841604, 15.492875], [73.841576, 15.492834]]}, "properties": {"feature_type": "edge", "u": 510, "v": 628, "edge_key": 1, "length_m": 5.408, "is_bridged": false, "is_bridge": false, "edge_betweenness": 0.0, "width_m": 2.828}}, {"type": "Feature", "geometry": {"type": "LineString", "coordinates": [[73.841576, 15.492834], [73.841646, 15.492848], [73.841675, 15.492767]]}, "properties": {"feature_type": "edge", "u": 510, "v": 516, "edge_key": 0, "length_m": 17.418, "is_bridged": false, "is_bridge": false, "edge_betweenness": 0.0, "width_m": 4.243}}, {"type": "Feature", "geometry": {"type": "LineString", "coordinates": [[73.841576, 15.492834], [73.841605, 15.492766], [73.841675, 15.492767]]}, "properties": {"feature_type": "edge", "u": 510, "v": 516, "edge_key": 1, "length_m": 15.578, "is_bridged": false, "is_bridge": false, "edge_betweenness": 0.0, "width_m": 3.798}}, {"type": "Feature", "geometry": {"type": "LineString", "coordinates": [[73.841576, 15.492834], [73.841493, 15.492752]]}, "properties": {"feature_type": "edge", "u": 510, "v": 519, "edge_key": 0, "length_m": 12.728, "is_bridged": false, "is_bridge": false, "edge_betweenness": 0.0, "width_m": 3.0}}, {"type": "Feature", "geometry": {"type": "LineString", "coordinates": [[73.835732, 15.49283], [73.835676, 15.49283], [73.83523, 15.492611]]}, "properties": {"feature_type": "edge", "u": 511, "v": 528, "edge_key": 0, "length_m": 63.941, "is_bridged": false, "is_bridge": false, "edge_betweenness": 0.0, "width_m": 8.291}}, {"type": "Feature", "geometry": {"type": "LineString", "coordinates": [[73.835732, 15.49283], [73.835718, 15.492803], [73.835746, 15.492776]]}, "properties": {"feature_type": "edge", "u": 511, "v": 514, "edge_key": 0, "length_m": 7.597, "is_bridged": false, "is_bridge": false, "edge_betweenness": 0.0, "width_m": 5.0}}, {"type": "Feature", "geometry": {"type": "LineString", "coordinates": [[73.835732, 15.49283], [73.83576, 15.492803], [73.835746, 15.492776]]}, "properties": {"feature_type": "edge", "u": 511, "v": 514, "edge_key": 1, "length_m": 7.597, "is_bridged": false, "is_bridge": false, "edge_betweenness": 0.0, "width_m": 5.0}}, {"type": "Feature", "geometry": {"type": "LineString", "coordinates": [[73.841339, 15.49286], [73.841367, 15.492819], [73.841395, 15.492819]]}, "properties": {"feature_type": "edge", "u": 512, "v": 515, "edge_key": 0, "length_m": 8.475, "is_bridged": false, "is_bridge": false, "edge_betweenness": 0.0, "width_m": 7.243}}, {"type": "Feature", "geometry": {"type": "LineString", "coordinates": [[73.835746, 15.492776], [73.835621, 15.492694], [73.835244, 15.492543]]}, "properties": {"feature_type": "edge", "u": 514, "v": 537, "edge_key": 0, "length_m": 64.562, "is_bridged": false, "is_bridge": false, "edge_betweenness": 0.0, "width_m": 8.241}}, {"type": "Feature", "geometry": {"type": "LineString", "coordinates": [[73.841395, 15.492819], [73.841409, 15.492792], [73.841437, 15.492793]]}, "properties": {"feature_type": "edge", "u": 515, "v": 517, "edge_key": 0, "length_m": 6.354, "is_bridged": false, "is_bridge": false, "edge_betweenness": 0.0, "width_m": 6.828}}, {"type": "Feature", "geometry": {"type": "LineString", "coordinates": [[73.841675, 15.492767], [73.841702, 15.492808]]}, "properties": {"feature_type": "edge", "u": 516, "v": 629, "edge_key": 0, "length_m": 5.408, "is_bridged": false, "is_bridge": false, "edge_betweenness": 0.0, "width_m": 2.828}}, {"type": "Feature", "geometry": {"type": "LineString", "coordinates": [[73.841702, 15.492808], [73.841675, 15.492767]]}, "properties": {"feature_type": "edge", "u": 516, "v": 629, "edge_key": 1, "length_m": 5.408, "is_bridged": false, "is_bridge": false, "edge_betweenness": 0.0, "width_m": 2.828}}, {"type": "Feature", "geometry": {"type": "LineString", "coordinates": [[73.841675, 15.492767], [73.841745, 15.492781], [73.841759, 15.492754]]}, "properties": {"feature_type": "edge", "u": 516, "v": 518, "edge_key": 0, "length_m": 11.003, "is_bridged": false, "is_bridge": false, "edge_betweenness": 0.0, "width_m": 5.064}}, {"type": "Feature", "geometry": {"type": "LineString", "coordinates": [[73.841675, 15.492767], [73.841591, 15.492685]]}, "properties": {"feature_type": "edge", "u": 516, "v": 525, "edge_key": 0, "length_m": 12.728, "is_bridged": false, "is_bridge": false, "edge_betweenness": 0.0, "width_m": 3.0}}, {"type": "Feature", "geometry": {"type": "LineString", "coordinates": [[73.841675, 15.492767], [73.841703, 15.492699], [73.841731, 15.492699]]}, "properties": {"feature_type": "edge", "u": 516, "v": 521, "edge_key": 0, "length_m": 11.078, "is_bridged": false, "is_bridge": false, "edge_betweenness": 0.0, "width_m": 4.828}}, {"type": "Feature", "geometry": {"type": "LineString", "coordinates": [[73.841437, 15.492793], [73.841465, 15.492752], [73.841493, 15.492752]]}, "properties": {"feature_type": "edge", "u": 517, "v": 519, "edge_key": 0, "length_m": 8.475, "is_bridged": false, "is_bridge": false, "edge_betweenness": 0.0, "width_m": 7.243}}, {"type": "Feature", "geometry": {"type": "LineString", "coordinates": [[73.841759, 15.492754], [73.841801, 15.49274], [73.841801, 15.492686]]}, "properties": {"feature_type": "edge", "u": 518, "v": 520, "edge_key": 0, "length_m": 11.121, "is_bridged": false, "is_bridge": false, "edge_betweenness": 0.0, "width_m": 5.92}}, {"type": "Feature", "geometry": {"type": "LineString", "coordinates": [[73.841759, 15.492754], [73.841731, 15.492699]]}, "properties": {"feature_type": "edge", "u": 518, "v": 521, "edge_key": 0, "length_m": 7.243, "is_bridged": false, "is_bridge": false, "edge_betweenness": 0.0, "width_m": 4.677}}, {"type": "Feature", "geometry": {"type": "LineString", "coordinates": [[73.841493, 15.492752], [73.841535, 15.492698], [73.841591, 15.492685]]}, "properties": {"feature_type": "edge", "u": 519, "v": 525, "edge_key": 0, "length_m": 14.218, "is_bridged": false, "is_bridge": false, "edge_betweenness": 0.0, "width_m": 7.775}}, {"type": "Feature", "geometry": {"type": "LineString", "coordinates": [[73.841801, 15.492686], [73.841843, 15.492713], [73.841857, 15.492686]]}, "properties": {"feature_type": "edge", "u": 520, "v": 522, "edge_key": 0, "length_m": 8.762, "is_bridged": false, "is_bridge": false, "edge_betweenness": 0.0, "width_m": 5.064}}, {"type": "Feature", "geometry": {"type": "LineString", "coordinates": [[73.841801, 15.492686], [73.841745, 15.492672], [73.841731, 15.492699]]}, "properties": {"feature_type": "edge", "u": 520, "v": 521, "edge_key": 0, "length_m": 9.598, "is_bridged": false, "is_bridge": false, "edge_betweenness": 0.0, "width_m": 5.298}}, {"type": "Feature", "geometry": {"type": "LineString", "coordinates": [[73.841801, 15.492686], [73.841801, 15.492632], [73.841829, 15.492632]]}, "properties": {"feature_type": "edge", "u": 520, "v": 530, "edge_key": 0, "length_m": 9.0, "is_bridged": false, "is_bridge": false, "edge_betweenness": 0.0, "width_m": 4.828}}, {"type": "Feature", "geometry": {"type": "LineString", "coordinates": [[73.841857, 15.492686], [73.841885, 15.492686], [73.841899, 15.492659]]}, "properties": {"feature_type": "edge", "u": 522, "v": 527, "edge_key": 0, "length_m": 6.354, "is_bridged": false, "is_bridge": false, "edge_betweenness": 0.0, "width_m": 7.301}}, {"type": "Feature", "geometry": {"type": "LineString", "coordinates": [[73.841857, 15.492686], [73.841829, 15.492632]]}, "properties": {"feature_type": "edge", "u": 522, "v": 530, "edge_key": 0, "length_m": 7.243, "is_bridged": false, "is_bridge": false, "edge_betweenness": 0.0, "width_m": 4.677}}, {"type": "Feature", "geometry": {"type": "LineString", "coordinates": [[73.828085, 15.492614], [73.828003, 15.492274], [73.827975, 15.492193], [73.827864, 15.49203], [73.827865, 15.491948], [73.827699, 15.491473], [73.827661, 15.49093], [73.82769, 15.490632], [73.827746, 15.490565], [73.827789, 15.490551], [73.827942, 15.490552], [73.827984, 15.490579], [73.82801, 15.490946], [73.828134, 15.491353], [73.828299, 15.491734], [73.828452, 15.491978], [73.828521, 15.492033], [73.828605, 15.492034], [73.828661, 15.49198], [73.828662, 15.491925], [73.828511, 15.491436], [73.828484, 15.49126], [73.828401, 15.490975], [73.828402, 15.490853], [73.828615, 15.490366], [73.828658, 15.490149], [73.82866, 15.489797], [73.828688, 15.489702], [73.82873, 15.489661], [73.828885, 15.489594], [73.829095, 15.489541], [73.829136, 15.489555], [73.829178, 15.48961]]}, "properties": {"feature_type": "edge", "u": 524, "v": 585, "edge_key": 0, "length_m": 819.854, "is_bridged": false, "is_bridge": true, "edge_betweenness": 0.0, "width_m": 8.095}}, {"type": "Feature", "geometry": {"type": "LineString", "coordinates": [[73.841591, 15.492685], [73.841634, 15.492631], [73.842012, 15.492375], [73.842041, 15.492321]]}, "properties": {"feature_type": "edge", "u": 525, "v": 555, "edge_key": 0, "length_m": 67.144, "is_bridged": false, "is_bridge": true, "edge_betweenness": 0.0, "width_m": 8.151}}, {"type": "Feature", "geometry": {"type": "LineString", "coordinates": [[73.831035, 15.492616], [73.831496, 15.492578], [73.83193, 15.492526], [73.832014, 15.492499]]}, "properties": {"feature_type": "edge", "u": 526, "v": 539, "edge_key": 0, "length_m": 110.325, "is_bridged": false, "is_bridge": false, "edge_betweenness": 0.0, "width_m": 8.473}}, {"type": "Feature", "geometry": {"type": "LineString", "coordinates": [[73.831035, 15.492616], [73.830981, 15.492236]]}, "properties": {"feature_type": "edge", "u": 526, "v": 556, "edge_key": 0, "length_m": 44.485, "is_bridged": false, "is_bridge": false, "edge_betweenness": 0.0, "width_m": 8.722}}, {"type": "Feature", "geometry": {"type": "LineString", "coordinates": [[73.841899, 15.492659], [73.841927, 15.49266], [73.841955, 15.492619]]}, "properties": {"feature_type": "edge", "u": 527, "v": 531, "edge_key": 0, "length_m": 8.475, "is_bridged": false, "is_bridge": false, "edge_betweenness": 0.0, "width_m": 7.597}}, {"type": "Feature", "geometry": {"type": "LineString", "coordinates": [[73.841899, 15.492659], [73.841871, 15.492605]]}, "properties": {"feature_type": "edge", "u": 527, "v": 535, "edge_key": 0, "length_m": 7.243, "is_bridged": false, "is_bridge": false, "edge_betweenness": 0.0, "width_m": 4.677}}, {"type": "Feature", "geometry": {"type": "LineString", "coordinates": [[73.83523, 15.492611], [73.835174, 15.492597]]}, "properties": {"feature_type": "edge", "u": 528, "v": 529, "edge_key": 0, "length_m": 6.621, "is_bridged": false, "is_bridge": false, "edge_betweenness": 0.0, "width_m": 7.725}}, {"type": "Feature", "geometry": {"type": "LineString", "coordinates": [[73.83523, 15.492611], [73.835244, 15.492543]]}, "properties": {"feature_type": "edge", "u": 528, "v": 537, "edge_key": 0, "length_m": 8.121, "is_bridged": false, "is_bridge": false, "edge_betweenness": 0.0, "width_m": 4.854}}, {"type": "Feature", "geometry": {"type": "LineString", "coordinates": [[73.835174, 15.492597], [73.833958, 15.492523]]}, "properties": {"feature_type": "edge", "u": 529, "v": 542, "edge_key": 0, "length_m": 133.607, "is_bridged": false, "is_bridge": false, "edge_betweenness": 0.0, "width_m": 8.636}}, {"type": "Feature", "geometry": {"type": "LineString", "coordinates": [[73.835174, 15.492597], [73.835188, 15.492529]]}, "properties": {"feature_type": "edge", "u": 529, "v": 540, "edge_key": 0, "length_m": 8.121, "is_bridged": false, "is_bridge": false, "edge_betweenness": 0.0, "width_m": 4.854}}, {"type": "Feature", "geometry": {"type": "LineString", "coordinates": [[73.841829, 15.492632], [73.841843, 15.492605], [73.841871, 15.492605]]}, "properties": {"feature_type": "edge", "u": 530, "v": 535, "edge_key": 0, "length_m": 6.354, "is_bridged": false, "is_bridge": false, "edge_betweenness": 0.0, "width_m": 6.828}}, {"type": "Feature", "geometry": {"type": "LineString", "coordinates": [[73.841955, 15.492619], [73.841983, 15.492619], [73.841997, 15.492592]]}, "properties": {"feature_type": "edge", "u": 531, "v": 536, "edge_key": 0, "length_m": 6.354, "is_bridged": false, "is_bridge": false, "edge_betweenness": 0.0, "width_m": 7.301}}, {"type": "Feature", "geometry": {"type": "LineString", "coordinates": [[73.841955, 15.492619], [73.841928, 15.492565]]}, "properties": {"feature_type": "edge", "u": 531, "v": 543, "edge_key": 0, "length_m": 7.243, "is_bridged": false, "is_bridge": false, "edge_betweenness": 0.0, "width_m": 4.677}}, {"type": "Feature", "geometry": {"type": "LineString", "coordinates": [[73.824687, 15.492514], [73.825135, 15.492408], [73.825331, 15.492382], [73.825709, 15.492384]]}, "properties": {"feature_type": "edge", "u": 532, "v": 548, "edge_key": 0, "length_m": 116.689, "is_bridged": false, "is_bridge": false, "edge_betweenness": 0.0, "width_m": 8.273}}, {"type": "Feature", "geometry": {"type": "LineString", "coordinates": [[73.824687, 15.492514], [73.824411, 15.491984], [73.824301, 15.491604], [73.824175, 15.491535], [73.823953, 15.491358], [73.823897, 15.491344]]}, "properties": {"feature_type": "edge", "u": 532, "v": 565, "edge_key": 0, "length_m": 172.935, "is_bridged": false, "is_bridge": false, "edge_betweenness": 0.0, "width_m": 8.009}}, {"type": "Feature", "geometry": {"type": "LineString", "coordinates": [[73.826281, 15.492509], [73.826198, 15.492495], [73.826002, 15.492413], [73.825765, 15.492371], [73.825709, 15.492384]]}, "properties": {"feature_type": "edge", "u": 533, "v": 548, "edge_key": 0, "length_m": 68.067, "is_bridged": false, "is_bridge": false, "edge_betweenness": 0.0, "width_m": 8.325}}, {"type": "Feature", "geometry": {"type": "LineString", "coordinates": [[73.826281, 15.492509], [73.826282, 15.492455], [73.826409, 15.492266], [73.826987, 15.491428], [73.827043, 15.491388]]}, "properties": {"feature_type": "edge", "u": 533, "v": 564, "edge_key": 0, "length_m": 158.663, "is_bridged": false, "is_bridge": false, "edge_betweenness": 0.0, "width_m": 8.449}}, {"type": "Feature", "geometry": {"type": "LineString", "coordinates": [[73.829637, 15.492541], [73.829903, 15.492501]]}, "properties": {"feature_type": "edge", "u": 534, "v": 538, "edge_key": 0, "length_m": 30.364, "is_bridged": false, "is_bridge": true, "edge_betweenness": 0.0, "width_m": 8.414}}, {"type": "Feature", "geometry": {"type": "LineString", "coordinates": [[73.841871, 15.492605], [73.8419, 15.492565], [73.841928, 15.492565]]}, "properties": {"feature_type": "edge", "u": 535, "v": 543, "edge_key": 0, "length_m": 8.475, "is_bridged": false, "is_bridge": false, "edge_betweenness": 0.0, "width_m": 7.243}}, {"type": "Feature", "geometry": {"type": "LineString", "coordinates": [[73.841997, 15.492592], [73.84197, 15.492538]]}, "properties": {"feature_type": "edge", "u": 536, "v": 544, "edge_key": 0, "length_m": 7.243, "is_bridged": false, "is_bridge": false, "edge_betweenness": 0.0, "width_m": 4.677}}, {"type": "Feature", "geometry": {"type": "LineString", "coordinates": [[73.841997, 15.492592], [73.842039, 15.492579], [73.842054, 15.492525], [73.841998, 15.492497], [73.84197, 15.492538]]}, "properties": {"feature_type": "edge", "u": 536, "v": 544, "edge_key": 1, "length_m": 24.461, "is_bridged": false, "is_bridge": false, "edge_betweenness": 0.0, "width_m": 5.882}}, {"type": "Feature", "geometry": {"type": "LineString", "coordinates": [[73.835244, 15.492543], [73.835188, 15.492529]]}, "properties": {"feature_type": "edge", "u": 537, "v": 540, "edge_key": 0, "length_m": 6.354, "is_bridged": false, "is_bridge": false, "edge_betweenness": 0.0, "width_m": 7.472}}, {"type": "Feature", "geometry": {"type": "LineString", "coordinates": [[73.829903, 15.492501], [73.829835, 15.492162], [73.829807, 15.492135]]}, "properties": {"feature_type": "edge", "u": 538, "v": 560, "edge_key": 0, "length_m": 44.849, "is_bridged": false, "is_bridge": false, "edge_betweenness": 0.0, "width_m": 7.924}}, {"type": "Feature", "geometry": {"type": "LineString", "coordinates": [[73.832014, 15.492499], [73.833664, 15.492508]]}, "properties": {"feature_type": "edge", "u": 539, "v": 541, "edge_key": 0, "length_m": 178.243, "is_bridged": false, "is_bridge": false, "edge_betweenness": 0.0, "width_m": 8.92}}, {"type": "Feature", "geometry": {"type": "LineString", "coordinates": [[73.832014, 15.492499], [73.832016, 15.492268]]}, "properties": {"feature_type": "edge", "u": 539, "v": 554, "edge_key": 0, "length_m": 25.5, "is_bridged": false, "is_bridge": false, "edge_betweenness": 0.0, "width_m": 9.114}}, {"type": "Feature", "geometry": {"type": "LineString", "coordinates": [[73.835188, 15.492529], [73.83509, 15.492502], [73.833958, 15.492441]]}, "properties": {"feature_type": "edge", "u": 540, "v": 545, "edge_key": 0, "length_m": 135.461, "is_bridged": false, "is_bridge": false, "edge_betweenness": 0.0, "width_m": 8.68}}, {"type": "Feature", "geometry": {"type": "LineString", "coordinates": [[73.833664, 15.492508], [73.833958, 15.492523]]}, "properties": {"feature_type": "edge", "u": 541, "v": 542, "edge_key": 0, "length_m": 32.121, "is_bridged": false, "is_bridge": false, "edge_betweenness": 0.0, "width_m": 8.71}}, {"type": "Feature", "geometry": {"type": "LineString", "coordinates": [[73.833958, 15.492523], [73.833958, 15.492441]]}, "properties": {"feature_type": "edge", "u": 542, "v": 545, "edge_key": 0, "length_m": 9.0, "is_bridged": false, "is_bridge": false, "edge_betweenness": 0.0, "width_m": 9.195}}, {"type": "Feature", "geometry": {"type": "LineString", "coordinates": [[73.841928, 15.492565], [73.841942, 15.492538], [73.84197, 15.492538]]}, "properties": {"feature_type": "edge", "u": 543, "v": 544, "edge_key": 0, "length_m": 6.354, "is_bridged": false, "is_bridge": false, "edge_betweenness": 0.0, "width_m": 6.828}}, {"type": "Feature", "geometry": {"type": "LineString", "coordinates": [[73.833958, 15.492441], [73.833818, 15.492414], [73.833455, 15.492398], [73.832322, 15.492392], [73.832253, 15.492378], [73.832099, 15.492282], [73.832016, 15.492268]]}, "properties": {"feature_type": "edge", "u": 545, "v": 554, "edge_key": 0, "length_m": 215.689, "is_bridged": false, "is_bridge": false, "edge_betweenness": 0.0, "width_m": 8.825}}, {"type": "Feature", "geometry": {"type": "LineString", "coordinates": [[73.823947, 15.492375], [73.823782, 15.491913], [73.823769, 15.491791], [73.823784, 15.491601], [73.823855, 15.491398], [73.823897, 15.491344]]}, "properties": {"feature_type": "edge", "u": 547, "v": 565, "edge_key": 0, "length_m": 127.669, "is_bridged": false, "is_bridge": false, "edge_betweenness": 0.0, "width_m": 8.047}}, {"type": "Feature", "geometry": {"type": "LineString", "coordinates": [[73.823947, 15.492375], [73.823653, 15.49236], [73.823599, 15.492327], [73.82343, 15.492345], [73.823304, 15.492317], [73.82315, 15.492316], [73.823011, 15.492289], [73.822997, 15.492261]]}, "properties": {"feature_type": "edge", "u": 547, "v": 553, "edge_key": 0, "length_m": 108.576, "is_bridged": true, "is_bridge": true, "edge_betweenness": 0.0, "width_m": 8.252}}, {"type": "Feature", "geometry": {"type": "LineString", "coordinates": [[73.830519, 15.492315], [73.830981, 15.492236]]}, "properties": {"feature_type": "edge", "u": 552, "v": 556, "edge_key": 0, "length_m": 53.228, "is_bridged": false, "is_bridge": true, "edge_betweenness": 0.0, "width_m": 7.984}}, {"type": "Feature", "geometry": {"type": "LineString", "coordinates": [[73.832016, 15.492268], [73.832028, 15.490113]]}, "properties": {"feature_type": "edge", "u": 554, "v": 582, "edge_key": 0, "length_m": 238.5, "is_bridged": false, "is_bridge": false, "edge_betweenness": 0.0, "width_m": 9.0}}, {"type": "Feature", "geometry": {"type": "LineString", "coordinates": [[73.830981, 15.492236], [73.830955, 15.491924], [73.830913, 15.491869], [73.830452, 15.491867], [73.830382, 15.49184], [73.830313, 15.491744], [73.830258, 15.491513], [73.83026, 15.491215], [73.830302, 15.49108], [73.830404, 15.490497], [73.830474, 15.490335], [73.830573, 15.490213], [73.830741, 15.490147], [73.832028, 15.490113]]}, "properties": {"feature_type": "edge", "u": 556, "v": 582, "edge_key": 0, "length_m": 463.323, "is_bridged": false, "is_bridge": false, "edge_betweenness": 0.0, "width_m": 8.493}}, {"type": "Feature", "geometry": {"type": "LineString", "coordinates": [[73.829513, 15.492215], [73.829807, 15.492135]]}, "properties": {"feature_type": "edge", "u": 557, "v": 560, "edge_key": 0, "length_m": 35.228, "is_bridged": false, "is_bridge": true, "edge_betweenness": 0.0, "width_m": 7.902}}, {"type": "Feature", "geometry": {"type": "LineString", "coordinates": [[73.829807, 15.492135], [73.829807, 15.492081], [73.829697, 15.491822], [73.829294, 15.4914], [73.829224, 15.491372], [73.829225, 15.491291]]}, "properties": {"feature_type": "edge", "u": 560, "v": 567, "edge_key": 0, "length_m": 121.464, "is_bridged": false, "is_bridge": false, "edge_betweenness": 0.0, "width_m": 8.415}}, {"type": "Feature", "geometry": {"type": "LineString", "coordinates": [[73.827043, 15.491388], [73.827043, 15.49132], [73.827114, 15.491185], [73.827257, 15.490657], [73.827314, 15.490359], [73.827301, 15.490169]]}, "properties": {"feature_type": "edge", "u": 564, "v": 580, "edge_key": 0, "length_m": 147.426, "is_bridged": false, "is_bridge": false, "edge_betweenness": 0.0, "width_m": 8.092}}, {"type": "Feature", "geometry": {"type": "LineString", "coordinates": [[73.823897, 15.491344], [73.82394, 15.491168]]}, "properties": {"feature_type": "edge", "u": 565, "v": 568, "edge_key": 0, "length_m": 21.097, "is_bridged": false, "is_bridge": false, "edge_betweenness": 0.0, "width_m": 8.802}}, {"type": "Feature", "geometry": {"type": "LineString", "coordinates": [[73.829225, 15.491291], [73.829127, 15.491236], [73.829044, 15.491155]]}, "properties": {"feature_type": "edge", "u": 567, "v": 569, "edge_key": 0, "length_m": 25.446, "is_bridged": false, "is_bridge": false, "edge_betweenness": 0.0, "width_m": 8.858}}, {"type": "Feature", "geometry": {"type": "LineString", "coordinates": [[73.829225, 15.491291], [73.829309, 15.491183], [73.829522, 15.490655], [73.829565, 15.490493]]}, "properties": {"feature_type": "edge", "u": 567, "v": 574, "edge_key": 0, "length_m": 103.412, "is_bridged": false, "is_bridge": false, "edge_betweenness": 0.0, "width_m": 8.236}}, {"type": "Feature", "geometry": {"type": "LineString", "coordinates": [[73.82394, 15.491168], [73.823592, 15.490868], [73.823536, 15.490854]]}, "properties": {"feature_type": "edge", "u": 568, "v": 571, "edge_key": 0, "length_m": 57.523, "is_bridged": false, "is_bridge": true, "edge_betweenness": 0.0, "width_m": 8.494}}, {"type": "Feature", "geometry": {"type": "LineString", "coordinates": [[73.82394, 15.491168], [73.823968, 15.491168], [73.824038, 15.491101], [73.824151, 15.490952], [73.824362, 15.490736], [73.824404, 15.490682], [73.824404, 15.490642]]}, "properties": {"feature_type": "edge", "u": 568, "v": 572, "edge_key": 0, "length_m": 80.761, "is_bridged": false, "is_bridge": false, "edge_betweenness": 0.0, "width_m": 8.586}}, {"type": "Feature", "geometry": {"type": "LineString", "coordinates": [[73.829044, 15.491155], [73.828946, 15.491127], [73.828779, 15.49099], [73.828742, 15.490068], [73.828785, 15.489865], [73.828813, 15.489825], [73.828855, 15.489784], [73.829136, 15.489664], [73.829178, 15.48961]]}, "properties": {"feature_type": "edge", "u": 569, "v": 585, "edge_key": 0, "length_m": 219.479, "is_bridged": false, "is_bridge": true, "edge_betweenness": 0.0, "width_m": 8.53}}, {"type": "Feature", "geometry": {"type": "LineString", "coordinates": [[73.829044, 15.491155], [73.829076, 15.490314]]}, "properties": {"feature_type": "edge", "u": 569, "v": 577, "edge_key": 0, "length_m": 94.243, "is_bridged": false, "is_bridge": false, "edge_betweenness": 0.0, "width_m": 9.058}}, {"type": "Feature", "geometry": {"type": "LineString", "coordinates": [[73.82299, 15.491068], [73.823003, 15.491109], [73.823143, 15.491232], [73.823198, 15.491232], [73.823536, 15.490854]]}, "properties": {"feature_type": "edge", "u": 570, "v": 571, "edge_key": 0, "length_m": 88.625, "is_bridged": false, "is_bridge": true, "edge_betweenness": 0.0, "width_m": 8.029}}, {"type": "Feature", "geometry": {"type": "LineString", "coordinates": [[73.823536, 15.490854], [73.823536, 15.490827], [73.823467, 15.490759], [73.823049, 15.490458], [73.822993, 15.49039]]}, "properties": {"feature_type": "edge", "u": 571, "v": 575, "edge_key": 0, "length_m": 82.261, "is_bridged": false, "is_bridge": true, "edge_betweenness": 0.0, "width_m": 8.284}}, {"type": "Feature", "geometry": {"type": "LineString", "coordinates": [[73.824404, 15.490642], [73.824126, 15.49041], [73.824056, 15.490369], [73.824, 15.490368]]}, "properties": {"feature_type": "edge", "u": 572, "v": 576, "edge_key": 0, "length_m": 55.926, "is_bridged": false, "is_bridge": true, "edge_betweenness": 0.0, "width_m": 8.624}}, {"type": "Feature", "geometry": {"type": "LineString", "coordinates": [[73.824404, 15.490642], [73.824446, 15.490628], [73.824559, 15.490521], [73.824981, 15.489967], [73.825854, 15.489036], [73.826009, 15.488671], [73.826037, 15.488657]]}, "properties": {"feature_type": "edge", "u": 572, "v": 595, "edge_key": 0, "length_m": 294.675, "is_bridged": false, "is_bridge": false, "edge_betweenness": 0.0, "width_m": 8.439}}, {"type": "Feature", "geometry": {"type": "LineString", "coordinates": [[73.823888, 15.490531], [73.823874, 15.490517], [73.824, 15.490368]]}, "properties": {"feature_type": "edge", "u": 573, "v": 576, "edge_key": 0, "length_m": 24.213, "is_bridged": false, "is_bridge": true, "edge_betweenness": 0.0, "width_m": 8.371}}, {"type": "Feature", "geometry": {"type": "LineString", "coordinates": [[73.829565, 15.490493], [73.829495, 15.490479], [73.829202, 15.490342], [73.829076, 15.490314]]}, "properties": {"feature_type": "edge", "u": 574, "v": 577, "edge_key": 0, "length_m": 60.577, "is_bridged": false, "is_bridge": false, "edge_betweenness": 0.0, "width_m": 8.368}}, {"type": "Feature", "geometry": {"type": "LineString", "coordinates": [[73.829565, 15.490493], [73.829607, 15.490466], [73.829663, 15.490358], [73.829762, 15.490263], [73.830632, 15.489617], [73.830913, 15.489348], [73.830941, 15.489348]]}, "properties": {"feature_type": "edge", "u": 574, "v": 588, "edge_key": 0, "length_m": 203.06, "is_bridged": false, "is_bridge": false, "edge_betweenness": 0.0, "width_m": 8.505}}, {"type": "Feature", "geometry": {"type": "LineString", "coordinates": [[73.824, 15.490368], [73.823973, 15.490287], [73.82343, 15.48985], [73.82336, 15.489809], [73.823318, 15.489809]]}, "properties": {"feature_type": "edge", "u": 576, "v": 583, "edge_key": 0, "length_m": 102.489, "is_bridged": false, "is_bridge": true, "edge_betweenness": 0.0, "width_m": 8.539}}, {"type": "Feature", "geometry": {"type": "LineString", "coordinates": [[73.829076, 15.490314], [73.829091, 15.490138]]}, "properties": {"feature_type": "edge", "u": 577, "v": 581, "edge_key": 0, "length_m": 20.121, "is_bridged": false, "is_bridge": true, "edge_betweenness": 0.0, "width_m": 8.831}}, {"type": "Feature", "geometry": {"type": "LineString", "coordinates": [[73.822994, 15.490214], [73.823023, 15.490133], [73.823318, 15.489809]]}, "properties": {"feature_type": "edge", "u": 578, "v": 583, "edge_key": 0, "length_m": 59.29, "is_bridged": false, "is_bridge": true, "edge_betweenness": 0.0, "width_m": 7.826}}, {"type": "Feature", "geometry": {"type": "LineString", "coordinates": [[73.827776, 15.490212], [73.827301, 15.490169]]}, "properties": {"feature_type": "edge", "u": 579, "v": 580, "edge_key": 0, "length_m": 52.864, "is_bridged": false, "is_bridge": true, "edge_betweenness": 0.0, "width_m": 8.496}}, {"type": "Feature", "geometry": {"type": "LineString", "coordinates": [[73.827301, 15.490169], [73.827126, 15.488948]]}, "properties": {"feature_type": "edge", "u": 580, "v": 590, "edge_key": 0, "length_m": 142.432, "is_bridged": false, "is_bridge": false, "edge_betweenness": 0.0, "width_m": 8.365}}, {"type": "Feature", "geometry": {"type": "LineString", "coordinates": [[73.832028, 15.490113], [73.83203, 15.489638]]}, "properties": {"feature_type": "edge", "u": 582, "v": 584, "edge_key": 0, "length_m": 52.5, "is_bridged": false, "is_bridge": false, "edge_betweenness": 0.0, "width_m": 9.0}}, {"type": "Feature", "geometry": {"type": "LineString", "coordinates": [[73.823318, 15.489809], [73.823305, 15.489741], [73.82311, 15.489564]]}, "properties": {"feature_type": "edge", "u": 583, "v": 586, "edge_key": 0, "length_m": 37.198, "is_bridged": false, "is_bridge": true, "edge_betweenness": 0.0, "width_m": 8.618}}, {"type": "Feature", "geometry": {"type": "LineString", "coordinates": [[73.83203, 15.489638], [73.83189, 15.489637], [73.831444, 15.489554], [73.831276, 15.489458], [73.830941, 15.489348]]}, "properties": {"feature_type": "edge", "u": 584, "v": 588, "edge_key": 0, "length_m": 130.048, "is_bridged": false, "is_bridge": false, "edge_betweenness": 0.0, "width_m": 8.163}}, {"type": "Feature", "geometry": {"type": "LineString", "coordinates": [[73.83203, 15.489638], [73.83202, 15.489069]]}, "properties": {"feature_type": "edge", "u": 584, "v": 589, "edge_key": 0, "length_m": 63.621, "is_bridged": false, "is_bridge": true, "edge_betweenness": 0.0, "width_m": 8.858}}, {"type": "Feature", "geometry": {"type": "LineString", "coordinates": [[73.829178, 15.48961], [73.829262, 15.48961], [73.829444, 15.489557]]}, "properties": {"feature_type": "edge", "u": 585, "v": 587, "edge_key": 0, "length_m": 30.985, "is_bridged": false, "is_bridge": true, "edge_betweenness": 0.0, "width_m": 8.25}}, {"type": "Feature", "geometry": {"type": "LineString", "coordinates": [[73.830941, 15.489348], [73.830942, 15.48928], [73.831168, 15.488861], [73.831309, 15.488523], [73.831411, 15.487954]]}, "properties": {"feature_type": "edge", "u": 588, "v": 604, "edge_key": 0, "length_m": 175.004, "is_bridged": false, "is_bridge": true, "edge_betweenness": 0.0, "width_m": 8.251}}, {"type": "Feature", "geometry": {"type": "LineString", "coordinates": [[73.83202, 15.489069], [73.832537, 15.489071], [73.832565, 15.488977], [73.832553, 15.488665]]}, "properties": {"feature_type": "edge", "u": 589, "v": 596, "edge_key": 0, "length_m": 102.364, "is_bridged": false, "is_bridge": true, "edge_betweenness": 0.0, "width_m": 8.831}}, {"type": "Feature", "geometry": {"type": "LineString", "coordinates": [[73.83202, 15.489069], [73.832012, 15.487957]]}, "properties": {"feature_type": "edge", "u": 589, "v": 605, "edge_key": 0, "length_m": 123.621, "is_bridged": false, "is_bridge": true, "edge_betweenness": 0.0, "width_m": 8.927}}, {"type": "Feature", "geometry": {"type": "LineString", "coordinates": [[73.827126, 15.488948], [73.827756, 15.488965], [73.828231, 15.488899], [73.829701, 15.488582], [73.829828, 15.48846], [73.829898, 15.488352], [73.829955, 15.488163], [73.829956, 15.487946]]}, "properties": {"feature_type": "edge", "u": 590, "v": 603, "edge_key": 0, "length_m": 377.188, "is_bridged": false, "is_bridge": true, "edge_betweenness": 0.0, "width_m": 8.234}}, {"type": "Feature", "geometry": {"type": "LineString", "coordinates": [[73.827126, 15.488948], [73.826037, 15.488657]]}, "properties": {"feature_type": "edge", "u": 590, "v": 595, "edge_key": 0, "length_m": 129.781, "is_bridged": false, "is_bridge": false, "edge_betweenness": 0.0, "width_m": 7.996}}, {"type": "Feature", "geometry": {"type": "LineString", "coordinates": [[73.827126, 15.488948], [73.827019, 15.488188], [73.826964, 15.487944]]}, "properties": {"feature_type": "edge", "u": 590, "v": 599, "edge_key": 0, "length_m": 118.456, "is_bridged": false, "is_bridge": true, "edge_betweenness": 0.0, "width_m": 8.232}}, {"type": "Feature", "geometry": {"type": "LineString", "coordinates": [[73.824443, 15.488757], [73.824485, 15.488717], [73.824667, 15.488718], [73.824835, 15.488678], [73.824849, 15.488651]]}, "properties": {"feature_type": "edge", "u": 591, "v": 594, "edge_key": 0, "length_m": 49.961, "is_bridged": false, "is_bridge": true, "edge_betweenness": 0.0, "width_m": 8.05}}, {"type": "Feature", "geometry": {"type": "LineString", "coordinates": [[73.824261, 15.488743], [73.824052, 15.488728], [73.823842, 15.488673], [73.823465, 15.48863], [73.823059, 15.488682], [73.823017, 15.488709]]}, "properties": {"feature_type": "edge", "u": 592, "v": 593, "edge_key": 0, "length_m": 142.198, "is_bridged": false, "is_bridge": true, "edge_betweenness": 0.0, "width_m": 8.198}}, {"type": "Feature", "geometry": {"type": "LineString", "coordinates": [[73.824849, 15.488651], [73.824919, 15.488638], [73.825284, 15.488328], [73.825369, 15.488206], [73.825496, 15.487949], [73.825538, 15.487922]]}, "properties": {"feature_type": "edge", "u": 594, "v": 601, "edge_key": 0, "length_m": 118.207, "is_bridged": false, "is_bridge": true, "edge_betweenness": 0.0, "width_m": 8.426}}, {"type": "Feature", "geometry": {"type": "LineString", "coordinates": [[73.824849, 15.488651], [73.824726, 15.488176], [73.824699, 15.487918]]}, "properties": {"feature_type": "edge", "u": 594, "v": 600, "edge_key": 0, "length_m": 87.567, "is_bridged": false, "is_bridge": true, "edge_betweenness": 0.0, "width_m": 8.045}}, {"type": "Feature", "geometry": {"type": "LineString", "coordinates": [[73.826037, 15.488657], [73.826053, 15.488359]]}, "properties": {"feature_type": "edge", "u": 595, "v": 598, "edge_key": 0, "length_m": 33.621, "is_bridged": false, "is_bridge": true, "edge_betweenness": 0.0, "width_m": 8.77}}, {"type": "Feature", "geometry": {"type": "LineString", "coordinates": [[73.826835, 15.488499], [73.826794, 15.488472], [73.826053, 15.488359]]}, "properties": {"feature_type": "edge", "u": 597, "v": 598, "edge_key": 0, "length_m": 90.213, "is_bridged": false, "is_bridge": true, "edge_betweenness": 0.0, "width_m": 7.978}}, {"type": "Feature", "geometry": {"type": "LineString", "coordinates": [[73.826053, 15.488359], [73.826083, 15.487966], [73.82607, 15.487925]]}, "properties": {"feature_type": "edge", "u": 598, "v": 602, "edge_key": 0, "length_m": 49.864, "is_bridged": false, "is_bridge": true, "edge_betweenness": 0.0, "width_m": 8.45}}], "meta": {"heal": {"connectivity_ratio_pct": 8.92, "components_before": 8, "components_after": 3, "bridges_added": 5, "bridges_rejected_crossing": 0, "bridges_rejected_corridor": 0}, "simplify": {"nodes_before": 629, "nodes_after": 573, "node_reduction_pct": 8.9, "stubs_pruned": 25, "nodes_collapsed": 31}, "polyline": {"vertices_before": 23049, "vertices_after": 2514, "vertex_reduction_pct": 89.1}, "coordinate_frame": {"coordinates": "wgs84", "crs": "EPSG:4326", "axis_order": "x,y", "length_unit": "metre"}}}