{
  "n_test_chips": 127,
  "n_test_tiles": 449,
  "threshold": 0.44,
  "image_size": 512,
  "grayscale": true,
  "models": {
    "road_pan.pt": {
      "iou": 0.34175357660682254,
      "dice": 0.5094133268063811
    },
    "road_spacenet.pt": {
      "iou": 0.3752248826608057,
      "dice": 0.5456923989548723
    },
    "deepglobe_mit_b3_scse_512px_best.pt": {
      "iou": 0.31831531572939115,
      "dice": 0.48291226223564454
    }
  }
}