{
  "n_test_chips": 127,
  "n_test_tiles": 449,
  "threshold": 0.44,
  "image_size": 512,
  "grayscale": false,
  "models": {
    "road_spacenet.pt": {
      "iou": 0.4311306502831549,
      "dice": 0.6025035522757509
    },
    "deepglobe_mit_b3_scse_512px_best.pt": {
      "iou": 0.37517324976421085,
      "dice": 0.545637794842994
    }
  }
}