{
  "n_test_chips": 127,
  "n_test_tiles": 449,
  "threshold": 0.44,
  "image_size": 512,
  "grayscale": true,
  "models": {
    "road_spacenet.pt": {
      "iou": 0.38111135525117934,
      "dice": 0.5444936820231707
    },
    "deepglobe_mit_b3_scse_512px_best.pt": {
      "iou": 0.32354190734635413,
      "dice": 0.4804779731594356
    }
  }
}