{"type": "FeatureCollection", "features": [{"type": "Feature", "geometry": {"type": "Point", "coordinates": [72.556329, 23.041491]}, "properties": {"feature_type": "node", "node_id": 0, "degree": 1, "type": "endpoint", "betweenness": 0.0, "is_critical": false, "is_articulation": false}}, {"type": "Feature", "geometry": {"type": "Point", "coordinates": [72.557168, 23.041504]}, "properties": {"feature_type": "node", "node_id": 1, "degree": 1, "type": "endpoint", "betweenness": 0.0, "is_critical": false, "is_articulation": false}}, {"type": "Feature", "geometry": {"type": "Point", "coordinates": [72.558982, 23.041496]}, "properties": {"feature_type": "node", "node_id": 2, "degree": 1, "type": "endpoint", "betweenness": 0.0, "is_critical": false, "is_articulation": false}}, {"type": "Feature", "geometry": {"type": "Point", "coordinates": [72.559372, 23.041502]}, "properties": {"feature_type": "node", "node_id": 3, "degree": 1, "type": "endpoint", "betweenness": 0.0, "is_critical": false, "is_articulation": false}}, {"type": "Feature", "geometry": {"type": "Point", "coordinates": [72.561401, 23.041497]}, "properties": {"feature_type": "node", "node_id": 4, "degree": 1, "type": "endpoint", "betweenness": 0.0, "is_critical": false, "is_articulation": false}}, {"type": "Feature", "geometry": {"type": "Point", "coordinates": [72.56304, 23.041504]}, "properties": {"feature_type": "node", "node_id": 6, "degree": 1, "type": "endpoint", "betweenness": 0.0, "is_critical": false, "is_articulation": false}}, {"type": "Feature", "geometry": {"type": "Point", "coordinates": [72.56312, 23.041415]}, "properties": {"feature_type": "node", "node_id": 9, "degree": 5, "type": "intersection", "betweenness": 0.004630864279840878, "is_critical": false, "is_articulation": true}}, {"type": "Feature", "geometry": {"type": "Point", "coordinates": [72.565791, 23.041492]}, "properties": {"feature_type": "node", "node_id": 10, "degree": 1, "type": "endpoint", "betweenness": 0.0, "is_critical": false, "is_articulation": false}}, {"type": "Feature", "geometry": {"type": "Point", "coordinates": [72.5678, 23.041505]}, "properties": {"feature_type": "node", "node_id": 11, "degree": 1, "type": "endpoint", "betweenness": 0.0, "is_critical": false, "is_articulation": false}}, {"type": "Feature", "geometry": {"type": "Point", "coordinates": [72.566182, 23.041462]}, "properties": {"feature_type": "node", "node_id": 12, "degree": 1, "type": "endpoint", "betweenness": 0.0, "is_critical": false, "is_articulation": false}}, {"type": "Feature", "geometry": {"type": "Point", "coordinates": [72.56197, 23.041343]}, "properties": {"feature_type": "node", "node_id": 14, "degree": 3, "type": "intersection", "betweenness": 0.006933795586372425, "is_critical": false, "is_articulation": true}}, {"type": "Feature", "geometry": {"type": "Point", "coordinates": [72.57061, 23.041494]}, "properties": {"feature_type": "node", "node_id": 15, "degree": 1, "type": "endpoint", "betweenness": 0.0, "is_critical": false, "is_articulation": false}}, {"type": "Feature", "geometry": {"type": "Point", "coordinates": [72.561405, 23.041316]}, "properties": {"feature_type": "node", "node_id": 16, "degree": 3, "type": "intersection", "betweenness": 0.004630864279840878, "is_critical": false, "is_articulation": true}}, {"type": "Feature", "geometry": {"type": "Point", "coordinates": [72.563161, 23.041307]}, "properties": {"feature_type": "node", "node_id": 17, "degree": 6, "type": "intersection", "betweenness": 0.009242282818854591, "is_critical": false, "is_articulation": true}}, {"type": "Feature", "geometry": {"type": "Point", "coordinates": [72.571683, 23.041493]}, "properties": {"feature_type": "node", "node_id": 20, "degree": 1, "type": "endpoint", "betweenness": 0.0, "is_critical": false, "is_articulation": false}}, {"type": "Feature", "geometry": {"type": "Point", "coordinates": [72.560781, 23.041271]}, "properties": {"feature_type": "node", "node_id": 21, "degree": 1, "type": "endpoint", "betweenness": 0.0, "is_critical": false, "is_articulation": false}}, {"type": "Feature", "geometry": {"type": "Point", "coordinates": [72.56948, 23.041369]}, "properties": {"feature_type": "node", "node_id": 22, "degree": 4, "type": "intersection", "betweenness": 9.722870413583128e-06, "is_critical": false, "is_articulation": false}}, {"type": "Feature", "geometry": {"type": "Point", "coordinates": [72.569383, 23.041367]}, "properties": {"feature_type": "node", "node_id": 24, "degree": 3, "type": "intersection", "betweenness": 0.0008028312998644354, "is_critical": false, "is_articulation": false}}, {"type": "Feature", "geometry": {"type": "Point", "coordinates": [72.56322, 23.041254]}, "properties": {"feature_type": "node", "node_id": 25, "degree": 3, "type": "intersection", "betweenness": 0.002639064826543992, "is_critical": false, "is_articulation": false}}, {"type": "Feature", "geometry": {"type": "Point", "coordinates": [72.557194, 23.041143]}, "properties": {"feature_type": "node", "node_id": 26, "degree": 3, "type": "intersection", "betweenness": 0.009242282818854591, "is_critical": false, "is_articulation": true}}, {"type": "Feature", "geometry": {"type": "Point", "coordinates": [72.555224, 23.041113]}, "properties": {"feature_type": "node", "node_id": 27, "degree": 1, "type": "endpoint", "betweenness": 0.0, "is_critical": false, "is_articulation": false}}, {"type": "Feature", "geometry": {"type": "Point", "coordinates": [72.559378, 23.041177]}, "properties": {"feature_type": "node", "node_id": 28, "degree": 1, "type": "endpoint", "betweenness": 0.0, "is_critical": false, "is_articulation": false}}, {"type": "Feature", "geometry": {"type": "Point", "coordinates": [72.563142, 23.041235]}, "properties": {"feature_type": "node", "node_id": 29, "degree": 3, "type": "intersection", "betweenness": 0.009578416338867036, "is_critical": false, "is_articulation": false}}, {"type": "Feature", "geometry": {"type": "Point", "coordinates": [72.556317, 23.041093]}, "properties": {"feature_type": "node", "node_id": 30, "degree": 3, "type": "intersection", "betweenness": 0.004630864279840878, "is_critical": false, "is_articulation": true}}, {"type": "Feature", "geometry": {"type": "Point", "coordinates": [72.56956, 23.04128]}, "properties": {"feature_type": "node", "node_id": 31, "degree": 3, "type": "intersection", "betweenness": 1.527879636420206e-05, "is_critical": false, "is_articulation": false}}, {"type": "Feature", "geometry": {"type": "Point", "coordinates": [72.563261, 23.041164]}, "properties": {"feature_type": "node", "node_id": 32, "degree": 3, "type": "intersection", "betweenness": 0.004222503722470387, "is_critical": false, "is_articulation": false}}, {"type": "Feature", "geometry": {"type": "Point", "coordinates": [72.569502, 23.041279]}, "properties": {"feature_type": "node", "node_id": 33, "degree": 3, "type": "intersection", "betweenness": 0.002320988065871058, "is_critical": false, "is_articulation": false}}, {"type": "Feature", "geometry": {"type": "Point", "coordinates": [72.569366, 23.04124]}, "properties": {"feature_type": "node", "node_id": 34, "degree": 3, "type": "intersection", "betweenness": 0.0031043736249083275, "is_critical": false, "is_articulation": false}}, {"type": "Feature", "geometry": {"type": "Point", "coordinates": [72.563183, 23.041145]}, "properties": {"feature_type": "node", "node_id": 35, "degree": 3, "type": "intersection", "betweenness": 0.011864679867546725, "is_critical": false, "is_articulation": false}}, {"type": "Feature", "geometry": {"type": "Point", "coordinates": [72.569463, 23.041242]}, "properties": {"feature_type": "node", "node_id": 36, "degree": 3, "type": "intersection", "betweenness": 0.0046211414094272955, "is_critical": false, "is_articulation": false}}, {"type": "Feature", "geometry": {"type": "Point", "coordinates": [72.566286, 23.041103]}, "properties": {"feature_type": "node", "node_id": 37, "degree": 3, "type": "intersection", "betweenness": 0.002316821121408094, "is_critical": false, "is_articulation": true}}, {"type": "Feature", "geometry": {"type": "Point", "coordinates": [72.571649, 23.041185]}, "properties": {"feature_type": "node", "node_id": 38, "degree": 3, "type": "intersection", "betweenness": 0.002316821121408094, "is_critical": false, "is_articulation": true}}, {"type": "Feature", "geometry": {"type": "Point", "coordinates": [72.563322, 23.041021]}, "properties": {"feature_type": "node", "node_id": 39, "degree": 3, "type": "intersection", "betweenness": 0.006497655399248839, "is_critical": false, "is_articulation": false}}, {"type": "Feature", "geometry": {"type": "Point", "coordinates": [72.569446, 23.041115]}, "properties": {"feature_type": "node", "node_id": 40, "degree": 4, "type": "intersection", "betweenness": 0.007704680312020802, "is_critical": false, "is_articulation": false}}, {"type": "Feature", "geometry": {"type": "Point", "coordinates": [72.569544, 23.041117]}, "properties": {"feature_type": "node", "node_id": 41, "degree": 3, "type": "intersection", "betweenness": 0.0015126008400560037, "is_critical": false, "is_articulation": false}}, {"type": "Feature", "geometry": {"type": "Point", "coordinates": [72.558563, 23.040948]}, "properties": {"feature_type": "node", "node_id": 42, "degree": 1, "type": "endpoint", "betweenness": 0.0, "is_critical": false, "is_articulation": false}}, {"type": "Feature", "geometry": {"type": "Point", "coordinates": [72.569349, 23.041096]}, "properties": {"feature_type": "node", "node_id": 43, "degree": 3, "type": "intersection", "betweenness": 0.009356179300842279, "is_critical": false, "is_articulation": false}}, {"type": "Feature", "geometry": {"type": "Point", "coordinates": [72.563244, 23.041002]}, "properties": {"feature_type": "node", "node_id": 44, "degree": 3, "type": "intersection", "betweenness": 0.014134275618374558, "is_critical": false, "is_articulation": false}}, {"type": "Feature", "geometry": {"type": "Point", "coordinates": [72.571633, 23.041022]}, "properties": {"feature_type": "node", "node_id": 45, "degree": 4, "type": "intersection", "betweenness": 0.0046280863168655685, "is_critical": false, "is_articulation": true}}, {"type": "Feature", "geometry": {"type": "Point", "coordinates": [72.563383, 23.040877]}, "properties": {"feature_type": "node", "node_id": 46, "degree": 3, "type": "intersection", "betweenness": 0.008767251150076672, "is_critical": false, "is_articulation": false}}, {"type": "Feature", "geometry": {"type": "Point", "coordinates": [72.569527, 23.040972]}, "properties": {"feature_type": "node", "node_id": 47, "degree": 3, "type": "intersection", "betweenness": 0.0030057559392848415, "is_critical": false, "is_articulation": false}}, {"type": "Feature", "geometry": {"type": "Point", "coordinates": [72.569312, 23.040951]}, "properties": {"feature_type": "node", "node_id": 48, "degree": 3, "type": "intersection", "betweenness": 0.013200880058670579, "is_critical": false, "is_articulation": false}}, {"type": "Feature", "geometry": {"type": "Point", "coordinates": [72.569468, 23.040971]}, "properties": {"feature_type": "node", "node_id": 49, "degree": 3, "type": "intersection", "betweenness": 0.0060017890081560995, "is_critical": false, "is_articulation": false}}, {"type": "Feature", "geometry": {"type": "Point", "coordinates": [72.563325, 23.040859]}, "properties": {"feature_type": "node", "node_id": 50, "degree": 3, "type": "intersection", "betweenness": 0.018479009711758563, "is_critical": false, "is_articulation": false}}, {"type": "Feature", "geometry": {"type": "Point", "coordinates": [72.56943, 23.040934]}, "properties": {"feature_type": "node", "node_id": 51, "degree": 3, "type": "intersection", "betweenness": 0.008269995777496278, "is_critical": false, "is_articulation": false}}, {"type": "Feature", "geometry": {"type": "Point", "coordinates": [72.569471, 23.040809]}, "properties": {"feature_type": "node", "node_id": 52, "degree": 4, "type": "intersection", "betweenness": 0.014217614507633843, "is_critical": false, "is_articulation": false}}, {"type": "Feature", "geometry": {"type": "Point", "coordinates": [72.569296, 23.040788]}, "properties": {"feature_type": "node", "node_id": 53, "degree": 3, "type": "intersection", "betweenness": 0.017795630819832434, "is_critical": false, "is_articulation": false}}, {"type": "Feature", "geometry": {"type": "Point", "coordinates": [72.569413, 23.040772]}, "properties": {"feature_type": "node", "node_id": 54, "degree": 3, "type": "intersection", "betweenness": 0.00797414272062582, "is_critical": false, "is_articulation": false}}, {"type": "Feature", "geometry": {"type": "Point", "coordinates": [72.566391, 23.040689]}, "properties": {"feature_type": "node", "node_id": 55, "degree": 3, "type": "intersection", "betweenness": 0.0046280863168655685, "is_critical": false, "is_articulation": true}}, {"type": "Feature", "geometry": {"type": "Point", "coordinates": [72.569454, 23.040646]}, "properties": {"feature_type": "node", "node_id": 56, "degree": 4, "type": "intersection", "betweenness": 0.016398315443251772, "is_critical": false, "is_articulation": false}}, {"type": "Feature", "geometry": {"type": "Point", "coordinates": [72.561224, 23.040501]}, "properties": {"feature_type": "node", "node_id": 57, "degree": 1, "type": "endpoint", "betweenness": 0.0, "is_critical": false, "is_articulation": false}}, {"type": "Feature", "geometry": {"type": "Point", "coordinates": [72.569438, 23.040501]}, "properties": {"feature_type": "node", "node_id": 58, "degree": 3, "type": "intersection", "betweenness": 0.018623463786474656, "is_critical": false, "is_articulation": false}}, {"type": "Feature", "geometry": {"type": "Point", "coordinates": [72.563587, 23.040375]}, "properties": {"feature_type": "node", "node_id": 59, "degree": 3, "type": "intersection", "betweenness": 0.01152299042158366, "is_critical": false, "is_articulation": false}}, {"type": "Feature", "geometry": {"type": "Point", "coordinates": [72.563509, 23.040374]}, "properties": {"feature_type": "node", "node_id": 60, "degree": 3, "type": "intersection", "betweenness": 0.021409760650710048, "is_critical": false, "is_articulation": false}}, {"type": "Feature", "geometry": {"type": "Point", "coordinates": [72.569439, 23.040447]}, "properties": {"feature_type": "node", "node_id": 61, "degree": 4, "type": "intersection", "betweenness": 0.02311265195457475, "is_critical": false, "is_articulation": true}}, {"type": "Feature", "geometry": {"type": "Point", "coordinates": [72.569244, 23.040426]}, "properties": {"feature_type": "node", "node_id": 62, "degree": 3, "type": "intersection", "betweenness": 0.019959663977598508, "is_critical": false, "is_articulation": false}}, {"type": "Feature", "geometry": {"type": "Point", "coordinates": [72.569364, 23.040247]}, "properties": {"feature_type": "node", "node_id": 63, "degree": 13, "type": "intersection", "betweenness": 0.07837189145943063, "is_critical": true, "is_articulation": true}}, {"type": "Feature", "geometry": {"type": "Point", "coordinates": [72.569538, 23.04034]}, "properties": {"feature_type": "node", "node_id": 64, "degree": 4, "type": "intersection", "betweenness": 0.004253061315198791, "is_critical": false, "is_articulation": true}}, {"type": "Feature", "geometry": {"type": "Point", "coordinates": [72.557232, 23.040115]}, "properties": {"feature_type": "node", "node_id": 65, "degree": 4, "type": "intersection", "betweenness": 0.013831477654065828, "is_critical": false, "is_articulation": true}}, {"type": "Feature", "geometry": {"type": "Point", "coordinates": [72.567822, 23.040278]}, "properties": {"feature_type": "node", "node_id": 66, "degree": 3, "type": "intersection", "betweenness": 0.07281318754583639, "is_critical": true, "is_articulation": true}}, {"type": "Feature", "geometry": {"type": "Point", "coordinates": [72.569071, 23.040297]}, "properties": {"feature_type": "node", "node_id": 67, "degree": 4, "type": "intersection", "betweenness": 0.07266595550814499, "is_critical": false, "is_articulation": false}}, {"type": "Feature", "geometry": {"type": "Point", "coordinates": [72.569734, 23.040307]}, "properties": {"feature_type": "node", "node_id": 68, "degree": 3, "type": "intersection", "betweenness": 0.00037780296464208724, "is_critical": false, "is_articulation": false}}, {"type": "Feature", "geometry": {"type": "Point", "coordinates": [72.558481, 23.040098]}, "properties": {"feature_type": "node", "node_id": 69, "degree": 3, "type": "intersection", "betweenness": 0.011946166781489133, "is_critical": false, "is_articulation": true}}, {"type": "Feature", "geometry": {"type": "Point", "coordinates": [72.566789, 23.040244]}, "properties": {"feature_type": "node", "node_id": 70, "degree": 3, "type": "intersection", "betweenness": 0.0013445340800497811, "is_critical": false, "is_articulation": false}}, {"type": "Feature", "geometry": {"type": "Point", "coordinates": [72.566984, 23.040247]}, "properties": {"feature_type": "node", "node_id": 71, "degree": 3, "type": "intersection", "betweenness": 0.0017417827855190347, "is_critical": false, "is_articulation": false}}, {"type": "Feature", "geometry": {"type": "Point", "coordinates": [72.567277, 23.040233]}, "properties": {"feature_type": "node", "node_id": 72, "degree": 4, "type": "intersection", "betweenness": 0.0738743694024046, "is_critical": true, "is_articulation": true}}, {"type": "Feature", "geometry": {"type": "Point", "coordinates": [72.568466, 23.04027]}, "properties": {"feature_type": "node", "node_id": 73, "degree": 3, "type": "intersection", "betweenness": 0.07259372847078695, "is_critical": false, "is_articulation": false}}, {"type": "Feature", "geometry": {"type": "Point", "coordinates": [72.558227, 23.040094]}, "properties": {"feature_type": "node", "node_id": 74, "degree": 3, "type": "intersection", "betweenness": 0.018153988043647356, "is_critical": false, "is_articulation": false}}, {"type": "Feature", "geometry": {"type": "Point", "coordinates": [72.566497, 23.040221]}, "properties": {"feature_type": "node", "node_id": 75, "degree": 3, "type": "intersection", "betweenness": 0.006933795586372425, "is_critical": false, "is_articulation": true}}, {"type": "Feature", "geometry": {"type": "Point", "coordinates": [72.567199, 23.040214]}, "properties": {"feature_type": "node", "node_id": 76, "degree": 3, "type": "intersection", "betweenness": 0.07397993199546636, "is_critical": true, "is_articulation": false}}, {"type": "Feature", "geometry": {"type": "Point", "coordinates": [72.559047, 23.040052]}, "properties": {"feature_type": "node", "node_id": 77, "degree": 4, "type": "intersection", "betweenness": 0.014387996236786155, "is_critical": false, "is_articulation": true}}, {"type": "Feature", "geometry": {"type": "Point", "coordinates": [72.569949, 23.040256]}, "properties": {"feature_type": "node", "node_id": 78, "degree": 3, "type": "intersection", "betweenness": 0.03256328199657755, "is_critical": false, "is_articulation": false}}, {"type": "Feature", "geometry": {"type": "Point", "coordinates": [72.569735, 23.040217]}, "properties": {"feature_type": "node", "node_id": 79, "degree": 3, "type": "intersection", "betweenness": 0.03338278107429384, "is_critical": false, "is_articulation": false}}, {"type": "Feature", "geometry": {"type": "Point", "coordinates": [72.570437, 23.040228]}, "properties": {"feature_type": "node", "node_id": 80, "degree": 4, "type": "intersection", "betweenness": 0.043086205747049806, "is_critical": false, "is_articulation": true}}, {"type": "Feature", "geometry": {"type": "Point", "coordinates": [72.570632, 23.040249]}, "properties": {"feature_type": "node", "node_id": 81, "degree": 3, "type": "intersection", "betweenness": 0.03925539480409805, "is_critical": false, "is_articulation": false}}, {"type": "Feature", "geometry": {"type": "Point", "coordinates": [72.57153, 23.040208]}, "properties": {"feature_type": "node", "node_id": 82, "degree": 5, "type": "intersection", "betweenness": 0.03327444051825677, "is_critical": false, "is_articulation": false}}, {"type": "Feature", "geometry": {"type": "Point", "coordinates": [72.571647, 23.040246]}, "properties": {"feature_type": "node", "node_id": 83, "degree": 3, "type": "intersection", "betweenness": 0.0001750116674444963, "is_critical": false, "is_articulation": false}}, {"type": "Feature", "geometry": {"type": "Point", "coordinates": [72.555224, 23.039993]}, "properties": {"feature_type": "node", "node_id": 84, "degree": 1, "type": "endpoint", "betweenness": 0.0, "is_critical": false, "is_articulation": false}}, {"type": "Feature", "geometry": {"type": "Point", "coordinates": [72.557234, 23.040006]}, "properties": {"feature_type": "node", "node_id": 85, "degree": 3, "type": "intersection", "betweenness": 0.002316821121408094, "is_critical": false, "is_articulation": true}}, {"type": "Feature", "geometry": {"type": "Point", "coordinates": [72.566986, 23.040157]}, "properties": {"feature_type": "node", "node_id": 86, "degree": 3, "type": "intersection", "betweenness": 0.07516890014889882, "is_critical": true, "is_articulation": false}}, {"type": "Feature", "geometry": {"type": "Point", "coordinates": [72.570847, 23.040234]}, "properties": {"feature_type": "node", "node_id": 87, "degree": 3, "type": "intersection", "betweenness": 0.03759417294486299, "is_critical": false, "is_articulation": false}}, {"type": "Feature", "geometry": {"type": "Point", "coordinates": [72.570906, 23.040235]}, "properties": {"feature_type": "node", "node_id": 88, "degree": 3, "type": "intersection", "betweenness": 0.035927395159677314, "is_critical": false, "is_articulation": false}}, {"type": "Feature", "geometry": {"type": "Point", "coordinates": [72.558229, 23.040004]}, "properties": {"feature_type": "node", "node_id": 89, "degree": 4, "type": "intersection", "betweenness": 0.015325095747123886, "is_critical": false, "is_articulation": false}}, {"type": "Feature", "geometry": {"type": "Point", "coordinates": [72.566791, 23.040136]}, "properties": {"feature_type": "node", "node_id": 90, "degree": 3, "type": "intersection", "betweenness": 0.07851912349712203, "is_critical": true, "is_articulation": false}}, {"type": "Feature", "geometry": {"type": "Point", "coordinates": [72.571159, 23.040221]}, "properties": {"feature_type": "node", "node_id": 91, "degree": 4, "type": "intersection", "betweenness": 0.03428561904126942, "is_critical": false, "is_articulation": false}}, {"type": "Feature", "geometry": {"type": "Point", "coordinates": [72.559633, 23.040025]}, "properties": {"feature_type": "node", "node_id": 92, "degree": 3, "type": "intersection", "betweenness": 0.01602792037987718, "is_critical": false, "is_articulation": false}}, {"type": "Feature", "geometry": {"type": "Point", "coordinates": [72.571452, 23.040207]}, "properties": {"feature_type": "node", "node_id": 93, "degree": 3, "type": "intersection", "betweenness": 0.032899415516589994, "is_critical": false, "is_articulation": false}}, {"type": "Feature", "geometry": {"type": "Point", "coordinates": [72.566518, 23.040095]}, "properties": {"feature_type": "node", "node_id": 94, "degree": 4, "type": "intersection", "betweenness": 0.10387359157277153, "is_critical": true, "is_articulation": false}}, {"type": "Feature", "geometry": {"type": "Point", "coordinates": [72.56921, 23.040155]}, "properties": {"feature_type": "node", "node_id": 95, "degree": 3, "type": "intersection", "betweenness": 0.0272657066026624, "is_critical": false, "is_articulation": false}}, {"type": "Feature", "geometry": {"type": "Point", "coordinates": [72.571667, 23.040174]}, "properties": {"feature_type": "node", "node_id": 96, "degree": 5, "type": "intersection", "betweenness": 0.045791941685001225, "is_critical": false, "is_articulation": true}}, {"type": "Feature", "geometry": {"type": "Point", "coordinates": [72.57196, 23.040161]}, "properties": {"feature_type": "node", "node_id": 97, "degree": 4, "type": "intersection", "betweenness": 0.04306953796919795, "is_critical": false, "is_articulation": true}}, {"type": "Feature", "geometry": {"type": "Point", "coordinates": [72.572213, 23.040201]}, "properties": {"feature_type": "node", "node_id": 98, "degree": 3, "type": "intersection", "betweenness": 0.013621741449429962, "is_critical": false, "is_articulation": false}}, {"type": "Feature", "geometry": {"type": "Point", "coordinates": [72.559049, 23.039962]}, "properties": {"feature_type": "node", "node_id": 99, "degree": 3, "type": "intersection", "betweenness": 0.008765399174759799, "is_critical": false, "is_articulation": false}}, {"type": "Feature", "geometry": {"type": "Point", "coordinates": [72.566109, 23.040071]}, "properties": {"feature_type": "node", "node_id": 100, "degree": 3, "type": "intersection", "betweenness": 0.01007844967442274, "is_critical": false, "is_articulation": true}}, {"type": "Feature", "geometry": {"type": "Point", "coordinates": [72.567825, 23.040115]}, "properties": {"feature_type": "node", "node_id": 101, "degree": 3, "type": "intersection", "betweenness": 0.00254461408538347, "is_critical": false, "is_articulation": false}}, {"type": "Feature", "geometry": {"type": "Point", "coordinates": [72.572467, 23.040187]}, "properties": {"feature_type": "node", "node_id": 102, "degree": 3, "type": "intersection", "betweenness": 0.0114021490321577, "is_critical": false, "is_articulation": false}}, {"type": "Feature", "geometry": {"type": "Point", "coordinates": [72.558873, 23.039959]}, "properties": {"feature_type": "node", "node_id": 103, "degree": 3, "type": "intersection", "betweenness": 0.005710565889577822, "is_critical": false, "is_articulation": false}}, {"type": "Feature", "geometry": {"type": "Point", "coordinates": [72.572721, 23.040173]}, "properties": {"feature_type": "node", "node_id": 104, "degree": 3, "type": "intersection", "betweenness": 0.009164499855545925, "is_critical": false, "is_articulation": false}}, {"type": "Feature", "geometry": {"type": "Point", "coordinates": [72.555207, 23.039885]}, "properties": {"feature_type": "node", "node_id": 105, "degree": 1, "type": "endpoint", "betweenness": 0.0, "is_critical": false, "is_articulation": false}}, {"type": "Feature", "geometry": {"type": "Point", "coordinates": [72.559615, 23.039935]}, "properties": {"feature_type": "node", "node_id": 106, "degree": 4, "type": "intersection", "betweenness": 0.01212673437488425, "is_critical": false, "is_articulation": false}}, {"type": "Feature", "geometry": {"type": "Point", "coordinates": [72.561195, 23.039959]}, "properties": {"feature_type": "node", "node_id": 107, "degree": 3, "type": "intersection", "betweenness": 0.018969783170729896, "is_critical": false, "is_articulation": true}}, {"type": "Feature", "geometry": {"type": "Point", "coordinates": [72.565953, 23.04005]}, "properties": {"feature_type": "node", "node_id": 108, "degree": 3, "type": "intersection", "betweenness": 0.007578282996644221, "is_critical": false, "is_articulation": false}}, {"type": "Feature", "geometry": {"type": "Point", "coordinates": [72.566169, 23.04]}, "properties": {"feature_type": "node", "node_id": 109, "degree": 4, "type": "intersection", "betweenness": 0.10280407582727738, "is_critical": true, "is_articulation": false}}, {"type": "Feature", "geometry": {"type": "Point", "coordinates": [72.572215, 23.040129]}, "properties": {"feature_type": "node", "node_id": 110, "degree": 3, "type": "intersection", "betweenness": 0.024966942240593818, "is_critical": false, "is_articulation": false}}, {"type": "Feature", "geometry": {"type": "Point", "coordinates": [72.572975, 23.040158]}, "properties": {"feature_type": "node", "node_id": 111, "degree": 3, "type": "intersection", "betweenness": 0.00690879391959464, "is_critical": false, "is_articulation": false}}, {"type": "Feature", "geometry": {"type": "Point", "coordinates": [72.565817, 23.04003]}, "properties": {"feature_type": "node", "node_id": 112, "degree": 3, "type": "intersection", "betweenness": 0.00664488743694024, "is_critical": false, "is_articulation": false}}, {"type": "Feature", "geometry": {"type": "Point", "coordinates": [72.572468, 23.040115]}, "properties": {"feature_type": "node", "node_id": 113, "degree": 3, "type": "intersection", "betweenness": 0.02273623797142032, "is_critical": false, "is_articulation": false}}, {"type": "Feature", "geometry": {"type": "Point", "coordinates": [72.565701, 23.04001]}, "properties": {"feature_type": "node", "node_id": 114, "degree": 3, "type": "intersection", "betweenness": 0.005757328266328867, "is_critical": false, "is_articulation": false}}, {"type": "Feature", "geometry": {"type": "Point", "coordinates": [72.569212, 23.040046]}, "properties": {"feature_type": "node", "node_id": 115, "degree": 3, "type": "intersection", "betweenness": 0.02764073160432918, "is_critical": false, "is_articulation": false}}, {"type": "Feature", "geometry": {"type": "Point", "coordinates": [72.572722, 23.0401]}, "properties": {"feature_type": "node", "node_id": 116, "degree": 3, "type": "intersection", "betweenness": 0.020493032868857924, "is_critical": false, "is_articulation": false}}, {"type": "Feature", "geometry": {"type": "Point", "coordinates": [72.565603, 23.039991]}, "properties": {"feature_type": "node", "node_id": 117, "degree": 3, "type": "intersection", "betweenness": 0.004921624404589936, "is_critical": false, "is_articulation": false}}, {"type": "Feature", "geometry": {"type": "Point", "coordinates": [72.569369, 23.039977]}, "properties": {"feature_type": "node", "node_id": 118, "degree": 6, "type": "intersection", "betweenness": 0.04561693001755673, "is_critical": false, "is_articulation": true}}, {"type": "Feature", "geometry": {"type": "Point", "coordinates": [72.572976, 23.040086]}, "properties": {"feature_type": "node", "node_id": 119, "degree": 3, "type": "intersection", "betweenness": 0.018270662488610354, "is_critical": false, "is_articulation": false}}, {"type": "Feature", "geometry": {"type": "Point", "coordinates": [72.573678, 23.040115]}, "properties": {"feature_type": "node", "node_id": 120, "degree": 3, "type": "intersection", "betweenness": 0.004655865946618664, "is_critical": false, "is_articulation": false}}, {"type": "Feature", "geometry": {"type": "Point", "coordinates": [72.561527, 23.03991]}, "properties": {"feature_type": "node", "node_id": 121, "degree": 3, "type": "intersection", "betweenness": 0.020433769658717984, "is_critical": false, "is_articulation": false}}, {"type": "Feature", "geometry": {"type": "Point", "coordinates": [72.565487, 23.039971]}, "properties": {"feature_type": "node", "node_id": 122, "degree": 3, "type": "intersection", "betweenness": 0.004208150913764621, "is_critical": false, "is_articulation": false}}, {"type": "Feature", "geometry": {"type": "Point", "coordinates": [72.56654, 23.039969]}, "properties": {"feature_type": "node", "node_id": 123, "degree": 3, "type": "intersection", "betweenness": 0.027646287530279798, "is_critical": false, "is_articulation": false}}, {"type": "Feature", "geometry": {"type": "Point", "coordinates": [72.573854, 23.0401]}, "properties": {"feature_type": "node", "node_id": 124, "degree": 3, "type": "intersection", "betweenness": 0.0023834922328155213, "is_critical": false, "is_articulation": false}}, {"type": "Feature", "geometry": {"type": "Point", "coordinates": [72.562172, 23.039884]}, "properties": {"feature_type": "node", "node_id": 125, "degree": 3, "type": "intersection", "betweenness": 0.028965819943551793, "is_critical": false, "is_articulation": false}}, {"type": "Feature", "geometry": {"type": "Point", "coordinates": [72.57403, 23.040084]}, "properties": {"feature_type": "node", "node_id": 126, "degree": 3, "type": "intersection", "betweenness": 0.00010000666711114075, "is_critical": false, "is_articulation": false}}, {"type": "Feature", "geometry": {"type": "Point", "coordinates": [72.565956, 23.039924]}, "properties": {"feature_type": "node", "node_id": 127, "degree": 3, "type": "intersection", "betweenness": 0.08662521945907505, "is_critical": true, "is_articulation": false}}, {"type": "Feature", "geometry": {"type": "Point", "coordinates": [72.57366, 23.040043]}, "properties": {"feature_type": "node", "node_id": 128, "degree": 3, "type": "intersection", "betweenness": 0.01601217858968376, "is_critical": false, "is_articulation": false}}, {"type": "Feature", "geometry": {"type": "Point", "coordinates": [72.56383, 23.039873]}, "properties": {"feature_type": "node", "node_id": 129, "degree": 3, "type": "intersection", "betweenness": 0.013073093761806343, "is_critical": false, "is_articulation": false}}, {"type": "Feature", "geometry": {"type": "Point", "coordinates": [72.565333, 23.03986]}, "properties": {"feature_type": "node", "node_id": 130, "degree": 3, "type": "intersection", "betweenness": 0.08791975020556926, "is_critical": true, "is_articulation": false}}, {"type": "Feature", "geometry": {"type": "Point", "coordinates": [72.56582, 23.039904]}, "properties": {"feature_type": "node", "node_id": 131, "degree": 3, "type": "intersection", "betweenness": 0.08573627130697602, "is_critical": true, "is_articulation": false}}, {"type": "Feature", "geometry": {"type": "Point", "coordinates": [72.574207, 23.040015]}, "properties": {"feature_type": "node", "node_id": 132, "degree": 4, "type": "intersection", "betweenness": 0.009233948929928662, "is_critical": false, "is_articulation": true}}, {"type": "Feature", "geometry": {"type": "Point", "coordinates": [72.561529, 23.03982]}, "properties": {"feature_type": "node", "node_id": 133, "degree": 3, "type": "intersection", "betweenness": 0.008297775407249372, "is_critical": false, "is_articulation": false}}, {"type": "Feature", "geometry": {"type": "Point", "coordinates": [72.565703, 23.039884]}, "properties": {"feature_type": "node", "node_id": 134, "degree": 3, "type": "intersection", "betweenness": 0.08488852960567742, "is_critical": true, "is_articulation": false}}, {"type": "Feature", "geometry": {"type": "Point", "coordinates": [72.573836, 23.040027]}, "properties": {"feature_type": "node", "node_id": 135, "degree": 3, "type": "intersection", "betweenness": 0.013700913394226282, "is_critical": false, "is_articulation": false}}, {"type": "Feature", "geometry": {"type": "Point", "coordinates": [72.574031, 23.040012]}, "properties": {"feature_type": "node", "node_id": 136, "degree": 3, "type": "intersection", "betweenness": 0.011431317643398449, "is_critical": false, "is_articulation": false}}, {"type": "Feature", "geometry": {"type": "Point", "coordinates": [72.574402, 23.040018]}, "properties": {"feature_type": "node", "node_id": 137, "degree": 4, "type": "intersection", "betweenness": 0.006933795586372425, "is_critical": false, "is_articulation": true}}, {"type": "Feature", "geometry": {"type": "Point", "coordinates": [72.565606, 23.039865]}, "properties": {"feature_type": "node", "node_id": 138, "degree": 3, "type": "intersection", "betweenness": 0.08408523531198378, "is_critical": true, "is_articulation": false}}, {"type": "Feature", "geometry": {"type": "Point", "coordinates": [72.562661, 23.039819]}, "properties": {"feature_type": "node", "node_id": 139, "degree": 3, "type": "intersection", "betweenness": 0.03006867124474965, "is_critical": false, "is_articulation": false}}, {"type": "Feature", "geometry": {"type": "Point", "coordinates": [72.563929, 23.039821]}, "properties": {"feature_type": "node", "node_id": 140, "degree": 3, "type": "intersection", "betweenness": 0.008500566704446964, "is_critical": false, "is_articulation": false}}, {"type": "Feature", "geometry": {"type": "Point", "coordinates": [72.565489, 23.039845]}, "properties": {"feature_type": "node", "node_id": 141, "degree": 3, "type": "intersection", "betweenness": 0.0833680578705247, "is_critical": true, "is_articulation": false}}, {"type": "Feature", "geometry": {"type": "Point", "coordinates": [72.574558, 23.040002]}, "properties": {"feature_type": "node", "node_id": 142, "degree": 3, "type": "intersection", "betweenness": 0.0046280863168655685, "is_critical": false, "is_articulation": true}}, {"type": "Feature", "geometry": {"type": "Point", "coordinates": [72.574636, 23.040003]}, "properties": {"feature_type": "node", "node_id": 143, "degree": 3, "type": "intersection", "betweenness": 0.002316821121408094, "is_critical": false, "is_articulation": true}}, {"type": "Feature", "geometry": {"type": "Point", "coordinates": [72.569195, 23.039884]}, "properties": {"feature_type": "node", "node_id": 144, "degree": 3, "type": "intersection", "betweenness": 0.030574260506255974, "is_critical": false, "is_articulation": false}}, {"type": "Feature", "geometry": {"type": "Point", "coordinates": [72.56311, 23.039772]}, "properties": {"feature_type": "node", "node_id": 145, "degree": 3, "type": "intersection", "betweenness": 0.029276951796786452, "is_critical": false, "is_articulation": false}}, {"type": "Feature", "geometry": {"type": "Point", "coordinates": [72.569312, 23.039885]}, "properties": {"feature_type": "node", "node_id": 146, "degree": 3, "type": "intersection", "betweenness": 0.005294797430939841, "is_critical": false, "is_articulation": false}}, {"type": "Feature", "geometry": {"type": "Point", "coordinates": [72.562642, 23.039747]}, "properties": {"feature_type": "node", "node_id": 148, "degree": 4, "type": "intersection", "betweenness": 0.018417894526301753, "is_critical": false, "is_articulation": false}}, {"type": "Feature", "geometry": {"type": "Point", "coordinates": [72.563851, 23.039783]}, "properties": {"feature_type": "node", "node_id": 149, "degree": 3, "type": "intersection", "betweenness": 0.00903115763273107, "is_critical": false, "is_articulation": false}}, {"type": "Feature", "geometry": {"type": "Point", "coordinates": [72.569392, 23.039796]}, "properties": {"feature_type": "node", "node_id": 150, "degree": 3, "type": "intersection", "betweenness": 0.04059159499522191, "is_critical": false, "is_articulation": false}}, {"type": "Feature", "geometry": {"type": "Point", "coordinates": [72.563287, 23.039702]}, "properties": {"feature_type": "node", "node_id": 151, "degree": 3, "type": "intersection", "betweenness": 0.034352290152676844, "is_critical": false, "is_articulation": false}}, {"type": "Feature", "geometry": {"type": "Point", "coordinates": [72.569333, 23.039795]}, "properties": {"feature_type": "node", "node_id": 152, "degree": 3, "type": "intersection", "betweenness": 0.0016139964886547993, "is_critical": false, "is_articulation": false}}, {"type": "Feature", "geometry": {"type": "Point", "coordinates": [72.563736, 23.039673]}, "properties": {"feature_type": "node", "node_id": 153, "degree": 3, "type": "intersection", "betweenness": 0.021054181389870436, "is_critical": false, "is_articulation": false}}, {"type": "Feature", "geometry": {"type": "Point", "coordinates": [72.569178, 23.039739]}, "properties": {"feature_type": "node", "node_id": 154, "degree": 3, "type": "intersection", "betweenness": 0.030049225503922486, "is_critical": false, "is_articulation": false}}, {"type": "Feature", "geometry": {"type": "Point", "coordinates": [72.563269, 23.03963]}, "properties": {"feature_type": "node", "node_id": 155, "degree": 3, "type": "intersection", "betweenness": 0.01621219192390604, "is_critical": false, "is_articulation": false}}, {"type": "Feature", "geometry": {"type": "Point", "coordinates": [72.569295, 23.039741]}, "properties": {"feature_type": "node", "node_id": 156, "degree": 3, "type": "intersection", "betweenness": 0.013645354134720093, "is_critical": false, "is_articulation": false}}, {"type": "Feature", "geometry": {"type": "Point", "coordinates": [72.563659, 23.039618]}, "properties": {"feature_type": "node", "node_id": 157, "degree": 3, "type": "intersection", "betweenness": 0.035182901082294375, "is_critical": false, "is_articulation": false}}, {"type": "Feature", "geometry": {"type": "Point", "coordinates": [72.564186, 23.039626]}, "properties": {"feature_type": "node", "node_id": 158, "degree": 3, "type": "intersection", "betweenness": 0.0884003378002978, "is_critical": true, "is_articulation": false}}, {"type": "Feature", "geometry": {"type": "Point", "coordinates": [72.563778, 23.039547]}, "properties": {"feature_type": "node", "node_id": 159, "degree": 3, "type": "intersection", "betweenness": 0.052434051158966155, "is_critical": false, "is_articulation": false}}, {"type": "Feature", "geometry": {"type": "Point", "coordinates": [72.563933, 23.039568]}, "properties": {"feature_type": "node", "node_id": 160, "degree": 3, "type": "intersection", "betweenness": 0.0864029824210503, "is_critical": true, "is_articulation": false}}, {"type": "Feature", "geometry": {"type": "Point", "coordinates": [72.569317, 23.039597]}, "properties": {"feature_type": "node", "node_id": 161, "degree": 6, "type": "intersection", "betweenness": 0.057731626552881304, "is_critical": false, "is_articulation": true}}, {"type": "Feature", "geometry": {"type": "Point", "coordinates": [72.563992, 23.039551]}, "properties": {"feature_type": "node", "node_id": 162, "degree": 3, "type": "intersection", "betweenness": 0.09043102873524902, "is_critical": true, "is_articulation": false}}, {"type": "Feature", "geometry": {"type": "Point", "coordinates": [72.569161, 23.039612]}, "properties": {"feature_type": "node", "node_id": 163, "degree": 3, "type": "intersection", "betweenness": 0.019287396937573618, "is_critical": false, "is_articulation": false}}, {"type": "Feature", "geometry": {"type": "Point", "coordinates": [72.559547, 23.03941]}, "properties": {"feature_type": "node", "node_id": 164, "degree": 3, "type": "intersection", "betweenness": 0.0058559459519523524, "is_critical": false, "is_articulation": false}}, {"type": "Feature", "geometry": {"type": "Point", "coordinates": [72.563799, 23.039458]}, "properties": {"feature_type": "node", "node_id": 165, "degree": 4, "type": "intersection", "betweenness": 0.1331033179989777, "is_critical": true, "is_articulation": false}}, {"type": "Feature", "geometry": {"type": "Point", "coordinates": [72.563974, 23.03946]}, "properties": {"feature_type": "node", "node_id": 166, "degree": 3, "type": "intersection", "betweenness": 0.015492699513300887, "is_critical": false, "is_articulation": false}}, {"type": "Feature", "geometry": {"type": "Point", "coordinates": [72.563896, 23.039441]}, "properties": {"feature_type": "node", "node_id": 167, "degree": 3, "type": "intersection", "betweenness": 0.04759206169300176, "is_critical": false, "is_articulation": false}}, {"type": "Feature", "geometry": {"type": "Point", "coordinates": [72.5693, 23.03947]}, "properties": {"feature_type": "node", "node_id": 168, "degree": 5, "type": "intersection", "betweenness": 0.059015045447474275, "is_critical": false, "is_articulation": true}}, {"type": "Feature", "geometry": {"type": "Point", "coordinates": [72.563683, 23.039384]}, "properties": {"feature_type": "node", "node_id": 169, "degree": 3, "type": "intersection", "betweenness": 0.08707247149809988, "is_critical": true, "is_articulation": false}}, {"type": "Feature", "geometry": {"type": "Point", "coordinates": [72.569144, 23.03945]}, "properties": {"feature_type": "node", "node_id": 170, "degree": 3, "type": "intersection", "betweenness": 0.01989577082916639, "is_critical": false, "is_articulation": false}}, {"type": "Feature", "geometry": {"type": "Point", "coordinates": [72.564016, 23.039316]}, "properties": {"feature_type": "node", "node_id": 171, "degree": 3, "type": "intersection", "betweenness": 0.06295975287241372, "is_critical": false, "is_articulation": false}}, {"type": "Feature", "geometry": {"type": "Point", "coordinates": [72.562163, 23.039288]}, "properties": {"feature_type": "node", "node_id": 172, "degree": 3, "type": "intersection", "betweenness": 0.009122830410916284, "is_critical": false, "is_articulation": false}}, {"type": "Feature", "geometry": {"type": "Point", "coordinates": [72.569283, 23.039343]}, "properties": {"feature_type": "node", "node_id": 173, "degree": 5, "type": "intersection", "betweenness": 0.060267906749338844, "is_critical": false, "is_articulation": true}}, {"type": "Feature", "geometry": {"type": "Point", "coordinates": [72.55524, 23.039145]}, "properties": {"feature_type": "node", "node_id": 174, "degree": 1, "type": "endpoint", "betweenness": 0.0, "is_critical": false, "is_articulation": false}}, {"type": "Feature", "geometry": {"type": "Point", "coordinates": [72.569127, 23.039323]}, "properties": {"feature_type": "node", "node_id": 175, "degree": 3, "type": "intersection", "betweenness": 0.02052636842456164, "is_critical": false, "is_articulation": false}}, {"type": "Feature", "geometry": {"type": "Point", "coordinates": [72.564235, 23.039067]}, "properties": {"feature_type": "node", "node_id": 176, "degree": 3, "type": "intersection", "betweenness": 0.06297086472431496, "is_critical": false, "is_articulation": false}}, {"type": "Feature", "geometry": {"type": "Point", "coordinates": [72.569266, 23.039217]}, "properties": {"feature_type": "node", "node_id": 177, "degree": 5, "type": "intersection", "betweenness": 0.06159299508856146, "is_critical": false, "is_articulation": true}}, {"type": "Feature", "geometry": {"type": "Point", "coordinates": [72.56911, 23.039196]}, "properties": {"feature_type": "node", "node_id": 178, "degree": 3, "type": "intersection", "betweenness": 0.021645887503611353, "is_critical": false, "is_articulation": false}}, {"type": "Feature", "geometry": {"type": "Point", "coordinates": [72.555575, 23.038933]}, "properties": {"feature_type": "node", "node_id": 179, "degree": 3, "type": "intersection", "betweenness": 0.0023265439918216772, "is_critical": false, "is_articulation": true}}, {"type": "Feature", "geometry": {"type": "Point", "coordinates": [72.555693, 23.038917]}, "properties": {"feature_type": "node", "node_id": 180, "degree": 3, "type": "intersection", "betweenness": 0.004629706795267833, "is_critical": false, "is_articulation": false}}, {"type": "Feature", "geometry": {"type": "Point", "coordinates": [72.55579, 23.038901]}, "properties": {"feature_type": "node", "node_id": 181, "degree": 3, "type": "intersection", "betweenness": 0.006948148395078191, "is_critical": false, "is_articulation": false}}, {"type": "Feature", "geometry": {"type": "Point", "coordinates": [72.555557, 23.038861]}, "properties": {"feature_type": "node", "node_id": 182, "degree": 3, "type": "intersection", "betweenness": 0.002322840041187931, "is_critical": false, "is_articulation": true}}, {"type": "Feature", "geometry": {"type": "Point", "coordinates": [72.555888, 23.038884]}, "properties": {"feature_type": "node", "node_id": 183, "degree": 3, "type": "intersection", "betweenness": 0.009231170966953353, "is_critical": false, "is_articulation": false}}, {"type": "Feature", "geometry": {"type": "Point", "coordinates": [72.569093, 23.03907]}, "properties": {"feature_type": "node", "node_id": 184, "degree": 3, "type": "intersection", "betweenness": 0.022365472512982355, "is_critical": false, "is_articulation": false}}, {"type": "Feature", "geometry": {"type": "Point", "coordinates": [72.555674, 23.038845]}, "properties": {"feature_type": "node", "node_id": 185, "degree": 3, "type": "intersection", "betweenness": 0.004612344526672149, "is_critical": false, "is_articulation": false}}, {"type": "Feature", "geometry": {"type": "Point", "coordinates": [72.569249, 23.039072]}, "properties": {"feature_type": "node", "node_id": 186, "degree": 3, "type": "intersection", "betweenness": 0.06106967316339607, "is_critical": false, "is_articulation": false}}, {"type": "Feature", "geometry": {"type": "Point", "coordinates": [72.555206, 23.038837]}, "properties": {"feature_type": "node", "node_id": 187, "degree": 1, "type": "endpoint", "betweenness": 0.0, "is_critical": false, "is_articulation": false}}, {"type": "Feature", "geometry": {"type": "Point", "coordinates": [72.555772, 23.038828]}, "properties": {"feature_type": "node", "node_id": 188, "degree": 3, "type": "intersection", "betweenness": 0.006890042669511301, "is_critical": false, "is_articulation": false}}, {"type": "Feature", "geometry": {"type": "Point", "coordinates": [72.556065, 23.038851]}, "properties": {"feature_type": "node", "node_id": 189, "degree": 3, "type": "intersection", "betweenness": 0.011489654865879948, "is_critical": false, "is_articulation": false}}, {"type": "Feature", "geometry": {"type": "Point", "coordinates": [72.55587, 23.038812]}, "properties": {"feature_type": "node", "node_id": 190, "degree": 3, "type": "intersection", "betweenness": 0.009145054114718758, "is_critical": false, "is_articulation": false}}, {"type": "Feature", "geometry": {"type": "Point", "coordinates": [72.556143, 23.038834]}, "properties": {"feature_type": "node", "node_id": 191, "degree": 3, "type": "intersection", "betweenness": 0.01371480320910283, "is_critical": false, "is_articulation": false}}, {"type": "Feature", "geometry": {"type": "Point", "coordinates": [72.556221, 23.038817]}, "properties": {"feature_type": "node", "node_id": 192, "degree": 3, "type": "intersection", "betweenness": 0.015949674422739295, "is_critical": false, "is_articulation": false}}, {"type": "Feature", "geometry": {"type": "Point", "coordinates": [72.559479, 23.038849]}, "properties": {"feature_type": "node", "node_id": 193, "degree": 3, "type": "intersection", "betweenness": 0.006814343178434118, "is_critical": false, "is_articulation": false}}, {"type": "Feature", "geometry": {"type": "Point", "coordinates": [72.556046, 23.038778]}, "properties": {"feature_type": "node", "node_id": 194, "degree": 3, "type": "intersection", "betweenness": 0.011436873569349068, "is_critical": false, "is_articulation": false}}, {"type": "Feature", "geometry": {"type": "Point", "coordinates": [72.556125, 23.038761]}, "properties": {"feature_type": "node", "node_id": 195, "degree": 3, "type": "intersection", "betweenness": 0.013702302375713937, "is_critical": false, "is_articulation": false}}, {"type": "Feature", "geometry": {"type": "Point", "coordinates": [72.562951, 23.038885]}, "properties": {"feature_type": "node", "node_id": 196, "degree": 3, "type": "intersection", "betweenness": 0.07371602551281196, "is_critical": true, "is_articulation": false}}, {"type": "Feature", "geometry": {"type": "Point", "coordinates": [72.556203, 23.038744]}, "properties": {"feature_type": "node", "node_id": 197, "degree": 3, "type": "intersection", "betweenness": 0.01594828544125164, "is_critical": false, "is_articulation": false}}, {"type": "Feature", "geometry": {"type": "Point", "coordinates": [72.569075, 23.038943]}, "properties": {"feature_type": "node", "node_id": 198, "degree": 3, "type": "intersection", "betweenness": 0.02306239397441311, "is_critical": false, "is_articulation": false}}, {"type": "Feature", "geometry": {"type": "Point", "coordinates": [72.556457, 23.03873]}, "properties": {"feature_type": "node", "node_id": 199, "degree": 5, "type": "intersection", "betweenness": 0.03640242682845523, "is_critical": false, "is_articulation": true}}, {"type": "Feature", "geometry": {"type": "Point", "coordinates": [72.569231, 23.038945]}, "properties": {"feature_type": "node", "node_id": 200, "degree": 3, "type": "intersection", "betweenness": 0.06178615611411131, "is_critical": false, "is_articulation": false}}, {"type": "Feature", "geometry": {"type": "Point", "coordinates": [72.556554, 23.038732]}, "properties": {"feature_type": "node", "node_id": 201, "degree": 3, "type": "intersection", "betweenness": 0.0385359023934929, "is_critical": false, "is_articulation": false}}, {"type": "Feature", "geometry": {"type": "Point", "coordinates": [72.556497, 23.038677]}, "properties": {"feature_type": "node", "node_id": 202, "degree": 3, "type": "intersection", "betweenness": 4.7225370580260905e-05, "is_critical": false, "is_articulation": false}}, {"type": "Feature", "geometry": {"type": "Point", "coordinates": [72.556653, 23.038661]}, "properties": {"feature_type": "node", "node_id": 203, "degree": 4, "type": "intersection", "betweenness": 0.04528079649754428, "is_critical": false, "is_articulation": true}}, {"type": "Feature", "geometry": {"type": "Point", "coordinates": [72.561704, 23.038757]}, "properties": {"feature_type": "node", "node_id": 204, "degree": 3, "type": "intersection", "betweenness": 0.011731337644731872, "is_critical": false, "is_articulation": false}}, {"type": "Feature", "geometry": {"type": "Point", "coordinates": [72.556556, 23.03866]}, "properties": {"feature_type": "node", "node_id": 205, "degree": 3, "type": "intersection", "betweenness": 0.002269595750827833, "is_critical": false, "is_articulation": false}}, {"type": "Feature", "geometry": {"type": "Point", "coordinates": [72.561626, 23.038756]}, "properties": {"feature_type": "node", "node_id": 206, "degree": 3, "type": "intersection", "betweenness": 0.004825321688112541, "is_critical": false, "is_articulation": false}}, {"type": "Feature", "geometry": {"type": "Point", "coordinates": [72.569058, 23.038834]}, "properties": {"feature_type": "node", "node_id": 207, "degree": 3, "type": "intersection", "betweenness": 0.023763482380306823, "is_critical": false, "is_articulation": false}}, {"type": "Feature", "geometry": {"type": "Point", "coordinates": [72.569214, 23.038837]}, "properties": {"feature_type": "node", "node_id": 208, "degree": 3, "type": "intersection", "betweenness": 0.06247867913416448, "is_critical": false, "is_articulation": false}}, {"type": "Feature", "geometry": {"type": "Point", "coordinates": [72.55685, 23.038574]}, "properties": {"feature_type": "node", "node_id": 209, "degree": 6, "type": "intersection", "betweenness": 0.049744982998866594, "is_critical": false, "is_articulation": true}}, {"type": "Feature", "geometry": {"type": "Point", "coordinates": [72.557006, 23.038558]}, "properties": {"feature_type": "node", "node_id": 210, "degree": 3, "type": "intersection", "betweenness": 0.0, "is_critical": false, "is_articulation": false}}, {"type": "Feature", "geometry": {"type": "Point", "coordinates": [72.569041, 23.038708]}, "properties": {"feature_type": "node", "node_id": 211, "degree": 3, "type": "intersection", "betweenness": 0.024502304783281855, "is_critical": false, "is_articulation": false}}, {"type": "Feature", "geometry": {"type": "Point", "coordinates": [72.569197, 23.03871]}, "properties": {"feature_type": "node", "node_id": 212, "degree": 3, "type": "intersection", "betweenness": 0.0631642572467794, "is_critical": false, "is_articulation": false}}, {"type": "Feature", "geometry": {"type": "Point", "coordinates": [72.556988, 23.038486]}, "properties": {"feature_type": "node", "node_id": 213, "degree": 3, "type": "intersection", "betweenness": 0.051817343378447456, "is_critical": false, "is_articulation": false}}, {"type": "Feature", "geometry": {"type": "Point", "coordinates": [72.557145, 23.038434]}, "properties": {"feature_type": "node", "node_id": 214, "degree": 3, "type": "intersection", "betweenness": 0.05625375025001667, "is_critical": false, "is_articulation": true}}, {"type": "Feature", "geometry": {"type": "Point", "coordinates": [72.567912, 23.038564]}, "properties": {"feature_type": "node", "node_id": 215, "degree": 3, "type": "intersection", "betweenness": 0.003986376869569082, "is_critical": false, "is_articulation": true}}, {"type": "Feature", "geometry": {"type": "Point", "coordinates": [72.569023, 23.038581]}, "properties": {"feature_type": "node", "node_id": 216, "degree": 3, "type": "intersection", "betweenness": 0.0253309479891252, "is_critical": false, "is_articulation": false}}, {"type": "Feature", "geometry": {"type": "Point", "coordinates": [72.557263, 23.038382]}, "properties": {"feature_type": "node", "node_id": 217, "degree": 4, "type": "intersection", "betweenness": 0.058526123963819815, "is_critical": false, "is_articulation": true}}, {"type": "Feature", "geometry": {"type": "Point", "coordinates": [72.569179, 23.038583]}, "properties": {"feature_type": "node", "node_id": 218, "degree": 3, "type": "intersection", "betweenness": 0.06389706072997459, "is_critical": false, "is_articulation": false}}, {"type": "Feature", "geometry": {"type": "Point", "coordinates": [72.562451, 23.038462]}, "properties": {"feature_type": "node", "node_id": 219, "degree": 3, "type": "intersection", "betweenness": 0.07365768829033047, "is_critical": true, "is_articulation": true}}, {"type": "Feature", "geometry": {"type": "Point", "coordinates": [72.55746, 23.038258]}, "properties": {"feature_type": "node", "node_id": 220, "degree": 3, "type": "intersection", "betweenness": 0.0546786452430162, "is_critical": false, "is_articulation": false}}, {"type": "Feature", "geometry": {"type": "Point", "coordinates": [72.567366, 23.038501]}, "properties": {"feature_type": "node", "node_id": 221, "degree": 1, "type": "endpoint", "betweenness": 0.0, "is_critical": false, "is_articulation": false}}, {"type": "Feature", "geometry": {"type": "Point", "coordinates": [72.565028, 23.038357]}, "properties": {"feature_type": "node", "node_id": 222, "degree": 4, "type": "intersection", "betweenness": 0.06545991955019223, "is_critical": false, "is_articulation": false}}, {"type": "Feature", "geometry": {"type": "Point", "coordinates": [72.558415, 23.038327]}, "properties": {"feature_type": "node", "node_id": 223, "degree": 3, "type": "intersection", "betweenness": 0.0346912016356646, "is_critical": false, "is_articulation": false}}, {"type": "Feature", "geometry": {"type": "Point", "coordinates": [72.558708, 23.038314]}, "properties": {"feature_type": "node", "node_id": 224, "degree": 3, "type": "intersection", "betweenness": 0.02249038824810543, "is_critical": false, "is_articulation": false}}, {"type": "Feature", "geometry": {"type": "Point", "coordinates": [72.562316, 23.038387]}, "properties": {"feature_type": "node", "node_id": 225, "degree": 3, "type": "intersection", "betweenness": 0.07913860924061604, "is_critical": true, "is_articulation": false}}, {"type": "Feature", "geometry": {"type": "Point", "coordinates": [72.569006, 23.038472]}, "properties": {"feature_type": "node", "node_id": 226, "degree": 3, "type": "intersection", "betweenness": 0.026198968820143567, "is_critical": false, "is_articulation": false}}, {"type": "Feature", "geometry": {"type": "Point", "coordinates": [72.569162, 23.038475]}, "properties": {"feature_type": "node", "node_id": 227, "degree": 3, "type": "intersection", "betweenness": 0.06469597973198213, "is_critical": false, "is_articulation": false}}, {"type": "Feature", "geometry": {"type": "Point", "coordinates": [72.559411, 23.038252]}, "properties": {"feature_type": "node", "node_id": 228, "degree": 4, "type": "intersection", "betweenness": 0.030013111985243462, "is_critical": false, "is_articulation": false}}, {"type": "Feature", "geometry": {"type": "Point", "coordinates": [72.568988, 23.038364]}, "properties": {"feature_type": "node", "node_id": 229, "degree": 3, "type": "intersection", "betweenness": 0.0270601373424895, "is_critical": false, "is_articulation": false}}, {"type": "Feature", "geometry": {"type": "Point", "coordinates": [72.569145, 23.038348]}, "properties": {"feature_type": "node", "node_id": 230, "degree": 3, "type": "intersection", "betweenness": 0.065565482143254, "is_critical": false, "is_articulation": false}}, {"type": "Feature", "geometry": {"type": "Point", "coordinates": [72.568971, 23.038237]}, "properties": {"feature_type": "node", "node_id": 231, "degree": 3, "type": "intersection", "betweenness": 0.027910194012934195, "is_critical": false, "is_articulation": false}}, {"type": "Feature", "geometry": {"type": "Point", "coordinates": [72.569127, 23.038222]}, "properties": {"feature_type": "node", "node_id": 232, "degree": 3, "type": "intersection", "betweenness": 0.06660444029601974, "is_critical": false, "is_articulation": false}}, {"type": "Feature", "geometry": {"type": "Point", "coordinates": [72.57139, 23.038256]}, "properties": {"feature_type": "node", "node_id": 233, "degree": 3, "type": "intersection", "betweenness": 0.0368330110896282, "is_critical": false, "is_articulation": false}}, {"type": "Feature", "geometry": {"type": "Point", "coordinates": [72.561054, 23.038061]}, "properties": {"feature_type": "node", "node_id": 234, "degree": 3, "type": "intersection", "betweenness": 0.027707402715736604, "is_critical": false, "is_articulation": false}}, {"type": "Feature", "geometry": {"type": "Point", "coordinates": [72.560975, 23.03806]}, "properties": {"feature_type": "node", "node_id": 235, "degree": 3, "type": "intersection", "betweenness": 0.025996177522945974, "is_critical": false, "is_articulation": false}}, {"type": "Feature", "geometry": {"type": "Point", "coordinates": [72.557934, 23.037977]}, "properties": {"feature_type": "node", "node_id": 236, "degree": 3, "type": "intersection", "betweenness": 0.06479598639909327, "is_critical": false, "is_articulation": false}}, {"type": "Feature", "geometry": {"type": "Point", "coordinates": [72.568954, 23.038111]}, "properties": {"feature_type": "node", "node_id": 237, "degree": 3, "type": "intersection", "betweenness": 0.028729693090650488, "is_critical": false, "is_articulation": false}}, {"type": "Feature", "geometry": {"type": "Point", "coordinates": [72.563786, 23.038013]}, "properties": {"feature_type": "node", "node_id": 238, "degree": 3, "type": "intersection", "betweenness": 0.0006889348178767473, "is_critical": false, "is_articulation": false}}, {"type": "Feature", "geometry": {"type": "Point", "coordinates": [72.56911, 23.038113]}, "properties": {"feature_type": "node", "node_id": 239, "degree": 3, "type": "intersection", "betweenness": 0.06750727826299531, "is_critical": false, "is_articulation": false}}, {"type": "Feature", "geometry": {"type": "Point", "coordinates": [72.558287, 23.037838]}, "properties": {"feature_type": "node", "node_id": 240, "degree": 4, "type": "intersection", "betweenness": 0.078833033313332, "is_critical": true, "is_articulation": false}}, {"type": "Feature", "geometry": {"type": "Point", "coordinates": [72.562986, 23.037983]}, "properties": {"feature_type": "node", "node_id": 241, "degree": 1, "type": "endpoint", "betweenness": 0.0, "is_critical": false, "is_articulation": false}}, {"type": "Feature", "geometry": {"type": "Point", "coordinates": [72.568936, 23.037984]}, "properties": {"feature_type": "node", "node_id": 242, "degree": 3, "type": "intersection", "betweenness": 0.029747353527272192, "is_critical": false, "is_articulation": false}}, {"type": "Feature", "geometry": {"type": "Point", "coordinates": [72.565681, 23.037843]}, "properties": {"feature_type": "node", "node_id": 243, "degree": 4, "type": "intersection", "betweenness": 0.06704891437206925, "is_critical": false, "is_articulation": false}}, {"type": "Feature", "geometry": {"type": "Point", "coordinates": [72.569093, 23.037986]}, "properties": {"feature_type": "node", "node_id": 244, "degree": 3, "type": "intersection", "betweenness": 0.06843974783504085, "is_critical": false, "is_articulation": false}}, {"type": "Feature", "geometry": {"type": "Point", "coordinates": [72.559212, 23.037401]}, "properties": {"feature_type": "node", "node_id": 245, "degree": 18, "type": "intersection", "betweenness": 0.08237493610685157, "is_critical": true, "is_articulation": true}}, {"type": "Feature", "geometry": {"type": "Point", "coordinates": [72.571396, 23.037931]}, "properties": {"feature_type": "node", "node_id": 246, "degree": 4, "type": "intersection", "betweenness": 0.03988321443651799, "is_critical": false, "is_articulation": true}}, {"type": "Feature", "geometry": {"type": "Point", "coordinates": [72.557139, 23.037694]}, "properties": {"feature_type": "node", "node_id": 247, "degree": 3, "type": "intersection", "betweenness": 0.008300553370224681, "is_critical": false, "is_articulation": false}}, {"type": "Feature", "geometry": {"type": "Point", "coordinates": [72.568919, 23.037875]}, "properties": {"feature_type": "node", "node_id": 248, "degree": 3, "type": "intersection", "betweenness": 0.03126597328710803, "is_critical": false, "is_articulation": false}}, {"type": "Feature", "geometry": {"type": "Point", "coordinates": [72.569075, 23.037878]}, "properties": {"feature_type": "node", "node_id": 249, "degree": 3, "type": "intersection", "betweenness": 0.06980882058803921, "is_critical": false, "is_articulation": false}}, {"type": "Feature", "geometry": {"type": "Point", "coordinates": [72.561743, 23.037711]}, "properties": {"feature_type": "node", "node_id": 250, "degree": 3, "type": "intersection", "betweenness": 0.0793914038713692, "is_critical": true, "is_articulation": false}}, {"type": "Feature", "geometry": {"type": "Point", "coordinates": [72.557842, 23.037632]}, "properties": {"feature_type": "node", "node_id": 251, "degree": 3, "type": "intersection", "betweenness": 0.006978242993977376, "is_critical": false, "is_articulation": false}}, {"type": "Feature", "geometry": {"type": "Point", "coordinates": [72.568901, 23.037767]}, "properties": {"feature_type": "node", "node_id": 252, "degree": 3, "type": "intersection", "betweenness": 0.03336935425324652, "is_critical": false, "is_articulation": false}}, {"type": "Feature", "geometry": {"type": "Point", "coordinates": [72.569057, 23.037769]}, "properties": {"feature_type": "node", "node_id": 253, "degree": 3, "type": "intersection", "betweenness": 0.07130845760087709, "is_critical": false, "is_articulation": false}}, {"type": "Feature", "geometry": {"type": "Point", "coordinates": [72.56426, 23.037677]}, "properties": {"feature_type": "node", "node_id": 254, "degree": 3, "type": "intersection", "betweenness": 0.003650243349556637, "is_critical": false, "is_articulation": false}}, {"type": "Feature", "geometry": {"type": "Point", "coordinates": [72.571398, 23.037769]}, "properties": {"feature_type": "node", "node_id": 255, "degree": 3, "type": "intersection", "betweenness": 0.040649932217703404, "is_critical": false, "is_articulation": false}}, {"type": "Feature", "geometry": {"type": "Point", "coordinates": [72.560653, 23.037549]}, "properties": {"feature_type": "node", "node_id": 256, "degree": 3, "type": "intersection", "betweenness": 0.005328132986643554, "is_critical": false, "is_articulation": false}}, {"type": "Feature", "geometry": {"type": "Point", "coordinates": [72.568884, 23.037658]}, "properties": {"feature_type": "node", "node_id": 257, "degree": 3, "type": "intersection", "betweenness": 0.041897237593617354, "is_critical": false, "is_articulation": false}}, {"type": "Feature", "geometry": {"type": "Point", "coordinates": [72.566778, 23.037608]}, "properties": {"feature_type": "node", "node_id": 258, "degree": 3, "type": "intersection", "betweenness": 0.015106562659732871, "is_critical": false, "is_articulation": false}}, {"type": "Feature", "geometry": {"type": "Point", "coordinates": [72.56904, 23.037642]}, "properties": {"feature_type": "node", "node_id": 259, "degree": 3, "type": "intersection", "betweenness": 0.08067482276596218, "is_critical": true, "is_articulation": false}}, {"type": "Feature", "geometry": {"type": "Point", "coordinates": [72.571324, 23.037569]}, "properties": {"feature_type": "node", "node_id": 260, "degree": 3, "type": "intersection", "betweenness": 0.03434951218970154, "is_critical": false, "is_articulation": false}}, {"type": "Feature", "geometry": {"type": "Point", "coordinates": [72.567112, 23.037486]}, "properties": {"feature_type": "node", "node_id": 261, "degree": 3, "type": "intersection", "betweenness": 0.03033257772740405, "is_critical": false, "is_articulation": false}}, {"type": "Feature", "geometry": {"type": "Point", "coordinates": [72.570486, 23.03752]}, "properties": {"feature_type": "node", "node_id": 262, "degree": 3, "type": "intersection", "betweenness": 0.03621352534613419, "is_critical": false, "is_articulation": false}}, {"type": "Feature", "geometry": {"type": "Point", "coordinates": [72.571383, 23.037534]}, "properties": {"feature_type": "node", "node_id": 263, "degree": 3, "type": "intersection", "betweenness": 0.027293486232415495, "is_critical": false, "is_articulation": false}}, {"type": "Feature", "geometry": {"type": "Point", "coordinates": [72.569804, 23.037474]}, "properties": {"feature_type": "node", "node_id": 264, "degree": 3, "type": "intersection", "betweenness": 0.0535035669044603, "is_critical": false, "is_articulation": false}}, {"type": "Feature", "geometry": {"type": "Point", "coordinates": [72.567991, 23.037428]}, "properties": {"feature_type": "node", "node_id": 265, "degree": 3, "type": "intersection", "betweenness": 0.014256505989288175, "is_critical": false, "is_articulation": false}}, {"type": "Feature", "geometry": {"type": "Point", "coordinates": [72.569941, 23.037476]}, "properties": {"feature_type": "node", "node_id": 266, "degree": 3, "type": "intersection", "betweenness": 0.0401498988821477, "is_critical": false, "is_articulation": false}}, {"type": "Feature", "geometry": {"type": "Point", "coordinates": [72.569726, 23.037454]}, "properties": {"feature_type": "node", "node_id": 267, "degree": 3, "type": "intersection", "betweenness": 0.055431473209325066, "is_critical": false, "is_articulation": false}}, {"type": "Feature", "geometry": {"type": "Point", "coordinates": [72.568869, 23.037387]}, "properties": {"feature_type": "node", "node_id": 268, "degree": 3, "type": "intersection", "betweenness": 0.044714092050581154, "is_critical": false, "is_articulation": false}}, {"type": "Feature", "geometry": {"type": "Point", "coordinates": [72.569007, 23.037335]}, "properties": {"feature_type": "node", "node_id": 269, "degree": 3, "type": "intersection", "betweenness": 0.08233882258817254, "is_critical": true, "is_articulation": false}}, {"type": "Feature", "geometry": {"type": "Point", "coordinates": [72.571386, 23.037353]}, "properties": {"feature_type": "node", "node_id": 270, "degree": 3, "type": "intersection", "betweenness": 0.025904504744760762, "is_critical": false, "is_articulation": false}}, {"type": "Feature", "geometry": {"type": "Point", "coordinates": [72.56144, 23.0372]}, "properties": {"feature_type": "node", "node_id": 271, "degree": 4, "type": "intersection", "betweenness": 0.06078738582572172, "is_critical": false, "is_articulation": true}}, {"type": "Feature", "geometry": {"type": "Point", "coordinates": [72.560312, 23.037002]}, "properties": {"feature_type": "node", "node_id": 272, "degree": 3, "type": "intersection", "betweenness": 0.00976453985821277, "is_critical": false, "is_articulation": false}}, {"type": "Feature", "geometry": {"type": "Point", "coordinates": [72.570513, 23.037105]}, "properties": {"feature_type": "node", "node_id": 273, "degree": 3, "type": "intersection", "betweenness": 0.0012528613018645688, "is_critical": false, "is_articulation": false}}, {"type": "Feature", "geometry": {"type": "Point", "coordinates": [72.566866, 23.037031]}, "properties": {"feature_type": "node", "node_id": 274, "degree": 3, "type": "intersection", "betweenness": 0.06536824677200702, "is_critical": false, "is_articulation": false}}, {"type": "Feature", "geometry": {"type": "Point", "coordinates": [72.570046, 23.037026]}, "properties": {"feature_type": "node", "node_id": 275, "degree": 3, "type": "intersection", "betweenness": 0.0033029979776429542, "is_critical": false, "is_articulation": false}}, {"type": "Feature", "geometry": {"type": "Point", "coordinates": [72.568838, 23.036953]}, "properties": {"feature_type": "node", "node_id": 276, "degree": 3, "type": "intersection", "betweenness": 0.03654965886614663, "is_critical": false, "is_articulation": false}}, {"type": "Feature", "geometry": {"type": "Point", "coordinates": [72.568916, 23.036954]}, "properties": {"feature_type": "node", "node_id": 277, "degree": 3, "type": "intersection", "betweenness": 0.07183256661555215, "is_critical": false, "is_articulation": false}}, {"type": "Feature", "geometry": {"type": "Point", "coordinates": [72.556259, 23.036741]}, "properties": {"feature_type": "node", "node_id": 278, "degree": 1, "type": "endpoint", "betweenness": 0.0, "is_critical": false, "is_articulation": false}}, {"type": "Feature", "geometry": {"type": "Point", "coordinates": [72.562324, 23.036835]}, "properties": {"feature_type": "node", "node_id": 279, "degree": 1, "type": "endpoint", "betweenness": 0.0, "is_critical": false, "is_articulation": false}}, {"type": "Feature", "geometry": {"type": "Point", "coordinates": [72.557273, 23.036721]}, "properties": {"feature_type": "node", "node_id": 280, "degree": 1, "type": "endpoint", "betweenness": 0.0, "is_critical": false, "is_articulation": false}}, {"type": "Feature", "geometry": {"type": "Point", "coordinates": [72.557761, 23.03671]}, "properties": {"feature_type": "node", "node_id": 281, "degree": 3, "type": "intersection", "betweenness": 0.004114163166433318, "is_critical": false, "is_articulation": true}}, {"type": "Feature", "geometry": {"type": "Point", "coordinates": [72.563456, 23.036798]}, "properties": {"feature_type": "node", "node_id": 282, "degree": 3, "type": "intersection", "betweenness": 0.003397448718803476, "is_critical": false, "is_articulation": false}}, {"type": "Feature", "geometry": {"type": "Point", "coordinates": [72.569387, 23.036817]}, "properties": {"feature_type": "node", "node_id": 283, "degree": 3, "type": "intersection", "betweenness": 0.05718158988377003, "is_critical": false, "is_articulation": false}}, {"type": "Feature", "geometry": {"type": "Point", "coordinates": [72.57005, 23.036827]}, "properties": {"feature_type": "node", "node_id": 284, "degree": 3, "type": "intersection", "betweenness": 0.013542569504633643, "is_critical": false, "is_articulation": false}}, {"type": "Feature", "geometry": {"type": "Point", "coordinates": [72.570304, 23.036813]}, "properties": {"feature_type": "node", "node_id": 285, "degree": 4, "type": "intersection", "betweenness": 0.010789608196101962, "is_critical": false, "is_articulation": true}}, {"type": "Feature", "geometry": {"type": "Point", "coordinates": [72.571395, 23.036866]}, "properties": {"feature_type": "node", "node_id": 286, "degree": 3, "type": "intersection", "betweenness": 0.024651643442896193, "is_critical": false, "is_articulation": false}}, {"type": "Feature", "geometry": {"type": "Point", "coordinates": [72.56886, 23.036791]}, "properties": {"feature_type": "node", "node_id": 287, "degree": 3, "type": "intersection", "betweenness": 0.11025179456408206, "is_critical": true, "is_articulation": false}}, {"type": "Feature", "geometry": {"type": "Point", "coordinates": [72.55556, 23.03655]}, "properties": {"feature_type": "node", "node_id": 288, "degree": 1, "type": "endpoint", "betweenness": 0.0, "is_critical": false, "is_articulation": false}}, {"type": "Feature", "geometry": {"type": "Point", "coordinates": [72.561157, 23.036636]}, "properties": {"feature_type": "node", "node_id": 289, "degree": 4, "type": "intersection", "betweenness": 0.06871569215725493, "is_critical": false, "is_articulation": false}}, {"type": "Feature", "geometry": {"type": "Point", "coordinates": [72.56114, 23.036492]}, "properties": {"feature_type": "node", "node_id": 290, "degree": 4, "type": "intersection", "betweenness": 0.12918361224081606, "is_critical": true, "is_articulation": false}}, {"type": "Feature", "geometry": {"type": "Point", "coordinates": [72.571399, 23.036649]}, "properties": {"feature_type": "node", "node_id": 291, "degree": 3, "type": "intersection", "betweenness": 0.023573793808476122, "is_critical": false, "is_articulation": false}}, {"type": "Feature", "geometry": {"type": "Point", "coordinates": [72.557729, 23.036331]}, "properties": {"feature_type": "node", "node_id": 292, "degree": 3, "type": "intersection", "betweenness": 0.005686490210458475, "is_critical": false, "is_articulation": true}}, {"type": "Feature", "geometry": {"type": "Point", "coordinates": [72.55732, 23.036324]}, "properties": {"feature_type": "node", "node_id": 293, "degree": 1, "type": "endpoint", "betweenness": 0.0, "is_critical": false, "is_articulation": false}}, {"type": "Feature", "geometry": {"type": "Point", "coordinates": [72.570914, 23.03648]}, "properties": {"feature_type": "node", "node_id": 294, "degree": 3, "type": "intersection", "betweenness": 0.004630864279840878, "is_critical": false, "is_articulation": true}}, {"type": "Feature", "geometry": {"type": "Point", "coordinates": [72.571168, 23.036465]}, "properties": {"feature_type": "node", "node_id": 295, "degree": 1, "type": "endpoint", "betweenness": 0.0, "is_critical": false, "is_articulation": false}}, {"type": "Feature", "geometry": {"type": "Point", "coordinates": [72.555234, 23.036202]}, "properties": {"feature_type": "node", "node_id": 296, "degree": 1, "type": "endpoint", "betweenness": 0.0, "is_critical": false, "is_articulation": false}}, {"type": "Feature", "geometry": {"type": "Point", "coordinates": [72.559138, 23.0361]}, "properties": {"feature_type": "node", "node_id": 297, "degree": 3, "type": "intersection", "betweenness": 0.009786763562015246, "is_critical": false, "is_articulation": false}}, {"type": "Feature", "geometry": {"type": "Point", "coordinates": [72.571426, 23.036253]}, "properties": {"feature_type": "node", "node_id": 298, "degree": 3, "type": "intersection", "betweenness": 0.02352934640087117, "is_critical": false, "is_articulation": false}}, {"type": "Feature", "geometry": {"type": "Point", "coordinates": [72.562281, 23.035986]}, "properties": {"feature_type": "node", "node_id": 299, "degree": 3, "type": "intersection", "betweenness": 0.06560159566193302, "is_critical": false, "is_articulation": false}}, {"type": "Feature", "geometry": {"type": "Point", "coordinates": [72.571429, 23.036072]}, "properties": {"feature_type": "node", "node_id": 300, "degree": 3, "type": "intersection", "betweenness": 0.024484965664377627, "is_critical": false, "is_articulation": false}}, {"type": "Feature", "geometry": {"type": "Point", "coordinates": [72.570941, 23.036065]}, "properties": {"feature_type": "node", "node_id": 301, "degree": 1, "type": "endpoint", "betweenness": 0.0, "is_critical": false, "is_articulation": false}}, {"type": "Feature", "geometry": {"type": "Point", "coordinates": [72.562946, 23.035906]}, "properties": {"feature_type": "node", "node_id": 302, "degree": 3, "type": "intersection", "betweenness": 0.014931550992288375, "is_critical": false, "is_articulation": false}}, {"type": "Feature", "geometry": {"type": "Point", "coordinates": [72.556199, 23.035747]}, "properties": {"feature_type": "node", "node_id": 303, "degree": 4, "type": "intersection", "betweenness": 0.006942129475298354, "is_critical": false, "is_articulation": true}}, {"type": "Feature", "geometry": {"type": "Point", "coordinates": [72.565111, 23.035903]}, "properties": {"feature_type": "node", "node_id": 304, "degree": 1, "type": "endpoint", "betweenness": 0.0, "is_critical": false, "is_articulation": false}}, {"type": "Feature", "geometry": {"type": "Point", "coordinates": [72.555243, 23.035732]}, "properties": {"feature_type": "node", "node_id": 305, "degree": 1, "type": "endpoint", "betweenness": 0.0, "is_critical": false, "is_articulation": false}}, {"type": "Feature", "geometry": {"type": "Point", "coordinates": [72.556823, 23.035739]}, "properties": {"feature_type": "node", "node_id": 306, "degree": 3, "type": "intersection", "betweenness": 0.016926128408560573, "is_critical": false, "is_articulation": true}}, {"type": "Feature", "geometry": {"type": "Point", "coordinates": [72.561465, 23.035792]}, "properties": {"feature_type": "node", "node_id": 307, "degree": 1, "type": "endpoint", "betweenness": 0.0, "is_critical": false, "is_articulation": false}}, {"type": "Feature", "geometry": {"type": "Point", "coordinates": [72.557175, 23.035708]}, "properties": {"feature_type": "node", "node_id": 308, "degree": 3, "type": "intersection", "betweenness": 0.026460097339822655, "is_critical": false, "is_articulation": false}}, {"type": "Feature", "geometry": {"type": "Point", "coordinates": [72.567511, 23.035867]}, "properties": {"feature_type": "node", "node_id": 309, "degree": 3, "type": "intersection", "betweenness": 0.0218070093561793, "is_critical": false, "is_articulation": false}}, {"type": "Feature", "geometry": {"type": "Point", "coordinates": [72.562832, 23.035741]}, "properties": {"feature_type": "node", "node_id": 310, "degree": 3, "type": "intersection", "betweenness": 0.08648076538435896, "is_critical": true, "is_articulation": false}}, {"type": "Feature", "geometry": {"type": "Point", "coordinates": [72.558385, 23.035637]}, "properties": {"feature_type": "node", "node_id": 311, "degree": 3, "type": "intersection", "betweenness": 0.01999577749627753, "is_critical": false, "is_articulation": true}}, {"type": "Feature", "geometry": {"type": "Point", "coordinates": [72.567182, 23.035754]}, "properties": {"feature_type": "node", "node_id": 312, "degree": 3, "type": "intersection", "betweenness": 0.06634053381336534, "is_critical": false, "is_articulation": false}}, {"type": "Feature", "geometry": {"type": "Point", "coordinates": [72.559108, 23.035612]}, "properties": {"feature_type": "node", "node_id": 313, "degree": 3, "type": "intersection", "betweenness": 0.030318687912527502, "is_critical": false, "is_articulation": false}}, {"type": "Feature", "geometry": {"type": "Point", "coordinates": [72.571453, 23.03582]}, "properties": {"feature_type": "node", "node_id": 314, "degree": 3, "type": "intersection", "betweenness": 0.02544336289085939, "is_critical": false, "is_articulation": false}}, {"type": "Feature", "geometry": {"type": "Point", "coordinates": [72.571454, 23.035766]}, "properties": {"feature_type": "node", "node_id": 315, "degree": 3, "type": "intersection", "betweenness": 0.026529546414205393, "is_critical": false, "is_articulation": false}}, {"type": "Feature", "geometry": {"type": "Point", "coordinates": [72.560826, 23.03553]}, "properties": {"feature_type": "node", "node_id": 316, "degree": 3, "type": "intersection", "betweenness": 0.06377091806120408, "is_critical": false, "is_articulation": false}}, {"type": "Feature", "geometry": {"type": "Point", "coordinates": [72.559889, 23.035533]}, "properties": {"feature_type": "node", "node_id": 317, "degree": 3, "type": "intersection", "betweenness": 0.02934084494521857, "is_critical": false, "is_articulation": false}}, {"type": "Feature", "geometry": {"type": "Point", "coordinates": [72.56385, 23.03554]}, "properties": {"feature_type": "node", "node_id": 318, "degree": 3, "type": "intersection", "betweenness": 0.013839811542991756, "is_critical": false, "is_articulation": false}}, {"type": "Feature", "geometry": {"type": "Point", "coordinates": [72.560749, 23.035474]}, "properties": {"feature_type": "node", "node_id": 319, "degree": 3, "type": "intersection", "betweenness": 0.0267962308598351, "is_critical": false, "is_articulation": false}}, {"type": "Feature", "geometry": {"type": "Point", "coordinates": [72.560847, 23.035422]}, "properties": {"feature_type": "node", "node_id": 320, "degree": 4, "type": "intersection", "betweenness": 0.08278051870124675, "is_critical": true, "is_articulation": false}}, {"type": "Feature", "geometry": {"type": "Point", "coordinates": [72.566971, 23.035534]}, "properties": {"feature_type": "node", "node_id": 321, "degree": 3, "type": "intersection", "betweenness": 0.002327932973309332, "is_critical": false, "is_articulation": false}}, {"type": "Feature", "geometry": {"type": "Point", "coordinates": [72.571418, 23.035585]}, "properties": {"feature_type": "node", "node_id": 322, "degree": 3, "type": "intersection", "betweenness": 0.00830333133319999, "is_critical": false, "is_articulation": false}}, {"type": "Feature", "geometry": {"type": "Point", "coordinates": [72.56075, 23.035402]}, "properties": {"feature_type": "node", "node_id": 323, "degree": 3, "type": "intersection", "betweenness": 0.0184901215636598, "is_critical": false, "is_articulation": false}}, {"type": "Feature", "geometry": {"type": "Point", "coordinates": [72.561375, 23.035394]}, "properties": {"feature_type": "node", "node_id": 324, "degree": 3, "type": "intersection", "betweenness": 0.03237715847723182, "is_critical": false, "is_articulation": true}}, {"type": "Feature", "geometry": {"type": "Point", "coordinates": [72.567246, 23.035448]}, "properties": {"feature_type": "node", "node_id": 325, "degree": 3, "type": "intersection", "betweenness": 0.06699057714958775, "is_critical": false, "is_articulation": false}}, {"type": "Feature", "geometry": {"type": "Point", "coordinates": [72.564496, 23.035406]}, "properties": {"feature_type": "node", "node_id": 326, "degree": 3, "type": "intersection", "betweenness": 0.015959397293152877, "is_critical": false, "is_articulation": false}}, {"type": "Feature", "geometry": {"type": "Point", "coordinates": [72.571518, 23.035478]}, "properties": {"feature_type": "node", "node_id": 327, "degree": 4, "type": "intersection", "betweenness": 0.019540191568326776, "is_critical": false, "is_articulation": false}}, {"type": "Feature", "geometry": {"type": "Point", "coordinates": [72.560772, 23.035276]}, "properties": {"feature_type": "node", "node_id": 328, "degree": 3, "type": "intersection", "betweenness": 0.06090961619663533, "is_critical": false, "is_articulation": false}}, {"type": "Feature", "geometry": {"type": "Point", "coordinates": [72.562059, 23.035296]}, "properties": {"feature_type": "node", "node_id": 329, "degree": 3, "type": "intersection", "betweenness": 0.032288263662021914, "is_critical": false, "is_articulation": false}}, {"type": "Feature", "geometry": {"type": "Point", "coordinates": [72.564498, 23.035297]}, "properties": {"feature_type": "node", "node_id": 330, "degree": 4, "type": "intersection", "betweenness": 0.03375502811298531, "is_critical": false, "is_articulation": false}}, {"type": "Feature", "geometry": {"type": "Point", "coordinates": [72.569159, 23.035351]}, "properties": {"feature_type": "node", "node_id": 331, "degree": 3, "type": "intersection", "betweenness": 0.06080683156654888, "is_critical": false, "is_articulation": true}}, {"type": "Feature", "geometry": {"type": "Point", "coordinates": [72.571441, 23.035404]}, "properties": {"feature_type": "node", "node_id": 332, "degree": 3, "type": "intersection", "betweenness": 0.010322910416249973, "is_critical": false, "is_articulation": false}}, {"type": "Feature", "geometry": {"type": "Point", "coordinates": [72.559896, 23.035172]}, "properties": {"feature_type": "node", "node_id": 333, "degree": 3, "type": "intersection", "betweenness": 0.006972687068026758, "is_critical": false, "is_articulation": true}}, {"type": "Feature", "geometry": {"type": "Point", "coordinates": [72.564791, 23.035248]}, "properties": {"feature_type": "node", "node_id": 334, "degree": 3, "type": "intersection", "betweenness": 0.018559570638042536, "is_critical": false, "is_articulation": true}}, {"type": "Feature", "geometry": {"type": "Point", "coordinates": [72.559525, 23.035167]}, "properties": {"feature_type": "node", "node_id": 335, "degree": 1, "type": "endpoint", "betweenness": 0.0, "is_critical": false, "is_articulation": false}}, {"type": "Feature", "geometry": {"type": "Point", "coordinates": [72.562549, 23.035195]}, "properties": {"feature_type": "node", "node_id": 336, "degree": 4, "type": "intersection", "betweenness": 0.07037135809053938, "is_critical": false, "is_articulation": false}}, {"type": "Feature", "geometry": {"type": "Point", "coordinates": [72.557147, 23.035076]}, "properties": {"feature_type": "node", "node_id": 337, "degree": 3, "type": "intersection", "betweenness": 0.01764839878214103, "is_critical": false, "is_articulation": false}}, {"type": "Feature", "geometry": {"type": "Point", "coordinates": [72.571169, 23.03531]}, "properties": {"feature_type": "node", "node_id": 338, "degree": 1, "type": "endpoint", "betweenness": 0.0, "is_critical": false, "is_articulation": false}}, {"type": "Feature", "geometry": {"type": "Point", "coordinates": [72.564461, 23.035171]}, "properties": {"feature_type": "node", "node_id": 339, "degree": 4, "type": "intersection", "betweenness": 0.07519667977865191, "is_critical": true, "is_articulation": false}}, {"type": "Feature", "geometry": {"type": "Point", "coordinates": [72.560716, 23.035113]}, "properties": {"feature_type": "node", "node_id": 340, "degree": 3, "type": "intersection", "betweenness": 0.0655071449207725, "is_critical": false, "is_articulation": false}}, {"type": "Feature", "geometry": {"type": "Point", "coordinates": [72.565281, 23.035147]}, "properties": {"feature_type": "node", "node_id": 341, "degree": 3, "type": "intersection", "betweenness": 0.020745827499611087, "is_critical": false, "is_articulation": false}}, {"type": "Feature", "geometry": {"type": "Point", "coordinates": [72.569143, 23.035188]}, "properties": {"feature_type": "node", "node_id": 342, "degree": 3, "type": "intersection", "betweenness": 0.06278196324199391, "is_critical": false, "is_articulation": false}}, {"type": "Feature", "geometry": {"type": "Point", "coordinates": [72.565398, 23.035131]}, "properties": {"feature_type": "node", "node_id": 343, "degree": 3, "type": "intersection", "betweenness": 0.021001400093339558, "is_critical": false, "is_articulation": false}}, {"type": "Feature", "geometry": {"type": "Point", "coordinates": [72.565515, 23.035115]}, "properties": {"feature_type": "node", "node_id": 344, "degree": 3, "type": "intersection", "betweenness": 0.021248638798142098, "is_critical": false, "is_articulation": false}}, {"type": "Feature", "geometry": {"type": "Point", "coordinates": [72.569046, 23.035169]}, "properties": {"feature_type": "node", "node_id": 345, "degree": 3, "type": "intersection", "betweenness": 0.1387571671444763, "is_critical": true, "is_articulation": false}}, {"type": "Feature", "geometry": {"type": "Point", "coordinates": [72.556154, 23.034952]}, "properties": {"feature_type": "node", "node_id": 346, "degree": 1, "type": "endpoint", "betweenness": 0.0, "is_critical": false, "is_articulation": false}}, {"type": "Feature", "geometry": {"type": "Point", "coordinates": [72.565263, 23.035075]}, "properties": {"feature_type": "node", "node_id": 347, "degree": 3, "type": "intersection", "betweenness": 0.057367713403115764, "is_critical": false, "is_articulation": false}}, {"type": "Feature", "geometry": {"type": "Point", "coordinates": [72.565633, 23.035098]}, "properties": {"feature_type": "node", "node_id": 348, "degree": 3, "type": "intersection", "betweenness": 0.021573660466253305, "is_critical": false, "is_articulation": false}}, {"type": "Feature", "geometry": {"type": "Point", "coordinates": [72.565907, 23.035066]}, "properties": {"feature_type": "node", "node_id": 349, "degree": 4, "type": "intersection", "betweenness": 0.022087583616685558, "is_critical": false, "is_articulation": false}}, {"type": "Feature", "geometry": {"type": "Point", "coordinates": [72.569163, 23.035135]}, "properties": {"feature_type": "node", "node_id": 350, "degree": 3, "type": "intersection", "betweenness": 0.036546186412427496, "is_critical": false, "is_articulation": false}}, {"type": "Feature", "geometry": {"type": "Point", "coordinates": [72.565399, 23.035059]}, "properties": {"feature_type": "node", "node_id": 351, "degree": 3, "type": "intersection", "betweenness": 0.05445918616796675, "is_critical": false, "is_articulation": false}}, {"type": "Feature", "geometry": {"type": "Point", "coordinates": [72.56577, 23.035082]}, "properties": {"feature_type": "node", "node_id": 352, "degree": 3, "type": "intersection", "betweenness": 0.02158338333666689, "is_critical": false, "is_articulation": false}}, {"type": "Feature", "geometry": {"type": "Point", "coordinates": [72.565517, 23.035042]}, "properties": {"feature_type": "node", "node_id": 353, "degree": 3, "type": "intersection", "betweenness": 0.05488977042913972, "is_critical": false, "is_articulation": false}}, {"type": "Feature", "geometry": {"type": "Point", "coordinates": [72.569066, 23.035115]}, "properties": {"feature_type": "node", "node_id": 354, "degree": 3, "type": "intersection", "betweenness": 0.1679667533391115, "is_critical": true, "is_articulation": false}}, {"type": "Feature", "geometry": {"type": "Point", "coordinates": [72.565634, 23.035026]}, "properties": {"feature_type": "node", "node_id": 355, "degree": 3, "type": "intersection", "betweenness": 0.05623291552770185, "is_critical": false, "is_articulation": false}}, {"type": "Feature", "geometry": {"type": "Point", "coordinates": [72.565771, 23.03501]}, "properties": {"feature_type": "node", "node_id": 356, "degree": 3, "type": "intersection", "betweenness": 0.058239993777362935, "is_critical": false, "is_articulation": false}}, {"type": "Feature", "geometry": {"type": "Point", "coordinates": [72.566083, 23.035033]}, "properties": {"feature_type": "node", "node_id": 357, "degree": 3, "type": "intersection", "betweenness": 0.020501366757783853, "is_critical": false, "is_articulation": false}}, {"type": "Feature", "geometry": {"type": "Point", "coordinates": [72.56622, 23.035017]}, "properties": {"feature_type": "node", "node_id": 358, "degree": 3, "type": "intersection", "betweenness": 0.020315937729181947, "is_critical": false, "is_articulation": false}}, {"type": "Feature", "geometry": {"type": "Point", "coordinates": [72.566317, 23.035019]}, "properties": {"feature_type": "node", "node_id": 359, "degree": 3, "type": "intersection", "betweenness": 0.020647904304731426, "is_critical": false, "is_articulation": false}}, {"type": "Feature", "geometry": {"type": "Point", "coordinates": [72.571447, 23.035079]}, "properties": {"feature_type": "node", "node_id": 360, "degree": 3, "type": "intersection", "betweenness": 0.011639664866546658, "is_critical": false, "is_articulation": false}}, {"type": "Feature", "geometry": {"type": "Point", "coordinates": [72.565889, 23.034976]}, "properties": {"feature_type": "node", "node_id": 361, "degree": 4, "type": "intersection", "betweenness": 0.06149923883814477, "is_critical": false, "is_articulation": false}}, {"type": "Feature", "geometry": {"type": "Point", "coordinates": [72.566084, 23.034979]}, "properties": {"feature_type": "node", "node_id": 362, "degree": 3, "type": "intersection", "betweenness": 0.05908518901260084, "is_critical": false, "is_articulation": false}}, {"type": "Feature", "geometry": {"type": "Point", "coordinates": [72.566434, 23.035002]}, "properties": {"feature_type": "node", "node_id": 363, "degree": 3, "type": "intersection", "betweenness": 0.021391009400626708, "is_critical": false, "is_articulation": false}}, {"type": "Feature", "geometry": {"type": "Point", "coordinates": [72.566221, 23.034963]}, "properties": {"feature_type": "node", "node_id": 364, "degree": 3, "type": "intersection", "betweenness": 0.05842333933373336, "is_critical": false, "is_articulation": false}}, {"type": "Feature", "geometry": {"type": "Point", "coordinates": [72.566552, 23.034986]}, "properties": {"feature_type": "node", "node_id": 365, "degree": 3, "type": "intersection", "betweenness": 0.022095917505611486, "is_critical": false, "is_articulation": false}}, {"type": "Feature", "geometry": {"type": "Point", "coordinates": [72.569068, 23.035007]}, "properties": {"feature_type": "node", "node_id": 366, "degree": 3, "type": "intersection", "betweenness": 0.18424839433740028, "is_critical": true, "is_articulation": false}}, {"type": "Feature", "geometry": {"type": "Point", "coordinates": [72.569166, 23.03499]}, "properties": {"feature_type": "node", "node_id": 367, "degree": 6, "type": "intersection", "betweenness": 0.06744060715158788, "is_critical": false, "is_articulation": true}}, {"type": "Feature", "geometry": {"type": "Point", "coordinates": [72.566318, 23.034946]}, "properties": {"feature_type": "node", "node_id": 368, "degree": 3, "type": "intersection", "betweenness": 0.05779690868280108, "is_critical": false, "is_articulation": false}}, {"type": "Feature", "geometry": {"type": "Point", "coordinates": [72.56665, 23.03497]}, "properties": {"feature_type": "node", "node_id": 369, "degree": 3, "type": "intersection", "betweenness": 0.023507122697068693, "is_critical": false, "is_articulation": false}}, {"type": "Feature", "geometry": {"type": "Point", "coordinates": [72.566436, 23.03493]}, "properties": {"feature_type": "node", "node_id": 370, "degree": 3, "type": "intersection", "betweenness": 0.05970398026535102, "is_critical": false, "is_articulation": false}}, {"type": "Feature", "geometry": {"type": "Point", "coordinates": [72.566747, 23.034953]}, "properties": {"feature_type": "node", "node_id": 371, "degree": 3, "type": "intersection", "betweenness": 0.02372380380914283, "is_critical": false, "is_articulation": false}}, {"type": "Feature", "geometry": {"type": "Point", "coordinates": [72.566826, 23.034936]}, "properties": {"feature_type": "node", "node_id": 372, "degree": 3, "type": "intersection", "betweenness": 0.024540524923883814, "is_critical": false, "is_articulation": false}}, {"type": "Feature", "geometry": {"type": "Point", "coordinates": [72.566534, 23.034914]}, "properties": {"feature_type": "node", "node_id": 373, "degree": 3, "type": "intersection", "betweenness": 0.060983232215481034, "is_critical": false, "is_articulation": false}}, {"type": "Feature", "geometry": {"type": "Point", "coordinates": [72.569245, 23.034937]}, "properties": {"feature_type": "node", "node_id": 374, "degree": 3, "type": "intersection", "betweenness": 0.014864879880880947, "is_critical": false, "is_articulation": false}}, {"type": "Feature", "geometry": {"type": "Point", "coordinates": [72.566631, 23.034897]}, "properties": {"feature_type": "node", "node_id": 375, "degree": 3, "type": "intersection", "betweenness": 0.06328685801275641, "is_critical": false, "is_articulation": false}}, {"type": "Feature", "geometry": {"type": "Point", "coordinates": [72.56673, 23.034862]}, "properties": {"feature_type": "node", "node_id": 376, "degree": 3, "type": "intersection", "betweenness": 0.07269373513789808, "is_critical": true, "is_articulation": false}}, {"type": "Feature", "geometry": {"type": "Point", "coordinates": [72.566827, 23.034864]}, "properties": {"feature_type": "node", "node_id": 377, "degree": 3, "type": "intersection", "betweenness": 0.07239927106251529, "is_critical": false, "is_articulation": false}}, {"type": "Feature", "geometry": {"type": "Point", "coordinates": [72.566944, 23.034866]}, "properties": {"feature_type": "node", "node_id": 378, "degree": 3, "type": "intersection", "betweenness": 0.09827321821454764, "is_critical": true, "is_articulation": false}}, {"type": "Feature", "geometry": {"type": "Point", "coordinates": [72.568738, 23.034893]}, "properties": {"feature_type": "node", "node_id": 379, "degree": 3, "type": "intersection", "betweenness": 0.1412288597017579, "is_critical": true, "is_articulation": false}}, {"type": "Feature", "geometry": {"type": "Point", "coordinates": [72.569148, 23.034918]}, "properties": {"feature_type": "node", "node_id": 380, "degree": 3, "type": "intersection", "betweenness": 0.0480448696579772, "is_critical": false, "is_articulation": false}}, {"type": "Feature", "geometry": {"type": "Point", "coordinates": [72.566671, 23.034862]}, "properties": {"feature_type": "node", "node_id": 381, "degree": 3, "type": "intersection", "betweenness": 0.07748224881658777, "is_critical": true, "is_articulation": false}}, {"type": "Feature", "geometry": {"type": "Point", "coordinates": [72.557155, 23.034661]}, "properties": {"feature_type": "node", "node_id": 382, "degree": 3, "type": "intersection", "betweenness": 0.01739004822543725, "is_critical": false, "is_articulation": false}}, {"type": "Feature", "geometry": {"type": "Point", "coordinates": [72.562401, 23.034742]}, "properties": {"feature_type": "node", "node_id": 383, "degree": 3, "type": "intersection", "betweenness": 0.010620152454608085, "is_critical": false, "is_articulation": true}}, {"type": "Feature", "geometry": {"type": "Point", "coordinates": [72.563493, 23.034776]}, "properties": {"feature_type": "node", "node_id": 384, "degree": 3, "type": "intersection", "betweenness": 0.04236949129941996, "is_critical": false, "is_articulation": false}}, {"type": "Feature", "geometry": {"type": "Point", "coordinates": [72.569324, 23.034848]}, "properties": {"feature_type": "node", "node_id": 385, "degree": 3, "type": "intersection", "betweenness": 0.05336466875569482, "is_critical": false, "is_articulation": false}}, {"type": "Feature", "geometry": {"type": "Point", "coordinates": [72.568135, 23.03483]}, "properties": {"feature_type": "node", "node_id": 386, "degree": 3, "type": "intersection", "betweenness": 0.0021779229726426206, "is_critical": false, "is_articulation": false}}, {"type": "Feature", "geometry": {"type": "Point", "coordinates": [72.558442, 23.034662]}, "properties": {"feature_type": "node", "node_id": 388, "degree": 1, "type": "endpoint", "betweenness": 0.0, "is_critical": false, "is_articulation": false}}, {"type": "Feature", "geometry": {"type": "Point", "coordinates": [72.567784, 23.034788]}, "properties": {"feature_type": "node", "node_id": 389, "degree": 4, "type": "intersection", "betweenness": 0.016844178500788943, "is_critical": false, "is_articulation": false}}, {"type": "Feature", "geometry": {"type": "Point", "coordinates": [72.567882, 23.034808]}, "properties": {"feature_type": "node", "node_id": 390, "degree": 3, "type": "intersection", "betweenness": 0.002839078160766273, "is_critical": false, "is_articulation": false}}, {"type": "Feature", "geometry": {"type": "Point", "coordinates": [72.568467, 23.034817]}, "properties": {"feature_type": "node", "node_id": 391, "degree": 3, "type": "intersection", "betweenness": 0.18286496877569616, "is_critical": true, "is_articulation": false}}, {"type": "Feature", "geometry": {"type": "Point", "coordinates": [72.568545, 23.034818]}, "properties": {"feature_type": "node", "node_id": 392, "degree": 3, "type": "intersection", "betweenness": 0.1824093828477454, "is_critical": true, "is_articulation": false}}, {"type": "Feature", "geometry": {"type": "Point", "coordinates": [72.57147, 23.034863]}, "properties": {"feature_type": "node", "node_id": 393, "degree": 3, "type": "intersection", "betweenness": 0.013020312465275463, "is_critical": false, "is_articulation": false}}, {"type": "Feature", "geometry": {"type": "Point", "coordinates": [72.567492, 23.034766]}, "properties": {"feature_type": "node", "node_id": 394, "degree": 3, "type": "intersection", "betweenness": 0.16471931462097475, "is_critical": true, "is_articulation": false}}, {"type": "Feature", "geometry": {"type": "Point", "coordinates": [72.569169, 23.034792]}, "properties": {"feature_type": "node", "node_id": 395, "degree": 4, "type": "intersection", "betweenness": 0.09812043025090562, "is_critical": true, "is_articulation": false}}, {"type": "Feature", "geometry": {"type": "Point", "coordinates": [72.567687, 23.034769]}, "properties": {"feature_type": "node", "node_id": 397, "degree": 3, "type": "intersection", "betweenness": 0.016621941462764186, "is_critical": false, "is_articulation": false}}, {"type": "Feature", "geometry": {"type": "Point", "coordinates": [72.568136, 23.034758]}, "properties": {"feature_type": "node", "node_id": 398, "degree": 3, "type": "intersection", "betweenness": 0.18038424783874482, "is_critical": true, "is_articulation": false}}, {"type": "Feature", "geometry": {"type": "Point", "coordinates": [72.567902, 23.034736]}, "properties": {"feature_type": "node", "node_id": 399, "degree": 3, "type": "intersection", "betweenness": 0.18113846478654133, "is_critical": true, "is_articulation": false}}, {"type": "Feature", "geometry": {"type": "Point", "coordinates": [72.567572, 23.034677]}, "properties": {"feature_type": "node", "node_id": 400, "degree": 4, "type": "intersection", "betweenness": 0.2798269884658977, "is_critical": true, "is_articulation": false}}, {"type": "Feature", "geometry": {"type": "Point", "coordinates": [72.567708, 23.034697]}, "properties": {"feature_type": "node", "node_id": 401, "degree": 3, "type": "intersection", "betweenness": 0.24021879236393537, "is_critical": true, "is_articulation": false}}, {"type": "Feature", "geometry": {"type": "Point", "coordinates": [72.567805, 23.034698]}, "properties": {"feature_type": "node", "node_id": 402, "degree": 4, "type": "intersection", "betweenness": 0.24176750672267042, "is_critical": true, "is_articulation": false}}, {"type": "Feature", "geometry": {"type": "Point", "coordinates": [72.555207, 23.034504]}, "properties": {"feature_type": "node", "node_id": 403, "degree": 1, "type": "endpoint", "betweenness": 0.0, "is_critical": false, "is_articulation": false}}, {"type": "Feature", "geometry": {"type": "Point", "coordinates": [72.557138, 23.034516]}, "properties": {"feature_type": "node", "node_id": 404, "degree": 3, "type": "intersection", "betweenness": 0.018212325266128853, "is_critical": false, "is_articulation": true}}, {"type": "Feature", "geometry": {"type": "Point", "coordinates": [72.562832, 23.034622]}, "properties": {"feature_type": "node", "node_id": 405, "degree": 1, "type": "endpoint", "betweenness": 0.0, "is_critical": false, "is_articulation": false}}, {"type": "Feature", "geometry": {"type": "Point", "coordinates": [72.558776, 23.034541]}, "properties": {"feature_type": "node", "node_id": 406, "degree": 1, "type": "endpoint", "betweenness": 0.0, "is_critical": false, "is_articulation": false}}, {"type": "Feature", "geometry": {"type": "Point", "coordinates": [72.569352, 23.034379]}, "properties": {"feature_type": "node", "node_id": 407, "degree": 5, "type": "intersection", "betweenness": 0.05727048469897993, "is_critical": false, "is_articulation": false}}, {"type": "Feature", "geometry": {"type": "Point", "coordinates": [72.567496, 23.034567]}, "properties": {"feature_type": "node", "node_id": 408, "degree": 3, "type": "intersection", "betweenness": 0.13804809209502855, "is_critical": true, "is_articulation": false}}, {"type": "Feature", "geometry": {"type": "Point", "coordinates": [72.570557, 23.034632]}, "properties": {"feature_type": "node", "node_id": 409, "degree": 1, "type": "endpoint", "betweenness": 0.0, "is_critical": false, "is_articulation": false}}, {"type": "Feature", "geometry": {"type": "Point", "coordinates": [72.559715, 23.034411]}, "properties": {"feature_type": "node", "node_id": 410, "degree": 3, "type": "intersection", "betweenness": 0.002316821121408094, "is_critical": false, "is_articulation": true}}, {"type": "Feature", "geometry": {"type": "Point", "coordinates": [72.571475, 23.034574]}, "properties": {"feature_type": "node", "node_id": 411, "degree": 3, "type": "intersection", "betweenness": 0.015870502477942975, "is_critical": false, "is_articulation": false}}, {"type": "Feature", "geometry": {"type": "Point", "coordinates": [72.571631, 23.034577]}, "properties": {"feature_type": "node", "node_id": 412, "degree": 3, "type": "intersection", "betweenness": 0.019712425272795965, "is_critical": false, "is_articulation": false}}, {"type": "Feature", "geometry": {"type": "Point", "coordinates": [72.560555, 23.034334]}, "properties": {"feature_type": "node", "node_id": 413, "degree": 5, "type": "intersection", "betweenness": 0.0644487410271796, "is_critical": false, "is_articulation": true}}, {"type": "Feature", "geometry": {"type": "Point", "coordinates": [72.564163, 23.034408]}, "properties": {"feature_type": "node", "node_id": 414, "degree": 3, "type": "intersection", "betweenness": 0.06391259417294487, "is_critical": false, "is_articulation": false}}, {"type": "Feature", "geometry": {"type": "Point", "coordinates": [72.562253, 23.034306]}, "properties": {"feature_type": "node", "node_id": 415, "degree": 3, "type": "intersection", "betweenness": 0.009225615041002734, "is_critical": false, "is_articulation": true}}, {"type": "Feature", "geometry": {"type": "Point", "coordinates": [72.564164, 23.034335]}, "properties": {"feature_type": "node", "node_id": 416, "degree": 3, "type": "intersection", "betweenness": 0.06271529213058649, "is_critical": false, "is_articulation": false}}, {"type": "Feature", "geometry": {"type": "Point", "coordinates": [72.556421, 23.034216]}, "properties": {"feature_type": "node", "node_id": 417, "degree": 1, "type": "endpoint", "betweenness": 0.0, "is_critical": false, "is_articulation": false}}, {"type": "Feature", "geometry": {"type": "Point", "coordinates": [72.558723, 23.034233]}, "properties": {"feature_type": "node", "node_id": 418, "degree": 1, "type": "endpoint", "betweenness": 0.0, "is_critical": false, "is_articulation": false}}, {"type": "Feature", "geometry": {"type": "Point", "coordinates": [72.562703, 23.034205]}, "properties": {"feature_type": "node", "node_id": 419, "degree": 1, "type": "endpoint", "betweenness": 0.0, "is_critical": false, "is_articulation": false}}, {"type": "Feature", "geometry": {"type": "Point", "coordinates": [72.560482, 23.034044]}, "properties": {"feature_type": "node", "node_id": 420, "degree": 5, "type": "intersection", "betweenness": 0.06646554214725427, "is_critical": false, "is_articulation": true}}, {"type": "Feature", "geometry": {"type": "Point", "coordinates": [72.569493, 23.034129]}, "properties": {"feature_type": "node", "node_id": 421, "degree": 4, "type": "intersection", "betweenness": 0.0, "is_critical": false, "is_articulation": false}}, {"type": "Feature", "geometry": {"type": "Point", "coordinates": [72.571503, 23.034105]}, "properties": {"feature_type": "node", "node_id": 422, "degree": 3, "type": "intersection", "betweenness": 0.05639820432473276, "is_critical": false, "is_articulation": false}}, {"type": "Feature", "geometry": {"type": "Point", "coordinates": [72.569515, 23.034039]}, "properties": {"feature_type": "node", "node_id": 423, "degree": 6, "type": "intersection", "betweenness": 0.055237015801053405, "is_critical": false, "is_articulation": true}}, {"type": "Feature", "geometry": {"type": "Point", "coordinates": [72.556409, 23.033819]}, "properties": {"feature_type": "node", "node_id": 424, "degree": 3, "type": "intersection", "betweenness": 0.004630864279840878, "is_critical": false, "is_articulation": true}}, {"type": "Feature", "geometry": {"type": "Point", "coordinates": [72.55715, 23.033812]}, "properties": {"feature_type": "node", "node_id": 425, "degree": 3, "type": "intersection", "betweenness": 0.021823677134031157, "is_critical": false, "is_articulation": true}}, {"type": "Feature", "geometry": {"type": "Point", "coordinates": [72.555239, 23.033764]}, "properties": {"feature_type": "node", "node_id": 426, "degree": 1, "type": "endpoint", "betweenness": 0.0, "is_critical": false, "is_articulation": false}}, {"type": "Feature", "geometry": {"type": "Point", "coordinates": [72.569574, 23.033967]}, "properties": {"feature_type": "node", "node_id": 427, "degree": 3, "type": "intersection", "betweenness": 0.029879769762428607, "is_critical": false, "is_articulation": false}}, {"type": "Feature", "geometry": {"type": "Point", "coordinates": [72.55721, 23.033777]}, "properties": {"feature_type": "node", "node_id": 428, "degree": 3, "type": "intersection", "betweenness": 0.02092917305598151, "is_critical": false, "is_articulation": false}}, {"type": "Feature", "geometry": {"type": "Point", "coordinates": [72.565752, 23.033908]}, "properties": {"feature_type": "node", "node_id": 429, "degree": 3, "type": "intersection", "betweenness": 0.023279329733093317, "is_critical": false, "is_articulation": false}}, {"type": "Feature", "geometry": {"type": "Point", "coordinates": [72.569497, 23.033948]}, "properties": {"feature_type": "node", "node_id": 430, "degree": 3, "type": "intersection", "betweenness": 0.020873613796475322, "is_critical": false, "is_articulation": false}}, {"type": "Feature", "geometry": {"type": "Point", "coordinates": [72.558674, 23.033709]}, "properties": {"feature_type": "node", "node_id": 431, "degree": 3, "type": "intersection", "betweenness": 0.005858723914927662, "is_critical": false, "is_articulation": true}}, {"type": "Feature", "geometry": {"type": "Point", "coordinates": [72.571507, 23.033871]}, "properties": {"feature_type": "node", "node_id": 432, "degree": 3, "type": "intersection", "betweenness": 0.04207224926106185, "is_critical": false, "is_articulation": false}}, {"type": "Feature", "geometry": {"type": "Point", "coordinates": [72.564857, 23.03375]}, "properties": {"feature_type": "node", "node_id": 433, "degree": 3, "type": "intersection", "betweenness": 0.043072315932173255, "is_critical": false, "is_articulation": false}}, {"type": "Feature", "geometry": {"type": "Point", "coordinates": [72.562088, 23.033671]}, "properties": {"feature_type": "node", "node_id": 434, "degree": 3, "type": "intersection", "betweenness": 0.019756872680400914, "is_critical": false, "is_articulation": false}}, {"type": "Feature", "geometry": {"type": "Point", "coordinates": [72.571607, 23.033782]}, "properties": {"feature_type": "node", "node_id": 435, "degree": 3, "type": "intersection", "betweenness": 0.021651443429561972, "is_critical": false, "is_articulation": false}}, {"type": "Feature", "geometry": {"type": "Point", "coordinates": [72.567707, 23.033668]}, "properties": {"feature_type": "node", "node_id": 436, "degree": 3, "type": "intersection", "betweenness": 0.05403971375869503, "is_critical": false, "is_articulation": false}}, {"type": "Feature", "geometry": {"type": "Point", "coordinates": [72.559633, 23.033525]}, "properties": {"feature_type": "node", "node_id": 437, "degree": 3, "type": "intersection", "betweenness": 0.007964419850212236, "is_critical": false, "is_articulation": false}}, {"type": "Feature", "geometry": {"type": "Point", "coordinates": [72.571608, 23.033692]}, "properties": {"feature_type": "node", "node_id": 438, "degree": 3, "type": "intersection", "betweenness": 0.02055414805431473, "is_critical": false, "is_articulation": false}}, {"type": "Feature", "geometry": {"type": "Point", "coordinates": [72.571532, 23.0336]}, "properties": {"feature_type": "node", "node_id": 439, "degree": 3, "type": "intersection", "betweenness": 0.03802475720603596, "is_critical": false, "is_articulation": false}}, {"type": "Feature", "geometry": {"type": "Point", "coordinates": [72.565194, 23.033449]}, "properties": {"feature_type": "node", "node_id": 440, "degree": 3, "type": "intersection", "betweenness": 0.045408582794408514, "is_critical": false, "is_articulation": true}}, {"type": "Feature", "geometry": {"type": "Point", "coordinates": [72.56028, 23.033373]}, "properties": {"feature_type": "node", "node_id": 441, "degree": 3, "type": "intersection", "betweenness": 0.06081516545547481, "is_critical": false, "is_articulation": false}}, {"type": "Feature", "geometry": {"type": "Point", "coordinates": [72.565331, 23.033415]}, "properties": {"feature_type": "node", "node_id": 442, "degree": 3, "type": "intersection", "betweenness": 0.059240060448474345, "is_critical": false, "is_articulation": false}}, {"type": "Feature", "geometry": {"type": "Point", "coordinates": [72.569505, 23.033479]}, "properties": {"feature_type": "node", "node_id": 443, "degree": 1, "type": "endpoint", "betweenness": 0.0, "is_critical": false, "is_articulation": false}}, {"type": "Feature", "geometry": {"type": "Point", "coordinates": [72.562075, 23.033328]}, "properties": {"feature_type": "node", "node_id": 444, "degree": 3, "type": "intersection", "betweenness": 0.022601506767117807, "is_critical": false, "is_articulation": false}}, {"type": "Feature", "geometry": {"type": "Point", "coordinates": [72.564983, 23.033265]}, "properties": {"feature_type": "node", "node_id": 445, "degree": 1, "type": "endpoint", "betweenness": 0.0, "is_critical": false, "is_articulation": false}}, {"type": "Feature", "geometry": {"type": "Point", "coordinates": [72.571536, 23.033347]}, "properties": {"feature_type": "node", "node_id": 446, "degree": 3, "type": "intersection", "betweenness": 0.03701635664599862, "is_critical": false, "is_articulation": false}}, {"type": "Feature", "geometry": {"type": "Point", "coordinates": [72.562604, 23.03321]}, "properties": {"feature_type": "node", "node_id": 447, "degree": 3, "type": "intersection", "betweenness": 0.009900660044002934, "is_critical": false, "is_articulation": true}}, {"type": "Feature", "geometry": {"type": "Point", "coordinates": [72.555271, 23.033079]}, "properties": {"feature_type": "node", "node_id": 448, "degree": 1, "type": "endpoint", "betweenness": 0.0, "is_critical": false, "is_articulation": false}}, {"type": "Feature", "geometry": {"type": "Point", "coordinates": [72.556384, 23.03306]}, "properties": {"feature_type": "node", "node_id": 449, "degree": 3, "type": "intersection", "betweenness": 0.002316821121408094, "is_critical": false, "is_articulation": true}}, {"type": "Feature", "geometry": {"type": "Point", "coordinates": [72.563112, 23.033146]}, "properties": {"feature_type": "node", "node_id": 450, "degree": 3, "type": "intersection", "betweenness": 0.010256239304842546, "is_critical": false, "is_articulation": false}}, {"type": "Feature", "geometry": {"type": "Point", "coordinates": [72.571635, 23.033259]}, "properties": {"feature_type": "node", "node_id": 451, "degree": 3, "type": "intersection", "betweenness": 0.042788963708691695, "is_critical": false, "is_articulation": false}}, {"type": "Feature", "geometry": {"type": "Point", "coordinates": [72.557106, 23.032999]}, "properties": {"feature_type": "node", "node_id": 452, "degree": 3, "type": "intersection", "betweenness": 0.023921039180389805, "is_critical": false, "is_articulation": false}}, {"type": "Feature", "geometry": {"type": "Point", "coordinates": [72.556931, 23.032996]}, "properties": {"feature_type": "node", "node_id": 453, "degree": 3, "type": "intersection", "betweenness": 0.013428673022645955, "is_critical": false, "is_articulation": false}}, {"type": "Feature", "geometry": {"type": "Point", "coordinates": [72.571637, 23.03315]}, "properties": {"feature_type": "node", "node_id": 454, "degree": 3, "type": "intersection", "betweenness": 0.04185834611196302, "is_critical": false, "is_articulation": false}}, {"type": "Feature", "geometry": {"type": "Point", "coordinates": [72.557615, 23.032934]}, "properties": {"feature_type": "node", "node_id": 455, "degree": 3, "type": "intersection", "betweenness": 0.01589828210769607, "is_critical": false, "is_articulation": false}}, {"type": "Feature", "geometry": {"type": "Point", "coordinates": [72.567153, 23.033027]}, "properties": {"feature_type": "node", "node_id": 456, "degree": 3, "type": "intersection", "betweenness": 0.0011973020423583795, "is_critical": false, "is_articulation": false}}, {"type": "Feature", "geometry": {"type": "Point", "coordinates": [72.563935, 23.03296]}, "properties": {"feature_type": "node", "node_id": 457, "degree": 4, "type": "intersection", "betweenness": 0.03888592572838189, "is_critical": false, "is_articulation": false}}, {"type": "Feature", "geometry": {"type": "Point", "coordinates": [72.565808, 23.03297]}, "properties": {"feature_type": "node", "node_id": 458, "degree": 4, "type": "intersection", "betweenness": 0.13401171189190392, "is_critical": true, "is_articulation": false}}, {"type": "Feature", "geometry": {"type": "Point", "coordinates": [72.571562, 23.033023]}, "properties": {"feature_type": "node", "node_id": 459, "degree": 3, "type": "intersection", "betweenness": 0.01277585172344823, "is_critical": false, "is_articulation": false}}, {"type": "Feature", "geometry": {"type": "Point", "coordinates": [72.562475, 23.032793]}, "properties": {"feature_type": "node", "node_id": 460, "degree": 1, "type": "endpoint", "betweenness": 0.0, "is_critical": false, "is_articulation": false}}, {"type": "Feature", "geometry": {"type": "Point", "coordinates": [72.560097, 23.032666]}, "properties": {"feature_type": "node", "node_id": 461, "degree": 3, "type": "intersection", "betweenness": 0.07340489365957731, "is_critical": true, "is_articulation": false}}, {"type": "Feature", "geometry": {"type": "Point", "coordinates": [72.569224, 23.032824]}, "properties": {"feature_type": "node", "node_id": 462, "degree": 1, "type": "endpoint", "betweenness": 0.0, "is_critical": false, "is_articulation": false}}, {"type": "Feature", "geometry": {"type": "Point", "coordinates": [72.560019, 23.032665]}, "properties": {"feature_type": "node", "node_id": 463, "degree": 3, "type": "intersection", "betweenness": 0.049314398737693624, "is_critical": false, "is_articulation": false}}, {"type": "Feature", "geometry": {"type": "Point", "coordinates": [72.571565, 23.032806]}, "properties": {"feature_type": "node", "node_id": 464, "degree": 3, "type": "intersection", "betweenness": 0.01214803209102829, "is_critical": false, "is_articulation": false}}, {"type": "Feature", "geometry": {"type": "Point", "coordinates": [72.571703, 23.032772]}, "properties": {"feature_type": "node", "node_id": 465, "degree": 3, "type": "intersection", "betweenness": 0.04367513389781541, "is_critical": false, "is_articulation": false}}, {"type": "Feature", "geometry": {"type": "Point", "coordinates": [72.560606, 23.032601]}, "properties": {"feature_type": "node", "node_id": 466, "degree": 3, "type": "intersection", "betweenness": 0.04144442962864191, "is_critical": false, "is_articulation": false}}, {"type": "Feature", "geometry": {"type": "Point", "coordinates": [72.571625, 23.032771]}, "properties": {"feature_type": "node", "node_id": 467, "degree": 3, "type": "intersection", "betweenness": 0.001583438895926395, "is_critical": false, "is_articulation": false}}, {"type": "Feature", "geometry": {"type": "Point", "coordinates": [72.571589, 23.03259]}, "properties": {"feature_type": "node", "node_id": 468, "degree": 3, "type": "intersection", "betweenness": 0.008953374669422406, "is_critical": false, "is_articulation": false}}, {"type": "Feature", "geometry": {"type": "Point", "coordinates": [72.568021, 23.032499]}, "properties": {"feature_type": "node", "node_id": 469, "degree": 3, "type": "intersection", "betweenness": 0.05272295930839834, "is_critical": false, "is_articulation": false}}, {"type": "Feature", "geometry": {"type": "Point", "coordinates": [72.567748, 23.032459]}, "properties": {"feature_type": "node", "node_id": 470, "degree": 3, "type": "intersection", "betweenness": 0.0334577860746272, "is_critical": false, "is_articulation": false}}, {"type": "Feature", "geometry": {"type": "Point", "coordinates": [72.562073, 23.032335]}, "properties": {"feature_type": "node", "node_id": 471, "degree": 4, "type": "intersection", "betweenness": 0.0403249105495922, "is_critical": false, "is_articulation": false}}, {"type": "Feature", "geometry": {"type": "Point", "coordinates": [72.5665, 23.032421]}, "properties": {"feature_type": "node", "node_id": 472, "degree": 3, "type": "intersection", "betweenness": 0.03992210591817232, "is_critical": false, "is_articulation": false}}, {"type": "Feature", "geometry": {"type": "Point", "coordinates": [72.571591, 23.032464]}, "properties": {"feature_type": "node", "node_id": 473, "degree": 3, "type": "intersection", "betweenness": 0.008670022445940841, "is_critical": false, "is_articulation": false}}, {"type": "Feature", "geometry": {"type": "Point", "coordinates": [72.571728, 23.032448]}, "properties": {"feature_type": "node", "node_id": 474, "degree": 3, "type": "intersection", "betweenness": 0.04362513056425984, "is_critical": false, "is_articulation": false}}, {"type": "Feature", "geometry": {"type": "Point", "coordinates": [72.57165, 23.032428]}, "properties": {"feature_type": "node", "node_id": 475, "degree": 3, "type": "intersection", "betweenness": 0.00019445740827166256, "is_critical": false, "is_articulation": false}}, {"type": "Feature", "geometry": {"type": "Point", "coordinates": [72.571615, 23.032229]}, "properties": {"feature_type": "node", "node_id": 476, "degree": 3, "type": "intersection", "betweenness": 0.007886636886903572, "is_critical": false, "is_articulation": false}}, {"type": "Feature", "geometry": {"type": "Point", "coordinates": [72.57025, 23.032172]}, "properties": {"feature_type": "node", "node_id": 477, "degree": 3, "type": "intersection", "betweenness": 0.020184678978598575, "is_critical": false, "is_articulation": false}}, {"type": "Feature", "geometry": {"type": "Point", "coordinates": [72.565004, 23.032073]}, "properties": {"feature_type": "node", "node_id": 478, "degree": 3, "type": "intersection", "betweenness": 0.09519801320088006, "is_critical": true, "is_articulation": true}}, {"type": "Feature", "geometry": {"type": "Point", "coordinates": [72.555234, 23.031923]}, "properties": {"feature_type": "node", "node_id": 479, "degree": 1, "type": "endpoint", "betweenness": 0.0, "is_critical": false, "is_articulation": false}}, {"type": "Feature", "geometry": {"type": "Point", "coordinates": [72.571616, 23.032157]}, "properties": {"feature_type": "node", "node_id": 480, "degree": 3, "type": "intersection", "betweenness": 0.007614396515323244, "is_critical": false, "is_articulation": false}}, {"type": "Feature", "geometry": {"type": "Point", "coordinates": [72.556307, 23.031885]}, "properties": {"feature_type": "node", "node_id": 481, "degree": 3, "type": "intersection", "betweenness": 0.002316821121408094, "is_critical": false, "is_articulation": true}}, {"type": "Feature", "geometry": {"type": "Point", "coordinates": [72.571753, 23.032123]}, "properties": {"feature_type": "node", "node_id": 482, "degree": 3, "type": "intersection", "betweenness": 0.04359457297153144, "is_critical": false, "is_articulation": false}}, {"type": "Feature", "geometry": {"type": "Point", "coordinates": [72.571675, 23.032122]}, "properties": {"feature_type": "node", "node_id": 483, "degree": 3, "type": "intersection", "betweenness": 0.00022779296397537613, "is_critical": false, "is_articulation": false}}, {"type": "Feature", "geometry": {"type": "Point", "coordinates": [72.568536, 23.032055]}, "properties": {"feature_type": "node", "node_id": 484, "degree": 3, "type": "intersection", "betweenness": 0.061687445829721986, "is_critical": false, "is_articulation": false}}, {"type": "Feature", "geometry": {"type": "Point", "coordinates": [72.556893, 23.03184]}, "properties": {"feature_type": "node", "node_id": 485, "degree": 4, "type": "intersection", "betweenness": 0.014725981732115475, "is_critical": false, "is_articulation": false}}, {"type": "Feature", "geometry": {"type": "Point", "coordinates": [72.557479, 23.031813]}, "properties": {"feature_type": "node", "node_id": 486, "degree": 3, "type": "intersection", "betweenness": 0.007694957441607218, "is_critical": false, "is_articulation": false}}, {"type": "Feature", "geometry": {"type": "Point", "coordinates": [72.557811, 23.031782]}, "properties": {"feature_type": "node", "node_id": 487, "degree": 3, "type": "intersection", "betweenness": 0.011439651532324378, "is_critical": false, "is_articulation": true}}, {"type": "Feature", "geometry": {"type": "Point", "coordinates": [72.567075, 23.031907]}, "properties": {"feature_type": "node", "node_id": 488, "degree": 4, "type": "intersection", "betweenness": 0.072432606618219, "is_critical": false, "is_articulation": false}}, {"type": "Feature", "geometry": {"type": "Point", "coordinates": [72.571639, 23.031959]}, "properties": {"feature_type": "node", "node_id": 489, "degree": 3, "type": "intersection", "betweenness": 0.006872680400915617, "is_critical": false, "is_articulation": false}}, {"type": "Feature", "geometry": {"type": "Point", "coordinates": [72.571641, 23.03185]}, "properties": {"feature_type": "node", "node_id": 490, "degree": 3, "type": "intersection", "betweenness": 0.006633775585039003, "is_critical": false, "is_articulation": false}}, {"type": "Feature", "geometry": {"type": "Point", "coordinates": [72.571778, 23.031834]}, "properties": {"feature_type": "node", "node_id": 491, "degree": 3, "type": "intersection", "betweenness": 0.04336400204458075, "is_critical": false, "is_articulation": false}}, {"type": "Feature", "geometry": {"type": "Point", "coordinates": [72.5717, 23.031815]}, "properties": {"feature_type": "node", "node_id": 492, "degree": 3, "type": "intersection", "betweenness": 0.0035863502011245197, "is_critical": false, "is_articulation": false}}, {"type": "Feature", "geometry": {"type": "Point", "coordinates": [72.55961, 23.031557]}, "properties": {"feature_type": "node", "node_id": 493, "degree": 3, "type": "intersection", "betweenness": 0.036744116274418294, "is_critical": false, "is_articulation": false}}, {"type": "Feature", "geometry": {"type": "Point", "coordinates": [72.566163, 23.031676]}, "properties": {"feature_type": "node", "node_id": 494, "degree": 1, "type": "endpoint", "betweenness": 0.0, "is_critical": false, "is_articulation": false}}, {"type": "Feature", "geometry": {"type": "Point", "coordinates": [72.559533, 23.03152]}, "properties": {"feature_type": "node", "node_id": 495, "degree": 3, "type": "intersection", "betweenness": 0.03584405627041803, "is_critical": false, "is_articulation": false}}, {"type": "Feature", "geometry": {"type": "Point", "coordinates": [72.565481, 23.031611]}, "properties": {"feature_type": "node", "node_id": 496, "degree": 1, "type": "endpoint", "betweenness": 0.0, "is_critical": false, "is_articulation": false}}, {"type": "Feature", "geometry": {"type": "Point", "coordinates": [72.571664, 23.031688]}, "properties": {"feature_type": "node", "node_id": 497, "degree": 3, "type": "intersection", "betweenness": 0.010889614863213104, "is_critical": false, "is_articulation": false}}, {"type": "Feature", "geometry": {"type": "Point", "coordinates": [72.556882, 23.031388]}, "properties": {"feature_type": "node", "node_id": 498, "degree": 3, "type": "intersection", "betweenness": 0.010970175789497078, "is_critical": false, "is_articulation": true}}, {"type": "Feature", "geometry": {"type": "Point", "coordinates": [72.56049, 23.031444]}, "properties": {"feature_type": "node", "node_id": 499, "degree": 4, "type": "intersection", "betweenness": 0.02467664510967398, "is_critical": false, "is_articulation": false}}, {"type": "Feature", "geometry": {"type": "Point", "coordinates": [72.571665, 23.031616]}, "properties": {"feature_type": "node", "node_id": 500, "degree": 3, "type": "intersection", "betweenness": 0.010728493010645154, "is_critical": false, "is_articulation": false}}, {"type": "Feature", "geometry": {"type": "Point", "coordinates": [72.55618, 23.031359]}, "properties": {"feature_type": "node", "node_id": 501, "degree": 1, "type": "endpoint", "betweenness": 0.0, "is_critical": false, "is_articulation": false}}, {"type": "Feature", "geometry": {"type": "Point", "coordinates": [72.556414, 23.031363]}, "properties": {"feature_type": "node", "node_id": 502, "degree": 1, "type": "endpoint", "betweenness": 0.0, "is_critical": false, "is_articulation": false}}, {"type": "Feature", "geometry": {"type": "Point", "coordinates": [72.557799, 23.031384]}, "properties": {"feature_type": "node", "node_id": 503, "degree": 1, "type": "endpoint", "betweenness": 0.0, "is_critical": false, "is_articulation": false}}, {"type": "Feature", "geometry": {"type": "Point", "coordinates": [72.565912, 23.03151]}, "properties": {"feature_type": "node", "node_id": 504, "degree": 1, "type": "endpoint", "betweenness": 0.0, "is_critical": false, "is_articulation": false}}, {"type": "Feature", "geometry": {"type": "Point", "coordinates": [72.561194, 23.031365]}, "properties": {"feature_type": "node", "node_id": 505, "degree": 3, "type": "intersection", "betweenness": 0.007942196146409761, "is_critical": false, "is_articulation": false}}, {"type": "Feature", "geometry": {"type": "Point", "coordinates": [72.562111, 23.031361]}, "properties": {"feature_type": "node", "node_id": 506, "degree": 3, "type": "intersection", "betweenness": 0.014981554325843945, "is_critical": false, "is_articulation": false}}, {"type": "Feature", "geometry": {"type": "Point", "coordinates": [72.56412, 23.031356]}, "properties": {"feature_type": "node", "node_id": 507, "degree": 3, "type": "intersection", "betweenness": 0.11023234882325489, "is_critical": true, "is_articulation": false}}, {"type": "Feature", "geometry": {"type": "Point", "coordinates": [72.564276, 23.031358]}, "properties": {"feature_type": "node", "node_id": 508, "degree": 3, "type": "intersection", "betweenness": 0.1342145031891015, "is_critical": true, "is_articulation": false}}, {"type": "Feature", "geometry": {"type": "Point", "coordinates": [72.566539, 23.031375]}, "properties": {"feature_type": "node", "node_id": 509, "degree": 3, "type": "intersection", "betweenness": 0.015476031735449031, "is_critical": false, "is_articulation": true}}, {"type": "Feature", "geometry": {"type": "Point", "coordinates": [72.571688, 23.031418]}, "properties": {"feature_type": "node", "node_id": 510, "degree": 4, "type": "intersection", "betweenness": 0.010664599862213037, "is_critical": false, "is_articulation": false}}, {"type": "Feature", "geometry": {"type": "Point", "coordinates": [72.563984, 23.031317]}, "properties": {"feature_type": "node", "node_id": 511, "degree": 3, "type": "intersection", "betweenness": 0.0931534324510523, "is_critical": true, "is_articulation": false}}, {"type": "Feature", "geometry": {"type": "Point", "coordinates": [72.571749, 23.031292]}, "properties": {"feature_type": "node", "node_id": 512, "degree": 3, "type": "intersection", "betweenness": 0.005619819099051048, "is_critical": false, "is_articulation": false}}, {"type": "Feature", "geometry": {"type": "Point", "coordinates": [72.571846, 23.031294]}, "properties": {"feature_type": "node", "node_id": 513, "degree": 3, "type": "intersection", "betweenness": 0.03863035313465342, "is_critical": false, "is_articulation": false}}, {"type": "Feature", "geometry": {"type": "Point", "coordinates": [72.556167, 23.031016]}, "properties": {"feature_type": "node", "node_id": 514, "degree": 3, "type": "intersection", "betweenness": 8.333888925928395e-06, "is_critical": false, "is_articulation": true}}, {"type": "Feature", "geometry": {"type": "Point", "coordinates": [72.555211, 23.031001]}, "properties": {"feature_type": "node", "node_id": 515, "degree": 1, "type": "endpoint", "betweenness": 0.0, "is_critical": false, "is_articulation": false}}, {"type": "Feature", "geometry": {"type": "Point", "coordinates": [72.57171, 23.031256]}, "properties": {"feature_type": "node", "node_id": 516, "degree": 3, "type": "intersection", "betweenness": 0.017223370446918684, "is_critical": false, "is_articulation": false}}, {"type": "Feature", "geometry": {"type": "Point", "coordinates": [72.563969, 23.031064]}, "properties": {"feature_type": "node", "node_id": 517, "degree": 3, "type": "intersection", "betweenness": 0.10498755472587061, "is_critical": true, "is_articulation": false}}, {"type": "Feature", "geometry": {"type": "Point", "coordinates": [72.571711, 23.031202]}, "properties": {"feature_type": "node", "node_id": 518, "degree": 4, "type": "intersection", "betweenness": 0.018404004711425205, "is_critical": false, "is_articulation": true}}, {"type": "Feature", "geometry": {"type": "Point", "coordinates": [72.56432, 23.03107]}, "properties": {"feature_type": "node", "node_id": 519, "degree": 3, "type": "intersection", "betweenness": 0.10800720048003201, "is_critical": true, "is_articulation": false}}, {"type": "Feature", "geometry": {"type": "Point", "coordinates": [72.564243, 23.031014]}, "properties": {"feature_type": "node", "node_id": 520, "degree": 3, "type": "intersection", "betweenness": 0.07672178145209681, "is_critical": true, "is_articulation": false}}, {"type": "Feature", "geometry": {"type": "Point", "coordinates": [72.571732, 23.031112]}, "properties": {"feature_type": "node", "node_id": 521, "degree": 3, "type": "intersection", "betweenness": 0.0172567060026224, "is_critical": false, "is_articulation": false}}, {"type": "Feature", "geometry": {"type": "Point", "coordinates": [72.568749, 23.031048]}, "properties": {"feature_type": "node", "node_id": 522, "degree": 3, "type": "intersection", "betweenness": 0.16322199257728293, "is_critical": true, "is_articulation": false}}, {"type": "Feature", "geometry": {"type": "Point", "coordinates": [72.564244, 23.030942]}, "properties": {"feature_type": "node", "node_id": 523, "degree": 3, "type": "intersection", "betweenness": 0.040972175922839305, "is_critical": false, "is_articulation": false}}, {"type": "Feature", "geometry": {"type": "Point", "coordinates": [72.56834, 23.031005]}, "properties": {"feature_type": "node", "node_id": 524, "degree": 3, "type": "intersection", "betweenness": 0.12134420072449274, "is_critical": true, "is_articulation": false}}, {"type": "Feature", "geometry": {"type": "Point", "coordinates": [72.56795, 23.030999]}, "properties": {"feature_type": "node", "node_id": 525, "degree": 3, "type": "intersection", "betweenness": 0.0960008445007445, "is_critical": true, "is_articulation": false}}, {"type": "Feature", "geometry": {"type": "Point", "coordinates": [72.568107, 23.030966]}, "properties": {"feature_type": "node", "node_id": 526, "degree": 3, "type": "intersection", "betweenness": 0.11913572015912172, "is_critical": true, "is_articulation": false}}, {"type": "Feature", "geometry": {"type": "Point", "coordinates": [72.567795, 23.030907]}, "properties": {"feature_type": "node", "node_id": 527, "degree": 3, "type": "intersection", "betweenness": 0.09843989599306621, "is_critical": true, "is_articulation": false}}, {"type": "Feature", "geometry": {"type": "Point", "coordinates": [72.571774, 23.030986]}, "properties": {"feature_type": "node", "node_id": 528, "degree": 4, "type": "intersection", "betweenness": 0.0172567060026224, "is_critical": false, "is_articulation": false}}, {"type": "Feature", "geometry": {"type": "Point", "coordinates": [72.564675, 23.030859]}, "properties": {"feature_type": "node", "node_id": 529, "degree": 3, "type": "intersection", "betweenness": 0.07477720736938018, "is_critical": true, "is_articulation": false}}, {"type": "Feature", "geometry": {"type": "Point", "coordinates": [72.567952, 23.030873]}, "properties": {"feature_type": "node", "node_id": 530, "degree": 4, "type": "intersection", "betweenness": 0.023362668622352603, "is_critical": false, "is_articulation": false}}, {"type": "Feature", "geometry": {"type": "Point", "coordinates": [72.570565, 23.030931]}, "properties": {"feature_type": "node", "node_id": 531, "degree": 3, "type": "intersection", "betweenness": 0.018651243416227748, "is_critical": false, "is_articulation": false}}, {"type": "Feature", "geometry": {"type": "Point", "coordinates": [72.564753, 23.030842]}, "properties": {"feature_type": "node", "node_id": 532, "degree": 3, "type": "intersection", "betweenness": 0.07258817254483632, "is_critical": false, "is_articulation": false}}, {"type": "Feature", "geometry": {"type": "Point", "coordinates": [72.564851, 23.030825]}, "properties": {"feature_type": "node", "node_id": 533, "degree": 3, "type": "intersection", "betweenness": 0.07038108096095295, "is_critical": false, "is_articulation": false}}, {"type": "Feature", "geometry": {"type": "Point", "coordinates": [72.569727, 23.0309]}, "properties": {"feature_type": "node", "node_id": 534, "degree": 3, "type": "intersection", "betweenness": 0.15997177589617087, "is_critical": true, "is_articulation": false}}, {"type": "Feature", "geometry": {"type": "Point", "coordinates": [72.569844, 23.030902]}, "properties": {"feature_type": "node", "node_id": 535, "degree": 3, "type": "intersection", "betweenness": 0.009678423005978177, "is_critical": false, "is_articulation": false}}, {"type": "Feature", "geometry": {"type": "Point", "coordinates": [72.564676, 23.030786]}, "properties": {"feature_type": "node", "node_id": 536, "degree": 3, "type": "intersection", "betweenness": 0.004536413538680357, "is_critical": false, "is_articulation": false}}, {"type": "Feature", "geometry": {"type": "Point", "coordinates": [72.564949, 23.030809]}, "properties": {"feature_type": "node", "node_id": 537, "degree": 3, "type": "intersection", "betweenness": 0.0675781163188657, "is_critical": false, "is_articulation": false}}, {"type": "Feature", "geometry": {"type": "Point", "coordinates": [72.569942, 23.030885]}, "properties": {"feature_type": "node", "node_id": 538, "degree": 3, "type": "intersection", "betweenness": 0.009572860412916417, "is_critical": false, "is_articulation": false}}, {"type": "Feature", "geometry": {"type": "Point", "coordinates": [72.564755, 23.03077]}, "properties": {"feature_type": "node", "node_id": 539, "degree": 3, "type": "intersection", "betweenness": 0.004369735760161789, "is_critical": false, "is_articulation": false}}, {"type": "Feature", "geometry": {"type": "Point", "coordinates": [72.565223, 23.030777]}, "properties": {"feature_type": "node", "node_id": 540, "degree": 3, "type": "intersection", "betweenness": 0.0033752250150010004, "is_critical": false, "is_articulation": true}}, {"type": "Feature", "geometry": {"type": "Point", "coordinates": [72.57004, 23.030869]}, "properties": {"feature_type": "node", "node_id": 541, "degree": 3, "type": "intersection", "betweenness": 0.009267284485632375, "is_critical": false, "is_articulation": false}}, {"type": "Feature", "geometry": {"type": "Point", "coordinates": [72.564853, 23.030753]}, "properties": {"feature_type": "node", "node_id": 542, "degree": 3, "type": "intersection", "betweenness": 0.005096173078205214, "is_critical": false, "is_articulation": false}}, {"type": "Feature", "geometry": {"type": "Point", "coordinates": [72.567407, 23.03081]}, "properties": {"feature_type": "node", "node_id": 543, "degree": 3, "type": "intersection", "betweenness": 0.136445207458275, "is_critical": true, "is_articulation": false}}, {"type": "Feature", "geometry": {"type": "Point", "coordinates": [72.570137, 23.030852]}, "properties": {"feature_type": "node", "node_id": 544, "degree": 3, "type": "intersection", "betweenness": 0.00903671355868169, "is_critical": false, "is_articulation": false}}, {"type": "Feature", "geometry": {"type": "Point", "coordinates": [72.57043, 23.030839]}, "properties": {"feature_type": "node", "node_id": 545, "degree": 3, "type": "intersection", "betweenness": 0.008083872258150543, "is_critical": false, "is_articulation": false}}, {"type": "Feature", "geometry": {"type": "Point", "coordinates": [72.571815, 23.03086]}, "properties": {"feature_type": "node", "node_id": 546, "degree": 4, "type": "intersection", "betweenness": 0.04430573149321066, "is_critical": false, "is_articulation": false}}, {"type": "Feature", "geometry": {"type": "Point", "coordinates": [72.571912, 23.030862]}, "properties": {"feature_type": "node", "node_id": 547, "degree": 3, "type": "intersection", "betweenness": 0.032082694401849014, "is_critical": false, "is_articulation": false}}, {"type": "Feature", "geometry": {"type": "Point", "coordinates": [72.56495, 23.030736]}, "properties": {"feature_type": "node", "node_id": 548, "degree": 3, "type": "intersection", "betweenness": 0.004646143076205081, "is_critical": false, "is_articulation": false}}, {"type": "Feature", "geometry": {"type": "Point", "coordinates": [72.565106, 23.030739]}, "properties": {"feature_type": "node", "node_id": 549, "degree": 4, "type": "intersection", "betweenness": 0.07122974864991, "is_critical": false, "is_articulation": false}}, {"type": "Feature", "geometry": {"type": "Point", "coordinates": [72.565282, 23.03076]}, "properties": {"feature_type": "node", "node_id": 550, "degree": 3, "type": "intersection", "betweenness": 0.001272307042691735, "is_critical": false, "is_articulation": false}}, {"type": "Feature", "geometry": {"type": "Point", "coordinates": [72.569826, 23.03083]}, "properties": {"feature_type": "node", "node_id": 551, "degree": 3, "type": "intersection", "betweenness": 0.14875713936484655, "is_critical": true, "is_articulation": false}}, {"type": "Feature", "geometry": {"type": "Point", "coordinates": [72.569943, 23.030813]}, "properties": {"feature_type": "node", "node_id": 552, "degree": 3, "type": "intersection", "betweenness": 0.14788763695357468, "is_critical": true, "is_articulation": false}}, {"type": "Feature", "geometry": {"type": "Point", "coordinates": [72.571756, 23.030859]}, "properties": {"feature_type": "node", "node_id": 553, "degree": 3, "type": "intersection", "betweenness": 0.0, "is_critical": false, "is_articulation": false}}, {"type": "Feature", "geometry": {"type": "Point", "coordinates": [72.570041, 23.030797]}, "properties": {"feature_type": "node", "node_id": 554, "degree": 3, "type": "intersection", "betweenness": 0.1473042647287597, "is_critical": true, "is_articulation": false}}, {"type": "Feature", "geometry": {"type": "Point", "coordinates": [72.570568, 23.030787]}, "properties": {"feature_type": "node", "node_id": 555, "degree": 4, "type": "intersection", "betweenness": 0.018192879525301686, "is_critical": false, "is_articulation": false}}, {"type": "Feature", "geometry": {"type": "Point", "coordinates": [72.555239, 23.030569]}, "properties": {"feature_type": "node", "node_id": 556, "degree": 1, "type": "endpoint", "betweenness": 0.0, "is_critical": false, "is_articulation": false}}, {"type": "Feature", "geometry": {"type": "Point", "coordinates": [72.565965, 23.030716]}, "properties": {"feature_type": "node", "node_id": 557, "degree": 3, "type": "intersection", "betweenness": 0.013328666355534815, "is_critical": false, "is_articulation": false}}, {"type": "Feature", "geometry": {"type": "Point", "coordinates": [72.570139, 23.03078]}, "properties": {"feature_type": "node", "node_id": 558, "degree": 3, "type": "intersection", "betweenness": 0.14709036157966088, "is_critical": true, "is_articulation": false}}, {"type": "Feature", "geometry": {"type": "Point", "coordinates": [72.565283, 23.030687]}, "properties": {"feature_type": "node", "node_id": 559, "degree": 3, "type": "intersection", "betweenness": 0.06639609307287153, "is_critical": false, "is_articulation": false}}, {"type": "Feature", "geometry": {"type": "Point", "coordinates": [72.565419, 23.03069]}, "properties": {"feature_type": "node", "node_id": 560, "degree": 3, "type": "intersection", "betweenness": 0.06910460697379825, "is_critical": false, "is_articulation": false}}, {"type": "Feature", "geometry": {"type": "Point", "coordinates": [72.566979, 23.030732]}, "properties": {"feature_type": "node", "node_id": 561, "degree": 3, "type": "intersection", "betweenness": 0.07023245994177389, "is_critical": false, "is_articulation": false}}, {"type": "Feature", "geometry": {"type": "Point", "coordinates": [72.567233, 23.030735]}, "properties": {"feature_type": "node", "node_id": 562, "degree": 3, "type": "intersection", "betweenness": 0.11812731959908439, "is_critical": true, "is_articulation": false}}, {"type": "Feature", "geometry": {"type": "Point", "coordinates": [72.570666, 23.03077]}, "properties": {"feature_type": "node", "node_id": 563, "degree": 4, "type": "intersection", "betweenness": 0.032367435606818235, "is_critical": false, "is_articulation": false}}, {"type": "Feature", "geometry": {"type": "Point", "coordinates": [72.566804, 23.030693]}, "properties": {"feature_type": "node", "node_id": 564, "degree": 4, "type": "intersection", "betweenness": 0.07118252327932974, "is_critical": false, "is_articulation": false}}, {"type": "Feature", "geometry": {"type": "Point", "coordinates": [72.565615, 23.030674]}, "properties": {"feature_type": "node", "node_id": 565, "degree": 3, "type": "intersection", "betweenness": 0.06944351845678601, "is_critical": false, "is_articulation": false}}, {"type": "Feature", "geometry": {"type": "Point", "coordinates": [72.565947, 23.030662]}, "properties": {"feature_type": "node", "node_id": 566, "degree": 3, "type": "intersection", "betweenness": 0.0803886925795053, "is_critical": true, "is_articulation": false}}, {"type": "Feature", "geometry": {"type": "Point", "coordinates": [72.566122, 23.030682]}, "properties": {"feature_type": "node", "node_id": 567, "degree": 3, "type": "intersection", "betweenness": 0.06901015623263773, "is_critical": false, "is_articulation": false}}, {"type": "Feature", "geometry": {"type": "Point", "coordinates": [72.565869, 23.03066]}, "properties": {"feature_type": "node", "node_id": 568, "degree": 3, "type": "intersection", "betweenness": 0.07980532035469032, "is_critical": true, "is_articulation": false}}, {"type": "Feature", "geometry": {"type": "Point", "coordinates": [72.571817, 23.030734]}, "properties": {"feature_type": "node", "node_id": 569, "degree": 5, "type": "intersection", "betweenness": 0.05258683912260818, "is_critical": false, "is_articulation": false}}, {"type": "Feature", "geometry": {"type": "Point", "coordinates": [72.571934, 23.030736]}, "properties": {"feature_type": "node", "node_id": 570, "degree": 3, "type": "intersection", "betweenness": 0.006369869102384604, "is_critical": false, "is_articulation": false}}, {"type": "Feature", "geometry": {"type": "Point", "coordinates": [72.56858, 23.030684]}, "properties": {"feature_type": "node", "node_id": 571, "degree": 1, "type": "endpoint", "betweenness": 0.0, "is_critical": false, "is_articulation": false}}, {"type": "Feature", "geometry": {"type": "Point", "coordinates": [72.57055, 23.030678]}, "properties": {"feature_type": "node", "node_id": 572, "degree": 4, "type": "intersection", "betweenness": 0.09599945551925684, "is_critical": true, "is_articulation": false}}, {"type": "Feature", "geometry": {"type": "Point", "coordinates": [72.570413, 23.030694]}, "properties": {"feature_type": "node", "node_id": 573, "degree": 3, "type": "intersection", "betweenness": 0.14600695601929017, "is_critical": true, "is_articulation": false}}, {"type": "Feature", "geometry": {"type": "Point", "coordinates": [72.570785, 23.030664]}, "properties": {"feature_type": "node", "node_id": 574, "degree": 4, "type": "intersection", "betweenness": 0.08907816076627331, "is_critical": true, "is_articulation": false}}, {"type": "Feature", "geometry": {"type": "Point", "coordinates": [72.565733, 23.030604]}, "properties": {"feature_type": "node", "node_id": 575, "degree": 3, "type": "intersection", "betweenness": 0.018270662488610354, "is_critical": false, "is_articulation": false}}, {"type": "Feature", "geometry": {"type": "Point", "coordinates": [72.570648, 23.030662]}, "properties": {"feature_type": "node", "node_id": 576, "degree": 4, "type": "intersection", "betweenness": 0.09515912171922573, "is_critical": true, "is_articulation": false}}, {"type": "Feature", "geometry": {"type": "Point", "coordinates": [72.571545, 23.030693]}, "properties": {"feature_type": "node", "node_id": 577, "degree": 3, "type": "intersection", "betweenness": 0.10196513100873392, "is_critical": true, "is_articulation": false}}, {"type": "Feature", "geometry": {"type": "Point", "coordinates": [72.570882, 23.030665]}, "properties": {"feature_type": "node", "node_id": 578, "degree": 3, "type": "intersection", "betweenness": 0.10361801897904305, "is_critical": true, "is_articulation": false}}, {"type": "Feature", "geometry": {"type": "Point", "coordinates": [72.571838, 23.030644]}, "properties": {"feature_type": "node", "node_id": 579, "degree": 3, "type": "intersection", "betweenness": 0.0034085605707047137, "is_critical": false, "is_articulation": false}}, {"type": "Feature", "geometry": {"type": "Point", "coordinates": [72.571955, 23.030646]}, "properties": {"feature_type": "node", "node_id": 580, "degree": 3, "type": "intersection", "betweenness": 0.00618374558303887, "is_critical": false, "is_articulation": false}}, {"type": "Feature", "geometry": {"type": "Point", "coordinates": [72.570825, 23.030592]}, "properties": {"feature_type": "node", "node_id": 581, "degree": 3, "type": "intersection", "betweenness": 0.01786785785719048, "is_critical": false, "is_articulation": false}}, {"type": "Feature", "geometry": {"type": "Point", "coordinates": [72.568933, 23.030545]}, "properties": {"feature_type": "node", "node_id": 582, "degree": 1, "type": "endpoint", "betweenness": 0.0, "is_critical": false, "is_articulation": false}}, {"type": "Feature", "geometry": {"type": "Point", "coordinates": [72.561094, 23.030388]}, "properties": {"feature_type": "node", "node_id": 583, "degree": 4, "type": "intersection", "betweenness": 0.05155899282174367, "is_critical": false, "is_articulation": false}}, {"type": "Feature", "geometry": {"type": "Point", "coordinates": [72.570514, 23.030533]}, "properties": {"feature_type": "node", "node_id": 584, "degree": 3, "type": "intersection", "betweenness": 0.07789963775362801, "is_critical": true, "is_articulation": false}}, {"type": "Feature", "geometry": {"type": "Point", "coordinates": [72.560236, 23.030357]}, "properties": {"feature_type": "node", "node_id": 585, "degree": 4, "type": "intersection", "betweenness": 0.060081783229993115, "is_critical": false, "is_articulation": false}}, {"type": "Feature", "geometry": {"type": "Point", "coordinates": [72.563239, 23.030421]}, "properties": {"feature_type": "node", "node_id": 586, "degree": 3, "type": "intersection", "betweenness": 0.09794541858346112, "is_critical": true, "is_articulation": false}}, {"type": "Feature", "geometry": {"type": "Point", "coordinates": [72.571841, 23.030517]}, "properties": {"feature_type": "node", "node_id": 587, "degree": 5, "type": "intersection", "betweenness": 0.04868935706824899, "is_critical": false, "is_articulation": false}}, {"type": "Feature", "geometry": {"type": "Point", "coordinates": [72.571976, 23.030556]}, "properties": {"feature_type": "node", "node_id": 588, "degree": 3, "type": "intersection", "betweenness": 0.007931084294508523, "is_critical": false, "is_articulation": false}}, {"type": "Feature", "geometry": {"type": "Point", "coordinates": [72.559028, 23.03032]}, "properties": {"feature_type": "node", "node_id": 589, "degree": 3, "type": "intersection", "betweenness": 0.06476820676934018, "is_critical": false, "is_articulation": false}}, {"type": "Feature", "geometry": {"type": "Point", "coordinates": [72.562168, 23.030351]}, "properties": {"feature_type": "node", "node_id": 590, "degree": 4, "type": "intersection", "betweenness": 0.06596273084872326, "is_critical": false, "is_articulation": false}}, {"type": "Feature", "geometry": {"type": "Point", "coordinates": [72.564235, 23.030382]}, "properties": {"feature_type": "node", "node_id": 591, "degree": 4, "type": "intersection", "betweenness": 0.03853312443051759, "is_critical": false, "is_articulation": false}}, {"type": "Feature", "geometry": {"type": "Point", "coordinates": [72.570651, 23.030499]}, "properties": {"feature_type": "node", "node_id": 592, "degree": 3, "type": "intersection", "betweenness": 0.03877758517234482, "is_critical": false, "is_articulation": false}}, {"type": "Feature", "geometry": {"type": "Point", "coordinates": [72.563046, 23.030346]}, "properties": {"feature_type": "node", "node_id": 593, "degree": 3, "type": "intersection", "betweenness": 0.09718147876525102, "is_critical": true, "is_articulation": false}}, {"type": "Feature", "geometry": {"type": "Point", "coordinates": [72.558931, 23.030264]}, "properties": {"feature_type": "node", "node_id": 594, "degree": 3, "type": "intersection", "betweenness": 0.072199257728293, "is_critical": false, "is_articulation": false}}, {"type": "Feature", "geometry": {"type": "Point", "coordinates": [72.571921, 23.030392]}, "properties": {"feature_type": "node", "node_id": 595, "degree": 5, "type": "intersection", "betweenness": 0.04492243927372936, "is_critical": false, "is_articulation": false}}, {"type": "Feature", "geometry": {"type": "Point", "coordinates": [72.571998, 23.030466]}, "properties": {"feature_type": "node", "node_id": 596, "degree": 3, "type": "intersection", "betweenness": 0.00576149521079183, "is_critical": false, "is_articulation": false}}, {"type": "Feature", "geometry": {"type": "Point", "coordinates": [72.556864, 23.030196]}, "properties": {"feature_type": "node", "node_id": 597, "degree": 3, "type": "intersection", "betweenness": 0.012959197279818655, "is_critical": false, "is_articulation": true}}, {"type": "Feature", "geometry": {"type": "Point", "coordinates": [72.571843, 23.030391]}, "properties": {"feature_type": "node", "node_id": 598, "degree": 3, "type": "intersection", "betweenness": 0.0, "is_critical": false, "is_articulation": false}}, {"type": "Feature", "geometry": {"type": "Point", "coordinates": [72.572019, 23.030376]}, "properties": {"feature_type": "node", "node_id": 599, "degree": 3, "type": "intersection", "betweenness": 0.0010445140787163588, "is_critical": false, "is_articulation": false}}, {"type": "Feature", "geometry": {"type": "Point", "coordinates": [72.555208, 23.030099]}, "properties": {"feature_type": "node", "node_id": 600, "degree": 1, "type": "endpoint", "betweenness": 0.0, "is_critical": false, "is_articulation": false}}, {"type": "Feature", "geometry": {"type": "Point", "coordinates": [72.564551, 23.030189]}, "properties": {"feature_type": "node", "node_id": 601, "degree": 3, "type": "intersection", "betweenness": 0.002316821121408094, "is_critical": false, "is_articulation": true}}, {"type": "Feature", "geometry": {"type": "Point", "coordinates": [72.564219, 23.030165]}, "properties": {"feature_type": "node", "node_id": 602, "degree": 3, "type": "intersection", "betweenness": 0.032996644220725825, "is_critical": false, "is_articulation": false}}, {"type": "Feature", "geometry": {"type": "Point", "coordinates": [72.571923, 23.030266]}, "properties": {"feature_type": "node", "node_id": 603, "degree": 4, "type": "intersection", "betweenness": 0.040886059070604705, "is_critical": false, "is_articulation": false}}, {"type": "Feature", "geometry": {"type": "Point", "coordinates": [72.564903, 23.03014]}, "properties": {"feature_type": "node", "node_id": 604, "degree": 1, "type": "endpoint", "betweenness": 0.0, "is_critical": false, "is_articulation": false}}, {"type": "Feature", "geometry": {"type": "Point", "coordinates": [72.572041, 23.030232]}, "properties": {"feature_type": "node", "node_id": 605, "degree": 3, "type": "intersection", "betweenness": 0.006555992621730337, "is_critical": false, "is_articulation": false}}, {"type": "Feature", "geometry": {"type": "Point", "coordinates": [72.562759, 23.029999]}, "properties": {"feature_type": "node", "node_id": 606, "degree": 3, "type": "intersection", "betweenness": 0.04648087650287797, "is_critical": false, "is_articulation": false}}, {"type": "Feature", "geometry": {"type": "Point", "coordinates": [72.5706, 23.030101]}, "properties": {"feature_type": "node", "node_id": 607, "degree": 3, "type": "intersection", "betweenness": 0.037538613685356804, "is_critical": false, "is_articulation": true}}, {"type": "Feature", "geometry": {"type": "Point", "coordinates": [72.571986, 23.03005]}, "properties": {"feature_type": "node", "node_id": 608, "degree": 7, "type": "intersection", "betweenness": 0.03121596995355246, "is_critical": false, "is_articulation": false}}, {"type": "Feature", "geometry": {"type": "Point", "coordinates": [72.572082, 23.030124]}, "properties": {"feature_type": "node", "node_id": 609, "degree": 3, "type": "intersection", "betweenness": 0.004503077982976643, "is_critical": false, "is_articulation": false}}, {"type": "Feature", "geometry": {"type": "Point", "coordinates": [72.567188, 23.029994]}, "properties": {"feature_type": "node", "node_id": 610, "degree": 3, "type": "intersection", "betweenness": 0.047594839655977064, "is_critical": false, "is_articulation": false}}, {"type": "Feature", "geometry": {"type": "Point", "coordinates": [72.572102, 23.03007]}, "properties": {"feature_type": "node", "node_id": 611, "degree": 3, "type": "intersection", "betweenness": 0.002461275196124186, "is_critical": false, "is_articulation": false}}, {"type": "Feature", "geometry": {"type": "Point", "coordinates": [72.562546, 23.029905]}, "properties": {"feature_type": "node", "node_id": 612, "degree": 3, "type": "intersection", "betweenness": 0.05006167077805187, "is_critical": false, "is_articulation": false}}, {"type": "Feature", "geometry": {"type": "Point", "coordinates": [72.568086, 23.029936]}, "properties": {"feature_type": "node", "node_id": 613, "degree": 3, "type": "intersection", "betweenness": 0.023287663622019245, "is_critical": false, "is_articulation": false}}, {"type": "Feature", "geometry": {"type": "Point", "coordinates": [72.568554, 23.029943]}, "properties": {"feature_type": "node", "node_id": 614, "degree": 3, "type": "intersection", "betweenness": 0.019226281752116808, "is_critical": false, "is_articulation": true}}, {"type": "Feature", "geometry": {"type": "Point", "coordinates": [72.568223, 23.029938]}, "properties": {"feature_type": "node", "node_id": 615, "degree": 3, "type": "intersection", "betweenness": 0.021068071204746984, "is_critical": false, "is_articulation": false}}, {"type": "Feature", "geometry": {"type": "Point", "coordinates": [72.572123, 23.029998]}, "properties": {"feature_type": "node", "node_id": 616, "degree": 3, "type": "intersection", "betweenness": 0.0004389181500988955, "is_critical": false, "is_articulation": false}}, {"type": "Feature", "geometry": {"type": "Point", "coordinates": [72.571968, 23.029924]}, "properties": {"feature_type": "node", "node_id": 617, "degree": 3, "type": "intersection", "betweenness": 0.0, "is_critical": false, "is_articulation": false}}, {"type": "Feature", "geometry": {"type": "Point", "coordinates": [72.572067, 23.029853]}, "properties": {"feature_type": "node", "node_id": 618, "degree": 5, "type": "intersection", "betweenness": 0.027754628086316867, "is_critical": false, "is_articulation": false}}, {"type": "Feature", "geometry": {"type": "Point", "coordinates": [72.560015, 23.029649]}, "properties": {"feature_type": "node", "node_id": 619, "degree": 3, "type": "intersection", "betweenness": 0.021904238060315134, "is_critical": false, "is_articulation": false}}, {"type": "Feature", "geometry": {"type": "Point", "coordinates": [72.571443, 23.029825]}, "properties": {"feature_type": "node", "node_id": 620, "degree": 4, "type": "intersection", "betweenness": 0.006942129475298354, "is_critical": false, "is_articulation": true}}, {"type": "Feature", "geometry": {"type": "Point", "coordinates": [72.571794, 23.029831]}, "properties": {"feature_type": "node", "node_id": 621, "degree": 1, "type": "endpoint", "betweenness": 0.0, "is_critical": false, "is_articulation": false}}, {"type": "Feature", "geometry": {"type": "Point", "coordinates": [72.560581, 23.029622]}, "properties": {"feature_type": "node", "node_id": 622, "degree": 3, "type": "intersection", "betweenness": 0.006989354845878614, "is_critical": false, "is_articulation": false}}, {"type": "Feature", "geometry": {"type": "Point", "coordinates": [72.562356, 23.029649]}, "properties": {"feature_type": "node", "node_id": 623, "degree": 3, "type": "intersection", "betweenness": 0.042783407782741076, "is_critical": false, "is_articulation": false}}, {"type": "Feature", "geometry": {"type": "Point", "coordinates": [72.571132, 23.029802]}, "properties": {"feature_type": "node", "node_id": 624, "degree": 1, "type": "endpoint", "betweenness": 0.0, "is_critical": false, "is_articulation": false}}, {"type": "Feature", "geometry": {"type": "Point", "coordinates": [72.567154, 23.029687]}, "properties": {"feature_type": "node", "node_id": 625, "degree": 3, "type": "intersection", "betweenness": 0.04544191835011223, "is_critical": false, "is_articulation": false}}, {"type": "Feature", "geometry": {"type": "Point", "coordinates": [72.572129, 23.029673]}, "properties": {"feature_type": "node", "node_id": 626, "degree": 7, "type": "intersection", "betweenness": 0.02600728937484721, "is_critical": false, "is_articulation": true}}, {"type": "Feature", "geometry": {"type": "Point", "coordinates": [72.558403, 23.029281]}, "properties": {"feature_type": "node", "node_id": 627, "degree": 5, "type": "intersection", "betweenness": 0.06711558548347668, "is_critical": false, "is_articulation": true}}, {"type": "Feature", "geometry": {"type": "Point", "coordinates": [72.555691, 23.029294]}, "properties": {"feature_type": "node", "node_id": 628, "degree": 3, "type": "intersection", "betweenness": 0.002316821121408094, "is_critical": false, "is_articulation": true}}, {"type": "Feature", "geometry": {"type": "Point", "coordinates": [72.557075, 23.029315]}, "properties": {"feature_type": "node", "node_id": 629, "degree": 3, "type": "intersection", "betweenness": 0.0046280863168655685, "is_critical": false, "is_articulation": true}}, {"type": "Feature", "geometry": {"type": "Point", "coordinates": [72.566748, 23.029464]}, "properties": {"feature_type": "node", "node_id": 630, "degree": 3, "type": "intersection", "betweenness": 0.0053531346534213394, "is_critical": false, "is_articulation": false}}, {"type": "Feature", "geometry": {"type": "Point", "coordinates": [72.555223, 23.029268]}, "properties": {"feature_type": "node", "node_id": 631, "degree": 1, "type": "endpoint", "betweenness": 0.0, "is_critical": false, "is_articulation": false}}, {"type": "Feature", "geometry": {"type": "Point", "coordinates": [72.564156, 23.02937]}, "properties": {"feature_type": "node", "node_id": 632, "degree": 3, "type": "intersection", "betweenness": 0.03864424294952997, "is_critical": false, "is_articulation": false}}, {"type": "Feature", "geometry": {"type": "Point", "coordinates": [72.571449, 23.029482]}, "properties": {"feature_type": "node", "node_id": 633, "degree": 1, "type": "endpoint", "betweenness": 0.0, "is_critical": false, "is_articulation": false}}, {"type": "Feature", "geometry": {"type": "Point", "coordinates": [72.567042, 23.029396]}, "properties": {"feature_type": "node", "node_id": 634, "degree": 3, "type": "intersection", "betweenness": 0.04704202502389048, "is_critical": false, "is_articulation": false}}, {"type": "Feature", "geometry": {"type": "Point", "coordinates": [72.570456, 23.029431]}, "properties": {"feature_type": "node", "node_id": 635, "degree": 3, "type": "intersection", "betweenness": 0.07623285996844234, "is_critical": true, "is_articulation": false}}, {"type": "Feature", "geometry": {"type": "Point", "coordinates": [72.55852, 23.029247]}, "properties": {"feature_type": "node", "node_id": 636, "degree": 3, "type": "intersection", "betweenness": 0.007692179478631909, "is_critical": false, "is_articulation": false}}, {"type": "Feature", "geometry": {"type": "Point", "coordinates": [72.565463, 23.029336]}, "properties": {"feature_type": "node", "node_id": 637, "degree": 3, "type": "intersection", "betweenness": 0.020168011200746717, "is_critical": false, "is_articulation": false}}, {"type": "Feature", "geometry": {"type": "Point", "coordinates": [72.568954, 23.029408]}, "properties": {"feature_type": "node", "node_id": 638, "degree": 3, "type": "intersection", "betweenness": 0.002316821121408094, "is_critical": false, "is_articulation": true}}, {"type": "Feature", "geometry": {"type": "Point", "coordinates": [72.565756, 23.029341]}, "properties": {"feature_type": "node", "node_id": 639, "degree": 3, "type": "intersection", "betweenness": 0.007031024290508257, "is_critical": false, "is_articulation": false}}, {"type": "Feature", "geometry": {"type": "Point", "coordinates": [72.558599, 23.029176]}, "properties": {"feature_type": "node", "node_id": 640, "degree": 3, "type": "intersection", "betweenness": 0.006314309842878414, "is_critical": false, "is_articulation": false}}, {"type": "Feature", "geometry": {"type": "Point", "coordinates": [72.564157, 23.02928]}, "properties": {"feature_type": "node", "node_id": 641, "degree": 3, "type": "intersection", "betweenness": 0.04661977465164344, "is_critical": false, "is_articulation": false}}, {"type": "Feature", "geometry": {"type": "Point", "coordinates": [72.558502, 23.029175]}, "properties": {"feature_type": "node", "node_id": 642, "degree": 3, "type": "intersection", "betweenness": 0.0, "is_critical": false, "is_articulation": false}}, {"type": "Feature", "geometry": {"type": "Point", "coordinates": [72.565054, 23.029294]}, "properties": {"feature_type": "node", "node_id": 643, "degree": 3, "type": "intersection", "betweenness": 0.020576371758117207, "is_critical": false, "is_articulation": false}}, {"type": "Feature", "geometry": {"type": "Point", "coordinates": [72.558289, 23.029099]}, "properties": {"feature_type": "node", "node_id": 644, "degree": 4, "type": "intersection", "betweenness": 0.04897270929173056, "is_critical": false, "is_articulation": true}}, {"type": "Feature", "geometry": {"type": "Point", "coordinates": [72.564081, 23.029206]}, "properties": {"feature_type": "node", "node_id": 645, "degree": 3, "type": "intersection", "betweenness": 0.03582183256661555, "is_critical": false, "is_articulation": false}}, {"type": "Feature", "geometry": {"type": "Point", "coordinates": [72.572352, 23.029189]}, "properties": {"feature_type": "node", "node_id": 646, "degree": 7, "type": "intersection", "betweenness": 0.020001333422228148, "is_critical": false, "is_articulation": true}}, {"type": "Feature", "geometry": {"type": "Point", "coordinates": [72.568238, 23.029054]}, "properties": {"feature_type": "node", "node_id": 648, "degree": 3, "type": "intersection", "betweenness": 0.015689934884547858, "is_critical": false, "is_articulation": false}}, {"type": "Feature", "geometry": {"type": "Point", "coordinates": [72.561394, 23.028912]}, "properties": {"feature_type": "node", "node_id": 649, "degree": 3, "type": "intersection", "betweenness": 0.03955263684245616, "is_critical": false, "is_articulation": false}}, {"type": "Feature", "geometry": {"type": "Point", "coordinates": [72.559542, 23.028829]}, "properties": {"feature_type": "node", "node_id": 650, "degree": 4, "type": "intersection", "betweenness": 0.025746160855168124, "is_critical": false, "is_articulation": false}}, {"type": "Feature", "geometry": {"type": "Point", "coordinates": [72.567052, 23.028873]}, "properties": {"feature_type": "node", "node_id": 651, "degree": 3, "type": "intersection", "betweenness": 0.04420850278907483, "is_critical": false, "is_articulation": false}}, {"type": "Feature", "geometry": {"type": "Point", "coordinates": [72.567422, 23.028897]}, "properties": {"feature_type": "node", "node_id": 652, "degree": 3, "type": "intersection", "betweenness": 0.0028863035313465343, "is_critical": false, "is_articulation": false}}, {"type": "Feature", "geometry": {"type": "Point", "coordinates": [72.563289, 23.028725]}, "properties": {"feature_type": "node", "node_id": 653, "degree": 3, "type": "intersection", "betweenness": 0.024337733626686224, "is_critical": false, "is_articulation": false}}, {"type": "Feature", "geometry": {"type": "Point", "coordinates": [72.5708, 23.028714]}, "properties": {"feature_type": "node", "node_id": 654, "degree": 3, "type": "intersection", "betweenness": 0.028424117163366448, "is_critical": false, "is_articulation": false}}, {"type": "Feature", "geometry": {"type": "Point", "coordinates": [72.568226, 23.028656]}, "properties": {"feature_type": "node", "node_id": 655, "degree": 3, "type": "intersection", "betweenness": 0.015259350623374891, "is_critical": false, "is_articulation": false}}, {"type": "Feature", "geometry": {"type": "Point", "coordinates": [72.570722, 23.028695]}, "properties": {"feature_type": "node", "node_id": 656, "degree": 3, "type": "intersection", "betweenness": 0.07805798164322066, "is_critical": true, "is_articulation": false}}, {"type": "Feature", "geometry": {"type": "Point", "coordinates": [72.556624, 23.028405]}, "properties": {"feature_type": "node", "node_id": 657, "degree": 1, "type": "endpoint", "betweenness": 0.0, "is_critical": false, "is_articulation": false}}, {"type": "Feature", "geometry": {"type": "Point", "coordinates": [72.564054, 23.028502]}, "properties": {"feature_type": "node", "node_id": 658, "degree": 3, "type": "intersection", "betweenness": 0.013025868391226082, "is_critical": false, "is_articulation": false}}, {"type": "Feature", "geometry": {"type": "Point", "coordinates": [72.56033, 23.02839]}, "properties": {"feature_type": "node", "node_id": 659, "degree": 3, "type": "intersection", "betweenness": 0.020893059537302486, "is_critical": false, "is_articulation": false}}, {"type": "Feature", "geometry": {"type": "Point", "coordinates": [72.565108, 23.0285]}, "properties": {"feature_type": "node", "node_id": 660, "degree": 3, "type": "intersection", "betweenness": 0.009020045780829834, "is_critical": false, "is_articulation": false}}, {"type": "Feature", "geometry": {"type": "Point", "coordinates": [72.565849, 23.028511]}, "properties": {"feature_type": "node", "node_id": 661, "degree": 3, "type": "intersection", "betweenness": 0.007164366513323111, "is_critical": false, "is_articulation": false}}, {"type": "Feature", "geometry": {"type": "Point", "coordinates": [72.565342, 23.028504]}, "properties": {"feature_type": "node", "node_id": 662, "degree": 3, "type": "intersection", "betweenness": 0.0083644465186568, "is_critical": false, "is_articulation": false}}, {"type": "Feature", "geometry": {"type": "Point", "coordinates": [72.566804, 23.028526]}, "properties": {"feature_type": "node", "node_id": 663, "degree": 3, "type": "intersection", "betweenness": 0.04245005222570394, "is_critical": false, "is_articulation": false}}, {"type": "Feature", "geometry": {"type": "Point", "coordinates": [72.570862, 23.028534]}, "properties": {"feature_type": "node", "node_id": 665, "degree": 3, "type": "intersection", "betweenness": 0.020942831373943448, "is_critical": false, "is_articulation": false}}, {"type": "Feature", "geometry": {"type": "Point", "coordinates": [72.563003, 23.028395]}, "properties": {"feature_type": "node", "node_id": 666, "degree": 3, "type": "intersection", "betweenness": 0.022409827321821455, "is_critical": false, "is_articulation": true}}, {"type": "Feature", "geometry": {"type": "Point", "coordinates": [72.570784, 23.028515]}, "properties": {"feature_type": "node", "node_id": 667, "degree": 3, "type": "intersection", "betweenness": 0.07473771399574779, "is_critical": true, "is_articulation": false}}, {"type": "Feature", "geometry": {"type": "Point", "coordinates": [72.560467, 23.028356]}, "properties": {"feature_type": "node", "node_id": 668, "degree": 3, "type": "intersection", "betweenness": 0.02062359712869747, "is_critical": false, "is_articulation": false}}, {"type": "Feature", "geometry": {"type": "Point", "coordinates": [72.570882, 23.02848]}, "properties": {"feature_type": "node", "node_id": 669, "degree": 3, "type": "intersection", "betweenness": 0.020093839589305936, "is_critical": false, "is_articulation": false}}, {"type": "Feature", "geometry": {"type": "Point", "coordinates": [72.556217, 23.028236]}, "properties": {"feature_type": "node", "node_id": 670, "degree": 3, "type": "intersection", "betweenness": 0.002316821121408094, "is_critical": false, "is_articulation": true}}, {"type": "Feature", "geometry": {"type": "Point", "coordinates": [72.560527, 23.028321]}, "properties": {"feature_type": "node", "node_id": 671, "degree": 3, "type": "intersection", "betweenness": 0.021648665466586663, "is_critical": false, "is_articulation": false}}, {"type": "Feature", "geometry": {"type": "Point", "coordinates": [72.560449, 23.028284]}, "properties": {"feature_type": "node", "node_id": 673, "degree": 3, "type": "intersection", "betweenness": 0.0006389314843211769, "is_critical": false, "is_articulation": false}}, {"type": "Feature", "geometry": {"type": "Point", "coordinates": [72.570805, 23.028461]}, "properties": {"feature_type": "node", "node_id": 674, "degree": 3, "type": "intersection", "betweenness": 0.07027269410553298, "is_critical": false, "is_articulation": false}}, {"type": "Feature", "geometry": {"type": "Point", "coordinates": [72.572911, 23.028494]}, "properties": {"feature_type": "node", "node_id": 675, "degree": 1, "type": "endpoint", "betweenness": 0.0, "is_critical": false, "is_articulation": false}}, {"type": "Feature", "geometry": {"type": "Point", "coordinates": [72.560586, 23.028286]}, "properties": {"feature_type": "node", "node_id": 676, "degree": 3, "type": "intersection", "betweenness": 0.022676511767451165, "is_critical": false, "is_articulation": false}}, {"type": "Feature", "geometry": {"type": "Point", "coordinates": [72.570903, 23.028427]}, "properties": {"feature_type": "node", "node_id": 677, "degree": 3, "type": "intersection", "betweenness": 0.018527901860124017, "is_critical": false, "is_articulation": false}}, {"type": "Feature", "geometry": {"type": "Point", "coordinates": [72.560508, 23.028249]}, "properties": {"feature_type": "node", "node_id": 678, "degree": 3, "type": "intersection", "betweenness": 0.00166122185923506, "is_critical": false, "is_articulation": false}}, {"type": "Feature", "geometry": {"type": "Point", "coordinates": [72.560607, 23.028214]}, "properties": {"feature_type": "node", "node_id": 679, "degree": 5, "type": "intersection", "betweenness": 0.027124030490921616, "is_critical": false, "is_articulation": false}}, {"type": "Feature", "geometry": {"type": "Point", "coordinates": [72.560801, 23.028235]}, "properties": {"feature_type": "node", "node_id": 680, "degree": 3, "type": "intersection", "betweenness": 0.03804420294686312, "is_critical": false, "is_articulation": false}}, {"type": "Feature", "geometry": {"type": "Point", "coordinates": [72.570825, 23.028407]}, "properties": {"feature_type": "node", "node_id": 681, "degree": 3, "type": "intersection", "betweenness": 0.06719873917520434, "is_critical": false, "is_articulation": false}}, {"type": "Feature", "geometry": {"type": "Point", "coordinates": [72.570923, 23.028355]}, "properties": {"feature_type": "node", "node_id": 682, "degree": 3, "type": "intersection", "betweenness": 0.03806082442533205, "is_critical": false, "is_articulation": false}}, {"type": "Feature", "geometry": {"type": "Point", "coordinates": [72.570845, 23.028354]}, "properties": {"feature_type": "node", "node_id": 683, "degree": 3, "type": "intersection", "betweenness": 0.06474047343897003, "is_critical": false, "is_articulation": false}}, {"type": "Feature", "geometry": {"type": "Point", "coordinates": [72.570944, 23.028301]}, "properties": {"feature_type": "node", "node_id": 684, "degree": 3, "type": "intersection", "betweenness": 0.036056524138646275, "is_critical": false, "is_articulation": false}}, {"type": "Feature", "geometry": {"type": "Point", "coordinates": [72.570866, 23.028282]}, "properties": {"feature_type": "node", "node_id": 685, "degree": 3, "type": "intersection", "betweenness": 0.04125844500744495, "is_critical": false, "is_articulation": false}}, {"type": "Feature", "geometry": {"type": "Point", "coordinates": [72.557723, 23.028025]}, "properties": {"feature_type": "node", "node_id": 686, "degree": 3, "type": "intersection", "betweenness": 0.04635864613196435, "is_critical": false, "is_articulation": false}}, {"type": "Feature", "geometry": {"type": "Point", "coordinates": [72.570965, 23.028229]}, "properties": {"feature_type": "node", "node_id": 687, "degree": 3, "type": "intersection", "betweenness": 0.03392990088228103, "is_critical": false, "is_articulation": false}}, {"type": "Feature", "geometry": {"type": "Point", "coordinates": [72.560629, 23.028052]}, "properties": {"feature_type": "node", "node_id": 688, "degree": 3, "type": "intersection", "betweenness": 0.044427961864124274, "is_critical": false, "is_articulation": false}}, {"type": "Feature", "geometry": {"type": "Point", "coordinates": [72.560805, 23.028055]}, "properties": {"feature_type": "node", "node_id": 689, "degree": 3, "type": "intersection", "betweenness": 0.037108029424183835, "is_critical": false, "is_articulation": false}}, {"type": "Feature", "geometry": {"type": "Point", "coordinates": [72.566694, 23.028145]}, "properties": {"feature_type": "node", "node_id": 690, "degree": 3, "type": "intersection", "betweenness": 0.03811920794719648, "is_critical": false, "is_articulation": false}}, {"type": "Feature", "geometry": {"type": "Point", "coordinates": [72.570887, 23.02821]}, "properties": {"feature_type": "node", "node_id": 691, "degree": 3, "type": "intersection", "betweenness": 0.039445685267906754, "is_critical": false, "is_articulation": false}}, {"type": "Feature", "geometry": {"type": "Point", "coordinates": [72.568196, 23.028132]}, "properties": {"feature_type": "node", "node_id": 692, "degree": 3, "type": "intersection", "betweenness": 0.014128719692423939, "is_critical": false, "is_articulation": true}}, {"type": "Feature", "geometry": {"type": "Point", "coordinates": [72.555911, 23.027925]}, "properties": {"feature_type": "node", "node_id": 693, "degree": 3, "type": "intersection", "betweenness": 0.006939351512323044, "is_critical": false, "is_articulation": true}}, {"type": "Feature", "geometry": {"type": "Point", "coordinates": [72.568508, 23.028137]}, "properties": {"feature_type": "node", "node_id": 694, "degree": 1, "type": "endpoint", "betweenness": 0.0, "is_critical": false, "is_articulation": false}}, {"type": "Feature", "geometry": {"type": "Point", "coordinates": [72.570986, 23.028157]}, "properties": {"feature_type": "node", "node_id": 695, "degree": 3, "type": "intersection", "betweenness": 0.031763228659688426, "is_critical": false, "is_articulation": false}}, {"type": "Feature", "geometry": {"type": "Point", "coordinates": [72.567241, 23.028099]}, "properties": {"feature_type": "node", "node_id": 696, "degree": 3, "type": "intersection", "betweenness": 0.008172767073360447, "is_critical": false, "is_articulation": false}}, {"type": "Feature", "geometry": {"type": "Point", "coordinates": [72.570908, 23.028138]}, "properties": {"feature_type": "node", "node_id": 697, "degree": 3, "type": "intersection", "betweenness": 0.037588617018912376, "is_critical": false, "is_articulation": false}}, {"type": "Feature", "geometry": {"type": "Point", "coordinates": [72.555228, 23.027896]}, "properties": {"feature_type": "node", "node_id": 698, "degree": 1, "type": "endpoint", "betweenness": 0.0, "is_critical": false, "is_articulation": false}}, {"type": "Feature", "geometry": {"type": "Point", "coordinates": [72.567827, 23.02809]}, "properties": {"feature_type": "node", "node_id": 699, "degree": 3, "type": "intersection", "betweenness": 0.012139698202102363, "is_critical": false, "is_articulation": false}}, {"type": "Feature", "geometry": {"type": "Point", "coordinates": [72.566208, 23.028047]}, "properties": {"feature_type": "node", "node_id": 700, "degree": 1, "type": "endpoint", "betweenness": 0.0, "is_critical": false, "is_articulation": false}}, {"type": "Feature", "geometry": {"type": "Point", "coordinates": [72.566618, 23.028054]}, "properties": {"feature_type": "node", "node_id": 701, "degree": 3, "type": "intersection", "betweenness": 0.026918461230748716, "is_critical": false, "is_articulation": true}}, {"type": "Feature", "geometry": {"type": "Point", "coordinates": [72.571006, 23.028085]}, "properties": {"feature_type": "node", "node_id": 702, "degree": 3, "type": "intersection", "betweenness": 0.02996310865168789, "is_critical": false, "is_articulation": false}}, {"type": "Feature", "geometry": {"type": "Point", "coordinates": [72.570929, 23.028066]}, "properties": {"feature_type": "node", "node_id": 703, "degree": 3, "type": "intersection", "betweenness": 0.0358357223814921, "is_critical": false, "is_articulation": false}}, {"type": "Feature", "geometry": {"type": "Point", "coordinates": [72.556361, 23.027823]}, "properties": {"feature_type": "node", "node_id": 704, "degree": 3, "type": "intersection", "betweenness": 0.011539658199435518, "is_critical": false, "is_articulation": true}}, {"type": "Feature", "geometry": {"type": "Point", "coordinates": [72.562426, 23.027899]}, "properties": {"feature_type": "node", "node_id": 705, "degree": 3, "type": "intersection", "betweenness": 0.018848478787474723, "is_critical": false, "is_articulation": true}}, {"type": "Feature", "geometry": {"type": "Point", "coordinates": [72.558332, 23.027764]}, "properties": {"feature_type": "node", "node_id": 706, "degree": 3, "type": "intersection", "betweenness": 0.0047669844656310426, "is_critical": false, "is_articulation": false}}, {"type": "Feature", "geometry": {"type": "Point", "coordinates": [72.562838, 23.027797]}, "properties": {"feature_type": "node", "node_id": 707, "degree": 1, "type": "endpoint", "betweenness": 0.0, "is_critical": false, "is_articulation": false}}, {"type": "Feature", "geometry": {"type": "Point", "coordinates": [72.555232, 23.027662]}, "properties": {"feature_type": "node", "node_id": 708, "degree": 1, "type": "endpoint", "betweenness": 0.0, "is_critical": false, "is_articulation": false}}, {"type": "Feature", "geometry": {"type": "Point", "coordinates": [72.563541, 23.027754]}, "properties": {"feature_type": "node", "node_id": 709, "degree": 1, "type": "endpoint", "betweenness": 0.0, "is_critical": false, "is_articulation": false}}, {"type": "Feature", "geometry": {"type": "Point", "coordinates": [72.564029, 23.027725]}, "properties": {"feature_type": "node", "node_id": 710, "degree": 3, "type": "intersection", "betweenness": 0.011031290974953886, "is_critical": false, "is_articulation": false}}, {"type": "Feature", "geometry": {"type": "Point", "coordinates": [72.565318, 23.027673]}, "properties": {"feature_type": "node", "node_id": 712, "degree": 3, "type": "intersection", "betweenness": 0.0028585239015934396, "is_critical": false, "is_articulation": false}}, {"type": "Feature", "geometry": {"type": "Point", "coordinates": [72.567502, 23.027706]}, "properties": {"feature_type": "node", "node_id": 713, "degree": 1, "type": "endpoint", "betweenness": 0.0, "is_critical": false, "is_articulation": false}}, {"type": "Feature", "geometry": {"type": "Point", "coordinates": [72.558941, 23.027538]}, "properties": {"feature_type": "node", "node_id": 714, "degree": 4, "type": "intersection", "betweenness": 0.005630930950952286, "is_critical": false, "is_articulation": false}}, {"type": "Feature", "geometry": {"type": "Point", "coordinates": [72.566509, 23.027583]}, "properties": {"feature_type": "node", "node_id": 716, "degree": 3, "type": "intersection", "betweenness": 0.026057292708402784, "is_critical": false, "is_articulation": false}}, {"type": "Feature", "geometry": {"type": "Point", "coordinates": [72.557325, 23.027369]}, "properties": {"feature_type": "node", "node_id": 718, "degree": 3, "type": "intersection", "betweenness": 0.04330010889614863, "is_critical": false, "is_articulation": true}}, {"type": "Feature", "geometry": {"type": "Point", "coordinates": [72.566474, 23.027347]}, "properties": {"feature_type": "node", "node_id": 719, "degree": 3, "type": "intersection", "betweenness": 0.024743316221081404, "is_critical": false, "is_articulation": false}}, {"type": "Feature", "geometry": {"type": "Point", "coordinates": [72.567488, 23.027363]}, "properties": {"feature_type": "node", "node_id": 720, "degree": 3, "type": "intersection", "betweenness": 0.006350423361557438, "is_critical": false, "is_articulation": true}}, {"type": "Feature", "geometry": {"type": "Point", "coordinates": [72.5678, 23.027368]}, "properties": {"feature_type": "node", "node_id": 721, "degree": 3, "type": "intersection", "betweenness": 0.009461741893904039, "is_critical": false, "is_articulation": false}}, {"type": "Feature", "geometry": {"type": "Point", "coordinates": [72.561638, 23.027255]}, "properties": {"feature_type": "node", "node_id": 722, "degree": 3, "type": "intersection", "betweenness": 0.02572115918839034, "is_critical": false, "is_articulation": false}}, {"type": "Feature", "geometry": {"type": "Point", "coordinates": [72.567177, 23.027304]}, "properties": {"feature_type": "node", "node_id": 723, "degree": 3, "type": "intersection", "betweenness": 0.005669822432606619, "is_critical": false, "is_articulation": false}}, {"type": "Feature", "geometry": {"type": "Point", "coordinates": [72.567432, 23.027254]}, "properties": {"feature_type": "node", "node_id": 724, "degree": 3, "type": "intersection", "betweenness": 0.008347778740804944, "is_critical": false, "is_articulation": false}}, {"type": "Feature", "geometry": {"type": "Point", "coordinates": [72.560081, 23.027086]}, "properties": {"feature_type": "node", "node_id": 725, "degree": 3, "type": "intersection", "betweenness": 0.03469675756161522, "is_critical": false, "is_articulation": false}}, {"type": "Feature", "geometry": {"type": "Point", "coordinates": [72.564098, 23.027148]}, "properties": {"feature_type": "node", "node_id": 726, "degree": 3, "type": "intersection", "betweenness": 0.009470075782829967, "is_critical": false, "is_articulation": true}}, {"type": "Feature", "geometry": {"type": "Point", "coordinates": [72.565035, 23.027127]}, "properties": {"feature_type": "node", "node_id": 727, "degree": 1, "type": "endpoint", "betweenness": 0.0, "is_critical": false, "is_articulation": false}}, {"type": "Feature", "geometry": {"type": "Point", "coordinates": [72.570691, 23.027196]}, "properties": {"feature_type": "node", "node_id": 728, "degree": 1, "type": "endpoint", "betweenness": 0.0, "is_critical": false, "is_articulation": false}}, {"type": "Feature", "geometry": {"type": "Point", "coordinates": [72.566423, 23.026949]}, "properties": {"feature_type": "node", "node_id": 729, "degree": 3, "type": "intersection", "betweenness": 0.022582061026290644, "is_critical": false, "is_articulation": false}}, {"type": "Feature", "geometry": {"type": "Point", "coordinates": [72.557082, 23.026769]}, "properties": {"feature_type": "node", "node_id": 730, "degree": 3, "type": "intersection", "betweenness": 0.028738026979576416, "is_critical": false, "is_articulation": false}}, {"type": "Feature", "geometry": {"type": "Point", "coordinates": [72.567419, 23.026911]}, "properties": {"feature_type": "node", "node_id": 731, "degree": 4, "type": "intersection", "betweenness": 0.005428139653754695, "is_critical": false, "is_articulation": false}}, {"type": "Feature", "geometry": {"type": "Point", "coordinates": [72.56777, 23.026898]}, "properties": {"feature_type": "node", "node_id": 732, "degree": 3, "type": "intersection", "betweenness": 0.0033891148298775477, "is_critical": false, "is_articulation": false}}, {"type": "Feature", "geometry": {"type": "Point", "coordinates": [72.570325, 23.026937]}, "properties": {"feature_type": "node", "node_id": 733, "degree": 1, "type": "endpoint", "betweenness": 0.0, "is_critical": false, "is_articulation": false}}, {"type": "Feature", "geometry": {"type": "Point", "coordinates": [72.570676, 23.026925]}, "properties": {"feature_type": "node", "node_id": 734, "degree": 3, "type": "intersection", "betweenness": 0.004630864279840878, "is_critical": false, "is_articulation": true}}, {"type": "Feature", "geometry": {"type": "Point", "coordinates": [72.574733, 23.026969]}, "properties": {"feature_type": "node", "node_id": 735, "degree": 1, "type": "endpoint", "betweenness": 0.0, "is_critical": false, "is_articulation": false}}, {"type": "Feature", "geometry": {"type": "Point", "coordinates": [72.571086, 23.026895]}, "properties": {"feature_type": "node", "node_id": 736, "degree": 3, "type": "intersection", "betweenness": 0.03479676422872636, "is_critical": false, "is_articulation": true}}, {"type": "Feature", "geometry": {"type": "Point", "coordinates": [72.571087, 23.026841]}, "properties": {"feature_type": "node", "node_id": 737, "degree": 3, "type": "intersection", "betweenness": 0.02711569660199569, "is_critical": false, "is_articulation": false}}, {"type": "Feature", "geometry": {"type": "Point", "coordinates": [72.571263, 23.026843]}, "properties": {"feature_type": "node", "node_id": 738, "degree": 3, "type": "intersection", "betweenness": 0.028054648087650288, "is_critical": false, "is_articulation": false}}, {"type": "Feature", "geometry": {"type": "Point", "coordinates": [72.573331, 23.026839]}, "properties": {"feature_type": "node", "node_id": 741, "degree": 4, "type": "intersection", "betweenness": 0.004630864279840878, "is_critical": false, "is_articulation": true}}, {"type": "Feature", "geometry": {"type": "Point", "coordinates": [72.557749, 23.026563]}, "properties": {"feature_type": "node", "node_id": 742, "degree": 3, "type": "intersection", "betweenness": 0.0008417227815187679, "is_critical": false, "is_articulation": false}}, {"type": "Feature", "geometry": {"type": "Point", "coordinates": [72.573019, 23.026798]}, "properties": {"feature_type": "node", "node_id": 743, "degree": 4, "type": "intersection", "betweenness": 0.012648065426583996, "is_critical": false, "is_articulation": true}}, {"type": "Feature", "geometry": {"type": "Point", "coordinates": [72.571421, 23.026737]}, "properties": {"feature_type": "node", "node_id": 744, "degree": 3, "type": "intersection", "betweenness": 0.012211925239460408, "is_critical": false, "is_articulation": false}}, {"type": "Feature", "geometry": {"type": "Point", "coordinates": [72.571889, 23.026726]}, "properties": {"feature_type": "node", "node_id": 745, "degree": 3, "type": "intersection", "betweenness": 0.0028418561237415828, "is_critical": false, "is_articulation": false}}, {"type": "Feature", "geometry": {"type": "Point", "coordinates": [72.570954, 23.026658]}, "properties": {"feature_type": "node", "node_id": 746, "degree": 4, "type": "intersection", "betweenness": 0.014000933395559705, "is_critical": false, "is_articulation": false}}, {"type": "Feature", "geometry": {"type": "Point", "coordinates": [72.571129, 23.026679]}, "properties": {"feature_type": "node", "node_id": 747, "degree": 4, "type": "intersection", "betweenness": 0.015345467475609486, "is_critical": false, "is_articulation": false}}, {"type": "Feature", "geometry": {"type": "Point", "coordinates": [72.571266, 23.026681]}, "properties": {"feature_type": "node", "node_id": 748, "degree": 4, "type": "intersection", "betweenness": 0.017331711002955753, "is_critical": false, "is_articulation": false}}, {"type": "Feature", "geometry": {"type": "Point", "coordinates": [72.571363, 23.026682]}, "properties": {"feature_type": "node", "node_id": 749, "degree": 3, "type": "intersection", "betweenness": 0.0026946240860501814, "is_critical": false, "is_articulation": false}}, {"type": "Feature", "geometry": {"type": "Point", "coordinates": [72.571538, 23.026703]}, "properties": {"feature_type": "node", "node_id": 750, "degree": 3, "type": "intersection", "betweenness": 0.010978509678423006, "is_critical": false, "is_articulation": false}}, {"type": "Feature", "geometry": {"type": "Point", "coordinates": [72.571714, 23.026706]}, "properties": {"feature_type": "node", "node_id": 751, "degree": 3, "type": "intersection", "betweenness": 0.004755872613729804, "is_critical": false, "is_articulation": false}}, {"type": "Feature", "geometry": {"type": "Point", "coordinates": [72.571521, 23.026594]}, "properties": {"feature_type": "node", "node_id": 752, "degree": 4, "type": "intersection", "betweenness": 0.003044647420939174, "is_critical": false, "is_articulation": false}}, {"type": "Feature", "geometry": {"type": "Point", "coordinates": [72.571132, 23.026498]}, "properties": {"feature_type": "node", "node_id": 753, "degree": 3, "type": "intersection", "betweenness": 0.010211791897237595, "is_critical": false, "is_articulation": false}}, {"type": "Feature", "geometry": {"type": "Point", "coordinates": [72.571289, 23.026483]}, "properties": {"feature_type": "node", "node_id": 754, "degree": 3, "type": "intersection", "betweenness": 0.011189634864546525, "is_critical": false, "is_articulation": false}}, {"type": "Feature", "geometry": {"type": "Point", "coordinates": [72.56228, 23.02629]}, "properties": {"feature_type": "node", "node_id": 755, "degree": 3, "type": "intersection", "betweenness": 0.022684845656377094, "is_critical": false, "is_articulation": false}}, {"type": "Feature", "geometry": {"type": "Point", "coordinates": [72.569379, 23.026345]}, "properties": {"feature_type": "node", "node_id": 756, "degree": 3, "type": "intersection", "betweenness": 0.012389714869880214, "is_critical": false, "is_articulation": false}}, {"type": "Feature", "geometry": {"type": "Point", "coordinates": [72.562457, 23.02622]}, "properties": {"feature_type": "node", "node_id": 757, "degree": 3, "type": "intersection", "betweenness": 0.016731671000288908, "is_critical": false, "is_articulation": false}}, {"type": "Feature", "geometry": {"type": "Point", "coordinates": [72.56429, 23.02623]}, "properties": {"feature_type": "node", "node_id": 758, "degree": 3, "type": "intersection", "betweenness": 0.022318154543636243, "is_critical": false, "is_articulation": false}}, {"type": "Feature", "geometry": {"type": "Point", "coordinates": [72.555612, 23.026079]}, "properties": {"feature_type": "node", "node_id": 759, "degree": 3, "type": "intersection", "betweenness": 0.004630864279840878, "is_critical": false, "is_articulation": true}}, {"type": "Feature", "geometry": {"type": "Point", "coordinates": [72.568327, 23.026275]}, "properties": {"feature_type": "node", "node_id": 760, "degree": 1, "type": "endpoint", "betweenness": 0.0, "is_critical": false, "is_articulation": false}}, {"type": "Feature", "geometry": {"type": "Point", "coordinates": [72.562263, 23.026145]}, "properties": {"feature_type": "node", "node_id": 761, "degree": 3, "type": "intersection", "betweenness": 0.022798742138364782, "is_critical": false, "is_articulation": false}}, {"type": "Feature", "geometry": {"type": "Point", "coordinates": [72.56242, 23.026111]}, "properties": {"feature_type": "node", "node_id": 762, "degree": 3, "type": "intersection", "betweenness": 0.012834188945929728, "is_critical": false, "is_articulation": false}}, {"type": "Feature", "geometry": {"type": "Point", "coordinates": [72.566359, 23.026154]}, "properties": {"feature_type": "node", "node_id": 763, "degree": 4, "type": "intersection", "betweenness": 0.036285752383492235, "is_critical": false, "is_articulation": false}}, {"type": "Feature", "geometry": {"type": "Point", "coordinates": [72.556706, 23.026005]}, "properties": {"feature_type": "node", "node_id": 764, "degree": 3, "type": "intersection", "betweenness": 0.027021245860835166, "is_critical": false, "is_articulation": true}}, {"type": "Feature", "geometry": {"type": "Point", "coordinates": [72.562342, 23.02611]}, "properties": {"feature_type": "node", "node_id": 765, "degree": 3, "type": "intersection", "betweenness": 0.016853901371202525, "is_critical": false, "is_articulation": false}}, {"type": "Feature", "geometry": {"type": "Point", "coordinates": [72.566477, 23.026138]}, "properties": {"feature_type": "node", "node_id": 766, "degree": 3, "type": "intersection", "betweenness": 0.002825188345889726, "is_critical": false, "is_articulation": false}}, {"type": "Feature", "geometry": {"type": "Point", "coordinates": [72.555205, 23.025964]}, "properties": {"feature_type": "node", "node_id": 767, "degree": 1, "type": "endpoint", "betweenness": 0.0, "is_critical": false, "is_articulation": false}}, {"type": "Feature", "geometry": {"type": "Point", "coordinates": [72.567393, 23.026134]}, "properties": {"feature_type": "node", "node_id": 768, "degree": 3, "type": "intersection", "betweenness": 0.002239038158099429, "is_critical": false, "is_articulation": false}}, {"type": "Feature", "geometry": {"type": "Point", "coordinates": [72.571294, 23.026194]}, "properties": {"feature_type": "node", "node_id": 769, "degree": 3, "type": "intersection", "betweenness": 0.010186790230459809, "is_critical": false, "is_articulation": false}}, {"type": "Feature", "geometry": {"type": "Point", "coordinates": [72.572366, 23.02621]}, "properties": {"feature_type": "node", "node_id": 770, "degree": 3, "type": "intersection", "betweenness": 0.0007611618552347935, "is_critical": false, "is_articulation": false}}, {"type": "Feature", "geometry": {"type": "Point", "coordinates": [72.567745, 23.026121]}, "properties": {"feature_type": "node", "node_id": 771, "degree": 3, "type": "intersection", "betweenness": 0.002316821121408094, "is_critical": false, "is_articulation": true}}, {"type": "Feature", "geometry": {"type": "Point", "coordinates": [72.568135, 23.026145]}, "properties": {"feature_type": "node", "node_id": 772, "degree": 1, "type": "endpoint", "betweenness": 0.0, "is_critical": false, "is_articulation": false}}, {"type": "Feature", "geometry": {"type": "Point", "coordinates": [72.566439, 23.026065]}, "properties": {"feature_type": "node", "node_id": 773, "degree": 3, "type": "intersection", "betweenness": 0.026029513078649688, "is_critical": false, "is_articulation": false}}, {"type": "Feature", "geometry": {"type": "Point", "coordinates": [72.562345, 23.02593]}, "properties": {"feature_type": "node", "node_id": 774, "degree": 3, "type": "intersection", "betweenness": 0.0034613418672355934, "is_critical": false, "is_articulation": false}}, {"type": "Feature", "geometry": {"type": "Point", "coordinates": [72.562422, 23.025949]}, "properties": {"feature_type": "node", "node_id": 775, "degree": 3, "type": "intersection", "betweenness": 0.0017417827855190347, "is_critical": false, "is_articulation": false}}, {"type": "Feature", "geometry": {"type": "Point", "coordinates": [72.557355, 23.025726]}, "properties": {"feature_type": "node", "node_id": 776, "degree": 1, "type": "endpoint", "betweenness": 0.0, "is_critical": false, "is_articulation": false}}, {"type": "Feature", "geometry": {"type": "Point", "coordinates": [72.556069, 23.025652]}, "properties": {"feature_type": "node", "node_id": 777, "degree": 3, "type": "intersection", "betweenness": 0.009242282818854591, "is_critical": false, "is_articulation": true}}, {"type": "Feature", "geometry": {"type": "Point", "coordinates": [72.562427, 23.025714]}, "properties": {"feature_type": "node", "node_id": 778, "degree": 3, "type": "intersection", "betweenness": 0.002316821121408094, "is_critical": false, "is_articulation": true}}, {"type": "Feature", "geometry": {"type": "Point", "coordinates": [72.556422, 23.025495]}, "properties": {"feature_type": "node", "node_id": 779, "degree": 4, "type": "intersection", "betweenness": 0.02649343289552637, "is_critical": false, "is_articulation": true}}, {"type": "Feature", "geometry": {"type": "Point", "coordinates": [72.573197, 23.025609]}, "properties": {"feature_type": "node", "node_id": 780, "degree": 3, "type": "intersection", "betweenness": 0.00238904815876614, "is_critical": false, "is_articulation": true}}, {"type": "Feature", "geometry": {"type": "Point", "coordinates": [72.555216, 23.025332]}, "properties": {"feature_type": "node", "node_id": 781, "degree": 1, "type": "endpoint", "betweenness": 0.0, "is_critical": false, "is_articulation": false}}, {"type": "Feature", "geometry": {"type": "Point", "coordinates": [72.565787, 23.025441]}, "properties": {"feature_type": "node", "node_id": 782, "degree": 1, "type": "endpoint", "betweenness": 0.0, "is_critical": false, "is_articulation": false}}, {"type": "Feature", "geometry": {"type": "Point", "coordinates": [72.566528, 23.025434]}, "properties": {"feature_type": "node", "node_id": 783, "degree": 3, "type": "intersection", "betweenness": 0.024240504922550393, "is_critical": false, "is_articulation": true}}, {"type": "Feature", "geometry": {"type": "Point", "coordinates": [72.56803, 23.025476]}, "properties": {"feature_type": "node", "node_id": 784, "degree": 1, "type": "endpoint", "betweenness": 0.0, "is_critical": false, "is_articulation": false}}, {"type": "Feature", "geometry": {"type": "Point", "coordinates": [72.555238, 23.02517]}, "properties": {"feature_type": "node", "node_id": 785, "degree": 1, "type": "endpoint", "betweenness": 0.0, "is_critical": false, "is_articulation": false}}, {"type": "Feature", "geometry": {"type": "Point", "coordinates": [72.55526, 23.02508]}, "properties": {"feature_type": "node", "node_id": 786, "degree": 1, "type": "endpoint", "betweenness": 0.0, "is_critical": false, "is_articulation": false}}, {"type": "Feature", "geometry": {"type": "Point", "coordinates": [72.571251, 23.025308]}, "properties": {"feature_type": "node", "node_id": 787, "degree": 3, "type": "intersection", "betweenness": 0.010578483009978443, "is_critical": false, "is_articulation": false}}, {"type": "Feature", "geometry": {"type": "Point", "coordinates": [72.571329, 23.025328]}, "properties": {"feature_type": "node", "node_id": 788, "degree": 3, "type": "intersection", "betweenness": 0.008525568371224748, "is_critical": false, "is_articulation": false}}, {"type": "Feature", "geometry": {"type": "Point", "coordinates": [72.569204, 23.025241]}, "properties": {"feature_type": "node", "node_id": 789, "degree": 3, "type": "intersection", "betweenness": 0.013206435984621198, "is_critical": false, "is_articulation": false}}, {"type": "Feature", "geometry": {"type": "Point", "coordinates": [72.571252, 23.025236]}, "properties": {"feature_type": "node", "node_id": 790, "degree": 3, "type": "intersection", "betweenness": 0.009000600040002667, "is_critical": false, "is_articulation": false}}, {"type": "Feature", "geometry": {"type": "Point", "coordinates": [72.559671, 23.024913]}, "properties": {"feature_type": "node", "node_id": 791, "degree": 3, "type": "intersection", "betweenness": 0.029801986799119943, "is_critical": false, "is_articulation": false}}, {"type": "Feature", "geometry": {"type": "Point", "coordinates": [72.556123, 23.024786]}, "properties": {"feature_type": "node", "node_id": 792, "degree": 3, "type": "intersection", "betweenness": 0.009242282818854591, "is_critical": false, "is_articulation": true}}, {"type": "Feature", "geometry": {"type": "Point", "coordinates": [72.559907, 23.024809]}, "properties": {"feature_type": "node", "node_id": 793, "degree": 3, "type": "intersection", "betweenness": 0.01241749449963331, "is_critical": false, "is_articulation": false}}, {"type": "Feature", "geometry": {"type": "Point", "coordinates": [72.559655, 23.024751]}, "properties": {"feature_type": "node", "node_id": 794, "degree": 3, "type": "intersection", "betweenness": 0.026426761784118943, "is_critical": false, "is_articulation": false}}, {"type": "Feature", "geometry": {"type": "Point", "coordinates": [72.559714, 23.024697]}, "properties": {"feature_type": "node", "node_id": 795, "degree": 3, "type": "intersection", "betweenness": 0.023948818810142897, "is_critical": false, "is_articulation": false}}, {"type": "Feature", "geometry": {"type": "Point", "coordinates": [72.571338, 23.02484]}, "properties": {"feature_type": "node", "node_id": 796, "degree": 4, "type": "intersection", "betweenness": 0.013028646354201392, "is_critical": false, "is_articulation": false}}, {"type": "Feature", "geometry": {"type": "Point", "coordinates": [72.559561, 23.024551]}, "properties": {"feature_type": "node", "node_id": 797, "degree": 3, "type": "intersection", "betweenness": 0.016287196924239394, "is_critical": false, "is_articulation": false}}, {"type": "Feature", "geometry": {"type": "Point", "coordinates": [72.555251, 23.024484]}, "properties": {"feature_type": "node", "node_id": 798, "degree": 1, "type": "endpoint", "betweenness": 0.0, "is_critical": false, "is_articulation": false}}, {"type": "Feature", "geometry": {"type": "Point", "coordinates": [72.559639, 23.024552]}, "properties": {"feature_type": "node", "node_id": 799, "degree": 3, "type": "intersection", "betweenness": 0.021487543614018712, "is_critical": false, "is_articulation": false}}, {"type": "Feature", "geometry": {"type": "Point", "coordinates": [72.57138, 23.024678]}, "properties": {"feature_type": "node", "node_id": 800, "degree": 3, "type": "intersection", "betweenness": 0.0046280863168655685, "is_critical": false, "is_articulation": true}}, {"type": "Feature", "geometry": {"type": "Point", "coordinates": [72.571672, 23.024683]}, "properties": {"feature_type": "node", "node_id": 801, "degree": 3, "type": "intersection", "betweenness": 0.002316821121408094, "is_critical": false, "is_articulation": true}}, {"type": "Feature", "geometry": {"type": "Point", "coordinates": [72.556019, 23.024081]}, "properties": {"feature_type": "node", "node_id": 802, "degree": 3, "type": "intersection", "betweenness": 0.004630864279840878, "is_critical": false, "is_articulation": true}}, {"type": "Feature", "geometry": {"type": "Point", "coordinates": [72.558809, 23.02407]}, "properties": {"feature_type": "node", "node_id": 803, "degree": 3, "type": "intersection", "betweenness": 0.014278729693090651, "is_critical": false, "is_articulation": false}}, {"type": "Feature", "geometry": {"type": "Point", "coordinates": [72.559648, 23.024028]}, "properties": {"feature_type": "node", "node_id": 804, "degree": 3, "type": "intersection", "betweenness": 0.01334533413338667, "is_critical": false, "is_articulation": false}}, {"type": "Feature", "geometry": {"type": "Point", "coordinates": [72.558537, 23.023957]}, "properties": {"feature_type": "node", "node_id": 805, "degree": 4, "type": "intersection", "betweenness": 0.012695290797164256, "is_critical": false, "is_articulation": false}}, {"type": "Feature", "geometry": {"type": "Point", "coordinates": [72.559551, 23.023991]}, "properties": {"feature_type": "node", "node_id": 806, "degree": 3, "type": "intersection", "betweenness": 0.0023195990843834034, "is_critical": false, "is_articulation": false}}, {"type": "Feature", "geometry": {"type": "Point", "coordinates": [72.55846, 23.023902]}, "properties": {"feature_type": "node", "node_id": 807, "degree": 3, "type": "intersection", "betweenness": 0.010917394492966198, "is_critical": false, "is_articulation": false}}, {"type": "Feature", "geometry": {"type": "Point", "coordinates": [72.559748, 23.023904]}, "properties": {"feature_type": "node", "node_id": 808, "degree": 3, "type": "intersection", "betweenness": 0.006767117807853857, "is_critical": false, "is_articulation": true}}, {"type": "Feature", "geometry": {"type": "Point", "coordinates": [72.559534, 23.023882]}, "properties": {"feature_type": "node", "node_id": 809, "degree": 3, "type": "intersection", "betweenness": 0.00032224370513589797, "is_critical": false, "is_articulation": false}}, {"type": "Feature", "geometry": {"type": "Point", "coordinates": [72.559652, 23.023812]}, "properties": {"feature_type": "node", "node_id": 810, "degree": 3, "type": "intersection", "betweenness": 0.002477942973976043, "is_critical": false, "is_articulation": true}}, {"type": "Feature", "geometry": {"type": "Point", "coordinates": [72.558132, 23.023752]}, "properties": {"feature_type": "node", "node_id": 811, "degree": 3, "type": "intersection", "betweenness": 0.011400760050670046, "is_critical": false, "is_articulation": true}}, {"type": "Feature", "geometry": {"type": "Point", "coordinates": [72.558133, 23.02368]}, "properties": {"feature_type": "node", "node_id": 812, "degree": 3, "type": "intersection", "betweenness": 0.004630864279840878, "is_critical": false, "is_articulation": true}}, {"type": "Feature", "geometry": {"type": "Point", "coordinates": [72.555247, 23.023617]}, "properties": {"feature_type": "node", "node_id": 814, "degree": 1, "type": "endpoint", "betweenness": 0.0, "is_critical": false, "is_articulation": false}}, {"type": "Feature", "geometry": {"type": "Point", "coordinates": [72.556651, 23.023621]}, "properties": {"feature_type": "node", "node_id": 815, "degree": 1, "type": "endpoint", "betweenness": 0.0, "is_critical": false, "is_articulation": false}}, {"type": "Feature", "geometry": {"type": "Point", "coordinates": [72.571278, 23.02381]}, "properties": {"feature_type": "node", "node_id": 816, "degree": 3, "type": "intersection", "betweenness": 0.005778162988643688, "is_critical": false, "is_articulation": false}}, {"type": "Feature", "geometry": {"type": "Point", "coordinates": [72.556029, 23.023539]}, "properties": {"feature_type": "node", "node_id": 817, "degree": 1, "type": "endpoint", "betweenness": 0.0, "is_critical": false, "is_articulation": false}}, {"type": "Feature", "geometry": {"type": "Point", "coordinates": [72.555268, 23.023509]}, "properties": {"feature_type": "node", "node_id": 818, "degree": 1, "type": "endpoint", "betweenness": 0.0, "is_critical": false, "is_articulation": false}}, {"type": "Feature", "geometry": {"type": "Point", "coordinates": [72.569076, 23.023704]}, "properties": {"feature_type": "node", "node_id": 819, "degree": 3, "type": "intersection", "betweenness": 0.01782618841256084, "is_critical": false, "is_articulation": false}}, {"type": "Feature", "geometry": {"type": "Point", "coordinates": [72.566736, 23.02365]}, "properties": {"feature_type": "node", "node_id": 820, "degree": 3, "type": "intersection", "betweenness": 0.02082361046291975, "is_critical": false, "is_articulation": true}}, {"type": "Feature", "geometry": {"type": "Point", "coordinates": [72.567984, 23.023669]}, "properties": {"feature_type": "node", "node_id": 821, "degree": 3, "type": "intersection", "betweenness": 0.018840144898548794, "is_critical": false, "is_articulation": true}}, {"type": "Feature", "geometry": {"type": "Point", "coordinates": [72.568237, 23.023673]}, "properties": {"feature_type": "node", "node_id": 822, "degree": 3, "type": "intersection", "betweenness": 0.017840078227437384, "is_critical": false, "is_articulation": true}}, {"type": "Feature", "geometry": {"type": "Point", "coordinates": [72.557746, 23.023512]}, "properties": {"feature_type": "node", "node_id": 823, "degree": 1, "type": "endpoint", "betweenness": 0.0, "is_critical": false, "is_articulation": false}}, {"type": "Feature", "geometry": {"type": "Point", "coordinates": [72.559676, 23.023541]}, "properties": {"feature_type": "node", "node_id": 824, "degree": 1, "type": "endpoint", "betweenness": 0.0, "is_critical": false, "is_articulation": false}}, {"type": "Feature", "geometry": {"type": "Point", "coordinates": [72.570968, 23.023715]}, "properties": {"feature_type": "node", "node_id": 826, "degree": 3, "type": "intersection", "betweenness": 0.0033891148298775477, "is_critical": false, "is_articulation": false}}, {"type": "Feature", "geometry": {"type": "Point", "coordinates": [72.558234, 23.023501]}, "properties": {"feature_type": "node", "node_id": 827, "degree": 1, "type": "endpoint", "betweenness": 0.0, "is_critical": false, "is_articulation": false}}, {"type": "Feature", "geometry": {"type": "Point", "coordinates": [72.569388, 23.023673]}, "properties": {"feature_type": "node", "node_id": 829, "degree": 3, "type": "intersection", "betweenness": 0.005422583727804076, "is_critical": false, "is_articulation": true}}, {"type": "Feature", "geometry": {"type": "Point", "coordinates": [72.56192, 23.023522]}, "properties": {"feature_type": "node", "node_id": 831, "degree": 1, "type": "endpoint", "betweenness": 0.0, "is_critical": false, "is_articulation": false}}, {"type": "Feature", "geometry": {"type": "Point", "coordinates": [72.562778, 23.023517]}, "properties": {"feature_type": "node", "node_id": 832, "degree": 1, "type": "endpoint", "betweenness": 0.0, "is_critical": false, "is_articulation": false}}, {"type": "Feature", "geometry": {"type": "Point", "coordinates": [72.571242, 23.023629]}, "properties": {"feature_type": "node", "node_id": 833, "degree": 3, "type": "intersection", "betweenness": 0.0, "is_critical": false, "is_articulation": false}}, {"type": "Feature", "geometry": {"type": "Point", "coordinates": [72.56549, 23.023505]}, "properties": {"feature_type": "node", "node_id": 835, "degree": 1, "type": "endpoint", "betweenness": 0.0, "is_critical": false, "is_articulation": false}}, {"type": "Feature", "geometry": {"type": "Point", "coordinates": [72.569391, 23.02351]}, "properties": {"feature_type": "node", "node_id": 836, "degree": 1, "type": "endpoint", "betweenness": 0.0, "is_critical": false, "is_articulation": false}}, {"type": "Feature", "geometry": {"type": "Point", "coordinates": [72.573487, 23.023555]}, "properties": {"feature_type": "node", "node_id": 837, "degree": 1, "type": "endpoint", "betweenness": 0.0, "is_critical": false, "is_articulation": false}}, {"type": "Feature", "geometry": {"type": "Point", "coordinates": [72.56312, 23.041379]}, "properties": {"feature_type": "node", "node_id": 838, "degree": 2, "type": "intersection", "betweenness": 0.0, "is_critical": false, "is_articulation": false}}, {"type": "Feature", "geometry": {"type": "Point", "coordinates": [72.563161, 23.041289]}, "properties": {"feature_type": "node", "node_id": 839, "degree": 2, "type": "intersection", "betweenness": 0.0, "is_critical": false, "is_articulation": false}}, {"type": "Feature", "geometry": {"type": "Point", "coordinates": [72.569458, 23.040429]}, "properties": {"feature_type": "node", "node_id": 840, "degree": 2, "type": "intersection", "betweenness": 0.0, "is_critical": false, "is_articulation": false}}, {"type": "Feature", "geometry": {"type": "Point", "coordinates": [72.569324, 23.040301]}, "properties": {"feature_type": "node", "node_id": 841, "degree": 2, "type": "intersection", "betweenness": 0.0, "is_critical": false, "is_articulation": false}}, {"type": "Feature", "geometry": {"type": "Point", "coordinates": [72.569318, 23.040182]}, "properties": {"feature_type": "node", "node_id": 842, "degree": 2, "type": "intersection", "betweenness": 0.0, "is_critical": false, "is_articulation": false}}, {"type": "Feature", "geometry": {"type": "Point", "coordinates": [72.569425, 23.04014]}, "properties": {"feature_type": "node", "node_id": 843, "degree": 2, "type": "intersection", "betweenness": 0.0, "is_critical": false, "is_articulation": false}}, {"type": "Feature", "geometry": {"type": "Point", "coordinates": [72.569518, 23.040376]}, "properties": {"feature_type": "node", "node_id": 844, "degree": 2, "type": "intersection", "betweenness": 0.0, "is_critical": false, "is_articulation": false}}, {"type": "Feature", "geometry": {"type": "Point", "coordinates": [72.567276, 23.040269]}, "properties": {"feature_type": "node", "node_id": 845, "degree": 2, "type": "intersection", "betweenness": 0.0, "is_critical": false, "is_articulation": false}}, {"type": "Feature", "geometry": {"type": "Point", "coordinates": [72.569408, 23.039995]}, "properties": {"feature_type": "node", "node_id": 846, "degree": 2, "type": "intersection", "betweenness": 0.0, "is_critical": false, "is_articulation": false}}, {"type": "Feature", "geometry": {"type": "Point", "coordinates": [72.574656, 23.039968]}, "properties": {"feature_type": "node", "node_id": 847, "degree": 2, "type": "intersection", "betweenness": 0.0, "is_critical": false, "is_articulation": false}}, {"type": "Feature", "geometry": {"type": "Point", "coordinates": [72.569356, 23.039597]}, "properties": {"feature_type": "node", "node_id": 848, "degree": 2, "type": "intersection", "betweenness": 0.0, "is_critical": false, "is_articulation": false}}, {"type": "Feature", "geometry": {"type": "Point", "coordinates": [72.569339, 23.039471]}, "properties": {"feature_type": "node", "node_id": 849, "degree": 2, "type": "intersection", "betweenness": 0.0, "is_critical": false, "is_articulation": false}}, {"type": "Feature", "geometry": {"type": "Point", "coordinates": [72.569322, 23.039344]}, "properties": {"feature_type": "node", "node_id": 850, "degree": 2, "type": "intersection", "betweenness": 0.0, "is_critical": false, "is_articulation": false}}, {"type": "Feature", "geometry": {"type": "Point", "coordinates": [72.569305, 23.039217]}, "properties": {"feature_type": "node", "node_id": 851, "degree": 2, "type": "intersection", "betweenness": 0.0, "is_critical": false, "is_articulation": false}}, {"type": "Feature", "geometry": {"type": "Point", "coordinates": [72.556889, 23.038575]}, "properties": {"feature_type": "node", "node_id": 852, "degree": 2, "type": "intersection", "betweenness": 0.0, "is_critical": false, "is_articulation": false}}, {"type": "Feature", "geometry": {"type": "Point", "coordinates": [72.558798, 23.037647]}, "properties": {"feature_type": "node", "node_id": 853, "degree": 2, "type": "intersection", "betweenness": 0.0, "is_critical": false, "is_articulation": false}}, {"type": "Feature", "geometry": {"type": "Point", "coordinates": [72.558701, 23.037591]}, "properties": {"feature_type": "node", "node_id": 854, "degree": 2, "type": "intersection", "betweenness": 0.0, "is_critical": false, "is_articulation": false}}, {"type": "Feature", "geometry": {"type": "Point", "coordinates": [72.559093, 23.037507]}, "properties": {"feature_type": "node", "node_id": 855, "degree": 2, "type": "intersection", "betweenness": 0.0, "is_critical": false, "is_articulation": false}}, {"type": "Feature", "geometry": {"type": "Point", "coordinates": [72.558997, 23.037452]}, "properties": {"feature_type": "node", "node_id": 856, "degree": 2, "type": "intersection", "betweenness": 0.0, "is_critical": false, "is_articulation": false}}, {"type": "Feature", "geometry": {"type": "Point", "coordinates": [72.55939, 23.037277]}, "properties": {"feature_type": "node", "node_id": 857, "degree": 2, "type": "intersection", "betweenness": 0.0, "is_critical": false, "is_articulation": false}}, {"type": "Feature", "geometry": {"type": "Point", "coordinates": [72.55992, 23.037105]}, "properties": {"feature_type": "node", "node_id": 858, "degree": 2, "type": "intersection", "betweenness": 0.0, "is_critical": false, "is_articulation": false}}, {"type": "Feature", "geometry": {"type": "Point", "coordinates": [72.571357, 23.037931]}, "properties": {"feature_type": "node", "node_id": 859, "degree": 2, "type": "intersection", "betweenness": 0.0, "is_critical": false, "is_articulation": false}}, {"type": "Feature", "geometry": {"type": "Point", "coordinates": [72.569186, 23.034972]}, "properties": {"feature_type": "node", "node_id": 860, "degree": 2, "type": "intersection", "betweenness": 0.0, "is_critical": false, "is_articulation": false}}, {"type": "Feature", "geometry": {"type": "Point", "coordinates": [72.560575, 23.034298]}, "properties": {"feature_type": "node", "node_id": 861, "degree": 2, "type": "intersection", "betweenness": 0.0, "is_critical": false, "is_articulation": false}}, {"type": "Feature", "geometry": {"type": "Point", "coordinates": [72.560502, 23.034008]}, "properties": {"feature_type": "node", "node_id": 862, "degree": 2, "type": "intersection", "betweenness": 0.0, "is_critical": false, "is_articulation": false}}, {"type": "Feature", "geometry": {"type": "Point", "coordinates": [72.569515, 23.034002]}, "properties": {"feature_type": "node", "node_id": 863, "degree": 2, "type": "intersection", "betweenness": 0.0, "is_critical": false, "is_articulation": false}}, {"type": "Feature", "geometry": {"type": "Point", "coordinates": [72.571751, 23.031184]}, "properties": {"feature_type": "node", "node_id": 864, "degree": 2, "type": "intersection", "betweenness": 0.0, "is_critical": false, "is_articulation": false}}, {"type": "Feature", "geometry": {"type": "Point", "coordinates": [72.572186, 23.029746]}, "properties": {"feature_type": "node", "node_id": 865, "degree": 2, "type": "intersection", "betweenness": 0.0, "is_critical": false, "is_articulation": false}}, {"type": "Feature", "geometry": {"type": "Point", "coordinates": [72.572089, 23.029727]}, "properties": {"feature_type": "node", "node_id": 866, "degree": 2, "type": "intersection", "betweenness": 0.0, "is_critical": false, "is_articulation": false}}, {"type": "Feature", "geometry": {"type": "Point", "coordinates": [72.558347, 23.029136]}, "properties": {"feature_type": "node", "node_id": 867, "degree": 2, "type": "intersection", "betweenness": 0.0, "is_critical": false, "is_articulation": false}}, {"type": "Feature", "geometry": {"type": "Point", "coordinates": [72.572331, 23.029261]}, "properties": {"feature_type": "node", "node_id": 868, "degree": 2, "type": "intersection", "betweenness": 0.0, "is_critical": false, "is_articulation": false}}, {"type": "Feature", "geometry": {"type": "Point", "coordinates": [72.572373, 23.029117]}, "properties": {"feature_type": "node", "node_id": 869, "degree": 2, "type": "intersection", "betweenness": 0.0, "is_critical": false, "is_articulation": false}}, {"type": "Feature", "geometry": {"type": "Point", "coordinates": [72.556237, 23.028219]}, "properties": {"feature_type": "node", "node_id": 870, "degree": 2, "type": "intersection", "betweenness": 0.0, "is_critical": false, "is_articulation": false}}, {"type": "Feature", "geometry": {"type": "Point", "coordinates": [72.573312, 23.026802]}, "properties": {"feature_type": "node", "node_id": 871, "degree": 2, "type": "intersection", "betweenness": 0.0, "is_critical": false, "is_articulation": false}}, {"type": "Feature", "geometry": {"type": "Point", "coordinates": [72.572428, 23.024859]}, "properties": {"feature_type": "node", "node_id": 872, "degree": 2, "type": "intersection", "betweenness": 0.0, "is_critical": false, "is_articulation": false}}, {"type": "Feature", "geometry": {"type": "LineString", "coordinates": [[72.556329, 23.041491], [72.55631, 23.041454], [72.556317, 23.041093]]}, "properties": {"feature_type": "edge", "u": 0, "v": 30, "edge_key": 0, "length_m": 44.828, "is_bridged": false, "is_bridge": true, "edge_betweenness": 0.0, "width_m": 7.969}}, {"type": "Feature", "geometry": {"type": "LineString", "coordinates": [[72.557168, 23.041504], [72.557149, 23.041467], [72.557169, 23.04145], [72.557194, 23.041143]]}, "properties": {"feature_type": "edge", "u": 1, "v": 26, "edge_key": 0, "length_m": 42.485, "is_bridged": false, "is_bridge": true, "edge_betweenness": 0.0, "width_m": 8.06}}, {"type": "Feature", "geometry": {"type": "LineString", "coordinates": [[72.558982, 23.041496], [72.558994, 23.040828], [72.559014, 23.04081], [72.559021, 23.040449], [72.55904, 23.040431], [72.559047, 23.040052]]}, "properties": {"feature_type": "edge", "u": 2, "v": 77, "edge_key": 0, "length_m": 161.657, "is_bridged": false, "is_bridge": true, "edge_betweenness": 0.0, "width_m": 8.105}}, {"type": "Feature", "geometry": {"type": "LineString", "coordinates": [[72.559372, 23.041502], [72.559353, 23.041465], [72.559358, 23.041195], [72.559378, 23.041177]]}, "properties": {"feature_type": "edge", "u": 3, "v": 28, "edge_key": 0, "length_m": 37.657, "is_bridged": false, "is_bridge": true, "edge_betweenness": 0.0, "width_m": 7.789}}, {"type": "Feature", "geometry": {"type": "LineString", "coordinates": [[72.561401, 23.041497], [72.561405, 23.041316]]}, "properties": {"feature_type": "edge", "u": 4, "v": 16, "edge_key": 0, "length_m": 20.0, "is_bridged": false, "is_bridge": true, "edge_betweenness": 0.0, "width_m": 8.426}}, {"type": "Feature", "geometry": {"type": "LineString", "coordinates": [[72.56304, 23.041504], [72.563041, 23.041432], [72.56312, 23.041415]]}, "properties": {"feature_type": "edge", "u": 6, "v": 9, "edge_key": 0, "length_m": 16.246, "is_bridged": false, "is_bridge": true, "edge_betweenness": 0.0, "width_m": 6.157}}, {"type": "Feature", "geometry": {"type": "LineString", "coordinates": [[72.56312, 23.041415], [72.56312, 23.041379]]}, "properties": {"feature_type": "edge", "u": 9, "v": 838, "edge_key": 0, "length_m": 4.0, "is_bridged": false, "is_bridge": false, "edge_betweenness": 0.0, "width_m": 1.333}}, {"type": "Feature", "geometry": {"type": "LineString", "coordinates": [[72.56312, 23.041379], [72.56312, 23.041415]]}, "properties": {"feature_type": "edge", "u": 9, "v": 838, "edge_key": 1, "length_m": 4.0, "is_bridged": false, "is_bridge": false, "edge_betweenness": 0.0, "width_m": 1.333}}, {"type": "Feature", "geometry": {"type": "LineString", "coordinates": [[72.56312, 23.041415], [72.563179, 23.04138], [72.563161, 23.041307]]}, "properties": {"feature_type": "edge", "u": 9, "v": 17, "edge_key": 0, "length_m": 15.457, "is_bridged": false, "is_bridge": false, "edge_betweenness": 0.0, "width_m": 2.667}}, {"type": "Feature", "geometry": {"type": "LineString", "coordinates": [[72.56312, 23.041415], [72.563101, 23.041343], [72.563161, 23.041307]]}, "properties": {"feature_type": "edge", "u": 9, "v": 17, "edge_key": 1, "length_m": 15.457, "is_bridged": false, "is_bridge": false, "edge_betweenness": 0.0, "width_m": 2.667}}, {"type": "Feature", "geometry": {"type": "LineString", "coordinates": [[72.565791, 23.041492], [72.565854, 23.041223], [72.566039, 23.040738], [72.56604, 23.040666], [72.566144, 23.040306], [72.566146, 23.04018], [72.566166, 23.040144], [72.566109, 23.040071]]}, "properties": {"feature_type": "edge", "u": 10, "v": 100, "edge_key": 0, "length_m": 175.041, "is_bridged": false, "is_bridge": true, "edge_betweenness": 0.0, "width_m": 8.827}}, {"type": "Feature", "geometry": {"type": "LineString", "coordinates": [[72.5678, 23.041505], [72.567781, 23.041469], [72.567822, 23.040278]]}, "properties": {"feature_type": "edge", "u": 11, "v": 66, "edge_key": 0, "length_m": 137.657, "is_bridged": false, "is_bridge": true, "edge_betweenness": 0.0, "width_m": 8.512}}, {"type": "Feature", "geometry": {"type": "LineString", "coordinates": [[72.566182, 23.041462], [72.566286, 23.041103]]}, "properties": {"feature_type": "edge", "u": 12, "v": 37, "edge_key": 0, "length_m": 43.786, "is_bridged": false, "is_bridge": true, "edge_betweenness": 0.0, "width_m": 8.283}}, {"type": "Feature", "geometry": {"type": "LineString", "coordinates": [[72.56197, 23.041343], [72.561405, 23.041316]]}, "properties": {"feature_type": "edge", "u": 14, "v": 16, "edge_key": 0, "length_m": 58.828, "is_bridged": false, "is_bridge": true, "edge_betweenness": 0.0, "width_m": 8.338}}, {"type": "Feature", "geometry": {"type": "LineString", "coordinates": [[72.56197, 23.041343], [72.562015, 23.041001], [72.562035, 23.040983], [72.562037, 23.040857], [72.562057, 23.040839], [72.562059, 23.040731], [72.562101, 23.040587], [72.562103, 23.040461], [72.562144, 23.040317], [72.562172, 23.039884]]}, "properties": {"feature_type": "edge", "u": 14, "v": 125, "edge_key": 0, "length_m": 169.456, "is_bridged": false, "is_bridge": false, "edge_betweenness": 0.0, "width_m": 8.213}}, {"type": "Feature", "geometry": {"type": "LineString", "coordinates": [[72.56311, 23.039772], [72.563108, 23.039916], [72.563006, 23.040131], [72.56274, 23.04085], [72.562661, 23.040866], [72.562562, 23.040973], [72.562539, 23.041153], [72.562519, 23.041171], [72.562516, 23.041334], [72.562397, 23.04144], [72.561968, 23.041433], [72.56197, 23.041343]]}, "properties": {"feature_type": "edge", "u": 14, "v": 145, "edge_key": 0, "length_m": 272.51, "is_bridged": false, "is_bridge": false, "edge_betweenness": 0.0, "width_m": 8.483}}, {"type": "Feature", "geometry": {"type": "LineString", "coordinates": [[72.57061, 23.041494], [72.570576, 23.041205], [72.570557, 23.041187], [72.570559, 23.041078], [72.57054, 23.04106], [72.570541, 23.040952], [72.570522, 23.040933], [72.570524, 23.040825], [72.570488, 23.040698], [72.570489, 23.04059], [72.57047, 23.040571], [72.570472, 23.040463], [72.570435, 23.040336], [72.570437, 23.040228]]}, "properties": {"feature_type": "edge", "u": 15, "v": 80, "edge_key": 0, "length_m": 148.284, "is_bridged": false, "is_bridge": true, "edge_betweenness": 0.0, "width_m": 8.377}}, {"type": "Feature", "geometry": {"type": "LineString", "coordinates": [[72.561405, 23.041316], [72.560781, 23.041271]]}, "properties": {"feature_type": "edge", "u": 16, "v": 21, "edge_key": 0, "length_m": 65.657, "is_bridged": false, "is_bridge": true, "edge_betweenness": 0.0, "width_m": 8.192}}, {"type": "Feature", "geometry": {"type": "LineString", "coordinates": [[72.563161, 23.041307], [72.563161, 23.041289]]}, "properties": {"feature_type": "edge", "u": 17, "v": 839, "edge_key": 0, "length_m": 2.0, "is_bridged": false, "is_bridge": false, "edge_betweenness": 0.0, "width_m": 1.333}}, {"type": "Feature", "geometry": {"type": "LineString", "coordinates": [[72.563161, 23.041289], [72.563161, 23.041307]]}, "properties": {"feature_type": "edge", "u": 17, "v": 839, "edge_key": 1, "length_m": 2.0, "is_bridged": false, "is_bridge": false, "edge_betweenness": 0.0, "width_m": 1.333}}, {"type": "Feature", "geometry": {"type": "LineString", "coordinates": [[72.563161, 23.041307], [72.563219, 23.04129], [72.56322, 23.041254]]}, "properties": {"feature_type": "edge", "u": 17, "v": 25, "edge_key": 0, "length_m": 10.325, "is_bridged": false, "is_bridge": false, "edge_betweenness": 0.0, "width_m": 4.552}}, {"type": "Feature", "geometry": {"type": "LineString", "coordinates": [[72.563161, 23.041307], [72.563123, 23.041253], [72.563142, 23.041235]]}, "properties": {"feature_type": "edge", "u": 17, "v": 29, "edge_key": 0, "length_m": 10.04, "is_bridged": false, "is_bridge": false, "edge_betweenness": 0.0, "width_m": 5.648}}, {"type": "Feature", "geometry": {"type": "LineString", "coordinates": [[72.571683, 23.041493], [72.571664, 23.041456], [72.571649, 23.041185]]}, "properties": {"feature_type": "edge", "u": 20, "v": 38, "edge_key": 0, "length_m": 35.657, "is_bridged": false, "is_bridge": true, "edge_betweenness": 0.0, "width_m": 15.059}}, {"type": "Feature", "geometry": {"type": "LineString", "coordinates": [[72.56948, 23.041369], [72.569383, 23.041367]]}, "properties": {"feature_type": "edge", "u": 22, "v": 24, "edge_key": 0, "length_m": 10.0, "is_bridged": false, "is_bridge": false, "edge_betweenness": 0.0, "width_m": 6.991}}, {"type": "Feature", "geometry": {"type": "LineString", "coordinates": [[72.56948, 23.041369], [72.569499, 23.041423], [72.569479, 23.041477], [72.569381, 23.041457], [72.569383, 23.041367]]}, "properties": {"feature_type": "edge", "u": 22, "v": 24, "edge_key": 1, "length_m": 33.625, "is_bridged": false, "is_bridge": false, "edge_betweenness": 0.0, "width_m": 9.358}}, {"type": "Feature", "geometry": {"type": "LineString", "coordinates": [[72.56948, 23.041369], [72.569482, 23.041296], [72.569502, 23.041279]]}, "properties": {"feature_type": "edge", "u": 22, "v": 33, "edge_key": 0, "length_m": 10.828, "is_bridged": false, "is_bridge": false, "edge_betweenness": 0.0, "width_m": 8.331}}, {"type": "Feature", "geometry": {"type": "LineString", "coordinates": [[72.56948, 23.041369], [72.569578, 23.041388], [72.56956, 23.04128]]}, "properties": {"feature_type": "edge", "u": 22, "v": 31, "edge_key": 0, "length_m": 22.797, "is_bridged": false, "is_bridge": false, "edge_betweenness": 0.0, "width_m": 9.051}}, {"type": "Feature", "geometry": {"type": "LineString", "coordinates": [[72.569383, 23.041367], [72.569366, 23.04124]]}, "properties": {"feature_type": "edge", "u": 24, "v": 34, "edge_key": 0, "length_m": 14.472, "is_bridged": false, "is_bridge": false, "edge_betweenness": 0.0, "width_m": 14.883}}, {"type": "Feature", "geometry": {"type": "LineString", "coordinates": [[72.56322, 23.041254], [72.563142, 23.041235]]}, "properties": {"feature_type": "edge", "u": 25, "v": 29, "edge_key": 0, "length_m": 8.472, "is_bridged": false, "is_bridge": false, "edge_betweenness": 0.0, "width_m": 6.2}}, {"type": "Feature", "geometry": {"type": "LineString", "coordinates": [[72.56322, 23.041254], [72.563259, 23.041237], [72.563261, 23.041164]]}, "properties": {"feature_type": "edge", "u": 25, "v": 32, "edge_key": 0, "length_m": 12.472, "is_bridged": false, "is_bridge": false, "edge_betweenness": 0.0, "width_m": 7.252}}, {"type": "Feature", "geometry": {"type": "LineString", "coordinates": [[72.557194, 23.041143], [72.556317, 23.041093]]}, "properties": {"feature_type": "edge", "u": 26, "v": 30, "edge_key": 0, "length_m": 91.657, "is_bridged": false, "is_bridge": true, "edge_betweenness": 0.0, "width_m": 8.215}}, {"type": "Feature", "geometry": {"type": "LineString", "coordinates": [[72.557194, 23.041143], [72.557232, 23.040115]]}, "properties": {"feature_type": "edge", "u": 26, "v": 65, "edge_key": 0, "length_m": 114.828, "is_bridged": false, "is_bridge": true, "edge_betweenness": 0.0, "width_m": 8.152}}, {"type": "Feature", "geometry": {"type": "LineString", "coordinates": [[72.555224, 23.041113], [72.555517, 23.041099], [72.555537, 23.041081], [72.556317, 23.041093]]}, "properties": {"feature_type": "edge", "u": 27, "v": 30, "edge_key": 0, "length_m": 113.657, "is_bridged": false, "is_bridge": true, "edge_betweenness": 0.0, "width_m": 8.093}}, {"type": "Feature", "geometry": {"type": "LineString", "coordinates": [[72.563142, 23.041235], [72.563183, 23.041145]]}, "properties": {"feature_type": "edge", "u": 29, "v": 35, "edge_key": 0, "length_m": 11.301, "is_bridged": false, "is_bridge": false, "edge_betweenness": 0.0, "width_m": 8.567}}, {"type": "Feature", "geometry": {"type": "LineString", "coordinates": [[72.56956, 23.04128], [72.569502, 23.041279]]}, "properties": {"feature_type": "edge", "u": 31, "v": 33, "edge_key": 0, "length_m": 6.0, "is_bridged": false, "is_bridge": false, "edge_betweenness": 0.0, "width_m": 12.0}}, {"type": "Feature", "geometry": {"type": "LineString", "coordinates": [[72.56956, 23.04128], [72.569562, 23.041153], [72.569544, 23.041117]]}, "properties": {"feature_type": "edge", "u": 31, "v": 41, "edge_key": 0, "length_m": 18.472, "is_bridged": false, "is_bridge": false, "edge_betweenness": 0.0, "width_m": 9.15}}, {"type": "Feature", "geometry": {"type": "LineString", "coordinates": [[72.563261, 23.041164], [72.563183, 23.041145]]}, "properties": {"feature_type": "edge", "u": 32, "v": 35, "edge_key": 0, "length_m": 8.472, "is_bridged": false, "is_bridge": false, "edge_betweenness": 0.0, "width_m": 6.2}}, {"type": "Feature", "geometry": {"type": "LineString", "coordinates": [[72.563261, 23.041164], [72.5633, 23.041147], [72.563322, 23.041021]]}, "properties": {"feature_type": "edge", "u": 32, "v": 39, "edge_key": 0, "length_m": 19.301, "is_bridged": false, "is_bridge": false, "edge_betweenness": 0.0, "width_m": 7.768}}, {"type": "Feature", "geometry": {"type": "LineString", "coordinates": [[72.569502, 23.041279], [72.569463, 23.041242]]}, "properties": {"feature_type": "edge", "u": 33, "v": 36, "edge_key": 0, "length_m": 5.657, "is_bridged": false, "is_bridge": false, "edge_betweenness": 0.0, "width_m": 9.963}}, {"type": "Feature", "geometry": {"type": "LineString", "coordinates": [[72.569366, 23.04124], [72.569463, 23.041242]]}, "properties": {"feature_type": "edge", "u": 34, "v": 36, "edge_key": 0, "length_m": 10.0, "is_bridged": false, "is_bridge": false, "edge_betweenness": 0.0, "width_m": 7.813}}, {"type": "Feature", "geometry": {"type": "LineString", "coordinates": [[72.569366, 23.04124], [72.569349, 23.041096]]}, "properties": {"feature_type": "edge", "u": 34, "v": 43, "edge_key": 0, "length_m": 16.472, "is_bridged": false, "is_bridge": false, "edge_betweenness": 0.0, "width_m": 15.043}}, {"type": "Feature", "geometry": {"type": "LineString", "coordinates": [[72.563183, 23.041145], [72.563244, 23.041002]]}, "properties": {"feature_type": "edge", "u": 35, "v": 44, "edge_key": 0, "length_m": 18.485, "is_bridged": false, "is_bridge": false, "edge_betweenness": 0.0, "width_m": 8.59}}, {"type": "Feature", "geometry": {"type": "LineString", "coordinates": [[72.569463, 23.041242], [72.569446, 23.041115]]}, "properties": {"feature_type": "edge", "u": 36, "v": 40, "edge_key": 0, "length_m": 14.472, "is_bridged": false, "is_bridge": false, "edge_betweenness": 0.0, "width_m": 7.491}}, {"type": "Feature", "geometry": {"type": "LineString", "coordinates": [[72.566286, 23.041103], [72.566422, 23.041105], [72.566441, 23.041123], [72.566578, 23.041125], [72.566597, 23.041144], [72.566734, 23.041146], [72.566753, 23.041164], [72.566792, 23.041165], [72.566851, 23.041111], [72.566875, 23.040895], [72.566895, 23.040877], [72.566896, 23.040823], [72.566858, 23.040769], [72.566546, 23.040728], [72.566527, 23.040709], [72.56641, 23.040707], [72.566391, 23.040689]]}, "properties": {"feature_type": "edge", "u": 37, "v": 55, "edge_key": 0, "length_m": 155.598, "is_bridged": false, "is_bridge": false, "edge_betweenness": 0.0, "width_m": 8.341}}, {"type": "Feature", "geometry": {"type": "LineString", "coordinates": [[72.566286, 23.041103], [72.56635, 23.040761], [72.566391, 23.040689]]}, "properties": {"feature_type": "edge", "u": 37, "v": 55, "edge_key": 1, "length_m": 50.142, "is_bridged": false, "is_bridge": false, "edge_betweenness": 0.0, "width_m": 8.39}}, {"type": "Feature", "geometry": {"type": "LineString", "coordinates": [[72.571649, 23.041185], [72.571611, 23.041167], [72.571592, 23.041112], [72.571593, 23.041058], [72.571633, 23.041022]]}, "properties": {"feature_type": "edge", "u": 38, "v": 45, "edge_key": 0, "length_m": 22.957, "is_bridged": false, "is_bridge": false, "edge_betweenness": 0.0, "width_m": 9.694}}, {"type": "Feature", "geometry": {"type": "LineString", "coordinates": [[72.571649, 23.041185], [72.571689, 23.041168], [72.57169, 23.041078], [72.571633, 23.041022]]}, "properties": {"feature_type": "edge", "u": 38, "v": 45, "edge_key": 1, "length_m": 22.957, "is_bridged": false, "is_bridge": false, "edge_betweenness": 0.0, "width_m": 10.016}}, {"type": "Feature", "geometry": {"type": "LineString", "coordinates": [[72.563322, 23.041021], [72.563244, 23.041002]]}, "properties": {"feature_type": "edge", "u": 39, "v": 44, "edge_key": 0, "length_m": 8.472, "is_bridged": false, "is_bridge": false, "edge_betweenness": 0.0, "width_m": 6.2}}, {"type": "Feature", "geometry": {"type": "LineString", "coordinates": [[72.563322, 23.041021], [72.563361, 23.041004], [72.563383, 23.040877]]}, "properties": {"feature_type": "edge", "u": 39, "v": 46, "edge_key": 0, "length_m": 19.301, "is_bridged": false, "is_bridge": false, "edge_betweenness": 0.0, "width_m": 8.593}}, {"type": "Feature", "geometry": {"type": "LineString", "coordinates": [[72.569446, 23.041115], [72.569544, 23.041117]]}, "properties": {"feature_type": "edge", "u": 40, "v": 41, "edge_key": 0, "length_m": 10.0, "is_bridged": false, "is_bridge": false, "edge_betweenness": 0.0, "width_m": 7.771}}, {"type": "Feature", "geometry": {"type": "LineString", "coordinates": [[72.569446, 23.041115], [72.569349, 23.041096]]}, "properties": {"feature_type": "edge", "u": 40, "v": 43, "edge_key": 0, "length_m": 10.472, "is_bridged": false, "is_bridge": false, "edge_betweenness": 0.0, "width_m": 6.576}}, {"type": "Feature", "geometry": {"type": "LineString", "coordinates": [[72.569446, 23.041115], [72.569448, 23.040989], [72.569468, 23.040971]]}, "properties": {"feature_type": "edge", "u": 40, "v": 49, "edge_key": 0, "length_m": 16.828, "is_bridged": false, "is_bridge": false, "edge_betweenness": 0.0, "width_m": 8.0}}, {"type": "Feature", "geometry": {"type": "LineString", "coordinates": [[72.569544, 23.041117], [72.569527, 23.040972]]}, "properties": {"feature_type": "edge", "u": 41, "v": 47, "edge_key": 0, "length_m": 16.472, "is_bridged": false, "is_bridge": false, "edge_betweenness": 0.0, "width_m": 9.18}}, {"type": "Feature", "geometry": {"type": "LineString", "coordinates": [[72.558563, 23.040948], [72.558544, 23.040911], [72.558546, 23.040785], [72.558527, 23.040766], [72.558529, 23.04064], [72.55851, 23.040622], [72.558512, 23.040495], [72.558493, 23.040477], [72.558481, 23.040098]]}, "properties": {"feature_type": "edge", "u": 42, "v": 69, "edge_key": 0, "length_m": 98.142, "is_bridged": false, "is_bridge": true, "edge_betweenness": 0.0, "width_m": 8.151}}, {"type": "Feature", "geometry": {"type": "LineString", "coordinates": [[72.569349, 23.041096], [72.569312, 23.040951]]}, "properties": {"feature_type": "edge", "u": 43, "v": 48, "edge_key": 0, "length_m": 16.944, "is_bridged": false, "is_bridge": false, "edge_betweenness": 0.0, "width_m": 15.521}}, {"type": "Feature", "geometry": {"type": "LineString", "coordinates": [[72.563244, 23.041002], [72.563245, 23.040966], [72.563325, 23.040859]]}, "properties": {"feature_type": "edge", "u": 44, "v": 50, "edge_key": 0, "length_m": 19.314, "is_bridged": false, "is_bridge": false, "edge_betweenness": 0.0, "width_m": 9.004}}, {"type": "Feature", "geometry": {"type": "LineString", "coordinates": [[72.571633, 23.041022], [72.571576, 23.040931], [72.57153, 23.040208]]}, "properties": {"feature_type": "edge", "u": 45, "v": 82, "edge_key": 0, "length_m": 94.971, "is_bridged": false, "is_bridge": false, "edge_betweenness": 0.0, "width_m": 8.325}}, {"type": "Feature", "geometry": {"type": "LineString", "coordinates": [[72.571633, 23.041022], [72.571672, 23.040987], [72.571678, 23.040662], [72.571659, 23.040644], [72.571647, 23.040246]]}, "properties": {"feature_type": "edge", "u": 45, "v": 83, "edge_key": 0, "length_m": 89.314, "is_bridged": false, "is_bridge": false, "edge_betweenness": 0.0, "width_m": 8.416}}, {"type": "Feature", "geometry": {"type": "LineString", "coordinates": [[72.563383, 23.040877], [72.563325, 23.040859]]}, "properties": {"feature_type": "edge", "u": 46, "v": 50, "edge_key": 0, "length_m": 6.828, "is_bridged": false, "is_bridge": false, "edge_betweenness": 0.0, "width_m": 10.209}}, {"type": "Feature", "geometry": {"type": "LineString", "coordinates": [[72.563383, 23.040877], [72.563422, 23.04086], [72.563504, 23.040627], [72.563544, 23.040573], [72.563585, 23.040465], [72.563587, 23.040375]]}, "properties": {"feature_type": "edge", "u": 46, "v": 59, "edge_key": 0, "length_m": 65.1, "is_bridged": false, "is_bridge": false, "edge_betweenness": 0.0, "width_m": 8.624}}, {"type": "Feature", "geometry": {"type": "LineString", "coordinates": [[72.569527, 23.040972], [72.569468, 23.040971]]}, "properties": {"feature_type": "edge", "u": 47, "v": 49, "edge_key": 0, "length_m": 6.0, "is_bridged": false, "is_bridge": false, "edge_betweenness": 0.0, "width_m": 12.0}}, {"type": "Feature", "geometry": {"type": "LineString", "coordinates": [[72.569527, 23.040972], [72.569529, 23.040864], [72.569471, 23.040809]]}, "properties": {"feature_type": "edge", "u": 47, "v": 52, "edge_key": 0, "length_m": 20.485, "is_bridged": false, "is_bridge": false, "edge_betweenness": 0.0, "width_m": 9.354}}, {"type": "Feature", "geometry": {"type": "LineString", "coordinates": [[72.569312, 23.040951], [72.56943, 23.040934]]}, "properties": {"feature_type": "edge", "u": 48, "v": 51, "edge_key": 0, "length_m": 12.472, "is_bridged": false, "is_bridge": false, "edge_betweenness": 0.0, "width_m": 8.052}}, {"type": "Feature", "geometry": {"type": "LineString", "coordinates": [[72.569312, 23.040951], [72.569296, 23.040788]]}, "properties": {"feature_type": "edge", "u": 48, "v": 53, "edge_key": 0, "length_m": 18.828, "is_bridged": false, "is_bridge": false, "edge_betweenness": 0.0, "width_m": 16.0}}, {"type": "Feature", "geometry": {"type": "LineString", "coordinates": [[72.569468, 23.040971], [72.56943, 23.040934]]}, "properties": {"feature_type": "edge", "u": 49, "v": 51, "edge_key": 0, "length_m": 5.657, "is_bridged": false, "is_bridge": false, "edge_betweenness": 0.0, "width_m": 8.552}}, {"type": "Feature", "geometry": {"type": "LineString", "coordinates": [[72.563325, 23.040859], [72.563326, 23.040786], [72.563469, 23.040409], [72.563509, 23.040374]]}, "properties": {"feature_type": "edge", "u": 50, "v": 60, "edge_key": 0, "length_m": 61.456, "is_bridged": false, "is_bridge": false, "edge_betweenness": 0.0, "width_m": 8.909}}, {"type": "Feature", "geometry": {"type": "LineString", "coordinates": [[72.56943, 23.040934], [72.569431, 23.040844], [72.569471, 23.040809]]}, "properties": {"feature_type": "edge", "u": 51, "v": 52, "edge_key": 0, "length_m": 15.657, "is_bridged": false, "is_bridge": false, "edge_betweenness": 0.0, "width_m": 8.276}}, {"type": "Feature", "geometry": {"type": "LineString", "coordinates": [[72.569471, 23.040809], [72.569413, 23.040772]]}, "properties": {"feature_type": "edge", "u": 52, "v": 54, "edge_key": 0, "length_m": 7.301, "is_bridged": false, "is_bridge": false, "edge_betweenness": 0.0, "width_m": 8.552}}, {"type": "Feature", "geometry": {"type": "LineString", "coordinates": [[72.569471, 23.040809], [72.56951, 23.040791], [72.569512, 23.040701], [72.569454, 23.040646]]}, "properties": {"feature_type": "edge", "u": 52, "v": 56, "edge_key": 0, "length_m": 22.957, "is_bridged": false, "is_bridge": false, "edge_betweenness": 0.0, "width_m": 9.572}}, {"type": "Feature", "geometry": {"type": "LineString", "coordinates": [[72.569296, 23.040788], [72.569413, 23.040772]]}, "properties": {"feature_type": "edge", "u": 53, "v": 54, "edge_key": 0, "length_m": 12.472, "is_bridged": false, "is_bridge": false, "edge_betweenness": 0.0, "width_m": 8.052}}, {"type": "Feature", "geometry": {"type": "LineString", "coordinates": [[72.569296, 23.040788], [72.569281, 23.040553], [72.569244, 23.040426]]}, "properties": {"feature_type": "edge", "u": 53, "v": 62, "edge_key": 0, "length_m": 42.485, "is_bridged": false, "is_bridge": false, "edge_betweenness": 0.0, "width_m": 16.2}}, {"type": "Feature", "geometry": {"type": "LineString", "coordinates": [[72.569413, 23.040772], [72.569415, 23.040681], [72.569454, 23.040646]]}, "properties": {"feature_type": "edge", "u": 54, "v": 56, "edge_key": 0, "length_m": 15.657, "is_bridged": false, "is_bridge": false, "edge_betweenness": 0.0, "width_m": 8.276}}, {"type": "Feature", "geometry": {"type": "LineString", "coordinates": [[72.566391, 23.040689], [72.566393, 23.040581], [72.566433, 23.040491], [72.566456, 23.040293], [72.566497, 23.040221]]}, "properties": {"feature_type": "edge", "u": 55, "v": 75, "edge_key": 0, "length_m": 56.142, "is_bridged": false, "is_bridge": true, "edge_betweenness": 0.0, "width_m": 8.551}}, {"type": "Feature", "geometry": {"type": "LineString", "coordinates": [[72.569454, 23.040646], [72.569416, 23.040627], [72.569397, 23.040573], [72.569398, 23.040537], [72.569438, 23.040501]]}, "properties": {"feature_type": "edge", "u": 56, "v": 58, "edge_key": 0, "length_m": 20.957, "is_bridged": false, "is_bridge": false, "edge_betweenness": 0.0, "width_m": 9.883}}, {"type": "Feature", "geometry": {"type": "LineString", "coordinates": [[72.569454, 23.040646], [72.569494, 23.040629], [72.569495, 23.040556], [72.569438, 23.040501]]}, "properties": {"feature_type": "edge", "u": 56, "v": 58, "edge_key": 1, "length_m": 20.957, "is_bridged": false, "is_bridge": false, "edge_betweenness": 0.0, "width_m": 10.461}}, {"type": "Feature", "geometry": {"type": "LineString", "coordinates": [[72.561224, 23.040501], [72.561205, 23.040465], [72.561209, 23.040284], [72.561189, 23.040266], [72.561195, 23.039959]]}, "properties": {"feature_type": "edge", "u": 57, "v": 107, "edge_key": 0, "length_m": 61.657, "is_bridged": false, "is_bridge": true, "edge_betweenness": 0.0, "width_m": 8.009}}, {"type": "Feature", "geometry": {"type": "LineString", "coordinates": [[72.569438, 23.040501], [72.569439, 23.040447]]}, "properties": {"feature_type": "edge", "u": 58, "v": 61, "edge_key": 0, "length_m": 6.0, "is_bridged": false, "is_bridge": false, "edge_betweenness": 0.0, "width_m": 10.667}}, {"type": "Feature", "geometry": {"type": "LineString", "coordinates": [[72.563587, 23.040375], [72.563509, 23.040374]]}, "properties": {"feature_type": "edge", "u": 59, "v": 60, "edge_key": 0, "length_m": 8.0, "is_bridged": false, "is_bridge": false, "edge_betweenness": 0.0, "width_m": 10.179}}, {"type": "Feature", "geometry": {"type": "LineString", "coordinates": [[72.563587, 23.040375], [72.563626, 23.040358], [72.563688, 23.04016], [72.563728, 23.040106], [72.56375, 23.040016], [72.56383, 23.039909], [72.56383, 23.039873]]}, "properties": {"feature_type": "edge", "u": 59, "v": 129, "edge_key": 0, "length_m": 66.756, "is_bridged": false, "is_bridge": false, "edge_betweenness": 0.0, "width_m": 9.36}}, {"type": "Feature", "geometry": {"type": "LineString", "coordinates": [[72.563509, 23.040374], [72.56351, 23.040302], [72.563714, 23.039799], [72.563736, 23.039673]]}, "properties": {"feature_type": "edge", "u": 60, "v": 153, "edge_key": 0, "length_m": 87.113, "is_bridged": false, "is_bridge": false, "edge_betweenness": 0.0, "width_m": 8.942}}, {"type": "Feature", "geometry": {"type": "LineString", "coordinates": [[72.569439, 23.040447], [72.569458, 23.040429]]}, "properties": {"feature_type": "edge", "u": 61, "v": 840, "edge_key": 0, "length_m": 2.828, "is_bridged": false, "is_bridge": false, "edge_betweenness": 0.0, "width_m": 4.0}}, {"type": "Feature", "geometry": {"type": "LineString", "coordinates": [[72.569458, 23.040429], [72.569439, 23.040447]]}, "properties": {"feature_type": "edge", "u": 61, "v": 840, "edge_key": 1, "length_m": 2.828, "is_bridged": false, "is_bridge": false, "edge_betweenness": 0.0, "width_m": 4.0}}, {"type": "Feature", "geometry": {"type": "LineString", "coordinates": [[72.569439, 23.040447], [72.569439, 23.040393], [72.569364, 23.040247]]}, "properties": {"feature_type": "edge", "u": 61, "v": 63, "edge_key": 0, "length_m": 23.889, "is_bridged": false, "is_bridge": false, "edge_betweenness": 0.0, "width_m": 7.771}}, {"type": "Feature", "geometry": {"type": "LineString", "coordinates": [[72.569244, 23.040426], [72.569146, 23.040425], [72.569071, 23.040297]]}, "properties": {"feature_type": "edge", "u": 62, "v": 67, "edge_key": 0, "length_m": 26.957, "is_bridged": false, "is_bridge": false, "edge_betweenness": 0.0, "width_m": 12.992}}, {"type": "Feature", "geometry": {"type": "LineString", "coordinates": [[72.569244, 23.040426], [72.569245, 23.040336], [72.569364, 23.040247]]}, "properties": {"feature_type": "edge", "u": 62, "v": 63, "edge_key": 0, "length_m": 25.62, "is_bridged": false, "is_bridge": false, "edge_betweenness": 0.0, "width_m": 16.365}}, {"type": "Feature", "geometry": {"type": "LineString", "coordinates": [[72.569364, 23.040247], [72.569479, 23.040357], [72.569538, 23.04034]]}, "properties": {"feature_type": "edge", "u": 63, "v": 64, "edge_key": 0, "length_m": 23.295, "is_bridged": false, "is_bridge": false, "edge_betweenness": 0.0, "width_m": 8.324}}, {"type": "Feature", "geometry": {"type": "LineString", "coordinates": [[72.569364, 23.040247], [72.569207, 23.040299], [72.569071, 23.040297]]}, "properties": {"feature_type": "edge", "u": 63, "v": 67, "edge_key": 0, "length_m": 31.088, "is_bridged": false, "is_bridge": false, "edge_betweenness": 0.0, "width_m": 16.838}}, {"type": "Feature", "geometry": {"type": "LineString", "coordinates": [[72.569364, 23.040247], [72.569324, 23.040301]]}, "properties": {"feature_type": "edge", "u": 63, "v": 841, "edge_key": 0, "length_m": 7.211, "is_bridged": false, "is_bridge": false, "edge_betweenness": 0.0, "width_m": 8.876}}, {"type": "Feature", "geometry": {"type": "LineString", "coordinates": [[72.569324, 23.040301], [72.569364, 23.040247]]}, "properties": {"feature_type": "edge", "u": 63, "v": 841, "edge_key": 1, "length_m": 7.211, "is_bridged": false, "is_bridge": false, "edge_betweenness": 0.0, "width_m": 8.876}}, {"type": "Feature", "geometry": {"type": "LineString", "coordinates": [[72.569364, 23.040247], [72.569307, 23.040192], [72.569318, 23.040182]]}, "properties": {"feature_type": "edge", "u": 63, "v": 842, "edge_key": 0, "length_m": 10.129, "is_bridged": false, "is_bridge": false, "edge_betweenness": 0.0, "width_m": 7.657}}, {"type": "Feature", "geometry": {"type": "LineString", "coordinates": [[72.569318, 23.040182], [72.569364, 23.040247]]}, "properties": {"feature_type": "edge", "u": 63, "v": 842, "edge_key": 1, "length_m": 10.129, "is_bridged": false, "is_bridge": false, "edge_betweenness": 0.0, "width_m": 7.657}}, {"type": "Feature", "geometry": {"type": "LineString", "coordinates": [[72.569364, 23.040247], [72.569425, 23.04014]]}, "properties": {"feature_type": "edge", "u": 63, "v": 843, "edge_key": 0, "length_m": 13.416, "is_bridged": false, "is_bridge": false, "edge_betweenness": 0.0, "width_m": 8.876}}, {"type": "Feature", "geometry": {"type": "LineString", "coordinates": [[72.569425, 23.04014], [72.569364, 23.040247]]}, "properties": {"feature_type": "edge", "u": 63, "v": 843, "edge_key": 1, "length_m": 13.416, "is_bridged": false, "is_bridge": false, "edge_betweenness": 0.0, "width_m": 8.876}}, {"type": "Feature", "geometry": {"type": "LineString", "coordinates": [[72.569364, 23.040247], [72.569228, 23.040245], [72.569229, 23.040173], [72.56921, 23.040155]]}, "properties": {"feature_type": "edge", "u": 63, "v": 95, "edge_key": 0, "length_m": 24.828, "is_bridged": false, "is_bridge": false, "edge_betweenness": 0.0, "width_m": 15.88}}, {"type": "Feature", "geometry": {"type": "LineString", "coordinates": [[72.569364, 23.040247], [72.569443, 23.040194], [72.569735, 23.040217]]}, "properties": {"feature_type": "edge", "u": 63, "v": 79, "edge_key": 0, "length_m": 40.828, "is_bridged": false, "is_bridge": false, "edge_betweenness": 0.0, "width_m": 13.275}}, {"type": "Feature", "geometry": {"type": "LineString", "coordinates": [[72.569364, 23.040247], [72.569386, 23.040085], [72.569369, 23.039977]]}, "properties": {"feature_type": "edge", "u": 63, "v": 118, "edge_key": 0, "length_m": 30.309, "is_bridged": false, "is_bridge": false, "edge_betweenness": 0.0, "width_m": 11.405}}, {"type": "Feature", "geometry": {"type": "LineString", "coordinates": [[72.569538, 23.04034], [72.569518, 23.040376]]}, "properties": {"feature_type": "edge", "u": 64, "v": 844, "edge_key": 0, "length_m": 4.472, "is_bridged": false, "is_bridge": false, "edge_betweenness": 0.0, "width_m": 5.105}}, {"type": "Feature", "geometry": {"type": "LineString", "coordinates": [[72.569518, 23.040376], [72.569538, 23.04034]]}, "properties": {"feature_type": "edge", "u": 64, "v": 844, "edge_key": 1, "length_m": 4.472, "is_bridged": false, "is_bridge": false, "edge_betweenness": 0.0, "width_m": 5.105}}, {"type": "Feature", "geometry": {"type": "LineString", "coordinates": [[72.569538, 23.04034], [72.569714, 23.040325], [72.569734, 23.040307]]}, "properties": {"feature_type": "edge", "u": 64, "v": 68, "edge_key": 0, "length_m": 21.657, "is_bridged": false, "is_bridge": false, "edge_betweenness": 0.0, "width_m": 10.83}}, {"type": "Feature", "geometry": {"type": "LineString", "coordinates": [[72.557232, 23.040115], [72.555224, 23.039993]]}, "properties": {"feature_type": "edge", "u": 65, "v": 84, "edge_key": 0, "length_m": 210.142, "is_bridged": false, "is_bridge": true, "edge_betweenness": 0.0, "width_m": 8.087}}, {"type": "Feature", "geometry": {"type": "LineString", "coordinates": [[72.557232, 23.040115], [72.558207, 23.040112], [72.558227, 23.040094]]}, "properties": {"feature_type": "edge", "u": 65, "v": 74, "edge_key": 0, "length_m": 103.657, "is_bridged": false, "is_bridge": false, "edge_betweenness": 0.0, "width_m": 8.167}}, {"type": "Feature", "geometry": {"type": "LineString", "coordinates": [[72.557232, 23.040115], [72.557234, 23.040006]]}, "properties": {"feature_type": "edge", "u": 65, "v": 85, "edge_key": 0, "length_m": 12.0, "is_bridged": false, "is_bridge": false, "edge_betweenness": 0.0, "width_m": 9.514}}, {"type": "Feature", "geometry": {"type": "LineString", "coordinates": [[72.567822, 23.040278], [72.567803, 23.040259], [72.567277, 23.040233]]}, "properties": {"feature_type": "edge", "u": 66, "v": 72, "edge_key": 0, "length_m": 57.657, "is_bridged": false, "is_bridge": false, "edge_betweenness": 0.0, "width_m": 22.226}}, {"type": "Feature", "geometry": {"type": "LineString", "coordinates": [[72.567822, 23.040278], [72.568446, 23.040287], [72.568466, 23.04027]]}, "properties": {"feature_type": "edge", "u": 66, "v": 73, "edge_key": 0, "length_m": 66.828, "is_bridged": false, "is_bridge": false, "edge_betweenness": 0.0, "width_m": 24.171}}, {"type": "Feature", "geometry": {"type": "LineString", "coordinates": [[72.569071, 23.040297], [72.569012, 23.040278], [72.568466, 23.04027]]}, "properties": {"feature_type": "edge", "u": 67, "v": 73, "edge_key": 0, "length_m": 62.325, "is_bridged": false, "is_bridge": false, "edge_betweenness": 0.0, "width_m": 19.136}}, {"type": "Feature", "geometry": {"type": "LineString", "coordinates": [[72.569071, 23.040297], [72.569052, 23.040243], [72.569092, 23.040189], [72.56921, 23.040155]]}, "properties": {"feature_type": "edge", "u": 67, "v": 95, "edge_key": 0, "length_m": 27.786, "is_bridged": false, "is_bridge": false, "edge_betweenness": 0.0, "width_m": 13.152}}, {"type": "Feature", "geometry": {"type": "LineString", "coordinates": [[72.569734, 23.040307], [72.569851, 23.040309], [72.569949, 23.040256]]}, "properties": {"feature_type": "edge", "u": 68, "v": 78, "edge_key": 0, "length_m": 24.485, "is_bridged": false, "is_bridge": false, "edge_betweenness": 0.0, "width_m": 9.478}}, {"type": "Feature", "geometry": {"type": "LineString", "coordinates": [[72.569734, 23.040307], [72.569735, 23.040217]]}, "properties": {"feature_type": "edge", "u": 68, "v": 79, "edge_key": 0, "length_m": 10.0, "is_bridged": false, "is_bridge": false, "edge_betweenness": 0.0, "width_m": 9.657}}, {"type": "Feature", "geometry": {"type": "LineString", "coordinates": [[72.558481, 23.040098], [72.558227, 23.040094]]}, "properties": {"feature_type": "edge", "u": 69, "v": 74, "edge_key": 0, "length_m": 26.0, "is_bridged": false, "is_bridge": false, "edge_betweenness": 0.0, "width_m": 8.552}}, {"type": "Feature", "geometry": {"type": "LineString", "coordinates": [[72.558481, 23.040098], [72.5585, 23.04008], [72.558774, 23.040084], [72.558793, 23.040066], [72.559008, 23.04007], [72.559047, 23.040052]]}, "properties": {"feature_type": "edge", "u": 69, "v": 77, "edge_key": 0, "length_m": 60.129, "is_bridged": false, "is_bridge": false, "edge_betweenness": 0.0, "width_m": 8.515}}, {"type": "Feature", "geometry": {"type": "LineString", "coordinates": [[72.566789, 23.040244], [72.566535, 23.04024], [72.566497, 23.040221]]}, "properties": {"feature_type": "edge", "u": 70, "v": 75, "edge_key": 0, "length_m": 30.472, "is_bridged": false, "is_bridge": false, "edge_betweenness": 0.0, "width_m": 8.353}}, {"type": "Feature", "geometry": {"type": "LineString", "coordinates": [[72.566789, 23.040244], [72.566828, 23.040263], [72.566964, 23.040265], [72.566984, 23.040247]]}, "properties": {"feature_type": "edge", "u": 70, "v": 71, "edge_key": 0, "length_m": 21.301, "is_bridged": false, "is_bridge": false, "edge_betweenness": 0.0, "width_m": 8.494}}, {"type": "Feature", "geometry": {"type": "LineString", "coordinates": [[72.566789, 23.040244], [72.566791, 23.040136]]}, "properties": {"feature_type": "edge", "u": 70, "v": 90, "edge_key": 0, "length_m": 12.0, "is_bridged": false, "is_bridge": false, "edge_betweenness": 0.0, "width_m": 8.394}}, {"type": "Feature", "geometry": {"type": "LineString", "coordinates": [[72.566984, 23.040247], [72.567061, 23.040284], [72.567139, 23.040285], [72.567199, 23.040214]]}, "properties": {"feature_type": "edge", "u": 71, "v": 76, "edge_key": 0, "length_m": 27.43, "is_bridged": false, "is_bridge": false, "edge_betweenness": 0.0, "width_m": 10.439}}, {"type": "Feature", "geometry": {"type": "LineString", "coordinates": [[72.566984, 23.040247], [72.566986, 23.040157]]}, "properties": {"feature_type": "edge", "u": 71, "v": 86, "edge_key": 0, "length_m": 10.0, "is_bridged": false, "is_bridge": false, "edge_betweenness": 0.0, "width_m": 13.405}}, {"type": "Feature", "geometry": {"type": "LineString", "coordinates": [[72.567277, 23.040233], [72.567276, 23.040269]]}, "properties": {"feature_type": "edge", "u": 72, "v": 845, "edge_key": 0, "length_m": 4.0, "is_bridged": false, "is_bridge": false, "edge_betweenness": 0.0, "width_m": 4.0}}, {"type": "Feature", "geometry": {"type": "LineString", "coordinates": [[72.567276, 23.040269], [72.567277, 23.040233]]}, "properties": {"feature_type": "edge", "u": 72, "v": 845, "edge_key": 1, "length_m": 4.0, "is_bridged": false, "is_bridge": false, "edge_betweenness": 0.0, "width_m": 4.0}}, {"type": "Feature", "geometry": {"type": "LineString", "coordinates": [[72.567277, 23.040233], [72.567199, 23.040214]]}, "properties": {"feature_type": "edge", "u": 72, "v": 76, "edge_key": 0, "length_m": 8.472, "is_bridged": false, "is_bridge": false, "edge_betweenness": 0.0, "width_m": 11.067}}, {"type": "Feature", "geometry": {"type": "LineString", "coordinates": [[72.568466, 23.04027], [72.568448, 23.040215], [72.568371, 23.040142], [72.567825, 23.040115]]}, "properties": {"feature_type": "edge", "u": 73, "v": 101, "edge_key": 0, "length_m": 74.614, "is_bridged": false, "is_bridge": false, "edge_betweenness": 0.0, "width_m": 9.888}}, {"type": "Feature", "geometry": {"type": "LineString", "coordinates": [[72.558227, 23.040094], [72.558229, 23.040004]]}, "properties": {"feature_type": "edge", "u": 74, "v": 89, "edge_key": 0, "length_m": 10.0, "is_bridged": false, "is_bridge": false, "edge_betweenness": 0.0, "width_m": 9.657}}, {"type": "Feature", "geometry": {"type": "LineString", "coordinates": [[72.566497, 23.040221], [72.566518, 23.040095]]}, "properties": {"feature_type": "edge", "u": 75, "v": 94, "edge_key": 0, "length_m": 14.472, "is_bridged": false, "is_bridge": false, "edge_betweenness": 0.0, "width_m": 13.493}}, {"type": "Feature", "geometry": {"type": "LineString", "coordinates": [[72.567199, 23.040214], [72.567142, 23.040159], [72.566986, 23.040157]]}, "properties": {"feature_type": "edge", "u": 76, "v": 86, "edge_key": 0, "length_m": 24.485, "is_bridged": false, "is_bridge": false, "edge_betweenness": 0.0, "width_m": 16.565}}, {"type": "Feature", "geometry": {"type": "LineString", "coordinates": [[72.559047, 23.040052], [72.55934, 23.040057], [72.55936, 23.040039], [72.559613, 23.040043], [72.559633, 23.040025]]}, "properties": {"feature_type": "edge", "u": 77, "v": 92, "edge_key": 0, "length_m": 61.657, "is_bridged": false, "is_bridge": false, "edge_betweenness": 0.0, "width_m": 8.521}}, {"type": "Feature", "geometry": {"type": "LineString", "coordinates": [[72.559047, 23.040052], [72.559049, 23.039962]]}, "properties": {"feature_type": "edge", "u": 77, "v": 99, "edge_key": 0, "length_m": 10.0, "is_bridged": false, "is_bridge": false, "edge_betweenness": 0.0, "width_m": 10.67}}, {"type": "Feature", "geometry": {"type": "LineString", "coordinates": [[72.569949, 23.040256], [72.570437, 23.040228]]}, "properties": {"feature_type": "edge", "u": 78, "v": 80, "edge_key": 0, "length_m": 51.657, "is_bridged": false, "is_bridge": false, "edge_betweenness": 0.0, "width_m": 16.115}}, {"type": "Feature", "geometry": {"type": "LineString", "coordinates": [[72.569949, 23.040256], [72.569911, 23.04022], [72.569735, 23.040217]]}, "properties": {"feature_type": "edge", "u": 78, "v": 79, "edge_key": 0, "length_m": 23.657, "is_bridged": false, "is_bridge": false, "edge_betweenness": 0.0, "width_m": 9.838}}, {"type": "Feature", "geometry": {"type": "LineString", "coordinates": [[72.570437, 23.040228], [72.570593, 23.04023], [72.570632, 23.040249]]}, "properties": {"feature_type": "edge", "u": 80, "v": 81, "edge_key": 0, "length_m": 20.472, "is_bridged": false, "is_bridge": false, "edge_betweenness": 0.0, "width_m": 16.002}}, {"type": "Feature", "geometry": {"type": "LineString", "coordinates": [[72.570437, 23.040228], [72.570365, 23.038854], [72.570345, 23.038836], [72.570348, 23.038692], [72.570329, 23.038673], [72.570331, 23.038547], [72.570294, 23.038456], [72.570295, 23.038384], [72.57024, 23.038202], [72.570146, 23.038002], [72.569822, 23.037582], [72.569804, 23.037474]]}, "properties": {"feature_type": "edge", "u": 80, "v": 264, "edge_key": 0, "length_m": 332.995, "is_bridged": false, "is_bridge": false, "edge_betweenness": 0.0, "width_m": 8.458}}, {"type": "Feature", "geometry": {"type": "LineString", "coordinates": [[72.570632, 23.040249], [72.57067, 23.040285], [72.570749, 23.040287], [72.570847, 23.040234]]}, "properties": {"feature_type": "edge", "u": 81, "v": 87, "edge_key": 0, "length_m": 26.142, "is_bridged": false, "is_bridge": false, "edge_betweenness": 0.0, "width_m": 9.742}}, {"type": "Feature", "geometry": {"type": "LineString", "coordinates": [[72.570632, 23.040249], [72.570672, 23.040195], [72.570809, 23.040197], [72.570847, 23.040234]]}, "properties": {"feature_type": "edge", "u": 81, "v": 87, "edge_key": 1, "length_m": 26.957, "is_bridged": false, "is_bridge": false, "edge_betweenness": 0.0, "width_m": 9.954}}, {"type": "Feature", "geometry": {"type": "LineString", "coordinates": [[72.57153, 23.040208], [72.571569, 23.040245], [72.571647, 23.040246]]}, "properties": {"feature_type": "edge", "u": 82, "v": 83, "edge_key": 0, "length_m": 13.657, "is_bridged": false, "is_bridge": false, "edge_betweenness": 0.0, "width_m": 9.04}}, {"type": "Feature", "geometry": {"type": "LineString", "coordinates": [[72.57153, 23.040208], [72.571452, 23.040207]]}, "properties": {"feature_type": "edge", "u": 82, "v": 93, "edge_key": 0, "length_m": 8.0, "is_bridged": false, "is_bridge": false, "edge_betweenness": 0.0, "width_m": 13.648}}, {"type": "Feature", "geometry": {"type": "LineString", "coordinates": [[72.57153, 23.040208], [72.571497, 23.039865], [72.571478, 23.039847], [72.571481, 23.03972], [72.571461, 23.039702], [72.571464, 23.039575], [72.571427, 23.03943], [72.571382, 23.038671], [72.571363, 23.038653], [72.571366, 23.038473], [72.571347, 23.038454], [72.57135, 23.038292], [72.57139, 23.038256]]}, "properties": {"feature_type": "edge", "u": 82, "v": 233, "edge_key": 0, "length_m": 226.187, "is_bridged": false, "is_bridge": false, "edge_betweenness": 0.0, "width_m": 8.238}}, {"type": "Feature", "geometry": {"type": "LineString", "coordinates": [[72.57153, 23.040208], [72.57157, 23.040155], [72.571667, 23.040174]]}, "properties": {"feature_type": "edge", "u": 82, "v": 96, "edge_key": 0, "length_m": 17.457, "is_bridged": false, "is_bridge": false, "edge_betweenness": 0.0, "width_m": 9.398}}, {"type": "Feature", "geometry": {"type": "LineString", "coordinates": [[72.571647, 23.040246], [72.571667, 23.040174]]}, "properties": {"feature_type": "edge", "u": 83, "v": 96, "edge_key": 0, "length_m": 8.472, "is_bridged": false, "is_bridge": false, "edge_betweenness": 0.0, "width_m": 12.204}}, {"type": "Feature", "geometry": {"type": "LineString", "coordinates": [[72.557234, 23.040006], [72.556571, 23.039978], [72.556552, 23.03996], [72.556025, 23.039951], [72.556006, 23.039933], [72.55546, 23.039925], [72.555441, 23.039906], [72.555207, 23.039885]]}, "properties": {"feature_type": "edge", "u": 85, "v": 105, "edge_key": 0, "length_m": 212.142, "is_bridged": false, "is_bridge": true, "edge_betweenness": 0.0, "width_m": 8.03}}, {"type": "Feature", "geometry": {"type": "LineString", "coordinates": [[72.557234, 23.040006], [72.558229, 23.040004]]}, "properties": {"feature_type": "edge", "u": 85, "v": 89, "edge_key": 0, "length_m": 102.828, "is_bridged": false, "is_bridge": false, "edge_betweenness": 0.0, "width_m": 8.17}}, {"type": "Feature", "geometry": {"type": "LineString", "coordinates": [[72.566986, 23.040157], [72.566966, 23.040138], [72.566791, 23.040136]]}, "properties": {"feature_type": "edge", "u": 86, "v": 90, "edge_key": 0, "length_m": 20.828, "is_bridged": false, "is_bridge": false, "edge_betweenness": 0.0, "width_m": 15.939}}, {"type": "Feature", "geometry": {"type": "LineString", "coordinates": [[72.570847, 23.040234], [72.570906, 23.040235]]}, "properties": {"feature_type": "edge", "u": 87, "v": 88, "edge_key": 0, "length_m": 6.0, "is_bridged": false, "is_bridge": false, "edge_betweenness": 0.0, "width_m": 14.883}}, {"type": "Feature", "geometry": {"type": "LineString", "coordinates": [[72.570906, 23.040235], [72.570944, 23.040272], [72.571041, 23.040273], [72.571159, 23.040221]]}, "properties": {"feature_type": "edge", "u": 88, "v": 91, "edge_key": 0, "length_m": 29.786, "is_bridged": false, "is_bridge": false, "edge_betweenness": 0.0, "width_m": 9.608}}, {"type": "Feature", "geometry": {"type": "LineString", "coordinates": [[72.570906, 23.040235], [72.570945, 23.040181], [72.571102, 23.040184], [72.571159, 23.040221]]}, "properties": {"feature_type": "edge", "u": 88, "v": 91, "edge_key": 1, "length_m": 30.601, "is_bridged": false, "is_bridge": false, "edge_betweenness": 0.0, "width_m": 9.803}}, {"type": "Feature", "geometry": {"type": "LineString", "coordinates": [[72.558229, 23.040004], [72.558268, 23.039986], [72.558853, 23.039977], [72.558873, 23.039959]]}, "properties": {"feature_type": "edge", "u": 89, "v": 103, "edge_key": 0, "length_m": 68.129, "is_bridged": false, "is_bridge": false, "edge_betweenness": 0.0, "width_m": 8.307}}, {"type": "Feature", "geometry": {"type": "LineString", "coordinates": [[72.558229, 23.040004], [72.558201, 23.039389], [72.558182, 23.039371], [72.558185, 23.039154], [72.558166, 23.039136], [72.55817, 23.038937], [72.558151, 23.038919], [72.558154, 23.03872], [72.558135, 23.038702], [72.558139, 23.038485], [72.55812, 23.038467], [72.558141, 23.038395], [72.55818, 23.03836], [72.558415, 23.038327]]}, "properties": {"feature_type": "edge", "u": 89, "v": 223, "edge_key": 0, "length_m": 215.941, "is_bridged": false, "is_bridge": false, "edge_betweenness": 0.0, "width_m": 8.178}}, {"type": "Feature", "geometry": {"type": "LineString", "coordinates": [[72.566791, 23.040136], [72.566772, 23.040117], [72.566518, 23.040095]]}, "properties": {"feature_type": "edge", "u": 90, "v": 94, "edge_key": 0, "length_m": 29.657, "is_bridged": false, "is_bridge": false, "edge_betweenness": 0.0, "width_m": 16.022}}, {"type": "Feature", "geometry": {"type": "LineString", "coordinates": [[72.571159, 23.040221], [72.571217, 23.040258], [72.571354, 23.04026], [72.571452, 23.040207]]}, "properties": {"feature_type": "edge", "u": 91, "v": 93, "edge_key": 0, "length_m": 33.786, "is_bridged": false, "is_bridge": false, "edge_betweenness": 0.0, "width_m": 9.617}}, {"type": "Feature", "geometry": {"type": "LineString", "coordinates": [[72.571159, 23.040221], [72.571219, 23.040168], [72.571414, 23.040171], [72.571452, 23.040207]]}, "properties": {"feature_type": "edge", "u": 91, "v": 93, "edge_key": 1, "length_m": 34.142, "is_bridged": false, "is_bridge": false, "edge_betweenness": 0.0, "width_m": 9.786}}, {"type": "Feature", "geometry": {"type": "LineString", "coordinates": [[72.559633, 23.040025], [72.559926, 23.04003], [72.559945, 23.040012], [72.560492, 23.040002], [72.560512, 23.039985], [72.560707, 23.039988], [72.560726, 23.03997], [72.560922, 23.039973], [72.560941, 23.039955], [72.561195, 23.039959]]}, "properties": {"feature_type": "edge", "u": 92, "v": 107, "edge_key": 0, "length_m": 164.142, "is_bridged": false, "is_bridge": false, "edge_betweenness": 0.0, "width_m": 8.164}}, {"type": "Feature", "geometry": {"type": "LineString", "coordinates": [[72.559633, 23.040025], [72.559615, 23.039935]]}, "properties": {"feature_type": "edge", "u": 92, "v": 106, "edge_key": 0, "length_m": 10.472, "is_bridged": false, "is_bridge": false, "edge_betweenness": 0.0, "width_m": 10.064}}, {"type": "Feature", "geometry": {"type": "LineString", "coordinates": [[72.566518, 23.040095], [72.56648, 23.040077], [72.566187, 23.040072], [72.566169, 23.04]]}, "properties": {"feature_type": "edge", "u": 94, "v": 109, "edge_key": 0, "length_m": 42.718, "is_bridged": false, "is_bridge": false, "edge_betweenness": 0.0, "width_m": 15.571}}, {"type": "Feature", "geometry": {"type": "LineString", "coordinates": [[72.566518, 23.040095], [72.56654, 23.039969]]}, "properties": {"feature_type": "edge", "u": 94, "v": 123, "edge_key": 0, "length_m": 14.472, "is_bridged": false, "is_bridge": false, "edge_betweenness": 0.0, "width_m": 11.585}}, {"type": "Feature", "geometry": {"type": "LineString", "coordinates": [[72.56921, 23.040155], [72.569212, 23.040046]]}, "properties": {"feature_type": "edge", "u": 95, "v": 115, "edge_key": 0, "length_m": 12.0, "is_bridged": false, "is_bridge": false, "edge_betweenness": 0.0, "width_m": 16.293}}, {"type": "Feature", "geometry": {"type": "LineString", "coordinates": [[72.571667, 23.040174], [72.571745, 23.04023], [72.571901, 23.040232], [72.57194, 23.040215], [72.57196, 23.040161]]}, "properties": {"feature_type": "edge", "u": 96, "v": 97, "edge_key": 0, "length_m": 37.193, "is_bridged": false, "is_bridge": false, "edge_betweenness": 0.0, "width_m": 8.989}}, {"type": "Feature", "geometry": {"type": "LineString", "coordinates": [[72.571667, 23.040174], [72.571746, 23.04014], [72.571922, 23.040142], [72.57196, 23.040161]]}, "properties": {"feature_type": "edge", "u": 96, "v": 97, "edge_key": 1, "length_m": 31.625, "is_bridged": false, "is_bridge": false, "edge_betweenness": 0.0, "width_m": 8.883}}, {"type": "Feature", "geometry": {"type": "LineString", "coordinates": [[72.571667, 23.040174], [72.571629, 23.04012], [72.571633, 23.039939], [72.571613, 23.039921], [72.571616, 23.039776], [72.571597, 23.039758], [72.571599, 23.039632], [72.57158, 23.039613], [72.571582, 23.039487], [72.571563, 23.039469], [72.571565, 23.039342], [72.571546, 23.039324], [72.571548, 23.039198], [72.571529, 23.039179], [72.571531, 23.039053], [72.571512, 23.039035], [72.571515, 23.03889], [72.571496, 23.038872], [72.571447, 23.038311], [72.57139, 23.038256]]}, "properties": {"feature_type": "edge", "u": 96, "v": 233, "edge_key": 0, "length_m": 224.809, "is_bridged": false, "is_bridge": false, "edge_betweenness": 0.0, "width_m": 8.302}}, {"type": "Feature", "geometry": {"type": "LineString", "coordinates": [[72.57196, 23.040161], [72.571998, 23.040216], [72.572213, 23.040201]]}, "properties": {"feature_type": "edge", "u": 97, "v": 98, "edge_key": 0, "length_m": 30.04, "is_bridged": false, "is_bridge": false, "edge_betweenness": 0.0, "width_m": 8.333}}, {"type": "Feature", "geometry": {"type": "LineString", "coordinates": [[72.57196, 23.040161], [72.572, 23.040125], [72.572215, 23.040129]]}, "properties": {"feature_type": "edge", "u": 97, "v": 110, "edge_key": 0, "length_m": 27.657, "is_bridged": false, "is_bridge": false, "edge_betweenness": 0.0, "width_m": 8.491}}, {"type": "Feature", "geometry": {"type": "LineString", "coordinates": [[72.572213, 23.040201], [72.572408, 23.040204], [72.572467, 23.040187]]}, "properties": {"feature_type": "edge", "u": 98, "v": 102, "edge_key": 0, "length_m": 26.828, "is_bridged": false, "is_bridge": false, "edge_betweenness": 0.0, "width_m": 8.0}}, {"type": "Feature", "geometry": {"type": "LineString", "coordinates": [[72.572213, 23.040201], [72.572215, 23.040129]]}, "properties": {"feature_type": "edge", "u": 98, "v": 110, "edge_key": 0, "length_m": 8.0, "is_bridged": false, "is_bridge": false, "edge_betweenness": 0.0, "width_m": 8.315}}, {"type": "Feature", "geometry": {"type": "LineString", "coordinates": [[72.559049, 23.039962], [72.558873, 23.039959]]}, "properties": {"feature_type": "edge", "u": 99, "v": 103, "edge_key": 0, "length_m": 18.0, "is_bridged": false, "is_bridge": false, "edge_betweenness": 0.0, "width_m": 9.391}}, {"type": "Feature", "geometry": {"type": "LineString", "coordinates": [[72.559049, 23.039962], [72.559615, 23.039935]]}, "properties": {"feature_type": "edge", "u": 99, "v": 106, "edge_key": 0, "length_m": 59.657, "is_bridged": false, "is_bridge": false, "edge_betweenness": 0.0, "width_m": 8.35}}, {"type": "Feature", "geometry": {"type": "LineString", "coordinates": [[72.566109, 23.040071], [72.565973, 23.040069], [72.565953, 23.04005]]}, "properties": {"feature_type": "edge", "u": 100, "v": 108, "edge_key": 0, "length_m": 16.828, "is_bridged": false, "is_bridge": false, "edge_betweenness": 0.0, "width_m": 23.439}}, {"type": "Feature", "geometry": {"type": "LineString", "coordinates": [[72.566109, 23.040071], [72.566169, 23.04]]}, "properties": {"feature_type": "edge", "u": 100, "v": 109, "edge_key": 0, "length_m": 10.04, "is_bridged": false, "is_bridge": false, "edge_betweenness": 0.0, "width_m": 15.071}}, {"type": "Feature", "geometry": {"type": "LineString", "coordinates": [[72.567825, 23.040115], [72.566968, 23.04003], [72.566949, 23.040012], [72.566832, 23.04001], [72.566696, 23.039972], [72.56654, 23.039969]]}, "properties": {"feature_type": "edge", "u": 101, "v": 123, "edge_key": 0, "length_m": 137.799, "is_bridged": false, "is_bridge": false, "edge_betweenness": 0.0, "width_m": 8.189}}, {"type": "Feature", "geometry": {"type": "LineString", "coordinates": [[72.567825, 23.040115], [72.567827, 23.040025], [72.567847, 23.040007], [72.567912, 23.038564]]}, "properties": {"feature_type": "edge", "u": 101, "v": 215, "edge_key": 0, "length_m": 174.485, "is_bridged": false, "is_bridge": false, "edge_betweenness": 0.0, "width_m": 8.083}}, {"type": "Feature", "geometry": {"type": "LineString", "coordinates": [[72.572467, 23.040187], [72.572682, 23.04019], [72.572721, 23.040173]]}, "properties": {"feature_type": "edge", "u": 102, "v": 104, "edge_key": 0, "length_m": 26.472, "is_bridged": false, "is_bridge": false, "edge_betweenness": 0.0, "width_m": 8.079}}, {"type": "Feature", "geometry": {"type": "LineString", "coordinates": [[72.572467, 23.040187], [72.572468, 23.040115]]}, "properties": {"feature_type": "edge", "u": 102, "v": 113, "edge_key": 0, "length_m": 8.0, "is_bridged": false, "is_bridge": false, "edge_betweenness": 0.0, "width_m": 8.315}}, {"type": "Feature", "geometry": {"type": "LineString", "coordinates": [[72.558873, 23.039959], [72.558854, 23.039941], [72.55884, 23.03967], [72.55882, 23.039652], [72.558823, 23.039489], [72.558804, 23.039471], [72.558807, 23.039326], [72.558788, 23.039308], [72.55879, 23.039146], [72.558771, 23.039127], [72.558774, 23.038983], [72.558755, 23.038964], [72.558708, 23.038314]]}, "properties": {"feature_type": "edge", "u": 103, "v": 224, "edge_key": 0, "length_m": 190.284, "is_bridged": false, "is_bridge": false, "edge_betweenness": 0.0, "width_m": 8.205}}, {"type": "Feature", "geometry": {"type": "LineString", "coordinates": [[72.572721, 23.040173], [72.572936, 23.040176], [72.572975, 23.040158]]}, "properties": {"feature_type": "edge", "u": 104, "v": 111, "edge_key": 0, "length_m": 26.472, "is_bridged": false, "is_bridge": false, "edge_betweenness": 0.0, "width_m": 8.157}}, {"type": "Feature", "geometry": {"type": "LineString", "coordinates": [[72.572721, 23.040173], [72.572722, 23.0401]]}, "properties": {"feature_type": "edge", "u": 104, "v": 116, "edge_key": 0, "length_m": 8.0, "is_bridged": false, "is_bridge": false, "edge_betweenness": 0.0, "width_m": 6.2}}, {"type": "Feature", "geometry": {"type": "LineString", "coordinates": [[72.559615, 23.039935], [72.56024, 23.039908], [72.56026, 23.03989], [72.560533, 23.039895], [72.560553, 23.039877], [72.560748, 23.03988], [72.560767, 23.039862], [72.560962, 23.039865], [72.560982, 23.039847], [72.561529, 23.03982]]}, "properties": {"feature_type": "edge", "u": 106, "v": 133, "edge_key": 0, "length_m": 202.627, "is_bridged": false, "is_bridge": false, "edge_betweenness": 0.0, "width_m": 8.158}}, {"type": "Feature", "geometry": {"type": "LineString", "coordinates": [[72.559615, 23.039935], [72.559596, 23.039898], [72.5596, 23.0397], [72.559563, 23.039591], [72.559547, 23.03941]]}, "properties": {"feature_type": "edge", "u": 106, "v": 164, "edge_key": 0, "length_m": 60.957, "is_bridged": false, "is_bridge": false, "edge_betweenness": 0.0, "width_m": 8.372}}, {"type": "Feature", "geometry": {"type": "LineString", "coordinates": [[72.561195, 23.039959], [72.561215, 23.039941], [72.561351, 23.039943], [72.561371, 23.039926], [72.561508, 23.039928], [72.561527, 23.03991]]}, "properties": {"feature_type": "edge", "u": 107, "v": 121, "edge_key": 0, "length_m": 36.485, "is_bridged": false, "is_bridge": false, "edge_betweenness": 0.0, "width_m": 8.748}}, {"type": "Feature", "geometry": {"type": "LineString", "coordinates": [[72.565953, 23.04005], [72.565836, 23.040049], [72.565817, 23.04003]]}, "properties": {"feature_type": "edge", "u": 108, "v": 112, "edge_key": 0, "length_m": 14.828, "is_bridged": false, "is_bridge": false, "edge_betweenness": 0.0, "width_m": 23.455}}, {"type": "Feature", "geometry": {"type": "LineString", "coordinates": [[72.565953, 23.04005], [72.565956, 23.039924]]}, "properties": {"feature_type": "edge", "u": 108, "v": 127, "edge_key": 0, "length_m": 14.0, "is_bridged": false, "is_bridge": false, "edge_betweenness": 0.0, "width_m": 15.228}}, {"type": "Feature", "geometry": {"type": "LineString", "coordinates": [[72.566169, 23.04], [72.566229, 23.039928], [72.56625, 23.039856], [72.566252, 23.039748], [72.566293, 23.039622], [72.566338, 23.039298], [72.566525, 23.038651], [72.566631, 23.038165], [72.566776, 23.037716], [72.566778, 23.037608]]}, "properties": {"feature_type": "edge", "u": 109, "v": 258, "edge_key": 0, "length_m": 289.579, "is_bridged": false, "is_bridge": false, "edge_betweenness": 0.0, "width_m": 8.298}}, {"type": "Feature", "geometry": {"type": "LineString", "coordinates": [[72.566169, 23.04], [72.566131, 23.039927], [72.565956, 23.039924]]}, "properties": {"feature_type": "edge", "u": 109, "v": 127, "edge_key": 0, "length_m": 26.944, "is_bridged": false, "is_bridge": false, "edge_betweenness": 0.0, "width_m": 8.094}}, {"type": "Feature", "geometry": {"type": "LineString", "coordinates": [[72.572215, 23.040129], [72.572234, 23.040111], [72.572468, 23.040115]]}, "properties": {"feature_type": "edge", "u": 110, "v": 113, "edge_key": 0, "length_m": 26.828, "is_bridged": false, "is_bridge": false, "edge_betweenness": 0.0, "width_m": 8.218}}, {"type": "Feature", "geometry": {"type": "LineString", "coordinates": [[72.572975, 23.040158], [72.573463, 23.040148], [72.573483, 23.04013], [72.573639, 23.040132], [72.573678, 23.040115]]}, "properties": {"feature_type": "edge", "u": 111, "v": 120, "edge_key": 0, "length_m": 74.129, "is_bridged": false, "is_bridge": false, "edge_betweenness": 0.0, "width_m": 8.108}}, {"type": "Feature", "geometry": {"type": "LineString", "coordinates": [[72.572975, 23.040158], [72.572976, 23.040086]]}, "properties": {"feature_type": "edge", "u": 111, "v": 119, "edge_key": 0, "length_m": 8.0, "is_bridged": false, "is_bridge": false, "edge_betweenness": 0.0, "width_m": 6.2}}, {"type": "Feature", "geometry": {"type": "LineString", "coordinates": [[72.565817, 23.04003], [72.56572, 23.040029], [72.565701, 23.04001]]}, "properties": {"feature_type": "edge", "u": 112, "v": 114, "edge_key": 0, "length_m": 12.828, "is_bridged": false, "is_bridge": false, "edge_betweenness": 0.0, "width_m": 22.877}}, {"type": "Feature", "geometry": {"type": "LineString", "coordinates": [[72.565817, 23.04003], [72.56582, 23.039904]]}, "properties": {"feature_type": "edge", "u": 112, "v": 131, "edge_key": 0, "length_m": 14.0, "is_bridged": false, "is_bridge": false, "edge_betweenness": 0.0, "width_m": 12.589}}, {"type": "Feature", "geometry": {"type": "LineString", "coordinates": [[72.572468, 23.040115], [72.572488, 23.040097], [72.572722, 23.0401]]}, "properties": {"feature_type": "edge", "u": 113, "v": 116, "edge_key": 0, "length_m": 26.828, "is_bridged": false, "is_bridge": false, "edge_betweenness": 0.0, "width_m": 7.965}}, {"type": "Feature", "geometry": {"type": "LineString", "coordinates": [[72.565701, 23.04001], [72.565623, 23.040009], [72.565603, 23.039991]]}, "properties": {"feature_type": "edge", "u": 114, "v": 117, "edge_key": 0, "length_m": 10.828, "is_bridged": false, "is_bridge": false, "edge_betweenness": 0.0, "width_m": 22.288}}, {"type": "Feature", "geometry": {"type": "LineString", "coordinates": [[72.565701, 23.04001], [72.565703, 23.039884]]}, "properties": {"feature_type": "edge", "u": 114, "v": 134, "edge_key": 0, "length_m": 14.0, "is_bridged": false, "is_bridge": false, "edge_betweenness": 0.0, "width_m": 10.098}}, {"type": "Feature", "geometry": {"type": "LineString", "coordinates": [[72.569212, 23.040046], [72.56929, 23.040048], [72.569369, 23.039977]]}, "properties": {"feature_type": "edge", "u": 115, "v": 118, "edge_key": 0, "length_m": 20.04, "is_bridged": false, "is_bridge": false, "edge_betweenness": 0.0, "width_m": 7.131}}, {"type": "Feature", "geometry": {"type": "LineString", "coordinates": [[72.569212, 23.040046], [72.569195, 23.039884]]}, "properties": {"feature_type": "edge", "u": 115, "v": 144, "edge_key": 0, "length_m": 18.828, "is_bridged": false, "is_bridge": false, "edge_betweenness": 0.0, "width_m": 16.0}}, {"type": "Feature", "geometry": {"type": "LineString", "coordinates": [[72.572722, 23.0401], [72.572742, 23.040083], [72.572976, 23.040086]]}, "properties": {"feature_type": "edge", "u": 116, "v": 119, "edge_key": 0, "length_m": 26.828, "is_bridged": false, "is_bridge": false, "edge_betweenness": 0.0, "width_m": 7.64}}, {"type": "Feature", "geometry": {"type": "LineString", "coordinates": [[72.565603, 23.039991], [72.565506, 23.039989], [72.565487, 23.039971]]}, "properties": {"feature_type": "edge", "u": 117, "v": 122, "edge_key": 0, "length_m": 12.828, "is_bridged": false, "is_bridge": false, "edge_betweenness": 0.0, "width_m": 22.354}}, {"type": "Feature", "geometry": {"type": "LineString", "coordinates": [[72.565603, 23.039991], [72.565606, 23.039865]]}, "properties": {"feature_type": "edge", "u": 117, "v": 138, "edge_key": 0, "length_m": 14.0, "is_bridged": false, "is_bridge": false, "edge_betweenness": 0.0, "width_m": 10.098}}, {"type": "Feature", "geometry": {"type": "LineString", "coordinates": [[72.569369, 23.039977], [72.569408, 23.039995]]}, "properties": {"feature_type": "edge", "u": 118, "v": 846, "edge_key": 0, "length_m": 4.472, "is_bridged": false, "is_bridge": false, "edge_betweenness": 0.0, "width_m": 5.105}}, {"type": "Feature", "geometry": {"type": "LineString", "coordinates": [[72.569408, 23.039995], [72.569369, 23.039977]]}, "properties": {"feature_type": "edge", "u": 118, "v": 846, "edge_key": 1, "length_m": 4.472, "is_bridged": false, "is_bridge": false, "edge_betweenness": 0.0, "width_m": 5.105}}, {"type": "Feature", "geometry": {"type": "LineString", "coordinates": [[72.569369, 23.039977], [72.569312, 23.039885]]}, "properties": {"feature_type": "edge", "u": 118, "v": 146, "edge_key": 0, "length_m": 11.773, "is_bridged": false, "is_bridge": false, "edge_betweenness": 0.0, "width_m": 6.438}}, {"type": "Feature", "geometry": {"type": "LineString", "coordinates": [[72.569369, 23.039977], [72.569409, 23.039905], [72.569392, 23.039796]]}, "properties": {"feature_type": "edge", "u": 118, "v": 150, "edge_key": 0, "length_m": 21.416, "is_bridged": false, "is_bridge": false, "edge_betweenness": 0.0, "width_m": 8.98}}, {"type": "Feature", "geometry": {"type": "LineString", "coordinates": [[72.572976, 23.040086], [72.572996, 23.040068], [72.573172, 23.040071], [72.573191, 23.040053], [72.57366, 23.040043]]}, "properties": {"feature_type": "edge", "u": 119, "v": 128, "edge_key": 0, "length_m": 72.485, "is_bridged": false, "is_bridge": false, "edge_betweenness": 0.0, "width_m": 7.947}}, {"type": "Feature", "geometry": {"type": "LineString", "coordinates": [[72.573678, 23.040115], [72.573854, 23.0401]]}, "properties": {"feature_type": "edge", "u": 120, "v": 124, "edge_key": 0, "length_m": 18.828, "is_bridged": false, "is_bridge": false, "edge_betweenness": 0.0, "width_m": 8.118}}, {"type": "Feature", "geometry": {"type": "LineString", "coordinates": [[72.573678, 23.040115], [72.57366, 23.040043]]}, "properties": {"feature_type": "edge", "u": 120, "v": 128, "edge_key": 0, "length_m": 8.472, "is_bridged": false, "is_bridge": false, "edge_betweenness": 0.0, "width_m": 6.2}}, {"type": "Feature", "geometry": {"type": "LineString", "coordinates": [[72.561527, 23.03991], [72.562172, 23.039884]]}, "properties": {"feature_type": "edge", "u": 121, "v": 125, "edge_key": 0, "length_m": 67.657, "is_bridged": false, "is_bridge": false, "edge_betweenness": 0.0, "width_m": 8.317}}, {"type": "Feature", "geometry": {"type": "LineString", "coordinates": [[72.561527, 23.03991], [72.561529, 23.03982]]}, "properties": {"feature_type": "edge", "u": 121, "v": 133, "edge_key": 0, "length_m": 10.0, "is_bridged": false, "is_bridge": false, "edge_betweenness": 0.0, "width_m": 10.064}}, {"type": "Feature", "geometry": {"type": "LineString", "coordinates": [[72.565487, 23.039971], [72.56535, 23.039951], [72.565331, 23.039933], [72.565333, 23.03986]]}, "properties": {"feature_type": "edge", "u": 122, "v": 130, "edge_key": 0, "length_m": 25.657, "is_bridged": false, "is_bridge": false, "edge_betweenness": 0.0, "width_m": 20.464}}, {"type": "Feature", "geometry": {"type": "LineString", "coordinates": [[72.565487, 23.039971], [72.565489, 23.039845]]}, "properties": {"feature_type": "edge", "u": 122, "v": 141, "edge_key": 0, "length_m": 14.0, "is_bridged": false, "is_bridge": false, "edge_betweenness": 0.0, "width_m": 12.194}}, {"type": "Feature", "geometry": {"type": "LineString", "coordinates": [[72.56654, 23.039969], [72.566563, 23.039807], [72.566646, 23.039519], [72.566647, 23.039429], [72.566731, 23.039142], [72.566732, 23.039051], [72.566816, 23.038764], [72.566817, 23.038673], [72.5669, 23.038386], [72.566902, 23.038296], [72.566985, 23.038008], [72.566987, 23.037918], [72.56707, 23.03763], [72.567072, 23.03754], [72.567112, 23.037486]]}, "properties": {"feature_type": "edge", "u": 123, "v": 261, "edge_key": 0, "length_m": 298.368, "is_bridged": false, "is_bridge": false, "edge_betweenness": 0.0, "width_m": 8.257}}, {"type": "Feature", "geometry": {"type": "LineString", "coordinates": [[72.573854, 23.0401], [72.57403, 23.040084]]}, "properties": {"feature_type": "edge", "u": 124, "v": 126, "edge_key": 0, "length_m": 18.828, "is_bridged": false, "is_bridge": false, "edge_betweenness": 0.0, "width_m": 8.0}}, {"type": "Feature", "geometry": {"type": "LineString", "coordinates": [[72.573854, 23.0401], [72.573836, 23.040027]]}, "properties": {"feature_type": "edge", "u": 124, "v": 135, "edge_key": 0, "length_m": 8.828, "is_bridged": false, "is_bridge": false, "edge_betweenness": 0.0, "width_m": 6.65}}, {"type": "Feature", "geometry": {"type": "LineString", "coordinates": [[72.562172, 23.039884], [72.562309, 23.03985], [72.562641, 23.039837], [72.562661, 23.039819]]}, "properties": {"feature_type": "edge", "u": 125, "v": 139, "edge_key": 0, "length_m": 53.314, "is_bridged": false, "is_bridge": false, "edge_betweenness": 0.0, "width_m": 8.491}}, {"type": "Feature", "geometry": {"type": "LineString", "coordinates": [[72.57403, 23.040084], [72.574186, 23.040069], [72.574207, 23.040015]]}, "properties": {"feature_type": "edge", "u": 126, "v": 132, "edge_key": 0, "length_m": 23.153, "is_bridged": false, "is_bridge": false, "edge_betweenness": 0.0, "width_m": 8.549}}, {"type": "Feature", "geometry": {"type": "LineString", "coordinates": [[72.57403, 23.040084], [72.574031, 23.040012]]}, "properties": {"feature_type": "edge", "u": 126, "v": 136, "edge_key": 0, "length_m": 8.0, "is_bridged": false, "is_bridge": false, "edge_betweenness": 0.0, "width_m": 8.315}}, {"type": "Feature", "geometry": {"type": "LineString", "coordinates": [[72.565956, 23.039924], [72.56582, 23.039904]]}, "properties": {"feature_type": "edge", "u": 127, "v": 131, "edge_key": 0, "length_m": 14.472, "is_bridged": false, "is_bridge": false, "edge_betweenness": 0.0, "width_m": 9.376}}, {"type": "Feature", "geometry": {"type": "LineString", "coordinates": [[72.57366, 23.040043], [72.57368, 23.040025], [72.573836, 23.040027]]}, "properties": {"feature_type": "edge", "u": 128, "v": 135, "edge_key": 0, "length_m": 18.828, "is_bridged": false, "is_bridge": false, "edge_betweenness": 0.0, "width_m": 7.86}}, {"type": "Feature", "geometry": {"type": "LineString", "coordinates": [[72.56383, 23.039873], [72.563909, 23.039856], [72.563929, 23.039821]]}, "properties": {"feature_type": "edge", "u": 129, "v": 140, "edge_key": 0, "length_m": 12.944, "is_bridged": false, "is_bridge": false, "edge_betweenness": 0.0, "width_m": 9.308}}, {"type": "Feature", "geometry": {"type": "LineString", "coordinates": [[72.56383, 23.039873], [72.563831, 23.039801], [72.563851, 23.039783]]}, "properties": {"feature_type": "edge", "u": 129, "v": 149, "edge_key": 0, "length_m": 10.828, "is_bridged": false, "is_bridge": false, "edge_betweenness": 0.0, "width_m": 9.97}}, {"type": "Feature", "geometry": {"type": "LineString", "coordinates": [[72.565333, 23.03986], [72.565273, 23.039896], [72.565254, 23.039877], [72.565157, 23.039876], [72.564982, 23.039819], [72.564749, 23.039779], [72.564691, 23.039742], [72.564555, 23.039722], [72.564419, 23.039666], [72.564186, 23.039626]]}, "properties": {"feature_type": "edge", "u": 130, "v": 158, "edge_key": 0, "length_m": 130.453, "is_bridged": false, "is_bridge": false, "edge_betweenness": 0.0, "width_m": 23.009}}, {"type": "Feature", "geometry": {"type": "LineString", "coordinates": [[72.565333, 23.03986], [72.565411, 23.039825], [72.565489, 23.039845]]}, "properties": {"feature_type": "edge", "u": 130, "v": 141, "edge_key": 0, "length_m": 17.773, "is_bridged": false, "is_bridge": false, "edge_betweenness": 0.0, "width_m": 8.082}}, {"type": "Feature", "geometry": {"type": "LineString", "coordinates": [[72.56582, 23.039904], [72.565703, 23.039884]]}, "properties": {"feature_type": "edge", "u": 131, "v": 134, "edge_key": 0, "length_m": 12.472, "is_bridged": false, "is_bridge": false, "edge_betweenness": 0.0, "width_m": 9.04}}, {"type": "Feature", "geometry": {"type": "LineString", "coordinates": [[72.574207, 23.040015], [72.574245, 23.04007], [72.574362, 23.040053], [72.574402, 23.040018]]}, "properties": {"feature_type": "edge", "u": 132, "v": 137, "edge_key": 0, "length_m": 25.696, "is_bridged": false, "is_bridge": false, "edge_betweenness": 0.0, "width_m": 9.066}}, {"type": "Feature", "geometry": {"type": "LineString", "coordinates": [[72.574207, 23.040015], [72.574246, 23.039979], [72.574363, 23.039981], [72.574402, 23.040018]]}, "properties": {"feature_type": "edge", "u": 132, "v": 137, "edge_key": 1, "length_m": 23.314, "is_bridged": false, "is_bridge": false, "edge_betweenness": 0.0, "width_m": 9.539}}, {"type": "Feature", "geometry": {"type": "LineString", "coordinates": [[72.574207, 23.040015], [72.574168, 23.039996], [72.574051, 23.039994], [72.574031, 23.040012]]}, "properties": {"feature_type": "edge", "u": 132, "v": 136, "edge_key": 0, "length_m": 19.301, "is_bridged": false, "is_bridge": false, "edge_betweenness": 0.0, "width_m": 8.759}}, {"type": "Feature", "geometry": {"type": "LineString", "coordinates": [[72.561529, 23.03982], [72.561763, 23.039805], [72.561783, 23.039788], [72.561959, 23.03979], [72.561979, 23.039773], [72.562369, 23.03976], [72.562389, 23.039743], [72.562642, 23.039747]]}, "properties": {"feature_type": "edge", "u": 133, "v": 148, "edge_key": 0, "length_m": 118.142, "is_bridged": false, "is_bridge": false, "edge_betweenness": 0.0, "width_m": 8.203}}, {"type": "Feature", "geometry": {"type": "LineString", "coordinates": [[72.565703, 23.039884], [72.565684, 23.039866], [72.565606, 23.039865]]}, "properties": {"feature_type": "edge", "u": 134, "v": 138, "edge_key": 0, "length_m": 10.828, "is_bridged": false, "is_bridge": false, "edge_betweenness": 0.0, "width_m": 8.567}}, {"type": "Feature", "geometry": {"type": "LineString", "coordinates": [[72.573836, 23.040027], [72.573855, 23.040009], [72.574031, 23.040012]]}, "properties": {"feature_type": "edge", "u": 135, "v": 136, "edge_key": 0, "length_m": 20.828, "is_bridged": false, "is_bridge": false, "edge_betweenness": 0.0, "width_m": 8.283}}, {"type": "Feature", "geometry": {"type": "LineString", "coordinates": [[72.574402, 23.040018], [72.574459, 23.040055], [72.574558, 23.040002]]}, "properties": {"feature_type": "edge", "u": 137, "v": 142, "edge_key": 0, "length_m": 20.142, "is_bridged": false, "is_bridge": false, "edge_betweenness": 0.0, "width_m": 10.199}}, {"type": "Feature", "geometry": {"type": "LineString", "coordinates": [[72.574402, 23.040018], [72.574442, 23.039964], [72.57452, 23.039965], [72.574558, 23.040002]]}, "properties": {"feature_type": "edge", "u": 137, "v": 142, "edge_key": 1, "length_m": 20.957, "is_bridged": false, "is_bridge": false, "edge_betweenness": 0.0, "width_m": 10.605}}, {"type": "Feature", "geometry": {"type": "LineString", "coordinates": [[72.565606, 23.039865], [72.565586, 23.039846], [72.565489, 23.039845]]}, "properties": {"feature_type": "edge", "u": 138, "v": 141, "edge_key": 0, "length_m": 12.828, "is_bridged": false, "is_bridge": false, "edge_betweenness": 0.0, "width_m": 8.472}}, {"type": "Feature", "geometry": {"type": "LineString", "coordinates": [[72.562661, 23.039819], [72.562856, 23.039822], [72.562954, 23.039788], [72.56311, 23.039772]]}, "properties": {"feature_type": "edge", "u": 139, "v": 145, "edge_key": 0, "length_m": 48.129, "is_bridged": false, "is_bridge": false, "edge_betweenness": 0.0, "width_m": 8.523}}, {"type": "Feature", "geometry": {"type": "LineString", "coordinates": [[72.562661, 23.039819], [72.562642, 23.039747]]}, "properties": {"feature_type": "edge", "u": 139, "v": 148, "edge_key": 0, "length_m": 8.828, "is_bridged": false, "is_bridge": false, "edge_betweenness": 0.0, "width_m": 9.893}}, {"type": "Feature", "geometry": {"type": "LineString", "coordinates": [[72.563929, 23.039821], [72.56389, 23.039784], [72.563851, 23.039783]]}, "properties": {"feature_type": "edge", "u": 140, "v": 149, "edge_key": 0, "length_m": 9.657, "is_bridged": false, "is_bridge": false, "edge_betweenness": 0.0, "width_m": 6.236}}, {"type": "Feature", "geometry": {"type": "LineString", "coordinates": [[72.563929, 23.039821], [72.564067, 23.039714], [72.564145, 23.039698], [72.564186, 23.039626]]}, "properties": {"feature_type": "edge", "u": 140, "v": 158, "edge_key": 0, "length_m": 36.743, "is_bridged": false, "is_bridge": false, "edge_betweenness": 0.0, "width_m": 9.885}}, {"type": "Feature", "geometry": {"type": "LineString", "coordinates": [[72.574558, 23.040002], [72.574636, 23.040003]]}, "properties": {"feature_type": "edge", "u": 142, "v": 143, "edge_key": 0, "length_m": 8.0, "is_bridged": false, "is_bridge": true, "edge_betweenness": 0.0, "width_m": 12.576}}, {"type": "Feature", "geometry": {"type": "LineString", "coordinates": [[72.574636, 23.040003], [72.574656, 23.039968]]}, "properties": {"feature_type": "edge", "u": 143, "v": 847, "edge_key": 0, "length_m": 4.472, "is_bridged": false, "is_bridge": false, "edge_betweenness": 0.0, "width_m": 5.105}}, {"type": "Feature", "geometry": {"type": "LineString", "coordinates": [[72.574656, 23.039968], [72.574636, 23.040003]]}, "properties": {"feature_type": "edge", "u": 143, "v": 847, "edge_key": 1, "length_m": 4.472, "is_bridged": false, "is_bridge": false, "edge_betweenness": 0.0, "width_m": 5.105}}, {"type": "Feature", "geometry": {"type": "LineString", "coordinates": [[72.569195, 23.039884], [72.569312, 23.039885]]}, "properties": {"feature_type": "edge", "u": 144, "v": 146, "edge_key": 0, "length_m": 12.0, "is_bridged": false, "is_bridge": false, "edge_betweenness": 0.0, "width_m": 8.052}}, {"type": "Feature", "geometry": {"type": "LineString", "coordinates": [[72.569195, 23.039884], [72.569178, 23.039739]]}, "properties": {"feature_type": "edge", "u": 144, "v": 154, "edge_key": 0, "length_m": 16.828, "is_bridged": false, "is_bridge": false, "edge_betweenness": 0.0, "width_m": 16.0}}, {"type": "Feature", "geometry": {"type": "LineString", "coordinates": [[72.56311, 23.039772], [72.563287, 23.039702]]}, "properties": {"feature_type": "edge", "u": 145, "v": 151, "edge_key": 0, "length_m": 21.314, "is_bridged": false, "is_bridge": false, "edge_betweenness": 0.0, "width_m": 8.872}}, {"type": "Feature", "geometry": {"type": "LineString", "coordinates": [[72.569312, 23.039885], [72.569313, 23.039813], [72.569333, 23.039795]]}, "properties": {"feature_type": "edge", "u": 146, "v": 152, "edge_key": 0, "length_m": 10.828, "is_bridged": false, "is_bridge": false, "edge_betweenness": 0.0, "width_m": 8.331}}, {"type": "Feature", "geometry": {"type": "LineString", "coordinates": [[72.562642, 23.039747], [72.56276, 23.039712], [72.562975, 23.039698], [72.563191, 23.039629], [72.563269, 23.03963]]}, "properties": {"feature_type": "edge", "u": 148, "v": 155, "edge_key": 0, "length_m": 69.443, "is_bridged": false, "is_bridge": false, "edge_betweenness": 0.0, "width_m": 8.275}}, {"type": "Feature", "geometry": {"type": "LineString", "coordinates": [[72.562642, 23.039747], [72.562644, 23.039656], [72.562241, 23.039307], [72.562163, 23.039288]]}, "properties": {"feature_type": "edge", "u": 148, "v": 172, "edge_key": 0, "length_m": 76.212, "is_bridged": false, "is_bridge": false, "edge_betweenness": 0.0, "width_m": 9.24}}, {"type": "Feature", "geometry": {"type": "LineString", "coordinates": [[72.563851, 23.039783], [72.563933, 23.039568]]}, "properties": {"feature_type": "edge", "u": 149, "v": 160, "edge_key": 0, "length_m": 27.314, "is_bridged": false, "is_bridge": false, "edge_betweenness": 0.0, "width_m": 8.781}}, {"type": "Feature", "geometry": {"type": "LineString", "coordinates": [[72.569392, 23.039796], [72.569333, 23.039795]]}, "properties": {"feature_type": "edge", "u": 150, "v": 152, "edge_key": 0, "length_m": 6.0, "is_bridged": false, "is_bridge": false, "edge_betweenness": 0.0, "width_m": 12.0}}, {"type": "Feature", "geometry": {"type": "LineString", "coordinates": [[72.569392, 23.039796], [72.569393, 23.039706], [72.569317, 23.039597]]}, "properties": {"feature_type": "edge", "u": 150, "v": 161, "edge_key": 0, "length_m": 24.601, "is_bridged": false, "is_bridge": false, "edge_betweenness": 0.0, "width_m": 8.854}}, {"type": "Feature", "geometry": {"type": "LineString", "coordinates": [[72.563287, 23.039702], [72.563503, 23.039634], [72.563659, 23.039618]]}, "properties": {"feature_type": "edge", "u": 151, "v": 157, "edge_key": 0, "length_m": 42.142, "is_bridged": false, "is_bridge": false, "edge_betweenness": 0.0, "width_m": 9.309}}, {"type": "Feature", "geometry": {"type": "LineString", "coordinates": [[72.563287, 23.039702], [72.563269, 23.03963]]}, "properties": {"feature_type": "edge", "u": 151, "v": 155, "edge_key": 0, "length_m": 8.472, "is_bridged": false, "is_bridge": false, "edge_betweenness": 0.0, "width_m": 6.2}}, {"type": "Feature", "geometry": {"type": "LineString", "coordinates": [[72.569333, 23.039795], [72.569295, 23.039741]]}, "properties": {"feature_type": "edge", "u": 152, "v": 156, "edge_key": 0, "length_m": 7.657, "is_bridged": false, "is_bridge": false, "edge_betweenness": 0.0, "width_m": 9.472}}, {"type": "Feature", "geometry": {"type": "LineString", "coordinates": [[72.563736, 23.039673], [72.563678, 23.039654], [72.563659, 23.039618]]}, "properties": {"feature_type": "edge", "u": 153, "v": 157, "edge_key": 0, "length_m": 10.944, "is_bridged": false, "is_bridge": false, "edge_betweenness": 0.0, "width_m": 10.472}}, {"type": "Feature", "geometry": {"type": "LineString", "coordinates": [[72.563736, 23.039673], [72.563776, 23.039656], [72.563778, 23.039547]]}, "properties": {"feature_type": "edge", "u": 153, "v": 159, "edge_key": 0, "length_m": 16.472, "is_bridged": false, "is_bridge": false, "edge_betweenness": 0.0, "width_m": 9.759}}, {"type": "Feature", "geometry": {"type": "LineString", "coordinates": [[72.569178, 23.039739], [72.569295, 23.039741]]}, "properties": {"feature_type": "edge", "u": 154, "v": 156, "edge_key": 0, "length_m": 12.0, "is_bridged": false, "is_bridge": false, "edge_betweenness": 0.0, "width_m": 8.709}}, {"type": "Feature", "geometry": {"type": "LineString", "coordinates": [[72.569178, 23.039739], [72.569161, 23.039612]]}, "properties": {"feature_type": "edge", "u": 154, "v": 163, "edge_key": 0, "length_m": 14.472, "is_bridged": false, "is_bridge": false, "edge_betweenness": 0.0, "width_m": 16.0}}, {"type": "Feature", "geometry": {"type": "LineString", "coordinates": [[72.563269, 23.03963], [72.563289, 23.039594], [72.563328, 23.039595], [72.563564, 23.03949], [72.563683, 23.039384]]}, "properties": {"feature_type": "edge", "u": 155, "v": 169, "edge_key": 0, "length_m": 54.413, "is_bridged": false, "is_bridge": false, "edge_betweenness": 0.0, "width_m": 8.485}}, {"type": "Feature", "geometry": {"type": "LineString", "coordinates": [[72.569295, 23.039741], [72.569317, 23.039597]]}, "properties": {"feature_type": "edge", "u": 156, "v": 161, "edge_key": 0, "length_m": 16.828, "is_bridged": false, "is_bridge": false, "edge_betweenness": 0.0, "width_m": 8.189}}, {"type": "Feature", "geometry": {"type": "LineString", "coordinates": [[72.563659, 23.039618], [72.56368, 23.039564], [72.563778, 23.039547]]}, "properties": {"feature_type": "edge", "u": 157, "v": 159, "edge_key": 0, "length_m": 17.301, "is_bridged": false, "is_bridge": false, "edge_betweenness": 0.0, "width_m": 10.232}}, {"type": "Feature", "geometry": {"type": "LineString", "coordinates": [[72.564186, 23.039626], [72.564167, 23.03959], [72.56407, 23.039552], [72.563992, 23.039551]]}, "properties": {"feature_type": "edge", "u": 158, "v": 162, "edge_key": 0, "length_m": 24.129, "is_bridged": false, "is_bridge": false, "edge_betweenness": 0.0, "width_m": 16.325}}, {"type": "Feature", "geometry": {"type": "LineString", "coordinates": [[72.563778, 23.039547], [72.563799, 23.039458]]}, "properties": {"feature_type": "edge", "u": 159, "v": 165, "edge_key": 0, "length_m": 10.472, "is_bridged": false, "is_bridge": false, "edge_betweenness": 0.0, "width_m": 16.991}}, {"type": "Feature", "geometry": {"type": "LineString", "coordinates": [[72.563933, 23.039568], [72.563992, 23.039551]]}, "properties": {"feature_type": "edge", "u": 160, "v": 162, "edge_key": 0, "length_m": 6.828, "is_bridged": false, "is_bridge": false, "edge_betweenness": 0.0, "width_m": 13.325}}, {"type": "Feature", "geometry": {"type": "LineString", "coordinates": [[72.563933, 23.039568], [72.563799, 23.039458]]}, "properties": {"feature_type": "edge", "u": 160, "v": 165, "edge_key": 0, "length_m": 18.971, "is_bridged": false, "is_bridge": false, "edge_betweenness": 0.0, "width_m": 11.913}}, {"type": "Feature", "geometry": {"type": "LineString", "coordinates": [[72.569317, 23.039597], [72.569161, 23.039612]]}, "properties": {"feature_type": "edge", "u": 161, "v": 163, "edge_key": 0, "length_m": 16.472, "is_bridged": false, "is_bridge": false, "edge_betweenness": 0.0, "width_m": 9.315}}, {"type": "Feature", "geometry": {"type": "LineString", "coordinates": [[72.569317, 23.039597], [72.569356, 23.039597]]}, "properties": {"feature_type": "edge", "u": 161, "v": 848, "edge_key": 0, "length_m": 4.0, "is_bridged": false, "is_bridge": false, "edge_betweenness": 0.0, "width_m": 4.0}}, {"type": "Feature", "geometry": {"type": "LineString", "coordinates": [[72.569356, 23.039597], [72.569317, 23.039597]]}, "properties": {"feature_type": "edge", "u": 161, "v": 848, "edge_key": 1, "length_m": 4.0, "is_bridged": false, "is_bridge": false, "edge_betweenness": 0.0, "width_m": 4.0}}, {"type": "Feature", "geometry": {"type": "LineString", "coordinates": [[72.569317, 23.039597], [72.5693, 23.03947]]}, "properties": {"feature_type": "edge", "u": 161, "v": 168, "edge_key": 0, "length_m": 14.325, "is_bridged": false, "is_bridge": false, "edge_betweenness": 0.0, "width_m": 8.162}}, {"type": "Feature", "geometry": {"type": "LineString", "coordinates": [[72.563992, 23.039551], [72.563974, 23.03946]]}, "properties": {"feature_type": "edge", "u": 162, "v": 166, "edge_key": 0, "length_m": 10.472, "is_bridged": false, "is_bridge": false, "edge_betweenness": 0.0, "width_m": 13.189}}, {"type": "Feature", "geometry": {"type": "LineString", "coordinates": [[72.569161, 23.039612], [72.569144, 23.03945]]}, "properties": {"feature_type": "edge", "u": 163, "v": 170, "edge_key": 0, "length_m": 18.828, "is_bridged": false, "is_bridge": false, "edge_betweenness": 0.0, "width_m": 16.0}}, {"type": "Feature", "geometry": {"type": "LineString", "coordinates": [[72.559547, 23.03941], [72.559527, 23.039392], [72.559529, 23.039283], [72.559493, 23.039156], [72.559479, 23.038849]]}, "properties": {"feature_type": "edge", "u": 164, "v": 193, "edge_key": 0, "length_m": 65.314, "is_bridged": false, "is_bridge": false, "edge_betweenness": 0.0, "width_m": 8.259}}, {"type": "Feature", "geometry": {"type": "LineString", "coordinates": [[72.559547, 23.03941], [72.55982, 23.039414], [72.559839, 23.039396], [72.560112, 23.039401], [72.560132, 23.039383], [72.560405, 23.039387], [72.560425, 23.039369], [72.560698, 23.039374], [72.560718, 23.039356], [72.560991, 23.03936], [72.561011, 23.039342], [72.561889, 23.03932], [72.561909, 23.039302], [72.562143, 23.039306], [72.562163, 23.039288]]}, "properties": {"feature_type": "edge", "u": 164, "v": 172, "edge_key": 0, "length_m": 275.456, "is_bridged": false, "is_bridge": false, "edge_betweenness": 0.0, "width_m": 8.132}}, {"type": "Feature", "geometry": {"type": "LineString", "coordinates": [[72.563799, 23.039458], [72.563683, 23.039384]]}, "properties": {"feature_type": "edge", "u": 165, "v": 169, "edge_key": 0, "length_m": 14.957, "is_bridged": false, "is_bridge": false, "edge_betweenness": 0.0, "width_m": 12.849}}, {"type": "Feature", "geometry": {"type": "LineString", "coordinates": [[72.563799, 23.039458], [72.563896, 23.039441]]}, "properties": {"feature_type": "edge", "u": 165, "v": 167, "edge_key": 0, "length_m": 10.472, "is_bridged": false, "is_bridge": false, "edge_betweenness": 0.0, "width_m": 15.991}}, {"type": "Feature", "geometry": {"type": "LineString", "coordinates": [[72.563974, 23.03946], [72.563896, 23.039441]]}, "properties": {"feature_type": "edge", "u": 166, "v": 167, "edge_key": 0, "length_m": 8.828, "is_bridged": false, "is_bridge": false, "edge_betweenness": 0.0, "width_m": 10.398}}, {"type": "Feature", "geometry": {"type": "LineString", "coordinates": [[72.563974, 23.03946], [72.564034, 23.039389], [72.564016, 23.039316]]}, "properties": {"feature_type": "edge", "u": 166, "v": 171, "edge_key": 0, "length_m": 18.731, "is_bridged": false, "is_bridge": false, "edge_betweenness": 0.0, "width_m": 9.133}}, {"type": "Feature", "geometry": {"type": "LineString", "coordinates": [[72.563896, 23.039441], [72.563897, 23.039387], [72.563957, 23.039334], [72.564016, 23.039316]]}, "properties": {"feature_type": "edge", "u": 167, "v": 171, "edge_key": 0, "length_m": 20.81, "is_bridged": false, "is_bridge": false, "edge_betweenness": 0.0, "width_m": 9.013}}, {"type": "Feature", "geometry": {"type": "LineString", "coordinates": [[72.5693, 23.03947], [72.569339, 23.039471]]}, "properties": {"feature_type": "edge", "u": 168, "v": 849, "edge_key": 0, "length_m": 4.0, "is_bridged": false, "is_bridge": false, "edge_betweenness": 0.0, "width_m": 4.0}}, {"type": "Feature", "geometry": {"type": "LineString", "coordinates": [[72.569339, 23.039471], [72.5693, 23.03947]]}, "properties": {"feature_type": "edge", "u": 168, "v": 849, "edge_key": 1, "length_m": 4.0, "is_bridged": false, "is_bridge": false, "edge_betweenness": 0.0, "width_m": 4.0}}, {"type": "Feature", "geometry": {"type": "LineString", "coordinates": [[72.5693, 23.03947], [72.569144, 23.03945]]}, "properties": {"feature_type": "edge", "u": 168, "v": 170, "edge_key": 0, "length_m": 16.472, "is_bridged": false, "is_bridge": false, "edge_betweenness": 0.0, "width_m": 9.788}}, {"type": "Feature", "geometry": {"type": "LineString", "coordinates": [[72.5693, 23.03947], [72.569283, 23.039343]]}, "properties": {"feature_type": "edge", "u": 168, "v": 173, "edge_key": 0, "length_m": 14.325, "is_bridged": false, "is_bridge": false, "edge_betweenness": 0.0, "width_m": 8.162}}, {"type": "Feature", "geometry": {"type": "LineString", "coordinates": [[72.563683, 23.039384], [72.563296, 23.039179], [72.563046, 23.038995], [72.562951, 23.038885]]}, "properties": {"feature_type": "edge", "u": 169, "v": 196, "edge_key": 0, "length_m": 99.035, "is_bridged": false, "is_bridge": false, "edge_betweenness": 0.0, "width_m": 16.202}}, {"type": "Feature", "geometry": {"type": "LineString", "coordinates": [[72.569144, 23.03945], [72.569127, 23.039323]]}, "properties": {"feature_type": "edge", "u": 170, "v": 175, "edge_key": 0, "length_m": 14.828, "is_bridged": false, "is_bridge": false, "edge_betweenness": 0.0, "width_m": 16.0}}, {"type": "Feature", "geometry": {"type": "LineString", "coordinates": [[72.564016, 23.039316], [72.564235, 23.039067]]}, "properties": {"feature_type": "edge", "u": 171, "v": 176, "edge_key": 0, "length_m": 36.096, "is_bridged": false, "is_bridge": false, "edge_betweenness": 0.0, "width_m": 10.686}}, {"type": "Feature", "geometry": {"type": "LineString", "coordinates": [[72.562163, 23.039288], [72.562144, 23.039233], [72.561799, 23.038921], [72.561722, 23.03883], [72.561704, 23.038757]]}, "properties": {"feature_type": "edge", "u": 172, "v": 204, "edge_key": 0, "length_m": 78.698, "is_bridged": false, "is_bridge": false, "edge_betweenness": 0.0, "width_m": 9.426}}, {"type": "Feature", "geometry": {"type": "LineString", "coordinates": [[72.569283, 23.039343], [72.569322, 23.039344]]}, "properties": {"feature_type": "edge", "u": 173, "v": 850, "edge_key": 0, "length_m": 4.0, "is_bridged": false, "is_bridge": false, "edge_betweenness": 0.0, "width_m": 4.0}}, {"type": "Feature", "geometry": {"type": "LineString", "coordinates": [[72.569322, 23.039344], [72.569283, 23.039343]]}, "properties": {"feature_type": "edge", "u": 173, "v": 850, "edge_key": 1, "length_m": 4.0, "is_bridged": false, "is_bridge": false, "edge_betweenness": 0.0, "width_m": 4.0}}, {"type": "Feature", "geometry": {"type": "LineString", "coordinates": [[72.569283, 23.039343], [72.569127, 23.039323]]}, "properties": {"feature_type": "edge", "u": 173, "v": 175, "edge_key": 0, "length_m": 16.472, "is_bridged": false, "is_bridge": false, "edge_betweenness": 0.0, "width_m": 9.788}}, {"type": "Feature", "geometry": {"type": "LineString", "coordinates": [[72.569283, 23.039343], [72.569266, 23.039217]]}, "properties": {"feature_type": "edge", "u": 173, "v": 177, "edge_key": 0, "length_m": 14.325, "is_bridged": false, "is_bridge": false, "edge_betweenness": 0.0, "width_m": 8.162}}, {"type": "Feature", "geometry": {"type": "LineString", "coordinates": [[72.55524, 23.039145], [72.555241, 23.039091], [72.55536, 23.038984], [72.555575, 23.038933]]}, "properties": {"feature_type": "edge", "u": 174, "v": 179, "edge_key": 0, "length_m": 47.1, "is_bridged": false, "is_bridge": true, "edge_betweenness": 0.0, "width_m": 8.756}}, {"type": "Feature", "geometry": {"type": "LineString", "coordinates": [[72.569127, 23.039323], [72.56911, 23.039196]]}, "properties": {"feature_type": "edge", "u": 175, "v": 178, "edge_key": 0, "length_m": 14.472, "is_bridged": false, "is_bridge": false, "edge_betweenness": 0.0, "width_m": 16.082}}, {"type": "Feature", "geometry": {"type": "LineString", "coordinates": [[72.564235, 23.039067], [72.564373, 23.038997], [72.564968, 23.038464], [72.565028, 23.038357]]}, "properties": {"feature_type": "edge", "u": 176, "v": 222, "edge_key": 0, "length_m": 114.394, "is_bridged": false, "is_bridge": false, "edge_betweenness": 0.0, "width_m": 8.745}}, {"type": "Feature", "geometry": {"type": "LineString", "coordinates": [[72.564235, 23.039067], [72.564296, 23.038942], [72.564455, 23.038782], [72.56491, 23.038391], [72.565028, 23.038357]]}, "properties": {"feature_type": "edge", "u": 176, "v": 222, "edge_key": 1, "length_m": 116.733, "is_bridged": false, "is_bridge": false, "edge_betweenness": 0.0, "width_m": 8.96}}, {"type": "Feature", "geometry": {"type": "LineString", "coordinates": [[72.569266, 23.039217], [72.569305, 23.039217]]}, "properties": {"feature_type": "edge", "u": 177, "v": 851, "edge_key": 0, "length_m": 4.0, "is_bridged": false, "is_bridge": false, "edge_betweenness": 0.0, "width_m": 4.0}}, {"type": "Feature", "geometry": {"type": "LineString", "coordinates": [[72.569305, 23.039217], [72.569266, 23.039217]]}, "properties": {"feature_type": "edge", "u": 177, "v": 851, "edge_key": 1, "length_m": 4.0, "is_bridged": false, "is_bridge": false, "edge_betweenness": 0.0, "width_m": 4.0}}, {"type": "Feature", "geometry": {"type": "LineString", "coordinates": [[72.569266, 23.039217], [72.56911, 23.039196]]}, "properties": {"feature_type": "edge", "u": 177, "v": 178, "edge_key": 0, "length_m": 16.472, "is_bridged": false, "is_bridge": false, "edge_betweenness": 0.0, "width_m": 9.788}}, {"type": "Feature", "geometry": {"type": "LineString", "coordinates": [[72.569266, 23.039217], [72.569268, 23.03909], [72.569249, 23.039072]]}, "properties": {"feature_type": "edge", "u": 177, "v": 186, "edge_key": 0, "length_m": 16.828, "is_bridged": false, "is_bridge": false, "edge_betweenness": 0.0, "width_m": 14.086}}, {"type": "Feature", "geometry": {"type": "LineString", "coordinates": [[72.56911, 23.039196], [72.569093, 23.03907]]}, "properties": {"feature_type": "edge", "u": 178, "v": 184, "edge_key": 0, "length_m": 14.828, "is_bridged": false, "is_bridge": false, "edge_betweenness": 0.0, "width_m": 16.082}}, {"type": "Feature", "geometry": {"type": "LineString", "coordinates": [[72.555575, 23.038933], [72.555673, 23.038935], [72.555693, 23.038917]]}, "properties": {"feature_type": "edge", "u": 179, "v": 180, "edge_key": 0, "length_m": 12.828, "is_bridged": false, "is_bridge": false, "edge_betweenness": 0.0, "width_m": 8.315}}, {"type": "Feature", "geometry": {"type": "LineString", "coordinates": [[72.555575, 23.038933], [72.555557, 23.038861]]}, "properties": {"feature_type": "edge", "u": 179, "v": 182, "edge_key": 0, "length_m": 8.472, "is_bridged": false, "is_bridge": false, "edge_betweenness": 0.0, "width_m": 6.2}}, {"type": "Feature", "geometry": {"type": "LineString", "coordinates": [[72.555693, 23.038917], [72.555771, 23.038918], [72.55579, 23.038901]]}, "properties": {"feature_type": "edge", "u": 180, "v": 181, "edge_key": 0, "length_m": 10.828, "is_bridged": false, "is_bridge": false, "edge_betweenness": 0.0, "width_m": 8.378}}, {"type": "Feature", "geometry": {"type": "LineString", "coordinates": [[72.555693, 23.038917], [72.555674, 23.038845]]}, "properties": {"feature_type": "edge", "u": 180, "v": 185, "edge_key": 0, "length_m": 8.472, "is_bridged": false, "is_bridge": false, "edge_betweenness": 0.0, "width_m": 6.2}}, {"type": "Feature", "geometry": {"type": "LineString", "coordinates": [[72.55579, 23.038901], [72.555888, 23.038884]]}, "properties": {"feature_type": "edge", "u": 181, "v": 183, "edge_key": 0, "length_m": 10.472, "is_bridged": false, "is_bridge": false, "edge_betweenness": 0.0, "width_m": 8.472}}, {"type": "Feature", "geometry": {"type": "LineString", "coordinates": [[72.55579, 23.038901], [72.555772, 23.038828]]}, "properties": {"feature_type": "edge", "u": 181, "v": 188, "edge_key": 0, "length_m": 8.472, "is_bridged": false, "is_bridge": false, "edge_betweenness": 0.0, "width_m": 6.2}}, {"type": "Feature", "geometry": {"type": "LineString", "coordinates": [[72.555557, 23.038861], [72.555265, 23.038856], [72.555206, 23.038837]]}, "properties": {"feature_type": "edge", "u": 182, "v": 187, "edge_key": 0, "length_m": 36.828, "is_bridged": false, "is_bridge": true, "edge_betweenness": 0.0, "width_m": 7.648}}, {"type": "Feature", "geometry": {"type": "LineString", "coordinates": [[72.555557, 23.038861], [72.555577, 23.038843], [72.555674, 23.038845]]}, "properties": {"feature_type": "edge", "u": 182, "v": 185, "edge_key": 0, "length_m": 12.828, "is_bridged": false, "is_bridge": false, "edge_betweenness": 0.0, "width_m": 7.219}}, {"type": "Feature", "geometry": {"type": "LineString", "coordinates": [[72.555888, 23.038884], [72.556065, 23.038851]]}, "properties": {"feature_type": "edge", "u": 183, "v": 189, "edge_key": 0, "length_m": 19.301, "is_bridged": false, "is_bridge": false, "edge_betweenness": 0.0, "width_m": 8.354}}, {"type": "Feature", "geometry": {"type": "LineString", "coordinates": [[72.555888, 23.038884], [72.55587, 23.038812]]}, "properties": {"feature_type": "edge", "u": 183, "v": 190, "edge_key": 0, "length_m": 8.472, "is_bridged": false, "is_bridge": false, "edge_betweenness": 0.0, "width_m": 6.2}}, {"type": "Feature", "geometry": {"type": "LineString", "coordinates": [[72.569093, 23.03907], [72.569249, 23.039072]]}, "properties": {"feature_type": "edge", "u": 184, "v": 186, "edge_key": 0, "length_m": 16.0, "is_bridged": false, "is_bridge": false, "edge_betweenness": 0.0, "width_m": 11.711}}, {"type": "Feature", "geometry": {"type": "LineString", "coordinates": [[72.569093, 23.03907], [72.569075, 23.038943]]}, "properties": {"feature_type": "edge", "u": 184, "v": 198, "edge_key": 0, "length_m": 14.828, "is_bridged": false, "is_bridge": false, "edge_betweenness": 0.0, "width_m": 16.397}}, {"type": "Feature", "geometry": {"type": "LineString", "coordinates": [[72.555674, 23.038845], [72.555694, 23.038827], [72.555772, 23.038828]]}, "properties": {"feature_type": "edge", "u": 185, "v": 188, "edge_key": 0, "length_m": 10.828, "is_bridged": false, "is_bridge": false, "edge_betweenness": 0.0, "width_m": 7.063}}, {"type": "Feature", "geometry": {"type": "LineString", "coordinates": [[72.569249, 23.039072], [72.569251, 23.038964], [72.569231, 23.038945]]}, "properties": {"feature_type": "edge", "u": 186, "v": 200, "edge_key": 0, "length_m": 14.828, "is_bridged": false, "is_bridge": false, "edge_betweenness": 0.0, "width_m": 16.418}}, {"type": "Feature", "geometry": {"type": "LineString", "coordinates": [[72.555772, 23.038828], [72.555792, 23.03881], [72.55587, 23.038812]]}, "properties": {"feature_type": "edge", "u": 188, "v": 190, "edge_key": 0, "length_m": 10.828, "is_bridged": false, "is_bridge": false, "edge_betweenness": 0.0, "width_m": 7.063}}, {"type": "Feature", "geometry": {"type": "LineString", "coordinates": [[72.556065, 23.038851], [72.556143, 23.038834]]}, "properties": {"feature_type": "edge", "u": 189, "v": 191, "edge_key": 0, "length_m": 8.828, "is_bridged": false, "is_bridge": false, "edge_betweenness": 0.0, "width_m": 8.472}}, {"type": "Feature", "geometry": {"type": "LineString", "coordinates": [[72.556065, 23.038851], [72.556046, 23.038778]]}, "properties": {"feature_type": "edge", "u": 189, "v": 194, "edge_key": 0, "length_m": 8.472, "is_bridged": false, "is_bridge": false, "edge_betweenness": 0.0, "width_m": 6.2}}, {"type": "Feature", "geometry": {"type": "LineString", "coordinates": [[72.55587, 23.038812], [72.555929, 23.038776], [72.556046, 23.038778]]}, "properties": {"feature_type": "edge", "u": 190, "v": 194, "edge_key": 0, "length_m": 19.657, "is_bridged": false, "is_bridge": false, "edge_betweenness": 0.0, "width_m": 7.584}}, {"type": "Feature", "geometry": {"type": "LineString", "coordinates": [[72.556143, 23.038834], [72.556221, 23.038817]]}, "properties": {"feature_type": "edge", "u": 191, "v": 192, "edge_key": 0, "length_m": 8.828, "is_bridged": false, "is_bridge": false, "edge_betweenness": 0.0, "width_m": 8.472}}, {"type": "Feature", "geometry": {"type": "LineString", "coordinates": [[72.556143, 23.038834], [72.556125, 23.038761]]}, "properties": {"feature_type": "edge", "u": 191, "v": 195, "edge_key": 0, "length_m": 8.472, "is_bridged": false, "is_bridge": false, "edge_betweenness": 0.0, "width_m": 6.2}}, {"type": "Feature", "geometry": {"type": "LineString", "coordinates": [[72.556221, 23.038817], [72.556417, 23.038784], [72.556457, 23.03873]]}, "properties": {"feature_type": "edge", "u": 192, "v": 199, "edge_key": 0, "length_m": 28.957, "is_bridged": false, "is_bridge": false, "edge_betweenness": 0.0, "width_m": 7.903}}, {"type": "Feature", "geometry": {"type": "LineString", "coordinates": [[72.556221, 23.038817], [72.556203, 23.038744]]}, "properties": {"feature_type": "edge", "u": 192, "v": 197, "edge_key": 0, "length_m": 8.472, "is_bridged": false, "is_bridge": false, "edge_betweenness": 0.0, "width_m": 6.2}}, {"type": "Feature", "geometry": {"type": "LineString", "coordinates": [[72.559479, 23.038849], [72.560747, 23.038815], [72.560767, 23.038797], [72.561079, 23.038802], [72.561099, 23.038784], [72.561431, 23.038789], [72.56145, 23.038771], [72.561606, 23.038774], [72.561626, 23.038756]]}, "properties": {"feature_type": "edge", "u": 193, "v": 206, "edge_key": 0, "length_m": 225.799, "is_bridged": false, "is_bridge": false, "edge_betweenness": 0.0, "width_m": 8.114}}, {"type": "Feature", "geometry": {"type": "LineString", "coordinates": [[72.559479, 23.038849], [72.55946, 23.038813], [72.559463, 23.038632], [72.559444, 23.038614], [72.559446, 23.03847], [72.559427, 23.038451], [72.559411, 23.038252]]}, "properties": {"feature_type": "edge", "u": 193, "v": 228, "edge_key": 0, "length_m": 68.957, "is_bridged": false, "is_bridge": false, "edge_betweenness": 0.0, "width_m": 8.222}}, {"type": "Feature", "geometry": {"type": "LineString", "coordinates": [[72.556046, 23.038778], [72.556125, 23.038761]]}, "properties": {"feature_type": "edge", "u": 194, "v": 195, "edge_key": 0, "length_m": 8.828, "is_bridged": false, "is_bridge": false, "edge_betweenness": 0.0, "width_m": 6.828}}, {"type": "Feature", "geometry": {"type": "LineString", "coordinates": [[72.556125, 23.038761], [72.556203, 23.038744]]}, "properties": {"feature_type": "edge", "u": 195, "v": 197, "edge_key": 0, "length_m": 8.828, "is_bridged": false, "is_bridge": false, "edge_betweenness": 0.0, "width_m": 6.828}}, {"type": "Feature", "geometry": {"type": "LineString", "coordinates": [[72.562951, 23.038885], [72.562815, 23.03881], [72.562451, 23.038462]]}, "properties": {"feature_type": "edge", "u": 196, "v": 219, "edge_key": 0, "length_m": 72.225, "is_bridged": false, "is_bridge": false, "edge_betweenness": 0.0, "width_m": 16.866}}, {"type": "Feature", "geometry": {"type": "LineString", "coordinates": [[72.562951, 23.038885], [72.56313, 23.038689], [72.563765, 23.038085], [72.563786, 23.038013]]}, "properties": {"feature_type": "edge", "u": 196, "v": 238, "edge_key": 0, "length_m": 132.794, "is_bridged": false, "is_bridge": false, "edge_betweenness": 0.0, "width_m": 9.548}}, {"type": "Feature", "geometry": {"type": "LineString", "coordinates": [[72.556203, 23.038744], [72.55634, 23.038692], [72.556399, 23.038693], [72.556457, 23.03873]]}, "properties": {"feature_type": "edge", "u": 197, "v": 199, "edge_key": 0, "length_m": 29.696, "is_bridged": false, "is_bridge": false, "edge_betweenness": 0.0, "width_m": 7.629}}, {"type": "Feature", "geometry": {"type": "LineString", "coordinates": [[72.569075, 23.038943], [72.569231, 23.038945]]}, "properties": {"feature_type": "edge", "u": 198, "v": 200, "edge_key": 0, "length_m": 16.0, "is_bridged": false, "is_bridge": false, "edge_betweenness": 0.0, "width_m": 11.911}}, {"type": "Feature", "geometry": {"type": "LineString", "coordinates": [[72.569075, 23.038943], [72.569058, 23.038834]]}, "properties": {"feature_type": "edge", "u": 198, "v": 207, "edge_key": 0, "length_m": 12.828, "is_bridged": false, "is_bridge": false, "edge_betweenness": 0.0, "width_m": 16.755}}, {"type": "Feature", "geometry": {"type": "LineString", "coordinates": [[72.556457, 23.03873], [72.556535, 23.03875], [72.556554, 23.038732]]}, "properties": {"feature_type": "edge", "u": 199, "v": 201, "edge_key": 0, "length_m": 11.075, "is_bridged": false, "is_bridge": false, "edge_betweenness": 0.0, "width_m": 6.981}}, {"type": "Feature", "geometry": {"type": "LineString", "coordinates": [[72.556457, 23.03873], [72.556496, 23.038713], [72.556497, 23.038677]]}, "properties": {"feature_type": "edge", "u": 199, "v": 202, "edge_key": 0, "length_m": 8.472, "is_bridged": false, "is_bridge": false, "edge_betweenness": 0.0, "width_m": 4.552}}, {"type": "Feature", "geometry": {"type": "LineString", "coordinates": [[72.556457, 23.03873], [72.556458, 23.038676], [72.556497, 23.038677]]}, "properties": {"feature_type": "edge", "u": 199, "v": 202, "edge_key": 1, "length_m": 10.0, "is_bridged": false, "is_bridge": false, "edge_betweenness": 0.0, "width_m": 5.886}}, {"type": "Feature", "geometry": {"type": "LineString", "coordinates": [[72.569231, 23.038945], [72.569233, 23.038855], [72.569214, 23.038837]]}, "properties": {"feature_type": "edge", "u": 200, "v": 208, "edge_key": 0, "length_m": 12.828, "is_bridged": false, "is_bridge": false, "edge_betweenness": 0.0, "width_m": 15.981}}, {"type": "Feature", "geometry": {"type": "LineString", "coordinates": [[72.556554, 23.038732], [72.556613, 23.038715], [72.556653, 23.038661]]}, "properties": {"feature_type": "edge", "u": 201, "v": 203, "edge_key": 0, "length_m": 13.683, "is_bridged": false, "is_bridge": false, "edge_betweenness": 0.0, "width_m": 7.472}}, {"type": "Feature", "geometry": {"type": "LineString", "coordinates": [[72.556554, 23.038732], [72.556556, 23.03866]]}, "properties": {"feature_type": "edge", "u": 201, "v": 205, "edge_key": 0, "length_m": 8.0, "is_bridged": false, "is_bridge": false, "edge_betweenness": 0.0, "width_m": 6.2}}, {"type": "Feature", "geometry": {"type": "LineString", "coordinates": [[72.556497, 23.038677], [72.556556, 23.03866]]}, "properties": {"feature_type": "edge", "u": 202, "v": 205, "edge_key": 0, "length_m": 6.828, "is_bridged": false, "is_bridge": false, "edge_betweenness": 0.0, "width_m": 6.438}}, {"type": "Feature", "geometry": {"type": "LineString", "coordinates": [[72.556653, 23.038661], [72.556576, 23.038642], [72.556556, 23.03866]]}, "properties": {"feature_type": "edge", "u": 203, "v": 205, "edge_key": 0, "length_m": 11.075, "is_bridged": false, "is_bridge": false, "edge_betweenness": 0.0, "width_m": 5.886}}, {"type": "Feature", "geometry": {"type": "LineString", "coordinates": [[72.556653, 23.038661], [72.55677, 23.038663], [72.55685, 23.038574]]}, "properties": {"feature_type": "edge", "u": 203, "v": 209, "edge_key": 0, "length_m": 24.828, "is_bridged": false, "is_bridge": false, "edge_betweenness": 0.0, "width_m": 6.452}}, {"type": "Feature", "geometry": {"type": "LineString", "coordinates": [[72.556653, 23.038661], [72.556752, 23.038572], [72.55685, 23.038574]]}, "properties": {"feature_type": "edge", "u": 203, "v": 209, "edge_key": 1, "length_m": 24.828, "is_bridged": false, "is_bridge": false, "edge_betweenness": 0.0, "width_m": 5.978}}, {"type": "Feature", "geometry": {"type": "LineString", "coordinates": [[72.561704, 23.038757], [72.561626, 23.038756]]}, "properties": {"feature_type": "edge", "u": 204, "v": 206, "edge_key": 0, "length_m": 8.0, "is_bridged": false, "is_bridge": false, "edge_betweenness": 0.0, "width_m": 11.236}}, {"type": "Feature", "geometry": {"type": "LineString", "coordinates": [[72.561704, 23.038757], [72.561784, 23.038686], [72.562197, 23.038476], [72.562316, 23.038387]]}, "properties": {"feature_type": "edge", "u": 204, "v": 225, "edge_key": 0, "length_m": 79.397, "is_bridged": false, "is_bridge": false, "edge_betweenness": 0.0, "width_m": 9.355}}, {"type": "Feature", "geometry": {"type": "LineString", "coordinates": [[72.561626, 23.038756], [72.561531, 23.03861], [72.56111, 23.038188], [72.561053, 23.038115], [72.561054, 23.038061]]}, "properties": {"feature_type": "edge", "u": 206, "v": 234, "edge_key": 0, "length_m": 100.853, "is_bridged": false, "is_bridge": false, "edge_betweenness": 0.0, "width_m": 9.312}}, {"type": "Feature", "geometry": {"type": "LineString", "coordinates": [[72.569058, 23.038834], [72.569214, 23.038837]]}, "properties": {"feature_type": "edge", "u": 207, "v": 208, "edge_key": 0, "length_m": 16.0, "is_bridged": false, "is_bridge": false, "edge_betweenness": 0.0, "width_m": 11.073}}, {"type": "Feature", "geometry": {"type": "LineString", "coordinates": [[72.569058, 23.038834], [72.569041, 23.038708]]}, "properties": {"feature_type": "edge", "u": 207, "v": 211, "edge_key": 0, "length_m": 14.828, "is_bridged": false, "is_bridge": false, "edge_betweenness": 0.0, "width_m": 16.397}}, {"type": "Feature", "geometry": {"type": "LineString", "coordinates": [[72.569214, 23.038837], [72.569216, 23.038728], [72.569197, 23.03871]]}, "properties": {"feature_type": "edge", "u": 208, "v": 212, "edge_key": 0, "length_m": 14.828, "is_bridged": false, "is_bridge": false, "edge_betweenness": 0.0, "width_m": 15.62}}, {"type": "Feature", "geometry": {"type": "LineString", "coordinates": [[72.55685, 23.038574], [72.556967, 23.038594], [72.557006, 23.038558]]}, "properties": {"feature_type": "edge", "u": 209, "v": 210, "edge_key": 0, "length_m": 17.903, "is_bridged": false, "is_bridge": false, "edge_betweenness": 0.0, "width_m": 7.139}}, {"type": "Feature", "geometry": {"type": "LineString", "coordinates": [[72.55685, 23.038574], [72.556889, 23.038575]]}, "properties": {"feature_type": "edge", "u": 209, "v": 852, "edge_key": 0, "length_m": 4.0, "is_bridged": false, "is_bridge": false, "edge_betweenness": 0.0, "width_m": 1.333}}, {"type": "Feature", "geometry": {"type": "LineString", "coordinates": [[72.556889, 23.038575], [72.55685, 23.038574]]}, "properties": {"feature_type": "edge", "u": 209, "v": 852, "edge_key": 1, "length_m": 4.0, "is_bridged": false, "is_bridge": false, "edge_betweenness": 0.0, "width_m": 1.333}}, {"type": "Feature", "geometry": {"type": "LineString", "coordinates": [[72.55685, 23.038574], [72.55689, 23.038502], [72.556988, 23.038486]]}, "properties": {"feature_type": "edge", "u": 209, "v": 213, "edge_key": 0, "length_m": 19.773, "is_bridged": false, "is_bridge": false, "edge_betweenness": 0.0, "width_m": 6.906}}, {"type": "Feature", "geometry": {"type": "LineString", "coordinates": [[72.557006, 23.038558], [72.557104, 23.038524], [72.557144, 23.038488], [72.557145, 23.038434]]}, "properties": {"feature_type": "edge", "u": 210, "v": 214, "edge_key": 0, "length_m": 22.957, "is_bridged": false, "is_bridge": false, "edge_betweenness": 0.0, "width_m": 7.826}}, {"type": "Feature", "geometry": {"type": "LineString", "coordinates": [[72.557006, 23.038558], [72.556988, 23.038486]]}, "properties": {"feature_type": "edge", "u": 210, "v": 213, "edge_key": 0, "length_m": 8.472, "is_bridged": false, "is_bridge": false, "edge_betweenness": 0.0, "width_m": 6.2}}, {"type": "Feature", "geometry": {"type": "LineString", "coordinates": [[72.569041, 23.038708], [72.569197, 23.03871]]}, "properties": {"feature_type": "edge", "u": 211, "v": 212, "edge_key": 0, "length_m": 16.0, "is_bridged": false, "is_bridge": false, "edge_betweenness": 0.0, "width_m": 9.16}}, {"type": "Feature", "geometry": {"type": "LineString", "coordinates": [[72.569041, 23.038708], [72.569023, 23.038581]]}, "properties": {"feature_type": "edge", "u": 211, "v": 216, "edge_key": 0, "length_m": 14.828, "is_bridged": false, "is_bridge": false, "edge_betweenness": 0.0, "width_m": 16.246}}, {"type": "Feature", "geometry": {"type": "LineString", "coordinates": [[72.569197, 23.03871], [72.569199, 23.038602], [72.569179, 23.038583]]}, "properties": {"feature_type": "edge", "u": 212, "v": 218, "edge_key": 0, "length_m": 14.828, "is_bridged": false, "is_bridge": false, "edge_betweenness": 0.0, "width_m": 15.549}}, {"type": "Feature", "geometry": {"type": "LineString", "coordinates": [[72.556988, 23.038486], [72.557067, 23.038415], [72.557145, 23.038434]]}, "properties": {"feature_type": "edge", "u": 213, "v": 214, "edge_key": 0, "length_m": 20.454, "is_bridged": false, "is_bridge": false, "edge_betweenness": 0.0, "width_m": 7.197}}, {"type": "Feature", "geometry": {"type": "LineString", "coordinates": [[72.557145, 23.038434], [72.557263, 23.038382]]}, "properties": {"feature_type": "edge", "u": 214, "v": 217, "edge_key": 0, "length_m": 13.536, "is_bridged": false, "is_bridge": true, "edge_betweenness": 0.0, "width_m": 4.216}}, {"type": "Feature", "geometry": {"type": "LineString", "coordinates": [[72.567912, 23.038564], [72.567483, 23.038539], [72.567366, 23.038501]]}, "properties": {"feature_type": "edge", "u": 215, "v": 221, "edge_key": 0, "length_m": 58.485, "is_bridged": false, "is_bridge": true, "edge_betweenness": 0.0, "width_m": 8.253}}, {"type": "Feature", "geometry": {"type": "LineString", "coordinates": [[72.567912, 23.038564], [72.567917, 23.038257], [72.567937, 23.038239], [72.56794, 23.038041], [72.56796, 23.038023], [72.567991, 23.037428]]}, "properties": {"feature_type": "edge", "u": 215, "v": 265, "edge_key": 0, "length_m": 128.485, "is_bridged": false, "is_bridge": false, "edge_betweenness": 0.0, "width_m": 8.168}}, {"type": "Feature", "geometry": {"type": "LineString", "coordinates": [[72.569023, 23.038581], [72.569179, 23.038583]]}, "properties": {"feature_type": "edge", "u": 216, "v": 218, "edge_key": 0, "length_m": 16.0, "is_bridged": false, "is_bridge": false, "edge_betweenness": 0.0, "width_m": 9.16}}, {"type": "Feature", "geometry": {"type": "LineString", "coordinates": [[72.569023, 23.038581], [72.569006, 23.038472]]}, "properties": {"feature_type": "edge", "u": 216, "v": 226, "edge_key": 0, "length_m": 12.472, "is_bridged": false, "is_bridge": false, "edge_betweenness": 0.0, "width_m": 16.295}}, {"type": "Feature", "geometry": {"type": "LineString", "coordinates": [[72.557263, 23.038382], [72.557341, 23.038383], [72.55746, 23.038258]]}, "properties": {"feature_type": "edge", "u": 217, "v": 220, "edge_key": 0, "length_m": 26.439, "is_bridged": false, "is_bridge": false, "edge_betweenness": 0.0, "width_m": 4.867}}, {"type": "Feature", "geometry": {"type": "LineString", "coordinates": [[72.557263, 23.038382], [72.557284, 23.03831], [72.55746, 23.038258]]}, "properties": {"feature_type": "edge", "u": 217, "v": 220, "edge_key": 1, "length_m": 27.22, "is_bridged": false, "is_bridge": false, "edge_betweenness": 0.0, "width_m": 4.867}}, {"type": "Feature", "geometry": {"type": "LineString", "coordinates": [[72.557263, 23.038382], [72.557187, 23.038254], [72.55719, 23.03811], [72.557171, 23.038091], [72.557174, 23.037929], [72.557154, 23.037911], [72.557139, 23.037694]]}, "properties": {"feature_type": "edge", "u": 217, "v": 247, "edge_key": 0, "length_m": 81.353, "is_bridged": false, "is_bridge": false, "edge_betweenness": 0.0, "width_m": 8.012}}, {"type": "Feature", "geometry": {"type": "LineString", "coordinates": [[72.569179, 23.038583], [72.569181, 23.038493], [72.569162, 23.038475]]}, "properties": {"feature_type": "edge", "u": 218, "v": 227, "edge_key": 0, "length_m": 12.828, "is_bridged": false, "is_bridge": false, "edge_betweenness": 0.0, "width_m": 15.179}}, {"type": "Feature", "geometry": {"type": "LineString", "coordinates": [[72.562451, 23.038462], [72.562316, 23.038387]]}, "properties": {"feature_type": "edge", "u": 219, "v": 225, "edge_key": 0, "length_m": 16.957, "is_bridged": false, "is_bridge": false, "edge_betweenness": 0.0, "width_m": 16.036}}, {"type": "Feature", "geometry": {"type": "LineString", "coordinates": [[72.562451, 23.038462], [72.562986, 23.037983]]}, "properties": {"feature_type": "edge", "u": 219, "v": 241, "edge_key": 0, "length_m": 77.539, "is_bridged": false, "is_bridge": true, "edge_betweenness": 0.0, "width_m": 9.718}}, {"type": "Feature", "geometry": {"type": "LineString", "coordinates": [[72.55746, 23.038258], [72.557775, 23.038101], [72.557894, 23.03803], [72.557934, 23.037977]]}, "properties": {"feature_type": "edge", "u": 220, "v": 236, "edge_key": 0, "length_m": 60.423, "is_bridged": false, "is_bridge": false, "edge_betweenness": 0.0, "width_m": 16.272}}, {"type": "Feature", "geometry": {"type": "LineString", "coordinates": [[72.565028, 23.038357], [72.56426, 23.037677]]}, "properties": {"feature_type": "edge", "u": 222, "v": 254, "edge_key": 0, "length_m": 111.378, "is_bridged": false, "is_bridge": false, "edge_betweenness": 0.0, "width_m": 9.607}}, {"type": "Feature", "geometry": {"type": "LineString", "coordinates": [[72.565028, 23.038357], [72.565305, 23.038127], [72.565582, 23.03795], [72.565681, 23.037843]]}, "properties": {"feature_type": "edge", "u": 222, "v": 243, "edge_key": 0, "length_m": 90.153, "is_bridged": false, "is_bridge": false, "edge_betweenness": 0.0, "width_m": 15.935}}, {"type": "Feature", "geometry": {"type": "LineString", "coordinates": [[72.558415, 23.038327], [72.558708, 23.038314]]}, "properties": {"feature_type": "edge", "u": 223, "v": 224, "edge_key": 0, "length_m": 30.828, "is_bridged": false, "is_bridge": false, "edge_betweenness": 0.0, "width_m": 8.304}}, {"type": "Feature", "geometry": {"type": "LineString", "coordinates": [[72.558415, 23.038327], [72.558419, 23.038129], [72.558399, 23.03811], [72.558384, 23.037875], [72.558287, 23.037838]]}, "properties": {"feature_type": "edge", "u": 223, "v": 240, "edge_key": 0, "length_m": 62.427, "is_bridged": false, "is_bridge": false, "edge_betweenness": 0.0, "width_m": 7.929}}, {"type": "Feature", "geometry": {"type": "LineString", "coordinates": [[72.558708, 23.038314], [72.558728, 23.038296], [72.559001, 23.038282], [72.559021, 23.038264], [72.559411, 23.038252]]}, "properties": {"feature_type": "edge", "u": 224, "v": 228, "edge_key": 0, "length_m": 75.314, "is_bridged": false, "is_bridge": false, "edge_betweenness": 0.0, "width_m": 8.407}}, {"type": "Feature", "geometry": {"type": "LineString", "coordinates": [[72.562316, 23.038387], [72.56224, 23.03826], [72.561915, 23.037912], [72.56182, 23.037766], [72.561743, 23.037711]]}, "properties": {"feature_type": "edge", "u": 225, "v": 250, "edge_key": 0, "length_m": 99.312, "is_bridged": false, "is_bridge": false, "edge_betweenness": 0.0, "width_m": 16.483}}, {"type": "Feature", "geometry": {"type": "LineString", "coordinates": [[72.569006, 23.038472], [72.569162, 23.038475]]}, "properties": {"feature_type": "edge", "u": 226, "v": 227, "edge_key": 0, "length_m": 16.0, "is_bridged": false, "is_bridge": false, "edge_betweenness": 0.0, "width_m": 8.2}}, {"type": "Feature", "geometry": {"type": "LineString", "coordinates": [[72.569006, 23.038472], [72.568988, 23.038364]]}, "properties": {"feature_type": "edge", "u": 226, "v": 229, "edge_key": 0, "length_m": 12.472, "is_bridged": false, "is_bridge": false, "edge_betweenness": 0.0, "width_m": 11.123}}, {"type": "Feature", "geometry": {"type": "LineString", "coordinates": [[72.569162, 23.038475], [72.569164, 23.038367], [72.569145, 23.038348]]}, "properties": {"feature_type": "edge", "u": 227, "v": 230, "edge_key": 0, "length_m": 14.828, "is_bridged": false, "is_bridge": false, "edge_betweenness": 0.0, "width_m": 15.296}}, {"type": "Feature", "geometry": {"type": "LineString", "coordinates": [[72.559411, 23.038252], [72.559509, 23.038218], [72.560096, 23.038173], [72.560115, 23.038155], [72.560389, 23.038141], [72.560409, 23.038123], [72.560545, 23.038125], [72.560565, 23.038108], [72.560838, 23.038094], [72.560975, 23.03806]]}, "properties": {"feature_type": "edge", "u": 228, "v": 235, "edge_key": 0, "length_m": 169.585, "is_bridged": false, "is_bridge": false, "edge_betweenness": 0.0, "width_m": 8.245}}, {"type": "Feature", "geometry": {"type": "LineString", "coordinates": [[72.559411, 23.038252], [72.559328, 23.037439], [72.559212, 23.037401]]}, "properties": {"feature_type": "edge", "u": 228, "v": 245, "edge_key": 0, "length_m": 106.665, "is_bridged": false, "is_bridge": false, "edge_betweenness": 0.0, "width_m": 8.174}}, {"type": "Feature", "geometry": {"type": "LineString", "coordinates": [[72.568988, 23.038364], [72.569145, 23.038348]]}, "properties": {"feature_type": "edge", "u": 229, "v": 230, "edge_key": 0, "length_m": 16.325, "is_bridged": false, "is_bridge": false, "edge_betweenness": 0.0, "width_m": 6.447}}, {"type": "Feature", "geometry": {"type": "LineString", "coordinates": [[72.568988, 23.038364], [72.568971, 23.038237]]}, "properties": {"feature_type": "edge", "u": 229, "v": 231, "edge_key": 0, "length_m": 14.325, "is_bridged": false, "is_bridge": false, "edge_betweenness": 0.0, "width_m": 6.162}}, {"type": "Feature", "geometry": {"type": "LineString", "coordinates": [[72.569145, 23.038348], [72.569146, 23.03824], [72.569127, 23.038222]]}, "properties": {"feature_type": "edge", "u": 230, "v": 232, "edge_key": 0, "length_m": 14.828, "is_bridged": false, "is_bridge": false, "edge_betweenness": 0.0, "width_m": 15.549}}, {"type": "Feature", "geometry": {"type": "LineString", "coordinates": [[72.568971, 23.038237], [72.569127, 23.038222]]}, "properties": {"feature_type": "edge", "u": 231, "v": 232, "edge_key": 0, "length_m": 16.325, "is_bridged": false, "is_bridge": false, "edge_betweenness": 0.0, "width_m": 6.447}}, {"type": "Feature", "geometry": {"type": "LineString", "coordinates": [[72.568971, 23.038237], [72.568954, 23.038111]]}, "properties": {"feature_type": "edge", "u": 231, "v": 237, "edge_key": 0, "length_m": 14.325, "is_bridged": false, "is_bridge": false, "edge_betweenness": 0.0, "width_m": 6.162}}, {"type": "Feature", "geometry": {"type": "LineString", "coordinates": [[72.569127, 23.038222], [72.569129, 23.038131], [72.56911, 23.038113]]}, "properties": {"feature_type": "edge", "u": 232, "v": 239, "edge_key": 0, "length_m": 12.828, "is_bridged": false, "is_bridge": false, "edge_betweenness": 0.0, "width_m": 15.474}}, {"type": "Feature", "geometry": {"type": "LineString", "coordinates": [[72.57139, 23.038256], [72.571394, 23.03804], [72.571413, 23.038022], [72.571396, 23.037931]]}, "properties": {"feature_type": "edge", "u": 233, "v": 246, "edge_key": 0, "length_m": 37.301, "is_bridged": false, "is_bridge": false, "edge_betweenness": 0.0, "width_m": 15.753}}, {"type": "Feature", "geometry": {"type": "LineString", "coordinates": [[72.561054, 23.038061], [72.560975, 23.03806]]}, "properties": {"feature_type": "edge", "u": 234, "v": 235, "edge_key": 0, "length_m": 8.0, "is_bridged": false, "is_bridge": false, "edge_betweenness": 0.0, "width_m": 11.198}}, {"type": "Feature", "geometry": {"type": "LineString", "coordinates": [[72.561054, 23.038061], [72.561074, 23.038025], [72.561113, 23.038026], [72.561192, 23.037973], [72.561644, 23.037781], [72.561743, 23.037711]]}, "properties": {"feature_type": "edge", "u": 234, "v": 250, "edge_key": 0, "length_m": 87.384, "is_bridged": false, "is_bridge": false, "edge_betweenness": 0.0, "width_m": 9.068}}, {"type": "Feature", "geometry": {"type": "LineString", "coordinates": [[72.560975, 23.03806], [72.560957, 23.037987], [72.56069, 23.037658], [72.560653, 23.037549]]}, "properties": {"feature_type": "edge", "u": 235, "v": 256, "edge_key": 0, "length_m": 69.727, "is_bridged": false, "is_bridge": false, "edge_betweenness": 0.0, "width_m": 8.988}}, {"type": "Feature", "geometry": {"type": "LineString", "coordinates": [[72.557934, 23.037977], [72.557896, 23.037922], [72.557879, 23.037741], [72.557842, 23.037632]]}, "properties": {"feature_type": "edge", "u": 236, "v": 251, "edge_key": 0, "length_m": 42.142, "is_bridged": false, "is_bridge": false, "edge_betweenness": 0.0, "width_m": 9.012}}, {"type": "Feature", "geometry": {"type": "LineString", "coordinates": [[72.557934, 23.037977], [72.558031, 23.03796], [72.558287, 23.037838]]}, "properties": {"feature_type": "edge", "u": 236, "v": 240, "edge_key": 0, "length_m": 40.36, "is_bridged": false, "is_bridge": false, "edge_betweenness": 0.0, "width_m": 13.667}}, {"type": "Feature", "geometry": {"type": "LineString", "coordinates": [[72.568954, 23.038111], [72.56911, 23.038113]]}, "properties": {"feature_type": "edge", "u": 237, "v": 239, "edge_key": 0, "length_m": 16.0, "is_bridged": false, "is_bridge": false, "edge_betweenness": 0.0, "width_m": 8.052}}, {"type": "Feature", "geometry": {"type": "LineString", "coordinates": [[72.568954, 23.038111], [72.568936, 23.037984]]}, "properties": {"feature_type": "edge", "u": 237, "v": 242, "edge_key": 0, "length_m": 14.325, "is_bridged": false, "is_bridge": false, "edge_betweenness": 0.0, "width_m": 12.228}}, {"type": "Feature", "geometry": {"type": "LineString", "coordinates": [[72.563786, 23.038013], [72.563229, 23.037499], [72.562963, 23.037134], [72.562964, 23.037079], [72.563003, 23.037044], [72.563456, 23.036798]]}, "properties": {"feature_type": "edge", "u": 238, "v": 282, "edge_key": 0, "length_m": 202.049, "is_bridged": false, "is_bridge": false, "edge_betweenness": 0.0, "width_m": 9.214}}, {"type": "Feature", "geometry": {"type": "LineString", "coordinates": [[72.563786, 23.038013], [72.563884, 23.037978], [72.56426, 23.037677]]}, "properties": {"feature_type": "edge", "u": 238, "v": 254, "edge_key": 0, "length_m": 63.74, "is_bridged": false, "is_bridge": false, "edge_betweenness": 0.0, "width_m": 9.368}}, {"type": "Feature", "geometry": {"type": "LineString", "coordinates": [[72.56911, 23.038113], [72.569112, 23.038005], [72.569093, 23.037986]]}, "properties": {"feature_type": "edge", "u": 239, "v": 244, "edge_key": 0, "length_m": 14.828, "is_bridged": false, "is_bridge": false, "edge_betweenness": 0.0, "width_m": 15.549}}, {"type": "Feature", "geometry": {"type": "LineString", "coordinates": [[72.558287, 23.037838], [72.558463, 23.037804], [72.559212, 23.037401]]}, "properties": {"feature_type": "edge", "u": 240, "v": 245, "edge_key": 0, "length_m": 107.276, "is_bridged": false, "is_bridge": false, "edge_betweenness": 0.0, "width_m": 2.981}}, {"type": "Feature", "geometry": {"type": "LineString", "coordinates": [[72.558287, 23.037838], [72.558406, 23.037731], [72.559212, 23.037401]]}, "properties": {"feature_type": "edge", "u": 240, "v": 245, "edge_key": 1, "length_m": 107.348, "is_bridged": false, "is_bridge": false, "edge_betweenness": 0.0, "width_m": 2.981}}, {"type": "Feature", "geometry": {"type": "LineString", "coordinates": [[72.568936, 23.037984], [72.569093, 23.037986]]}, "properties": {"feature_type": "edge", "u": 242, "v": 244, "edge_key": 0, "length_m": 16.0, "is_bridged": false, "is_bridge": false, "edge_betweenness": 0.0, "width_m": 9.16}}, {"type": "Feature", "geometry": {"type": "LineString", "coordinates": [[72.568936, 23.037984], [72.568919, 23.037875]]}, "properties": {"feature_type": "edge", "u": 242, "v": 248, "edge_key": 0, "length_m": 12.828, "is_bridged": false, "is_bridge": false, "edge_betweenness": 0.0, "width_m": 16.197}}, {"type": "Feature", "geometry": {"type": "LineString", "coordinates": [[72.565681, 23.037843], [72.565896, 23.037829], [72.565994, 23.037776], [72.566387, 23.037656], [72.566465, 23.037657], [72.566641, 23.037605], [72.566778, 23.037608]]}, "properties": {"feature_type": "edge", "u": 243, "v": 258, "edge_key": 0, "length_m": 122.968, "is_bridged": false, "is_bridge": false, "edge_betweenness": 0.0, "width_m": 8.777}}, {"type": "Feature", "geometry": {"type": "LineString", "coordinates": [[72.565681, 23.037843], [72.5658, 23.037737], [72.565878, 23.03772], [72.566154, 23.037562], [72.566669, 23.037136], [72.566788, 23.037048], [72.566866, 23.037031]]}, "properties": {"feature_type": "edge", "u": 243, "v": 274, "edge_key": 0, "length_m": 157.751, "is_bridged": false, "is_bridge": false, "edge_betweenness": 0.0, "width_m": 9.354}}, {"type": "Feature", "geometry": {"type": "LineString", "coordinates": [[72.565681, 23.037843], [72.565702, 23.037735], [72.565684, 23.037681], [72.56555, 23.037516], [72.564983, 23.036497], [72.564945, 23.03646], [72.564777, 23.036042], [72.56472, 23.035951], [72.564534, 23.035443], [72.564496, 23.035406]]}, "properties": {"feature_type": "edge", "u": 243, "v": 326, "edge_key": 0, "length_m": 321.185, "is_bridged": false, "is_bridge": false, "edge_betweenness": 0.0, "width_m": 9.342}}, {"type": "Feature", "geometry": {"type": "LineString", "coordinates": [[72.569093, 23.037986], [72.569094, 23.037896], [72.569075, 23.037878]]}, "properties": {"feature_type": "edge", "u": 244, "v": 249, "edge_key": 0, "length_m": 12.828, "is_bridged": false, "is_bridge": false, "edge_betweenness": 0.0, "width_m": 15.474}}, {"type": "Feature", "geometry": {"type": "LineString", "coordinates": [[72.559212, 23.037401], [72.558798, 23.037647]]}, "properties": {"feature_type": "edge", "u": 245, "v": 853, "edge_key": 0, "length_m": 50.478, "is_bridged": false, "is_bridge": false, "edge_betweenness": 0.0, "width_m": 2.981}}, {"type": "Feature", "geometry": {"type": "LineString", "coordinates": [[72.558798, 23.037647], [72.559212, 23.037401]]}, "properties": {"feature_type": "edge", "u": 245, "v": 853, "edge_key": 1, "length_m": 50.478, "is_bridged": false, "is_bridge": false, "edge_betweenness": 0.0, "width_m": 2.981}}, {"type": "Feature", "geometry": {"type": "LineString", "coordinates": [[72.559212, 23.037401], [72.558701, 23.037591]]}, "properties": {"feature_type": "edge", "u": 245, "v": 854, "edge_key": 0, "length_m": 56.462, "is_bridged": false, "is_bridge": false, "edge_betweenness": 0.0, "width_m": 2.981}}, {"type": "Feature", "geometry": {"type": "LineString", "coordinates": [[72.558701, 23.037591], [72.559212, 23.037401]]}, "properties": {"feature_type": "edge", "u": 245, "v": 854, "edge_key": 1, "length_m": 56.462, "is_bridged": false, "is_bridge": false, "edge_betweenness": 0.0, "width_m": 2.981}}, {"type": "Feature", "geometry": {"type": "LineString", "coordinates": [[72.559212, 23.037401], [72.559093, 23.037507]]}, "properties": {"feature_type": "edge", "u": 245, "v": 855, "edge_key": 0, "length_m": 16.971, "is_bridged": false, "is_bridge": false, "edge_betweenness": 0.0, "width_m": 2.981}}, {"type": "Feature", "geometry": {"type": "LineString", "coordinates": [[72.559093, 23.037507], [72.559212, 23.037401]]}, "properties": {"feature_type": "edge", "u": 245, "v": 855, "edge_key": 1, "length_m": 16.971, "is_bridged": false, "is_bridge": false, "edge_betweenness": 0.0, "width_m": 2.981}}, {"type": "Feature", "geometry": {"type": "LineString", "coordinates": [[72.559212, 23.037401], [72.558997, 23.037452]]}, "properties": {"feature_type": "edge", "u": 245, "v": 856, "edge_key": 0, "length_m": 22.804, "is_bridged": false, "is_bridge": false, "edge_betweenness": 0.0, "width_m": 2.981}}, {"type": "Feature", "geometry": {"type": "LineString", "coordinates": [[72.558997, 23.037452], [72.559212, 23.037401]]}, "properties": {"feature_type": "edge", "u": 245, "v": 856, "edge_key": 1, "length_m": 22.804, "is_bridged": false, "is_bridge": false, "edge_betweenness": 0.0, "width_m": 2.981}}, {"type": "Feature", "geometry": {"type": "LineString", "coordinates": [[72.559212, 23.037401], [72.55939, 23.037277]]}, "properties": {"feature_type": "edge", "u": 245, "v": 857, "edge_key": 0, "length_m": 22.804, "is_bridged": false, "is_bridge": false, "edge_betweenness": 0.0, "width_m": 2.981}}, {"type": "Feature", "geometry": {"type": "LineString", "coordinates": [[72.55939, 23.037277], [72.559212, 23.037401]]}, "properties": {"feature_type": "edge", "u": 245, "v": 857, "edge_key": 1, "length_m": 22.804, "is_bridged": false, "is_bridge": false, "edge_betweenness": 0.0, "width_m": 2.981}}, {"type": "Feature", "geometry": {"type": "LineString", "coordinates": [[72.559212, 23.037401], [72.55992, 23.037105]]}, "properties": {"feature_type": "edge", "u": 245, "v": 858, "edge_key": 0, "length_m": 79.624, "is_bridged": false, "is_bridge": false, "edge_betweenness": 0.0, "width_m": 1.333}}, {"type": "Feature", "geometry": {"type": "LineString", "coordinates": [[72.55992, 23.037105], [72.559212, 23.037401]]}, "properties": {"feature_type": "edge", "u": 245, "v": 858, "edge_key": 1, "length_m": 79.624, "is_bridged": false, "is_bridge": false, "edge_betweenness": 0.0, "width_m": 1.333}}, {"type": "Feature", "geometry": {"type": "LineString", "coordinates": [[72.559212, 23.037401], [72.559331, 23.037276], [72.559312, 23.037258], [72.559298, 23.036987], [72.559261, 23.036878], [72.559262, 23.036788], [72.559243, 23.036769], [72.559192, 23.036371], [72.559172, 23.036353], [72.559175, 23.036227], [72.559138, 23.0361]]}, "properties": {"feature_type": "edge", "u": 245, "v": 297, "edge_key": 0, "length_m": 157.552, "is_bridged": false, "is_bridge": false, "edge_betweenness": 0.0, "width_m": 8.109}}, {"type": "Feature", "geometry": {"type": "LineString", "coordinates": [[72.559212, 23.037401], [72.559978, 23.037124], [72.560234, 23.037001], [72.560312, 23.037002]]}, "properties": {"feature_type": "edge", "u": 245, "v": 272, "edge_key": 0, "length_m": 124.261, "is_bridged": false, "is_bridge": false, "edge_betweenness": 0.0, "width_m": 8.549}}, {"type": "Feature", "geometry": {"type": "LineString", "coordinates": [[72.559212, 23.037401], [72.559921, 23.037032], [72.561003, 23.036544], [72.561061, 23.036545], [72.56114, 23.036492]]}, "properties": {"feature_type": "edge", "u": 245, "v": 290, "edge_key": 0, "length_m": 232.68, "is_bridged": false, "is_bridge": false, "edge_betweenness": 0.0, "width_m": 8.992}}, {"type": "Feature", "geometry": {"type": "LineString", "coordinates": [[72.571396, 23.037931], [72.571357, 23.037931]]}, "properties": {"feature_type": "edge", "u": 246, "v": 859, "edge_key": 0, "length_m": 4.0, "is_bridged": false, "is_bridge": false, "edge_betweenness": 0.0, "width_m": 4.0}}, {"type": "Feature", "geometry": {"type": "LineString", "coordinates": [[72.571357, 23.037931], [72.571396, 23.037931]]}, "properties": {"feature_type": "edge", "u": 246, "v": 859, "edge_key": 1, "length_m": 4.0, "is_bridged": false, "is_bridge": false, "edge_betweenness": 0.0, "width_m": 4.0}}, {"type": "Feature", "geometry": {"type": "LineString", "coordinates": [[72.571396, 23.037931], [72.571398, 23.037769]]}, "properties": {"feature_type": "edge", "u": 246, "v": 255, "edge_key": 0, "length_m": 18.0, "is_bridged": false, "is_bridge": false, "edge_betweenness": 0.0, "width_m": 17.583}}, {"type": "Feature", "geometry": {"type": "LineString", "coordinates": [[72.557139, 23.037694], [72.557314, 23.037696], [72.557334, 23.037679], [72.557842, 23.037632]]}, "properties": {"feature_type": "edge", "u": 247, "v": 251, "edge_key": 0, "length_m": 75.314, "is_bridged": false, "is_bridge": false, "edge_betweenness": 0.0, "width_m": 8.371}}, {"type": "Feature", "geometry": {"type": "LineString", "coordinates": [[72.557139, 23.037694], [72.557086, 23.037386], [72.557031, 23.037205], [72.557032, 23.037132], [72.557013, 23.037114], [72.557014, 23.037042], [72.556886, 23.03657], [72.556823, 23.035739]]}, "properties": {"feature_type": "edge", "u": 247, "v": 306, "edge_key": 0, "length_m": 230.912, "is_bridged": false, "is_bridge": false, "edge_betweenness": 0.0, "width_m": 8.252}}, {"type": "Feature", "geometry": {"type": "LineString", "coordinates": [[72.568919, 23.037875], [72.569075, 23.037878]]}, "properties": {"feature_type": "edge", "u": 248, "v": 249, "edge_key": 0, "length_m": 16.0, "is_bridged": false, "is_bridge": false, "edge_betweenness": 0.0, "width_m": 9.16}}, {"type": "Feature", "geometry": {"type": "LineString", "coordinates": [[72.568919, 23.037875], [72.568901, 23.037767]]}, "properties": {"feature_type": "edge", "u": 248, "v": 252, "edge_key": 0, "length_m": 12.828, "is_bridged": false, "is_bridge": false, "edge_betweenness": 0.0, "width_m": 16.197}}, {"type": "Feature", "geometry": {"type": "LineString", "coordinates": [[72.569075, 23.037878], [72.569077, 23.037787], [72.569057, 23.037769]]}, "properties": {"feature_type": "edge", "u": 249, "v": 253, "edge_key": 0, "length_m": 12.828, "is_bridged": false, "is_bridge": false, "edge_betweenness": 0.0, "width_m": 15.179}}, {"type": "Feature", "geometry": {"type": "LineString", "coordinates": [[72.561743, 23.037711], [72.561724, 23.037638], [72.561477, 23.037273], [72.561478, 23.037219], [72.56144, 23.0372]]}, "properties": {"feature_type": "edge", "u": 250, "v": 271, "edge_key": 0, "length_m": 70.07, "is_bridged": false, "is_bridge": false, "edge_betweenness": 0.0, "width_m": 15.893}}, {"type": "Feature", "geometry": {"type": "LineString", "coordinates": [[72.557842, 23.037632], [72.557844, 23.037524], [72.55779, 23.037288], [72.557761, 23.03671]]}, "properties": {"feature_type": "edge", "u": 251, "v": 281, "edge_key": 0, "length_m": 106.142, "is_bridged": false, "is_bridge": false, "edge_betweenness": 0.0, "width_m": 8.198}}, {"type": "Feature", "geometry": {"type": "LineString", "coordinates": [[72.568901, 23.037767], [72.569057, 23.037769]]}, "properties": {"feature_type": "edge", "u": 252, "v": 253, "edge_key": 0, "length_m": 16.0, "is_bridged": false, "is_bridge": false, "edge_betweenness": 0.0, "width_m": 8.2}}, {"type": "Feature", "geometry": {"type": "LineString", "coordinates": [[72.568901, 23.037767], [72.568884, 23.037658]]}, "properties": {"feature_type": "edge", "u": 252, "v": 257, "edge_key": 0, "length_m": 12.828, "is_bridged": false, "is_bridge": false, "edge_betweenness": 0.0, "width_m": 16.197}}, {"type": "Feature", "geometry": {"type": "LineString", "coordinates": [[72.569057, 23.037769], [72.569059, 23.037661], [72.56904, 23.037642]]}, "properties": {"feature_type": "edge", "u": 253, "v": 259, "edge_key": 0, "length_m": 14.828, "is_bridged": false, "is_bridge": false, "edge_betweenness": 0.0, "width_m": 15.043}}, {"type": "Feature", "geometry": {"type": "LineString", "coordinates": [[72.56426, 23.037677], [72.564107, 23.037476], [72.563648, 23.037], [72.563572, 23.03689], [72.563456, 23.036798]]}, "properties": {"feature_type": "edge", "u": 254, "v": 282, "edge_key": 0, "length_m": 131.609, "is_bridged": false, "is_bridge": false, "edge_betweenness": 0.0, "width_m": 9.243}}, {"type": "Feature", "geometry": {"type": "LineString", "coordinates": [[72.571398, 23.037769], [72.571321, 23.037714], [72.571303, 23.037659], [72.571324, 23.037569]]}, "properties": {"feature_type": "edge", "u": 255, "v": 260, "edge_key": 0, "length_m": 27.43, "is_bridged": false, "is_bridge": false, "edge_betweenness": 0.0, "width_m": 10.992}}, {"type": "Feature", "geometry": {"type": "LineString", "coordinates": [[72.571398, 23.037769], [72.571438, 23.037733], [72.571441, 23.037589], [72.571383, 23.037534]]}, "properties": {"feature_type": "edge", "u": 255, "v": 263, "edge_key": 0, "length_m": 30.142, "is_bridged": false, "is_bridge": false, "edge_betweenness": 0.0, "width_m": 17.958}}, {"type": "Feature", "geometry": {"type": "LineString", "coordinates": [[72.560653, 23.037549], [72.560557, 23.037476], [72.560312, 23.037002]]}, "properties": {"feature_type": "edge", "u": 256, "v": 272, "edge_key": 0, "length_m": 75.371, "is_bridged": false, "is_bridge": false, "edge_betweenness": 0.0, "width_m": 8.992}}, {"type": "Feature", "geometry": {"type": "LineString", "coordinates": [[72.560653, 23.037549], [72.560948, 23.037409], [72.560987, 23.03741], [72.561282, 23.03727], [72.561321, 23.037271], [72.56144, 23.0372]]}, "properties": {"feature_type": "edge", "u": 256, "v": 271, "edge_key": 0, "length_m": 96.212, "is_bridged": false, "is_bridge": false, "edge_betweenness": 0.0, "width_m": 9.055}}, {"type": "Feature", "geometry": {"type": "LineString", "coordinates": [[72.568884, 23.037658], [72.56904, 23.037642]]}, "properties": {"feature_type": "edge", "u": 257, "v": 259, "edge_key": 0, "length_m": 16.828, "is_bridged": false, "is_bridge": false, "edge_betweenness": 0.0, "width_m": 8.2}}, {"type": "Feature", "geometry": {"type": "LineString", "coordinates": [[72.568884, 23.037658], [72.568865, 23.037604], [72.568869, 23.037387]]}, "properties": {"feature_type": "edge", "u": 257, "v": 268, "edge_key": 0, "length_m": 30.828, "is_bridged": false, "is_bridge": false, "edge_betweenness": 0.0, "width_m": 14.826}}, {"type": "Feature", "geometry": {"type": "LineString", "coordinates": [[72.566778, 23.037608], [72.566817, 23.037572], [72.56682, 23.037428], [72.56684, 23.03741], [72.566842, 23.037266], [72.566862, 23.037248], [72.566866, 23.037031]]}, "properties": {"feature_type": "edge", "u": 258, "v": 274, "edge_key": 0, "length_m": 67.314, "is_bridged": false, "is_bridge": false, "edge_betweenness": 0.0, "width_m": 8.547}}, {"type": "Feature", "geometry": {"type": "LineString", "coordinates": [[72.56904, 23.037642], [72.569042, 23.037534], [72.569004, 23.037461], [72.569007, 23.037335]]}, "properties": {"feature_type": "edge", "u": 259, "v": 269, "edge_key": 0, "length_m": 35.657, "is_bridged": false, "is_bridge": false, "edge_betweenness": 0.0, "width_m": 13.209}}, {"type": "Feature", "geometry": {"type": "LineString", "coordinates": [[72.571324, 23.037569], [72.570875, 23.037562], [72.570856, 23.037544], [72.570486, 23.03752]]}, "properties": {"feature_type": "edge", "u": 260, "v": 262, "edge_key": 0, "length_m": 87.657, "is_bridged": false, "is_bridge": false, "edge_betweenness": 0.0, "width_m": 8.22}}, {"type": "Feature", "geometry": {"type": "LineString", "coordinates": [[72.571324, 23.037569], [72.571383, 23.037534]]}, "properties": {"feature_type": "edge", "u": 260, "v": 263, "edge_key": 0, "length_m": 7.301, "is_bridged": false, "is_bridge": false, "edge_betweenness": 0.0, "width_m": 19.584}}, {"type": "Feature", "geometry": {"type": "LineString", "coordinates": [[72.567112, 23.037486], [72.567131, 23.037505], [72.567306, 23.037507], [72.567522, 23.037457], [72.567991, 23.037428]]}, "properties": {"feature_type": "edge", "u": 261, "v": 265, "edge_key": 0, "length_m": 94.971, "is_bridged": false, "is_bridge": false, "edge_betweenness": 0.0, "width_m": 8.273}}, {"type": "Feature", "geometry": {"type": "LineString", "coordinates": [[72.567112, 23.037486], [72.567114, 23.037378], [72.567218, 23.037019], [72.567261, 23.036766], [72.567365, 23.036425], [72.567471, 23.035921], [72.567511, 23.035867]]}, "properties": {"feature_type": "edge", "u": 261, "v": 309, "edge_key": 0, "length_m": 195.74, "is_bridged": false, "is_bridge": false, "edge_betweenness": 0.0, "width_m": 8.353}}, {"type": "Feature", "geometry": {"type": "LineString", "coordinates": [[72.570486, 23.03752], [72.570194, 23.037498], [72.570175, 23.037479], [72.569941, 23.037476]]}, "properties": {"feature_type": "edge", "u": 262, "v": 266, "edge_key": 0, "length_m": 57.657, "is_bridged": false, "is_bridge": false, "edge_betweenness": 0.0, "width_m": 8.07}}, {"type": "Feature", "geometry": {"type": "LineString", "coordinates": [[72.570486, 23.03752], [72.570513, 23.037105]]}, "properties": {"feature_type": "edge", "u": 262, "v": 273, "edge_key": 0, "length_m": 46.828, "is_bridged": false, "is_bridge": false, "edge_betweenness": 0.0, "width_m": 8.354}}, {"type": "Feature", "geometry": {"type": "LineString", "coordinates": [[72.571383, 23.037534], [72.571386, 23.037353]]}, "properties": {"feature_type": "edge", "u": 263, "v": 270, "edge_key": 0, "length_m": 20.0, "is_bridged": false, "is_bridge": false, "edge_betweenness": 0.0, "width_m": 23.787}}, {"type": "Feature", "geometry": {"type": "LineString", "coordinates": [[72.569804, 23.037474], [72.569726, 23.037454]]}, "properties": {"feature_type": "edge", "u": 264, "v": 267, "edge_key": 0, "length_m": 8.828, "is_bridged": false, "is_bridge": false, "edge_betweenness": 0.0, "width_m": 10.819}}, {"type": "Feature", "geometry": {"type": "LineString", "coordinates": [[72.569804, 23.037474], [72.569941, 23.037476]]}, "properties": {"feature_type": "edge", "u": 264, "v": 266, "edge_key": 0, "length_m": 14.0, "is_bridged": false, "is_bridge": false, "edge_betweenness": 0.0, "width_m": 8.0}}, {"type": "Feature", "geometry": {"type": "LineString", "coordinates": [[72.567991, 23.037428], [72.56801, 23.03741], [72.568674, 23.037384], [72.568694, 23.037366], [72.568869, 23.037387]]}, "properties": {"feature_type": "edge", "u": 265, "v": 268, "edge_key": 0, "length_m": 94.142, "is_bridged": false, "is_bridge": false, "edge_betweenness": 0.0, "width_m": 8.309}}, {"type": "Feature", "geometry": {"type": "LineString", "coordinates": [[72.569941, 23.037476], [72.569942, 23.037403], [72.570045, 23.037098], [72.570046, 23.037026]]}, "properties": {"feature_type": "edge", "u": 266, "v": 275, "edge_key": 0, "length_m": 54.142, "is_bridged": false, "is_bridge": false, "edge_betweenness": 0.0, "width_m": 8.354}}, {"type": "Feature", "geometry": {"type": "LineString", "coordinates": [[72.569726, 23.037454], [72.56959, 23.037452], [72.569396, 23.037395], [72.569007, 23.037335]]}, "properties": {"feature_type": "edge", "u": 267, "v": 269, "edge_key": 0, "length_m": 78.614, "is_bridged": false, "is_bridge": false, "edge_betweenness": 0.0, "width_m": 8.517}}, {"type": "Feature", "geometry": {"type": "LineString", "coordinates": [[72.569726, 23.037454], [72.569708, 23.037364], [72.569498, 23.037108], [72.569386, 23.036871], [72.569387, 23.036817]]}, "properties": {"feature_type": "edge", "u": 267, "v": 283, "edge_key": 0, "length_m": 84.555, "is_bridged": false, "is_bridge": false, "edge_betweenness": 0.0, "width_m": 8.996}}, {"type": "Feature", "geometry": {"type": "LineString", "coordinates": [[72.568869, 23.037387], [72.568838, 23.036953]]}, "properties": {"feature_type": "edge", "u": 268, "v": 276, "edge_key": 0, "length_m": 49.657, "is_bridged": false, "is_bridge": false, "edge_betweenness": 0.0, "width_m": 8.297}}, {"type": "Feature", "geometry": {"type": "LineString", "coordinates": [[72.569007, 23.037335], [72.568968, 23.037298], [72.568953, 23.037081], [72.568916, 23.036954]]}, "properties": {"feature_type": "edge", "u": 269, "v": 277, "edge_key": 0, "length_m": 46.142, "is_bridged": false, "is_bridge": false, "edge_betweenness": 0.0, "width_m": 8.531}}, {"type": "Feature", "geometry": {"type": "LineString", "coordinates": [[72.571386, 23.037353], [72.571309, 23.037298], [72.571291, 23.037244], [72.571295, 23.036991], [72.571316, 23.036937], [72.571395, 23.036866]]}, "properties": {"feature_type": "edge", "u": 270, "v": 286, "edge_key": 0, "length_m": 63.1, "is_bridged": false, "is_bridge": false, "edge_betweenness": 0.0, "width_m": 10.408}}, {"type": "Feature", "geometry": {"type": "LineString", "coordinates": [[72.571386, 23.037353], [72.571426, 23.037318], [72.571433, 23.036903], [72.571395, 23.036866]]}, "properties": {"feature_type": "edge", "u": 270, "v": 286, "edge_key": 1, "length_m": 57.314, "is_bridged": false, "is_bridge": false, "edge_betweenness": 0.0, "width_m": 17.344}}, {"type": "Feature", "geometry": {"type": "LineString", "coordinates": [[72.56144, 23.0372], [72.562324, 23.036835]]}, "properties": {"feature_type": "edge", "u": 271, "v": 279, "edge_key": 0, "length_m": 107.041, "is_bridged": false, "is_bridge": true, "edge_betweenness": 0.0, "width_m": 9.037}}, {"type": "Feature", "geometry": {"type": "LineString", "coordinates": [[72.56144, 23.0372], [72.56127, 23.036891], [72.561195, 23.036709], [72.561196, 23.036655], [72.561157, 23.036636]]}, "properties": {"feature_type": "edge", "u": 271, "v": 289, "edge_key": 0, "length_m": 74.885, "is_bridged": false, "is_bridge": false, "edge_betweenness": 0.0, "width_m": 15.732}}, {"type": "Feature", "geometry": {"type": "LineString", "coordinates": [[72.560312, 23.037002], [72.560352, 23.036949], [72.560391, 23.036949], [72.561157, 23.036636]]}, "properties": {"feature_type": "edge", "u": 272, "v": 289, "edge_key": 0, "length_m": 103.856, "is_bridged": false, "is_bridge": false, "edge_betweenness": 0.0, "width_m": 9.156}}, {"type": "Feature", "geometry": {"type": "LineString", "coordinates": [[72.570513, 23.037105], [72.570415, 23.037104], [72.570396, 23.037085], [72.570046, 23.037026]]}, "properties": {"feature_type": "edge", "u": 273, "v": 275, "edge_key": 0, "length_m": 50.957, "is_bridged": false, "is_bridge": false, "edge_betweenness": 0.0, "width_m": 8.42}}, {"type": "Feature", "geometry": {"type": "LineString", "coordinates": [[72.570513, 23.037105], [72.570516, 23.036961], [72.570477, 23.036924], [72.570341, 23.036904], [72.570303, 23.036867], [72.570304, 23.036813]]}, "properties": {"feature_type": "edge", "u": 273, "v": 285, "edge_key": 0, "length_m": 48.142, "is_bridged": false, "is_bridge": false, "edge_betweenness": 0.0, "width_m": 8.696}}, {"type": "Feature", "geometry": {"type": "LineString", "coordinates": [[72.566866, 23.037031], [72.566991, 23.036618], [72.567034, 23.036366], [72.567159, 23.035934], [72.567182, 23.035754]]}, "properties": {"feature_type": "edge", "u": 274, "v": 312, "edge_key": 0, "length_m": 154.426, "is_bridged": false, "is_bridge": false, "edge_betweenness": 0.0, "width_m": 8.559}}, {"type": "Feature", "geometry": {"type": "LineString", "coordinates": [[72.570046, 23.037026], [72.570028, 23.036971], [72.570047, 23.036954], [72.57005, 23.036827]]}, "properties": {"feature_type": "edge", "u": 275, "v": 284, "edge_key": 0, "length_m": 23.657, "is_bridged": false, "is_bridge": false, "edge_betweenness": 0.0, "width_m": 8.52}}, {"type": "Feature", "geometry": {"type": "LineString", "coordinates": [[72.568838, 23.036953], [72.568916, 23.036954]]}, "properties": {"feature_type": "edge", "u": 276, "v": 277, "edge_key": 0, "length_m": 8.0, "is_bridged": false, "is_bridge": false, "edge_betweenness": 0.0, "width_m": 8.315}}, {"type": "Feature", "geometry": {"type": "LineString", "coordinates": [[72.568838, 23.036953], [72.568821, 23.036827], [72.56886, 23.036791]]}, "properties": {"feature_type": "edge", "u": 276, "v": 287, "edge_key": 0, "length_m": 20.485, "is_bridged": false, "is_bridge": false, "edge_betweenness": 0.0, "width_m": 9.333}}, {"type": "Feature", "geometry": {"type": "LineString", "coordinates": [[72.568916, 23.036954], [72.568918, 23.036846], [72.56886, 23.036791]]}, "properties": {"feature_type": "edge", "u": 277, "v": 287, "edge_key": 0, "length_m": 20.485, "is_bridged": false, "is_bridge": false, "edge_betweenness": 0.0, "width_m": 9.648}}, {"type": "Feature", "geometry": {"type": "LineString", "coordinates": [[72.556259, 23.036741], [72.556222, 23.036596], [72.556228, 23.036271], [72.556209, 23.036253], [72.556199, 23.035747]]}, "properties": {"feature_type": "edge", "u": 278, "v": 303, "edge_key": 0, "length_m": 113.314, "is_bridged": false, "is_bridge": true, "edge_betweenness": 0.0, "width_m": 8.039}}, {"type": "Feature", "geometry": {"type": "LineString", "coordinates": [[72.557273, 23.036721], [72.557761, 23.03671]]}, "properties": {"feature_type": "edge", "u": 280, "v": 281, "edge_key": 0, "length_m": 50.828, "is_bridged": false, "is_bridge": true, "edge_betweenness": 0.0, "width_m": 8.17}}, {"type": "Feature", "geometry": {"type": "LineString", "coordinates": [[72.557761, 23.03671], [72.557743, 23.036674], [72.557729, 23.036331]]}, "properties": {"feature_type": "edge", "u": 281, "v": 292, "edge_key": 0, "length_m": 43.301, "is_bridged": false, "is_bridge": false, "edge_betweenness": 0.0, "width_m": 8.426}}, {"type": "Feature", "geometry": {"type": "LineString", "coordinates": [[72.563456, 23.036798], [72.563438, 23.036726], [72.563171, 23.036378], [72.563021, 23.036069], [72.562964, 23.035996], [72.562946, 23.035906]]}, "properties": {"feature_type": "edge", "u": 282, "v": 302, "edge_key": 0, "length_m": 120.011, "is_bridged": false, "is_bridge": false, "edge_betweenness": 0.0, "width_m": 8.934}}, {"type": "Feature", "geometry": {"type": "LineString", "coordinates": [[72.569387, 23.036817], [72.57005, 23.036827]]}, "properties": {"feature_type": "edge", "u": 283, "v": 284, "edge_key": 0, "length_m": 68.0, "is_bridged": false, "is_bridge": false, "edge_betweenness": 0.0, "width_m": 8.27}}, {"type": "Feature", "geometry": {"type": "LineString", "coordinates": [[72.569387, 23.036817], [72.569348, 23.03678], [72.569256, 23.036508], [72.569159, 23.035351]]}, "properties": {"feature_type": "edge", "u": 283, "v": 331, "edge_key": 0, "length_m": 172.77, "is_bridged": false, "is_bridge": false, "edge_betweenness": 0.0, "width_m": 8.338}}, {"type": "Feature", "geometry": {"type": "LineString", "coordinates": [[72.57005, 23.036827], [72.570245, 23.03683], [72.570304, 23.036813]]}, "properties": {"feature_type": "edge", "u": 284, "v": 285, "edge_key": 0, "length_m": 26.325, "is_bridged": false, "is_bridge": false, "edge_betweenness": 0.0, "width_m": 14.032}}, {"type": "Feature", "geometry": {"type": "LineString", "coordinates": [[72.570304, 23.036813], [72.570596, 23.0368], [72.570657, 23.036692], [72.57068, 23.036476], [72.5707, 23.036458], [72.570914, 23.03648]]}, "properties": {"feature_type": "edge", "u": 285, "v": 294, "edge_key": 0, "length_m": 95.799, "is_bridged": false, "is_bridge": true, "edge_betweenness": 0.0, "width_m": 8.407}}, {"type": "Feature", "geometry": {"type": "LineString", "coordinates": [[72.570304, 23.036813], [72.570324, 23.036777], [72.570327, 23.036579], [72.570308, 23.03656], [72.570297, 23.036109], [72.570475, 23.035949], [72.570505, 23.03539], [72.570544, 23.035354], [72.570682, 23.035302], [72.571091, 23.035309], [72.571111, 23.035327], [72.571169, 23.03531]]}, "properties": {"feature_type": "edge", "u": 285, "v": 338, "edge_key": 0, "length_m": 243.384, "is_bridged": false, "is_bridge": true, "edge_betweenness": 0.0, "width_m": 8.232}}, {"type": "Feature", "geometry": {"type": "LineString", "coordinates": [[72.571395, 23.036866], [72.571399, 23.036649]]}, "properties": {"feature_type": "edge", "u": 286, "v": 291, "edge_key": 0, "length_m": 24.0, "is_bridged": false, "is_bridge": false, "edge_betweenness": 0.0, "width_m": 23.7}}, {"type": "Feature", "geometry": {"type": "LineString", "coordinates": [[72.56886, 23.036791], [72.568862, 23.036701], [72.568843, 23.036682], [72.568859, 23.035762], [72.568879, 23.035744], [72.568924, 23.035438], [72.568964, 23.035366], [72.569006, 23.035186], [72.569046, 23.035169]]}, "properties": {"feature_type": "edge", "u": 287, "v": 345, "edge_key": 0, "length_m": 189.1, "is_bridged": false, "is_bridge": false, "edge_betweenness": 0.0, "width_m": 16.042}}, {"type": "Feature", "geometry": {"type": "LineString", "coordinates": [[72.55556, 23.03655], [72.555565, 23.036279], [72.555526, 23.036242], [72.555254, 23.03622], [72.555234, 23.036202]]}, "properties": {"feature_type": "edge", "u": 288, "v": 296, "edge_key": 0, "length_m": 67.314, "is_bridged": false, "is_bridge": true, "edge_betweenness": 0.0, "width_m": 8.114}}, {"type": "Feature", "geometry": {"type": "LineString", "coordinates": [[72.561157, 23.036636], [72.561688, 23.03641], [72.561727, 23.03641], [72.562022, 23.03627], [72.562061, 23.036271], [72.562592, 23.036026], [72.562631, 23.036027], [72.562848, 23.035922], [72.562946, 23.035906]]}, "properties": {"feature_type": "edge", "u": 289, "v": 302, "edge_key": 0, "length_m": 216.081, "is_bridged": false, "is_bridge": false, "edge_betweenness": 0.0, "width_m": 9.053}}, {"type": "Feature", "geometry": {"type": "LineString", "coordinates": [[72.561157, 23.036636], [72.56114, 23.036492]]}, "properties": {"feature_type": "edge", "u": 289, "v": 290, "edge_key": 0, "length_m": 16.472, "is_bridged": false, "is_bridge": false, "edge_betweenness": 0.0, "width_m": 18.054}}, {"type": "Feature", "geometry": {"type": "LineString", "coordinates": [[72.56114, 23.036492], [72.561102, 23.036473], [72.561103, 23.036419], [72.560862, 23.035711], [72.560863, 23.035639], [72.560826, 23.03553]]}, "properties": {"feature_type": "edge", "u": 290, "v": 316, "edge_key": 0, "length_m": 120.395, "is_bridged": false, "is_bridge": false, "edge_betweenness": 0.0, "width_m": 16.333}}, {"type": "Feature", "geometry": {"type": "LineString", "coordinates": [[72.56114, 23.036492], [72.56118, 23.036456], [72.561238, 23.036457], [72.562064, 23.036091], [72.562103, 23.036091], [72.562221, 23.036039], [72.562281, 23.035986]]}, "properties": {"feature_type": "edge", "u": 290, "v": 299, "edge_key": 0, "length_m": 140.024, "is_bridged": false, "is_bridge": false, "edge_betweenness": 0.0, "width_m": 9.1}}, {"type": "Feature", "geometry": {"type": "LineString", "coordinates": [[72.571399, 23.036649], [72.571322, 23.036576], [72.571327, 23.036341], [72.571426, 23.036253]]}, "properties": {"feature_type": "edge", "u": 291, "v": 298, "edge_key": 0, "length_m": 53.086, "is_bridged": false, "is_bridge": false, "edge_betweenness": 0.0, "width_m": 10.397}}, {"type": "Feature", "geometry": {"type": "LineString", "coordinates": [[72.571399, 23.036649], [72.571458, 23.036614], [72.571464, 23.036289], [72.571426, 23.036253]]}, "properties": {"feature_type": "edge", "u": 291, "v": 298, "edge_key": 1, "length_m": 48.957, "is_bridged": false, "is_bridge": false, "edge_betweenness": 0.0, "width_m": 16.78}}, {"type": "Feature", "geometry": {"type": "LineString", "coordinates": [[72.557729, 23.036331], [72.55732, 23.036324]]}, "properties": {"feature_type": "edge", "u": 292, "v": 293, "edge_key": 0, "length_m": 42.0, "is_bridged": false, "is_bridge": true, "edge_betweenness": 0.0, "width_m": 8.158}}, {"type": "Feature", "geometry": {"type": "LineString", "coordinates": [[72.557729, 23.036331], [72.557731, 23.036222], [72.55779, 23.036187], [72.557985, 23.03619], [72.558005, 23.036172], [72.5582, 23.036175], [72.55822, 23.036158], [72.558396, 23.03616], [72.558415, 23.036143], [72.55861, 23.036146], [72.55863, 23.036128], [72.558825, 23.036131], [72.558845, 23.036113], [72.559138, 23.0361]]}, "properties": {"feature_type": "edge", "u": 292, "v": 297, "edge_key": 0, "length_m": 162.627, "is_bridged": false, "is_bridge": false, "edge_betweenness": 0.0, "width_m": 8.221}}, {"type": "Feature", "geometry": {"type": "LineString", "coordinates": [[72.570914, 23.03648], [72.571129, 23.036483], [72.571168, 23.036465]]}, "properties": {"feature_type": "edge", "u": 294, "v": 295, "edge_key": 0, "length_m": 26.828, "is_bridged": false, "is_bridge": true, "edge_betweenness": 0.0, "width_m": 8.0}}, {"type": "Feature", "geometry": {"type": "LineString", "coordinates": [[72.570914, 23.03648], [72.570921, 23.036082], [72.570941, 23.036065]]}, "properties": {"feature_type": "edge", "u": 294, "v": 301, "edge_key": 0, "length_m": 46.828, "is_bridged": false, "is_bridge": true, "edge_betweenness": 0.0, "width_m": 8.041}}, {"type": "Feature", "geometry": {"type": "LineString", "coordinates": [[72.559138, 23.0361], [72.559108, 23.035612]]}, "properties": {"feature_type": "edge", "u": 297, "v": 313, "edge_key": 0, "length_m": 55.657, "is_bridged": false, "is_bridge": false, "edge_betweenness": 0.0, "width_m": 8.273}}, {"type": "Feature", "geometry": {"type": "LineString", "coordinates": [[72.571426, 23.036253], [72.571429, 23.036072]]}, "properties": {"feature_type": "edge", "u": 298, "v": 300, "edge_key": 0, "length_m": 20.0, "is_bridged": false, "is_bridge": false, "edge_betweenness": 0.0, "width_m": 23.326}}, {"type": "Feature", "geometry": {"type": "LineString", "coordinates": [[72.562281, 23.035986], [72.562339, 23.035986], [72.562477, 23.035916], [72.562516, 23.035917], [72.562792, 23.035795], [72.562832, 23.035741]]}, "properties": {"feature_type": "edge", "u": 299, "v": 310, "edge_key": 0, "length_m": 68.413, "is_bridged": false, "is_bridge": false, "edge_betweenness": 0.0, "width_m": 9.096}}, {"type": "Feature", "geometry": {"type": "LineString", "coordinates": [[72.562281, 23.035986], [72.562059, 23.035296]]}, "properties": {"feature_type": "edge", "u": 299, "v": 329, "edge_key": 0, "length_m": 85.941, "is_bridged": false, "is_bridge": false, "edge_betweenness": 0.0, "width_m": 8.59}}, {"type": "Feature", "geometry": {"type": "LineString", "coordinates": [[72.571429, 23.036072], [72.571371, 23.036035], [72.571353, 23.035945], [72.571374, 23.035891], [72.571453, 23.03582]]}, "properties": {"feature_type": "edge", "u": 300, "v": 314, "edge_key": 0, "length_m": 36.271, "is_bridged": false, "is_bridge": false, "edge_betweenness": 0.0, "width_m": 12.577}}, {"type": "Feature", "geometry": {"type": "LineString", "coordinates": [[72.571429, 23.036072], [72.571488, 23.036037], [72.571491, 23.035856], [72.571453, 23.03582]]}, "properties": {"feature_type": "edge", "u": 300, "v": 314, "edge_key": 1, "length_m": 32.957, "is_bridged": false, "is_bridge": false, "edge_betweenness": 0.0, "width_m": 18.273}}, {"type": "Feature", "geometry": {"type": "LineString", "coordinates": [[72.562946, 23.035906], [72.562966, 23.03587], [72.563083, 23.035835], [72.563339, 23.035713], [72.563378, 23.035714], [72.563693, 23.035574], [72.56385, 23.03554]]}, "properties": {"feature_type": "edge", "u": 302, "v": 318, "edge_key": 0, "length_m": 109.856, "is_bridged": false, "is_bridge": false, "edge_betweenness": 0.0, "width_m": 8.744}}, {"type": "Feature", "geometry": {"type": "LineString", "coordinates": [[72.556199, 23.035747], [72.555516, 23.035737], [72.555496, 23.035754], [72.555262, 23.035751], [72.555243, 23.035732]]}, "properties": {"feature_type": "edge", "u": 303, "v": 305, "edge_key": 0, "length_m": 99.657, "is_bridged": false, "is_bridge": true, "edge_betweenness": 0.0, "width_m": 8.087}}, {"type": "Feature", "geometry": {"type": "LineString", "coordinates": [[72.556199, 23.035747], [72.556823, 23.035739]]}, "properties": {"feature_type": "edge", "u": 303, "v": 306, "edge_key": 0, "length_m": 64.828, "is_bridged": false, "is_bridge": true, "edge_betweenness": 0.0, "width_m": 8.275}}, {"type": "Feature", "geometry": {"type": "LineString", "coordinates": [[72.556199, 23.035747], [72.55617, 23.035187], [72.55615, 23.035169], [72.556154, 23.034952]]}, "properties": {"feature_type": "edge", "u": 303, "v": 346, "edge_key": 0, "length_m": 90.485, "is_bridged": false, "is_bridge": true, "edge_betweenness": 0.0, "width_m": 8.183}}, {"type": "Feature", "geometry": {"type": "LineString", "coordinates": [[72.565111, 23.035903], [72.565053, 23.035866], [72.564844, 23.035592], [72.564791, 23.035248]]}, "properties": {"feature_type": "edge", "u": 304, "v": 334, "edge_key": 0, "length_m": 87.255, "is_bridged": false, "is_bridge": true, "edge_betweenness": 0.0, "width_m": 8.625}}, {"type": "Feature", "geometry": {"type": "LineString", "coordinates": [[72.556823, 23.035739], [72.556862, 23.035721], [72.557175, 23.035708]]}, "properties": {"feature_type": "edge", "u": 306, "v": 308, "edge_key": 0, "length_m": 37.301, "is_bridged": false, "is_bridge": false, "edge_betweenness": 0.0, "width_m": 8.306}}, {"type": "Feature", "geometry": {"type": "LineString", "coordinates": [[72.561465, 23.035792], [72.561375, 23.035394]]}, "properties": {"feature_type": "edge", "u": 307, "v": 324, "edge_key": 0, "length_m": 48.142, "is_bridged": false, "is_bridge": true, "edge_betweenness": 0.0, "width_m": 8.365}}, {"type": "Feature", "geometry": {"type": "LineString", "coordinates": [[72.557175, 23.035708], [72.558385, 23.035637]]}, "properties": {"feature_type": "edge", "u": 308, "v": 311, "edge_key": 0, "length_m": 128.142, "is_bridged": false, "is_bridge": false, "edge_betweenness": 0.0, "width_m": 8.108}}, {"type": "Feature", "geometry": {"type": "LineString", "coordinates": [[72.557175, 23.035708], [72.55718, 23.035437], [72.55716, 23.035419], [72.557147, 23.035076]]}, "properties": {"feature_type": "edge", "u": 308, "v": 337, "edge_key": 0, "length_m": 71.657, "is_bridged": false, "is_bridge": false, "edge_betweenness": 0.0, "width_m": 8.083}}, {"type": "Feature", "geometry": {"type": "LineString", "coordinates": [[72.567511, 23.035867], [72.56753, 23.035886], [72.567784, 23.03589], [72.567942, 23.035766], [72.568735, 23.035074], [72.568738, 23.034893]]}, "properties": {"feature_type": "edge", "u": 309, "v": 379, "edge_key": 0, "length_m": 182.936, "is_bridged": false, "is_bridge": false, "edge_betweenness": 0.0, "width_m": 9.063}}, {"type": "Feature", "geometry": {"type": "LineString", "coordinates": [[72.567511, 23.035867], [72.567513, 23.035759], [72.567595, 23.035526], [72.567597, 23.035454], [72.567658, 23.035292], [72.56766, 23.03522], [72.567784, 23.034788]]}, "properties": {"feature_type": "edge", "u": 309, "v": 389, "edge_key": 0, "length_m": 130.413, "is_bridged": false, "is_bridge": false, "edge_betweenness": 0.0, "width_m": 8.477}}, {"type": "Feature", "geometry": {"type": "LineString", "coordinates": [[72.562832, 23.035741], [72.562929, 23.035743], [72.563283, 23.035586], [72.563833, 23.035396], [72.564344, 23.035187], [72.564461, 23.035171]]}, "properties": {"feature_type": "edge", "u": 310, "v": 339, "edge_key": 0, "length_m": 192.982, "is_bridged": false, "is_bridge": false, "edge_betweenness": 0.0, "width_m": 8.702}}, {"type": "Feature", "geometry": {"type": "LineString", "coordinates": [[72.562832, 23.035741], [72.562549, 23.035195]]}, "properties": {"feature_type": "edge", "u": 310, "v": 336, "edge_key": 0, "length_m": 71.714, "is_bridged": false, "is_bridge": false, "edge_betweenness": 0.0, "width_m": 8.844}}, {"type": "Feature", "geometry": {"type": "LineString", "coordinates": [[72.558385, 23.035637], [72.559108, 23.035612]]}, "properties": {"feature_type": "edge", "u": 311, "v": 313, "edge_key": 0, "length_m": 75.657, "is_bridged": false, "is_bridge": false, "edge_betweenness": 0.0, "width_m": 8.145}}, {"type": "Feature", "geometry": {"type": "LineString", "coordinates": [[72.558385, 23.035637], [72.558442, 23.034662]]}, "properties": {"feature_type": "edge", "u": 311, "v": 388, "edge_key": 0, "length_m": 109.657, "is_bridged": false, "is_bridge": true, "edge_betweenness": 0.0, "width_m": 8.052}}, {"type": "Feature", "geometry": {"type": "LineString", "coordinates": [[72.567182, 23.035754], [72.567143, 23.035753], [72.567066, 23.035698], [72.566989, 23.035607], [72.566971, 23.035534]]}, "properties": {"feature_type": "edge", "u": 312, "v": 321, "edge_key": 0, "length_m": 36.627, "is_bridged": false, "is_bridge": false, "edge_betweenness": 0.0, "width_m": 9.283}}, {"type": "Feature", "geometry": {"type": "LineString", "coordinates": [[72.567182, 23.035754], [72.567243, 23.035574], [72.567246, 23.035448]]}, "properties": {"feature_type": "edge", "u": 312, "v": 325, "edge_key": 0, "length_m": 36.485, "is_bridged": false, "is_bridge": false, "edge_betweenness": 0.0, "width_m": 8.528}}, {"type": "Feature", "geometry": {"type": "LineString", "coordinates": [[72.559108, 23.035612], [72.559889, 23.035533]]}, "properties": {"feature_type": "edge", "u": 313, "v": 317, "edge_key": 0, "length_m": 84.142, "is_bridged": false, "is_bridge": false, "edge_betweenness": 0.0, "width_m": 8.23}}, {"type": "Feature", "geometry": {"type": "LineString", "coordinates": [[72.571453, 23.03582], [72.571454, 23.035766]]}, "properties": {"feature_type": "edge", "u": 314, "v": 315, "edge_key": 0, "length_m": 6.0, "is_bridged": false, "is_bridge": false, "edge_betweenness": 0.0, "width_m": 23.775}}, {"type": "Feature", "geometry": {"type": "LineString", "coordinates": [[72.571454, 23.035766], [72.571553, 23.035695], [72.571556, 23.035532], [72.571518, 23.035478]]}, "properties": {"feature_type": "edge", "u": 315, "v": 327, "edge_key": 0, "length_m": 38.169, "is_bridged": false, "is_bridge": false, "edge_betweenness": 0.0, "width_m": 10.574}}, {"type": "Feature", "geometry": {"type": "LineString", "coordinates": [[72.571454, 23.035766], [72.571416, 23.035729], [72.571418, 23.035585]]}, "properties": {"feature_type": "edge", "u": 315, "v": 322, "edge_key": 0, "length_m": 21.657, "is_bridged": false, "is_bridge": false, "edge_betweenness": 0.0, "width_m": 16.441}}, {"type": "Feature", "geometry": {"type": "LineString", "coordinates": [[72.560826, 23.03553], [72.560749, 23.035474]]}, "properties": {"feature_type": "edge", "u": 316, "v": 319, "edge_key": 0, "length_m": 10.485, "is_bridged": false, "is_bridge": false, "edge_betweenness": 0.0, "width_m": 6.708}}, {"type": "Feature", "geometry": {"type": "LineString", "coordinates": [[72.560826, 23.03553], [72.560866, 23.035494], [72.560847, 23.035422]]}, "properties": {"feature_type": "edge", "u": 316, "v": 320, "edge_key": 0, "length_m": 13.981, "is_bridged": false, "is_bridge": false, "edge_betweenness": 0.0, "width_m": 6.472}}, {"type": "Feature", "geometry": {"type": "LineString", "coordinates": [[72.559889, 23.035533], [72.560749, 23.035474]]}, "properties": {"feature_type": "edge", "u": 317, "v": 319, "edge_key": 0, "length_m": 91.314, "is_bridged": false, "is_bridge": false, "edge_betweenness": 0.0, "width_m": 8.11}}, {"type": "Feature", "geometry": {"type": "LineString", "coordinates": [[72.559889, 23.035533], [72.559896, 23.035172]]}, "properties": {"feature_type": "edge", "u": 317, "v": 333, "edge_key": 0, "length_m": 40.0, "is_bridged": false, "is_bridge": false, "edge_betweenness": 0.0, "width_m": 8.224}}, {"type": "Feature", "geometry": {"type": "LineString", "coordinates": [[72.56385, 23.03554], [72.563849, 23.035576], [72.563887, 23.035613], [72.563946, 23.035614], [72.564339, 23.035439], [72.564496, 23.035406]]}, "properties": {"feature_type": "edge", "u": 318, "v": 326, "edge_key": 0, "length_m": 81.598, "is_bridged": false, "is_bridge": false, "edge_betweenness": 0.0, "width_m": 8.75}}, {"type": "Feature", "geometry": {"type": "LineString", "coordinates": [[72.56385, 23.03554], [72.56387, 23.035504], [72.564204, 23.035365], [72.564361, 23.035313], [72.564498, 23.035297]]}, "properties": {"feature_type": "edge", "u": 318, "v": 330, "edge_key": 0, "length_m": 77.909, "is_bridged": false, "is_bridge": false, "edge_betweenness": 0.0, "width_m": 8.765}}, {"type": "Feature", "geometry": {"type": "LineString", "coordinates": [[72.560749, 23.035474], [72.56075, 23.035402]]}, "properties": {"feature_type": "edge", "u": 319, "v": 323, "edge_key": 0, "length_m": 8.0, "is_bridged": false, "is_bridge": false, "edge_betweenness": 0.0, "width_m": 8.944}}, {"type": "Feature", "geometry": {"type": "LineString", "coordinates": [[72.560847, 23.035422], [72.560945, 23.035441], [72.560964, 23.035424], [72.561081, 23.035425], [72.561238, 23.035392], [72.561375, 23.035394]]}, "properties": {"feature_type": "edge", "u": 320, "v": 324, "edge_key": 0, "length_m": 56.81, "is_bridged": false, "is_bridge": false, "edge_betweenness": 0.0, "width_m": 8.321}}, {"type": "Feature", "geometry": {"type": "LineString", "coordinates": [[72.560847, 23.035422], [72.56075, 23.035402]]}, "properties": {"feature_type": "edge", "u": 320, "v": 323, "edge_key": 0, "length_m": 10.325, "is_bridged": false, "is_bridge": false, "edge_betweenness": 0.0, "width_m": 7.296}}, {"type": "Feature", "geometry": {"type": "LineString", "coordinates": [[72.560847, 23.035422], [72.56083, 23.035331], [72.560772, 23.035276]]}, "properties": {"feature_type": "edge", "u": 320, "v": 328, "edge_key": 0, "length_m": 18.81, "is_bridged": false, "is_bridge": false, "edge_betweenness": 0.0, "width_m": 7.139}}, {"type": "Feature", "geometry": {"type": "LineString", "coordinates": [[72.566971, 23.035534], [72.566796, 23.035531], [72.566776, 23.035549], [72.566404, 23.035598], [72.566366, 23.035561], [72.56635, 23.035344], [72.566293, 23.035289], [72.566156, 23.035287], [72.566136, 23.035305], [72.565941, 23.035302], [72.565922, 23.035283], [72.565907, 23.035066]]}, "properties": {"feature_type": "edge", "u": 321, "v": 349, "edge_key": 0, "length_m": 164.77, "is_bridged": false, "is_bridge": false, "edge_betweenness": 0.0, "width_m": 8.466}}, {"type": "Feature", "geometry": {"type": "LineString", "coordinates": [[72.566971, 23.035534], [72.566991, 23.035498], [72.567168, 23.035447], [72.567246, 23.035448]]}, "properties": {"feature_type": "edge", "u": 321, "v": 325, "edge_key": 0, "length_m": 32.957, "is_bridged": false, "is_bridge": false, "edge_betweenness": 0.0, "width_m": 8.641}}, {"type": "Feature", "geometry": {"type": "LineString", "coordinates": [[72.571418, 23.035585], [72.571477, 23.035549], [72.571518, 23.035478]]}, "properties": {"feature_type": "edge", "u": 322, "v": 327, "edge_key": 0, "length_m": 16.601, "is_bridged": false, "is_bridge": false, "edge_betweenness": 0.0, "width_m": 10.531}}, {"type": "Feature", "geometry": {"type": "LineString", "coordinates": [[72.571418, 23.035585], [72.57138, 23.035548], [72.571381, 23.035494], [72.571441, 23.035404]]}, "properties": {"feature_type": "edge", "u": 322, "v": 332, "edge_key": 0, "length_m": 24.142, "is_bridged": false, "is_bridge": false, "edge_betweenness": 0.0, "width_m": 9.759}}, {"type": "Feature", "geometry": {"type": "LineString", "coordinates": [[72.56075, 23.035402], [72.560732, 23.035312], [72.560772, 23.035276]]}, "properties": {"feature_type": "edge", "u": 323, "v": 328, "edge_key": 0, "length_m": 16.129, "is_bridged": false, "is_bridge": false, "edge_betweenness": 0.0, "width_m": 6.981}}, {"type": "Feature", "geometry": {"type": "LineString", "coordinates": [[72.561375, 23.035394], [72.561492, 23.03536], [72.562059, 23.035296]]}, "properties": {"feature_type": "edge", "u": 324, "v": 329, "edge_key": 0, "length_m": 74.971, "is_bridged": false, "is_bridge": false, "edge_betweenness": 0.0, "width_m": 8.378}}, {"type": "Feature", "geometry": {"type": "LineString", "coordinates": [[72.567246, 23.035448], [72.567285, 23.035413], [72.567307, 23.035305], [72.567469, 23.034946], [72.567492, 23.034766]]}, "properties": {"feature_type": "edge", "u": 325, "v": 394, "edge_key": 0, "length_m": 85.941, "is_bridged": false, "is_bridge": false, "edge_betweenness": 0.0, "width_m": 8.572}}, {"type": "Feature", "geometry": {"type": "LineString", "coordinates": [[72.564496, 23.035406], [72.564498, 23.035297]]}, "properties": {"feature_type": "edge", "u": 326, "v": 330, "edge_key": 0, "length_m": 12.0, "is_bridged": false, "is_bridge": false, "edge_betweenness": 0.0, "width_m": 9.496}}, {"type": "Feature", "geometry": {"type": "LineString", "coordinates": [[72.571518, 23.035478], [72.571577, 23.035442], [72.571631, 23.034577]]}, "properties": {"feature_type": "edge", "u": 327, "v": 412, "edge_key": 0, "length_m": 104.957, "is_bridged": false, "is_bridge": false, "edge_betweenness": 0.0, "width_m": 8.235}}, {"type": "Feature", "geometry": {"type": "LineString", "coordinates": [[72.571518, 23.035478], [72.571441, 23.035404]]}, "properties": {"feature_type": "edge", "u": 327, "v": 332, "edge_key": 0, "length_m": 11.314, "is_bridged": false, "is_bridge": false, "edge_betweenness": 0.0, "width_m": 13.153}}, {"type": "Feature", "geometry": {"type": "LineString", "coordinates": [[72.560772, 23.035276], [72.560754, 23.035168], [72.560716, 23.035113]]}, "properties": {"feature_type": "edge", "u": 328, "v": 340, "edge_key": 0, "length_m": 19.981, "is_bridged": false, "is_bridge": false, "edge_betweenness": 0.0, "width_m": 13.569}}, {"type": "Feature", "geometry": {"type": "LineString", "coordinates": [[72.562059, 23.035296], [72.562236, 23.035245], [72.562549, 23.035195]]}, "properties": {"feature_type": "edge", "u": 329, "v": 336, "edge_key": 0, "length_m": 54.614, "is_bridged": false, "is_bridge": false, "edge_betweenness": 0.0, "width_m": 8.621}}, {"type": "Feature", "geometry": {"type": "LineString", "coordinates": [[72.564498, 23.035297], [72.564459, 23.035261], [72.564461, 23.035171]]}, "properties": {"feature_type": "edge", "u": 330, "v": 339, "edge_key": 0, "length_m": 15.657, "is_bridged": false, "is_bridge": false, "edge_betweenness": 0.0, "width_m": 9.864}}, {"type": "Feature", "geometry": {"type": "LineString", "coordinates": [[72.564498, 23.035297], [72.564635, 23.035245], [72.564791, 23.035248]]}, "properties": {"feature_type": "edge", "u": 330, "v": 334, "edge_key": 0, "length_m": 32.129, "is_bridged": false, "is_bridge": false, "edge_betweenness": 0.0, "width_m": 8.771}}, {"type": "Feature", "geometry": {"type": "LineString", "coordinates": [[72.569159, 23.035351], [72.56914, 23.035333], [72.569143, 23.035188]]}, "properties": {"feature_type": "edge", "u": 331, "v": 342, "edge_key": 0, "length_m": 18.828, "is_bridged": false, "is_bridge": false, "edge_betweenness": 0.0, "width_m": 8.184}}, {"type": "Feature", "geometry": {"type": "LineString", "coordinates": [[72.569159, 23.035351], [72.569374, 23.035354], [72.569394, 23.035337], [72.570175, 23.035295], [72.570391, 23.035226], [72.570589, 23.035048], [72.570571, 23.034976], [72.570576, 23.034669], [72.570557, 23.034632]]}, "properties": {"feature_type": "edge", "u": 331, "v": 409, "edge_key": 0, "length_m": 208.569, "is_bridged": false, "is_bridge": true, "edge_betweenness": 0.0, "width_m": 8.278}}, {"type": "Feature", "geometry": {"type": "LineString", "coordinates": [[72.571441, 23.035404], [72.571447, 23.035079]]}, "properties": {"feature_type": "edge", "u": 332, "v": 360, "edge_key": 0, "length_m": 36.0, "is_bridged": false, "is_bridge": false, "edge_betweenness": 0.0, "width_m": 15.814}}, {"type": "Feature", "geometry": {"type": "LineString", "coordinates": [[72.559896, 23.035172], [72.559603, 23.035168], [72.559584, 23.035186], [72.559525, 23.035167]]}, "properties": {"feature_type": "edge", "u": 333, "v": 335, "edge_key": 0, "length_m": 39.657, "is_bridged": false, "is_bridge": true, "edge_betweenness": 0.0, "width_m": 8.014}}, {"type": "Feature", "geometry": {"type": "LineString", "coordinates": [[72.559896, 23.035172], [72.560053, 23.035139], [72.560716, 23.035113]]}, "properties": {"feature_type": "edge", "u": 333, "v": 340, "edge_key": 0, "length_m": 87.314, "is_bridged": false, "is_bridge": false, "edge_betweenness": 0.0, "width_m": 8.423}}, {"type": "Feature", "geometry": {"type": "LineString", "coordinates": [[72.564791, 23.035248], [72.564831, 23.035212], [72.564928, 23.035214], [72.564948, 23.035196], [72.565261, 23.035165], [72.565281, 23.035147]]}, "properties": {"feature_type": "edge", "u": 334, "v": 341, "edge_key": 0, "length_m": 54.971, "is_bridged": false, "is_bridge": false, "edge_betweenness": 0.0, "width_m": 8.473}}, {"type": "Feature", "geometry": {"type": "LineString", "coordinates": [[72.562549, 23.035195], [72.562608, 23.03516], [72.563059, 23.035023], [72.563453, 23.03483], [72.563493, 23.034776]]}, "properties": {"feature_type": "edge", "u": 336, "v": 384, "edge_key": 0, "length_m": 116.698, "is_bridged": false, "is_bridge": false, "edge_betweenness": 0.0, "width_m": 8.938}}, {"type": "Feature", "geometry": {"type": "LineString", "coordinates": [[72.562549, 23.035195], [72.56251, 23.035159], [72.562512, 23.035086], [72.5624, 23.034814], [72.562401, 23.034742]]}, "properties": {"feature_type": "edge", "u": 336, "v": 383, "edge_key": 0, "length_m": 56.627, "is_bridged": false, "is_bridge": false, "edge_betweenness": 0.0, "width_m": 8.725}}, {"type": "Feature", "geometry": {"type": "LineString", "coordinates": [[72.557147, 23.035076], [72.557155, 23.034661]]}, "properties": {"feature_type": "edge", "u": 337, "v": 382, "edge_key": 0, "length_m": 46.0, "is_bridged": false, "is_bridge": false, "edge_betweenness": 0.0, "width_m": 8.0}}, {"type": "Feature", "geometry": {"type": "LineString", "coordinates": [[72.557147, 23.035076], [72.55783, 23.035068], [72.557909, 23.035033], [72.557968, 23.034962], [72.557974, 23.034637], [72.557155, 23.034661]]}, "properties": {"feature_type": "edge", "u": 337, "v": 382, "edge_key": 1, "length_m": 212.627, "is_bridged": false, "is_bridge": false, "edge_betweenness": 0.0, "width_m": 8.211}}, {"type": "Feature", "geometry": {"type": "LineString", "coordinates": [[72.564461, 23.035171], [72.564422, 23.035152], [72.564405, 23.035007], [72.564367, 23.034952], [72.564201, 23.034462], [72.564163, 23.034408]]}, "properties": {"feature_type": "edge", "u": 339, "v": 414, "edge_key": 0, "length_m": 97.714, "is_bridged": false, "is_bridge": false, "edge_betweenness": 0.0, "width_m": 8.701}}, {"type": "Feature", "geometry": {"type": "LineString", "coordinates": [[72.564461, 23.035171], [72.564618, 23.035137], [72.564715, 23.035138], [72.564735, 23.035121], [72.564833, 23.035122], [72.564852, 23.035104], [72.565263, 23.035075]]}, "properties": {"feature_type": "edge", "u": 339, "v": 347, "edge_key": 0, "length_m": 86.971, "is_bridged": false, "is_bridge": false, "edge_betweenness": 0.0, "width_m": 8.294}}, {"type": "Feature", "geometry": {"type": "LineString", "coordinates": [[72.560716, 23.035113], [72.560701, 23.034914], [72.560555, 23.034334]]}, "properties": {"feature_type": "edge", "u": 340, "v": 413, "edge_key": 0, "length_m": 92.569, "is_bridged": false, "is_bridge": false, "edge_betweenness": 0.0, "width_m": 15.55}}, {"type": "Feature", "geometry": {"type": "LineString", "coordinates": [[72.565281, 23.035147], [72.565398, 23.035131]]}, "properties": {"feature_type": "edge", "u": 341, "v": 343, "edge_key": 0, "length_m": 12.472, "is_bridged": false, "is_bridge": false, "edge_betweenness": 0.0, "width_m": 8.378}}, {"type": "Feature", "geometry": {"type": "LineString", "coordinates": [[72.565281, 23.035147], [72.565263, 23.035075]]}, "properties": {"feature_type": "edge", "u": 341, "v": 347, "edge_key": 0, "length_m": 8.472, "is_bridged": false, "is_bridge": false, "edge_betweenness": 0.0, "width_m": 6.2}}, {"type": "Feature", "geometry": {"type": "LineString", "coordinates": [[72.569143, 23.035188], [72.569046, 23.035169]]}, "properties": {"feature_type": "edge", "u": 342, "v": 345, "edge_key": 0, "length_m": 10.472, "is_bridged": false, "is_bridge": false, "edge_betweenness": 0.0, "width_m": 6.991}}, {"type": "Feature", "geometry": {"type": "LineString", "coordinates": [[72.569143, 23.035188], [72.569163, 23.035135]]}, "properties": {"feature_type": "edge", "u": 342, "v": 350, "edge_key": 0, "length_m": 6.828, "is_bridged": false, "is_bridge": false, "edge_betweenness": 0.0, "width_m": 6.438}}, {"type": "Feature", "geometry": {"type": "LineString", "coordinates": [[72.565398, 23.035131], [72.565515, 23.035115]]}, "properties": {"feature_type": "edge", "u": 343, "v": 344, "edge_key": 0, "length_m": 12.472, "is_bridged": false, "is_bridge": false, "edge_betweenness": 0.0, "width_m": 8.378}}, {"type": "Feature", "geometry": {"type": "LineString", "coordinates": [[72.565398, 23.035131], [72.565399, 23.035059]]}, "properties": {"feature_type": "edge", "u": 343, "v": 351, "edge_key": 0, "length_m": 8.0, "is_bridged": false, "is_bridge": false, "edge_betweenness": 0.0, "width_m": 6.2}}, {"type": "Feature", "geometry": {"type": "LineString", "coordinates": [[72.565515, 23.035115], [72.565633, 23.035098]]}, "properties": {"feature_type": "edge", "u": 344, "v": 348, "edge_key": 0, "length_m": 12.472, "is_bridged": false, "is_bridge": false, "edge_betweenness": 0.0, "width_m": 8.378}}, {"type": "Feature", "geometry": {"type": "LineString", "coordinates": [[72.565515, 23.035115], [72.565517, 23.035042]]}, "properties": {"feature_type": "edge", "u": 344, "v": 353, "edge_key": 0, "length_m": 8.0, "is_bridged": false, "is_bridge": false, "edge_betweenness": 0.0, "width_m": 6.2}}, {"type": "Feature", "geometry": {"type": "LineString", "coordinates": [[72.569046, 23.035169], [72.569066, 23.035115]]}, "properties": {"feature_type": "edge", "u": 345, "v": 354, "edge_key": 0, "length_m": 6.828, "is_bridged": false, "is_bridge": false, "edge_betweenness": 0.0, "width_m": 13.766}}, {"type": "Feature", "geometry": {"type": "LineString", "coordinates": [[72.565263, 23.035075], [72.565282, 23.035057], [72.565399, 23.035059]]}, "properties": {"feature_type": "edge", "u": 347, "v": 351, "edge_key": 0, "length_m": 14.828, "is_bridged": false, "is_bridge": false, "edge_betweenness": 0.0, "width_m": 7.331}}, {"type": "Feature", "geometry": {"type": "LineString", "coordinates": [[72.565633, 23.035098], [72.56577, 23.035082]]}, "properties": {"feature_type": "edge", "u": 348, "v": 352, "edge_key": 0, "length_m": 14.828, "is_bridged": false, "is_bridge": false, "edge_betweenness": 0.0, "width_m": 8.157}}, {"type": "Feature", "geometry": {"type": "LineString", "coordinates": [[72.565633, 23.035098], [72.565634, 23.035026]]}, "properties": {"feature_type": "edge", "u": 348, "v": 355, "edge_key": 0, "length_m": 8.0, "is_bridged": false, "is_bridge": false, "edge_betweenness": 0.0, "width_m": 8.63}}, {"type": "Feature", "geometry": {"type": "LineString", "coordinates": [[72.565907, 23.035066], [72.56577, 23.035082]]}, "properties": {"feature_type": "edge", "u": 349, "v": 352, "edge_key": 0, "length_m": 14.472, "is_bridged": false, "is_bridge": false, "edge_betweenness": 0.0, "width_m": 8.71}}, {"type": "Feature", "geometry": {"type": "LineString", "coordinates": [[72.565907, 23.035066], [72.566004, 23.035068], [72.566083, 23.035033]]}, "properties": {"feature_type": "edge", "u": 349, "v": 357, "edge_key": 0, "length_m": 19.657, "is_bridged": false, "is_bridge": false, "edge_betweenness": 0.0, "width_m": 8.841}}, {"type": "Feature", "geometry": {"type": "LineString", "coordinates": [[72.565907, 23.035066], [72.565889, 23.034976]]}, "properties": {"feature_type": "edge", "u": 349, "v": 361, "edge_key": 0, "length_m": 10.472, "is_bridged": false, "is_bridge": false, "edge_betweenness": 0.0, "width_m": 12.579}}, {"type": "Feature", "geometry": {"type": "LineString", "coordinates": [[72.569163, 23.035135], [72.569066, 23.035115]]}, "properties": {"feature_type": "edge", "u": 350, "v": 354, "edge_key": 0, "length_m": 10.472, "is_bridged": false, "is_bridge": false, "edge_betweenness": 0.0, "width_m": 6.991}}, {"type": "Feature", "geometry": {"type": "LineString", "coordinates": [[72.569163, 23.035135], [72.569183, 23.035117], [72.569166, 23.03499]]}, "properties": {"feature_type": "edge", "u": 350, "v": 367, "edge_key": 0, "length_m": 17.153, "is_bridged": false, "is_bridge": false, "edge_betweenness": 0.0, "width_m": 7.702}}, {"type": "Feature", "geometry": {"type": "LineString", "coordinates": [[72.565399, 23.035059], [72.565419, 23.035041], [72.565517, 23.035042]]}, "properties": {"feature_type": "edge", "u": 351, "v": 353, "edge_key": 0, "length_m": 12.828, "is_bridged": false, "is_bridge": false, "edge_betweenness": 0.0, "width_m": 7.219}}, {"type": "Feature", "geometry": {"type": "LineString", "coordinates": [[72.56577, 23.035082], [72.565771, 23.03501]]}, "properties": {"feature_type": "edge", "u": 352, "v": 356, "edge_key": 0, "length_m": 8.0, "is_bridged": false, "is_bridge": false, "edge_betweenness": 0.0, "width_m": 8.315}}, {"type": "Feature", "geometry": {"type": "LineString", "coordinates": [[72.565517, 23.035042], [72.565537, 23.035025], [72.565634, 23.035026]]}, "properties": {"feature_type": "edge", "u": 353, "v": 355, "edge_key": 0, "length_m": 12.828, "is_bridged": false, "is_bridge": false, "edge_betweenness": 0.0, "width_m": 7.767}}, {"type": "Feature", "geometry": {"type": "LineString", "coordinates": [[72.569066, 23.035115], [72.569068, 23.035007]]}, "properties": {"feature_type": "edge", "u": 354, "v": 366, "edge_key": 0, "length_m": 12.0, "is_bridged": false, "is_bridge": false, "edge_betweenness": 0.0, "width_m": 15.428}}, {"type": "Feature", "geometry": {"type": "LineString", "coordinates": [[72.565634, 23.035026], [72.565654, 23.035008], [72.565771, 23.03501]]}, "properties": {"feature_type": "edge", "u": 355, "v": 356, "edge_key": 0, "length_m": 14.828, "is_bridged": false, "is_bridge": false, "edge_betweenness": 0.0, "width_m": 8.405}}, {"type": "Feature", "geometry": {"type": "LineString", "coordinates": [[72.565771, 23.03501], [72.565889, 23.034976]]}, "properties": {"feature_type": "edge", "u": 356, "v": 361, "edge_key": 0, "length_m": 13.301, "is_bridged": false, "is_bridge": false, "edge_betweenness": 0.0, "width_m": 9.385}}, {"type": "Feature", "geometry": {"type": "LineString", "coordinates": [[72.566083, 23.035033], [72.566141, 23.035052], [72.56622, 23.035017]]}, "properties": {"feature_type": "edge", "u": 357, "v": 358, "edge_key": 0, "length_m": 16.485, "is_bridged": false, "is_bridge": false, "edge_betweenness": 0.0, "width_m": 8.946}}, {"type": "Feature", "geometry": {"type": "LineString", "coordinates": [[72.566083, 23.035033], [72.566084, 23.034979]]}, "properties": {"feature_type": "edge", "u": 357, "v": 362, "edge_key": 0, "length_m": 6.0, "is_bridged": false, "is_bridge": false, "edge_betweenness": 0.0, "width_m": 9.734}}, {"type": "Feature", "geometry": {"type": "LineString", "coordinates": [[72.56622, 23.035017], [72.566239, 23.035035], [72.566317, 23.035019]]}, "properties": {"feature_type": "edge", "u": 358, "v": 359, "edge_key": 0, "length_m": 11.657, "is_bridged": false, "is_bridge": false, "edge_betweenness": 0.0, "width_m": 8.663}}, {"type": "Feature", "geometry": {"type": "LineString", "coordinates": [[72.56622, 23.035017], [72.566221, 23.034963]]}, "properties": {"feature_type": "edge", "u": 358, "v": 364, "edge_key": 0, "length_m": 6.0, "is_bridged": false, "is_bridge": false, "edge_betweenness": 0.0, "width_m": 9.734}}, {"type": "Feature", "geometry": {"type": "LineString", "coordinates": [[72.566317, 23.035019], [72.566434, 23.035002]]}, "properties": {"feature_type": "edge", "u": 359, "v": 363, "edge_key": 0, "length_m": 12.828, "is_bridged": false, "is_bridge": false, "edge_betweenness": 0.0, "width_m": 8.0}}, {"type": "Feature", "geometry": {"type": "LineString", "coordinates": [[72.566317, 23.035019], [72.566318, 23.034946]]}, "properties": {"feature_type": "edge", "u": 359, "v": 368, "edge_key": 0, "length_m": 8.0, "is_bridged": false, "is_bridge": false, "edge_betweenness": 0.0, "width_m": 8.315}}, {"type": "Feature", "geometry": {"type": "LineString", "coordinates": [[72.571447, 23.035079], [72.571506, 23.035044], [72.571508, 23.0349], [72.57147, 23.034863]]}, "properties": {"feature_type": "edge", "u": 360, "v": 393, "edge_key": 0, "length_m": 28.957, "is_bridged": false, "is_bridge": false, "edge_betweenness": 0.0, "width_m": 9.803}}, {"type": "Feature", "geometry": {"type": "LineString", "coordinates": [[72.571447, 23.035079], [72.571408, 23.035043], [72.57141, 23.034952], [72.57147, 23.034863]]}, "properties": {"feature_type": "edge", "u": 360, "v": 393, "edge_key": 1, "length_m": 28.142, "is_bridged": false, "is_bridge": false, "edge_betweenness": 0.0, "width_m": 9.466}}, {"type": "Feature", "geometry": {"type": "LineString", "coordinates": [[72.565889, 23.034976], [72.566084, 23.034979]]}, "properties": {"feature_type": "edge", "u": 361, "v": 362, "edge_key": 0, "length_m": 20.0, "is_bridged": false, "is_bridge": false, "edge_betweenness": 0.0, "width_m": 9.397}}, {"type": "Feature", "geometry": {"type": "LineString", "coordinates": [[72.565889, 23.034976], [72.565793, 23.034848], [72.565315, 23.034335], [72.565316, 23.034299], [72.565752, 23.033908]]}, "properties": {"feature_type": "edge", "u": 361, "v": 429, "edge_key": 0, "length_m": 161.078, "is_bridged": false, "is_bridge": false, "edge_betweenness": 0.0, "width_m": 9.458}}, {"type": "Feature", "geometry": {"type": "LineString", "coordinates": [[72.566084, 23.034979], [72.566103, 23.034961], [72.566221, 23.034963]]}, "properties": {"feature_type": "edge", "u": 362, "v": 364, "edge_key": 0, "length_m": 14.828, "is_bridged": false, "is_bridge": false, "edge_betweenness": 0.0, "width_m": 8.54}}, {"type": "Feature", "geometry": {"type": "LineString", "coordinates": [[72.566434, 23.035002], [72.566552, 23.034986]]}, "properties": {"feature_type": "edge", "u": 363, "v": 365, "edge_key": 0, "length_m": 12.828, "is_bridged": false, "is_bridge": false, "edge_betweenness": 0.0, "width_m": 8.0}}, {"type": "Feature", "geometry": {"type": "LineString", "coordinates": [[72.566434, 23.035002], [72.566436, 23.03493]]}, "properties": {"feature_type": "edge", "u": 363, "v": 370, "edge_key": 0, "length_m": 8.0, "is_bridged": false, "is_bridge": false, "edge_betweenness": 0.0, "width_m": 8.315}}, {"type": "Feature", "geometry": {"type": "LineString", "coordinates": [[72.566221, 23.034963], [72.56624, 23.034945], [72.566318, 23.034946]]}, "properties": {"feature_type": "edge", "u": 364, "v": 368, "edge_key": 0, "length_m": 10.828, "is_bridged": false, "is_bridge": false, "edge_betweenness": 0.0, "width_m": 8.567}}, {"type": "Feature", "geometry": {"type": "LineString", "coordinates": [[72.566552, 23.034986], [72.56665, 23.03497]]}, "properties": {"feature_type": "edge", "u": 365, "v": 369, "edge_key": 0, "length_m": 10.472, "is_bridged": false, "is_bridge": false, "edge_betweenness": 0.0, "width_m": 8.236}}, {"type": "Feature", "geometry": {"type": "LineString", "coordinates": [[72.566552, 23.034986], [72.566534, 23.034914]]}, "properties": {"feature_type": "edge", "u": 365, "v": 373, "edge_key": 0, "length_m": 8.828, "is_bridged": false, "is_bridge": false, "edge_betweenness": 0.0, "width_m": 6.65}}, {"type": "Feature", "geometry": {"type": "LineString", "coordinates": [[72.569068, 23.035007], [72.56903, 23.03497], [72.568738, 23.034893]]}, "properties": {"feature_type": "edge", "u": 366, "v": 379, "edge_key": 0, "length_m": 38.614, "is_bridged": false, "is_bridge": false, "edge_betweenness": 0.0, "width_m": 9.24}}, {"type": "Feature", "geometry": {"type": "LineString", "coordinates": [[72.569068, 23.035007], [72.569166, 23.03499]]}, "properties": {"feature_type": "edge", "u": 366, "v": 367, "edge_key": 0, "length_m": 10.325, "is_bridged": false, "is_bridge": false, "edge_betweenness": 0.0, "width_m": 12.164}}, {"type": "Feature", "geometry": {"type": "LineString", "coordinates": [[72.569166, 23.03499], [72.569186, 23.034972]]}, "properties": {"feature_type": "edge", "u": 367, "v": 860, "edge_key": 0, "length_m": 2.828, "is_bridged": false, "is_bridge": false, "edge_betweenness": 0.0, "width_m": 4.0}}, {"type": "Feature", "geometry": {"type": "LineString", "coordinates": [[72.569186, 23.034972], [72.569166, 23.03499]]}, "properties": {"feature_type": "edge", "u": 367, "v": 860, "edge_key": 1, "length_m": 2.828, "is_bridged": false, "is_bridge": false, "edge_betweenness": 0.0, "width_m": 4.0}}, {"type": "Feature", "geometry": {"type": "LineString", "coordinates": [[72.569166, 23.03499], [72.569244, 23.034973], [72.569245, 23.034937]]}, "properties": {"feature_type": "edge", "u": 367, "v": 374, "edge_key": 0, "length_m": 12.246, "is_bridged": false, "is_bridge": false, "edge_betweenness": 0.0, "width_m": 6.2}}, {"type": "Feature", "geometry": {"type": "LineString", "coordinates": [[72.569166, 23.03499], [72.569127, 23.034953], [72.569148, 23.034918]]}, "properties": {"feature_type": "edge", "u": 367, "v": 380, "edge_key": 0, "length_m": 10.485, "is_bridged": false, "is_bridge": false, "edge_betweenness": 0.0, "width_m": 11.768}}, {"type": "Feature", "geometry": {"type": "LineString", "coordinates": [[72.566318, 23.034946], [72.566338, 23.034929], [72.566436, 23.03493]]}, "properties": {"feature_type": "edge", "u": 368, "v": 370, "edge_key": 0, "length_m": 12.828, "is_bridged": false, "is_bridge": false, "edge_betweenness": 0.0, "width_m": 8.472}}, {"type": "Feature", "geometry": {"type": "LineString", "coordinates": [[72.56665, 23.03497], [72.566747, 23.034953]]}, "properties": {"feature_type": "edge", "u": 369, "v": 371, "edge_key": 0, "length_m": 10.828, "is_bridged": false, "is_bridge": false, "edge_betweenness": 0.0, "width_m": 8.236}}, {"type": "Feature", "geometry": {"type": "LineString", "coordinates": [[72.56665, 23.03497], [72.566631, 23.034897]]}, "properties": {"feature_type": "edge", "u": 369, "v": 375, "edge_key": 0, "length_m": 8.828, "is_bridged": false, "is_bridge": false, "edge_betweenness": 0.0, "width_m": 6.886}}, {"type": "Feature", "geometry": {"type": "LineString", "coordinates": [[72.566436, 23.03493], [72.566456, 23.034912], [72.566534, 23.034914]]}, "properties": {"feature_type": "edge", "u": 370, "v": 373, "edge_key": 0, "length_m": 10.828, "is_bridged": false, "is_bridge": false, "edge_betweenness": 0.0, "width_m": 8.472}}, {"type": "Feature", "geometry": {"type": "LineString", "coordinates": [[72.566747, 23.034953], [72.566826, 23.034936]]}, "properties": {"feature_type": "edge", "u": 371, "v": 372, "edge_key": 0, "length_m": 8.472, "is_bridged": false, "is_bridge": false, "edge_betweenness": 0.0, "width_m": 8.315}}, {"type": "Feature", "geometry": {"type": "LineString", "coordinates": [[72.566747, 23.034953], [72.56673, 23.034862]]}, "properties": {"feature_type": "edge", "u": 371, "v": 376, "edge_key": 0, "length_m": 10.472, "is_bridged": false, "is_bridge": false, "edge_betweenness": 0.0, "width_m": 7.243}}, {"type": "Feature", "geometry": {"type": "LineString", "coordinates": [[72.566826, 23.034936], [72.566924, 23.03492], [72.566944, 23.034866]]}, "properties": {"feature_type": "edge", "u": 372, "v": 378, "edge_key": 0, "length_m": 17.657, "is_bridged": false, "is_bridge": false, "edge_betweenness": 0.0, "width_m": 9.505}}, {"type": "Feature", "geometry": {"type": "LineString", "coordinates": [[72.566826, 23.034936], [72.566827, 23.034864]]}, "properties": {"feature_type": "edge", "u": 372, "v": 377, "edge_key": 0, "length_m": 8.0, "is_bridged": false, "is_bridge": false, "edge_betweenness": 0.0, "width_m": 8.63}}, {"type": "Feature", "geometry": {"type": "LineString", "coordinates": [[72.566534, 23.034914], [72.566553, 23.034896], [72.566631, 23.034897]]}, "properties": {"feature_type": "edge", "u": 373, "v": 375, "edge_key": 0, "length_m": 10.828, "is_bridged": false, "is_bridge": false, "edge_betweenness": 0.0, "width_m": 8.472}}, {"type": "Feature", "geometry": {"type": "LineString", "coordinates": [[72.569245, 23.034937], [72.569148, 23.034918]]}, "properties": {"feature_type": "edge", "u": 374, "v": 380, "edge_key": 0, "length_m": 10.472, "is_bridged": false, "is_bridge": false, "edge_betweenness": 0.0, "width_m": 6.991}}, {"type": "Feature", "geometry": {"type": "LineString", "coordinates": [[72.569245, 23.034937], [72.569304, 23.034902], [72.569324, 23.034848]]}, "properties": {"feature_type": "edge", "u": 374, "v": 385, "edge_key": 0, "length_m": 13.773, "is_bridged": false, "is_bridge": false, "edge_betweenness": 0.0, "width_m": 8.709}}, {"type": "Feature", "geometry": {"type": "LineString", "coordinates": [[72.566631, 23.034897], [72.566671, 23.034862]]}, "properties": {"feature_type": "edge", "u": 375, "v": 381, "edge_key": 0, "length_m": 5.657, "is_bridged": false, "is_bridge": false, "edge_betweenness": 0.0, "width_m": 9.963}}, {"type": "Feature", "geometry": {"type": "LineString", "coordinates": [[72.56673, 23.034862], [72.566671, 23.034862]]}, "properties": {"feature_type": "edge", "u": 376, "v": 381, "edge_key": 0, "length_m": 6.0, "is_bridged": false, "is_bridge": false, "edge_betweenness": 0.0, "width_m": 11.771}}, {"type": "Feature", "geometry": {"type": "LineString", "coordinates": [[72.56673, 23.034862], [72.566827, 23.034864]]}, "properties": {"feature_type": "edge", "u": 376, "v": 377, "edge_key": 0, "length_m": 10.0, "is_bridged": false, "is_bridge": false, "edge_betweenness": 0.0, "width_m": 9.064}}, {"type": "Feature", "geometry": {"type": "LineString", "coordinates": [[72.566827, 23.034864], [72.566847, 23.034846], [72.566925, 23.034847], [72.566944, 23.034866]]}, "properties": {"feature_type": "edge", "u": 377, "v": 378, "edge_key": 0, "length_m": 13.657, "is_bridged": false, "is_bridge": false, "edge_betweenness": 0.0, "width_m": 9.542}}, {"type": "Feature", "geometry": {"type": "LineString", "coordinates": [[72.566944, 23.034866], [72.567257, 23.034816], [72.567395, 23.034764], [72.567492, 23.034766]]}, "properties": {"feature_type": "edge", "u": 378, "v": 394, "edge_key": 0, "length_m": 60.971, "is_bridged": false, "is_bridge": false, "edge_betweenness": 0.0, "width_m": 12.122}}, {"type": "Feature", "geometry": {"type": "LineString", "coordinates": [[72.568738, 23.034893], [72.568622, 23.034873], [72.568545, 23.034818]]}, "properties": {"feature_type": "edge", "u": 379, "v": 392, "edge_key": 0, "length_m": 22.957, "is_bridged": false, "is_bridge": false, "edge_betweenness": 0.0, "width_m": 9.48}}, {"type": "Feature", "geometry": {"type": "LineString", "coordinates": [[72.569148, 23.034918], [72.569169, 23.034792]]}, "properties": {"feature_type": "edge", "u": 380, "v": 395, "edge_key": 0, "length_m": 14.472, "is_bridged": false, "is_bridge": false, "edge_betweenness": 0.0, "width_m": 15.685}}, {"type": "Feature", "geometry": {"type": "LineString", "coordinates": [[72.566671, 23.034862], [72.565925, 23.034056], [72.565752, 23.033908]]}, "properties": {"feature_type": "edge", "u": 381, "v": 429, "edge_key": 0, "length_m": 144.936, "is_bridged": false, "is_bridge": false, "edge_betweenness": 0.0, "width_m": 9.286}}, {"type": "Feature", "geometry": {"type": "LineString", "coordinates": [[72.557155, 23.034661], [72.557138, 23.034516]]}, "properties": {"feature_type": "edge", "u": 382, "v": 404, "edge_key": 0, "length_m": 16.828, "is_bridged": false, "is_bridge": false, "edge_betweenness": 0.0, "width_m": 8.608}}, {"type": "Feature", "geometry": {"type": "LineString", "coordinates": [[72.562401, 23.034742], [72.562343, 23.034687], [72.562251, 23.034396], [72.562253, 23.034306]]}, "properties": {"feature_type": "edge", "u": 383, "v": 415, "edge_key": 0, "length_m": 55.443, "is_bridged": false, "is_bridge": false, "edge_betweenness": 0.0, "width_m": 8.804}}, {"type": "Feature", "geometry": {"type": "LineString", "coordinates": [[72.562401, 23.034742], [72.562832, 23.034622]]}, "properties": {"feature_type": "edge", "u": 383, "v": 405, "edge_key": 0, "length_m": 49.443, "is_bridged": false, "is_bridge": true, "edge_betweenness": 0.0, "width_m": 8.623}}, {"type": "Feature", "geometry": {"type": "LineString", "coordinates": [[72.563493, 23.034776], [72.563551, 23.034777], [72.564084, 23.034424], [72.564163, 23.034408]]}, "properties": {"feature_type": "edge", "u": 384, "v": 414, "edge_key": 0, "length_m": 85.041, "is_bridged": false, "is_bridge": false, "edge_betweenness": 0.0, "width_m": 9.275}}, {"type": "Feature", "geometry": {"type": "LineString", "coordinates": [[72.563493, 23.034776], [72.563112, 23.033146]]}, "properties": {"feature_type": "edge", "u": 384, "v": 450, "edge_key": 0, "length_m": 197.397, "is_bridged": false, "is_bridge": false, "edge_betweenness": 0.0, "width_m": 8.365}}, {"type": "Feature", "geometry": {"type": "LineString", "coordinates": [[72.569324, 23.034848], [72.569169, 23.034792]]}, "properties": {"feature_type": "edge", "u": 385, "v": 395, "edge_key": 0, "length_m": 17.625, "is_bridged": false, "is_bridge": false, "edge_betweenness": 0.0, "width_m": 11.094}}, {"type": "Feature", "geometry": {"type": "LineString", "coordinates": [[72.569324, 23.034848], [72.569363, 23.034849], [72.569678, 23.034691], [72.570132, 23.034409], [72.570388, 23.034287], [72.570564, 23.034235], [72.570916, 23.034205], [72.57119, 23.034137], [72.571503, 23.034105]]}, "properties": {"feature_type": "edge", "u": 385, "v": 422, "edge_key": 0, "length_m": 257.622, "is_bridged": false, "is_bridge": false, "edge_betweenness": 0.0, "width_m": 8.834}}, {"type": "Feature", "geometry": {"type": "LineString", "coordinates": [[72.568135, 23.03483], [72.56792, 23.034827], [72.567882, 23.034808]]}, "properties": {"feature_type": "edge", "u": 386, "v": 390, "edge_key": 0, "length_m": 26.472, "is_bridged": false, "is_bridge": false, "edge_betweenness": 0.0, "width_m": 8.157}}, {"type": "Feature", "geometry": {"type": "LineString", "coordinates": [[72.568135, 23.03483], [72.568173, 23.034849], [72.568427, 23.034852], [72.568467, 23.034817]]}, "properties": {"feature_type": "edge", "u": 386, "v": 391, "edge_key": 0, "length_m": 36.129, "is_bridged": false, "is_bridge": false, "edge_betweenness": 0.0, "width_m": 8.761}}, {"type": "Feature", "geometry": {"type": "LineString", "coordinates": [[72.568135, 23.03483], [72.568136, 23.034758]]}, "properties": {"feature_type": "edge", "u": 386, "v": 398, "edge_key": 0, "length_m": 8.0, "is_bridged": false, "is_bridge": false, "edge_betweenness": 0.0, "width_m": 7.296}}, {"type": "Feature", "geometry": {"type": "LineString", "coordinates": [[72.567784, 23.034788], [72.567882, 23.034808]]}, "properties": {"feature_type": "edge", "u": 389, "v": 390, "edge_key": 0, "length_m": 10.472, "is_bridged": false, "is_bridge": false, "edge_betweenness": 0.0, "width_m": 9.842}}, {"type": "Feature", "geometry": {"type": "LineString", "coordinates": [[72.567784, 23.034788], [72.567706, 23.034787], [72.567687, 23.034769]]}, "properties": {"feature_type": "edge", "u": 389, "v": 397, "edge_key": 0, "length_m": 10.828, "is_bridged": false, "is_bridge": false, "edge_betweenness": 0.0, "width_m": 9.842}}, {"type": "Feature", "geometry": {"type": "LineString", "coordinates": [[72.567784, 23.034788], [72.567805, 23.034698]]}, "properties": {"feature_type": "edge", "u": 389, "v": 402, "edge_key": 0, "length_m": 10.472, "is_bridged": false, "is_bridge": false, "edge_betweenness": 0.0, "width_m": 11.004}}, {"type": "Feature", "geometry": {"type": "LineString", "coordinates": [[72.567882, 23.034808], [72.567902, 23.034736]]}, "properties": {"feature_type": "edge", "u": 390, "v": 399, "edge_key": 0, "length_m": 8.472, "is_bridged": false, "is_bridge": false, "edge_betweenness": 0.0, "width_m": 6.2}}, {"type": "Feature", "geometry": {"type": "LineString", "coordinates": [[72.568467, 23.034817], [72.568545, 23.034818]]}, "properties": {"feature_type": "edge", "u": 391, "v": 392, "edge_key": 0, "length_m": 8.0, "is_bridged": false, "is_bridge": false, "edge_betweenness": 0.0, "width_m": 15.0}}, {"type": "Feature", "geometry": {"type": "LineString", "coordinates": [[72.568467, 23.034817], [72.568409, 23.034762], [72.568136, 23.034758]]}, "properties": {"feature_type": "edge", "u": 391, "v": 398, "edge_key": 0, "length_m": 36.485, "is_bridged": false, "is_bridge": false, "edge_betweenness": 0.0, "width_m": 8.873}}, {"type": "Feature", "geometry": {"type": "LineString", "coordinates": [[72.568545, 23.034818], [72.568565, 23.034782], [72.56876, 23.034767], [72.56878, 23.03475], [72.569053, 23.034754], [72.569169, 23.034792]]}, "properties": {"feature_type": "edge", "u": 392, "v": 395, "edge_key": 0, "length_m": 69.282, "is_bridged": false, "is_bridge": false, "edge_betweenness": 0.0, "width_m": 8.708}}, {"type": "Feature", "geometry": {"type": "LineString", "coordinates": [[72.57147, 23.034863], [72.571475, 23.034574]]}, "properties": {"feature_type": "edge", "u": 393, "v": 411, "edge_key": 0, "length_m": 32.0, "is_bridged": false, "is_bridge": false, "edge_betweenness": 0.0, "width_m": 16.0}}, {"type": "Feature", "geometry": {"type": "LineString", "coordinates": [[72.567492, 23.034766], [72.567493, 23.03473], [72.567572, 23.034677]]}, "properties": {"feature_type": "edge", "u": 394, "v": 400, "edge_key": 0, "length_m": 14.04, "is_bridged": false, "is_bridge": false, "edge_betweenness": 0.0, "width_m": 7.991}}, {"type": "Feature", "geometry": {"type": "LineString", "coordinates": [[72.569169, 23.034792], [72.569209, 23.034756], [72.56921, 23.034702], [72.569352, 23.034379]]}, "properties": {"feature_type": "edge", "u": 395, "v": 407, "edge_key": 0, "length_m": 50.541, "is_bridged": false, "is_bridge": false, "edge_betweenness": 0.0, "width_m": 14.593}}, {"type": "Feature", "geometry": {"type": "LineString", "coordinates": [[72.567687, 23.034769], [72.567648, 23.034768], [72.567572, 23.034677]]}, "properties": {"feature_type": "edge", "u": 397, "v": 400, "edge_key": 0, "length_m": 16.868, "is_bridged": false, "is_bridge": false, "edge_betweenness": 0.0, "width_m": 6.778}}, {"type": "Feature", "geometry": {"type": "LineString", "coordinates": [[72.567687, 23.034769], [72.567708, 23.034697]]}, "properties": {"feature_type": "edge", "u": 397, "v": 401, "edge_key": 0, "length_m": 8.472, "is_bridged": false, "is_bridge": false, "edge_betweenness": 0.0, "width_m": 6.2}}, {"type": "Feature", "geometry": {"type": "LineString", "coordinates": [[72.568136, 23.034758], [72.568117, 23.034739], [72.567902, 23.034736]]}, "properties": {"feature_type": "edge", "u": 398, "v": 399, "edge_key": 0, "length_m": 24.828, "is_bridged": false, "is_bridge": false, "edge_betweenness": 0.0, "width_m": 7.962}}, {"type": "Feature", "geometry": {"type": "LineString", "coordinates": [[72.567902, 23.034736], [72.567805, 23.034698]]}, "properties": {"feature_type": "edge", "u": 399, "v": 402, "edge_key": 0, "length_m": 11.301, "is_bridged": false, "is_bridge": false, "edge_betweenness": 0.0, "width_m": 8.461}}, {"type": "Feature", "geometry": {"type": "LineString", "coordinates": [[72.567572, 23.034677], [72.567689, 23.034679], [72.567708, 23.034697]]}, "properties": {"feature_type": "edge", "u": 400, "v": 401, "edge_key": 0, "length_m": 14.828, "is_bridged": false, "is_bridge": false, "edge_betweenness": 0.0, "width_m": 5.414}}, {"type": "Feature", "geometry": {"type": "LineString", "coordinates": [[72.567572, 23.034677], [72.567514, 23.034622], [72.567496, 23.034567]]}, "properties": {"feature_type": "edge", "u": 400, "v": 408, "edge_key": 0, "length_m": 14.957, "is_bridged": false, "is_bridge": false, "edge_betweenness": 0.0, "width_m": 12.715}}, {"type": "Feature", "geometry": {"type": "LineString", "coordinates": [[72.567708, 23.034697], [72.567805, 23.034698]]}, "properties": {"feature_type": "edge", "u": 401, "v": 402, "edge_key": 0, "length_m": 10.0, "is_bridged": false, "is_bridge": false, "edge_betweenness": 0.0, "width_m": 8.813}}, {"type": "Feature", "geometry": {"type": "LineString", "coordinates": [[72.567805, 23.034698], [72.568055, 23.033836], [72.568119, 23.03353], [72.568201, 23.033296], [72.568265, 23.03299], [72.568348, 23.032757], [72.568412, 23.032451], [72.568494, 23.032217], [72.568495, 23.032145], [72.568536, 23.032055]]}, "properties": {"feature_type": "edge", "u": 402, "v": 484, "edge_key": 0, "length_m": 322.639, "is_bridged": false, "is_bridge": false, "edge_betweenness": 0.0, "width_m": 8.35}}, {"type": "Feature", "geometry": {"type": "LineString", "coordinates": [[72.555207, 23.034504], [72.555265, 23.034523], [72.555518, 23.034527], [72.555538, 23.034509], [72.556318, 23.034521], [72.556338, 23.034504], [72.557138, 23.034516]]}, "properties": {"feature_type": "edge", "u": 403, "v": 404, "edge_key": 0, "length_m": 200.485, "is_bridged": false, "is_bridge": true, "edge_betweenness": 0.0, "width_m": 8.012}}, {"type": "Feature", "geometry": {"type": "LineString", "coordinates": [[72.557138, 23.034516], [72.55715, 23.033812]]}, "properties": {"feature_type": "edge", "u": 404, "v": 425, "edge_key": 0, "length_m": 78.0, "is_bridged": false, "is_bridge": false, "edge_betweenness": 0.0, "width_m": 8.199}}, {"type": "Feature", "geometry": {"type": "LineString", "coordinates": [[72.558776, 23.034541], [72.559089, 23.03451], [72.559108, 23.034492], [72.559225, 23.034494], [72.559363, 23.03446], [72.55948, 23.034462], [72.559715, 23.034411]]}, "properties": {"feature_type": "edge", "u": 406, "v": 410, "edge_key": 0, "length_m": 102.627, "is_bridged": false, "is_bridge": true, "edge_betweenness": 0.0, "width_m": 8.255}}, {"type": "Feature", "geometry": {"type": "LineString", "coordinates": [[72.569352, 23.034379], [72.569492, 23.034201], [72.569493, 23.034129]]}, "properties": {"feature_type": "edge", "u": 407, "v": 421, "edge_key": 0, "length_m": 32.413, "is_bridged": false, "is_bridge": false, "edge_betweenness": 0.0, "width_m": 6.65}}, {"type": "Feature", "geometry": {"type": "LineString", "coordinates": [[72.569352, 23.034379], [72.569454, 23.034146], [72.569493, 23.034129]]}, "properties": {"feature_type": "edge", "u": 407, "v": 421, "edge_key": 1, "length_m": 32.329, "is_bridged": false, "is_bridge": false, "edge_betweenness": 0.0, "width_m": 4.552}}, {"type": "Feature", "geometry": {"type": "LineString", "coordinates": [[72.569352, 23.034379], [72.569475, 23.034092], [72.569493, 23.034129]]}, "properties": {"feature_type": "edge", "u": 407, "v": 421, "edge_key": 2, "length_m": 38.648, "is_bridged": false, "is_bridge": false, "edge_betweenness": 0.0, "width_m": 4.552}}, {"type": "Feature", "geometry": {"type": "LineString", "coordinates": [[72.569352, 23.034379], [72.569456, 23.034056], [72.569515, 23.034039]]}, "properties": {"feature_type": "edge", "u": 407, "v": 423, "edge_key": 0, "length_m": 43.688, "is_bridged": false, "is_bridge": false, "edge_betweenness": 0.0, "width_m": 4.552}}, {"type": "Feature", "geometry": {"type": "LineString", "coordinates": [[72.567496, 23.034567], [72.567437, 23.034548], [72.566498, 23.033613], [72.565808, 23.03297]]}, "properties": {"feature_type": "edge", "u": 408, "v": 458, "edge_key": 0, "length_m": 249.704, "is_bridged": false, "is_bridge": false, "edge_betweenness": 0.0, "width_m": 16.297}}, {"type": "Feature", "geometry": {"type": "LineString", "coordinates": [[72.567496, 23.034567], [72.567555, 23.034514], [72.567557, 23.034424], [72.567577, 23.034406], [72.56762, 23.034136], [72.567661, 23.034028], [72.567663, 23.033938], [72.567704, 23.03383], [72.567707, 23.033668]]}, "properties": {"feature_type": "edge", "u": 408, "v": 436, "edge_key": 0, "length_m": 108.284, "is_bridged": false, "is_bridge": false, "edge_betweenness": 0.0, "width_m": 8.612}}, {"type": "Feature", "geometry": {"type": "LineString", "coordinates": [[72.559715, 23.034411], [72.559851, 23.034413], [72.559871, 23.034396], [72.559968, 23.034397], [72.559988, 23.034379], [72.560086, 23.034381], [72.56034, 23.034331], [72.560477, 23.034333], [72.560497, 23.034315], [72.560555, 23.034334]]}, "properties": {"feature_type": "edge", "u": 410, "v": 413, "edge_key": 0, "length_m": 91.295, "is_bridged": false, "is_bridge": false, "edge_betweenness": 0.0, "width_m": 8.627}}, {"type": "Feature", "geometry": {"type": "LineString", "coordinates": [[72.559715, 23.034411], [72.559678, 23.034284], [72.559633, 23.033525]]}, "properties": {"feature_type": "edge", "u": 410, "v": 437, "edge_key": 0, "length_m": 102.142, "is_bridged": false, "is_bridge": false, "edge_betweenness": 0.0, "width_m": 8.292}}, {"type": "Feature", "geometry": {"type": "LineString", "coordinates": [[72.571475, 23.034574], [72.571631, 23.034577]]}, "properties": {"feature_type": "edge", "u": 411, "v": 412, "edge_key": 0, "length_m": 16.0, "is_bridged": false, "is_bridge": false, "edge_betweenness": 0.0, "width_m": 11.142}}, {"type": "Feature", "geometry": {"type": "LineString", "coordinates": [[72.571475, 23.034574], [72.571503, 23.034105]]}, "properties": {"feature_type": "edge", "u": 411, "v": 422, "edge_key": 0, "length_m": 52.828, "is_bridged": false, "is_bridge": false, "edge_betweenness": 0.0, "width_m": 16.219}}, {"type": "Feature", "geometry": {"type": "LineString", "coordinates": [[72.571631, 23.034577], [72.571645, 23.033819], [72.571607, 23.033782]]}, "properties": {"feature_type": "edge", "u": 412, "v": 435, "edge_key": 0, "length_m": 89.657, "is_bridged": false, "is_bridge": false, "edge_betweenness": 0.0, "width_m": 8.481}}, {"type": "Feature", "geometry": {"type": "LineString", "coordinates": [[72.560555, 23.034334], [72.560575, 23.034298]]}, "properties": {"feature_type": "edge", "u": 413, "v": 861, "edge_key": 0, "length_m": 4.472, "is_bridged": false, "is_bridge": false, "edge_betweenness": 0.0, "width_m": 6.667}}, {"type": "Feature", "geometry": {"type": "LineString", "coordinates": [[72.560575, 23.034298], [72.560555, 23.034334]]}, "properties": {"feature_type": "edge", "u": 413, "v": 861, "edge_key": 1, "length_m": 4.472, "is_bridged": false, "is_bridge": false, "edge_betweenness": 0.0, "width_m": 6.667}}, {"type": "Feature", "geometry": {"type": "LineString", "coordinates": [[72.560555, 23.034334], [72.560482, 23.034044]]}, "properties": {"feature_type": "edge", "u": 413, "v": 420, "edge_key": 0, "length_m": 33.797, "is_bridged": false, "is_bridge": false, "edge_betweenness": 0.0, "width_m": 13.696}}, {"type": "Feature", "geometry": {"type": "LineString", "coordinates": [[72.564163, 23.034408], [72.564164, 23.034335]]}, "properties": {"feature_type": "edge", "u": 414, "v": 416, "edge_key": 0, "length_m": 8.0, "is_bridged": false, "is_bridge": false, "edge_betweenness": 0.0, "width_m": 11.198}}, {"type": "Feature", "geometry": {"type": "LineString", "coordinates": [[72.562253, 23.034306], [72.562311, 23.034307], [72.56239, 23.034272], [72.562703, 23.034205]]}, "properties": {"feature_type": "edge", "u": 415, "v": 419, "edge_key": 0, "length_m": 50.971, "is_bridged": false, "is_bridge": true, "edge_betweenness": 0.0, "width_m": 8.572}}, {"type": "Feature", "geometry": {"type": "LineString", "coordinates": [[72.562253, 23.034306], [72.562214, 23.034269], [72.562141, 23.033979], [72.562126, 23.033762], [72.562088, 23.033671]]}, "properties": {"feature_type": "edge", "u": 415, "v": 434, "edge_key": 0, "length_m": 77.456, "is_bridged": false, "is_bridge": false, "edge_betweenness": 0.0, "width_m": 8.376}}, {"type": "Feature", "geometry": {"type": "LineString", "coordinates": [[72.564164, 23.034335], [72.564262, 23.034301], [72.564579, 23.034035], [72.564837, 23.033804], [72.564857, 23.03375]]}, "properties": {"feature_type": "edge", "u": 416, "v": 433, "edge_key": 0, "length_m": 99.325, "is_bridged": false, "is_bridge": false, "edge_betweenness": 0.0, "width_m": 9.537}}, {"type": "Feature", "geometry": {"type": "LineString", "coordinates": [[72.564164, 23.034335], [72.564126, 23.034281], [72.564053, 23.033991], [72.564055, 23.0339], [72.564018, 23.033773], [72.564021, 23.033629], [72.564001, 23.033611], [72.564005, 23.03343], [72.563985, 23.033412], [72.563988, 23.033285], [72.563969, 23.033267], [72.563971, 23.033141], [72.563952, 23.033122], [72.563935, 23.03296]]}, "properties": {"feature_type": "edge", "u": 416, "v": 457, "edge_key": 0, "length_m": 162.413, "is_bridged": false, "is_bridge": false, "edge_betweenness": 0.0, "width_m": 8.274}}, {"type": "Feature", "geometry": {"type": "LineString", "coordinates": [[72.556421, 23.034216], [72.556402, 23.03418], [72.556409, 23.033819]]}, "properties": {"feature_type": "edge", "u": 417, "v": 424, "edge_key": 0, "length_m": 44.828, "is_bridged": false, "is_bridge": true, "edge_betweenness": 0.0, "width_m": 8.151}}, {"type": "Feature", "geometry": {"type": "LineString", "coordinates": [[72.558723, 23.034233], [72.558704, 23.034179], [72.558708, 23.033962], [72.558689, 23.033944], [72.558693, 23.033745], [72.558674, 23.033709]]}, "properties": {"feature_type": "edge", "u": 418, "v": 431, "edge_key": 0, "length_m": 60.129, "is_bridged": false, "is_bridge": true, "edge_betweenness": 0.0, "width_m": 8.212}}, {"type": "Feature", "geometry": {"type": "LineString", "coordinates": [[72.560482, 23.034044], [72.560502, 23.034008]]}, "properties": {"feature_type": "edge", "u": 420, "v": 862, "edge_key": 0, "length_m": 4.472, "is_bridged": false, "is_bridge": false, "edge_betweenness": 0.0, "width_m": 6.667}}, {"type": "Feature", "geometry": {"type": "LineString", "coordinates": [[72.560502, 23.034008], [72.560482, 23.034044]]}, "properties": {"feature_type": "edge", "u": 420, "v": 862, "edge_key": 1, "length_m": 4.472, "is_bridged": false, "is_bridge": false, "edge_betweenness": 0.0, "width_m": 6.667}}, {"type": "Feature", "geometry": {"type": "LineString", "coordinates": [[72.560482, 23.034044], [72.560523, 23.033936], [72.560621, 23.033938], [72.560914, 23.03387], [72.56109, 23.033855], [72.561188, 23.03382], [72.561266, 23.033821], [72.561365, 23.033787], [72.56154, 23.033771], [72.561639, 23.033737], [72.561814, 23.033721], [72.561913, 23.033687], [72.562088, 23.033671]]}, "properties": {"feature_type": "edge", "u": 420, "v": 434, "edge_key": 0, "length_m": 186.281, "is_bridged": false, "is_bridge": false, "edge_betweenness": 0.0, "width_m": 8.333}}, {"type": "Feature", "geometry": {"type": "LineString", "coordinates": [[72.560482, 23.034044], [72.560336, 23.033464], [72.56028, 23.033373]]}, "properties": {"feature_type": "edge", "u": 420, "v": 441, "edge_key": 0, "length_m": 82.45, "is_bridged": false, "is_bridge": false, "edge_betweenness": 0.0, "width_m": 16.19}}, {"type": "Feature", "geometry": {"type": "LineString", "coordinates": [[72.569493, 23.034129], [72.569533, 23.034093], [72.569515, 23.034039]]}, "properties": {"feature_type": "edge", "u": 421, "v": 423, "edge_key": 0, "length_m": 11.981, "is_bridged": false, "is_bridge": false, "edge_betweenness": 0.0, "width_m": 4.0}}, {"type": "Feature", "geometry": {"type": "LineString", "coordinates": [[72.571503, 23.034105], [72.571507, 23.033871]]}, "properties": {"feature_type": "edge", "u": 422, "v": 432, "edge_key": 0, "length_m": 26.0, "is_bridged": false, "is_bridge": false, "edge_betweenness": 0.0, "width_m": 16.095}}, {"type": "Feature", "geometry": {"type": "LineString", "coordinates": [[72.569515, 23.034039], [72.569515, 23.034002]]}, "properties": {"feature_type": "edge", "u": 423, "v": 863, "edge_key": 0, "length_m": 4.0, "is_bridged": false, "is_bridge": false, "edge_betweenness": 0.0, "width_m": 1.333}}, {"type": "Feature", "geometry": {"type": "LineString", "coordinates": [[72.569515, 23.034002], [72.569515, 23.034039]]}, "properties": {"feature_type": "edge", "u": 423, "v": 863, "edge_key": 1, "length_m": 4.0, "is_bridged": false, "is_bridge": false, "edge_betweenness": 0.0, "width_m": 1.333}}, {"type": "Feature", "geometry": {"type": "LineString", "coordinates": [[72.569515, 23.034039], [72.569574, 23.034003], [72.569574, 23.033967]]}, "properties": {"feature_type": "edge", "u": 423, "v": 427, "edge_key": 0, "length_m": 11.211, "is_bridged": false, "is_bridge": false, "edge_betweenness": 0.0, "width_m": 4.552}}, {"type": "Feature", "geometry": {"type": "LineString", "coordinates": [[72.569515, 23.034039], [72.569477, 23.033966], [72.569497, 23.033948]]}, "properties": {"feature_type": "edge", "u": 423, "v": 430, "edge_key": 0, "length_m": 11.773, "is_bridged": false, "is_bridge": false, "edge_betweenness": 0.0, "width_m": 5.648}}, {"type": "Feature", "geometry": {"type": "LineString", "coordinates": [[72.556409, 23.033819], [72.555687, 23.033825], [72.555668, 23.033807], [72.555453, 23.033804], [72.555434, 23.033785], [72.555259, 23.033783], [72.555239, 23.033764]]}, "properties": {"feature_type": "edge", "u": 424, "v": 426, "edge_key": 0, "length_m": 123.314, "is_bridged": false, "is_bridge": true, "edge_betweenness": 0.0, "width_m": 8.118}}, {"type": "Feature", "geometry": {"type": "LineString", "coordinates": [[72.556409, 23.033819], [72.556526, 23.03382], [72.556546, 23.033803], [72.55715, 23.033812]]}, "properties": {"feature_type": "edge", "u": 424, "v": 425, "edge_key": 0, "length_m": 76.828, "is_bridged": false, "is_bridge": true, "edge_betweenness": 0.0, "width_m": 8.256}}, {"type": "Feature", "geometry": {"type": "LineString", "coordinates": [[72.55715, 23.033812], [72.55721, 23.033777]]}, "properties": {"feature_type": "edge", "u": 425, "v": 428, "edge_key": 0, "length_m": 7.657, "is_bridged": false, "is_bridge": false, "edge_betweenness": 0.0, "width_m": 10.301}}, {"type": "Feature", "geometry": {"type": "LineString", "coordinates": [[72.569574, 23.033967], [72.569497, 23.033948]]}, "properties": {"feature_type": "edge", "u": 427, "v": 430, "edge_key": 0, "length_m": 8.472, "is_bridged": false, "is_bridge": false, "edge_betweenness": 0.0, "width_m": 6.2}}, {"type": "Feature", "geometry": {"type": "LineString", "coordinates": [[72.569574, 23.033967], [72.569614, 23.03395], [72.569736, 23.033645], [72.569796, 23.033555], [72.57004, 23.033018], [72.570061, 23.032928], [72.570142, 23.032784], [72.570163, 23.032694], [72.570203, 23.032641], [72.570244, 23.032497], [72.57063, 23.031672], [72.570675, 23.031348], [72.570695, 23.03133], [72.570666, 23.03077]]}, "properties": {"feature_type": "edge", "u": 427, "v": 563, "edge_key": 0, "length_m": 404.036, "is_bridged": false, "is_bridge": false, "edge_betweenness": 0.0, "width_m": 8.49}}, {"type": "Feature", "geometry": {"type": "LineString", "coordinates": [[72.55721, 23.033777], [72.557229, 23.033795], [72.557443, 23.033798], [72.557463, 23.033781], [72.557736, 23.033785], [72.557756, 23.033767], [72.55797, 23.03377], [72.55799, 23.033753], [72.558185, 23.033756], [72.558205, 23.033738], [72.558342, 23.03374], [72.558361, 23.033722], [72.558674, 23.033709]]}, "properties": {"feature_type": "edge", "u": 428, "v": 431, "edge_key": 0, "length_m": 155.799, "is_bridged": false, "is_bridge": false, "edge_betweenness": 0.0, "width_m": 8.186}}, {"type": "Feature", "geometry": {"type": "LineString", "coordinates": [[72.55721, 23.033777], [72.55719, 23.033758], [72.557193, 23.033596], [72.557174, 23.033578], [72.557106, 23.032999]]}, "properties": {"feature_type": "edge", "u": 428, "v": 452, "edge_key": 0, "length_m": 90.971, "is_bridged": false, "is_bridge": false, "edge_betweenness": 0.0, "width_m": 8.51}}, {"type": "Feature", "geometry": {"type": "LineString", "coordinates": [[72.565752, 23.033908], [72.565733, 23.033854], [72.56535, 23.033469], [72.565331, 23.033415]]}, "properties": {"feature_type": "edge", "u": 429, "v": 442, "edge_key": 0, "length_m": 71.869, "is_bridged": false, "is_bridge": false, "edge_betweenness": 0.0, "width_m": 9.399}}, {"type": "Feature", "geometry": {"type": "LineString", "coordinates": [[72.569497, 23.033948], [72.569619, 23.033625], [72.570229, 23.032298], [72.57025, 23.032172]]}, "properties": {"feature_type": "edge", "u": 430, "v": 477, "edge_key": 0, "length_m": 228.652, "is_bridged": false, "is_bridge": false, "edge_betweenness": 0.0, "width_m": 8.602}}, {"type": "Feature", "geometry": {"type": "LineString", "coordinates": [[72.558674, 23.033709], [72.559516, 23.033523], [72.559633, 23.033525]]}, "properties": {"feature_type": "edge", "u": 431, "v": 437, "edge_key": 0, "length_m": 107.113, "is_bridged": false, "is_bridge": false, "edge_betweenness": 0.0, "width_m": 8.616}}, {"type": "Feature", "geometry": {"type": "LineString", "coordinates": [[72.571507, 23.033871], [72.571607, 23.033782]]}, "properties": {"feature_type": "edge", "u": 432, "v": 435, "edge_key": 0, "length_m": 14.957, "is_bridged": false, "is_bridge": false, "edge_betweenness": 0.0, "width_m": 11.09}}, {"type": "Feature", "geometry": {"type": "LineString", "coordinates": [[72.571507, 23.033871], [72.571469, 23.033834], [72.571472, 23.033689], [72.571532, 23.0336]]}, "properties": {"feature_type": "edge", "u": 432, "v": 439, "edge_key": 0, "length_m": 34.142, "is_bridged": false, "is_bridge": false, "edge_betweenness": 0.0, "width_m": 9.173}}, {"type": "Feature", "geometry": {"type": "LineString", "coordinates": [[72.564857, 23.03375], [72.564033, 23.032961], [72.563935, 23.03296]]}, "properties": {"feature_type": "edge", "u": 433, "v": 457, "edge_key": 0, "length_m": 133.609, "is_bridged": false, "is_bridge": false, "edge_betweenness": 0.0, "width_m": 9.52}}, {"type": "Feature", "geometry": {"type": "LineString", "coordinates": [[72.564857, 23.03375], [72.564896, 23.033751], [72.565174, 23.033502], [72.565194, 23.033449]]}, "properties": {"feature_type": "edge", "u": 433, "v": 440, "edge_key": 0, "length_m": 50.07, "is_bridged": false, "is_bridge": false, "edge_betweenness": 0.0, "width_m": 8.892}}, {"type": "Feature", "geometry": {"type": "LineString", "coordinates": [[72.562088, 23.033671], [72.562075, 23.033328]]}, "properties": {"feature_type": "edge", "u": 434, "v": 444, "edge_key": 0, "length_m": 38.828, "is_bridged": false, "is_bridge": false, "edge_betweenness": 0.0, "width_m": 8.446}}, {"type": "Feature", "geometry": {"type": "LineString", "coordinates": [[72.571607, 23.033782], [72.571608, 23.033692]]}, "properties": {"feature_type": "edge", "u": 435, "v": 438, "edge_key": 0, "length_m": 10.0, "is_bridged": false, "is_bridge": false, "edge_betweenness": 0.0, "width_m": 15.33}}, {"type": "Feature", "geometry": {"type": "LineString", "coordinates": [[72.567707, 23.033668], [72.567668, 23.033667], [72.567572, 23.033575], [72.567247, 23.033209], [72.567171, 23.033118], [72.567153, 23.033027]]}, "properties": {"feature_type": "edge", "u": 436, "v": 456, "edge_key": 0, "length_m": 96.368, "is_bridged": false, "is_bridge": false, "edge_betweenness": 0.0, "width_m": 9.089}}, {"type": "Feature", "geometry": {"type": "LineString", "coordinates": [[72.567707, 23.033668], [72.567746, 23.03365], [72.567767, 23.033596], [72.567809, 23.033398], [72.56785, 23.033327], [72.567933, 23.033039], [72.567977, 23.032733], [72.568018, 23.032625], [72.568021, 23.032499]]}, "properties": {"feature_type": "edge", "u": 436, "v": 469, "edge_key": 0, "length_m": 143.242, "is_bridged": false, "is_bridge": false, "edge_betweenness": 0.0, "width_m": 8.305}}, {"type": "Feature", "geometry": {"type": "LineString", "coordinates": [[72.559633, 23.033525], [72.559712, 23.03349], [72.559927, 23.033476], [72.560142, 23.033407], [72.56024, 23.033408], [72.56028, 23.033373]]}, "properties": {"feature_type": "edge", "u": 437, "v": 441, "edge_key": 0, "length_m": 73.456, "is_bridged": false, "is_bridge": false, "edge_betweenness": 0.0, "width_m": 8.951}}, {"type": "Feature", "geometry": {"type": "LineString", "coordinates": [[72.571608, 23.033692], [72.571667, 23.033656], [72.571674, 23.033295], [72.571635, 23.033259]]}, "properties": {"feature_type": "edge", "u": 438, "v": 451, "edge_key": 0, "length_m": 52.957, "is_bridged": false, "is_bridge": false, "edge_betweenness": 0.0, "width_m": 8.938}}, {"type": "Feature", "geometry": {"type": "LineString", "coordinates": [[72.571608, 23.033692], [72.571532, 23.0336]]}, "properties": {"feature_type": "edge", "u": 438, "v": 439, "edge_key": 0, "length_m": 13.314, "is_bridged": false, "is_bridge": false, "edge_betweenness": 0.0, "width_m": 12.311}}, {"type": "Feature", "geometry": {"type": "LineString", "coordinates": [[72.571532, 23.0336], [72.571536, 23.033347]]}, "properties": {"feature_type": "edge", "u": 439, "v": 446, "edge_key": 0, "length_m": 28.0, "is_bridged": false, "is_bridge": false, "edge_betweenness": 0.0, "width_m": 15.761}}, {"type": "Feature", "geometry": {"type": "LineString", "coordinates": [[72.565194, 23.033449], [72.564983, 23.033265]]}, "properties": {"feature_type": "edge", "u": 440, "v": 445, "edge_key": 0, "length_m": 29.928, "is_bridged": false, "is_bridge": true, "edge_betweenness": 0.0, "width_m": 8.944}}, {"type": "Feature", "geometry": {"type": "LineString", "coordinates": [[72.565194, 23.033449], [72.565331, 23.033415]]}, "properties": {"feature_type": "edge", "u": 440, "v": 442, "edge_key": 0, "length_m": 15.301, "is_bridged": false, "is_bridge": false, "edge_betweenness": 0.0, "width_m": 9.296}}, {"type": "Feature", "geometry": {"type": "LineString", "coordinates": [[72.56028, 23.033373], [72.560263, 23.033228], [72.560114, 23.032829], [72.560097, 23.032666]]}, "properties": {"feature_type": "edge", "u": 441, "v": 461, "edge_key": 0, "length_m": 86.284, "is_bridged": false, "is_bridge": false, "edge_betweenness": 0.0, "width_m": 16.427}}, {"type": "Feature", "geometry": {"type": "LineString", "coordinates": [[72.565331, 23.033415], [72.565332, 23.033378], [72.565808, 23.03297]]}, "properties": {"feature_type": "edge", "u": 442, "v": 458, "edge_key": 0, "length_m": 71.054, "is_bridged": false, "is_bridge": false, "edge_betweenness": 0.0, "width_m": 9.633}}, {"type": "Feature", "geometry": {"type": "LineString", "coordinates": [[72.569505, 23.033479], [72.569174, 23.033419], [72.569136, 23.033383], [72.569138, 23.033274], [72.569158, 23.033257], [72.569224, 23.032824]]}, "properties": {"feature_type": "edge", "u": 443, "v": 462, "edge_key": 0, "length_m": 107.456, "is_bridged": false, "is_bridge": true, "edge_betweenness": 0.0, "width_m": 8.334}}, {"type": "Feature", "geometry": {"type": "LineString", "coordinates": [[72.562075, 23.033328], [72.562056, 23.03331], [72.562044, 23.032912], [72.562024, 23.032894], [72.562053, 23.032389], [72.562073, 23.032335]]}, "properties": {"feature_type": "edge", "u": 444, "v": 471, "edge_key": 0, "length_m": 113.638, "is_bridged": false, "is_bridge": false, "edge_betweenness": 0.0, "width_m": 8.193}}, {"type": "Feature", "geometry": {"type": "LineString", "coordinates": [[72.562075, 23.033328], [72.562545, 23.033245], [72.562604, 23.03321]]}, "properties": {"feature_type": "edge", "u": 444, "v": 447, "edge_key": 0, "length_m": 59.799, "is_bridged": false, "is_bridge": false, "edge_betweenness": 0.0, "width_m": 8.586}}, {"type": "Feature", "geometry": {"type": "LineString", "coordinates": [[72.571536, 23.033347], [72.571635, 23.033259]]}, "properties": {"feature_type": "edge", "u": 446, "v": 451, "edge_key": 0, "length_m": 14.957, "is_bridged": false, "is_bridge": false, "edge_betweenness": 0.0, "width_m": 11.09}}, {"type": "Feature", "geometry": {"type": "LineString", "coordinates": [[72.571536, 23.033347], [72.571498, 23.033311], [72.571501, 23.033112], [72.571562, 23.033023]]}, "properties": {"feature_type": "edge", "u": 446, "v": 459, "edge_key": 0, "length_m": 40.142, "is_bridged": false, "is_bridge": false, "edge_betweenness": 0.0, "width_m": 8.977}}, {"type": "Feature", "geometry": {"type": "LineString", "coordinates": [[72.562604, 23.03321], [72.562721, 23.033212], [72.562897, 23.03316], [72.563112, 23.033146]]}, "properties": {"feature_type": "edge", "u": 447, "v": 450, "edge_key": 0, "length_m": 55.314, "is_bridged": false, "is_bridge": false, "edge_betweenness": 0.0, "width_m": 8.934}}, {"type": "Feature", "geometry": {"type": "LineString", "coordinates": [[72.562604, 23.03321], [72.562513, 23.032847], [72.562475, 23.032793]]}, "properties": {"feature_type": "edge", "u": 447, "v": 460, "edge_key": 0, "length_m": 51.799, "is_bridged": false, "is_bridge": true, "edge_betweenness": 0.0, "width_m": 8.275}}, {"type": "Feature", "geometry": {"type": "LineString", "coordinates": [[72.555271, 23.033079], [72.555778, 23.033087], [72.555798, 23.033069], [72.556384, 23.03306]]}, "properties": {"feature_type": "edge", "u": 448, "v": 449, "edge_key": 0, "length_m": 115.657, "is_bridged": false, "is_bridge": true, "edge_betweenness": 0.0, "width_m": 16.0}}, {"type": "Feature", "geometry": {"type": "LineString", "coordinates": [[72.556384, 23.03306], [72.556423, 23.033042], [72.556735, 23.033029], [72.556755, 23.033011], [72.556911, 23.033014], [72.556931, 23.032996]]}, "properties": {"feature_type": "edge", "u": 449, "v": 453, "edge_key": 0, "length_m": 58.957, "is_bridged": false, "is_bridge": false, "edge_betweenness": 0.0, "width_m": 16.011}}, {"type": "Feature", "geometry": {"type": "LineString", "coordinates": [[72.556384, 23.03306], [72.556365, 23.033005], [72.556369, 23.032807], [72.556349, 23.032788], [72.556307, 23.031885]]}, "properties": {"feature_type": "edge", "u": 449, "v": 481, "edge_key": 0, "length_m": 134.142, "is_bridged": false, "is_bridge": false, "edge_betweenness": 0.0, "width_m": 8.366}}, {"type": "Feature", "geometry": {"type": "LineString", "coordinates": [[72.563112, 23.033146], [72.563152, 23.03311], [72.563935, 23.03296]]}, "properties": {"feature_type": "edge", "u": 450, "v": 457, "edge_key": 0, "length_m": 92.756, "is_bridged": false, "is_bridge": false, "edge_betweenness": 0.0, "width_m": 8.58}}, {"type": "Feature", "geometry": {"type": "LineString", "coordinates": [[72.571635, 23.033259], [72.571637, 23.03315]]}, "properties": {"feature_type": "edge", "u": 451, "v": 454, "edge_key": 0, "length_m": 12.0, "is_bridged": false, "is_bridge": false, "edge_betweenness": 0.0, "width_m": 15.442}}, {"type": "Feature", "geometry": {"type": "LineString", "coordinates": [[72.557106, 23.032999], [72.556931, 23.032996]]}, "properties": {"feature_type": "edge", "u": 452, "v": 453, "edge_key": 0, "length_m": 18.0, "is_bridged": false, "is_bridge": false, "edge_betweenness": 0.0, "width_m": 16.357}}, {"type": "Feature", "geometry": {"type": "LineString", "coordinates": [[72.557106, 23.032999], [72.557126, 23.032981], [72.557478, 23.032968], [72.557615, 23.032934]]}, "properties": {"feature_type": "edge", "u": 452, "v": 455, "edge_key": 0, "length_m": 55.314, "is_bridged": false, "is_bridge": false, "edge_betweenness": 0.0, "width_m": 16.072}}, {"type": "Feature", "geometry": {"type": "LineString", "coordinates": [[72.556931, 23.032996], [72.556939, 23.032563], [72.55692, 23.032545], [72.556926, 23.032202], [72.556907, 23.032183], [72.556912, 23.031876], [72.556893, 23.03184]]}, "properties": {"feature_type": "edge", "u": 453, "v": 485, "edge_key": 0, "length_m": 130.129, "is_bridged": false, "is_bridge": false, "edge_betweenness": 0.0, "width_m": 8.27}}, {"type": "Feature", "geometry": {"type": "LineString", "coordinates": [[72.571637, 23.03315], [72.571696, 23.033115], [72.571703, 23.032772]]}, "properties": {"feature_type": "edge", "u": 454, "v": 465, "edge_key": 0, "length_m": 45.301, "is_bridged": false, "is_bridge": false, "edge_betweenness": 0.0, "width_m": 8.2}}, {"type": "Feature", "geometry": {"type": "LineString", "coordinates": [[72.571637, 23.03315], [72.571562, 23.033023]]}, "properties": {"feature_type": "edge", "u": 454, "v": 459, "edge_key": 0, "length_m": 17.314, "is_bridged": false, "is_bridge": false, "edge_betweenness": 0.0, "width_m": 11.079}}, {"type": "Feature", "geometry": {"type": "LineString", "coordinates": [[72.557615, 23.032934], [72.557771, 23.032937], [72.557791, 23.032919], [72.557908, 23.032921], [72.557928, 23.032903], [72.558045, 23.032905], [72.558064, 23.032887], [72.558181, 23.032889], [72.558338, 23.032855], [72.55908, 23.032795], [72.5591, 23.032777], [72.559491, 23.032747], [72.559511, 23.032729], [72.559608, 23.03273], [72.559863, 23.03268], [72.559999, 23.032682], [72.560019, 23.032665]]}, "properties": {"feature_type": "edge", "u": 455, "v": 463, "edge_key": 0, "length_m": 260.083, "is_bridged": false, "is_bridge": false, "edge_betweenness": 0.0, "width_m": 15.903}}, {"type": "Feature", "geometry": {"type": "LineString", "coordinates": [[72.557615, 23.032934], [72.557578, 23.032789], [72.557581, 23.032663], [72.557562, 23.032645], [72.557564, 23.032518], [72.557545, 23.0325], [72.557479, 23.031813]]}, "properties": {"feature_type": "edge", "u": 455, "v": 486, "edge_key": 0, "length_m": 130.271, "is_bridged": false, "is_bridge": false, "edge_betweenness": 0.0, "width_m": 8.325}}, {"type": "Feature", "geometry": {"type": "LineString", "coordinates": [[72.567153, 23.033027], [72.567094, 23.033026], [72.566519, 23.032476], [72.5665, 23.032421]]}, "properties": {"feature_type": "edge", "u": 456, "v": 472, "edge_key": 0, "length_m": 97.325, "is_bridged": false, "is_bridge": false, "edge_betweenness": 0.0, "width_m": 9.797}}, {"type": "Feature", "geometry": {"type": "LineString", "coordinates": [[72.567153, 23.033027], [72.567728, 23.032513], [72.567748, 23.032459]]}, "properties": {"feature_type": "edge", "u": 456, "v": 470, "edge_key": 0, "length_m": 88.497, "is_bridged": false, "is_bridge": false, "edge_betweenness": 0.0, "width_m": 9.285}}, {"type": "Feature", "geometry": {"type": "LineString", "coordinates": [[72.563935, 23.03296], [72.563966, 23.032346], [72.563985, 23.032329], [72.563988, 23.032202], [72.564007, 23.032184], [72.564053, 23.031824], [72.564094, 23.031698], [72.56412, 23.031356]]}, "properties": {"feature_type": "edge", "u": 457, "v": 507, "edge_key": 0, "length_m": 184.627, "is_bridged": false, "is_bridge": false, "edge_betweenness": 0.0, "width_m": 8.218}}, {"type": "Feature", "geometry": {"type": "LineString", "coordinates": [[72.565808, 23.03297], [72.56577, 23.032898], [72.565118, 23.032256], [72.565023, 23.032146], [72.565004, 23.032073]]}, "properties": {"feature_type": "edge", "u": 458, "v": 478, "edge_key": 0, "length_m": 132.438, "is_bridged": false, "is_bridge": false, "edge_betweenness": 0.0, "width_m": 14.294}}, {"type": "Feature", "geometry": {"type": "LineString", "coordinates": [[72.565808, 23.03297], [72.566323, 23.032527], [72.566441, 23.032439], [72.5665, 23.032421]]}, "properties": {"feature_type": "edge", "u": 458, "v": 472, "edge_key": 0, "length_m": 95.325, "is_bridged": false, "is_bridge": false, "edge_betweenness": 0.0, "width_m": 9.395}}, {"type": "Feature", "geometry": {"type": "LineString", "coordinates": [[72.571562, 23.033023], [72.571565, 23.032806]]}, "properties": {"feature_type": "edge", "u": 459, "v": 464, "edge_key": 0, "length_m": 24.0, "is_bridged": false, "is_bridge": false, "edge_betweenness": 0.0, "width_m": 15.721}}, {"type": "Feature", "geometry": {"type": "LineString", "coordinates": [[72.560097, 23.032666], [72.560019, 23.032665]]}, "properties": {"feature_type": "edge", "u": 461, "v": 463, "edge_key": 0, "length_m": 8.0, "is_bridged": false, "is_bridge": false, "edge_betweenness": 0.0, "width_m": 21.24}}, {"type": "Feature", "geometry": {"type": "LineString", "coordinates": [[72.560097, 23.032666], [72.560117, 23.032648], [72.560312, 23.032651], [72.560332, 23.032633], [72.560449, 23.032635], [72.560606, 23.032601]]}, "properties": {"feature_type": "edge", "u": 461, "v": 466, "edge_key": 0, "length_m": 55.314, "is_bridged": false, "is_bridge": false, "edge_betweenness": 0.0, "width_m": 13.808}}, {"type": "Feature", "geometry": {"type": "LineString", "coordinates": [[72.560019, 23.032665], [72.560003, 23.032502], [72.559608, 23.031647], [72.55961, 23.031557]]}, "properties": {"feature_type": "edge", "u": 463, "v": 493, "edge_key": 0, "length_m": 140.225, "is_bridged": false, "is_bridge": false, "edge_betweenness": 0.0, "width_m": 16.203}}, {"type": "Feature", "geometry": {"type": "LineString", "coordinates": [[72.571565, 23.032806], [72.571625, 23.032771]]}, "properties": {"feature_type": "edge", "u": 464, "v": 467, "edge_key": 0, "length_m": 7.301, "is_bridged": false, "is_bridge": false, "edge_betweenness": 0.0, "width_m": 10.179}}, {"type": "Feature", "geometry": {"type": "LineString", "coordinates": [[72.571565, 23.032806], [72.571527, 23.03277], [72.571529, 23.032679], [72.571589, 23.03259]]}, "properties": {"feature_type": "edge", "u": 464, "v": 468, "edge_key": 0, "length_m": 28.142, "is_bridged": false, "is_bridge": false, "edge_betweenness": 0.0, "width_m": 9.466}}, {"type": "Feature", "geometry": {"type": "LineString", "coordinates": [[72.571703, 23.032772], [72.571625, 23.032771]]}, "properties": {"feature_type": "edge", "u": 465, "v": 467, "edge_key": 0, "length_m": 8.0, "is_bridged": false, "is_bridge": false, "edge_betweenness": 0.0, "width_m": 6.2}}, {"type": "Feature", "geometry": {"type": "LineString", "coordinates": [[72.571703, 23.032772], [72.571722, 23.032754], [72.571728, 23.032448]]}, "properties": {"feature_type": "edge", "u": 465, "v": 474, "edge_key": 0, "length_m": 36.828, "is_bridged": false, "is_bridge": false, "edge_betweenness": 0.0, "width_m": 7.74}}, {"type": "Feature", "geometry": {"type": "LineString", "coordinates": [[72.560606, 23.032601], [72.56176, 23.032421], [72.562073, 23.032335]]}, "properties": {"feature_type": "edge", "u": 466, "v": 471, "edge_key": 0, "length_m": 162.751, "is_bridged": false, "is_bridge": false, "edge_betweenness": 0.0, "width_m": 12.657}}, {"type": "Feature", "geometry": {"type": "LineString", "coordinates": [[72.560606, 23.032601], [72.560587, 23.032565], [72.560556, 23.032113], [72.560537, 23.032095], [72.560539, 23.031968], [72.56052, 23.03195], [72.560522, 23.031824], [72.560503, 23.031805], [72.560505, 23.031679], [72.560486, 23.031661], [72.56049, 23.031444]]}, "properties": {"feature_type": "edge", "u": 466, "v": 499, "edge_key": 0, "length_m": 133.443, "is_bridged": false, "is_bridge": false, "edge_betweenness": 0.0, "width_m": 8.282}}, {"type": "Feature", "geometry": {"type": "LineString", "coordinates": [[72.571625, 23.032771], [72.571627, 23.032627], [72.571589, 23.03259]]}, "properties": {"feature_type": "edge", "u": 467, "v": 468, "edge_key": 0, "length_m": 21.657, "is_bridged": false, "is_bridge": false, "edge_betweenness": 0.0, "width_m": 9.785}}, {"type": "Feature", "geometry": {"type": "LineString", "coordinates": [[72.571589, 23.03259], [72.571591, 23.032464]]}, "properties": {"feature_type": "edge", "u": 468, "v": 473, "edge_key": 0, "length_m": 14.0, "is_bridged": false, "is_bridge": false, "edge_betweenness": 0.0, "width_m": 15.521}}, {"type": "Feature", "geometry": {"type": "LineString", "coordinates": [[72.568021, 23.032499], [72.567942, 23.032498], [72.567865, 23.03246], [72.567748, 23.032459]]}, "properties": {"feature_type": "edge", "u": 469, "v": 470, "edge_key": 0, "length_m": 29.657, "is_bridged": false, "is_bridge": false, "edge_betweenness": 0.0, "width_m": 8.436}}, {"type": "Feature", "geometry": {"type": "LineString", "coordinates": [[72.568021, 23.032499], [72.56806, 23.032445], [72.568083, 23.032301], [72.568227, 23.031852], [72.568314, 23.031366], [72.568376, 23.031168], [72.568378, 23.03106], [72.56834, 23.031005]]}, "properties": {"feature_type": "edge", "u": 469, "v": 524, "edge_key": 0, "length_m": 181.384, "is_bridged": false, "is_bridge": false, "edge_betweenness": 0.0, "width_m": 8.474}}, {"type": "Feature", "geometry": {"type": "LineString", "coordinates": [[72.567748, 23.032459], [72.567729, 23.032422], [72.567574, 23.032366], [72.567075, 23.031907]]}, "properties": {"feature_type": "edge", "u": 470, "v": 488, "edge_key": 0, "length_m": 95.312, "is_bridged": false, "is_bridge": false, "edge_betweenness": 0.0, "width_m": 8.924}}, {"type": "Feature", "geometry": {"type": "LineString", "coordinates": [[72.562073, 23.032335], [72.562133, 23.032282], [72.562172, 23.032283], [72.562388, 23.032178], [72.563926, 23.031316], [72.563984, 23.031317]]}, "properties": {"feature_type": "edge", "u": 471, "v": 511, "edge_key": 0, "length_m": 242.049, "is_bridged": false, "is_bridge": false, "edge_betweenness": 0.0, "width_m": 14.029}}, {"type": "Feature", "geometry": {"type": "LineString", "coordinates": [[72.562073, 23.032335], [72.562055, 23.032263], [72.562065, 23.031703], [72.562085, 23.031685], [72.562111, 23.031361]]}, "properties": {"feature_type": "edge", "u": 471, "v": 506, "edge_key": 0, "length_m": 109.903, "is_bridged": false, "is_bridge": false, "edge_betweenness": 0.0, "width_m": 8.167}}, {"type": "Feature", "geometry": {"type": "LineString", "coordinates": [[72.5665, 23.032421], [72.566501, 23.032385], [72.567075, 23.031907]]}, "properties": {"feature_type": "edge", "u": 472, "v": 488, "edge_key": 0, "length_m": 84.368, "is_bridged": false, "is_bridge": false, "edge_betweenness": 0.0, "width_m": 9.547}}, {"type": "Feature", "geometry": {"type": "LineString", "coordinates": [[72.571591, 23.032464], [72.57165, 23.032428]]}, "properties": {"feature_type": "edge", "u": 473, "v": 475, "edge_key": 0, "length_m": 7.301, "is_bridged": false, "is_bridge": false, "edge_betweenness": 0.0, "width_m": 10.179}}, {"type": "Feature", "geometry": {"type": "LineString", "coordinates": [[72.571591, 23.032464], [72.571553, 23.032427], [72.571555, 23.032319], [72.571615, 23.032229]]}, "properties": {"feature_type": "edge", "u": 473, "v": 476, "edge_key": 0, "length_m": 30.142, "is_bridged": false, "is_bridge": false, "edge_betweenness": 0.0, "width_m": 9.353}}, {"type": "Feature", "geometry": {"type": "LineString", "coordinates": [[72.571728, 23.032448], [72.57165, 23.032428]]}, "properties": {"feature_type": "edge", "u": 474, "v": 475, "edge_key": 0, "length_m": 8.472, "is_bridged": false, "is_bridge": false, "edge_betweenness": 0.0, "width_m": 6.2}}, {"type": "Feature", "geometry": {"type": "LineString", "coordinates": [[72.571728, 23.032448], [72.571748, 23.03243], [72.571753, 23.032123]]}, "properties": {"feature_type": "edge", "u": 474, "v": 482, "edge_key": 0, "length_m": 36.828, "is_bridged": false, "is_bridge": false, "edge_betweenness": 0.0, "width_m": 7.74}}, {"type": "Feature", "geometry": {"type": "LineString", "coordinates": [[72.57165, 23.032428], [72.571653, 23.032266], [72.571615, 23.032229]]}, "properties": {"feature_type": "edge", "u": 475, "v": 476, "edge_key": 0, "length_m": 23.657, "is_bridged": false, "is_bridge": false, "edge_betweenness": 0.0, "width_m": 9.623}}, {"type": "Feature", "geometry": {"type": "LineString", "coordinates": [[72.571615, 23.032229], [72.571616, 23.032157]]}, "properties": {"feature_type": "edge", "u": 476, "v": 480, "edge_key": 0, "length_m": 8.0, "is_bridged": false, "is_bridge": false, "edge_betweenness": 0.0, "width_m": 15.162}}, {"type": "Feature", "geometry": {"type": "LineString", "coordinates": [[72.57025, 23.032172], [72.569607, 23.032144], [72.569588, 23.032126], [72.569276, 23.032121], [72.569257, 23.032103], [72.568964, 23.032098], [72.568945, 23.03208], [72.568536, 23.032055]]}, "properties": {"feature_type": "edge", "u": 477, "v": 484, "edge_key": 0, "length_m": 180.142, "is_bridged": false, "is_bridge": false, "edge_betweenness": 0.0, "width_m": 8.13}}, {"type": "Feature", "geometry": {"type": "LineString", "coordinates": [[72.57025, 23.032172], [72.57029, 23.032155], [72.570372, 23.031921], [72.570514, 23.031635], [72.570558, 23.031346], [72.570578, 23.031329], [72.570584, 23.030968], [72.570565, 23.030931]]}, "properties": {"feature_type": "edge", "u": 477, "v": 531, "edge_key": 0, "length_m": 152.542, "is_bridged": false, "is_bridge": false, "edge_betweenness": 0.0, "width_m": 8.421}}, {"type": "Feature", "geometry": {"type": "LineString", "coordinates": [[72.565004, 23.032073], [72.564927, 23.032054], [72.56485, 23.031981], [72.56439, 23.031504], [72.564276, 23.031358]]}, "properties": {"feature_type": "edge", "u": 478, "v": 508, "edge_key": 0, "length_m": 112.995, "is_bridged": false, "is_bridge": false, "edge_betweenness": 0.0, "width_m": 14.428}}, {"type": "Feature", "geometry": {"type": "LineString", "coordinates": [[72.565004, 23.032073], [72.565481, 23.031611]]}, "properties": {"feature_type": "edge", "u": 478, "v": 496, "edge_key": 0, "length_m": 71.882, "is_bridged": false, "is_bridge": true, "edge_betweenness": 0.0, "width_m": 9.584}}, {"type": "Feature", "geometry": {"type": "LineString", "coordinates": [[72.555234, 23.031923], [72.555722, 23.031912], [72.555741, 23.031894], [72.555975, 23.031898], [72.555995, 23.03188], [72.556307, 23.031885]]}, "properties": {"feature_type": "edge", "u": 479, "v": 481, "edge_key": 0, "length_m": 112.485, "is_bridged": false, "is_bridge": true, "edge_betweenness": 0.0, "width_m": 8.112}}, {"type": "Feature", "geometry": {"type": "LineString", "coordinates": [[72.571616, 23.032157], [72.571675, 23.032122]]}, "properties": {"feature_type": "edge", "u": 480, "v": 483, "edge_key": 0, "length_m": 7.301, "is_bridged": false, "is_bridge": false, "edge_betweenness": 0.0, "width_m": 10.179}}, {"type": "Feature", "geometry": {"type": "LineString", "coordinates": [[72.571616, 23.032157], [72.571578, 23.03212], [72.571579, 23.032048], [72.571639, 23.031959]]}, "properties": {"feature_type": "edge", "u": 480, "v": 489, "edge_key": 0, "length_m": 26.142, "is_bridged": false, "is_bridge": false, "edge_betweenness": 0.0, "width_m": 9.599}}, {"type": "Feature", "geometry": {"type": "LineString", "coordinates": [[72.556307, 23.031885], [72.556327, 23.031867], [72.556893, 23.03184]]}, "properties": {"feature_type": "edge", "u": 481, "v": 485, "edge_key": 0, "length_m": 62.485, "is_bridged": false, "is_bridge": false, "edge_betweenness": 0.0, "width_m": 8.347}}, {"type": "Feature", "geometry": {"type": "LineString", "coordinates": [[72.571753, 23.032123], [72.571675, 23.032122]]}, "properties": {"feature_type": "edge", "u": 482, "v": 483, "edge_key": 0, "length_m": 8.0, "is_bridged": false, "is_bridge": false, "edge_betweenness": 0.0, "width_m": 6.2}}, {"type": "Feature", "geometry": {"type": "LineString", "coordinates": [[72.571753, 23.032123], [72.571773, 23.032105], [72.571778, 23.031834]]}, "properties": {"feature_type": "edge", "u": 482, "v": 491, "edge_key": 0, "length_m": 32.828, "is_bridged": false, "is_bridge": false, "edge_betweenness": 0.0, "width_m": 7.707}}, {"type": "Feature", "geometry": {"type": "LineString", "coordinates": [[72.571675, 23.032122], [72.571678, 23.031995], [72.571639, 23.031959]]}, "properties": {"feature_type": "edge", "u": 483, "v": 489, "edge_key": 0, "length_m": 19.657, "is_bridged": false, "is_bridge": false, "edge_betweenness": 0.0, "width_m": 9.983}}, {"type": "Feature", "geometry": {"type": "LineString", "coordinates": [[72.568536, 23.032055], [72.568666, 23.031335], [72.568707, 23.031228], [72.568709, 23.031101], [72.568749, 23.031048]]}, "properties": {"feature_type": "edge", "u": 484, "v": 522, "edge_key": 0, "length_m": 119.928, "is_bridged": false, "is_bridge": false, "edge_betweenness": 0.0, "width_m": 8.535}}, {"type": "Feature", "geometry": {"type": "LineString", "coordinates": [[72.556893, 23.03184], [72.557479, 23.031813]]}, "properties": {"feature_type": "edge", "u": 485, "v": 486, "edge_key": 0, "length_m": 61.657, "is_bridged": false, "is_bridge": false, "edge_betweenness": 0.0, "width_m": 8.253}}, {"type": "Feature", "geometry": {"type": "LineString", "coordinates": [[72.556893, 23.03184], [72.5569, 23.031461], [72.556882, 23.031388]]}, "properties": {"feature_type": "edge", "u": 485, "v": 498, "edge_key": 0, "length_m": 50.828, "is_bridged": false, "is_bridge": false, "edge_betweenness": 0.0, "width_m": 8.256}}, {"type": "Feature", "geometry": {"type": "LineString", "coordinates": [[72.557479, 23.031813], [72.557499, 23.031795], [72.557811, 23.031782]]}, "properties": {"feature_type": "edge", "u": 486, "v": 487, "edge_key": 0, "length_m": 35.657, "is_bridged": false, "is_bridge": false, "edge_betweenness": 0.0, "width_m": 8.306}}, {"type": "Feature", "geometry": {"type": "LineString", "coordinates": [[72.557811, 23.031782], [72.558065, 23.031768], [72.558202, 23.031734], [72.558319, 23.031736], [72.558339, 23.031718], [72.558456, 23.03172], [72.558476, 23.031702], [72.55916, 23.031622], [72.559493, 23.031555], [72.559533, 23.03152]]}, "properties": {"feature_type": "edge", "u": 487, "v": 495, "edge_key": 0, "length_m": 189.255, "is_bridged": false, "is_bridge": false, "edge_betweenness": 0.0, "width_m": 8.353}}, {"type": "Feature", "geometry": {"type": "LineString", "coordinates": [[72.557811, 23.031782], [72.557798, 23.031439], [72.557779, 23.03142], [72.557799, 23.031384]]}, "properties": {"feature_type": "edge", "u": 487, "v": 503, "edge_key": 0, "length_m": 46.485, "is_bridged": false, "is_bridge": true, "edge_betweenness": 0.0, "width_m": 8.129}}, {"type": "Feature", "geometry": {"type": "LineString", "coordinates": [[72.567075, 23.031907], [72.566922, 23.031724], [72.566539, 23.031375]]}, "properties": {"feature_type": "edge", "u": 488, "v": 509, "edge_key": 0, "length_m": 82.011, "is_bridged": false, "is_bridge": false, "edge_betweenness": 0.0, "width_m": 9.432}}, {"type": "Feature", "geometry": {"type": "LineString", "coordinates": [[72.567075, 23.031907], [72.56769, 23.031374], [72.567691, 23.03132], [72.567385, 23.030936], [72.567367, 23.030846], [72.567407, 23.03081]]}, "properties": {"feature_type": "edge", "u": 488, "v": 543, "edge_key": 0, "length_m": 164.593, "is_bridged": false, "is_bridge": false, "edge_betweenness": 0.0, "width_m": 10.101}}, {"type": "Feature", "geometry": {"type": "LineString", "coordinates": [[72.571639, 23.031959], [72.571641, 23.03185]]}, "properties": {"feature_type": "edge", "u": 489, "v": 490, "edge_key": 0, "length_m": 12.0, "is_bridged": false, "is_bridge": false, "edge_betweenness": 0.0, "width_m": 15.442}}, {"type": "Feature", "geometry": {"type": "LineString", "coordinates": [[72.571641, 23.03185], [72.5717, 23.031815]]}, "properties": {"feature_type": "edge", "u": 490, "v": 492, "edge_key": 0, "length_m": 7.301, "is_bridged": false, "is_bridge": false, "edge_betweenness": 0.0, "width_m": 10.179}}, {"type": "Feature", "geometry": {"type": "LineString", "coordinates": [[72.571641, 23.03185], [72.571603, 23.031814], [72.571603, 23.031778], [72.571664, 23.031688]]}, "properties": {"feature_type": "edge", "u": 490, "v": 497, "edge_key": 0, "length_m": 22.142, "is_bridged": false, "is_bridge": false, "edge_betweenness": 0.0, "width_m": 9.955}}, {"type": "Feature", "geometry": {"type": "LineString", "coordinates": [[72.571778, 23.031834], [72.5717, 23.031815]]}, "properties": {"feature_type": "edge", "u": 491, "v": 492, "edge_key": 0, "length_m": 8.472, "is_bridged": false, "is_bridge": false, "edge_betweenness": 0.0, "width_m": 6.2}}, {"type": "Feature", "geometry": {"type": "LineString", "coordinates": [[72.571778, 23.031834], [72.571798, 23.031817], [72.5718, 23.031672], [72.57182, 23.031655], [72.571846, 23.031294]]}, "properties": {"feature_type": "edge", "u": 491, "v": 513, "edge_key": 0, "length_m": 62.485, "is_bridged": false, "is_bridge": false, "edge_betweenness": 0.0, "width_m": 8.127}}, {"type": "Feature", "geometry": {"type": "LineString", "coordinates": [[72.5717, 23.031815], [72.571702, 23.031725], [72.571664, 23.031688]]}, "properties": {"feature_type": "edge", "u": 492, "v": 497, "edge_key": 0, "length_m": 15.657, "is_bridged": false, "is_bridge": false, "edge_betweenness": 0.0, "width_m": 10.55}}, {"type": "Feature", "geometry": {"type": "LineString", "coordinates": [[72.55961, 23.031557], [72.559571, 23.031556], [72.559533, 23.03152]]}, "properties": {"feature_type": "edge", "u": 493, "v": 495, "edge_key": 0, "length_m": 9.657, "is_bridged": false, "is_bridge": false, "edge_betweenness": 0.0, "width_m": 15.771}}, {"type": "Feature", "geometry": {"type": "LineString", "coordinates": [[72.55961, 23.031557], [72.55965, 23.031521], [72.559923, 23.031508], [72.559943, 23.03149], [72.56006, 23.031492], [72.56008, 23.031474], [72.560197, 23.031476], [72.560353, 23.031442], [72.56049, 23.031444]]}, "properties": {"feature_type": "edge", "u": 493, "v": 499, "edge_key": 0, "length_m": 95.799, "is_bridged": false, "is_bridge": false, "edge_betweenness": 0.0, "width_m": 8.448}}, {"type": "Feature", "geometry": {"type": "LineString", "coordinates": [[72.566163, 23.031676], [72.566539, 23.031375]]}, "properties": {"feature_type": "edge", "u": 494, "v": 509, "edge_key": 0, "length_m": 52.083, "is_bridged": false, "is_bridge": true, "edge_betweenness": 0.0, "width_m": 9.287}}, {"type": "Feature", "geometry": {"type": "LineString", "coordinates": [[72.559533, 23.03152], [72.559534, 23.031447], [72.559497, 23.031357], [72.559383, 23.031156], [72.559384, 23.03112], [72.559214, 23.030792], [72.559215, 23.030756], [72.559026, 23.03041], [72.559028, 23.03032]]}, "properties": {"feature_type": "edge", "u": 495, "v": 589, "edge_key": 0, "length_m": 154.368, "is_bridged": false, "is_bridge": false, "edge_betweenness": 0.0, "width_m": 15.466}}, {"type": "Feature", "geometry": {"type": "LineString", "coordinates": [[72.571664, 23.031688], [72.571665, 23.031616]]}, "properties": {"feature_type": "edge", "u": 497, "v": 500, "edge_key": 0, "length_m": 8.0, "is_bridged": false, "is_bridge": false, "edge_betweenness": 0.0, "width_m": 15.162}}, {"type": "Feature", "geometry": {"type": "LineString", "coordinates": [[72.556882, 23.031388], [72.556433, 23.031381], [72.556414, 23.031363]]}, "properties": {"feature_type": "edge", "u": 498, "v": 502, "edge_key": 0, "length_m": 48.828, "is_bridged": false, "is_bridge": true, "edge_betweenness": 0.0, "width_m": 8.138}}, {"type": "Feature", "geometry": {"type": "LineString", "coordinates": [[72.556882, 23.031388], [72.556864, 23.030196]]}, "properties": {"feature_type": "edge", "u": 498, "v": 597, "edge_key": 0, "length_m": 133.657, "is_bridged": false, "is_bridge": false, "edge_betweenness": 0.0, "width_m": 8.146}}, {"type": "Feature", "geometry": {"type": "LineString", "coordinates": [[72.56049, 23.031444], [72.560367, 23.030702], [72.560236, 23.030357]]}, "properties": {"feature_type": "edge", "u": 499, "v": 585, "edge_key": 0, "length_m": 130.885, "is_bridged": false, "is_bridge": false, "edge_betweenness": 0.0, "width_m": 8.407}}, {"type": "Feature", "geometry": {"type": "LineString", "coordinates": [[72.56049, 23.031444], [72.560529, 23.031427], [72.560666, 23.031429], [72.560686, 23.031411], [72.560822, 23.031413], [72.560842, 23.031395], [72.561174, 23.031382], [72.561194, 23.031365]]}, "properties": {"feature_type": "edge", "u": 499, "v": 505, "edge_key": 0, "length_m": 75.786, "is_bridged": false, "is_bridge": false, "edge_betweenness": 0.0, "width_m": 8.352}}, {"type": "Feature", "geometry": {"type": "LineString", "coordinates": [[72.571665, 23.031616], [72.571724, 23.031581], [72.571726, 23.031491], [72.571688, 23.031418]]}, "properties": {"feature_type": "edge", "u": 500, "v": 510, "edge_key": 0, "length_m": 26.454, "is_bridged": false, "is_bridge": false, "edge_betweenness": 0.0, "width_m": 10.009}}, {"type": "Feature", "geometry": {"type": "LineString", "coordinates": [[72.571665, 23.031616], [72.571626, 23.031579], [72.571627, 23.031543], [72.571688, 23.031418]]}, "properties": {"feature_type": "edge", "u": 500, "v": 510, "edge_key": 1, "length_m": 25.638, "is_bridged": false, "is_bridge": false, "edge_betweenness": 0.0, "width_m": 9.582}}, {"type": "Feature", "geometry": {"type": "LineString", "coordinates": [[72.55618, 23.031359], [72.556167, 23.031016]]}, "properties": {"feature_type": "edge", "u": 501, "v": 514, "edge_key": 0, "length_m": 38.828, "is_bridged": false, "is_bridge": true, "edge_betweenness": 0.0, "width_m": 8.224}}, {"type": "Feature", "geometry": {"type": "LineString", "coordinates": [[72.565912, 23.03151], [72.565241, 23.030849], [72.565223, 23.030777]]}, "properties": {"feature_type": "edge", "u": 504, "v": 540, "edge_key": 0, "length_m": 109.823, "is_bridged": false, "is_bridge": true, "edge_betweenness": 0.0, "width_m": 9.554}}, {"type": "Feature", "geometry": {"type": "LineString", "coordinates": [[72.561194, 23.031365], [72.562111, 23.031361]]}, "properties": {"feature_type": "edge", "u": 505, "v": 506, "edge_key": 0, "length_m": 94.828, "is_bridged": false, "is_bridge": false, "edge_betweenness": 0.0, "width_m": 8.165}}, {"type": "Feature", "geometry": {"type": "LineString", "coordinates": [[72.561194, 23.031365], [72.561196, 23.031238], [72.561141, 23.031039], [72.561144, 23.030894], [72.561124, 23.030876], [72.561126, 23.030804], [72.561088, 23.030713], [72.561091, 23.030587], [72.561071, 23.030568], [72.561074, 23.030424], [72.561094, 23.030388]]}, "properties": {"feature_type": "edge", "u": 505, "v": 583, "edge_key": 0, "length_m": 114.271, "is_bridged": false, "is_bridge": false, "edge_betweenness": 0.0, "width_m": 8.397}}, {"type": "Feature", "geometry": {"type": "LineString", "coordinates": [[72.562111, 23.031361], [72.56214, 23.03082], [72.56216, 23.030802], [72.562168, 23.030351]]}, "properties": {"feature_type": "edge", "u": 506, "v": 590, "edge_key": 0, "length_m": 113.657, "is_bridged": false, "is_bridge": false, "edge_betweenness": 0.0, "width_m": 8.189}}, {"type": "Feature", "geometry": {"type": "LineString", "coordinates": [[72.56412, 23.031356], [72.563984, 23.031317]]}, "properties": {"feature_type": "edge", "u": 507, "v": 511, "edge_key": 0, "length_m": 15.657, "is_bridged": false, "is_bridge": false, "edge_betweenness": 0.0, "width_m": 9.979}}, {"type": "Feature", "geometry": {"type": "LineString", "coordinates": [[72.56412, 23.031356], [72.564276, 23.031358]]}, "properties": {"feature_type": "edge", "u": 507, "v": 508, "edge_key": 0, "length_m": 16.0, "is_bridged": false, "is_bridge": false, "edge_betweenness": 0.0, "width_m": 10.67}}, {"type": "Feature", "geometry": {"type": "LineString", "coordinates": [[72.564276, 23.031358], [72.564336, 23.031251], [72.56432, 23.03107]]}, "properties": {"feature_type": "edge", "u": 508, "v": 519, "edge_key": 0, "length_m": 35.314, "is_bridged": false, "is_bridge": false, "edge_betweenness": 0.0, "width_m": 8.874}}, {"type": "Feature", "geometry": {"type": "LineString", "coordinates": [[72.566539, 23.031375], [72.56652, 23.03132], [72.565983, 23.030807], [72.565965, 23.030716]]}, "properties": {"feature_type": "edge", "u": 509, "v": 557, "edge_key": 0, "length_m": 96.853, "is_bridged": false, "is_bridge": false, "edge_betweenness": 0.0, "width_m": 9.529}}, {"type": "Feature", "geometry": {"type": "LineString", "coordinates": [[72.571688, 23.031418], [72.571747, 23.031383], [72.571749, 23.031292]]}, "properties": {"feature_type": "edge", "u": 510, "v": 512, "edge_key": 0, "length_m": 17.301, "is_bridged": false, "is_bridge": false, "edge_betweenness": 0.0, "width_m": 9.407}}, {"type": "Feature", "geometry": {"type": "LineString", "coordinates": [[72.571688, 23.031418], [72.57165, 23.031381], [72.57165, 23.031345], [72.57171, 23.031256]]}, "properties": {"feature_type": "edge", "u": 510, "v": 516, "edge_key": 0, "length_m": 22.142, "is_bridged": false, "is_bridge": false, "edge_betweenness": 0.0, "width_m": 9.955}}, {"type": "Feature", "geometry": {"type": "LineString", "coordinates": [[72.563984, 23.031317], [72.563969, 23.031064]]}, "properties": {"feature_type": "edge", "u": 511, "v": 517, "edge_key": 0, "length_m": 28.246, "is_bridged": false, "is_bridge": false, "edge_betweenness": 0.0, "width_m": 10.567}}, {"type": "Feature", "geometry": {"type": "LineString", "coordinates": [[72.571749, 23.031292], [72.57171, 23.031256]]}, "properties": {"feature_type": "edge", "u": 512, "v": 516, "edge_key": 0, "length_m": 5.657, "is_bridged": false, "is_bridge": false, "edge_betweenness": 0.0, "width_m": 13.321}}, {"type": "Feature", "geometry": {"type": "LineString", "coordinates": [[72.571749, 23.031292], [72.571846, 23.031294]]}, "properties": {"feature_type": "edge", "u": 512, "v": 513, "edge_key": 0, "length_m": 10.0, "is_bridged": false, "is_bridge": false, "edge_betweenness": 0.0, "width_m": 9.893}}, {"type": "Feature", "geometry": {"type": "LineString", "coordinates": [[72.571846, 23.031294], [72.571866, 23.031276], [72.571868, 23.03115], [72.57191, 23.031006], [72.571912, 23.030862]]}, "properties": {"feature_type": "edge", "u": 513, "v": 547, "edge_key": 0, "length_m": 50.485, "is_bridged": false, "is_bridge": false, "edge_betweenness": 0.0, "width_m": 8.198}}, {"type": "Feature", "geometry": {"type": "LineString", "coordinates": [[72.556167, 23.031016], [72.555445, 23.031005], [72.555425, 23.031023], [72.555211, 23.031001]]}, "properties": {"feature_type": "edge", "u": 514, "v": 515, "edge_key": 0, "length_m": 99.657, "is_bridged": false, "is_bridge": true, "edge_betweenness": 0.0, "width_m": 8.005}}, {"type": "Feature", "geometry": {"type": "LineString", "coordinates": [[72.556167, 23.031016], [72.556187, 23.030998], [72.556362, 23.031001], [72.556382, 23.030983], [72.556389, 23.030586], [72.55637, 23.030568], [72.555239, 23.030569]]}, "properties": {"feature_type": "edge", "u": 514, "v": 556, "edge_key": 0, "length_m": 187.314, "is_bridged": false, "is_bridge": true, "edge_betweenness": 0.0, "width_m": 8.122}}, {"type": "Feature", "geometry": {"type": "LineString", "coordinates": [[72.57171, 23.031256], [72.571711, 23.031202]]}, "properties": {"feature_type": "edge", "u": 516, "v": 518, "edge_key": 0, "length_m": 6.0, "is_bridged": false, "is_bridge": false, "edge_betweenness": 0.0, "width_m": 11.435}}, {"type": "Feature", "geometry": {"type": "LineString", "coordinates": [[72.563969, 23.031064], [72.564047, 23.031066], [72.564106, 23.03103], [72.564243, 23.031014]]}, "properties": {"feature_type": "edge", "u": 517, "v": 520, "edge_key": 0, "length_m": 30.129, "is_bridged": false, "is_bridge": false, "edge_betweenness": 0.0, "width_m": 9.258}}, {"type": "Feature", "geometry": {"type": "LineString", "coordinates": [[72.563969, 23.031064], [72.563354, 23.030567], [72.563258, 23.030476], [72.563239, 23.030421]]}, "properties": {"feature_type": "edge", "u": 517, "v": 586, "edge_key": 0, "length_m": 106.853, "is_bridged": false, "is_bridge": false, "edge_betweenness": 0.0, "width_m": 15.167}}, {"type": "Feature", "geometry": {"type": "LineString", "coordinates": [[72.571711, 23.031202], [72.571751, 23.031184]]}, "properties": {"feature_type": "edge", "u": 518, "v": 864, "edge_key": 0, "length_m": 4.472, "is_bridged": false, "is_bridge": false, "edge_betweenness": 0.0, "width_m": 5.105}}, {"type": "Feature", "geometry": {"type": "LineString", "coordinates": [[72.571751, 23.031184], [72.571711, 23.031202]]}, "properties": {"feature_type": "edge", "u": 518, "v": 864, "edge_key": 1, "length_m": 4.472, "is_bridged": false, "is_bridge": false, "edge_betweenness": 0.0, "width_m": 5.105}}, {"type": "Feature", "geometry": {"type": "LineString", "coordinates": [[72.571711, 23.031202], [72.571732, 23.031112]]}, "properties": {"feature_type": "edge", "u": 518, "v": 521, "edge_key": 0, "length_m": 10.325, "is_bridged": false, "is_bridge": false, "edge_betweenness": 0.0, "width_m": 8.769}}, {"type": "Feature", "geometry": {"type": "LineString", "coordinates": [[72.56432, 23.03107], [72.564243, 23.031014]]}, "properties": {"feature_type": "edge", "u": 519, "v": 520, "edge_key": 0, "length_m": 10.129, "is_bridged": false, "is_bridge": false, "edge_betweenness": 0.0, "width_m": 11.236}}, {"type": "Feature", "geometry": {"type": "LineString", "coordinates": [[72.56432, 23.03107], [72.564399, 23.031035], [72.564498, 23.030946], [72.564675, 23.030859]]}, "properties": {"feature_type": "edge", "u": 519, "v": 529, "edge_key": 0, "length_m": 45.585, "is_bridged": false, "is_bridge": false, "edge_betweenness": 0.0, "width_m": 8.919}}, {"type": "Feature", "geometry": {"type": "LineString", "coordinates": [[72.564243, 23.031014], [72.564244, 23.030942]]}, "properties": {"feature_type": "edge", "u": 520, "v": 523, "edge_key": 0, "length_m": 8.0, "is_bridged": false, "is_bridge": false, "edge_betweenness": 0.0, "width_m": 14.883}}, {"type": "Feature", "geometry": {"type": "LineString", "coordinates": [[72.571732, 23.031112], [72.571792, 23.031076], [72.571774, 23.030986]]}, "properties": {"feature_type": "edge", "u": 521, "v": 528, "edge_key": 0, "length_m": 17.773, "is_bridged": false, "is_bridge": false, "edge_betweenness": 0.0, "width_m": 9.64}}, {"type": "Feature", "geometry": {"type": "LineString", "coordinates": [[72.571732, 23.031112], [72.571694, 23.031057], [72.571715, 23.031003], [72.571774, 23.030986]]}, "properties": {"feature_type": "edge", "u": 521, "v": 528, "edge_key": 1, "length_m": 20.81, "is_bridged": false, "is_bridge": false, "edge_betweenness": 0.0, "width_m": 9.37}}, {"type": "Feature", "geometry": {"type": "LineString", "coordinates": [[72.568749, 23.031048], [72.568496, 23.03099], [72.56836, 23.030988], [72.56834, 23.031005]]}, "properties": {"feature_type": "edge", "u": 522, "v": 524, "edge_key": 0, "length_m": 45.314, "is_bridged": false, "is_bridge": false, "edge_betweenness": 0.0, "width_m": 15.842}}, {"type": "Feature", "geometry": {"type": "LineString", "coordinates": [[72.568749, 23.031048], [72.569315, 23.031002], [72.569414, 23.030968], [72.569492, 23.030969], [72.569668, 23.030899], [72.569727, 23.0309]]}, "properties": {"feature_type": "edge", "u": 522, "v": 534, "edge_key": 0, "length_m": 107.456, "is_bridged": false, "is_bridge": false, "edge_betweenness": 0.0, "width_m": 18.67}}, {"type": "Feature", "geometry": {"type": "LineString", "coordinates": [[72.564244, 23.030942], [72.564422, 23.030819], [72.564559, 23.030785], [72.564676, 23.030786]]}, "properties": {"feature_type": "edge", "u": 523, "v": 536, "edge_key": 0, "length_m": 51.456, "is_bridged": false, "is_bridge": false, "edge_betweenness": 0.0, "width_m": 8.9}}, {"type": "Feature", "geometry": {"type": "LineString", "coordinates": [[72.564244, 23.030942], [72.564206, 23.030906], [72.564227, 23.030834], [72.564235, 23.030382]]}, "properties": {"feature_type": "edge", "u": 523, "v": 591, "edge_key": 0, "length_m": 64.485, "is_bridged": false, "is_bridge": false, "edge_betweenness": 0.0, "width_m": 8.297}}, {"type": "Feature", "geometry": {"type": "LineString", "coordinates": [[72.56834, 23.031005], [72.568107, 23.030966]]}, "properties": {"feature_type": "edge", "u": 524, "v": 526, "edge_key": 0, "length_m": 25.301, "is_bridged": false, "is_bridge": false, "edge_betweenness": 0.0, "width_m": 21.992}}, {"type": "Feature", "geometry": {"type": "LineString", "coordinates": [[72.56795, 23.030999], [72.567872, 23.03098], [72.567795, 23.030907]]}, "properties": {"feature_type": "edge", "u": 525, "v": 527, "edge_key": 0, "length_m": 20.142, "is_bridged": false, "is_bridge": false, "edge_betweenness": 0.0, "width_m": 7.648}}, {"type": "Feature", "geometry": {"type": "LineString", "coordinates": [[72.56795, 23.030999], [72.568047, 23.031019], [72.568107, 23.030966]]}, "properties": {"feature_type": "edge", "u": 525, "v": 526, "edge_key": 0, "length_m": 19.314, "is_bridged": false, "is_bridge": false, "edge_betweenness": 0.0, "width_m": 11.062}}, {"type": "Feature", "geometry": {"type": "LineString", "coordinates": [[72.56795, 23.030999], [72.567952, 23.030873]]}, "properties": {"feature_type": "edge", "u": 525, "v": 530, "edge_key": 0, "length_m": 14.0, "is_bridged": false, "is_bridge": false, "edge_betweenness": 0.0, "width_m": 10.167}}, {"type": "Feature", "geometry": {"type": "LineString", "coordinates": [[72.568107, 23.030966], [72.568069, 23.030911], [72.56801, 23.03091], [72.567952, 23.030873]]}, "properties": {"feature_type": "edge", "u": 526, "v": 530, "edge_key": 0, "length_m": 20.957, "is_bridged": false, "is_bridge": false, "edge_betweenness": 0.0, "width_m": 15.927}}, {"type": "Feature", "geometry": {"type": "LineString", "coordinates": [[72.567795, 23.030907], [72.567699, 23.030851], [72.567544, 23.030812], [72.567407, 23.03081]]}, "properties": {"feature_type": "edge", "u": 527, "v": 543, "edge_key": 0, "length_m": 43.696, "is_bridged": false, "is_bridge": false, "edge_betweenness": 0.0, "width_m": 24.211}}, {"type": "Feature", "geometry": {"type": "LineString", "coordinates": [[72.567795, 23.030907], [72.567816, 23.030853], [72.567952, 23.030873]]}, "properties": {"feature_type": "edge", "u": 527, "v": 530, "edge_key": 0, "length_m": 20.797, "is_bridged": false, "is_bridge": false, "edge_betweenness": 0.0, "width_m": 17.034}}, {"type": "Feature", "geometry": {"type": "LineString", "coordinates": [[72.571774, 23.030986], [72.571716, 23.030949], [72.571756, 23.030859]]}, "properties": {"feature_type": "edge", "u": 528, "v": 553, "edge_key": 0, "length_m": 18.868, "is_bridged": false, "is_bridge": false, "edge_betweenness": 0.0, "width_m": 9.18}}, {"type": "Feature", "geometry": {"type": "LineString", "coordinates": [[72.571774, 23.030986], [72.571813, 23.03095], [72.571815, 23.03086]]}, "properties": {"feature_type": "edge", "u": 528, "v": 546, "edge_key": 0, "length_m": 15.657, "is_bridged": false, "is_bridge": false, "edge_betweenness": 0.0, "width_m": 9.139}}, {"type": "Feature", "geometry": {"type": "LineString", "coordinates": [[72.564675, 23.030859], [72.564753, 23.030842]]}, "properties": {"feature_type": "edge", "u": 529, "v": 532, "edge_key": 0, "length_m": 8.472, "is_bridged": false, "is_bridge": false, "edge_betweenness": 0.0, "width_m": 8.63}}, {"type": "Feature", "geometry": {"type": "LineString", "coordinates": [[72.564675, 23.030859], [72.564676, 23.030786]]}, "properties": {"feature_type": "edge", "u": 529, "v": 536, "edge_key": 0, "length_m": 8.0, "is_bridged": false, "is_bridge": false, "edge_betweenness": 0.0, "width_m": 6.2}}, {"type": "Feature", "geometry": {"type": "LineString", "coordinates": [[72.567952, 23.030873], [72.568012, 23.03082], [72.568032, 23.030748], [72.568056, 23.030531], [72.568076, 23.030514], [72.56812, 23.030189], [72.56814, 23.030172], [72.568142, 23.030063], [72.568085, 23.02999], [72.568086, 23.029936]]}, "properties": {"feature_type": "edge", "u": 530, "v": 613, "edge_key": 0, "length_m": 113.941, "is_bridged": false, "is_bridge": false, "edge_betweenness": 0.0, "width_m": 8.864}}, {"type": "Feature", "geometry": {"type": "LineString", "coordinates": [[72.570565, 23.030931], [72.570468, 23.030912], [72.57043, 23.030875], [72.57043, 23.030839]]}, "properties": {"feature_type": "edge", "u": 531, "v": 545, "edge_key": 0, "length_m": 20.485, "is_bridged": false, "is_bridge": false, "edge_betweenness": 0.0, "width_m": 10.064}}, {"type": "Feature", "geometry": {"type": "LineString", "coordinates": [[72.570565, 23.030931], [72.570568, 23.030787]]}, "properties": {"feature_type": "edge", "u": 531, "v": 555, "edge_key": 0, "length_m": 16.0, "is_bridged": false, "is_bridge": false, "edge_betweenness": 0.0, "width_m": 9.894}}, {"type": "Feature", "geometry": {"type": "LineString", "coordinates": [[72.564753, 23.030842], [72.564851, 23.030825]]}, "properties": {"feature_type": "edge", "u": 532, "v": 533, "edge_key": 0, "length_m": 10.472, "is_bridged": false, "is_bridge": false, "edge_betweenness": 0.0, "width_m": 8.472}}, {"type": "Feature", "geometry": {"type": "LineString", "coordinates": [[72.564753, 23.030842], [72.564755, 23.03077]]}, "properties": {"feature_type": "edge", "u": 532, "v": 539, "edge_key": 0, "length_m": 8.0, "is_bridged": false, "is_bridge": false, "edge_betweenness": 0.0, "width_m": 6.2}}, {"type": "Feature", "geometry": {"type": "LineString", "coordinates": [[72.564851, 23.030825], [72.564929, 23.030826], [72.564949, 23.030809]]}, "properties": {"feature_type": "edge", "u": 533, "v": 537, "edge_key": 0, "length_m": 10.828, "is_bridged": false, "is_bridge": false, "edge_betweenness": 0.0, "width_m": 8.378}}, {"type": "Feature", "geometry": {"type": "LineString", "coordinates": [[72.564851, 23.030825], [72.564853, 23.030753]]}, "properties": {"feature_type": "edge", "u": 533, "v": 542, "edge_key": 0, "length_m": 8.0, "is_bridged": false, "is_bridge": false, "edge_betweenness": 0.0, "width_m": 6.2}}, {"type": "Feature", "geometry": {"type": "LineString", "coordinates": [[72.569727, 23.0309], [72.569766, 23.030919], [72.569844, 23.030902]]}, "properties": {"feature_type": "edge", "u": 534, "v": 535, "edge_key": 0, "length_m": 13.301, "is_bridged": false, "is_bridge": false, "edge_betweenness": 0.0, "width_m": 8.93}}, {"type": "Feature", "geometry": {"type": "LineString", "coordinates": [[72.569727, 23.0309], [72.569767, 23.030829], [72.569826, 23.03083]]}, "properties": {"feature_type": "edge", "u": 534, "v": 551, "edge_key": 0, "length_m": 15.301, "is_bridged": false, "is_bridge": false, "edge_betweenness": 0.0, "width_m": 9.069}}, {"type": "Feature", "geometry": {"type": "LineString", "coordinates": [[72.569844, 23.030902], [72.569942, 23.030885]]}, "properties": {"feature_type": "edge", "u": 535, "v": 538, "edge_key": 0, "length_m": 10.472, "is_bridged": false, "is_bridge": false, "edge_betweenness": 0.0, "width_m": 8.236}}, {"type": "Feature", "geometry": {"type": "LineString", "coordinates": [[72.569844, 23.030902], [72.569826, 23.03083]]}, "properties": {"feature_type": "edge", "u": 535, "v": 551, "edge_key": 0, "length_m": 8.828, "is_bridged": false, "is_bridge": false, "edge_betweenness": 0.0, "width_m": 6.65}}, {"type": "Feature", "geometry": {"type": "LineString", "coordinates": [[72.564676, 23.030786], [72.564755, 23.03077]]}, "properties": {"feature_type": "edge", "u": 536, "v": 539, "edge_key": 0, "length_m": 8.828, "is_bridged": false, "is_bridge": false, "edge_betweenness": 0.0, "width_m": 6.828}}, {"type": "Feature", "geometry": {"type": "LineString", "coordinates": [[72.564949, 23.030809], [72.565027, 23.03081], [72.565106, 23.030739]]}, "properties": {"feature_type": "edge", "u": 537, "v": 549, "edge_key": 0, "length_m": 20.129, "is_bridged": false, "is_bridge": false, "edge_betweenness": 0.0, "width_m": 9.916}}, {"type": "Feature", "geometry": {"type": "LineString", "coordinates": [[72.564949, 23.030809], [72.56495, 23.030736]]}, "properties": {"feature_type": "edge", "u": 537, "v": 548, "edge_key": 0, "length_m": 8.0, "is_bridged": false, "is_bridge": false, "edge_betweenness": 0.0, "width_m": 6.2}}, {"type": "Feature", "geometry": {"type": "LineString", "coordinates": [[72.569942, 23.030885], [72.57004, 23.030869]]}, "properties": {"feature_type": "edge", "u": 538, "v": 541, "edge_key": 0, "length_m": 10.472, "is_bridged": false, "is_bridge": false, "edge_betweenness": 0.0, "width_m": 8.472}}, {"type": "Feature", "geometry": {"type": "LineString", "coordinates": [[72.569942, 23.030885], [72.569943, 23.030813]]}, "properties": {"feature_type": "edge", "u": 538, "v": 552, "edge_key": 0, "length_m": 8.0, "is_bridged": false, "is_bridge": false, "edge_betweenness": 0.0, "width_m": 6.2}}, {"type": "Feature", "geometry": {"type": "LineString", "coordinates": [[72.564755, 23.03077], [72.564775, 23.030752], [72.564853, 23.030753]]}, "properties": {"feature_type": "edge", "u": 539, "v": 542, "edge_key": 0, "length_m": 10.828, "is_bridged": false, "is_bridge": false, "edge_betweenness": 0.0, "width_m": 7.063}}, {"type": "Feature", "geometry": {"type": "LineString", "coordinates": [[72.565223, 23.030777], [72.565145, 23.030776], [72.565106, 23.030739]]}, "properties": {"feature_type": "edge", "u": 540, "v": 549, "edge_key": 0, "length_m": 13.657, "is_bridged": false, "is_bridge": false, "edge_betweenness": 0.0, "width_m": 12.898}}, {"type": "Feature", "geometry": {"type": "LineString", "coordinates": [[72.565223, 23.030777], [72.565282, 23.03076]]}, "properties": {"feature_type": "edge", "u": 540, "v": 550, "edge_key": 0, "length_m": 6.828, "is_bridged": false, "is_bridge": false, "edge_betweenness": 0.0, "width_m": 9.333}}, {"type": "Feature", "geometry": {"type": "LineString", "coordinates": [[72.57004, 23.030869], [72.570118, 23.03087], [72.570137, 23.030852]]}, "properties": {"feature_type": "edge", "u": 541, "v": 544, "edge_key": 0, "length_m": 10.828, "is_bridged": false, "is_bridge": false, "edge_betweenness": 0.0, "width_m": 8.378}}, {"type": "Feature", "geometry": {"type": "LineString", "coordinates": [[72.57004, 23.030869], [72.570041, 23.030797]]}, "properties": {"feature_type": "edge", "u": 541, "v": 554, "edge_key": 0, "length_m": 8.0, "is_bridged": false, "is_bridge": false, "edge_betweenness": 0.0, "width_m": 6.2}}, {"type": "Feature", "geometry": {"type": "LineString", "coordinates": [[72.564853, 23.030753], [72.564872, 23.030735], [72.56495, 23.030736]]}, "properties": {"feature_type": "edge", "u": 542, "v": 548, "edge_key": 0, "length_m": 10.828, "is_bridged": false, "is_bridge": false, "edge_betweenness": 0.0, "width_m": 7.063}}, {"type": "Feature", "geometry": {"type": "LineString", "coordinates": [[72.567407, 23.03081], [72.567291, 23.030736], [72.567233, 23.030735]]}, "properties": {"feature_type": "edge", "u": 543, "v": 562, "edge_key": 0, "length_m": 21.314, "is_bridged": false, "is_bridge": false, "edge_betweenness": 0.0, "width_m": 23.267}}, {"type": "Feature", "geometry": {"type": "LineString", "coordinates": [[72.570137, 23.030852], [72.57043, 23.030839]]}, "properties": {"feature_type": "edge", "u": 544, "v": 545, "edge_key": 0, "length_m": 30.828, "is_bridged": false, "is_bridge": false, "edge_betweenness": 0.0, "width_m": 9.057}}, {"type": "Feature", "geometry": {"type": "LineString", "coordinates": [[72.570137, 23.030852], [72.570139, 23.03078]]}, "properties": {"feature_type": "edge", "u": 544, "v": 558, "edge_key": 0, "length_m": 8.0, "is_bridged": false, "is_bridge": false, "edge_betweenness": 0.0, "width_m": 6.2}}, {"type": "Feature", "geometry": {"type": "LineString", "coordinates": [[72.57043, 23.030839], [72.57045, 23.030803], [72.570568, 23.030787]]}, "properties": {"feature_type": "edge", "u": 545, "v": 555, "edge_key": 0, "length_m": 16.944, "is_bridged": false, "is_bridge": false, "edge_betweenness": 0.0, "width_m": 9.624}}, {"type": "Feature", "geometry": {"type": "LineString", "coordinates": [[72.571815, 23.03086], [72.571756, 23.030859]]}, "properties": {"feature_type": "edge", "u": 546, "v": 553, "edge_key": 0, "length_m": 6.0, "is_bridged": false, "is_bridge": false, "edge_betweenness": 0.0, "width_m": 9.734}}, {"type": "Feature", "geometry": {"type": "LineString", "coordinates": [[72.571815, 23.03086], [72.571874, 23.030843], [72.571912, 23.030862]]}, "properties": {"feature_type": "edge", "u": 546, "v": 547, "edge_key": 0, "length_m": 10.797, "is_bridged": false, "is_bridge": false, "edge_betweenness": 0.0, "width_m": 6.2}}, {"type": "Feature", "geometry": {"type": "LineString", "coordinates": [[72.571815, 23.03086], [72.571835, 23.030806], [72.571817, 23.030734]]}, "properties": {"feature_type": "edge", "u": 546, "v": 569, "edge_key": 0, "length_m": 14.797, "is_bridged": false, "is_bridge": false, "edge_betweenness": 0.0, "width_m": 10.739}}, {"type": "Feature", "geometry": {"type": "LineString", "coordinates": [[72.571912, 23.030862], [72.571932, 23.030844], [72.571934, 23.030736]]}, "properties": {"feature_type": "edge", "u": 547, "v": 570, "edge_key": 0, "length_m": 14.828, "is_bridged": false, "is_bridge": false, "edge_betweenness": 0.0, "width_m": 7.331}}, {"type": "Feature", "geometry": {"type": "LineString", "coordinates": [[72.56495, 23.030736], [72.56497, 23.030719], [72.565106, 23.030739]]}, "properties": {"feature_type": "edge", "u": 548, "v": 549, "edge_key": 0, "length_m": 17.301, "is_bridged": false, "is_bridge": false, "edge_betweenness": 0.0, "width_m": 9.301}}, {"type": "Feature", "geometry": {"type": "LineString", "coordinates": [[72.565106, 23.030739], [72.565166, 23.030686], [72.565283, 23.030687]]}, "properties": {"feature_type": "edge", "u": 549, "v": 559, "edge_key": 0, "length_m": 20.485, "is_bridged": false, "is_bridge": false, "edge_betweenness": 0.0, "width_m": 9.416}}, {"type": "Feature", "geometry": {"type": "LineString", "coordinates": [[72.565282, 23.03076], [72.565379, 23.030743], [72.565419, 23.03069]]}, "properties": {"feature_type": "edge", "u": 550, "v": 560, "edge_key": 0, "length_m": 18.129, "is_bridged": false, "is_bridge": false, "edge_betweenness": 0.0, "width_m": 8.037}}, {"type": "Feature", "geometry": {"type": "LineString", "coordinates": [[72.565282, 23.03076], [72.565283, 23.030687]]}, "properties": {"feature_type": "edge", "u": 550, "v": 559, "edge_key": 0, "length_m": 8.0, "is_bridged": false, "is_bridge": false, "edge_betweenness": 0.0, "width_m": 8.315}}, {"type": "Feature", "geometry": {"type": "LineString", "coordinates": [[72.569826, 23.03083], [72.569846, 23.030812], [72.569943, 23.030813]]}, "properties": {"feature_type": "edge", "u": 551, "v": 552, "edge_key": 0, "length_m": 12.828, "is_bridged": false, "is_bridge": false, "edge_betweenness": 0.0, "width_m": 7.924}}, {"type": "Feature", "geometry": {"type": "LineString", "coordinates": [[72.569943, 23.030813], [72.569963, 23.030795], [72.570041, 23.030797]]}, "properties": {"feature_type": "edge", "u": 552, "v": 554, "edge_key": 0, "length_m": 10.828, "is_bridged": false, "is_bridge": false, "edge_betweenness": 0.0, "width_m": 7.063}}, {"type": "Feature", "geometry": {"type": "LineString", "coordinates": [[72.571756, 23.030859], [72.571737, 23.030841], [72.571758, 23.030769], [72.571817, 23.030734]]}, "properties": {"feature_type": "edge", "u": 553, "v": 569, "edge_key": 0, "length_m": 18.957, "is_bridged": false, "is_bridge": false, "edge_betweenness": 0.0, "width_m": 10.175}}, {"type": "Feature", "geometry": {"type": "LineString", "coordinates": [[72.570041, 23.030797], [72.570061, 23.030779], [72.570139, 23.03078]]}, "properties": {"feature_type": "edge", "u": 554, "v": 558, "edge_key": 0, "length_m": 10.828, "is_bridged": false, "is_bridge": false, "edge_betweenness": 0.0, "width_m": 7.063}}, {"type": "Feature", "geometry": {"type": "LineString", "coordinates": [[72.570568, 23.030787], [72.57055, 23.030678]]}, "properties": {"feature_type": "edge", "u": 555, "v": 572, "edge_key": 0, "length_m": 12.472, "is_bridged": false, "is_bridge": false, "edge_betweenness": 0.0, "width_m": 11.211}}, {"type": "Feature", "geometry": {"type": "LineString", "coordinates": [[72.570568, 23.030787], [72.570666, 23.03077]]}, "properties": {"feature_type": "edge", "u": 555, "v": 563, "edge_key": 0, "length_m": 10.472, "is_bridged": false, "is_bridge": false, "edge_betweenness": 0.0, "width_m": 11.447}}, {"type": "Feature", "geometry": {"type": "LineString", "coordinates": [[72.565965, 23.030716], [72.565947, 23.030662]]}, "properties": {"feature_type": "edge", "u": 557, "v": 566, "edge_key": 0, "length_m": 6.828, "is_bridged": false, "is_bridge": false, "edge_betweenness": 0.0, "width_m": 13.615}}, {"type": "Feature", "geometry": {"type": "LineString", "coordinates": [[72.565965, 23.030716], [72.566082, 23.030718], [72.566122, 23.030682]]}, "properties": {"feature_type": "edge", "u": 557, "v": 567, "edge_key": 0, "length_m": 17.657, "is_bridged": false, "is_bridge": false, "edge_betweenness": 0.0, "width_m": 10.421}}, {"type": "Feature", "geometry": {"type": "LineString", "coordinates": [[72.570139, 23.03078], [72.570198, 23.030745], [72.570354, 23.030729], [72.570413, 23.030694]]}, "properties": {"feature_type": "edge", "u": 558, "v": 573, "edge_key": 0, "length_m": 31.786, "is_bridged": false, "is_bridge": false, "edge_betweenness": 0.0, "width_m": 8.49}}, {"type": "Feature", "geometry": {"type": "LineString", "coordinates": [[72.565283, 23.030687], [72.565303, 23.03067], [72.565419, 23.03069]]}, "properties": {"feature_type": "edge", "u": 559, "v": 560, "edge_key": 0, "length_m": 15.301, "is_bridged": false, "is_bridge": false, "edge_betweenness": 0.0, "width_m": 8.307}}, {"type": "Feature", "geometry": {"type": "LineString", "coordinates": [[72.565419, 23.03069], [72.565615, 23.030674]]}, "properties": {"feature_type": "edge", "u": 560, "v": 565, "edge_key": 0, "length_m": 20.828, "is_bridged": false, "is_bridge": false, "edge_betweenness": 0.0, "width_m": 12.785}}, {"type": "Feature", "geometry": {"type": "LineString", "coordinates": [[72.566979, 23.030732], [72.56694, 23.030767], [72.566881, 23.030766], [72.566804, 23.030693]]}, "properties": {"feature_type": "edge", "u": 561, "v": 564, "edge_key": 0, "length_m": 23.786, "is_bridged": false, "is_bridge": false, "edge_betweenness": 0.0, "width_m": 9.854}}, {"type": "Feature", "geometry": {"type": "LineString", "coordinates": [[72.566979, 23.030732], [72.566922, 23.030677], [72.566804, 23.030693]]}, "properties": {"feature_type": "edge", "u": 561, "v": 564, "edge_key": 1, "length_m": 20.957, "is_bridged": false, "is_bridge": false, "edge_betweenness": 0.0, "width_m": 10.165}}, {"type": "Feature", "geometry": {"type": "LineString", "coordinates": [[72.566979, 23.030732], [72.567155, 23.030734], [72.567174, 23.030753], [72.567233, 23.030735]]}, "properties": {"feature_type": "edge", "u": 561, "v": 562, "edge_key": 0, "length_m": 27.657, "is_bridged": false, "is_bridge": false, "edge_betweenness": 0.0, "width_m": 16.384}}, {"type": "Feature", "geometry": {"type": "LineString", "coordinates": [[72.567233, 23.030735], [72.567195, 23.030663], [72.567205, 23.030121], [72.567186, 23.030103], [72.567188, 23.029994]]}, "properties": {"feature_type": "edge", "u": 562, "v": 610, "edge_key": 0, "length_m": 84.129, "is_bridged": false, "is_bridge": false, "edge_betweenness": 0.0, "width_m": 8.634}}, {"type": "Feature", "geometry": {"type": "LineString", "coordinates": [[72.570666, 23.03077], [72.570648, 23.030662]]}, "properties": {"feature_type": "edge", "u": 563, "v": 576, "edge_key": 0, "length_m": 12.472, "is_bridged": false, "is_bridge": false, "edge_betweenness": 0.0, "width_m": 10.758}}, {"type": "Feature", "geometry": {"type": "LineString", "coordinates": [[72.570666, 23.03077], [72.570724, 23.030753], [72.570785, 23.030664]]}, "properties": {"feature_type": "edge", "u": 563, "v": 574, "edge_key": 0, "length_m": 18.454, "is_bridged": false, "is_bridge": false, "edge_betweenness": 0.0, "width_m": 9.7}}, {"type": "Feature", "geometry": {"type": "LineString", "coordinates": [[72.566804, 23.030693], [72.566765, 23.03071], [72.566122, 23.030682]]}, "properties": {"feature_type": "edge", "u": 564, "v": 567, "edge_key": 0, "length_m": 71.301, "is_bridged": false, "is_bridge": false, "edge_betweenness": 0.0, "width_m": 15.918}}, {"type": "Feature", "geometry": {"type": "LineString", "coordinates": [[72.566804, 23.030693], [72.566792, 23.030295], [72.566773, 23.030277], [72.566777, 23.030024], [72.566758, 23.030006], [72.566762, 23.029771], [72.566743, 23.029753], [72.566748, 23.029464]]}, "properties": {"feature_type": "edge", "u": 564, "v": 630, "edge_key": 0, "length_m": 139.314, "is_bridged": false, "is_bridge": false, "edge_betweenness": 0.0, "width_m": 8.221}}, {"type": "Feature", "geometry": {"type": "LineString", "coordinates": [[72.565615, 23.030674], [72.565653, 23.030711], [72.565809, 23.030714], [72.565869, 23.03066]]}, "properties": {"feature_type": "edge", "u": 565, "v": 568, "edge_key": 0, "length_m": 30.142, "is_bridged": false, "is_bridge": false, "edge_betweenness": 0.0, "width_m": 9.709}}, {"type": "Feature", "geometry": {"type": "LineString", "coordinates": [[72.565615, 23.030674], [72.565655, 23.030621], [72.565733, 23.030604]]}, "properties": {"feature_type": "edge", "u": 565, "v": 575, "edge_key": 0, "length_m": 16.129, "is_bridged": false, "is_bridge": false, "edge_betweenness": 0.0, "width_m": 9.505}}, {"type": "Feature", "geometry": {"type": "LineString", "coordinates": [[72.565947, 23.030662], [72.565967, 23.030626], [72.566064, 23.030627], [72.566122, 23.030682]]}, "properties": {"feature_type": "edge", "u": 566, "v": 567, "edge_key": 0, "length_m": 22.957, "is_bridged": false, "is_bridge": false, "edge_betweenness": 0.0, "width_m": 10.215}}, {"type": "Feature", "geometry": {"type": "LineString", "coordinates": [[72.565947, 23.030662], [72.565869, 23.03066]]}, "properties": {"feature_type": "edge", "u": 566, "v": 568, "edge_key": 0, "length_m": 8.0, "is_bridged": false, "is_bridge": false, "edge_betweenness": 0.0, "width_m": 15.595}}, {"type": "Feature", "geometry": {"type": "LineString", "coordinates": [[72.565869, 23.03066], [72.56583, 23.030624], [72.565733, 23.030604]]}, "properties": {"feature_type": "edge", "u": 568, "v": 575, "edge_key": 0, "length_m": 16.485, "is_bridged": false, "is_bridge": false, "edge_betweenness": 0.0, "width_m": 11.558}}, {"type": "Feature", "geometry": {"type": "LineString", "coordinates": [[72.571817, 23.030734], [72.571934, 23.030736]]}, "properties": {"feature_type": "edge", "u": 569, "v": 570, "edge_key": 0, "length_m": 12.0, "is_bridged": false, "is_bridge": false, "edge_betweenness": 0.0, "width_m": 7.952}}, {"type": "Feature", "geometry": {"type": "LineString", "coordinates": [[72.571817, 23.030734], [72.571545, 23.030693]]}, "properties": {"feature_type": "edge", "u": 569, "v": 577, "edge_key": 0, "length_m": 28.797, "is_bridged": false, "is_bridge": false, "edge_betweenness": 0.0, "width_m": 9.198}}, {"type": "Feature", "geometry": {"type": "LineString", "coordinates": [[72.571817, 23.030734], [72.571838, 23.030644]]}, "properties": {"feature_type": "edge", "u": 569, "v": 579, "edge_key": 0, "length_m": 10.472, "is_bridged": false, "is_bridge": false, "edge_betweenness": 0.0, "width_m": 16.328}}, {"type": "Feature", "geometry": {"type": "LineString", "coordinates": [[72.571934, 23.030736], [72.571954, 23.030718], [72.571955, 23.030646]]}, "properties": {"feature_type": "edge", "u": 570, "v": 580, "edge_key": 0, "length_m": 10.828, "is_bridged": false, "is_bridge": false, "edge_betweenness": 0.0, "width_m": 7.063}}, {"type": "Feature", "geometry": {"type": "LineString", "coordinates": [[72.56858, 23.030684], [72.568561, 23.030648], [72.568582, 23.03054], [72.568544, 23.030485], [72.568554, 23.029943]]}, "properties": {"feature_type": "edge", "u": 571, "v": 614, "edge_key": 0, "length_m": 85.314, "is_bridged": false, "is_bridge": true, "edge_betweenness": 0.0, "width_m": 8.115}}, {"type": "Feature", "geometry": {"type": "LineString", "coordinates": [[72.57055, 23.030678], [72.570413, 23.030694]]}, "properties": {"feature_type": "edge", "u": 572, "v": 573, "edge_key": 0, "length_m": 14.472, "is_bridged": false, "is_bridge": false, "edge_betweenness": 0.0, "width_m": 10.447}}, {"type": "Feature", "geometry": {"type": "LineString", "coordinates": [[72.57055, 23.030678], [72.570514, 23.030533]]}, "properties": {"feature_type": "edge", "u": 572, "v": 584, "edge_key": 0, "length_m": 16.944, "is_bridged": false, "is_bridge": false, "edge_betweenness": 0.0, "width_m": 9.624}}, {"type": "Feature", "geometry": {"type": "LineString", "coordinates": [[72.57055, 23.030678], [72.570648, 23.030662]]}, "properties": {"feature_type": "edge", "u": 572, "v": 576, "edge_key": 0, "length_m": 10.472, "is_bridged": false, "is_bridge": false, "edge_betweenness": 0.0, "width_m": 12.281}}, {"type": "Feature", "geometry": {"type": "LineString", "coordinates": [[72.570413, 23.030694], [72.570435, 23.030586], [72.570514, 23.030533]]}, "properties": {"feature_type": "edge", "u": 573, "v": 584, "edge_key": 0, "length_m": 22.957, "is_bridged": false, "is_bridge": false, "edge_betweenness": 0.0, "width_m": 10.298}}, {"type": "Feature", "geometry": {"type": "LineString", "coordinates": [[72.570785, 23.030664], [72.570823, 23.030682], [72.570882, 23.030665]]}, "properties": {"feature_type": "edge", "u": 574, "v": 578, "edge_key": 0, "length_m": 11.301, "is_bridged": false, "is_bridge": false, "edge_betweenness": 0.0, "width_m": 9.84}}, {"type": "Feature", "geometry": {"type": "LineString", "coordinates": [[72.570785, 23.030664], [72.570648, 23.030662]]}, "properties": {"feature_type": "edge", "u": 574, "v": 576, "edge_key": 0, "length_m": 14.0, "is_bridged": false, "is_bridge": false, "edge_betweenness": 0.0, "width_m": 9.543}}, {"type": "Feature", "geometry": {"type": "LineString", "coordinates": [[72.570785, 23.030664], [72.570785, 23.030628], [72.570825, 23.030592]]}, "properties": {"feature_type": "edge", "u": 574, "v": 581, "edge_key": 0, "length_m": 9.657, "is_bridged": false, "is_bridge": false, "edge_betweenness": 0.0, "width_m": 6.236}}, {"type": "Feature", "geometry": {"type": "LineString", "coordinates": [[72.565733, 23.030604], [72.565715, 23.03055], [72.56558, 23.030421], [72.56545, 23.030094], [72.565463, 23.029336]]}, "properties": {"feature_type": "edge", "u": 575, "v": 637, "edge_key": 0, "length_m": 152.07, "is_bridged": false, "is_bridge": false, "edge_betweenness": 0.0, "width_m": 8.339}}, {"type": "Feature", "geometry": {"type": "LineString", "coordinates": [[72.570648, 23.030662], [72.570629, 23.030625], [72.570631, 23.030517], [72.570651, 23.030499]]}, "properties": {"feature_type": "edge", "u": 576, "v": 592, "edge_key": 0, "length_m": 19.301, "is_bridged": false, "is_bridge": false, "edge_betweenness": 0.0, "width_m": 9.158}}, {"type": "Feature", "geometry": {"type": "LineString", "coordinates": [[72.571545, 23.030693], [72.57096, 23.030684], [72.570882, 23.030665]]}, "properties": {"feature_type": "edge", "u": 577, "v": 578, "edge_key": 0, "length_m": 68.828, "is_bridged": false, "is_bridge": false, "edge_betweenness": 0.0, "width_m": 8.856}}, {"type": "Feature", "geometry": {"type": "LineString", "coordinates": [[72.571545, 23.030693], [72.571565, 23.03064], [72.571763, 23.030498], [72.571841, 23.030517]]}, "properties": {"feature_type": "edge", "u": 577, "v": 587, "edge_key": 0, "length_m": 41.424, "is_bridged": false, "is_bridge": false, "edge_betweenness": 0.0, "width_m": 10.132}}, {"type": "Feature", "geometry": {"type": "LineString", "coordinates": [[72.570882, 23.030665], [72.570864, 23.030611], [72.570825, 23.030592]]}, "properties": {"feature_type": "edge", "u": 578, "v": 581, "edge_key": 0, "length_m": 11.301, "is_bridged": false, "is_bridge": false, "edge_betweenness": 0.0, "width_m": 9.178}}, {"type": "Feature", "geometry": {"type": "LineString", "coordinates": [[72.571838, 23.030644], [72.571955, 23.030646]]}, "properties": {"feature_type": "edge", "u": 579, "v": 580, "edge_key": 0, "length_m": 12.0, "is_bridged": false, "is_bridge": false, "edge_betweenness": 0.0, "width_m": 8.15}}, {"type": "Feature", "geometry": {"type": "LineString", "coordinates": [[72.571838, 23.030644], [72.571841, 23.030517]]}, "properties": {"feature_type": "edge", "u": 579, "v": 587, "edge_key": 0, "length_m": 14.0, "is_bridged": false, "is_bridge": false, "edge_betweenness": 0.0, "width_m": 16.575}}, {"type": "Feature", "geometry": {"type": "LineString", "coordinates": [[72.571955, 23.030646], [72.571975, 23.030628], [72.571976, 23.030556]]}, "properties": {"feature_type": "edge", "u": 580, "v": 588, "edge_key": 0, "length_m": 10.828, "is_bridged": false, "is_bridge": false, "edge_betweenness": 0.0, "width_m": 7.767}}, {"type": "Feature", "geometry": {"type": "LineString", "coordinates": [[72.570825, 23.030592], [72.570729, 23.030518], [72.570651, 23.030499]]}, "properties": {"feature_type": "edge", "u": 581, "v": 592, "edge_key": 0, "length_m": 22.142, "is_bridged": false, "is_bridge": false, "edge_betweenness": 0.0, "width_m": 8.967}}, {"type": "Feature", "geometry": {"type": "LineString", "coordinates": [[72.568933, 23.030545], [72.568915, 23.030509], [72.568934, 23.029426], [72.568954, 23.029408]]}, "properties": {"feature_type": "edge", "u": 582, "v": 638, "edge_key": 0, "length_m": 127.657, "is_bridged": false, "is_bridge": true, "edge_betweenness": 0.0, "width_m": 8.052}}, {"type": "Feature", "geometry": {"type": "LineString", "coordinates": [[72.561094, 23.030388], [72.560236, 23.030357]]}, "properties": {"feature_type": "edge", "u": 583, "v": 585, "edge_key": 0, "length_m": 88.828, "is_bridged": false, "is_bridge": false, "edge_betweenness": 0.0, "width_m": 8.284}}, {"type": "Feature", "geometry": {"type": "LineString", "coordinates": [[72.561094, 23.030388], [72.561504, 23.030394], [72.561524, 23.030377], [72.562168, 23.030351]]}, "properties": {"feature_type": "edge", "u": 583, "v": 590, "edge_key": 0, "length_m": 112.485, "is_bridged": false, "is_bridge": false, "edge_betweenness": 0.0, "width_m": 8.273}}, {"type": "Feature", "geometry": {"type": "LineString", "coordinates": [[72.561094, 23.030388], [72.561096, 23.03028], [72.56104, 23.030135], [72.5606, 23.029676], [72.560581, 23.029622]]}, "properties": {"feature_type": "edge", "u": 583, "v": 622, "edge_key": 0, "length_m": 106.011, "is_bridged": false, "is_bridge": false, "edge_betweenness": 0.0, "width_m": 9.211}}, {"type": "Feature", "geometry": {"type": "LineString", "coordinates": [[72.570514, 23.030533], [72.570499, 23.030244], [72.57048, 23.030226], [72.570484, 23.030027], [72.570465, 23.030009], [72.570456, 23.029431]]}, "properties": {"feature_type": "edge", "u": 584, "v": 635, "edge_key": 0, "length_m": 125.314, "is_bridged": false, "is_bridge": false, "edge_betweenness": 0.0, "width_m": 8.345}}, {"type": "Feature", "geometry": {"type": "LineString", "coordinates": [[72.560236, 23.030357], [72.56008, 23.030354], [72.560061, 23.030336], [72.559437, 23.030326], [72.559418, 23.030308], [72.559047, 23.030302], [72.559028, 23.03032]]}, "properties": {"feature_type": "edge", "u": 585, "v": 589, "edge_key": 0, "length_m": 126.485, "is_bridged": false, "is_bridge": false, "edge_betweenness": 0.0, "width_m": 8.366}}, {"type": "Feature", "geometry": {"type": "LineString", "coordinates": [[72.560236, 23.030357], [72.560198, 23.03032], [72.560199, 23.030248], [72.560014, 23.029703], [72.560015, 23.029649]]}, "properties": {"feature_type": "edge", "u": 585, "v": 619, "edge_key": 0, "length_m": 87.941, "is_bridged": false, "is_bridge": false, "edge_betweenness": 0.0, "width_m": 8.572}}, {"type": "Feature", "geometry": {"type": "LineString", "coordinates": [[72.563239, 23.030421], [72.563046, 23.030346]]}, "properties": {"feature_type": "edge", "u": 586, "v": 593, "edge_key": 0, "length_m": 23.314, "is_bridged": false, "is_bridge": false, "edge_betweenness": 0.0, "width_m": 14.732}}, {"type": "Feature", "geometry": {"type": "LineString", "coordinates": [[72.563239, 23.030421], [72.563279, 23.030386], [72.564235, 23.030382]]}, "properties": {"feature_type": "edge", "u": 586, "v": 591, "edge_key": 0, "length_m": 104.485, "is_bridged": false, "is_bridge": false, "edge_betweenness": 0.0, "width_m": 8.415}}, {"type": "Feature", "geometry": {"type": "LineString", "coordinates": [[72.571841, 23.030517], [72.571976, 23.030556]]}, "properties": {"feature_type": "edge", "u": 587, "v": 588, "edge_key": 0, "length_m": 15.153, "is_bridged": false, "is_bridge": false, "edge_betweenness": 0.0, "width_m": 9.458}}, {"type": "Feature", "geometry": {"type": "LineString", "coordinates": [[72.571841, 23.030517], [72.5719, 23.030482], [72.571921, 23.030392]]}, "properties": {"feature_type": "edge", "u": 587, "v": 595, "edge_key": 0, "length_m": 17.499, "is_bridged": false, "is_bridge": false, "edge_betweenness": 0.0, "width_m": 11.944}}, {"type": "Feature", "geometry": {"type": "LineString", "coordinates": [[72.571841, 23.030517], [72.571822, 23.030463], [72.571843, 23.030391]]}, "properties": {"feature_type": "edge", "u": 587, "v": 598, "edge_key": 0, "length_m": 15.153, "is_bridged": false, "is_bridge": false, "edge_betweenness": 0.0, "width_m": 12.861}}, {"type": "Feature", "geometry": {"type": "LineString", "coordinates": [[72.571976, 23.030556], [72.571996, 23.030538], [72.571998, 23.030466]]}, "properties": {"feature_type": "edge", "u": 588, "v": 596, "edge_key": 0, "length_m": 10.828, "is_bridged": false, "is_bridge": false, "edge_betweenness": 0.0, "width_m": 8.472}}, {"type": "Feature", "geometry": {"type": "LineString", "coordinates": [[72.559028, 23.03032], [72.558931, 23.030264]]}, "properties": {"feature_type": "edge", "u": 589, "v": 594, "edge_key": 0, "length_m": 11.773, "is_bridged": false, "is_bridge": false, "edge_betweenness": 0.0, "width_m": 16.731}}, {"type": "Feature", "geometry": {"type": "LineString", "coordinates": [[72.562168, 23.030351], [72.563006, 23.030381], [72.563046, 23.030346]]}, "properties": {"feature_type": "edge", "u": 590, "v": 593, "edge_key": 0, "length_m": 92.485, "is_bridged": false, "is_bridge": false, "edge_betweenness": 0.0, "width_m": 8.37}}, {"type": "Feature", "geometry": {"type": "LineString", "coordinates": [[72.562168, 23.030351], [72.562207, 23.030315], [72.562268, 23.030172], [72.562428, 23.029975], [72.562546, 23.029905]]}, "properties": {"feature_type": "edge", "u": 590, "v": 612, "edge_key": 0, "length_m": 68.083, "is_bridged": false, "is_bridge": false, "edge_betweenness": 0.0, "width_m": 9.512}}, {"type": "Feature", "geometry": {"type": "LineString", "coordinates": [[72.564235, 23.030382], [72.564275, 23.030347], [72.564491, 23.03026], [72.564551, 23.030189]]}, "properties": {"feature_type": "edge", "u": 591, "v": 601, "edge_key": 0, "length_m": 41.928, "is_bridged": false, "is_bridge": false, "edge_betweenness": 0.0, "width_m": 9.354}}, {"type": "Feature", "geometry": {"type": "LineString", "coordinates": [[72.564235, 23.030382], [72.564219, 23.030165]]}, "properties": {"feature_type": "edge", "u": 591, "v": 602, "edge_key": 0, "length_m": 24.828, "is_bridged": false, "is_bridge": false, "edge_betweenness": 0.0, "width_m": 8.426}}, {"type": "Feature", "geometry": {"type": "LineString", "coordinates": [[72.570651, 23.030499], [72.570613, 23.030426], [72.5706, 23.030101]]}, "properties": {"feature_type": "edge", "u": 592, "v": 607, "edge_key": 0, "length_m": 46.485, "is_bridged": false, "is_bridge": false, "edge_betweenness": 0.0, "width_m": 8.504}}, {"type": "Feature", "geometry": {"type": "LineString", "coordinates": [[72.563046, 23.030346], [72.563027, 23.030273], [72.562777, 23.030071], [72.562759, 23.029999]]}, "properties": {"feature_type": "edge", "u": 593, "v": 606, "edge_key": 0, "length_m": 52.77, "is_bridged": false, "is_bridge": false, "edge_betweenness": 0.0, "width_m": 15.176}}, {"type": "Feature", "geometry": {"type": "LineString", "coordinates": [[72.558931, 23.030264], [72.558891, 23.0303], [72.558794, 23.030298], [72.558775, 23.03028], [72.558248, 23.030272], [72.558229, 23.030254], [72.556864, 23.030196]]}, "properties": {"feature_type": "edge", "u": 594, "v": 597, "edge_key": 0, "length_m": 216.971, "is_bridged": false, "is_bridge": false, "edge_betweenness": 0.0, "width_m": 8.194}}, {"type": "Feature", "geometry": {"type": "LineString", "coordinates": [[72.558931, 23.030264], [72.558932, 23.03021], [72.558838, 23.030028], [72.558799, 23.029992], [72.558648, 23.029718], [72.558649, 23.029682], [72.558572, 23.029591], [72.558573, 23.029555], [72.558403, 23.029281]]}, "properties": {"feature_type": "edge", "u": 594, "v": 627, "edge_key": 0, "length_m": 130.304, "is_bridged": false, "is_bridge": false, "edge_betweenness": 0.0, "width_m": 16.009}}, {"type": "Feature", "geometry": {"type": "LineString", "coordinates": [[72.571921, 23.030392], [72.571998, 23.030466]]}, "properties": {"feature_type": "edge", "u": 595, "v": 596, "edge_key": 0, "length_m": 12.04, "is_bridged": false, "is_bridge": false, "edge_betweenness": 0.0, "width_m": 6.886}}, {"type": "Feature", "geometry": {"type": "LineString", "coordinates": [[72.571921, 23.030392], [72.571843, 23.030391]]}, "properties": {"feature_type": "edge", "u": 595, "v": 598, "edge_key": 0, "length_m": 8.0, "is_bridged": false, "is_bridge": false, "edge_betweenness": 0.0, "width_m": 9.419}}, {"type": "Feature", "geometry": {"type": "LineString", "coordinates": [[72.571921, 23.030392], [72.57198, 23.030357], [72.572019, 23.030376]]}, "properties": {"feature_type": "edge", "u": 595, "v": 599, "edge_key": 0, "length_m": 12.04, "is_bridged": false, "is_bridge": false, "edge_betweenness": 0.0, "width_m": 6.886}}, {"type": "Feature", "geometry": {"type": "LineString", "coordinates": [[72.571921, 23.030392], [72.571942, 23.03032], [72.571923, 23.030266]]}, "properties": {"feature_type": "edge", "u": 595, "v": 603, "edge_key": 0, "length_m": 14.571, "is_bridged": false, "is_bridge": false, "edge_betweenness": 0.0, "width_m": 5.963}}, {"type": "Feature", "geometry": {"type": "LineString", "coordinates": [[72.571998, 23.030466], [72.572017, 23.030448], [72.572019, 23.030376]]}, "properties": {"feature_type": "edge", "u": 596, "v": 599, "edge_key": 0, "length_m": 10.828, "is_bridged": false, "is_bridge": false, "edge_betweenness": 0.0, "width_m": 8.472}}, {"type": "Feature", "geometry": {"type": "LineString", "coordinates": [[72.556864, 23.030196], [72.556104, 23.030167], [72.556085, 23.030148], [72.555578, 23.03014], [72.555559, 23.030122], [72.555266, 23.030118], [72.555208, 23.030099]]}, "properties": {"feature_type": "edge", "u": 597, "v": 600, "edge_key": 0, "length_m": 173.314, "is_bridged": false, "is_bridge": true, "edge_betweenness": 0.0, "width_m": 8.025}}, {"type": "Feature", "geometry": {"type": "LineString", "coordinates": [[72.571843, 23.030391], [72.571864, 23.030301], [72.571923, 23.030266]]}, "properties": {"feature_type": "edge", "u": 598, "v": 603, "edge_key": 0, "length_m": 18.04, "is_bridged": false, "is_bridge": false, "edge_betweenness": 0.0, "width_m": 7.376}}, {"type": "Feature", "geometry": {"type": "LineString", "coordinates": [[72.572019, 23.030376], [72.572039, 23.030358], [72.572041, 23.030232]]}, "properties": {"feature_type": "edge", "u": 599, "v": 605, "edge_key": 0, "length_m": 16.828, "is_bridged": false, "is_bridge": false, "edge_betweenness": 0.0, "width_m": 9.268}}, {"type": "Feature", "geometry": {"type": "LineString", "coordinates": [[72.564551, 23.030189], [72.564531, 23.03017], [72.564219, 23.030165]]}, "properties": {"feature_type": "edge", "u": 601, "v": 602, "edge_key": 0, "length_m": 34.828, "is_bridged": false, "is_bridge": false, "edge_betweenness": 0.0, "width_m": 8.579}}, {"type": "Feature", "geometry": {"type": "LineString", "coordinates": [[72.564551, 23.030189], [72.564765, 23.030174], [72.564903, 23.03014]]}, "properties": {"feature_type": "edge", "u": 601, "v": 604, "edge_key": 0, "length_m": 38.485, "is_bridged": false, "is_bridge": true, "edge_betweenness": 0.0, "width_m": 9.218}}, {"type": "Feature", "geometry": {"type": "LineString", "coordinates": [[72.564219, 23.030165], [72.564207, 23.029768], [72.564188, 23.02975], [72.564191, 23.029569], [72.564172, 23.029551], [72.564174, 23.029406], [72.564156, 23.02937]]}, "properties": {"feature_type": "edge", "u": 602, "v": 632, "edge_key": 0, "length_m": 90.957, "is_bridged": false, "is_bridge": false, "edge_betweenness": 0.0, "width_m": 8.209}}, {"type": "Feature", "geometry": {"type": "LineString", "coordinates": [[72.571923, 23.030266], [72.571982, 23.030231], [72.572041, 23.030232]]}, "properties": {"feature_type": "edge", "u": 603, "v": 605, "edge_key": 0, "length_m": 13.211, "is_bridged": false, "is_bridge": false, "edge_betweenness": 0.0, "width_m": 10.211}}, {"type": "Feature", "geometry": {"type": "LineString", "coordinates": [[72.571923, 23.030266], [72.571986, 23.03005]]}, "properties": {"feature_type": "edge", "u": 603, "v": 608, "edge_key": 0, "length_m": 24.895, "is_bridged": false, "is_bridge": false, "edge_betweenness": 0.0, "width_m": 9.927}}, {"type": "Feature", "geometry": {"type": "LineString", "coordinates": [[72.572041, 23.030232], [72.57208, 23.030196], [72.572082, 23.030124]]}, "properties": {"feature_type": "edge", "u": 605, "v": 609, "edge_key": 0, "length_m": 13.657, "is_bridged": false, "is_bridge": false, "edge_betweenness": 0.0, "width_m": 8.591}}, {"type": "Feature", "geometry": {"type": "LineString", "coordinates": [[72.562759, 23.029999], [72.562701, 23.029998], [72.562624, 23.029924], [72.562546, 23.029905]]}, "properties": {"feature_type": "edge", "u": 606, "v": 612, "edge_key": 0, "length_m": 25.786, "is_bridged": false, "is_bridge": false, "edge_betweenness": 0.0, "width_m": 15.339}}, {"type": "Feature", "geometry": {"type": "LineString", "coordinates": [[72.562759, 23.029999], [72.563136, 23.029643], [72.563432, 23.029449], [72.563668, 23.029363], [72.564156, 23.02937]]}, "properties": {"feature_type": "edge", "u": 606, "v": 632, "edge_key": 0, "length_m": 172.995, "is_bridged": false, "is_bridge": false, "edge_betweenness": 0.0, "width_m": 8.863}}, {"type": "Feature", "geometry": {"type": "LineString", "coordinates": [[72.5706, 23.030101], [72.570563, 23.029974], [72.570573, 23.029433], [72.570613, 23.029361], [72.570738, 23.02893], [72.570798, 23.028804], [72.5708, 23.028714]]}, "properties": {"feature_type": "edge", "u": 607, "v": 654, "edge_key": 0, "length_m": 164.77, "is_bridged": false, "is_bridge": false, "edge_betweenness": 0.0, "width_m": 8.221}}, {"type": "Feature", "geometry": {"type": "LineString", "coordinates": [[72.5706, 23.030101], [72.571048, 23.030108], [72.571184, 23.030164], [72.571437, 23.030168], [72.571457, 23.03015], [72.571462, 23.029862], [72.571443, 23.029825]]}, "properties": {"feature_type": "edge", "u": 607, "v": 620, "edge_key": 0, "length_m": 127.786, "is_bridged": false, "is_bridge": true, "edge_betweenness": 0.0, "width_m": 8.232}}, {"type": "Feature", "geometry": {"type": "LineString", "coordinates": [[72.571986, 23.03005], [72.572023, 23.030123], [72.572082, 23.030124]]}, "properties": {"feature_type": "edge", "u": 608, "v": 609, "edge_key": 0, "length_m": 14.944, "is_bridged": false, "is_bridge": false, "edge_betweenness": 0.0, "width_m": 4.828}}, {"type": "Feature", "geometry": {"type": "LineString", "coordinates": [[72.571986, 23.03005], [72.572083, 23.030052], [72.572102, 23.03007]]}, "properties": {"feature_type": "edge", "u": 608, "v": 611, "edge_key": 0, "length_m": 12.828, "is_bridged": false, "is_bridge": false, "edge_betweenness": 0.0, "width_m": 6.309}}, {"type": "Feature", "geometry": {"type": "LineString", "coordinates": [[72.571986, 23.03005], [72.571947, 23.029995], [72.571968, 23.029924]]}, "properties": {"feature_type": "edge", "u": 608, "v": 617, "edge_key": 0, "length_m": 16.04, "is_bridged": false, "is_bridge": false, "edge_betweenness": 0.0, "width_m": 7.2}}, {"type": "Feature", "geometry": {"type": "LineString", "coordinates": [[72.571986, 23.03005], [72.572027, 23.029924], [72.571968, 23.029924]]}, "properties": {"feature_type": "edge", "u": 608, "v": 617, "edge_key": 1, "length_m": 20.56, "is_bridged": false, "is_bridge": false, "edge_betweenness": 0.0, "width_m": 5.414}}, {"type": "Feature", "geometry": {"type": "LineString", "coordinates": [[72.571986, 23.03005], [72.572084, 23.029979], [72.572123, 23.029998]]}, "properties": {"feature_type": "edge", "u": 608, "v": 616, "edge_key": 0, "length_m": 17.635, "is_bridged": false, "is_bridge": false, "edge_betweenness": 0.0, "width_m": 5.65}}, {"type": "Feature", "geometry": {"type": "LineString", "coordinates": [[72.571986, 23.03005], [72.572086, 23.029889], [72.572067, 23.029853]]}, "properties": {"feature_type": "edge", "u": 608, "v": 618, "edge_key": 0, "length_m": 25.425, "is_bridged": false, "is_bridge": false, "edge_betweenness": 0.0, "width_m": 7.72}}, {"type": "Feature", "geometry": {"type": "LineString", "coordinates": [[72.572082, 23.030124], [72.572102, 23.03007]]}, "properties": {"feature_type": "edge", "u": 609, "v": 611, "edge_key": 0, "length_m": 6.828, "is_bridged": false, "is_bridge": false, "edge_betweenness": 0.0, "width_m": 7.65}}, {"type": "Feature", "geometry": {"type": "LineString", "coordinates": [[72.567188, 23.029994], [72.567266, 23.029996], [72.567481, 23.029945], [72.568086, 23.029936]]}, "properties": {"feature_type": "edge", "u": 610, "v": 613, "edge_key": 0, "length_m": 95.314, "is_bridged": false, "is_bridge": false, "edge_betweenness": 0.0, "width_m": 8.236}}, {"type": "Feature", "geometry": {"type": "LineString", "coordinates": [[72.567188, 23.029994], [72.567154, 23.029687]]}, "properties": {"feature_type": "edge", "u": 610, "v": 625, "edge_key": 0, "length_m": 35.657, "is_bridged": false, "is_bridge": false, "edge_betweenness": 0.0, "width_m": 8.693}}, {"type": "Feature", "geometry": {"type": "LineString", "coordinates": [[72.572102, 23.03007], [72.572123, 23.029998]]}, "properties": {"feature_type": "edge", "u": 611, "v": 616, "edge_key": 0, "length_m": 8.828, "is_bridged": false, "is_bridge": false, "edge_betweenness": 0.0, "width_m": 8.567}}, {"type": "Feature", "geometry": {"type": "LineString", "coordinates": [[72.562546, 23.029905], [72.562528, 23.029851], [72.562355, 23.029703], [72.562356, 23.029649]]}, "properties": {"feature_type": "edge", "u": 612, "v": 623, "edge_key": 0, "length_m": 37.1, "is_bridged": false, "is_bridge": false, "edge_betweenness": 0.0, "width_m": 15.352}}, {"type": "Feature", "geometry": {"type": "LineString", "coordinates": [[72.568086, 23.029936], [72.568223, 23.029938]]}, "properties": {"feature_type": "edge", "u": 613, "v": 615, "edge_key": 0, "length_m": 14.0, "is_bridged": false, "is_bridge": false, "edge_betweenness": 0.0, "width_m": 9.648}}, {"type": "Feature", "geometry": {"type": "LineString", "coordinates": [[72.568554, 23.029943], [72.568398, 23.029959], [72.568378, 23.029977], [72.5683, 23.029975], [72.568223, 23.029938]]}, "properties": {"feature_type": "edge", "u": 614, "v": 615, "edge_key": 0, "length_m": 36.957, "is_bridged": false, "is_bridge": false, "edge_betweenness": 0.0, "width_m": 8.637}}, {"type": "Feature", "geometry": {"type": "LineString", "coordinates": [[72.568554, 23.029943], [72.568562, 23.02951], [72.568603, 23.029366], [72.568588, 23.029113], [72.568472, 23.029075], [72.568238, 23.029054]]}, "properties": {"feature_type": "edge", "u": 614, "v": 648, "edge_key": 0, "length_m": 132.971, "is_bridged": false, "is_bridge": false, "edge_betweenness": 0.0, "width_m": 8.213}}, {"type": "Feature", "geometry": {"type": "LineString", "coordinates": [[72.568223, 23.029938], [72.568226, 23.029722], [72.568246, 23.029704], [72.568249, 23.029559], [72.568269, 23.029542], [72.568271, 23.029415], [72.568291, 23.029398], [72.568292, 23.029307], [72.568273, 23.029289], [72.567825, 23.029264], [72.567806, 23.029246], [72.567533, 23.029241], [72.567376, 23.029275], [72.567316, 23.029383], [72.567293, 23.029581], [72.567193, 23.029688], [72.567154, 23.029687]]}, "properties": {"feature_type": "edge", "u": 615, "v": 625, "edge_key": 0, "length_m": 228.083, "is_bridged": false, "is_bridge": false, "edge_betweenness": 0.0, "width_m": 8.274}}, {"type": "Feature", "geometry": {"type": "LineString", "coordinates": [[72.572123, 23.029998], [72.572143, 23.02998], [72.572144, 23.02989], [72.572067, 23.029853]]}, "properties": {"feature_type": "edge", "u": 616, "v": 618, "edge_key": 0, "length_m": 21.773, "is_bridged": false, "is_bridge": false, "edge_betweenness": 0.0, "width_m": 9.278}}, {"type": "Feature", "geometry": {"type": "LineString", "coordinates": [[72.571968, 23.029924], [72.571989, 23.029852], [72.572067, 23.029853]]}, "properties": {"feature_type": "edge", "u": 617, "v": 618, "edge_key": 0, "length_m": 16.472, "is_bridged": false, "is_bridge": false, "edge_betweenness": 0.0, "width_m": 7.72}}, {"type": "Feature", "geometry": {"type": "LineString", "coordinates": [[72.572067, 23.029853], [72.572145, 23.029836], [72.572129, 23.029673]]}, "properties": {"feature_type": "edge", "u": 618, "v": 626, "edge_key": 0, "length_m": 26.388, "is_bridged": false, "is_bridge": false, "edge_betweenness": 0.0, "width_m": 12.047}}, {"type": "Feature", "geometry": {"type": "LineString", "coordinates": [[72.572067, 23.029853], [72.57201, 23.02978], [72.57203, 23.029726], [72.572129, 23.029673]]}, "properties": {"feature_type": "edge", "u": 618, "v": 626, "edge_key": 1, "length_m": 29.086, "is_bridged": false, "is_bridge": false, "edge_betweenness": 0.0, "width_m": 8.061}}, {"type": "Feature", "geometry": {"type": "LineString", "coordinates": [[72.560015, 23.029649], [72.559542, 23.028829]]}, "properties": {"feature_type": "edge", "u": 619, "v": 650, "edge_key": 0, "length_m": 110.354, "is_bridged": false, "is_bridge": false, "edge_betweenness": 0.0, "width_m": 9.18}}, {"type": "Feature", "geometry": {"type": "LineString", "coordinates": [[72.560015, 23.029649], [72.560581, 23.029622]]}, "properties": {"feature_type": "edge", "u": 619, "v": 622, "edge_key": 0, "length_m": 59.657, "is_bridged": false, "is_bridge": false, "edge_betweenness": 0.0, "width_m": 8.396}}, {"type": "Feature", "geometry": {"type": "LineString", "coordinates": [[72.571443, 23.029825], [72.57119, 23.029821], [72.571132, 23.029802]]}, "properties": {"feature_type": "edge", "u": 620, "v": 624, "edge_key": 0, "length_m": 32.828, "is_bridged": false, "is_bridge": true, "edge_betweenness": 0.0, "width_m": 7.809}}, {"type": "Feature", "geometry": {"type": "LineString", "coordinates": [[72.571443, 23.029825], [72.571794, 23.029831]]}, "properties": {"feature_type": "edge", "u": 620, "v": 621, "edge_key": 0, "length_m": 36.0, "is_bridged": false, "is_bridge": true, "edge_betweenness": 0.0, "width_m": 8.111}}, {"type": "Feature", "geometry": {"type": "LineString", "coordinates": [[72.571443, 23.029825], [72.571449, 23.029482]]}, "properties": {"feature_type": "edge", "u": 620, "v": 633, "edge_key": 0, "length_m": 38.0, "is_bridged": false, "is_bridge": true, "edge_betweenness": 0.0, "width_m": 8.099}}, {"type": "Feature", "geometry": {"type": "LineString", "coordinates": [[72.560581, 23.029622], [72.560681, 23.029515], [72.561394, 23.028912]]}, "properties": {"feature_type": "edge", "u": 622, "v": 649, "edge_key": 0, "length_m": 115.952, "is_bridged": false, "is_bridge": false, "edge_betweenness": 0.0, "width_m": 9.483}}, {"type": "Feature", "geometry": {"type": "LineString", "coordinates": [[72.562356, 23.029649], [72.562259, 23.02963], [72.562105, 23.029483], [72.561394, 23.028912]]}, "properties": {"feature_type": "edge", "u": 623, "v": 649, "edge_key": 0, "length_m": 133.137, "is_bridged": false, "is_bridge": false, "edge_betweenness": 0.0, "width_m": 15.361}}, {"type": "Feature", "geometry": {"type": "LineString", "coordinates": [[72.562356, 23.029649], [72.563289, 23.028725]]}, "properties": {"feature_type": "edge", "u": 623, "v": 653, "edge_key": 0, "length_m": 142.936, "is_bridged": false, "is_bridge": false, "edge_betweenness": 0.0, "width_m": 9.328}}, {"type": "Feature", "geometry": {"type": "LineString", "coordinates": [[72.567154, 23.029687], [72.567116, 23.02965], [72.567079, 23.029541], [72.56708, 23.029451], [72.567042, 23.029396]]}, "properties": {"feature_type": "edge", "u": 625, "v": 634, "edge_key": 0, "length_m": 36.971, "is_bridged": false, "is_bridge": false, "edge_betweenness": 0.0, "width_m": 8.852}}, {"type": "Feature", "geometry": {"type": "LineString", "coordinates": [[72.572129, 23.029673], [72.572186, 23.029746]]}, "properties": {"feature_type": "edge", "u": 626, "v": 865, "edge_key": 0, "length_m": 10.0, "is_bridged": false, "is_bridge": false, "edge_betweenness": 0.0, "width_m": 7.296}}, {"type": "Feature", "geometry": {"type": "LineString", "coordinates": [[72.572186, 23.029746], [72.572129, 23.029673]]}, "properties": {"feature_type": "edge", "u": 626, "v": 865, "edge_key": 1, "length_m": 10.0, "is_bridged": false, "is_bridge": false, "edge_betweenness": 0.0, "width_m": 7.296}}, {"type": "Feature", "geometry": {"type": "LineString", "coordinates": [[72.572129, 23.029673], [72.572089, 23.029727]]}, "properties": {"feature_type": "edge", "u": 626, "v": 866, "edge_key": 0, "length_m": 7.211, "is_bridged": false, "is_bridge": false, "edge_betweenness": 0.0, "width_m": 7.296}}, {"type": "Feature", "geometry": {"type": "LineString", "coordinates": [[72.572089, 23.029727], [72.572129, 23.029673]]}, "properties": {"feature_type": "edge", "u": 626, "v": 866, "edge_key": 1, "length_m": 7.211, "is_bridged": false, "is_bridge": false, "edge_betweenness": 0.0, "width_m": 7.296}}, {"type": "Feature", "geometry": {"type": "LineString", "coordinates": [[72.572129, 23.029673], [72.57221, 23.029476], [72.572253, 23.029296], [72.572352, 23.029189]]}, "properties": {"feature_type": "edge", "u": 626, "v": 646, "edge_key": 0, "length_m": 62.016, "is_bridged": false, "is_bridge": false, "edge_betweenness": 0.0, "width_m": 19.617}}, {"type": "Feature", "geometry": {"type": "LineString", "coordinates": [[72.558403, 23.029281], [72.558286, 23.029243], [72.558188, 23.029278], [72.557075, 23.029315]]}, "properties": {"feature_type": "edge", "u": 627, "v": 629, "edge_key": 0, "length_m": 140.912, "is_bridged": false, "is_bridge": true, "edge_betweenness": 0.0, "width_m": 15.302}}, {"type": "Feature", "geometry": {"type": "LineString", "coordinates": [[72.558403, 23.029281], [72.558461, 23.029282], [72.55852, 23.029247]]}, "properties": {"feature_type": "edge", "u": 627, "v": 636, "edge_key": 0, "length_m": 13.301, "is_bridged": false, "is_bridge": false, "edge_betweenness": 0.0, "width_m": 11.561}}, {"type": "Feature", "geometry": {"type": "LineString", "coordinates": [[72.558403, 23.029281], [72.558326, 23.02919], [72.558289, 23.029099]]}, "properties": {"feature_type": "edge", "u": 627, "v": 644, "edge_key": 0, "length_m": 23.751, "is_bridged": false, "is_bridge": false, "edge_betweenness": 0.0, "width_m": 9.162}}, {"type": "Feature", "geometry": {"type": "LineString", "coordinates": [[72.558403, 23.029281], [72.558424, 23.029191], [72.558502, 23.029175]]}, "properties": {"feature_type": "edge", "u": 627, "v": 642, "edge_key": 0, "length_m": 19.026, "is_bridged": false, "is_bridge": false, "edge_betweenness": 0.0, "width_m": 9.976}}, {"type": "Feature", "geometry": {"type": "LineString", "coordinates": [[72.555691, 23.029294], [72.555689, 23.029402], [72.555804, 23.02953], [72.555997, 23.029605], [72.556075, 23.029606], [72.556172, 23.029644], [72.556562, 23.029632], [72.556582, 23.029614], [72.556758, 23.029599], [72.556817, 23.029564], [72.556974, 23.02953], [72.557073, 23.029459], [72.557075, 23.029315]]}, "properties": {"feature_type": "edge", "u": 628, "v": 629, "edge_key": 0, "length_m": 191.054, "is_bridged": false, "is_bridge": false, "edge_betweenness": 0.0, "width_m": 8.655}}, {"type": "Feature", "geometry": {"type": "LineString", "coordinates": [[72.555691, 23.029294], [72.556178, 23.029301], [72.556197, 23.029319], [72.557075, 23.029315]]}, "properties": {"feature_type": "edge", "u": 628, "v": 629, "edge_key": 1, "length_m": 143.657, "is_bridged": false, "is_bridge": false, "edge_betweenness": 0.0, "width_m": 14.971}}, {"type": "Feature", "geometry": {"type": "LineString", "coordinates": [[72.555691, 23.029294], [72.555262, 23.029287], [72.555223, 23.029268]]}, "properties": {"feature_type": "edge", "u": 628, "v": 631, "edge_key": 0, "length_m": 48.828, "is_bridged": false, "is_bridge": true, "edge_betweenness": 0.0, "width_m": 15.5}}, {"type": "Feature", "geometry": {"type": "LineString", "coordinates": [[72.566748, 23.029464], [72.566691, 23.029427], [72.566028, 23.029381], [72.566009, 23.029362], [72.565794, 23.029359], [72.565756, 23.029341]]}, "properties": {"feature_type": "edge", "u": 630, "v": 639, "edge_key": 0, "length_m": 106.258, "is_bridged": false, "is_bridge": false, "edge_betweenness": 0.0, "width_m": 8.246}}, {"type": "Feature", "geometry": {"type": "LineString", "coordinates": [[72.566748, 23.029464], [72.566904, 23.029467], [72.567042, 23.029396]]}, "properties": {"feature_type": "edge", "u": 630, "v": 634, "edge_key": 0, "length_m": 33.314, "is_bridged": false, "is_bridge": false, "edge_betweenness": 0.0, "width_m": 8.846}}, {"type": "Feature", "geometry": {"type": "LineString", "coordinates": [[72.564156, 23.02937], [72.564157, 23.02928]]}, "properties": {"feature_type": "edge", "u": 632, "v": 641, "edge_key": 0, "length_m": 10.0, "is_bridged": false, "is_bridge": false, "edge_betweenness": 0.0, "width_m": 9.893}}, {"type": "Feature", "geometry": {"type": "LineString", "coordinates": [[72.567042, 23.029396], [72.567052, 23.028873]]}, "properties": {"feature_type": "edge", "u": 634, "v": 651, "edge_key": 0, "length_m": 58.0, "is_bridged": false, "is_bridge": false, "edge_betweenness": 0.0, "width_m": 8.34}}, {"type": "Feature", "geometry": {"type": "LineString", "coordinates": [[72.570456, 23.029431], [72.569402, 23.029415], [72.569383, 23.029432], [72.568973, 23.029426], [72.568954, 23.029408]]}, "properties": {"feature_type": "edge", "u": 635, "v": 638, "edge_key": 0, "length_m": 155.657, "is_bridged": false, "is_bridge": false, "edge_betweenness": 0.0, "width_m": 8.132}}, {"type": "Feature", "geometry": {"type": "LineString", "coordinates": [[72.570456, 23.029431], [72.570722, 23.028695]]}, "properties": {"feature_type": "edge", "u": 635, "v": 656, "edge_key": 0, "length_m": 92.77, "is_bridged": false, "is_bridge": false, "edge_betweenness": 0.0, "width_m": 8.5}}, {"type": "Feature", "geometry": {"type": "LineString", "coordinates": [[72.55852, 23.029247], [72.558599, 23.029176]]}, "properties": {"feature_type": "edge", "u": 636, "v": 640, "edge_key": 0, "length_m": 11.683, "is_bridged": false, "is_bridge": false, "edge_betweenness": 0.0, "width_m": 5.963}}, {"type": "Feature", "geometry": {"type": "LineString", "coordinates": [[72.55852, 23.029247], [72.558502, 23.029175]]}, "properties": {"feature_type": "edge", "u": 636, "v": 642, "edge_key": 0, "length_m": 8.472, "is_bridged": false, "is_bridge": false, "edge_betweenness": 0.0, "width_m": 6.2}}, {"type": "Feature", "geometry": {"type": "LineString", "coordinates": [[72.565463, 23.029336], [72.565444, 23.029318], [72.565054, 23.029294]]}, "properties": {"feature_type": "edge", "u": 637, "v": 643, "edge_key": 0, "length_m": 43.657, "is_bridged": false, "is_bridge": false, "edge_betweenness": 0.0, "width_m": 8.135}}, {"type": "Feature", "geometry": {"type": "LineString", "coordinates": [[72.565463, 23.029336], [72.565756, 23.029341]]}, "properties": {"feature_type": "edge", "u": 637, "v": 639, "edge_key": 0, "length_m": 30.0, "is_bridged": false, "is_bridge": false, "edge_betweenness": 0.0, "width_m": 8.372}}, {"type": "Feature", "geometry": {"type": "LineString", "coordinates": [[72.568954, 23.029408], [72.568959, 23.029137], [72.568979, 23.029119], [72.569291, 23.029124], [72.56931, 23.029106], [72.569352, 23.02676], [72.569372, 23.026742], [72.569379, 23.026345]]}, "properties": {"feature_type": "edge", "u": 638, "v": 756, "edge_key": 0, "length_m": 374.485, "is_bridged": false, "is_bridge": false, "edge_betweenness": 0.0, "width_m": 8.079}}, {"type": "Feature", "geometry": {"type": "LineString", "coordinates": [[72.565756, 23.029341], [72.565758, 23.029214], [72.565799, 23.029088], [72.565803, 23.028908], [72.565822, 23.02889], [72.565849, 23.028511]]}, "properties": {"feature_type": "edge", "u": 639, "v": 661, "edge_key": 0, "length_m": 95.314, "is_bridged": false, "is_bridge": false, "edge_betweenness": 0.0, "width_m": 8.252}}, {"type": "Feature", "geometry": {"type": "LineString", "coordinates": [[72.558599, 23.029176], [72.558541, 23.029157], [72.558502, 23.029175]]}, "properties": {"feature_type": "edge", "u": 640, "v": 642, "edge_key": 0, "length_m": 11.153, "is_bridged": false, "is_bridge": false, "edge_betweenness": 0.0, "width_m": 5.414}}, {"type": "Feature", "geometry": {"type": "LineString", "coordinates": [[72.558599, 23.029176], [72.559031, 23.029038], [72.559208, 23.028951], [72.559247, 23.028951], [72.559542, 23.028829]]}, "properties": {"feature_type": "edge", "u": 640, "v": 650, "edge_key": 0, "length_m": 111.708, "is_bridged": false, "is_bridge": false, "edge_betweenness": 0.0, "width_m": 16.383}}, {"type": "Feature", "geometry": {"type": "LineString", "coordinates": [[72.564157, 23.02928], [72.564081, 23.029206]]}, "properties": {"feature_type": "edge", "u": 641, "v": 645, "edge_key": 0, "length_m": 11.314, "is_bridged": false, "is_bridge": false, "edge_betweenness": 0.0, "width_m": 8.819}}, {"type": "Feature", "geometry": {"type": "LineString", "coordinates": [[72.564157, 23.02928], [72.564352, 23.029283], [72.564371, 23.029301], [72.565054, 23.029294]]}, "properties": {"feature_type": "edge", "u": 641, "v": 643, "edge_key": 0, "length_m": 93.657, "is_bridged": false, "is_bridge": false, "edge_betweenness": 0.0, "width_m": 8.137}}, {"type": "Feature", "geometry": {"type": "LineString", "coordinates": [[72.565054, 23.029294], [72.565108, 23.0285]]}, "properties": {"feature_type": "edge", "u": 643, "v": 660, "edge_key": 0, "length_m": 89.657, "is_bridged": false, "is_bridge": false, "edge_betweenness": 0.0, "width_m": 8.143}}, {"type": "Feature", "geometry": {"type": "LineString", "coordinates": [[72.558289, 23.029099], [72.558347, 23.029136]]}, "properties": {"feature_type": "edge", "u": 644, "v": 867, "edge_key": 0, "length_m": 7.211, "is_bridged": false, "is_bridge": false, "edge_betweenness": 0.0, "width_m": 4.0}}, {"type": "Feature", "geometry": {"type": "LineString", "coordinates": [[72.558347, 23.029136], [72.558289, 23.029099]]}, "properties": {"feature_type": "edge", "u": 644, "v": 867, "edge_key": 1, "length_m": 7.211, "is_bridged": false, "is_bridge": false, "edge_betweenness": 0.0, "width_m": 4.0}}, {"type": "Feature", "geometry": {"type": "LineString", "coordinates": [[72.558289, 23.029099], [72.558119, 23.028771], [72.557986, 23.028571], [72.557987, 23.028535], [72.55791, 23.028443], [72.557892, 23.028371], [72.557835, 23.028316], [72.557798, 23.028207], [72.55774, 23.028152], [72.557723, 23.028025]]}, "properties": {"feature_type": "edge", "u": 644, "v": 686, "edge_key": 0, "length_m": 140.942, "is_bridged": false, "is_bridge": false, "edge_betweenness": 0.0, "width_m": 15.115}}, {"type": "Feature", "geometry": {"type": "LineString", "coordinates": [[72.564081, 23.029206], [72.564022, 23.029224], [72.563983, 23.029205], [72.563906, 23.029131], [72.56354, 23.028909], [72.563348, 23.028744], [72.563289, 23.028725]]}, "properties": {"feature_type": "edge", "u": 645, "v": 653, "edge_key": 0, "length_m": 104.692, "is_bridged": false, "is_bridge": false, "edge_betweenness": 0.0, "width_m": 9.004}}, {"type": "Feature", "geometry": {"type": "LineString", "coordinates": [[72.564081, 23.029206], [72.564104, 23.02899], [72.564085, 23.028972], [72.564054, 23.028502]]}, "properties": {"feature_type": "edge", "u": 645, "v": 658, "edge_key": 0, "length_m": 80.81, "is_bridged": false, "is_bridge": false, "edge_betweenness": 0.0, "width_m": 7.86}}, {"type": "Feature", "geometry": {"type": "LineString", "coordinates": [[72.572352, 23.029189], [72.572331, 23.029261]]}, "properties": {"feature_type": "edge", "u": 646, "v": 868, "edge_key": 0, "length_m": 8.246, "is_bridged": false, "is_bridge": false, "edge_betweenness": 0.0, "width_m": 1.333}}, {"type": "Feature", "geometry": {"type": "LineString", "coordinates": [[72.572331, 23.029261], [72.572352, 23.029189]]}, "properties": {"feature_type": "edge", "u": 646, "v": 868, "edge_key": 1, "length_m": 8.246, "is_bridged": false, "is_bridge": false, "edge_betweenness": 0.0, "width_m": 1.333}}, {"type": "Feature", "geometry": {"type": "LineString", "coordinates": [[72.572352, 23.029189], [72.572373, 23.029117]]}, "properties": {"feature_type": "edge", "u": 646, "v": 869, "edge_key": 0, "length_m": 8.246, "is_bridged": false, "is_bridge": false, "edge_betweenness": 0.0, "width_m": 1.333}}, {"type": "Feature", "geometry": {"type": "LineString", "coordinates": [[72.572373, 23.029117], [72.572352, 23.029189]]}, "properties": {"feature_type": "edge", "u": 646, "v": 869, "edge_key": 1, "length_m": 8.246, "is_bridged": false, "is_bridge": false, "edge_betweenness": 0.0, "width_m": 1.333}}, {"type": "Feature", "geometry": {"type": "LineString", "coordinates": [[72.572352, 23.029189], [72.572431, 23.029154], [72.57245, 23.029173], [72.572528, 23.029174], [72.572683, 23.029248], [72.572761, 23.029232], [72.572827, 23.028799], [72.572847, 23.028781], [72.572849, 23.028673], [72.572889, 23.028602], [72.572911, 23.028494]]}, "properties": {"feature_type": "edge", "u": 646, "v": 675, "edge_key": 0, "length_m": 135.714, "is_bridged": false, "is_bridge": true, "edge_betweenness": 0.0, "width_m": 8.217}}, {"type": "Feature", "geometry": {"type": "LineString", "coordinates": [[72.572352, 23.029189], [72.572295, 23.029116], [72.572296, 23.02908], [72.572398, 23.028829], [72.572419, 23.028721], [72.572662, 23.028201], [72.572684, 23.028093], [72.572847, 23.02768], [72.572932, 23.027302], [72.572952, 23.027284], [72.572996, 23.026978], [72.573016, 23.02696], [72.573019, 23.026798]]}, "properties": {"feature_type": "edge", "u": 646, "v": 743, "edge_key": 0, "length_m": 296.995, "is_bridged": false, "is_bridge": false, "edge_betweenness": 0.0, "width_m": 16.147}}, {"type": "Feature", "geometry": {"type": "LineString", "coordinates": [[72.568238, 23.029054], [72.567653, 23.029081], [72.567422, 23.028897]]}, "properties": {"feature_type": "edge", "u": 648, "v": 652, "edge_key": 0, "length_m": 93.585, "is_bridged": false, "is_bridge": false, "edge_betweenness": 0.0, "width_m": 8.276}}, {"type": "Feature", "geometry": {"type": "LineString", "coordinates": [[72.568238, 23.029054], [72.568226, 23.028656]]}, "properties": {"feature_type": "edge", "u": 648, "v": 655, "edge_key": 0, "length_m": 44.828, "is_bridged": false, "is_bridge": false, "edge_betweenness": 0.0, "width_m": 8.248}}, {"type": "Feature", "geometry": {"type": "LineString", "coordinates": [[72.561394, 23.028912], [72.560896, 23.028381], [72.560801, 23.028271], [72.560801, 23.028235]]}, "properties": {"feature_type": "edge", "u": 649, "v": 680, "edge_key": 0, "length_m": 99.681, "is_bridged": false, "is_bridge": false, "edge_betweenness": 0.0, "width_m": 15.256}}, {"type": "Feature", "geometry": {"type": "LineString", "coordinates": [[72.559542, 23.028829], [72.559485, 23.028756], [72.559467, 23.028666], [72.559391, 23.028538], [72.559392, 23.028502], [72.559316, 23.028375], [72.559317, 23.028339], [72.558941, 23.027538]]}, "properties": {"feature_type": "edge", "u": 650, "v": 714, "edge_key": 0, "length_m": 168.153, "is_bridged": false, "is_bridge": false, "edge_betweenness": 0.0, "width_m": 8.965}}, {"type": "Feature", "geometry": {"type": "LineString", "coordinates": [[72.559542, 23.028829], [72.559562, 23.028794], [72.559601, 23.028794], [72.559818, 23.028689], [72.56033, 23.02839]]}, "properties": {"feature_type": "edge", "u": 650, "v": 659, "edge_key": 0, "length_m": 101.018, "is_bridged": false, "is_bridge": false, "edge_betweenness": 0.0, "width_m": 15.698}}, {"type": "Feature", "geometry": {"type": "LineString", "coordinates": [[72.567052, 23.028873], [72.567422, 23.028897]]}, "properties": {"feature_type": "edge", "u": 651, "v": 652, "edge_key": 0, "length_m": 38.828, "is_bridged": false, "is_bridge": false, "edge_betweenness": 0.0, "width_m": 8.157}}, {"type": "Feature", "geometry": {"type": "LineString", "coordinates": [[72.567052, 23.028873], [72.566862, 23.028563], [72.566804, 23.028526]]}, "properties": {"feature_type": "edge", "u": 651, "v": 663, "edge_key": 0, "length_m": 49.229, "is_bridged": false, "is_bridge": false, "edge_betweenness": 0.0, "width_m": 8.845}}, {"type": "Feature", "geometry": {"type": "LineString", "coordinates": [[72.567422, 23.028897], [72.567425, 23.028698], [72.567466, 23.028627], [72.568226, 23.028656]]}, "properties": {"feature_type": "edge", "u": 652, "v": 655, "edge_key": 0, "length_m": 110.485, "is_bridged": false, "is_bridge": false, "edge_betweenness": 0.0, "width_m": 8.196}}, {"type": "Feature", "geometry": {"type": "LineString", "coordinates": [[72.563289, 23.028725], [72.563002, 23.02845], [72.563003, 23.028395]]}, "properties": {"feature_type": "edge", "u": 653, "v": 666, "edge_key": 0, "length_m": 49.598, "is_bridged": false, "is_bridge": false, "edge_betweenness": 0.0, "width_m": 9.305}}, {"type": "Feature", "geometry": {"type": "LineString", "coordinates": [[72.5708, 23.028714], [72.570722, 23.028695]]}, "properties": {"feature_type": "edge", "u": 654, "v": 656, "edge_key": 0, "length_m": 8.472, "is_bridged": false, "is_bridge": false, "edge_betweenness": 0.0, "width_m": 6.2}}, {"type": "Feature", "geometry": {"type": "LineString", "coordinates": [[72.5708, 23.028714], [72.57086, 23.028625], [72.570862, 23.028534]]}, "properties": {"feature_type": "edge", "u": 654, "v": 665, "edge_key": 0, "length_m": 22.485, "is_bridged": false, "is_bridge": false, "edge_betweenness": 0.0, "width_m": 7.72}}, {"type": "Feature", "geometry": {"type": "LineString", "coordinates": [[72.568226, 23.028656], [72.568196, 23.028132]]}, "properties": {"feature_type": "edge", "u": 655, "v": 692, "edge_key": 0, "length_m": 59.657, "is_bridged": false, "is_bridge": false, "edge_betweenness": 0.0, "width_m": 8.253}}, {"type": "Feature", "geometry": {"type": "LineString", "coordinates": [[72.570722, 23.028695], [72.570784, 23.028515]]}, "properties": {"feature_type": "edge", "u": 656, "v": 667, "edge_key": 0, "length_m": 22.129, "is_bridged": false, "is_bridge": false, "edge_betweenness": 0.0, "width_m": 8.42}}, {"type": "Feature", "geometry": {"type": "LineString", "coordinates": [[72.556624, 23.028405], [72.55636, 23.02786], [72.556361, 23.027823]]}, "properties": {"feature_type": "edge", "u": 657, "v": 704, "edge_key": 0, "length_m": 75.598, "is_bridged": false, "is_bridge": true, "edge_betweenness": 0.0, "width_m": 8.833}}, {"type": "Feature", "geometry": {"type": "LineString", "coordinates": [[72.564054, 23.028502], [72.565108, 23.0285]]}, "properties": {"feature_type": "edge", "u": 658, "v": 660, "edge_key": 0, "length_m": 108.828, "is_bridged": false, "is_bridge": false, "edge_betweenness": 0.0, "width_m": 8.098}}, {"type": "Feature", "geometry": {"type": "LineString", "coordinates": [[72.564054, 23.028502], [72.564042, 23.028068], [72.564023, 23.02805], [72.564029, 23.027725]]}, "properties": {"feature_type": "edge", "u": 658, "v": 710, "edge_key": 0, "length_m": 87.657, "is_bridged": false, "is_bridge": false, "edge_betweenness": 0.0, "width_m": 8.045}}, {"type": "Feature", "geometry": {"type": "LineString", "coordinates": [[72.56033, 23.02839], [72.560467, 23.028356]]}, "properties": {"feature_type": "edge", "u": 659, "v": 668, "edge_key": 0, "length_m": 14.994, "is_bridged": false, "is_bridge": false, "edge_betweenness": 0.0, "width_m": 5.963}}, {"type": "Feature", "geometry": {"type": "LineString", "coordinates": [[72.56033, 23.02839], [72.56039, 23.028301], [72.560449, 23.028284]]}, "properties": {"feature_type": "edge", "u": 659, "v": 673, "edge_key": 0, "length_m": 18.49, "is_bridged": false, "is_bridge": false, "edge_betweenness": 0.0, "width_m": 5.886}}, {"type": "Feature", "geometry": {"type": "LineString", "coordinates": [[72.565108, 23.0285], [72.565342, 23.028504]]}, "properties": {"feature_type": "edge", "u": 660, "v": 662, "edge_key": 0, "length_m": 24.0, "is_bridged": false, "is_bridge": false, "edge_betweenness": 0.0, "width_m": 8.387}}, {"type": "Feature", "geometry": {"type": "LineString", "coordinates": [[72.565849, 23.028511], [72.565342, 23.028504]]}, "properties": {"feature_type": "edge", "u": 661, "v": 662, "edge_key": 0, "length_m": 52.0, "is_bridged": false, "is_bridge": false, "edge_betweenness": 0.0, "width_m": 8.133}}, {"type": "Feature", "geometry": {"type": "LineString", "coordinates": [[72.565849, 23.028511], [72.566804, 23.028526]]}, "properties": {"feature_type": "edge", "u": 661, "v": 663, "edge_key": 0, "length_m": 98.0, "is_bridged": false, "is_bridge": false, "edge_betweenness": 0.0, "width_m": 8.089}}, {"type": "Feature", "geometry": {"type": "LineString", "coordinates": [[72.565342, 23.028504], [72.565318, 23.027673]]}, "properties": {"feature_type": "edge", "u": 662, "v": 712, "edge_key": 0, "length_m": 93.657, "is_bridged": false, "is_bridge": false, "edge_betweenness": 0.0, "width_m": 8.158}}, {"type": "Feature", "geometry": {"type": "LineString", "coordinates": [[72.566804, 23.028526], [72.566768, 23.028363], [72.566693, 23.028217], [72.566694, 23.028145]]}, "properties": {"feature_type": "edge", "u": 663, "v": 690, "edge_key": 0, "length_m": 46.971, "is_bridged": false, "is_bridge": false, "edge_betweenness": 0.0, "width_m": 8.838}}, {"type": "Feature", "geometry": {"type": "LineString", "coordinates": [[72.570862, 23.028534], [72.570784, 23.028515]]}, "properties": {"feature_type": "edge", "u": 665, "v": 667, "edge_key": 0, "length_m": 8.472, "is_bridged": false, "is_bridge": false, "edge_betweenness": 0.0, "width_m": 6.2}}, {"type": "Feature", "geometry": {"type": "LineString", "coordinates": [[72.570862, 23.028534], [72.570882, 23.02848]]}, "properties": {"feature_type": "edge", "u": 665, "v": 669, "edge_key": 0, "length_m": 6.828, "is_bridged": false, "is_bridge": false, "edge_betweenness": 0.0, "width_m": 6.438}}, {"type": "Feature", "geometry": {"type": "LineString", "coordinates": [[72.563003, 23.028395], [72.562944, 23.028394], [72.562809, 23.028302], [72.562445, 23.027971], [72.562426, 23.027899]]}, "properties": {"feature_type": "edge", "u": 666, "v": 705, "edge_key": 0, "length_m": 85.882, "is_bridged": false, "is_bridge": false, "edge_betweenness": 0.0, "width_m": 9.211}}, {"type": "Feature", "geometry": {"type": "LineString", "coordinates": [[72.563003, 23.028395], [72.563043, 23.028324], [72.563541, 23.027754]]}, "properties": {"feature_type": "edge", "u": 666, "v": 709, "edge_key": 0, "length_m": 94.011, "is_bridged": false, "is_bridge": true, "edge_betweenness": 0.0, "width_m": 8.853}}, {"type": "Feature", "geometry": {"type": "LineString", "coordinates": [[72.570784, 23.028515], [72.570805, 23.028461]]}, "properties": {"feature_type": "edge", "u": 667, "v": 674, "edge_key": 0, "length_m": 6.828, "is_bridged": false, "is_bridge": false, "edge_betweenness": 0.0, "width_m": 8.63}}, {"type": "Feature", "geometry": {"type": "LineString", "coordinates": [[72.560467, 23.028356], [72.560527, 23.028321]]}, "properties": {"feature_type": "edge", "u": 668, "v": 671, "edge_key": 0, "length_m": 7.301, "is_bridged": false, "is_bridge": false, "edge_betweenness": 0.0, "width_m": 8.944}}, {"type": "Feature", "geometry": {"type": "LineString", "coordinates": [[72.560467, 23.028356], [72.560449, 23.028284]]}, "properties": {"feature_type": "edge", "u": 668, "v": 673, "edge_key": 0, "length_m": 8.472, "is_bridged": false, "is_bridge": false, "edge_betweenness": 0.0, "width_m": 6.2}}, {"type": "Feature", "geometry": {"type": "LineString", "coordinates": [[72.570882, 23.02848], [72.570805, 23.028461]]}, "properties": {"feature_type": "edge", "u": 669, "v": 674, "edge_key": 0, "length_m": 8.472, "is_bridged": false, "is_bridge": false, "edge_betweenness": 0.0, "width_m": 6.2}}, {"type": "Feature", "geometry": {"type": "LineString", "coordinates": [[72.570882, 23.02848], [72.570903, 23.028427]]}, "properties": {"feature_type": "edge", "u": 669, "v": 677, "edge_key": 0, "length_m": 6.828, "is_bridged": false, "is_bridge": false, "edge_betweenness": 0.0, "width_m": 6.438}}, {"type": "Feature", "geometry": {"type": "LineString", "coordinates": [[72.556217, 23.028236], [72.556237, 23.028219]]}, "properties": {"feature_type": "edge", "u": 670, "v": 870, "edge_key": 0, "length_m": 2.828, "is_bridged": false, "is_bridge": false, "edge_betweenness": 0.0, "width_m": 7.219}}, {"type": "Feature", "geometry": {"type": "LineString", "coordinates": [[72.556237, 23.028219], [72.556217, 23.028236]]}, "properties": {"feature_type": "edge", "u": 670, "v": 870, "edge_key": 1, "length_m": 2.828, "is_bridged": false, "is_bridge": false, "edge_betweenness": 0.0, "width_m": 7.219}}, {"type": "Feature", "geometry": {"type": "LineString", "coordinates": [[72.556217, 23.028236], [72.556178, 23.028218], [72.555905, 23.028214], [72.555911, 23.027925]]}, "properties": {"feature_type": "edge", "u": 670, "v": 693, "edge_key": 0, "length_m": 64.472, "is_bridged": false, "is_bridge": true, "edge_betweenness": 0.0, "width_m": 8.173}}, {"type": "Feature", "geometry": {"type": "LineString", "coordinates": [[72.560527, 23.028321], [72.560586, 23.028286]]}, "properties": {"feature_type": "edge", "u": 671, "v": 676, "edge_key": 0, "length_m": 7.301, "is_bridged": false, "is_bridge": false, "edge_betweenness": 0.0, "width_m": 8.944}}, {"type": "Feature", "geometry": {"type": "LineString", "coordinates": [[72.560527, 23.028321], [72.560508, 23.028249]]}, "properties": {"feature_type": "edge", "u": 671, "v": 678, "edge_key": 0, "length_m": 8.472, "is_bridged": false, "is_bridge": false, "edge_betweenness": 0.0, "width_m": 6.2}}, {"type": "Feature", "geometry": {"type": "LineString", "coordinates": [[72.560449, 23.028284], [72.560469, 23.028248], [72.560508, 23.028249]]}, "properties": {"feature_type": "edge", "u": 673, "v": 678, "edge_key": 0, "length_m": 8.472, "is_bridged": false, "is_bridge": false, "edge_betweenness": 0.0, "width_m": 6.753}}, {"type": "Feature", "geometry": {"type": "LineString", "coordinates": [[72.570805, 23.028461], [72.570825, 23.028407]]}, "properties": {"feature_type": "edge", "u": 674, "v": 681, "edge_key": 0, "length_m": 6.828, "is_bridged": false, "is_bridge": false, "edge_betweenness": 0.0, "width_m": 8.63}}, {"type": "Feature", "geometry": {"type": "LineString", "coordinates": [[72.560586, 23.028286], [72.560625, 23.028268], [72.560607, 23.028214]]}, "properties": {"feature_type": "edge", "u": 676, "v": 679, "edge_key": 0, "length_m": 10.797, "is_bridged": false, "is_bridge": false, "edge_betweenness": 0.0, "width_m": 7.296}}, {"type": "Feature", "geometry": {"type": "LineString", "coordinates": [[72.560586, 23.028286], [72.560607, 23.028214]]}, "properties": {"feature_type": "edge", "u": 676, "v": 679, "edge_key": 1, "length_m": 8.472, "is_bridged": false, "is_bridge": false, "edge_betweenness": 0.0, "width_m": 5.648}}, {"type": "Feature", "geometry": {"type": "LineString", "coordinates": [[72.570903, 23.028427], [72.570825, 23.028407]]}, "properties": {"feature_type": "edge", "u": 677, "v": 681, "edge_key": 0, "length_m": 8.472, "is_bridged": false, "is_bridge": false, "edge_betweenness": 0.0, "width_m": 6.2}}, {"type": "Feature", "geometry": {"type": "LineString", "coordinates": [[72.570903, 23.028427], [72.570923, 23.028355]]}, "properties": {"feature_type": "edge", "u": 677, "v": 682, "edge_key": 0, "length_m": 8.828, "is_bridged": false, "is_bridge": false, "edge_betweenness": 0.0, "width_m": 6.828}}, {"type": "Feature", "geometry": {"type": "LineString", "coordinates": [[72.560508, 23.028249], [72.560529, 23.028213], [72.560607, 23.028214]]}, "properties": {"feature_type": "edge", "u": 678, "v": 679, "edge_key": 0, "length_m": 12.472, "is_bridged": false, "is_bridge": false, "edge_betweenness": 0.0, "width_m": 6.2}}, {"type": "Feature", "geometry": {"type": "LineString", "coordinates": [[72.560607, 23.028214], [72.560801, 23.028235]]}, "properties": {"feature_type": "edge", "u": 679, "v": 680, "edge_key": 0, "length_m": 20.246, "is_bridged": false, "is_bridge": false, "edge_betweenness": 0.0, "width_m": 9.5}}, {"type": "Feature", "geometry": {"type": "LineString", "coordinates": [[72.560607, 23.028214], [72.560609, 23.028088], [72.560629, 23.028052]]}, "properties": {"feature_type": "edge", "u": 679, "v": 688, "edge_key": 0, "length_m": 18.472, "is_bridged": false, "is_bridge": false, "edge_betweenness": 0.0, "width_m": 8.481}}, {"type": "Feature", "geometry": {"type": "LineString", "coordinates": [[72.560801, 23.028235], [72.560805, 23.028055]]}, "properties": {"feature_type": "edge", "u": 680, "v": 689, "edge_key": 0, "length_m": 20.0, "is_bridged": false, "is_bridge": false, "edge_betweenness": 0.0, "width_m": 10.352}}, {"type": "Feature", "geometry": {"type": "LineString", "coordinates": [[72.570825, 23.028407], [72.570845, 23.028354]]}, "properties": {"feature_type": "edge", "u": 681, "v": 683, "edge_key": 0, "length_m": 6.828, "is_bridged": false, "is_bridge": false, "edge_betweenness": 0.0, "width_m": 8.63}}, {"type": "Feature", "geometry": {"type": "LineString", "coordinates": [[72.570923, 23.028355], [72.570845, 23.028354]]}, "properties": {"feature_type": "edge", "u": 682, "v": 683, "edge_key": 0, "length_m": 8.0, "is_bridged": false, "is_bridge": false, "edge_betweenness": 0.0, "width_m": 6.2}}, {"type": "Feature", "geometry": {"type": "LineString", "coordinates": [[72.570923, 23.028355], [72.570944, 23.028301]]}, "properties": {"feature_type": "edge", "u": 682, "v": 684, "edge_key": 0, "length_m": 6.828, "is_bridged": false, "is_bridge": false, "edge_betweenness": 0.0, "width_m": 6.438}}, {"type": "Feature", "geometry": {"type": "LineString", "coordinates": [[72.570845, 23.028354], [72.570866, 23.028282]]}, "properties": {"feature_type": "edge", "u": 683, "v": 685, "edge_key": 0, "length_m": 8.828, "is_bridged": false, "is_bridge": false, "edge_betweenness": 0.0, "width_m": 8.472}}, {"type": "Feature", "geometry": {"type": "LineString", "coordinates": [[72.570944, 23.028301], [72.570866, 23.028282]]}, "properties": {"feature_type": "edge", "u": 684, "v": 685, "edge_key": 0, "length_m": 8.472, "is_bridged": false, "is_bridge": false, "edge_betweenness": 0.0, "width_m": 6.2}}, {"type": "Feature", "geometry": {"type": "LineString", "coordinates": [[72.570944, 23.028301], [72.570965, 23.028229]]}, "properties": {"feature_type": "edge", "u": 684, "v": 687, "edge_key": 0, "length_m": 8.828, "is_bridged": false, "is_bridge": false, "edge_betweenness": 0.0, "width_m": 6.828}}, {"type": "Feature", "geometry": {"type": "LineString", "coordinates": [[72.570866, 23.028282], [72.570887, 23.02821]]}, "properties": {"feature_type": "edge", "u": 685, "v": 691, "edge_key": 0, "length_m": 8.828, "is_bridged": false, "is_bridge": false, "edge_betweenness": 0.0, "width_m": 8.472}}, {"type": "Feature", "geometry": {"type": "LineString", "coordinates": [[72.557723, 23.028025], [72.557665, 23.028006], [72.557363, 23.027406], [72.557325, 23.027369]]}, "properties": {"feature_type": "edge", "u": 686, "v": 718, "edge_key": 0, "length_m": 91.74, "is_bridged": false, "is_bridge": false, "edge_betweenness": 0.0, "width_m": 15.532}}, {"type": "Feature", "geometry": {"type": "LineString", "coordinates": [[72.557723, 23.028025], [72.558096, 23.027868], [72.558135, 23.027869], [72.558332, 23.027764]]}, "properties": {"feature_type": "edge", "u": 686, "v": 706, "edge_key": 0, "length_m": 74.426, "is_bridged": false, "is_bridge": false, "edge_betweenness": 0.0, "width_m": 9.014}}, {"type": "Feature", "geometry": {"type": "LineString", "coordinates": [[72.570965, 23.028229], [72.570887, 23.02821]]}, "properties": {"feature_type": "edge", "u": 687, "v": 691, "edge_key": 0, "length_m": 8.472, "is_bridged": false, "is_bridge": false, "edge_betweenness": 0.0, "width_m": 6.2}}, {"type": "Feature", "geometry": {"type": "LineString", "coordinates": [[72.570965, 23.028229], [72.570986, 23.028157]]}, "properties": {"feature_type": "edge", "u": 687, "v": 695, "edge_key": 0, "length_m": 8.828, "is_bridged": false, "is_bridge": false, "edge_betweenness": 0.0, "width_m": 6.828}}, {"type": "Feature", "geometry": {"type": "LineString", "coordinates": [[72.560629, 23.028052], [72.560805, 23.028055]]}, "properties": {"feature_type": "edge", "u": 688, "v": 689, "edge_key": 0, "length_m": 18.0, "is_bridged": false, "is_bridge": false, "edge_betweenness": 0.0, "width_m": 12.965}}, {"type": "Feature", "geometry": {"type": "LineString", "coordinates": [[72.560629, 23.028052], [72.560345, 23.027596], [72.56025, 23.027414], [72.560251, 23.027378], [72.560119, 23.027123], [72.560081, 23.027086]]}, "properties": {"feature_type": "edge", "u": 688, "v": 725, "edge_key": 0, "length_m": 129.668, "is_bridged": false, "is_bridge": false, "edge_betweenness": 0.0, "width_m": 16.07}}, {"type": "Feature", "geometry": {"type": "LineString", "coordinates": [[72.560805, 23.028055], [72.561182, 23.027699], [72.56154, 23.027308], [72.561599, 23.027254], [72.561638, 23.027255]]}, "properties": {"feature_type": "edge", "u": 689, "v": 722, "edge_key": 0, "length_m": 126.781, "is_bridged": false, "is_bridge": false, "edge_betweenness": 0.0, "width_m": 15.377}}, {"type": "Feature", "geometry": {"type": "LineString", "coordinates": [[72.566694, 23.028145], [72.566655, 23.028127], [72.566656, 23.02809], [72.566618, 23.028054]]}, "properties": {"feature_type": "edge", "u": 690, "v": 701, "edge_key": 0, "length_m": 14.129, "is_bridged": false, "is_bridge": false, "edge_betweenness": 0.0, "width_m": 9.024}}, {"type": "Feature", "geometry": {"type": "LineString", "coordinates": [[72.566694, 23.028145], [72.567202, 23.028135], [72.567241, 23.028099]]}, "properties": {"feature_type": "edge", "u": 690, "v": 696, "edge_key": 0, "length_m": 58.485, "is_bridged": false, "is_bridge": false, "edge_betweenness": 0.0, "width_m": 8.436}}, {"type": "Feature", "geometry": {"type": "LineString", "coordinates": [[72.570887, 23.02821], [72.570908, 23.028138]]}, "properties": {"feature_type": "edge", "u": 691, "v": 697, "edge_key": 0, "length_m": 8.472, "is_bridged": false, "is_bridge": false, "edge_betweenness": 0.0, "width_m": 8.63}}, {"type": "Feature", "geometry": {"type": "LineString", "coordinates": [[72.568196, 23.028132], [72.568158, 23.028096], [72.567827, 23.02809]]}, "properties": {"feature_type": "edge", "u": 692, "v": 699, "edge_key": 0, "length_m": 39.657, "is_bridged": false, "is_bridge": false, "edge_betweenness": 0.0, "width_m": 8.373}}, {"type": "Feature", "geometry": {"type": "LineString", "coordinates": [[72.568196, 23.028132], [72.568508, 23.028137]]}, "properties": {"feature_type": "edge", "u": 692, "v": 694, "edge_key": 0, "length_m": 32.0, "is_bridged": false, "is_bridge": true, "edge_betweenness": 0.0, "width_m": 8.118}}, {"type": "Feature", "geometry": {"type": "LineString", "coordinates": [[72.555911, 23.027925], [72.555715, 23.027922], [72.555696, 23.02794], [72.555676, 23.027921], [72.555286, 23.027915], [72.555228, 23.027896]]}, "properties": {"feature_type": "edge", "u": 693, "v": 698, "edge_key": 0, "length_m": 72.485, "is_bridged": false, "is_bridge": true, "edge_betweenness": 0.0, "width_m": 8.176}}, {"type": "Feature", "geometry": {"type": "LineString", "coordinates": [[72.555911, 23.027925], [72.556145, 23.027892], [72.556263, 23.02784], [72.556361, 23.027823]]}, "properties": {"feature_type": "edge", "u": 693, "v": 704, "edge_key": 0, "length_m": 50.614, "is_bridged": false, "is_bridge": true, "edge_betweenness": 0.0, "width_m": 8.719}}, {"type": "Feature", "geometry": {"type": "LineString", "coordinates": [[72.570986, 23.028157], [72.570908, 23.028138]]}, "properties": {"feature_type": "edge", "u": 695, "v": 697, "edge_key": 0, "length_m": 8.472, "is_bridged": false, "is_bridge": false, "edge_betweenness": 0.0, "width_m": 6.2}}, {"type": "Feature", "geometry": {"type": "LineString", "coordinates": [[72.570986, 23.028157], [72.571006, 23.028085]]}, "properties": {"feature_type": "edge", "u": 695, "v": 702, "edge_key": 0, "length_m": 8.828, "is_bridged": false, "is_bridge": false, "edge_betweenness": 0.0, "width_m": 6.828}}, {"type": "Feature", "geometry": {"type": "LineString", "coordinates": [[72.567241, 23.028099], [72.56726, 23.028118], [72.567514, 23.028122], [72.567534, 23.028104], [72.567807, 23.028108], [72.567827, 23.02809]]}, "properties": {"feature_type": "edge", "u": 696, "v": 699, "edge_key": 0, "length_m": 62.485, "is_bridged": false, "is_bridge": false, "edge_betweenness": 0.0, "width_m": 8.287}}, {"type": "Feature", "geometry": {"type": "LineString", "coordinates": [[72.567241, 23.028099], [72.567222, 23.028081], [72.567227, 23.027828], [72.567207, 23.02781], [72.567211, 23.027593], [72.567192, 23.027575], [72.567196, 23.027359], [72.567177, 23.027304]]}, "properties": {"feature_type": "edge", "u": 696, "v": 723, "edge_key": 0, "length_m": 91.314, "is_bridged": false, "is_bridge": false, "edge_betweenness": 0.0, "width_m": 8.245}}, {"type": "Feature", "geometry": {"type": "LineString", "coordinates": [[72.570908, 23.028138], [72.570929, 23.028066]]}, "properties": {"feature_type": "edge", "u": 697, "v": 703, "edge_key": 0, "length_m": 8.472, "is_bridged": false, "is_bridge": false, "edge_betweenness": 0.0, "width_m": 8.63}}, {"type": "Feature", "geometry": {"type": "LineString", "coordinates": [[72.567827, 23.02809], [72.5678, 23.027368]]}, "properties": {"feature_type": "edge", "u": 699, "v": 721, "edge_key": 0, "length_m": 81.657, "is_bridged": false, "is_bridge": false, "edge_betweenness": 0.0, "width_m": 8.218}}, {"type": "Feature", "geometry": {"type": "LineString", "coordinates": [[72.566208, 23.028047], [72.566618, 23.028054]]}, "properties": {"feature_type": "edge", "u": 700, "v": 701, "edge_key": 0, "length_m": 42.0, "is_bridged": false, "is_bridge": true, "edge_betweenness": 0.0, "width_m": 8.09}}, {"type": "Feature", "geometry": {"type": "LineString", "coordinates": [[72.566618, 23.028054], [72.566619, 23.027964], [72.566582, 23.027891], [72.566565, 23.027746], [72.566509, 23.027583]]}, "properties": {"feature_type": "edge", "u": 701, "v": 716, "edge_key": 0, "length_m": 56.971, "is_bridged": false, "is_bridge": false, "edge_betweenness": 0.0, "width_m": 8.399}}, {"type": "Feature", "geometry": {"type": "LineString", "coordinates": [[72.571006, 23.028085], [72.570929, 23.028066]]}, "properties": {"feature_type": "edge", "u": 702, "v": 703, "edge_key": 0, "length_m": 8.472, "is_bridged": false, "is_bridge": false, "edge_betweenness": 0.0, "width_m": 6.2}}, {"type": "Feature", "geometry": {"type": "LineString", "coordinates": [[72.571006, 23.028085], [72.571046, 23.02805], [72.571088, 23.027906], [72.571133, 23.027527], [72.571175, 23.027384], [72.5712, 23.027095], [72.571219, 23.027077], [72.571222, 23.026933], [72.571263, 23.026843]]}, "properties": {"feature_type": "edge", "u": 702, "v": 738, "edge_key": 0, "length_m": 147.585, "is_bridged": false, "is_bridge": false, "edge_betweenness": 0.0, "width_m": 8.298}}, {"type": "Feature", "geometry": {"type": "LineString", "coordinates": [[72.570929, 23.028066], [72.570991, 23.02785], [72.571038, 23.027381], [72.571058, 23.027364], [72.571083, 23.027075], [72.571103, 23.027057], [72.571105, 23.026913], [72.571086, 23.026895]]}, "properties": {"feature_type": "edge", "u": 703, "v": 736, "edge_key": 0, "length_m": 137.456, "is_bridged": false, "is_bridge": false, "edge_betweenness": 0.0, "width_m": 8.268}}, {"type": "Feature", "geometry": {"type": "LineString", "coordinates": [[72.556361, 23.027823], [72.556381, 23.027788], [72.557246, 23.027404], [72.557285, 23.027404], [72.557325, 23.027369]]}, "properties": {"feature_type": "edge", "u": 704, "v": 718, "edge_key": 0, "length_m": 120.354, "is_bridged": false, "is_bridge": true, "edge_betweenness": 0.0, "width_m": 9.212}}, {"type": "Feature", "geometry": {"type": "LineString", "coordinates": [[72.562426, 23.027899], [72.562387, 23.027898], [72.562272, 23.027824], [72.561716, 23.027292], [72.561638, 23.027255]]}, "properties": {"feature_type": "edge", "u": 705, "v": 722, "edge_key": 0, "length_m": 110.639, "is_bridged": false, "is_bridge": false, "edge_betweenness": 0.0, "width_m": 9.748}}, {"type": "Feature", "geometry": {"type": "LineString", "coordinates": [[72.562426, 23.027899], [72.562684, 23.027668], [72.562838, 23.027797]]}, "properties": {"feature_type": "edge", "u": 705, "v": 707, "edge_key": 0, "length_m": 59.384, "is_bridged": false, "is_bridge": true, "edge_betweenness": 0.0, "width_m": 8.905}}, {"type": "Feature", "geometry": {"type": "LineString", "coordinates": [[72.558332, 23.027764], [72.55843, 23.027747], [72.558647, 23.027642], [72.558941, 23.027538]]}, "properties": {"feature_type": "edge", "u": 706, "v": 714, "edge_key": 0, "length_m": 72.413, "is_bridged": false, "is_bridge": false, "edge_betweenness": 0.0, "width_m": 9.047}}, {"type": "Feature", "geometry": {"type": "LineString", "coordinates": [[72.558332, 23.027764], [72.55822, 23.027491], [72.557749, 23.026563]]}, "properties": {"feature_type": "edge", "u": 706, "v": 742, "edge_key": 0, "length_m": 157.325, "is_bridged": false, "is_bridge": false, "edge_betweenness": 0.0, "width_m": 8.836}}, {"type": "Feature", "geometry": {"type": "LineString", "coordinates": [[72.555612, 23.026079], [72.555611, 23.026133], [72.555511, 23.026294], [72.555429, 23.026509], [72.555369, 23.02658], [72.555366, 23.026743], [72.555325, 23.026887], [72.555298, 23.027247], [72.555258, 23.027319], [72.555276, 23.027427], [72.555256, 23.027445], [72.555232, 23.027662]]}, "properties": {"feature_type": "edge", "u": 708, "v": 759, "edge_key": 0, "length_m": 191.856, "is_bridged": false, "is_bridge": true, "edge_betweenness": 0.0, "width_m": 8.455}}, {"type": "Feature", "geometry": {"type": "LineString", "coordinates": [[72.564029, 23.027725], [72.564263, 23.027729], [72.564283, 23.027711], [72.564517, 23.027715], [72.564537, 23.027697], [72.564771, 23.0277], [72.564791, 23.027683], [72.565025, 23.027686], [72.565045, 23.027668], [72.565318, 23.027673]]}, "properties": {"feature_type": "edge", "u": 710, "v": 712, "edge_key": 0, "length_m": 135.314, "is_bridged": false, "is_bridge": false, "edge_betweenness": 0.0, "width_m": 8.138}}, {"type": "Feature", "geometry": {"type": "LineString", "coordinates": [[72.564029, 23.027725], [72.564035, 23.027382], [72.564098, 23.027148]]}, "properties": {"feature_type": "edge", "u": 710, "v": 726, "edge_key": 0, "length_m": 66.485, "is_bridged": false, "is_bridge": false, "edge_betweenness": 0.0, "width_m": 8.214}}, {"type": "Feature", "geometry": {"type": "LineString", "coordinates": [[72.565318, 23.027673], [72.565337, 23.027655], [72.565689, 23.027642], [72.565709, 23.027625], [72.566509, 23.027583]]}, "properties": {"feature_type": "edge", "u": 712, "v": 716, "edge_key": 0, "length_m": 126.971, "is_bridged": false, "is_bridge": false, "edge_betweenness": 0.0, "width_m": 8.232}}, {"type": "Feature", "geometry": {"type": "LineString", "coordinates": [[72.567502, 23.027706], [72.567483, 23.02767], [72.567488, 23.027363]]}, "properties": {"feature_type": "edge", "u": 713, "v": 720, "edge_key": 0, "length_m": 38.828, "is_bridged": false, "is_bridge": true, "edge_betweenness": 0.0, "width_m": 7.789}}, {"type": "Feature", "geometry": {"type": "LineString", "coordinates": [[72.558941, 23.027538], [72.55904, 23.027486], [72.559079, 23.027486], [72.559177, 23.027434], [72.559216, 23.027434], [72.559315, 23.027382], [72.559354, 23.027382], [72.559452, 23.027329], [72.560041, 23.027122], [72.560081, 23.027086]]}, "properties": {"feature_type": "edge", "u": 714, "v": 725, "edge_key": 0, "length_m": 137.183, "is_bridged": false, "is_bridge": false, "edge_betweenness": 0.0, "width_m": 8.917}}, {"type": "Feature", "geometry": {"type": "LineString", "coordinates": [[72.558941, 23.027538], [72.558903, 23.027502], [72.558885, 23.027393], [72.558509, 23.026611], [72.558417, 23.026339], [72.558319, 23.026337], [72.558201, 23.026389], [72.558103, 23.026406], [72.557809, 23.02651], [72.557749, 23.026563]]}, "properties": {"feature_type": "edge", "u": 714, "v": 742, "edge_key": 0, "length_m": 234.781, "is_bridged": false, "is_bridge": false, "edge_betweenness": 0.0, "width_m": 8.703}}, {"type": "Feature", "geometry": {"type": "LineString", "coordinates": [[72.566509, 23.027583], [72.566511, 23.027492], [72.566474, 23.027347]]}, "properties": {"feature_type": "edge", "u": 716, "v": 719, "edge_key": 0, "length_m": 27.657, "is_bridged": false, "is_bridge": false, "edge_betweenness": 0.0, "width_m": 8.472}}, {"type": "Feature", "geometry": {"type": "LineString", "coordinates": [[72.557325, 23.027369], [72.557307, 23.027296], [72.557081, 23.02686], [72.557082, 23.026769]]}, "properties": {"feature_type": "edge", "u": 718, "v": 730, "edge_key": 0, "length_m": 76.77, "is_bridged": false, "is_bridge": false, "edge_betweenness": 0.0, "width_m": 15.384}}, {"type": "Feature", "geometry": {"type": "LineString", "coordinates": [[72.566474, 23.027347], [72.567177, 23.027304]]}, "properties": {"feature_type": "edge", "u": 719, "v": 723, "edge_key": 0, "length_m": 74.485, "is_bridged": false, "is_bridge": false, "edge_betweenness": 0.0, "width_m": 8.23}}, {"type": "Feature", "geometry": {"type": "LineString", "coordinates": [[72.566474, 23.027347], [72.566438, 23.02722], [72.566423, 23.026949]]}, "properties": {"feature_type": "edge", "u": 719, "v": 729, "edge_key": 0, "length_m": 46.129, "is_bridged": false, "is_bridge": false, "edge_betweenness": 0.0, "width_m": 8.135}}, {"type": "Feature", "geometry": {"type": "LineString", "coordinates": [[72.567488, 23.027363], [72.5678, 23.027368]]}, "properties": {"feature_type": "edge", "u": 720, "v": 721, "edge_key": 0, "length_m": 32.0, "is_bridged": false, "is_bridge": false, "edge_betweenness": 0.0, "width_m": 8.284}}, {"type": "Feature", "geometry": {"type": "LineString", "coordinates": [[72.567488, 23.027363], [72.56749, 23.027291], [72.567432, 23.027254]]}, "properties": {"feature_type": "edge", "u": 720, "v": 724, "edge_key": 0, "length_m": 15.301, "is_bridged": false, "is_bridge": false, "edge_betweenness": 0.0, "width_m": 8.315}}, {"type": "Feature", "geometry": {"type": "LineString", "coordinates": [[72.5678, 23.027368], [72.567802, 23.027278], [72.567783, 23.027259], [72.567789, 23.026916], [72.56777, 23.026898]]}, "properties": {"feature_type": "edge", "u": 721, "v": 732, "edge_key": 0, "length_m": 53.657, "is_bridged": false, "is_bridge": false, "edge_betweenness": 0.0, "width_m": 8.273}}, {"type": "Feature", "geometry": {"type": "LineString", "coordinates": [[72.561638, 23.027255], [72.561659, 23.027165], [72.561819, 23.026987], [72.562218, 23.026451], [72.562279, 23.026344], [72.56228, 23.02629]]}, "properties": {"feature_type": "edge", "u": 722, "v": 755, "edge_key": 0, "length_m": 134.51, "is_bridged": false, "is_bridge": false, "edge_betweenness": 0.0, "width_m": 14.884}}, {"type": "Feature", "geometry": {"type": "LineString", "coordinates": [[72.567177, 23.027304], [72.567432, 23.027254]]}, "properties": {"feature_type": "edge", "u": 723, "v": 724, "edge_key": 0, "length_m": 28.485, "is_bridged": false, "is_bridge": false, "edge_betweenness": 0.0, "width_m": 8.618}}, {"type": "Feature", "geometry": {"type": "LineString", "coordinates": [[72.567432, 23.027254], [72.567419, 23.026911]]}, "properties": {"feature_type": "edge", "u": 724, "v": 731, "edge_key": 0, "length_m": 38.828, "is_bridged": false, "is_bridge": false, "edge_betweenness": 0.0, "width_m": 8.289}}, {"type": "Feature", "geometry": {"type": "LineString", "coordinates": [[72.560081, 23.027086], [72.560082, 23.027014], [72.559934, 23.026579], [72.559877, 23.026469], [72.559771, 23.02589], [72.559751, 23.025872], [72.559736, 23.025655], [72.559717, 23.025636], [72.559719, 23.025492], [72.5597, 23.025474], [72.559703, 23.025311], [72.559684, 23.025293], [72.559671, 23.024913]]}, "properties": {"feature_type": "edge", "u": 725, "v": 791, "edge_key": 0, "length_m": 259.054, "is_bridged": false, "is_bridge": false, "edge_betweenness": 0.0, "width_m": 15.929}}, {"type": "Feature", "geometry": {"type": "LineString", "coordinates": [[72.564098, 23.027148], [72.564117, 23.027167], [72.565014, 23.027217], [72.565033, 23.027199], [72.565035, 23.027127]]}, "properties": {"feature_type": "edge", "u": 726, "v": 727, "edge_key": 0, "length_m": 107.314, "is_bridged": false, "is_bridge": true, "edge_betweenness": 0.0, "width_m": 8.209}}, {"type": "Feature", "geometry": {"type": "LineString", "coordinates": [[72.564098, 23.027148], [72.564144, 23.026788], [72.564288, 23.026339], [72.56429, 23.02623]]}, "properties": {"feature_type": "edge", "u": 726, "v": 758, "edge_key": 0, "length_m": 109.456, "is_bridged": false, "is_bridge": false, "edge_betweenness": 0.0, "width_m": 8.449}}, {"type": "Feature", "geometry": {"type": "LineString", "coordinates": [[72.570691, 23.027196], [72.570672, 23.027159], [72.570676, 23.026925]]}, "properties": {"feature_type": "edge", "u": 728, "v": 734, "edge_key": 0, "length_m": 30.828, "is_bridged": false, "is_bridge": true, "edge_betweenness": 0.0, "width_m": 8.221}}, {"type": "Feature", "geometry": {"type": "LineString", "coordinates": [[72.566423, 23.026949], [72.566892, 23.026921], [72.566912, 23.026903], [72.567419, 23.026911]]}, "properties": {"feature_type": "edge", "u": 729, "v": 731, "edge_key": 0, "length_m": 104.485, "is_bridged": false, "is_bridge": false, "edge_betweenness": 0.0, "width_m": 8.142}}, {"type": "Feature", "geometry": {"type": "LineString", "coordinates": [[72.566423, 23.026949], [72.56641, 23.026588], [72.566391, 23.02657], [72.566397, 23.026209], [72.566359, 23.026154]]}, "properties": {"feature_type": "edge", "u": 729, "v": 763, "edge_key": 0, "length_m": 90.868, "is_bridged": false, "is_bridge": false, "edge_betweenness": 0.0, "width_m": 9.165}}, {"type": "Feature", "geometry": {"type": "LineString", "coordinates": [[72.557082, 23.026769], [72.557024, 23.02675], [72.556836, 23.026386], [72.556836, 23.02635], [72.556704, 23.026095], [72.556706, 23.026005]]}, "properties": {"feature_type": "edge", "u": 730, "v": 764, "edge_key": 0, "length_m": 102.912, "is_bridged": false, "is_bridge": false, "edge_betweenness": 0.0, "width_m": 15.849}}, {"type": "Feature", "geometry": {"type": "LineString", "coordinates": [[72.557082, 23.026769], [72.557652, 23.026561], [72.557749, 23.026563]]}, "properties": {"feature_type": "edge", "u": 730, "v": 742, "edge_key": 0, "length_m": 77.941, "is_bridged": false, "is_bridge": false, "edge_betweenness": 0.0, "width_m": 9.062}}, {"type": "Feature", "geometry": {"type": "LineString", "coordinates": [[72.567419, 23.026911], [72.567458, 23.026893], [72.56777, 23.026898]]}, "properties": {"feature_type": "edge", "u": 731, "v": 732, "edge_key": 0, "length_m": 36.472, "is_bridged": false, "is_bridge": false, "edge_betweenness": 0.0, "width_m": 8.362}}, {"type": "Feature", "geometry": {"type": "LineString", "coordinates": [[72.567419, 23.026911], [72.567393, 23.026134]]}, "properties": {"feature_type": "edge", "u": 731, "v": 768, "edge_key": 0, "length_m": 87.657, "is_bridged": false, "is_bridge": false, "edge_betweenness": 0.0, "width_m": 8.225}}, {"type": "Feature", "geometry": {"type": "LineString", "coordinates": [[72.56777, 23.026898], [72.567776, 23.026555], [72.567757, 23.026537], [72.567745, 23.026121]]}, "properties": {"feature_type": "edge", "u": 732, "v": 771, "edge_key": 0, "length_m": 87.657, "is_bridged": false, "is_bridge": false, "edge_betweenness": 0.0, "width_m": 8.169}}, {"type": "Feature", "geometry": {"type": "LineString", "coordinates": [[72.570325, 23.026937], [72.570676, 23.026925]]}, "properties": {"feature_type": "edge", "u": 733, "v": 734, "edge_key": 0, "length_m": 36.828, "is_bridged": false, "is_bridge": true, "edge_betweenness": 0.0, "width_m": 8.237}}, {"type": "Feature", "geometry": {"type": "LineString", "coordinates": [[72.570676, 23.026925], [72.570696, 23.026907], [72.571066, 23.026912], [72.571086, 23.026895]]}, "properties": {"feature_type": "edge", "u": 734, "v": 736, "edge_key": 0, "length_m": 43.657, "is_bridged": false, "is_bridge": true, "edge_betweenness": 0.0, "width_m": 8.555}}, {"type": "Feature", "geometry": {"type": "LineString", "coordinates": [[72.574733, 23.026969], [72.574714, 23.02695], [72.574538, 23.026948], [72.574519, 23.026929], [72.574285, 23.026926], [72.574266, 23.026907], [72.573603, 23.026861], [72.573584, 23.026843], [72.573331, 23.026839]]}, "properties": {"feature_type": "edge", "u": 735, "v": 741, "edge_key": 0, "length_m": 148.971, "is_bridged": false, "is_bridge": true, "edge_betweenness": 0.0, "width_m": 15.802}}, {"type": "Feature", "geometry": {"type": "LineString", "coordinates": [[72.571086, 23.026895], [72.571087, 23.026841]]}, "properties": {"feature_type": "edge", "u": 736, "v": 737, "edge_key": 0, "length_m": 6.0, "is_bridged": false, "is_bridge": false, "edge_betweenness": 0.0, "width_m": 12.433}}, {"type": "Feature", "geometry": {"type": "LineString", "coordinates": [[72.571087, 23.026841], [72.570991, 23.026767], [72.570954, 23.026658]]}, "properties": {"feature_type": "edge", "u": 737, "v": 746, "edge_key": 0, "length_m": 26.467, "is_bridged": false, "is_bridge": false, "edge_betweenness": 0.0, "width_m": 11.417}}, {"type": "Feature", "geometry": {"type": "LineString", "coordinates": [[72.571087, 23.026841], [72.571127, 23.026823], [72.571129, 23.026679]]}, "properties": {"feature_type": "edge", "u": 737, "v": 747, "edge_key": 0, "length_m": 20.472, "is_bridged": false, "is_bridge": false, "edge_betweenness": 0.0, "width_m": 10.489}}, {"type": "Feature", "geometry": {"type": "LineString", "coordinates": [[72.571263, 23.026843], [72.571244, 23.026825], [72.571266, 23.026681]]}, "properties": {"feature_type": "edge", "u": 738, "v": 748, "edge_key": 0, "length_m": 19.301, "is_bridged": false, "is_bridge": false, "edge_betweenness": 0.0, "width_m": 10.016}}, {"type": "Feature", "geometry": {"type": "LineString", "coordinates": [[72.571263, 23.026843], [72.571321, 23.026844], [72.571421, 23.026737]]}, "properties": {"feature_type": "edge", "u": 738, "v": 744, "edge_key": 0, "length_m": 21.786, "is_bridged": false, "is_bridge": false, "edge_betweenness": 0.0, "width_m": 10.004}}, {"type": "Feature", "geometry": {"type": "LineString", "coordinates": [[72.573331, 23.026839], [72.573019, 23.026798]]}, "properties": {"feature_type": "edge", "u": 741, "v": 743, "edge_key": 0, "length_m": 32.797, "is_bridged": false, "is_bridge": true, "edge_betweenness": 0.0, "width_m": 15.333}}, {"type": "Feature", "geometry": {"type": "LineString", "coordinates": [[72.573331, 23.026839], [72.573312, 23.026802]]}, "properties": {"feature_type": "edge", "u": 741, "v": 871, "edge_key": 0, "length_m": 4.472, "is_bridged": false, "is_bridge": false, "edge_betweenness": 0.0, "width_m": 5.105}}, {"type": "Feature", "geometry": {"type": "LineString", "coordinates": [[72.573312, 23.026802], [72.573331, 23.026839]]}, "properties": {"feature_type": "edge", "u": 741, "v": 871, "edge_key": 1, "length_m": 4.472, "is_bridged": false, "is_bridge": false, "edge_betweenness": 0.0, "width_m": 5.105}}, {"type": "Feature", "geometry": {"type": "LineString", "coordinates": [[72.573019, 23.026798], [72.571889, 23.026726]]}, "properties": {"feature_type": "edge", "u": 743, "v": 745, "edge_key": 0, "length_m": 118.485, "is_bridged": false, "is_bridge": false, "edge_betweenness": 0.0, "width_m": 16.172}}, {"type": "Feature", "geometry": {"type": "LineString", "coordinates": [[72.573019, 23.026798], [72.573059, 23.026726], [72.573062, 23.026582], [72.573082, 23.026564], [72.573085, 23.026402], [72.573105, 23.026384], [72.573129, 23.026096], [72.573149, 23.026078], [72.573151, 23.025951], [72.573171, 23.025934], [72.573197, 23.025609]]}, "properties": {"feature_type": "edge", "u": 743, "v": 780, "edge_key": 0, "length_m": 138.271, "is_bridged": false, "is_bridge": false, "edge_betweenness": 0.0, "width_m": 16.215}}, {"type": "Feature", "geometry": {"type": "LineString", "coordinates": [[72.571421, 23.026737], [72.571363, 23.026682]]}, "properties": {"feature_type": "edge", "u": 744, "v": 749, "edge_key": 0, "length_m": 8.944, "is_bridged": false, "is_bridge": false, "edge_betweenness": 0.0, "width_m": 10.981}}, {"type": "Feature", "geometry": {"type": "LineString", "coordinates": [[72.571421, 23.026737], [72.571499, 23.026739], [72.571538, 23.026703]]}, "properties": {"feature_type": "edge", "u": 744, "v": 750, "edge_key": 0, "length_m": 13.657, "is_bridged": false, "is_bridge": false, "edge_betweenness": 0.0, "width_m": 11.376}}, {"type": "Feature", "geometry": {"type": "LineString", "coordinates": [[72.571889, 23.026726], [72.571849, 23.026762], [72.571791, 23.026761], [72.571714, 23.026706]]}, "properties": {"feature_type": "edge", "u": 745, "v": 751, "edge_key": 0, "length_m": 22.142, "is_bridged": false, "is_bridge": false, "edge_betweenness": 0.0, "width_m": 9.789}}, {"type": "Feature", "geometry": {"type": "LineString", "coordinates": [[72.571889, 23.026726], [72.571831, 23.026671], [72.571734, 23.02667], [72.571714, 23.026706]]}, "properties": {"feature_type": "edge", "u": 745, "v": 751, "edge_key": 1, "length_m": 22.957, "is_bridged": false, "is_bridge": false, "edge_betweenness": 0.0, "width_m": 10.215}}, {"type": "Feature", "geometry": {"type": "LineString", "coordinates": [[72.570954, 23.026658], [72.570836, 23.026692], [72.570505, 23.026669], [72.570486, 23.026651], [72.57033, 23.02663], [72.56969, 23.026404], [72.569554, 23.026384], [72.569477, 23.026346], [72.569379, 23.026345]]}, "properties": {"feature_type": "edge", "u": 746, "v": 756, "edge_key": 0, "length_m": 178.212, "is_bridged": false, "is_bridge": false, "edge_betweenness": 0.0, "width_m": 9.356}}, {"type": "Feature", "geometry": {"type": "LineString", "coordinates": [[72.570954, 23.026658], [72.570993, 23.026677], [72.571129, 23.026679]]}, "properties": {"feature_type": "edge", "u": 746, "v": 747, "edge_key": 0, "length_m": 18.472, "is_bridged": false, "is_bridge": false, "edge_betweenness": 0.0, "width_m": 17.449}}, {"type": "Feature", "geometry": {"type": "LineString", "coordinates": [[72.570954, 23.026658], [72.570994, 23.026622], [72.571014, 23.026551], [72.571054, 23.026515], [72.571132, 23.026498]]}, "properties": {"feature_type": "edge", "u": 746, "v": 753, "edge_key": 0, "length_m": 28.614, "is_bridged": false, "is_bridge": false, "edge_betweenness": 0.0, "width_m": 11.408}}, {"type": "Feature", "geometry": {"type": "LineString", "coordinates": [[72.571129, 23.026679], [72.571266, 23.026681]]}, "properties": {"feature_type": "edge", "u": 747, "v": 748, "edge_key": 0, "length_m": 14.0, "is_bridged": false, "is_bridge": false, "edge_betweenness": 0.0, "width_m": 16.854}}, {"type": "Feature", "geometry": {"type": "LineString", "coordinates": [[72.571129, 23.026679], [72.571132, 23.026498]]}, "properties": {"feature_type": "edge", "u": 747, "v": 753, "edge_key": 0, "length_m": 20.0, "is_bridged": false, "is_bridge": false, "edge_betweenness": 0.0, "width_m": 10.835}}, {"type": "Feature", "geometry": {"type": "LineString", "coordinates": [[72.571266, 23.026681], [72.571363, 23.026682]]}, "properties": {"feature_type": "edge", "u": 748, "v": 749, "edge_key": 0, "length_m": 10.0, "is_bridged": false, "is_bridge": false, "edge_betweenness": 0.0, "width_m": 15.472}}, {"type": "Feature", "geometry": {"type": "LineString", "coordinates": [[72.571266, 23.026681], [72.571269, 23.0265], [72.571289, 23.026483]]}, "properties": {"feature_type": "edge", "u": 748, "v": 754, "edge_key": 0, "length_m": 22.828, "is_bridged": false, "is_bridge": false, "edge_betweenness": 0.0, "width_m": 11.049}}, {"type": "Feature", "geometry": {"type": "LineString", "coordinates": [[72.571363, 23.026682], [72.571383, 23.026646], [72.571461, 23.026648], [72.571521, 23.026594]]}, "properties": {"feature_type": "edge", "u": 749, "v": 752, "edge_key": 0, "length_m": 20.957, "is_bridged": false, "is_bridge": false, "edge_betweenness": 0.0, "width_m": 11.113}}, {"type": "Feature", "geometry": {"type": "LineString", "coordinates": [[72.571538, 23.026703], [72.571714, 23.026706]]}, "properties": {"feature_type": "edge", "u": 750, "v": 751, "edge_key": 0, "length_m": 18.0, "is_bridged": false, "is_bridge": false, "edge_betweenness": 0.0, "width_m": 15.5}}, {"type": "Feature", "geometry": {"type": "LineString", "coordinates": [[72.571538, 23.026703], [72.571521, 23.026594]]}, "properties": {"feature_type": "edge", "u": 750, "v": 752, "edge_key": 0, "length_m": 12.472, "is_bridged": false, "is_bridge": false, "edge_betweenness": 0.0, "width_m": 17.654}}, {"type": "Feature", "geometry": {"type": "LineString", "coordinates": [[72.571521, 23.026594], [72.571366, 23.026502], [72.571289, 23.026483]]}, "properties": {"feature_type": "edge", "u": 752, "v": 754, "edge_key": 0, "length_m": 28.258, "is_bridged": false, "is_bridge": false, "edge_betweenness": 0.0, "width_m": 10.909}}, {"type": "Feature", "geometry": {"type": "LineString", "coordinates": [[72.571521, 23.026594], [72.57158, 23.026559], [72.571697, 23.026561], [72.571716, 23.026579], [72.57234, 23.026589], [72.57236, 23.026571], [72.572366, 23.02621]]}, "properties": {"feature_type": "edge", "u": 752, "v": 770, "edge_key": 0, "length_m": 128.957, "is_bridged": false, "is_bridge": false, "edge_betweenness": 0.0, "width_m": 8.475}}, {"type": "Feature", "geometry": {"type": "LineString", "coordinates": [[72.571132, 23.026498], [72.571157, 23.026192], [72.571177, 23.026174], [72.571181, 23.025939], [72.571201, 23.025921], [72.571231, 23.025362], [72.571251, 23.025308]]}, "properties": {"feature_type": "edge", "u": 753, "v": 787, "edge_key": 0, "length_m": 136.142, "is_bridged": false, "is_bridge": false, "edge_betweenness": 0.0, "width_m": 8.134}}, {"type": "Feature", "geometry": {"type": "LineString", "coordinates": [[72.571289, 23.026483], [72.571294, 23.026194]]}, "properties": {"feature_type": "edge", "u": 754, "v": 769, "edge_key": 0, "length_m": 32.0, "is_bridged": false, "is_bridge": false, "edge_betweenness": 0.0, "width_m": 9.476}}, {"type": "Feature", "geometry": {"type": "LineString", "coordinates": [[72.56228, 23.02629], [72.562378, 23.026273], [72.562457, 23.02622]]}, "properties": {"feature_type": "edge", "u": 755, "v": 757, "edge_key": 0, "length_m": 20.957, "is_bridged": false, "is_bridge": false, "edge_betweenness": 0.0, "width_m": 11.685}}, {"type": "Feature", "geometry": {"type": "LineString", "coordinates": [[72.56228, 23.02629], [72.562263, 23.026145]]}, "properties": {"feature_type": "edge", "u": 755, "v": 761, "edge_key": 0, "length_m": 16.472, "is_bridged": false, "is_bridge": false, "edge_betweenness": 0.0, "width_m": 10.415}}, {"type": "Feature", "geometry": {"type": "LineString", "coordinates": [[72.569379, 23.026345], [72.569363, 23.026182], [72.569325, 23.026109], [72.569308, 23.026001], [72.569251, 23.02591], [72.569196, 23.02571], [72.569204, 23.025241]]}, "properties": {"feature_type": "edge", "u": 756, "v": 789, "edge_key": 0, "length_m": 130.284, "is_bridged": false, "is_bridge": false, "edge_betweenness": 0.0, "width_m": 8.22}}, {"type": "Feature", "geometry": {"type": "LineString", "coordinates": [[72.562457, 23.02622], [72.563139, 23.026267], [72.563158, 23.026249], [72.563646, 23.026257], [72.563666, 23.026239], [72.56429, 23.02623]]}, "properties": {"feature_type": "edge", "u": 757, "v": 758, "edge_key": 0, "length_m": 192.142, "is_bridged": false, "is_bridge": false, "edge_betweenness": 0.0, "width_m": 10.027}}, {"type": "Feature", "geometry": {"type": "LineString", "coordinates": [[72.562457, 23.02622], [72.562419, 23.026166], [72.56242, 23.026111]]}, "properties": {"feature_type": "edge", "u": 757, "v": 762, "edge_key": 0, "length_m": 13.657, "is_bridged": false, "is_bridge": false, "edge_betweenness": 0.0, "width_m": 11.929}}, {"type": "Feature", "geometry": {"type": "LineString", "coordinates": [[72.56429, 23.02623], [72.564915, 23.026204], [72.564935, 23.026186], [72.565169, 23.02619], [72.565188, 23.026172], [72.565403, 23.026175], [72.565423, 23.026158], [72.566164, 23.026169], [72.566184, 23.026151], [72.566359, 23.026154]]}, "properties": {"feature_type": "edge", "u": 758, "v": 763, "edge_key": 0, "length_m": 216.971, "is_bridged": false, "is_bridge": false, "edge_betweenness": 0.0, "width_m": 8.657}}, {"type": "Feature", "geometry": {"type": "LineString", "coordinates": [[72.555612, 23.026079], [72.555535, 23.026041], [72.555205, 23.025964]]}, "properties": {"feature_type": "edge", "u": 759, "v": 767, "edge_key": 0, "length_m": 46.971, "is_bridged": false, "is_bridge": true, "edge_betweenness": 0.0, "width_m": 8.162}}, {"type": "Feature", "geometry": {"type": "LineString", "coordinates": [[72.555612, 23.026079], [72.556068, 23.025688], [72.556069, 23.025652]]}, "properties": {"feature_type": "edge", "u": 759, "v": 777, "edge_key": 0, "length_m": 69.041, "is_bridged": false, "is_bridge": true, "edge_betweenness": 0.0, "width_m": 8.944}}, {"type": "Feature", "geometry": {"type": "LineString", "coordinates": [[72.568327, 23.026275], [72.568329, 23.026166], [72.56831, 23.026148], [72.568313, 23.024884], [72.568294, 23.024866], [72.568299, 23.024595], [72.56828, 23.024577], [72.568283, 23.024396], [72.568264, 23.024378], [72.568251, 23.024016], [72.568232, 23.023998], [72.568237, 23.023673]]}, "properties": {"feature_type": "edge", "u": 760, "v": 822, "edge_key": 0, "length_m": 293.799, "is_bridged": false, "is_bridge": true, "edge_betweenness": 0.0, "width_m": 8.329}}, {"type": "Feature", "geometry": {"type": "LineString", "coordinates": [[72.562263, 23.026145], [72.561992, 23.026051], [72.561315, 23.025697], [72.561045, 23.025512], [72.560582, 23.025253], [72.560023, 23.024847], [72.559907, 23.024809]]}, "properties": {"feature_type": "edge", "u": 761, "v": 793, "edge_key": 0, "length_m": 303.647, "is_bridged": false, "is_bridge": false, "edge_betweenness": 0.0, "width_m": 8.875}}, {"type": "Feature", "geometry": {"type": "LineString", "coordinates": [[72.562263, 23.026145], [72.562342, 23.02611]]}, "properties": {"feature_type": "edge", "u": 761, "v": 765, "edge_key": 0, "length_m": 9.657, "is_bridged": false, "is_bridge": false, "edge_betweenness": 0.0, "width_m": 9.652}}, {"type": "Feature", "geometry": {"type": "LineString", "coordinates": [[72.56242, 23.026111], [72.562342, 23.02611]]}, "properties": {"feature_type": "edge", "u": 762, "v": 765, "edge_key": 0, "length_m": 8.0, "is_bridged": false, "is_bridge": false, "edge_betweenness": 0.0, "width_m": 9.893}}, {"type": "Feature", "geometry": {"type": "LineString", "coordinates": [[72.56242, 23.026111], [72.562422, 23.025949]]}, "properties": {"feature_type": "edge", "u": 762, "v": 775, "edge_key": 0, "length_m": 18.0, "is_bridged": false, "is_bridge": false, "edge_betweenness": 0.0, "width_m": 8.473}}, {"type": "Feature", "geometry": {"type": "LineString", "coordinates": [[72.566359, 23.026154], [72.566456, 23.026174], [72.566477, 23.026138]]}, "properties": {"feature_type": "edge", "u": 763, "v": 766, "edge_key": 0, "length_m": 14.718, "is_bridged": false, "is_bridge": false, "edge_betweenness": 0.0, "width_m": 10.634}}, {"type": "Feature", "geometry": {"type": "LineString", "coordinates": [[72.566359, 23.026154], [72.56636, 23.026118], [72.566439, 23.026065]]}, "properties": {"feature_type": "edge", "u": 763, "v": 773, "edge_key": 0, "length_m": 14.129, "is_bridged": false, "is_bridge": false, "edge_betweenness": 0.0, "width_m": 11.037}}, {"type": "Feature", "geometry": {"type": "LineString", "coordinates": [[72.556706, 23.026005], [72.556648, 23.025986], [72.556648, 23.02595], [72.556441, 23.025568], [72.556422, 23.025495]]}, "properties": {"feature_type": "edge", "u": 764, "v": 779, "edge_key": 0, "length_m": 70.413, "is_bridged": false, "is_bridge": false, "edge_betweenness": 0.0, "width_m": 15.826}}, {"type": "Feature", "geometry": {"type": "LineString", "coordinates": [[72.556706, 23.026005], [72.557355, 23.025726]]}, "properties": {"feature_type": "edge", "u": 764, "v": 776, "edge_key": 0, "length_m": 79.255, "is_bridged": false, "is_bridge": true, "edge_betweenness": 0.0, "width_m": 9.104}}, {"type": "Feature", "geometry": {"type": "LineString", "coordinates": [[72.562342, 23.02611], [72.562322, 23.026092], [72.562345, 23.02593]]}, "properties": {"feature_type": "edge", "u": 765, "v": 774, "edge_key": 0, "length_m": 21.657, "is_bridged": false, "is_bridge": false, "edge_betweenness": 0.0, "width_m": 8.331}}, {"type": "Feature", "geometry": {"type": "LineString", "coordinates": [[72.566477, 23.026138], [72.566555, 23.026139], [72.566574, 23.026121], [72.566613, 23.02614], [72.567393, 23.026134]]}, "properties": {"feature_type": "edge", "u": 766, "v": 768, "edge_key": 0, "length_m": 96.485, "is_bridged": false, "is_bridge": false, "edge_betweenness": 0.0, "width_m": 8.896}}, {"type": "Feature", "geometry": {"type": "LineString", "coordinates": [[72.566477, 23.026138], [72.566439, 23.026065]]}, "properties": {"feature_type": "edge", "u": 766, "v": 773, "edge_key": 0, "length_m": 9.301, "is_bridged": false, "is_bridge": false, "edge_betweenness": 0.0, "width_m": 11.227}}, {"type": "Feature", "geometry": {"type": "LineString", "coordinates": [[72.567393, 23.026134], [72.567745, 23.026121]]}, "properties": {"feature_type": "edge", "u": 768, "v": 771, "edge_key": 0, "length_m": 36.828, "is_bridged": false, "is_bridge": false, "edge_betweenness": 0.0, "width_m": 8.501}}, {"type": "Feature", "geometry": {"type": "LineString", "coordinates": [[72.571294, 23.026194], [72.572366, 23.02621]]}, "properties": {"feature_type": "edge", "u": 769, "v": 770, "edge_key": 0, "length_m": 110.0, "is_bridged": false, "is_bridge": false, "edge_betweenness": 0.0, "width_m": 8.079}}, {"type": "Feature", "geometry": {"type": "LineString", "coordinates": [[72.571294, 23.026194], [72.571329, 23.025328]]}, "properties": {"feature_type": "edge", "u": 769, "v": 788, "edge_key": 0, "length_m": 96.828, "is_bridged": false, "is_bridge": false, "edge_betweenness": 0.0, "width_m": 8.039}}, {"type": "Feature", "geometry": {"type": "LineString", "coordinates": [[72.572366, 23.02621], [72.572895, 23.02611], [72.572935, 23.026074], [72.572981, 23.025678], [72.57306, 23.025607], [72.573197, 23.025609]]}, "properties": {"feature_type": "edge", "u": 770, "v": 780, "edge_key": 0, "length_m": 135.598, "is_bridged": false, "is_bridge": false, "edge_betweenness": 0.0, "width_m": 8.612}}, {"type": "Feature", "geometry": {"type": "LineString", "coordinates": [[72.567745, 23.026121], [72.568135, 23.026145]]}, "properties": {"feature_type": "edge", "u": 771, "v": 772, "edge_key": 0, "length_m": 40.828, "is_bridged": false, "is_bridge": true, "edge_betweenness": 0.0, "width_m": 8.26}}, {"type": "Feature", "geometry": {"type": "LineString", "coordinates": [[72.566439, 23.026065], [72.56644, 23.025993], [72.566502, 23.025813], [72.566528, 23.025434]]}, "properties": {"feature_type": "edge", "u": 773, "v": 783, "edge_key": 0, "length_m": 73.314, "is_bridged": false, "is_bridge": false, "edge_betweenness": 0.0, "width_m": 10.393}}, {"type": "Feature", "geometry": {"type": "LineString", "coordinates": [[72.562345, 23.02593], [72.562422, 23.025949]]}, "properties": {"feature_type": "edge", "u": 774, "v": 775, "edge_key": 0, "length_m": 8.828, "is_bridged": false, "is_bridge": false, "edge_betweenness": 0.0, "width_m": 6.65}}, {"type": "Feature", "geometry": {"type": "LineString", "coordinates": [[72.562345, 23.02593], [72.562347, 23.025785], [72.562427, 23.025714]]}, "properties": {"feature_type": "edge", "u": 774, "v": 778, "edge_key": 0, "length_m": 28.129, "is_bridged": false, "is_bridge": false, "edge_betweenness": 0.0, "width_m": 8.545}}, {"type": "Feature", "geometry": {"type": "LineString", "coordinates": [[72.562422, 23.025949], [72.562442, 23.025931], [72.562446, 23.025733], [72.562427, 23.025714]]}, "properties": {"feature_type": "edge", "u": 775, "v": 778, "edge_key": 0, "length_m": 27.657, "is_bridged": false, "is_bridge": false, "edge_betweenness": 0.0, "width_m": 8.771}}, {"type": "Feature", "geometry": {"type": "LineString", "coordinates": [[72.556069, 23.025652], [72.556127, 23.025653], [72.556226, 23.025582], [72.556305, 23.025548], [72.556363, 23.025548], [72.556422, 23.025495]]}, "properties": {"feature_type": "edge", "u": 777, "v": 779, "edge_key": 0, "length_m": 43.456, "is_bridged": false, "is_bridge": true, "edge_betweenness": 0.0, "width_m": 9.814}}, {"type": "Feature", "geometry": {"type": "LineString", "coordinates": [[72.556069, 23.025652], [72.55605, 23.025616], [72.555216, 23.025332]]}, "properties": {"feature_type": "edge", "u": 777, "v": 781, "edge_key": 0, "length_m": 102.899, "is_bridged": false, "is_bridge": true, "edge_betweenness": 0.0, "width_m": 8.415}}, {"type": "Feature", "geometry": {"type": "LineString", "coordinates": [[72.562427, 23.025714], [72.562429, 23.025588], [72.562449, 23.02557], [72.562517, 23.025012], [72.562559, 23.024868], [72.562583, 23.024597], [72.562603, 23.02458], [72.56267, 23.024111], [72.56269, 23.024093], [72.562734, 23.023805], [72.562754, 23.023787], [72.562778, 23.023517]]}, "properties": {"feature_type": "edge", "u": 778, "v": 832, "edge_key": 0, "length_m": 257.255, "is_bridged": false, "is_bridge": true, "edge_betweenness": 0.0, "width_m": 8.281}}, {"type": "Feature", "geometry": {"type": "LineString", "coordinates": [[72.556422, 23.025495], [72.556253, 23.025168], [72.55616, 23.024895], [72.556161, 23.024841], [72.556123, 23.024786]]}, "properties": {"feature_type": "edge", "u": 779, "v": 792, "edge_key": 0, "length_m": 90.809, "is_bridged": false, "is_bridge": true, "edge_betweenness": 0.0, "width_m": 15.691}}, {"type": "Feature", "geometry": {"type": "LineString", "coordinates": [[72.556422, 23.025495], [72.556463, 23.025424], [72.556798, 23.02523], [72.557095, 23.024964], [72.557495, 23.024447], [72.558071, 23.023842], [72.558132, 23.023752]]}, "properties": {"feature_type": "edge", "u": 779, "v": 811, "edge_key": 0, "length_m": 273.77, "is_bridged": false, "is_bridge": false, "edge_betweenness": 0.0, "width_m": 9.23}}, {"type": "Feature", "geometry": {"type": "LineString", "coordinates": [[72.573197, 23.025609], [72.573216, 23.025591], [72.573219, 23.025465], [72.573238, 23.025447], [72.573331, 23.024654], [72.57335, 23.024636], [72.57342, 23.024042], [72.573439, 23.024024], [72.573442, 23.023879], [72.573462, 23.023862], [72.573464, 23.023735], [72.573484, 23.023718], [72.573487, 23.023555]]}, "properties": {"feature_type": "edge", "u": 780, "v": 837, "edge_key": 0, "length_m": 238.77, "is_bridged": false, "is_bridge": true, "edge_betweenness": 0.0, "width_m": 15.938}}, {"type": "Feature", "geometry": {"type": "LineString", "coordinates": [[72.565787, 23.025441], [72.565806, 23.025459], [72.565826, 23.025442], [72.566118, 23.025446], [72.566138, 23.025428], [72.566528, 23.025434]]}, "properties": {"feature_type": "edge", "u": 782, "v": 783, "edge_key": 0, "length_m": 78.485, "is_bridged": false, "is_bridge": true, "edge_betweenness": 0.0, "width_m": 8.137}}, {"type": "Feature", "geometry": {"type": "LineString", "coordinates": [[72.566528, 23.025434], [72.566553, 23.025146], [72.566573, 23.025128], [72.566577, 23.024893], [72.566597, 23.024876], [72.566601, 23.024641], [72.566621, 23.024623], [72.566625, 23.024389], [72.566645, 23.024371], [72.566647, 23.024226], [72.566667, 23.024209], [72.56667, 23.024064], [72.56669, 23.024047], [72.566736, 23.02365]]}, "properties": {"feature_type": "edge", "u": 783, "v": 820, "edge_key": 0, "length_m": 205.456, "is_bridged": false, "is_bridge": false, "edge_betweenness": 0.0, "width_m": 8.409}}, {"type": "Feature", "geometry": {"type": "LineString", "coordinates": [[72.56803, 23.025476], [72.568011, 23.025439], [72.568006, 23.02459], [72.567987, 23.024572], [72.567992, 23.024319], [72.567973, 23.024301], [72.567984, 23.023669]]}, "properties": {"feature_type": "edge", "u": 784, "v": 821, "edge_key": 0, "length_m": 203.314, "is_bridged": false, "is_bridge": true, "edge_betweenness": 0.0, "width_m": 8.407}}, {"type": "Feature", "geometry": {"type": "LineString", "coordinates": [[72.555238, 23.02517], [72.55526, 23.02508]]}, "properties": {"feature_type": "edge", "u": 785, "v": 786, "edge_key": 0, "length_m": 10.828, "is_bridged": false, "is_bridge": true, "edge_betweenness": 0.0, "width_m": 8.315}}, {"type": "Feature", "geometry": {"type": "LineString", "coordinates": [[72.571251, 23.025308], [72.571329, 23.025328]]}, "properties": {"feature_type": "edge", "u": 787, "v": 788, "edge_key": 0, "length_m": 8.828, "is_bridged": false, "is_bridge": false, "edge_betweenness": 0.0, "width_m": 6.65}}, {"type": "Feature", "geometry": {"type": "LineString", "coordinates": [[72.571251, 23.025308], [72.571252, 23.025236]]}, "properties": {"feature_type": "edge", "u": 787, "v": 790, "edge_key": 0, "length_m": 8.0, "is_bridged": false, "is_bridge": false, "edge_betweenness": 0.0, "width_m": 9.105}}, {"type": "Feature", "geometry": {"type": "LineString", "coordinates": [[72.571329, 23.025328], [72.571349, 23.02531], [72.571356, 23.024877], [72.571338, 23.02484]]}, "properties": {"feature_type": "edge", "u": 788, "v": 796, "edge_key": 0, "length_m": 55.301, "is_bridged": false, "is_bridge": false, "edge_betweenness": 0.0, "width_m": 8.253}}, {"type": "Feature", "geometry": {"type": "LineString", "coordinates": [[72.569204, 23.025241], [72.571018, 23.025251], [72.571038, 23.025233], [72.571252, 23.025236]]}, "properties": {"feature_type": "edge", "u": 789, "v": 790, "edge_key": 0, "length_m": 211.657, "is_bridged": false, "is_bridge": false, "edge_betweenness": 0.0, "width_m": 8.059}}, {"type": "Feature", "geometry": {"type": "LineString", "coordinates": [[72.569204, 23.025241], [72.569076, 23.023704]]}, "properties": {"feature_type": "edge", "u": 789, "v": 819, "edge_key": 0, "length_m": 176.627, "is_bridged": false, "is_bridge": false, "edge_betweenness": 0.0, "width_m": 8.189}}, {"type": "Feature", "geometry": {"type": "LineString", "coordinates": [[72.571252, 23.025236], [72.571258, 23.024911], [72.571279, 23.024857], [72.571338, 23.02484]]}, "properties": {"feature_type": "edge", "u": 790, "v": 796, "edge_key": 0, "length_m": 49.153, "is_bridged": false, "is_bridge": false, "edge_betweenness": 0.0, "width_m": 8.418}}, {"type": "Feature", "geometry": {"type": "LineString", "coordinates": [[72.559671, 23.024913], [72.559809, 23.024843], [72.559867, 23.024844], [72.559907, 23.024809]]}, "properties": {"feature_type": "edge", "u": 791, "v": 793, "edge_key": 0, "length_m": 28.614, "is_bridged": false, "is_bridge": false, "edge_betweenness": 0.0, "width_m": 11.387}}, {"type": "Feature", "geometry": {"type": "LineString", "coordinates": [[72.559671, 23.024913], [72.559673, 23.024787], [72.559655, 23.024751]]}, "properties": {"feature_type": "edge", "u": 791, "v": 794, "edge_key": 0, "length_m": 18.472, "is_bridged": false, "is_bridge": false, "edge_betweenness": 0.0, "width_m": 16.062}}, {"type": "Feature", "geometry": {"type": "LineString", "coordinates": [[72.556123, 23.024786], [72.556084, 23.024822], [72.555986, 23.02482], [72.55581, 23.024872], [72.555556, 23.02485], [72.555364, 23.024721], [72.55525, 23.02452], [72.555251, 23.024484]]}, "properties": {"feature_type": "edge", "u": 792, "v": 798, "edge_key": 0, "length_m": 119.74, "is_bridged": false, "is_bridge": true, "edge_betweenness": 0.0, "width_m": 8.727}}, {"type": "Feature", "geometry": {"type": "LineString", "coordinates": [[72.556123, 23.024786], [72.556125, 23.024696], [72.556033, 23.024352], [72.556019, 23.024081]]}, "properties": {"feature_type": "edge", "u": 792, "v": 802, "edge_key": 0, "length_m": 82.971, "is_bridged": false, "is_bridge": true, "edge_betweenness": 0.0, "width_m": 15.581}}, {"type": "Feature", "geometry": {"type": "LineString", "coordinates": [[72.559907, 23.024809], [72.559792, 23.024699], [72.559714, 23.024697]]}, "properties": {"feature_type": "edge", "u": 793, "v": 795, "edge_key": 0, "length_m": 26.142, "is_bridged": false, "is_bridge": false, "edge_betweenness": 0.0, "width_m": 9.325}}, {"type": "Feature", "geometry": {"type": "LineString", "coordinates": [[72.559655, 23.024751], [72.559559, 23.024659], [72.559561, 23.024551]]}, "properties": {"feature_type": "edge", "u": 794, "v": 797, "edge_key": 0, "length_m": 26.957, "is_bridged": false, "is_bridge": false, "edge_betweenness": 0.0, "width_m": 10.55}}, {"type": "Feature", "geometry": {"type": "LineString", "coordinates": [[72.559655, 23.024751], [72.559714, 23.024697]]}, "properties": {"feature_type": "edge", "u": 794, "v": 795, "edge_key": 0, "length_m": 9.301, "is_bridged": false, "is_bridge": false, "edge_betweenness": 0.0, "width_m": 12.657}}, {"type": "Feature", "geometry": {"type": "LineString", "coordinates": [[72.559714, 23.024697], [72.559716, 23.024607], [72.559639, 23.024552]]}, "properties": {"feature_type": "edge", "u": 795, "v": 799, "edge_key": 0, "length_m": 20.129, "is_bridged": false, "is_bridge": false, "edge_betweenness": 0.0, "width_m": 9.268}}, {"type": "Feature", "geometry": {"type": "LineString", "coordinates": [[72.571338, 23.02484], [72.57128, 23.024803], [72.571295, 23.023937], [72.571276, 23.023918], [72.571278, 23.02381]]}, "properties": {"feature_type": "edge", "u": 796, "v": 816, "edge_key": 0, "length_m": 118.04, "is_bridged": false, "is_bridge": false, "edge_betweenness": 0.0, "width_m": 8.147}}, {"type": "Feature", "geometry": {"type": "LineString", "coordinates": [[72.571338, 23.02484], [72.571377, 23.024805], [72.57138, 23.024678]]}, "properties": {"feature_type": "edge", "u": 796, "v": 800, "edge_key": 0, "length_m": 19.657, "is_bridged": false, "is_bridge": false, "edge_betweenness": 0.0, "width_m": 8.618}}, {"type": "Feature", "geometry": {"type": "LineString", "coordinates": [[72.559561, 23.024551], [72.559502, 23.02455], [72.559232, 23.024365], [72.559174, 23.024346], [72.558885, 23.024161], [72.558809, 23.02407]]}, "properties": {"feature_type": "edge", "u": 797, "v": 803, "edge_key": 0, "length_m": 100.354, "is_bridged": false, "is_bridge": false, "edge_betweenness": 0.0, "width_m": 16.675}}, {"type": "Feature", "geometry": {"type": "LineString", "coordinates": [[72.559561, 23.024551], [72.559639, 23.024552]]}, "properties": {"feature_type": "edge", "u": 797, "v": 799, "edge_key": 0, "length_m": 8.0, "is_bridged": false, "is_bridge": false, "edge_betweenness": 0.0, "width_m": 12.433}}, {"type": "Feature", "geometry": {"type": "LineString", "coordinates": [[72.559639, 23.024552], [72.559648, 23.024028]]}, "properties": {"feature_type": "edge", "u": 799, "v": 804, "edge_key": 0, "length_m": 58.0, "is_bridged": false, "is_bridge": false, "edge_betweenness": 0.0, "width_m": 14.704}}, {"type": "Feature", "geometry": {"type": "LineString", "coordinates": [[72.57138, 23.024678], [72.571672, 23.024683]]}, "properties": {"feature_type": "edge", "u": 800, "v": 801, "edge_key": 0, "length_m": 30.0, "is_bridged": false, "is_bridge": true, "edge_betweenness": 0.0, "width_m": 8.304}}, {"type": "Feature", "geometry": {"type": "LineString", "coordinates": [[72.57138, 23.024678], [72.57138, 23.023541], [72.571361, 23.023523], [72.571283, 23.023521], [72.571244, 23.023557], [72.571242, 23.023629]]}, "properties": {"feature_type": "edge", "u": 800, "v": 833, "edge_key": 0, "length_m": 151.314, "is_bridged": false, "is_bridge": false, "edge_betweenness": 0.0, "width_m": 8.475}}, {"type": "Feature", "geometry": {"type": "LineString", "coordinates": [[72.571672, 23.024683], [72.571688, 23.024882], [72.571726, 23.024918], [72.572351, 23.024892], [72.572428, 23.024859]]}, "properties": {"feature_type": "edge", "u": 801, "v": 872, "edge_key": 0, "length_m": 103.556, "is_bridged": false, "is_bridge": false, "edge_betweenness": 0.0, "width_m": 8.258}}, {"type": "Feature", "geometry": {"type": "LineString", "coordinates": [[72.572428, 23.024859], [72.572433, 23.024658], [72.572414, 23.02464], [72.571926, 23.024651], [72.571906, 23.024668], [72.571692, 23.024665], [72.571672, 23.024683]]}, "properties": {"feature_type": "edge", "u": 801, "v": 872, "edge_key": 1, "length_m": 103.556, "is_bridged": false, "is_bridge": false, "edge_betweenness": 0.0, "width_m": 8.258}}, {"type": "Feature", "geometry": {"type": "LineString", "coordinates": [[72.556019, 23.024081], [72.556584, 23.024107], [72.556604, 23.02409], [72.556632, 23.023639], [72.556651, 23.023621]]}, "properties": {"feature_type": "edge", "u": 802, "v": 815, "edge_key": 0, "length_m": 115.314, "is_bridged": false, "is_bridge": true, "edge_betweenness": 0.0, "width_m": 8.329}}, {"type": "Feature", "geometry": {"type": "LineString", "coordinates": [[72.556019, 23.024081], [72.556022, 23.023918], [72.556003, 23.0239], [72.556029, 23.023539]]}, "properties": {"feature_type": "edge", "u": 802, "v": 817, "edge_key": 0, "length_m": 61.657, "is_bridged": false, "is_bridge": true, "edge_betweenness": 0.0, "width_m": 15.867}}, {"type": "Feature", "geometry": {"type": "LineString", "coordinates": [[72.558809, 23.02407], [72.558595, 23.02403], [72.558556, 23.024012], [72.558537, 23.023957]]}, "properties": {"feature_type": "edge", "u": 803, "v": 805, "edge_key": 0, "length_m": 34.81, "is_bridged": false, "is_bridge": false, "edge_betweenness": 0.0, "width_m": 12.362}}, {"type": "Feature", "geometry": {"type": "LineString", "coordinates": [[72.558809, 23.02407], [72.558868, 23.024016], [72.559551, 23.023991]]}, "properties": {"feature_type": "edge", "u": 803, "v": 806, "edge_key": 0, "length_m": 80.142, "is_bridged": false, "is_bridge": false, "edge_betweenness": 0.0, "width_m": 8.428}}, {"type": "Feature", "geometry": {"type": "LineString", "coordinates": [[72.559648, 23.024028], [72.559551, 23.023991]]}, "properties": {"feature_type": "edge", "u": 804, "v": 806, "edge_key": 0, "length_m": 11.301, "is_bridged": false, "is_bridge": false, "edge_betweenness": 0.0, "width_m": 10.472}}, {"type": "Feature", "geometry": {"type": "LineString", "coordinates": [[72.559648, 23.024028], [72.559727, 23.023957], [72.559748, 23.023904]]}, "properties": {"feature_type": "edge", "u": 804, "v": 808, "edge_key": 0, "length_m": 17.786, "is_bridged": false, "is_bridge": false, "edge_betweenness": 0.0, "width_m": 10.69}}, {"type": "Feature", "geometry": {"type": "LineString", "coordinates": [[72.558537, 23.023957], [72.558498, 23.023975], [72.55846, 23.023902]]}, "properties": {"feature_type": "edge", "u": 805, "v": 807, "edge_key": 0, "length_m": 13.773, "is_bridged": false, "is_bridge": false, "edge_betweenness": 0.0, "width_m": 8.862}}, {"type": "Feature", "geometry": {"type": "LineString", "coordinates": [[72.558537, 23.023957], [72.558538, 23.023903], [72.55846, 23.023902]]}, "properties": {"feature_type": "edge", "u": 805, "v": 807, "edge_key": 1, "length_m": 14.0, "is_bridged": false, "is_bridge": false, "edge_betweenness": 0.0, "width_m": 8.673}}, {"type": "Feature", "geometry": {"type": "LineString", "coordinates": [[72.558537, 23.023957], [72.558597, 23.023922], [72.558967, 23.023928], [72.558987, 23.02391], [72.559534, 23.023882]]}, "properties": {"feature_type": "edge", "u": 805, "v": 809, "edge_key": 0, "length_m": 105.696, "is_bridged": false, "is_bridge": false, "edge_betweenness": 0.0, "width_m": 8.063}}, {"type": "Feature", "geometry": {"type": "LineString", "coordinates": [[72.559551, 23.023991], [72.559534, 23.023882]]}, "properties": {"feature_type": "edge", "u": 806, "v": 809, "edge_key": 0, "length_m": 12.472, "is_bridged": false, "is_bridge": false, "edge_betweenness": 0.0, "width_m": 8.852}}, {"type": "Feature", "geometry": {"type": "LineString", "coordinates": [[72.55846, 23.023902], [72.558364, 23.023864], [72.558229, 23.023772], [72.558132, 23.023752]]}, "properties": {"feature_type": "edge", "u": 807, "v": 811, "edge_key": 0, "length_m": 40.271, "is_bridged": false, "is_bridge": false, "edge_betweenness": 0.0, "width_m": 15.574}}, {"type": "Feature", "geometry": {"type": "LineString", "coordinates": [[72.559748, 23.023904], [72.559652, 23.023812]]}, "properties": {"feature_type": "edge", "u": 808, "v": 810, "edge_key": 0, "length_m": 14.957, "is_bridged": false, "is_bridge": false, "edge_betweenness": 0.0, "width_m": 9.805}}, {"type": "Feature", "geometry": {"type": "LineString", "coordinates": [[72.56192, 23.023522], [72.561782, 23.023574], [72.561626, 23.023571], [72.560979, 23.023778], [72.560666, 23.023845], [72.560178, 23.023874], [72.560158, 23.023892], [72.559748, 23.023904]]}, "properties": {"feature_type": "edge", "u": 808, "v": 831, "edge_key": 0, "length_m": 240.046, "is_bridged": false, "is_bridge": true, "edge_betweenness": 0.0, "width_m": 15.096}}, {"type": "Feature", "geometry": {"type": "LineString", "coordinates": [[72.559534, 23.023882], [72.559593, 23.023829], [72.559652, 23.023812]]}, "properties": {"feature_type": "edge", "u": 809, "v": 810, "edge_key": 0, "length_m": 14.957, "is_bridged": false, "is_bridge": false, "edge_betweenness": 0.0, "width_m": 10.086}}, {"type": "Feature", "geometry": {"type": "LineString", "coordinates": [[72.559652, 23.023812], [72.559676, 23.023541]]}, "properties": {"feature_type": "edge", "u": 810, "v": 824, "edge_key": 0, "length_m": 30.828, "is_bridged": false, "is_bridge": true, "edge_betweenness": 0.0, "width_m": 14.81}}, {"type": "Feature", "geometry": {"type": "LineString", "coordinates": [[72.558132, 23.023752], [72.558133, 23.02368]]}, "properties": {"feature_type": "edge", "u": 811, "v": 812, "edge_key": 0, "length_m": 8.0, "is_bridged": false, "is_bridge": true, "edge_betweenness": 0.0, "width_m": 16.794}}, {"type": "Feature", "geometry": {"type": "LineString", "coordinates": [[72.558133, 23.02368], [72.558055, 23.023679], [72.557901, 23.023568], [72.557804, 23.023549], [72.557746, 23.023512]]}, "properties": {"feature_type": "edge", "u": 812, "v": 823, "edge_key": 0, "length_m": 47.456, "is_bridged": false, "is_bridge": true, "edge_betweenness": 0.0, "width_m": 13.435}}, {"type": "Feature", "geometry": {"type": "LineString", "coordinates": [[72.558133, 23.02368], [72.558172, 23.023645], [72.558194, 23.023555], [72.558234, 23.023501]]}, "properties": {"feature_type": "edge", "u": 812, "v": 827, "edge_key": 0, "length_m": 24.142, "is_bridged": false, "is_bridge": true, "edge_betweenness": 0.0, "width_m": 9.307}}, {"type": "Feature", "geometry": {"type": "LineString", "coordinates": [[72.555247, 23.023617], [72.555268, 23.023509]]}, "properties": {"feature_type": "edge", "u": 814, "v": 818, "edge_key": 0, "length_m": 12.828, "is_bridged": false, "is_bridge": true, "edge_betweenness": 0.0, "width_m": 6.857}}, {"type": "Feature", "geometry": {"type": "LineString", "coordinates": [[72.571278, 23.02381], [72.571064, 23.023807], [72.570968, 23.023715]]}, "properties": {"feature_type": "edge", "u": 816, "v": 826, "edge_key": 0, "length_m": 36.142, "is_bridged": false, "is_bridge": false, "edge_betweenness": 0.0, "width_m": 11.061}}, {"type": "Feature", "geometry": {"type": "LineString", "coordinates": [[72.571278, 23.02381], [72.571242, 23.023629]]}, "properties": {"feature_type": "edge", "u": 816, "v": 833, "edge_key": 0, "length_m": 21.301, "is_bridged": false, "is_bridge": false, "edge_betweenness": 0.0, "width_m": 9.73}}, {"type": "Feature", "geometry": {"type": "LineString", "coordinates": [[72.569076, 23.023704], [72.569057, 23.023686], [72.568237, 23.023673]]}, "properties": {"feature_type": "edge", "u": 819, "v": 822, "edge_key": 0, "length_m": 86.828, "is_bridged": false, "is_bridge": false, "edge_betweenness": 0.0, "width_m": 16.255}}, {"type": "Feature", "geometry": {"type": "LineString", "coordinates": [[72.569076, 23.023704], [72.569174, 23.02367], [72.569388, 23.023673]]}, "properties": {"feature_type": "edge", "u": 819, "v": 829, "edge_key": 0, "length_m": 33.657, "is_bridged": false, "is_bridge": false, "edge_betweenness": 0.0, "width_m": 22.328}}, {"type": "Feature", "geometry": {"type": "LineString", "coordinates": [[72.566736, 23.02365], [72.566717, 23.023632], [72.566385, 23.023609], [72.566366, 23.02359], [72.56623, 23.023588], [72.566211, 23.02357], [72.566171, 23.023587], [72.566035, 23.023585], [72.565879, 23.023547], [72.565723, 23.023562], [72.565704, 23.023544], [72.565567, 23.023542], [72.56549, 23.023505]]}, "properties": {"feature_type": "edge", "u": 820, "v": 835, "edge_key": 0, "length_m": 137.113, "is_bridged": false, "is_bridge": true, "edge_betweenness": 0.0, "width_m": 14.716}}, {"type": "Feature", "geometry": {"type": "LineString", "coordinates": [[72.566736, 23.02365], [72.566794, 23.023651], [72.566814, 23.023615], [72.56736, 23.023642], [72.567379, 23.02366], [72.567984, 23.023669]]}, "properties": {"feature_type": "edge", "u": 820, "v": 821, "edge_key": 0, "length_m": 132.129, "is_bridged": false, "is_bridge": false, "edge_betweenness": 0.0, "width_m": 25.188}}, {"type": "Feature", "geometry": {"type": "LineString", "coordinates": [[72.567984, 23.023669], [72.568237, 23.023673]]}, "properties": {"feature_type": "edge", "u": 821, "v": 822, "edge_key": 0, "length_m": 26.0, "is_bridged": false, "is_bridge": false, "edge_betweenness": 0.0, "width_m": 24.244}}, {"type": "Feature", "geometry": {"type": "LineString", "coordinates": [[72.570968, 23.023715], [72.569388, 23.023673]]}, "properties": {"feature_type": "edge", "u": 826, "v": 829, "edge_key": 0, "length_m": 162.828, "is_bridged": false, "is_bridge": false, "edge_betweenness": 0.0, "width_m": 25.064}}, {"type": "Feature", "geometry": {"type": "LineString", "coordinates": [[72.570968, 23.023715], [72.571007, 23.02368], [72.571242, 23.023629]]}, "properties": {"feature_type": "edge", "u": 826, "v": 833, "edge_key": 0, "length_m": 32.142, "is_bridged": false, "is_bridge": false, "edge_betweenness": 0.0, "width_m": 17.671}}, {"type": "Feature", "geometry": {"type": "LineString", "coordinates": [[72.569388, 23.023673], [72.569391, 23.02351]]}, "properties": {"feature_type": "edge", "u": 829, "v": 836, "edge_key": 0, "length_m": 18.0, "is_bridged": false, "is_bridge": true, "edge_betweenness": 0.0, "width_m": 13.568}}], "meta": {"heal": {"connectivity_ratio_pct": 0.0, "components_before": 7, "components_after": 7, "bridges_added": 0, "bridges_rejected_crossing": 0, "bridges_rejected_corridor": 0}, "simplify": {"nodes_before": 873, "nodes_after": 850, "node_reduction_pct": 2.6, "stubs_pruned": 11, "nodes_collapsed": 12}, "polyline": {"vertices_before": 27694, "vertices_after": 4443, "vertex_reduction_pct": 84.0}, "coordinate_frame": {"coordinates": "wgs84", "crs": "EPSG:4326", "axis_order": "x,y", "length_unit": "metre"}}}