{"type": "FeatureCollection", "features": [{"type": "Feature", "geometry": {"type": "Point", "coordinates": [85.833034, 20.301507]}, "properties": {"feature_type": "node", "node_id": 0, "degree": 1, "type": "endpoint", "betweenness": 0.0, "is_critical": false, "is_articulation": false}}, {"type": "Feature", "geometry": {"type": "Point", "coordinates": [85.833226, 20.30149]}, "properties": {"feature_type": "node", "node_id": 1, "degree": 1, "type": "endpoint", "betweenness": 0.0, "is_critical": false, "is_articulation": false}}, {"type": "Feature", "geometry": {"type": "Point", "coordinates": [85.830882, 20.297282]}, "properties": {"feature_type": "node", "node_id": 2, "degree": 3, "type": "intersection", "betweenness": 0.006559207312818366, "is_critical": false, "is_articulation": false}}, {"type": "Feature", "geometry": {"type": "Point", "coordinates": [85.831495, 20.297232]}, "properties": {"feature_type": "node", "node_id": 3, "degree": 4, "type": "intersection", "betweenness": 0.01722267684168459, "is_critical": false, "is_articulation": false}}, {"type": "Feature", "geometry": {"type": "Point", "coordinates": [85.830883, 20.29721]}, "properties": {"feature_type": "node", "node_id": 4, "degree": 3, "type": "intersection", "betweenness": 0.0037870858469560586, "is_critical": false, "is_articulation": false}}, {"type": "Feature", "geometry": {"type": "Point", "coordinates": [85.833124, 20.297171]}, "properties": {"feature_type": "node", "node_id": 5, "degree": 4, "type": "intersection", "betweenness": 0.005227066562632818, "is_critical": false, "is_articulation": true}}, {"type": "Feature", "geometry": {"type": "Point", "coordinates": [85.833239, 20.297153]}, "properties": {"feature_type": "node", "node_id": 6, "degree": 4, "type": "intersection", "betweenness": 0.005582304096015631, "is_critical": false, "is_articulation": true}}, {"type": "Feature", "geometry": {"type": "Point", "coordinates": [85.832971, 20.297152]}, "properties": {"feature_type": "node", "node_id": 7, "degree": 3, "type": "intersection", "betweenness": 0.0018396229407324238, "is_critical": false, "is_articulation": false}}, {"type": "Feature", "geometry": {"type": "Point", "coordinates": [85.828738, 20.297087]}, "properties": {"feature_type": "node", "node_id": 8, "degree": 3, "type": "intersection", "betweenness": 0.003533344751682621, "is_critical": false, "is_articulation": true}}, {"type": "Feature", "geometry": {"type": "Point", "coordinates": [85.832952, 20.297079]}, "properties": {"feature_type": "node", "node_id": 9, "degree": 4, "type": "intersection", "betweenness": 0.0276197182205137, "is_critical": false, "is_articulation": false}}, {"type": "Feature", "geometry": {"type": "Point", "coordinates": [85.83345, 20.297119]}, "properties": {"feature_type": "node", "node_id": 10, "degree": 3, "type": "intersection", "betweenness": 0.001931604087769045, "is_critical": false, "is_articulation": false}}, {"type": "Feature", "geometry": {"type": "Point", "coordinates": [85.833144, 20.297062]}, "properties": {"feature_type": "node", "node_id": 11, "degree": 4, "type": "intersection", "betweenness": 0.032675509543836946, "is_critical": false, "is_articulation": false}}, {"type": "Feature", "geometry": {"type": "Point", "coordinates": [85.833737, 20.297102]}, "properties": {"feature_type": "node", "node_id": 12, "degree": 3, "type": "intersection", "betweenness": 0.001351171332331056, "is_critical": false, "is_articulation": false}}, {"type": "Feature", "geometry": {"type": "Point", "coordinates": [85.833278, 20.297045]}, "properties": {"feature_type": "node", "node_id": 13, "degree": 4, "type": "intersection", "betweenness": 0.02131742376665969, "is_critical": false, "is_articulation": false}}, {"type": "Feature", "geometry": {"type": "Point", "coordinates": [85.83345, 20.297046]}, "properties": {"feature_type": "node", "node_id": 14, "degree": 4, "type": "intersection", "betweenness": 0.020667212210021504, "is_critical": false, "is_articulation": false}}, {"type": "Feature", "geometry": {"type": "Point", "coordinates": [85.828739, 20.296997]}, "properties": {"feature_type": "node", "node_id": 15, "degree": 3, "type": "intersection", "betweenness": 0.001014964381093751, "is_critical": false, "is_articulation": false}}, {"type": "Feature", "geometry": {"type": "Point", "coordinates": [85.833719, 20.29703]}, "properties": {"feature_type": "node", "node_id": 16, "degree": 3, "type": "intersection", "betweenness": 0.008925343026243173, "is_critical": false, "is_articulation": false}}, {"type": "Feature", "geometry": {"type": "Point", "coordinates": [85.832934, 20.296934]}, "properties": {"feature_type": "node", "node_id": 17, "degree": 4, "type": "intersection", "betweenness": 0.006863696627146492, "is_critical": false, "is_articulation": false}}, {"type": "Feature", "geometry": {"type": "Point", "coordinates": [85.831785, 20.296927]}, "properties": {"feature_type": "node", "node_id": 18, "degree": 3, "type": "intersection", "betweenness": 0.04307255092266606, "is_critical": false, "is_articulation": false}}, {"type": "Feature", "geometry": {"type": "Point", "coordinates": [85.833183, 20.296918]}, "properties": {"feature_type": "node", "node_id": 19, "degree": 3, "type": "intersection", "betweenness": 0.03091835245906839, "is_critical": false, "is_articulation": false}}, {"type": "Feature", "geometry": {"type": "Point", "coordinates": [85.833471, 20.296902]}, "properties": {"feature_type": "node", "node_id": 20, "degree": 3, "type": "intersection", "betweenness": 0.011627685690905285, "is_critical": false, "is_articulation": false}}, {"type": "Feature", "geometry": {"type": "Point", "coordinates": [85.83326, 20.296846]}, "properties": {"feature_type": "node", "node_id": 21, "degree": 6, "type": "intersection", "betweenness": 0.08840974112064755, "is_critical": false, "is_articulation": false}}, {"type": "Feature", "geometry": {"type": "Point", "coordinates": [85.829525, 20.296857]}, "properties": {"feature_type": "node", "node_id": 22, "degree": 3, "type": "intersection", "betweenness": 0.018808558687143574, "is_critical": false, "is_articulation": false}}, {"type": "Feature", "geometry": {"type": "Point", "coordinates": [85.828856, 20.296799]}, "properties": {"feature_type": "node", "node_id": 23, "degree": 4, "type": "intersection", "betweenness": 0.016524888829682633, "is_critical": false, "is_articulation": false}}, {"type": "Feature", "geometry": {"type": "Point", "coordinates": [85.832915, 20.296862]}, "properties": {"feature_type": "node", "node_id": 24, "degree": 3, "type": "intersection", "betweenness": 0.03283409772838285, "is_critical": false, "is_articulation": false}}, {"type": "Feature", "geometry": {"type": "Point", "coordinates": [85.833509, 20.296866]}, "properties": {"feature_type": "node", "node_id": 25, "degree": 3, "type": "intersection", "betweenness": 0.01051122487170216, "is_critical": false, "is_articulation": false}}, {"type": "Feature", "geometry": {"type": "Point", "coordinates": [85.831786, 20.2968]}, "properties": {"feature_type": "node", "node_id": 26, "degree": 3, "type": "intersection", "betweenness": 0.03695739052657621, "is_critical": false, "is_articulation": false}}, {"type": "Feature", "geometry": {"type": "Point", "coordinates": [85.831709, 20.2968]}, "properties": {"feature_type": "node", "node_id": 27, "degree": 3, "type": "intersection", "betweenness": 0.02111760265413186, "is_critical": false, "is_articulation": false}}, {"type": "Feature", "geometry": {"type": "Point", "coordinates": [85.83351, 20.296794]}, "properties": {"feature_type": "node", "node_id": 28, "degree": 3, "type": "intersection", "betweenness": 0.04887053494966411, "is_critical": false, "is_articulation": false}}, {"type": "Feature", "geometry": {"type": "Point", "coordinates": [85.829508, 20.296695]}, "properties": {"feature_type": "node", "node_id": 29, "degree": 4, "type": "intersection", "betweenness": 0.00961678751086329, "is_critical": false, "is_articulation": false}}, {"type": "Feature", "geometry": {"type": "Point", "coordinates": [85.833262, 20.296684]}, "properties": {"feature_type": "node", "node_id": 30, "degree": 3, "type": "intersection", "betweenness": 0.0691634790441573, "is_critical": false, "is_articulation": false}}, {"type": "Feature", "geometry": {"type": "Point", "coordinates": [85.834564, 20.296692]}, "properties": {"feature_type": "node", "node_id": 31, "degree": 3, "type": "intersection", "betweenness": 0.049511231215229545, "is_critical": false, "is_articulation": true}}, {"type": "Feature", "geometry": {"type": "Point", "coordinates": [85.835465, 20.296626]}, "properties": {"feature_type": "node", "node_id": 32, "degree": 3, "type": "intersection", "betweenness": 0.04686598029700396, "is_critical": false, "is_articulation": false}}, {"type": "Feature", "geometry": {"type": "Point", "coordinates": [85.831233, 20.296508]}, "properties": {"feature_type": "node", "node_id": 33, "degree": 1, "type": "endpoint", "betweenness": 0.0, "is_critical": false, "is_articulation": false}}, {"type": "Feature", "geometry": {"type": "Point", "coordinates": [85.831712, 20.296493]}, "properties": {"feature_type": "node", "node_id": 34, "degree": 3, "type": "intersection", "betweenness": 0.011608655108759778, "is_critical": false, "is_articulation": false}}, {"type": "Feature", "geometry": {"type": "Point", "coordinates": [85.830697, 20.29645]}, "properties": {"feature_type": "node", "node_id": 35, "degree": 1, "type": "endpoint", "betweenness": 0.0, "is_critical": false, "is_articulation": false}}, {"type": "Feature", "geometry": {"type": "Point", "coordinates": [85.841997, 20.296434]}, "properties": {"feature_type": "node", "node_id": 36, "degree": 3, "type": "intersection", "betweenness": 0.0013955760240039077, "is_critical": false, "is_articulation": false}}, {"type": "Feature", "geometry": {"type": "Point", "coordinates": [85.842169, 20.296436]}, "properties": {"feature_type": "node", "node_id": 37, "degree": 3, "type": "intersection", "betweenness": 0.003533344751682621, "is_critical": false, "is_articulation": true}}, {"type": "Feature", "geometry": {"type": "Point", "coordinates": [85.827384, 20.296319]}, "properties": {"feature_type": "node", "node_id": 38, "degree": 3, "type": "intersection", "betweenness": 0.001941119378841799, "is_critical": false, "is_articulation": false}}, {"type": "Feature", "geometry": {"type": "Point", "coordinates": [85.838799, 20.296359]}, "properties": {"feature_type": "node", "node_id": 39, "degree": 3, "type": "intersection", "betweenness": 0.03013809859110257, "is_critical": false, "is_articulation": false}}, {"type": "Feature", "geometry": {"type": "Point", "coordinates": [85.841998, 20.296362]}, "properties": {"feature_type": "node", "node_id": 40, "degree": 4, "type": "intersection", "betweenness": 0.01926529265863576, "is_critical": false, "is_articulation": false}}, {"type": "Feature", "geometry": {"type": "Point", "coordinates": [85.842151, 20.296345]}, "properties": {"feature_type": "node", "node_id": 41, "degree": 4, "type": "intersection", "betweenness": 0.014444211848440445, "is_critical": false, "is_articulation": true}}, {"type": "Feature", "geometry": {"type": "Point", "coordinates": [85.830679, 20.296233]}, "properties": {"feature_type": "node", "node_id": 42, "degree": 3, "type": "intersection", "betweenness": 0.014298310718658218, "is_critical": false, "is_articulation": true}}, {"type": "Feature", "geometry": {"type": "Point", "coordinates": [85.840734, 20.296318]}, "properties": {"feature_type": "node", "node_id": 43, "degree": 3, "type": "intersection", "betweenness": 0.00520803598048731, "is_critical": false, "is_articulation": false}}, {"type": "Feature", "geometry": {"type": "Point", "coordinates": [85.826409, 20.29615]}, "properties": {"feature_type": "node", "node_id": 44, "degree": 6, "type": "intersection", "betweenness": 0.011228043465849621, "is_critical": false, "is_articulation": true}}, {"type": "Feature", "geometry": {"type": "Point", "coordinates": [85.829492, 20.296189]}, "properties": {"feature_type": "node", "node_id": 45, "degree": 3, "type": "intersection", "betweenness": 0.010910867096757823, "is_critical": false, "is_articulation": false}}, {"type": "Feature", "geometry": {"type": "Point", "coordinates": [85.827405, 20.296157]}, "properties": {"feature_type": "node", "node_id": 46, "degree": 3, "type": "intersection", "betweenness": 0.005112883069759771, "is_critical": false, "is_articulation": false}}, {"type": "Feature", "geometry": {"type": "Point", "coordinates": [85.829779, 20.296191]}, "properties": {"feature_type": "node", "node_id": 47, "degree": 3, "type": "intersection", "betweenness": 0.00874138073216993, "is_critical": false, "is_articulation": false}}, {"type": "Feature", "geometry": {"type": "Point", "coordinates": [85.840734, 20.296245]}, "properties": {"feature_type": "node", "node_id": 48, "degree": 3, "type": "intersection", "betweenness": 0.02833653681466116, "is_critical": false, "is_articulation": false}}, {"type": "Feature", "geometry": {"type": "Point", "coordinates": [85.840983, 20.296265]}, "properties": {"feature_type": "node", "node_id": 49, "degree": 3, "type": "intersection", "betweenness": 0.031165750026959992, "is_critical": false, "is_articulation": false}}, {"type": "Feature", "geometry": {"type": "Point", "coordinates": [85.84129, 20.296249]}, "properties": {"feature_type": "node", "node_id": 50, "degree": 3, "type": "intersection", "betweenness": 0.031394117012706085, "is_critical": false, "is_articulation": false}}, {"type": "Feature", "geometry": {"type": "Point", "coordinates": [85.841462, 20.296232]}, "properties": {"feature_type": "node", "node_id": 51, "degree": 4, "type": "intersection", "betweenness": 0.03343673282965726, "is_critical": false, "is_articulation": false}}, {"type": "Feature", "geometry": {"type": "Point", "coordinates": [85.844565, 20.296253]}, "properties": {"feature_type": "node", "node_id": 52, "degree": 1, "type": "endpoint", "betweenness": 0.0, "is_critical": false, "is_articulation": false}}, {"type": "Feature", "geometry": {"type": "Point", "coordinates": [85.841654, 20.296197]}, "properties": {"feature_type": "node", "node_id": 53, "degree": 4, "type": "intersection", "betweenness": 0.03574577679664555, "is_critical": false, "is_articulation": false}}, {"type": "Feature", "geometry": {"type": "Point", "coordinates": [85.841961, 20.296181]}, "properties": {"feature_type": "node", "node_id": 54, "degree": 4, "type": "intersection", "betweenness": 0.05312069829549419, "is_critical": false, "is_articulation": false}}, {"type": "Feature", "geometry": {"type": "Point", "coordinates": [85.827348, 20.296102]}, "properties": {"feature_type": "node", "node_id": 55, "degree": 3, "type": "intersection", "betweenness": 0.01750179204648537, "is_critical": false, "is_articulation": false}}, {"type": "Feature", "geometry": {"type": "Point", "coordinates": [85.841846, 20.296199]}, "properties": {"feature_type": "node", "node_id": 56, "degree": 3, "type": "intersection", "betweenness": 0.01628383478917287, "is_critical": false, "is_articulation": false}}, {"type": "Feature", "geometry": {"type": "Point", "coordinates": [85.842171, 20.296165]}, "properties": {"feature_type": "node", "node_id": 57, "degree": 5, "type": "intersection", "betweenness": 0.040439987059204145, "is_critical": false, "is_articulation": true}}, {"type": "Feature", "geometry": {"type": "Point", "coordinates": [85.826754, 20.296062]}, "properties": {"feature_type": "node", "node_id": 58, "degree": 3, "type": "intersection", "betweenness": 0.003647528244555668, "is_critical": false, "is_articulation": true}}, {"type": "Feature", "geometry": {"type": "Point", "coordinates": [85.829263, 20.296097]}, "properties": {"feature_type": "node", "node_id": 59, "degree": 3, "type": "intersection", "betweenness": 0.00409791868866602, "is_critical": false, "is_articulation": false}}, {"type": "Feature", "geometry": {"type": "Point", "coordinates": [85.841788, 20.296144]}, "properties": {"feature_type": "node", "node_id": 60, "degree": 3, "type": "intersection", "betweenness": 0.04071910226400492, "is_critical": false, "is_articulation": false}}, {"type": "Feature", "geometry": {"type": "Point", "coordinates": [85.844585, 20.296108]}, "properties": {"feature_type": "node", "node_id": 61, "degree": 1, "type": "endpoint", "betweenness": 0.0, "is_critical": false, "is_articulation": false}}, {"type": "Feature", "geometry": {"type": "Point", "coordinates": [85.842325, 20.296057]}, "properties": {"feature_type": "node", "node_id": 62, "degree": 3, "type": "intersection", "betweenness": 0.003533344751682621, "is_critical": false, "is_articulation": true}}, {"type": "Feature", "geometry": {"type": "Point", "coordinates": [85.826774, 20.295936]}, "properties": {"feature_type": "node", "node_id": 63, "degree": 3, "type": "intersection", "betweenness": 0.00897609124529786, "is_critical": false, "is_articulation": true}}, {"type": "Feature", "geometry": {"type": "Point", "coordinates": [85.835374, 20.295975]}, "properties": {"feature_type": "node", "node_id": 64, "degree": 1, "type": "endpoint", "betweenness": 0.0, "is_critical": false, "is_articulation": false}}, {"type": "Feature", "geometry": {"type": "Point", "coordinates": [85.844567, 20.296018]}, "properties": {"feature_type": "node", "node_id": 65, "degree": 1, "type": "endpoint", "betweenness": 0.0, "is_critical": false, "is_articulation": false}}, {"type": "Feature", "geometry": {"type": "Point", "coordinates": [85.825415, 20.295872]}, "properties": {"feature_type": "node", "node_id": 66, "degree": 1, "type": "endpoint", "betweenness": 0.0, "is_critical": false, "is_articulation": false}}, {"type": "Feature", "geometry": {"type": "Point", "coordinates": [85.828384, 20.295892]}, "properties": {"feature_type": "node", "node_id": 67, "degree": 3, "type": "intersection", "betweenness": 0.0027467473563349636, "is_critical": false, "is_articulation": false}}, {"type": "Feature", "geometry": {"type": "Point", "coordinates": [85.830241, 20.295905]}, "properties": {"feature_type": "node", "node_id": 68, "degree": 1, "type": "endpoint", "betweenness": 0.0, "is_critical": false, "is_articulation": false}}, {"type": "Feature", "geometry": {"type": "Point", "coordinates": [85.836868, 20.295949]}, "properties": {"feature_type": "node", "node_id": 69, "degree": 3, "type": "intersection", "betweenness": 0.03943770973287406, "is_critical": false, "is_articulation": false}}, {"type": "Feature", "geometry": {"type": "Point", "coordinates": [85.842173, 20.295966]}, "properties": {"feature_type": "node", "node_id": 70, "degree": 3, "type": "intersection", "betweenness": 0.03681783292417582, "is_critical": false, "is_articulation": false}}, {"type": "Feature", "geometry": {"type": "Point", "coordinates": [85.841943, 20.295946]}, "properties": {"feature_type": "node", "node_id": 71, "degree": 3, "type": "intersection", "betweenness": 0.06555401196389264, "is_critical": false, "is_articulation": false}}, {"type": "Feature", "geometry": {"type": "Point", "coordinates": [85.830682, 20.295817]}, "properties": {"feature_type": "node", "node_id": 72, "degree": 3, "type": "intersection", "betweenness": 0.020882892141003927, "is_critical": false, "is_articulation": false}}, {"type": "Feature", "geometry": {"type": "Point", "coordinates": [85.8312, 20.295821]}, "properties": {"feature_type": "node", "node_id": 73, "degree": 4, "type": "intersection", "betweenness": 0.026909243153748076, "is_critical": false, "is_articulation": true}}, {"type": "Feature", "geometry": {"type": "Point", "coordinates": [85.831659, 20.295824]}, "properties": {"feature_type": "node", "node_id": 74, "degree": 4, "type": "intersection", "betweenness": 0.034699094778642615, "is_critical": false, "is_articulation": false}}, {"type": "Feature", "geometry": {"type": "Point", "coordinates": [85.832311, 20.295774]}, "properties": {"feature_type": "node", "node_id": 75, "degree": 4, "type": "intersection", "betweenness": 0.028235040376551786, "is_critical": false, "is_articulation": false}}, {"type": "Feature", "geometry": {"type": "Point", "coordinates": [85.833383, 20.295799]}, "properties": {"feature_type": "node", "node_id": 76, "degree": 3, "type": "intersection", "betweenness": 0.07041315393837898, "is_critical": false, "is_articulation": false}}, {"type": "Feature", "geometry": {"type": "Point", "coordinates": [85.844567, 20.295891]}, "properties": {"feature_type": "node", "node_id": 77, "degree": 1, "type": "endpoint", "betweenness": 0.0, "is_critical": false, "is_articulation": false}}, {"type": "Feature", "geometry": {"type": "Point", "coordinates": [85.825416, 20.295746]}, "properties": {"feature_type": "node", "node_id": 78, "degree": 1, "type": "endpoint", "betweenness": 0.0, "is_critical": false, "is_articulation": false}}, {"type": "Feature", "geometry": {"type": "Point", "coordinates": [85.840527, 20.295828]}, "properties": {"feature_type": "node", "node_id": 79, "degree": 1, "type": "endpoint", "betweenness": 0.0, "is_critical": false, "is_articulation": false}}, {"type": "Feature", "geometry": {"type": "Point", "coordinates": [85.838765, 20.295726]}, "properties": {"feature_type": "node", "node_id": 80, "degree": 3, "type": "intersection", "betweenness": 0.012896391167272474, "is_critical": false, "is_articulation": true}}, {"type": "Feature", "geometry": {"type": "Point", "coordinates": [85.828845, 20.29566]}, "properties": {"feature_type": "node", "node_id": 81, "degree": 1, "type": "endpoint", "betweenness": 0.0, "is_critical": false, "is_articulation": false}}, {"type": "Feature", "geometry": {"type": "Point", "coordinates": [85.825436, 20.295619]}, "properties": {"feature_type": "node", "node_id": 82, "degree": 1, "type": "endpoint", "betweenness": 0.0, "is_critical": false, "is_articulation": false}}, {"type": "Feature", "geometry": {"type": "Point", "coordinates": [85.827351, 20.295614]}, "properties": {"feature_type": "node", "node_id": 83, "degree": 3, "type": "intersection", "betweenness": 0.019582469027727558, "is_critical": false, "is_articulation": false}}, {"type": "Feature", "geometry": {"type": "Point", "coordinates": [85.841964, 20.295675]}, "properties": {"feature_type": "node", "node_id": 84, "degree": 3, "type": "intersection", "betweenness": 0.07023553517168757, "is_critical": false, "is_articulation": true}}, {"type": "Feature", "geometry": {"type": "Point", "coordinates": [85.844588, 20.295693]}, "properties": {"feature_type": "node", "node_id": 86, "degree": 1, "type": "endpoint", "betweenness": 0.0, "is_critical": false, "is_articulation": false}}, {"type": "Feature", "geometry": {"type": "Point", "coordinates": [85.84026, 20.295574]}, "properties": {"feature_type": "node", "node_id": 87, "degree": 1, "type": "endpoint", "betweenness": 0.0, "is_critical": false, "is_articulation": false}}, {"type": "Feature", "geometry": {"type": "Point", "coordinates": [85.840606, 20.295522]}, "properties": {"feature_type": "node", "node_id": 88, "degree": 1, "type": "endpoint", "betweenness": 0.0, "is_critical": false, "is_articulation": false}}, {"type": "Feature", "geometry": {"type": "Point", "coordinates": [85.827391, 20.295398]}, "properties": {"feature_type": "node", "node_id": 89, "degree": 3, "type": "intersection", "betweenness": 0.024156152270031275, "is_critical": false, "is_articulation": true}}, {"type": "Feature", "geometry": {"type": "Point", "coordinates": [85.825419, 20.295384]}, "properties": {"feature_type": "node", "node_id": 90, "degree": 1, "type": "endpoint", "betweenness": 0.0, "is_critical": false, "is_articulation": false}}, {"type": "Feature", "geometry": {"type": "Point", "coordinates": [85.831183, 20.295405]}, "properties": {"feature_type": "node", "node_id": 91, "degree": 4, "type": "intersection", "betweenness": 0.05759288509968854, "is_critical": false, "is_articulation": false}}, {"type": "Feature", "geometry": {"type": "Point", "coordinates": [85.830628, 20.295383]}, "properties": {"feature_type": "node", "node_id": 92, "degree": 3, "type": "intersection", "betweenness": 0.05667307362932232, "is_critical": false, "is_articulation": false}}, {"type": "Feature", "geometry": {"type": "Point", "coordinates": [85.837542, 20.295447]}, "properties": {"feature_type": "node", "node_id": 93, "degree": 1, "type": "endpoint", "betweenness": 0.0, "is_critical": false, "is_articulation": false}}, {"type": "Feature", "geometry": {"type": "Point", "coordinates": [85.830226, 20.295326]}, "properties": {"feature_type": "node", "node_id": 94, "degree": 4, "type": "intersection", "betweenness": 0.0540214791837149, "is_critical": false, "is_articulation": true}}, {"type": "Feature", "geometry": {"type": "Point", "coordinates": [85.837025, 20.29539]}, "properties": {"feature_type": "node", "node_id": 95, "degree": 4, "type": "intersection", "betweenness": 0.04610475701118364, "is_critical": false, "is_articulation": true}}, {"type": "Feature", "geometry": {"type": "Point", "coordinates": [85.82971, 20.295287]}, "properties": {"feature_type": "node", "node_id": 96, "degree": 3, "type": "intersection", "betweenness": 0.04706897317322271, "is_critical": false, "is_articulation": false}}, {"type": "Feature", "geometry": {"type": "Point", "coordinates": [85.83624, 20.295348]}, "properties": {"feature_type": "node", "node_id": 97, "degree": 1, "type": "endpoint", "betweenness": 0.0, "is_critical": false, "is_articulation": false}}, {"type": "Feature", "geometry": {"type": "Point", "coordinates": [85.828331, 20.295259]}, "properties": {"feature_type": "node", "node_id": 98, "degree": 3, "type": "intersection", "betweenness": 0.0289962636623721, "is_critical": false, "is_articulation": false}}, {"type": "Feature", "geometry": {"type": "Point", "coordinates": [85.828791, 20.295208]}, "properties": {"feature_type": "node", "node_id": 99, "degree": 3, "type": "intersection", "betweenness": 0.03523829460609867, "is_critical": false, "is_articulation": true}}, {"type": "Feature", "geometry": {"type": "Point", "coordinates": [85.829231, 20.295211]}, "properties": {"feature_type": "node", "node_id": 100, "degree": 3, "type": "intersection", "betweenness": 0.03910150278163676, "is_critical": false, "is_articulation": false}}, {"type": "Feature", "geometry": {"type": "Point", "coordinates": [85.829365, 20.295212]}, "properties": {"feature_type": "node", "node_id": 101, "degree": 3, "type": "intersection", "betweenness": 0.044893143281252976, "is_critical": false, "is_articulation": false}}, {"type": "Feature", "geometry": {"type": "Point", "coordinates": [85.842178, 20.295243]}, "properties": {"feature_type": "node", "node_id": 102, "degree": 3, "type": "intersection", "betweenness": 0.03726187984090434, "is_critical": false, "is_articulation": false}}, {"type": "Feature", "geometry": {"type": "Point", "coordinates": [85.827106, 20.295143]}, "properties": {"feature_type": "node", "node_id": 103, "degree": 1, "type": "endpoint", "betweenness": 0.0, "is_critical": false, "is_articulation": false}}, {"type": "Feature", "geometry": {"type": "Point", "coordinates": [85.843098, 20.295177]}, "properties": {"feature_type": "node", "node_id": 104, "degree": 4, "type": "intersection", "betweenness": 0.022234063473334984, "is_critical": false, "is_articulation": true}}, {"type": "Feature", "geometry": {"type": "Point", "coordinates": [85.827317, 20.295054]}, "properties": {"feature_type": "node", "node_id": 105, "degree": 1, "type": "endpoint", "betweenness": 0.0, "is_critical": false, "is_articulation": false}}, {"type": "Feature", "geometry": {"type": "Point", "coordinates": [85.830726, 20.295059]}, "properties": {"feature_type": "node", "node_id": 106, "degree": 1, "type": "endpoint", "betweenness": 0.0, "is_critical": false, "is_articulation": false}}, {"type": "Feature", "geometry": {"type": "Point", "coordinates": [85.825633, 20.294934]}, "properties": {"feature_type": "node", "node_id": 107, "degree": 3, "type": "intersection", "betweenness": 0.003533344751682621, "is_critical": false, "is_articulation": true}}, {"type": "Feature", "geometry": {"type": "Point", "coordinates": [85.842046, 20.295043]}, "properties": {"feature_type": "node", "node_id": 108, "degree": 3, "type": "intersection", "betweenness": 0.0715803629766368, "is_critical": false, "is_articulation": false}}, {"type": "Feature", "geometry": {"type": "Point", "coordinates": [85.844382, 20.295077]}, "properties": {"feature_type": "node", "node_id": 109, "degree": 3, "type": "intersection", "betweenness": 0.007599545803439461, "is_critical": false, "is_articulation": true}}, {"type": "Feature", "geometry": {"type": "Point", "coordinates": [85.831531, 20.294974]}, "properties": {"feature_type": "node", "node_id": 110, "degree": 3, "type": "intersection", "betweenness": 0.07035606219194246, "is_critical": false, "is_articulation": false}}, {"type": "Feature", "geometry": {"type": "Point", "coordinates": [85.844593, 20.295042]}, "properties": {"feature_type": "node", "node_id": 111, "degree": 1, "type": "endpoint", "betweenness": 0.0, "is_critical": false, "is_articulation": false}}, {"type": "Feature", "geometry": {"type": "Point", "coordinates": [85.825423, 20.294842]}, "properties": {"feature_type": "node", "node_id": 112, "degree": 1, "type": "endpoint", "betweenness": 0.0, "is_critical": false, "is_articulation": false}}, {"type": "Feature", "geometry": {"type": "Point", "coordinates": [85.832375, 20.294889]}, "properties": {"feature_type": "node", "node_id": 113, "degree": 1, "type": "endpoint", "betweenness": 0.0, "is_critical": false, "is_articulation": false}}, {"type": "Feature", "geometry": {"type": "Point", "coordinates": [85.833505, 20.29486]}, "properties": {"feature_type": "node", "node_id": 114, "degree": 3, "type": "intersection", "betweenness": 0.102853952969088, "is_critical": true, "is_articulation": false}}, {"type": "Feature", "geometry": {"type": "Point", "coordinates": [85.83025, 20.294802]}, "properties": {"feature_type": "node", "node_id": 115, "degree": 3, "type": "intersection", "betweenness": 0.0064323367651816475, "is_critical": false, "is_articulation": false}}, {"type": "Feature", "geometry": {"type": "Point", "coordinates": [85.831954, 20.294832]}, "properties": {"feature_type": "node", "node_id": 116, "degree": 3, "type": "intersection", "betweenness": 0.07546260173432039, "is_critical": false, "is_articulation": true}}, {"type": "Feature", "geometry": {"type": "Point", "coordinates": [85.829388, 20.294779]}, "properties": {"feature_type": "node", "node_id": 117, "degree": 4, "type": "intersection", "betweenness": 0.006698764915218757, "is_critical": false, "is_articulation": true}}, {"type": "Feature", "geometry": {"type": "Point", "coordinates": [85.840706, 20.294854]}, "properties": {"feature_type": "node", "node_id": 118, "degree": 3, "type": "intersection", "betweenness": 0.019417537315799826, "is_critical": false, "is_articulation": false}}, {"type": "Feature", "geometry": {"type": "Point", "coordinates": [85.828507, 20.294755]}, "properties": {"feature_type": "node", "node_id": 119, "degree": 1, "type": "endpoint", "betweenness": 0.0, "is_critical": false, "is_articulation": false}}, {"type": "Feature", "geometry": {"type": "Point", "coordinates": [85.840343, 20.294815]}, "properties": {"feature_type": "node", "node_id": 120, "degree": 3, "type": "intersection", "betweenness": 0.024295709872431667, "is_critical": false, "is_articulation": true}}, {"type": "Feature", "geometry": {"type": "Point", "coordinates": [85.837585, 20.294779]}, "properties": {"feature_type": "node", "node_id": 121, "degree": 1, "type": "endpoint", "betweenness": 0.0, "is_critical": false, "is_articulation": false}}, {"type": "Feature", "geometry": {"type": "Point", "coordinates": [85.833544, 20.294716]}, "properties": {"feature_type": "node", "node_id": 122, "degree": 3, "type": "intersection", "betweenness": 0.18833298443932733, "is_critical": true, "is_articulation": false}}, {"type": "Feature", "geometry": {"type": "Point", "coordinates": [85.83071, 20.294643]}, "properties": {"feature_type": "node", "node_id": 123, "degree": 3, "type": "intersection", "betweenness": 0.01218591610050685, "is_critical": false, "is_articulation": true}}, {"type": "Feature", "geometry": {"type": "Point", "coordinates": [85.832013, 20.294633]}, "properties": {"feature_type": "node", "node_id": 124, "degree": 3, "type": "intersection", "betweenness": 0.0810575928850997, "is_critical": false, "is_articulation": true}}, {"type": "Feature", "geometry": {"type": "Point", "coordinates": [85.839195, 20.294591]}, "properties": {"feature_type": "node", "node_id": 125, "degree": 3, "type": "intersection", "betweenness": 0.03988175664960258, "is_critical": false, "is_articulation": false}}, {"type": "Feature", "geometry": {"type": "Point", "coordinates": [85.837893, 20.294528]}, "properties": {"feature_type": "node", "node_id": 126, "degree": 3, "type": "intersection", "betweenness": 0.04819970692903496, "is_critical": false, "is_articulation": true}}, {"type": "Feature", "geometry": {"type": "Point", "coordinates": [85.827609, 20.294459]}, "properties": {"feature_type": "node", "node_id": 127, "degree": 3, "type": "intersection", "betweenness": 0.0017317829752412127, "is_critical": false, "is_articulation": false}}, {"type": "Feature", "geometry": {"type": "Point", "coordinates": [85.838104, 20.294529]}, "properties": {"feature_type": "node", "node_id": 128, "degree": 3, "type": "intersection", "betweenness": 0.04598581587277422, "is_critical": false, "is_articulation": false}}, {"type": "Feature", "geometry": {"type": "Point", "coordinates": [85.83142, 20.294467]}, "properties": {"feature_type": "node", "node_id": 129, "degree": 1, "type": "endpoint", "betweenness": 0.0, "is_critical": false, "is_articulation": false}}, {"type": "Feature", "geometry": {"type": "Point", "coordinates": [85.837089, 20.294468]}, "properties": {"feature_type": "node", "node_id": 130, "degree": 3, "type": "intersection", "betweenness": 0.06944418013080354, "is_critical": false, "is_articulation": false}}, {"type": "Feature", "geometry": {"type": "Point", "coordinates": [85.837185, 20.294469]}, "properties": {"feature_type": "node", "node_id": 131, "degree": 3, "type": "intersection", "betweenness": 0.05591343622534747, "is_critical": false, "is_articulation": false}}, {"type": "Feature", "geometry": {"type": "Point", "coordinates": [85.844425, 20.294481]}, "properties": {"feature_type": "node", "node_id": 132, "degree": 3, "type": "intersection", "betweenness": 0.006762200189037116, "is_critical": false, "is_articulation": false}}, {"type": "Feature", "geometry": {"type": "Point", "coordinates": [85.836649, 20.294393]}, "properties": {"feature_type": "node", "node_id": 133, "degree": 3, "type": "intersection", "betweenness": 0.040408269422294966, "is_critical": false, "is_articulation": false}}, {"type": "Feature", "geometry": {"type": "Point", "coordinates": [85.836305, 20.294355]}, "properties": {"feature_type": "node", "node_id": 134, "degree": 3, "type": "intersection", "betweenness": 0.018212267113250996, "is_critical": false, "is_articulation": false}}, {"type": "Feature", "geometry": {"type": "Point", "coordinates": [85.8432, 20.294382]}, "properties": {"feature_type": "node", "node_id": 135, "degree": 3, "type": "intersection", "betweenness": 0.014349058937712905, "is_critical": false, "is_articulation": false}}, {"type": "Feature", "geometry": {"type": "Point", "coordinates": [85.839255, 20.294284]}, "properties": {"feature_type": "node", "node_id": 136, "degree": 3, "type": "intersection", "betweenness": 0.028146230993206085, "is_critical": false, "is_articulation": false}}, {"type": "Feature", "geometry": {"type": "Point", "coordinates": [85.835387, 20.294222]}, "properties": {"feature_type": "node", "node_id": 137, "degree": 3, "type": "intersection", "betweenness": 0.021745611864933616, "is_critical": false, "is_articulation": false}}, {"type": "Feature", "geometry": {"type": "Point", "coordinates": [85.841343, 20.294244]}, "properties": {"feature_type": "node", "node_id": 138, "degree": 1, "type": "endpoint", "betweenness": 0.0, "is_critical": false, "is_articulation": false}}, {"type": "Feature", "geometry": {"type": "Point", "coordinates": [85.834545, 20.294126]}, "properties": {"feature_type": "node", "node_id": 139, "degree": 3, "type": "intersection", "betweenness": 0.033462106939184603, "is_critical": false, "is_articulation": false}}, {"type": "Feature", "geometry": {"type": "Point", "coordinates": [85.838184, 20.294132]}, "properties": {"feature_type": "node", "node_id": 140, "degree": 3, "type": "intersection", "betweenness": 0.03619775312260136, "is_critical": false, "is_articulation": false}}, {"type": "Feature", "geometry": {"type": "Point", "coordinates": [85.842148, 20.294123]}, "properties": {"feature_type": "node", "node_id": 141, "degree": 3, "type": "intersection", "betweenness": 0.054877855380262755, "is_critical": false, "is_articulation": false}}, {"type": "Feature", "geometry": {"type": "Point", "coordinates": [85.833645, 20.294012]}, "properties": {"feature_type": "node", "node_id": 142, "degree": 3, "type": "intersection", "betweenness": 0.1920693220672287, "is_critical": true, "is_articulation": false}}, {"type": "Feature", "geometry": {"type": "Point", "coordinates": [85.827556, 20.293935]}, "properties": {"feature_type": "node", "node_id": 143, "degree": 3, "type": "intersection", "betweenness": 0.009413794634644541, "is_critical": false, "is_articulation": false}}, {"type": "Feature", "geometry": {"type": "Point", "coordinates": [85.837246, 20.293964]}, "properties": {"feature_type": "node", "node_id": 144, "degree": 3, "type": "intersection", "betweenness": 0.015584460895325456, "is_critical": false, "is_articulation": false}}, {"type": "Feature", "geometry": {"type": "Point", "coordinates": [85.841134, 20.293989]}, "properties": {"feature_type": "node", "node_id": 145, "degree": 3, "type": "intersection", "betweenness": 0.04626334519572954, "is_critical": false, "is_articulation": true}}, {"type": "Feature", "geometry": {"type": "Point", "coordinates": [85.838204, 20.293952]}, "properties": {"feature_type": "node", "node_id": 146, "degree": 3, "type": "intersection", "betweenness": 0.03929973801231913, "is_critical": false, "is_articulation": false}}, {"type": "Feature", "geometry": {"type": "Point", "coordinates": [85.840885, 20.29397]}, "properties": {"feature_type": "node", "node_id": 147, "degree": 3, "type": "intersection", "betweenness": 0.04798878464358892, "is_critical": false, "is_articulation": false}}, {"type": "Feature", "geometry": {"type": "Point", "coordinates": [85.841249, 20.293972]}, "properties": {"feature_type": "node", "node_id": 148, "degree": 3, "type": "intersection", "betweenness": 0.04170869253557133, "is_critical": false, "is_articulation": false}}, {"type": "Feature", "geometry": {"type": "Point", "coordinates": [85.836691, 20.293906]}, "properties": {"feature_type": "node", "node_id": 149, "degree": 3, "type": "intersection", "betweenness": 0.0271169936755032, "is_critical": false, "is_articulation": false}}, {"type": "Feature", "geometry": {"type": "Point", "coordinates": [85.840867, 20.293915]}, "properties": {"feature_type": "node", "node_id": 150, "degree": 3, "type": "intersection", "betweenness": 0.0494858571057022, "is_critical": false, "is_articulation": false}}, {"type": "Feature", "geometry": {"type": "Point", "coordinates": [85.844505, 20.293939]}, "properties": {"feature_type": "node", "node_id": 151, "degree": 3, "type": "intersection", "betweenness": 0.009686566312063487, "is_critical": false, "is_articulation": true}}, {"type": "Feature", "geometry": {"type": "Point", "coordinates": [85.836366, 20.293849]}, "properties": {"feature_type": "node", "node_id": 152, "degree": 4, "type": "intersection", "betweenness": 0.03258670016049124, "is_critical": false, "is_articulation": false}}, {"type": "Feature", "geometry": {"type": "Point", "coordinates": [85.837286, 20.293837]}, "properties": {"feature_type": "node", "node_id": 153, "degree": 3, "type": "intersection", "betweenness": 0.03395531619312235, "is_critical": false, "is_articulation": false}}, {"type": "Feature", "geometry": {"type": "Point", "coordinates": [85.839335, 20.293797]}, "properties": {"feature_type": "node", "node_id": 154, "degree": 3, "type": "intersection", "betweenness": 0.01478041879967775, "is_critical": false, "is_articulation": false}}, {"type": "Feature", "geometry": {"type": "Point", "coordinates": [85.825431, 20.293704]}, "properties": {"feature_type": "node", "node_id": 155, "degree": 1, "type": "endpoint", "betweenness": 0.0, "is_critical": false, "is_articulation": false}}, {"type": "Feature", "geometry": {"type": "Point", "coordinates": [85.839948, 20.293801]}, "properties": {"feature_type": "node", "node_id": 156, "degree": 3, "type": "intersection", "betweenness": 0.05318413356931256, "is_critical": false, "is_articulation": false}}, {"type": "Feature", "geometry": {"type": "Point", "coordinates": [85.835467, 20.293753]}, "properties": {"feature_type": "node", "node_id": 157, "degree": 3, "type": "intersection", "betweenness": 0.030036602152993194, "is_critical": false, "is_articulation": false}}, {"type": "Feature", "geometry": {"type": "Point", "coordinates": [85.8433, 20.293787]}, "properties": {"feature_type": "node", "node_id": 158, "degree": 3, "type": "intersection", "betweenness": 0.025583445930944363, "is_critical": false, "is_articulation": false}}, {"type": "Feature", "geometry": {"type": "Point", "coordinates": [85.839374, 20.293725]}, "properties": {"feature_type": "node", "node_id": 159, "degree": 3, "type": "intersection", "betweenness": 0.015129312805678726, "is_critical": false, "is_articulation": false}}, {"type": "Feature", "geometry": {"type": "Point", "coordinates": [85.833686, 20.293651]}, "properties": {"feature_type": "node", "node_id": 160, "degree": 3, "type": "intersection", "betweenness": 0.1728294035181203, "is_critical": true, "is_articulation": false}}, {"type": "Feature", "geometry": {"type": "Point", "coordinates": [85.834606, 20.293639]}, "properties": {"feature_type": "node", "node_id": 161, "degree": 3, "type": "intersection", "betweenness": 0.014564738868695328, "is_critical": false, "is_articulation": false}}, {"type": "Feature", "geometry": {"type": "Point", "coordinates": [85.838264, 20.293663]}, "properties": {"feature_type": "node", "node_id": 162, "degree": 3, "type": "intersection", "betweenness": 0.025363008354425565, "is_critical": false, "is_articulation": false}}, {"type": "Feature", "geometry": {"type": "Point", "coordinates": [85.835468, 20.293572]}, "properties": {"feature_type": "node", "node_id": 163, "degree": 3, "type": "intersection", "betweenness": 0.028254070958697294, "is_critical": false, "is_articulation": false}}, {"type": "Feature", "geometry": {"type": "Point", "coordinates": [85.838265, 20.293555]}, "properties": {"feature_type": "node", "node_id": 164, "degree": 3, "type": "intersection", "betweenness": 0.025204420169879664, "is_critical": false, "is_articulation": false}}, {"type": "Feature", "geometry": {"type": "Point", "coordinates": [85.834645, 20.293476]}, "properties": {"feature_type": "node", "node_id": 165, "degree": 3, "type": "intersection", "betweenness": 0.04299642859408403, "is_critical": false, "is_articulation": false}}, {"type": "Feature", "geometry": {"type": "Point", "coordinates": [85.825491, 20.293379]}, "properties": {"feature_type": "node", "node_id": 166, "degree": 3, "type": "intersection", "betweenness": 0.003533344751682621, "is_critical": false, "is_articulation": true}}, {"type": "Feature", "geometry": {"type": "Point", "coordinates": [85.844566, 20.293524]}, "properties": {"feature_type": "node", "node_id": 167, "degree": 1, "type": "endpoint", "betweenness": 0.0, "is_critical": false, "is_articulation": false}}, {"type": "Feature", "geometry": {"type": "Point", "coordinates": [85.837327, 20.29344]}, "properties": {"feature_type": "node", "node_id": 168, "degree": 3, "type": "intersection", "betweenness": 0.033714262152612584, "is_critical": false, "is_articulation": false}}, {"type": "Feature", "geometry": {"type": "Point", "coordinates": [85.825511, 20.293325]}, "properties": {"feature_type": "node", "node_id": 169, "degree": 3, "type": "intersection", "betweenness": 0.0063181532723086, "is_critical": false, "is_articulation": false}}, {"type": "Feature", "geometry": {"type": "Point", "coordinates": [85.840908, 20.293428]}, "properties": {"feature_type": "node", "node_id": 170, "degree": 3, "type": "intersection", "betweenness": 0.0009769032168027354, "is_critical": false, "is_articulation": false}}, {"type": "Feature", "geometry": {"type": "Point", "coordinates": [85.825434, 20.293306]}, "properties": {"feature_type": "node", "node_id": 171, "degree": 3, "type": "intersection", "betweenness": 0.0010847431822939464, "is_critical": false, "is_articulation": false}}, {"type": "Feature", "geometry": {"type": "Point", "coordinates": [85.836447, 20.293362]}, "properties": {"feature_type": "node", "node_id": 172, "degree": 3, "type": "intersection", "betweenness": 0.006603612004491217, "is_critical": false, "is_articulation": false}}, {"type": "Feature", "geometry": {"type": "Point", "coordinates": [85.839415, 20.293382]}, "properties": {"feature_type": "node", "node_id": 173, "degree": 3, "type": "intersection", "betweenness": 0.010441446070501964, "is_critical": false, "is_articulation": false}}, {"type": "Feature", "geometry": {"type": "Point", "coordinates": [85.825531, 20.293253]}, "properties": {"feature_type": "node", "node_id": 174, "degree": 3, "type": "intersection", "betweenness": 0.009464542853699229, "is_critical": false, "is_articulation": false}}, {"type": "Feature", "geometry": {"type": "Point", "coordinates": [85.825454, 20.293234]}, "properties": {"feature_type": "node", "node_id": 175, "degree": 3, "type": "intersection", "betweenness": 0.00475447377268604, "is_critical": false, "is_articulation": false}}, {"type": "Feature", "geometry": {"type": "Point", "coordinates": [85.83999, 20.293331]}, "properties": {"feature_type": "node", "node_id": 176, "degree": 3, "type": "intersection", "betweenness": 0.05072284494516021, "is_critical": false, "is_articulation": false}}, {"type": "Feature", "geometry": {"type": "Point", "coordinates": [85.844567, 20.293325]}, "properties": {"feature_type": "node", "node_id": 177, "degree": 1, "type": "endpoint", "betweenness": 0.0, "is_critical": false, "is_articulation": false}}, {"type": "Feature", "geometry": {"type": "Point", "coordinates": [85.838324, 20.293266]}, "properties": {"feature_type": "node", "node_id": 178, "degree": 3, "type": "intersection", "betweenness": 0.03024752443843924, "is_critical": false, "is_articulation": false}}, {"type": "Feature", "geometry": {"type": "Point", "coordinates": [85.835547, 20.293229]}, "properties": {"feature_type": "node", "node_id": 179, "degree": 3, "type": "intersection", "betweenness": 0.004174041017248051, "is_critical": false, "is_articulation": false}}, {"type": "Feature", "geometry": {"type": "Point", "coordinates": [85.82557, 20.293127]}, "properties": {"feature_type": "node", "node_id": 180, "degree": 3, "type": "intersection", "betweenness": 0.012766348855944838, "is_critical": false, "is_articulation": false}}, {"type": "Feature", "geometry": {"type": "Point", "coordinates": [85.825493, 20.293108]}, "properties": {"feature_type": "node", "node_id": 181, "degree": 3, "type": "intersection", "betweenness": 0.00874138073216993, "is_critical": false, "is_articulation": false}}, {"type": "Feature", "geometry": {"type": "Point", "coordinates": [85.843381, 20.293209]}, "properties": {"feature_type": "node", "node_id": 182, "degree": 4, "type": "intersection", "betweenness": 0.033081495296274445, "is_critical": false, "is_articulation": true}}, {"type": "Feature", "geometry": {"type": "Point", "coordinates": [85.843764, 20.29323]}, "properties": {"feature_type": "node", "node_id": 183, "degree": 3, "type": "intersection", "betweenness": 0.007060345975983406, "is_critical": false, "is_articulation": true}}, {"type": "Feature", "geometry": {"type": "Point", "coordinates": [85.82559, 20.293055]}, "properties": {"feature_type": "node", "node_id": 184, "degree": 3, "type": "intersection", "betweenness": 0.015712917324807632, "is_critical": false, "is_articulation": false}}, {"type": "Feature", "geometry": {"type": "Point", "coordinates": [85.825513, 20.293036]}, "properties": {"feature_type": "node", "node_id": 185, "degree": 3, "type": "intersection", "betweenness": 0.0123540195761255, "is_critical": false, "is_articulation": false}}, {"type": "Feature", "geometry": {"type": "Point", "coordinates": [85.838325, 20.293103]}, "properties": {"feature_type": "node", "node_id": 186, "degree": 3, "type": "intersection", "betweenness": 0.031040465361168734, "is_critical": false, "is_articulation": false}}, {"type": "Feature", "geometry": {"type": "Point", "coordinates": [85.842462, 20.293095]}, "properties": {"feature_type": "node", "node_id": 187, "degree": 3, "type": "intersection", "betweenness": 0.016613698213028338, "is_critical": false, "is_articulation": false}}, {"type": "Feature", "geometry": {"type": "Point", "coordinates": [85.839475, 20.293057]}, "properties": {"feature_type": "node", "node_id": 188, "degree": 3, "type": "intersection", "betweenness": 0.007859630426094735, "is_critical": false, "is_articulation": false}}, {"type": "Feature", "geometry": {"type": "Point", "coordinates": [85.84229, 20.293075]}, "properties": {"feature_type": "node", "node_id": 189, "degree": 3, "type": "intersection", "betweenness": 0.02674431144182034, "is_critical": false, "is_articulation": false}}, {"type": "Feature", "geometry": {"type": "Point", "coordinates": [85.825629, 20.292928]}, "properties": {"feature_type": "node", "node_id": 190, "degree": 3, "type": "intersection", "betweenness": 0.01897031863538039, "is_critical": false, "is_articulation": false}}, {"type": "Feature", "geometry": {"type": "Point", "coordinates": [85.837388, 20.293007]}, "properties": {"feature_type": "node", "node_id": 191, "degree": 3, "type": "intersection", "betweenness": 0.03561732036716337, "is_critical": false, "is_articulation": false}}, {"type": "Feature", "geometry": {"type": "Point", "coordinates": [85.825552, 20.29291]}, "properties": {"feature_type": "node", "node_id": 192, "degree": 3, "type": "intersection", "betweenness": 0.016245773624881853, "is_critical": false, "is_articulation": false}}, {"type": "Feature", "geometry": {"type": "Point", "coordinates": [85.835569, 20.292959]}, "properties": {"feature_type": "node", "node_id": 193, "degree": 3, "type": "intersection", "betweenness": 0.017083119239284197, "is_critical": false, "is_articulation": false}}, {"type": "Feature", "geometry": {"type": "Point", "coordinates": [85.841391, 20.292979]}, "properties": {"feature_type": "node", "node_id": 194, "degree": 3, "type": "intersection", "betweenness": 0.011881426786178723, "is_critical": false, "is_articulation": false}}, {"type": "Feature", "geometry": {"type": "Point", "coordinates": [85.825648, 20.292856]}, "properties": {"feature_type": "node", "node_id": 195, "degree": 3, "type": "intersection", "betweenness": 0.021908957695015892, "is_critical": false, "is_articulation": false}}, {"type": "Feature", "geometry": {"type": "Point", "coordinates": [85.838365, 20.292941]}, "properties": {"feature_type": "node", "node_id": 196, "degree": 3, "type": "intersection", "betweenness": 0.03201736857797147, "is_critical": false, "is_articulation": false}}, {"type": "Feature", "geometry": {"type": "Point", "coordinates": [85.825572, 20.292838]}, "properties": {"feature_type": "node", "node_id": 197, "degree": 3, "type": "intersection", "betweenness": 0.019791805431328146, "is_critical": false, "is_articulation": false}}, {"type": "Feature", "geometry": {"type": "Point", "coordinates": [85.836526, 20.292911]}, "properties": {"feature_type": "node", "node_id": 198, "degree": 3, "type": "intersection", "betweenness": 0.016626385267792008, "is_critical": false, "is_articulation": false}}, {"type": "Feature", "geometry": {"type": "Point", "coordinates": [85.840989, 20.292922]}, "properties": {"feature_type": "node", "node_id": 199, "degree": 3, "type": "intersection", "betweenness": 0.0118243350397422, "is_critical": false, "is_articulation": false}}, {"type": "Feature", "geometry": {"type": "Point", "coordinates": [85.825668, 20.292802]}, "properties": {"feature_type": "node", "node_id": 200, "degree": 3, "type": "intersection", "betweenness": 0.025133055486834012, "is_critical": false, "is_articulation": false}}, {"type": "Feature", "geometry": {"type": "Point", "coordinates": [85.834056, 20.292858]}, "properties": {"feature_type": "node", "node_id": 201, "degree": 3, "type": "intersection", "betweenness": 0.06113257337875299, "is_critical": false, "is_articulation": false}}, {"type": "Feature", "geometry": {"type": "Point", "coordinates": [85.834726, 20.292881]}, "properties": {"feature_type": "node", "node_id": 202, "degree": 3, "type": "intersection", "betweenness": 0.047119721392277394, "is_critical": false, "is_articulation": false}}, {"type": "Feature", "geometry": {"type": "Point", "coordinates": [85.833807, 20.292838]}, "properties": {"feature_type": "node", "node_id": 203, "degree": 3, "type": "intersection", "betweenness": 0.17288649526455682, "is_critical": true, "is_articulation": false}}, {"type": "Feature", "geometry": {"type": "Point", "coordinates": [85.825592, 20.292783]}, "properties": {"feature_type": "node", "node_id": 204, "degree": 3, "type": "intersection", "betweenness": 0.02359950774227517, "is_critical": false, "is_articulation": false}}, {"type": "Feature", "geometry": {"type": "Point", "coordinates": [85.825688, 20.29273]}, "properties": {"feature_type": "node", "node_id": 205, "degree": 3, "type": "intersection", "betweenness": 0.028081209837542264, "is_critical": false, "is_articulation": false}}, {"type": "Feature", "geometry": {"type": "Point", "coordinates": [85.835608, 20.292814]}, "properties": {"feature_type": "node", "node_id": 206, "degree": 3, "type": "intersection", "betweenness": 0.014190470753167006, "is_critical": false, "is_articulation": false}}, {"type": "Feature", "geometry": {"type": "Point", "coordinates": [85.825611, 20.292711]}, "properties": {"feature_type": "node", "node_id": 207, "degree": 3, "type": "intersection", "betweenness": 0.026981136464075534, "is_critical": false, "is_articulation": false}}, {"type": "Feature", "geometry": {"type": "Point", "coordinates": [85.834727, 20.292772]}, "properties": {"feature_type": "node", "node_id": 208, "degree": 3, "type": "intersection", "betweenness": 0.037540995045705114, "is_critical": false, "is_articulation": false}}, {"type": "Feature", "geometry": {"type": "Point", "coordinates": [85.840051, 20.292808]}, "properties": {"feature_type": "node", "node_id": 209, "degree": 3, "type": "intersection", "betweenness": 0.06447561230898054, "is_critical": false, "is_articulation": false}}, {"type": "Feature", "geometry": {"type": "Point", "coordinates": [85.839535, 20.29275]}, "properties": {"feature_type": "node", "node_id": 210, "degree": 3, "type": "intersection", "betweenness": 0.06882092856553816, "is_critical": false, "is_articulation": false}}, {"type": "Feature", "geometry": {"type": "Point", "coordinates": [85.834096, 20.292696]}, "properties": {"feature_type": "node", "node_id": 211, "degree": 3, "type": "intersection", "betweenness": 0.06242030943726569, "is_critical": false, "is_articulation": false}}, {"type": "Feature", "geometry": {"type": "Point", "coordinates": [85.834325, 20.292715]}, "properties": {"feature_type": "node", "node_id": 212, "degree": 3, "type": "intersection", "betweenness": 0.06325765505166804, "is_critical": false, "is_articulation": false}}, {"type": "Feature", "geometry": {"type": "Point", "coordinates": [85.839324, 20.292712]}, "properties": {"feature_type": "node", "node_id": 213, "degree": 3, "type": "intersection", "betweenness": 0.0642567606143072, "is_critical": false, "is_articulation": false}}, {"type": "Feature", "geometry": {"type": "Point", "coordinates": [85.843461, 20.292668]}, "properties": {"feature_type": "node", "node_id": 214, "degree": 3, "type": "intersection", "betweenness": 0.029789204585101592, "is_critical": false, "is_articulation": false}}, {"type": "Feature", "geometry": {"type": "Point", "coordinates": [85.838406, 20.292598]}, "properties": {"feature_type": "node", "node_id": 215, "degree": 4, "type": "intersection", "betweenness": 0.04038130943092216, "is_critical": false, "is_articulation": false}}, {"type": "Feature", "geometry": {"type": "Point", "coordinates": [85.825747, 20.292513]}, "properties": {"feature_type": "node", "node_id": 216, "degree": 3, "type": "intersection", "betweenness": 0.03134442604821501, "is_critical": false, "is_articulation": false}}, {"type": "Feature", "geometry": {"type": "Point", "coordinates": [85.82567, 20.292495]}, "properties": {"feature_type": "node", "node_id": 217, "degree": 3, "type": "intersection", "betweenness": 0.030700558018958664, "is_critical": false, "is_articulation": false}}, {"type": "Feature", "geometry": {"type": "Point", "coordinates": [85.842543, 20.292571]}, "properties": {"feature_type": "node", "node_id": 218, "degree": 3, "type": "intersection", "betweenness": 0.017622319066740253, "is_critical": false, "is_articulation": false}}, {"type": "Feature", "geometry": {"type": "Point", "coordinates": [85.837449, 20.292483]}, "properties": {"feature_type": "node", "node_id": 219, "degree": 4, "type": "intersection", "betweenness": 0.053861305117323545, "is_critical": false, "is_articulation": false}}, {"type": "Feature", "geometry": {"type": "Point", "coordinates": [85.837047, 20.292444]}, "properties": {"feature_type": "node", "node_id": 220, "degree": 3, "type": "intersection", "betweenness": 0.024841253227269558, "is_critical": false, "is_articulation": false}}, {"type": "Feature", "geometry": {"type": "Point", "coordinates": [85.836607, 20.292405]}, "properties": {"feature_type": "node", "node_id": 221, "degree": 3, "type": "intersection", "betweenness": 0.02732791596094925, "is_critical": false, "is_articulation": false}}, {"type": "Feature", "geometry": {"type": "Point", "coordinates": [85.844555, 20.292404]}, "properties": {"feature_type": "node", "node_id": 222, "degree": 1, "type": "endpoint", "betweenness": 0.0, "is_critical": false, "is_articulation": false}}, {"type": "Feature", "geometry": {"type": "Point", "coordinates": [85.835669, 20.292291]}, "properties": {"feature_type": "node", "node_id": 223, "degree": 3, "type": "intersection", "betweenness": 0.008995121827443369, "is_critical": false, "is_articulation": false}}, {"type": "Feature", "geometry": {"type": "Point", "coordinates": [85.835803, 20.292292]}, "properties": {"feature_type": "node", "node_id": 224, "degree": 3, "type": "intersection", "betweenness": 0.01551626797597072, "is_critical": false, "is_articulation": false}}, {"type": "Feature", "geometry": {"type": "Point", "coordinates": [85.843904, 20.292327]}, "properties": {"feature_type": "node", "node_id": 225, "degree": 1, "type": "endpoint", "betweenness": 0.0, "is_critical": false, "is_articulation": false}}, {"type": "Feature", "geometry": {"type": "Point", "coordinates": [85.834808, 20.292176]}, "properties": {"feature_type": "node", "node_id": 226, "degree": 4, "type": "intersection", "betweenness": 0.10483947703960264, "is_critical": true, "is_articulation": false}}, {"type": "Feature", "geometry": {"type": "Point", "coordinates": [85.834406, 20.292138]}, "properties": {"feature_type": "node", "node_id": 227, "degree": 3, "type": "intersection", "betweenness": 0.06723504672007917, "is_critical": false, "is_articulation": false}}, {"type": "Feature", "geometry": {"type": "Point", "coordinates": [85.834177, 20.2921]}, "properties": {"feature_type": "node", "node_id": 228, "degree": 3, "type": "intersection", "betweenness": 0.008646227821442391, "is_critical": false, "is_articulation": false}}, {"type": "Feature", "geometry": {"type": "Point", "coordinates": [85.844595, 20.292151]}, "properties": {"feature_type": "node", "node_id": 229, "degree": 1, "type": "endpoint", "betweenness": 0.0, "is_critical": false, "is_articulation": false}}, {"type": "Feature", "geometry": {"type": "Point", "coordinates": [85.833928, 20.292062]}, "properties": {"feature_type": "node", "node_id": 230, "degree": 3, "type": "intersection", "betweenness": 0.12213193268248743, "is_critical": true, "is_articulation": false}}, {"type": "Feature", "geometry": {"type": "Point", "coordinates": [85.839405, 20.292081]}, "properties": {"feature_type": "node", "node_id": 231, "degree": 3, "type": "intersection", "betweenness": 0.060560070032542296, "is_critical": false, "is_articulation": false}}, {"type": "Feature", "geometry": {"type": "Point", "coordinates": [85.838487, 20.291966]}, "properties": {"feature_type": "node", "node_id": 232, "degree": 4, "type": "intersection", "betweenness": 0.03987382724037528, "is_critical": false, "is_articulation": false}}, {"type": "Feature", "geometry": {"type": "Point", "coordinates": [85.83755, 20.291833]}, "properties": {"feature_type": "node", "node_id": 233, "degree": 4, "type": "intersection", "betweenness": 0.05225639268971905, "is_critical": false, "is_articulation": false}}, {"type": "Feature", "geometry": {"type": "Point", "coordinates": [85.843314, 20.29189]}, "properties": {"feature_type": "node", "node_id": 234, "degree": 3, "type": "intersection", "betweenness": 0.03207921796994437, "is_critical": false, "is_articulation": false}}, {"type": "Feature", "geometry": {"type": "Point", "coordinates": [85.843582, 20.291873]}, "properties": {"feature_type": "node", "node_id": 235, "degree": 3, "type": "intersection", "betweenness": 0.03100081831503226, "is_critical": false, "is_articulation": false}}, {"type": "Feature", "geometry": {"type": "Point", "coordinates": [85.835865, 20.291786]}, "properties": {"feature_type": "node", "node_id": 236, "degree": 3, "type": "intersection", "betweenness": 0.011304165794431652, "is_critical": false, "is_articulation": false}}, {"type": "Feature", "geometry": {"type": "Point", "coordinates": [85.837148, 20.291795]}, "properties": {"feature_type": "node", "node_id": 237, "degree": 3, "type": "intersection", "betweenness": 0.03866379939229008, "is_critical": false, "is_articulation": false}}, {"type": "Feature", "geometry": {"type": "Point", "coordinates": [85.842644, 20.291831]}, "properties": {"feature_type": "node", "node_id": 238, "degree": 3, "type": "intersection", "betweenness": 0.018821245741907244, "is_critical": false, "is_articulation": false}}, {"type": "Feature", "geometry": {"type": "Point", "coordinates": [85.839466, 20.29172]}, "properties": {"feature_type": "node", "node_id": 239, "degree": 3, "type": "intersection", "betweenness": 0.0589012376221922, "is_critical": false, "is_articulation": false}}, {"type": "Feature", "geometry": {"type": "Point", "coordinates": [85.834889, 20.291689]}, "properties": {"feature_type": "node", "node_id": 240, "degree": 3, "type": "intersection", "betweenness": 0.10293007529767002, "is_critical": true, "is_articulation": false}}, {"type": "Feature", "geometry": {"type": "Point", "coordinates": [85.838547, 20.291587]}, "properties": {"feature_type": "node", "node_id": 241, "degree": 4, "type": "intersection", "betweenness": 0.09333866189633408, "is_critical": false, "is_articulation": false}}, {"type": "Feature", "geometry": {"type": "Point", "coordinates": [85.844561, 20.291554]}, "properties": {"feature_type": "node", "node_id": 242, "degree": 1, "type": "endpoint", "betweenness": 0.0, "is_critical": false, "is_articulation": false}}, {"type": "Feature", "geometry": {"type": "Point", "coordinates": [85.834009, 20.291448]}, "properties": {"feature_type": "node", "node_id": 243, "degree": 3, "type": "intersection", "betweenness": 0.12225245970274232, "is_critical": true, "is_articulation": false}}, {"type": "Feature", "geometry": {"type": "Point", "coordinates": [85.837629, 20.291491]}, "properties": {"feature_type": "node", "node_id": 244, "degree": 3, "type": "intersection", "betweenness": 0.01821702475878737, "is_critical": false, "is_articulation": false}}, {"type": "Feature", "geometry": {"type": "Point", "coordinates": [85.843834, 20.291477]}, "properties": {"feature_type": "node", "node_id": 245, "degree": 3, "type": "intersection", "betweenness": 0.003533344751682621, "is_critical": false, "is_articulation": true}}, {"type": "Feature", "geometry": {"type": "Point", "coordinates": [85.839526, 20.291395]}, "properties": {"feature_type": "node", "node_id": 246, "degree": 3, "type": "intersection", "betweenness": 0.0019046440963962422, "is_critical": false, "is_articulation": false}}, {"type": "Feature", "geometry": {"type": "Point", "coordinates": [85.835945, 20.291335]}, "properties": {"feature_type": "node", "node_id": 247, "degree": 3, "type": "intersection", "betweenness": 0.055087191783863336, "is_critical": false, "is_articulation": false}}, {"type": "Feature", "geometry": {"type": "Point", "coordinates": [85.83493, 20.291292]}, "properties": {"feature_type": "node", "node_id": 248, "degree": 3, "type": "intersection", "betweenness": 0.10317747286556163, "is_critical": true, "is_articulation": false}}, {"type": "Feature", "geometry": {"type": "Point", "coordinates": [85.838607, 20.291262]}, "properties": {"feature_type": "node", "node_id": 249, "degree": 3, "type": "intersection", "betweenness": 0.09429019100360947, "is_critical": false, "is_articulation": false}}, {"type": "Feature", "geometry": {"type": "Point", "coordinates": [85.825968, 20.291142]}, "properties": {"feature_type": "node", "node_id": 250, "degree": 3, "type": "intersection", "betweenness": 0.03419531297906851, "is_critical": false, "is_articulation": false}}, {"type": "Feature", "geometry": {"type": "Point", "coordinates": [85.838608, 20.291208]}, "properties": {"feature_type": "node", "node_id": 251, "degree": 3, "type": "intersection", "betweenness": 0.09522268952873936, "is_critical": false, "is_articulation": false}}, {"type": "Feature", "geometry": {"type": "Point", "coordinates": [85.825891, 20.291123]}, "properties": {"feature_type": "node", "node_id": 252, "degree": 3, "type": "intersection", "betweenness": 0.034366059591096225, "is_critical": false, "is_articulation": false}}, {"type": "Feature", "geometry": {"type": "Point", "coordinates": [85.83767, 20.291093]}, "properties": {"feature_type": "node", "node_id": 253, "degree": 4, "type": "intersection", "betweenness": 0.015895293737035417, "is_critical": false, "is_articulation": false}}, {"type": "Feature", "geometry": {"type": "Point", "coordinates": [85.825988, 20.290997]}, "properties": {"feature_type": "node", "node_id": 254, "degree": 3, "type": "intersection", "betweenness": 0.037147696348031285, "is_critical": false, "is_articulation": false}}, {"type": "Feature", "geometry": {"type": "Point", "coordinates": [85.839566, 20.291088]}, "properties": {"feature_type": "node", "node_id": 255, "degree": 3, "type": "intersection", "betweenness": 0.00157953831807715, "is_critical": false, "is_articulation": false}}, {"type": "Feature", "geometry": {"type": "Point", "coordinates": [85.825912, 20.290979]}, "properties": {"feature_type": "node", "node_id": 256, "degree": 3, "type": "intersection", "betweenness": 0.037877201996942424, "is_critical": false, "is_articulation": false}}, {"type": "Feature", "geometry": {"type": "Point", "coordinates": [85.83723, 20.291054]}, "properties": {"feature_type": "node", "node_id": 257, "degree": 3, "type": "intersection", "betweenness": 0.04252066404044633, "is_critical": false, "is_articulation": false}}, {"type": "Feature", "geometry": {"type": "Point", "coordinates": [85.834089, 20.290997]}, "properties": {"feature_type": "node", "node_id": 258, "degree": 3, "type": "intersection", "betweenness": 0.12311517942667201, "is_critical": true, "is_articulation": false}}, {"type": "Feature", "geometry": {"type": "Point", "coordinates": [85.838648, 20.290973]}, "properties": {"feature_type": "node", "node_id": 259, "degree": 3, "type": "intersection", "betweenness": 0.0982295215077296, "is_critical": true, "is_articulation": false}}, {"type": "Feature", "geometry": {"type": "Point", "coordinates": [85.826008, 20.290853]}, "properties": {"feature_type": "node", "node_id": 260, "degree": 3, "type": "intersection", "betweenness": 0.04016087185440336, "is_critical": false, "is_articulation": false}}, {"type": "Feature", "geometry": {"type": "Point", "coordinates": [85.825932, 20.290834]}, "properties": {"feature_type": "node", "node_id": 261, "degree": 3, "type": "intersection", "betweenness": 0.041347111474806686, "is_critical": false, "is_articulation": false}}, {"type": "Feature", "geometry": {"type": "Point", "coordinates": [85.836005, 20.290901]}, "properties": {"feature_type": "node", "node_id": 262, "degree": 3, "type": "intersection", "betweenness": 0.056556775627322003, "is_critical": false, "is_articulation": false}}, {"type": "Feature", "geometry": {"type": "Point", "coordinates": [85.843398, 20.290878]}, "properties": {"feature_type": "node", "node_id": 263, "degree": 3, "type": "intersection", "betweenness": 0.0385432723720352, "is_critical": false, "is_articulation": false}}, {"type": "Feature", "geometry": {"type": "Point", "coordinates": [85.83501, 20.290805]}, "properties": {"feature_type": "node", "node_id": 264, "degree": 3, "type": "intersection", "betweenness": 0.05932466807492975, "is_critical": false, "is_articulation": false}}, {"type": "Feature", "geometry": {"type": "Point", "coordinates": [85.825952, 20.290708]}, "properties": {"feature_type": "node", "node_id": 265, "degree": 3, "type": "intersection", "betweenness": 0.044550592802633834, "is_critical": false, "is_articulation": false}}, {"type": "Feature", "geometry": {"type": "Point", "coordinates": [85.826029, 20.290708]}, "properties": {"feature_type": "node", "node_id": 266, "degree": 3, "type": "intersection", "betweenness": 0.04316136030601176, "is_critical": false, "is_articulation": false}}, {"type": "Feature", "geometry": {"type": "Point", "coordinates": [85.843303, 20.290823]}, "properties": {"feature_type": "node", "node_id": 267, "degree": 3, "type": "intersection", "betweenness": 0.04468380687765239, "is_critical": false, "is_articulation": false}}, {"type": "Feature", "geometry": {"type": "Point", "coordinates": [85.838649, 20.290756]}, "properties": {"feature_type": "node", "node_id": 268, "degree": 3, "type": "intersection", "betweenness": 0.11369504126464562, "is_critical": true, "is_articulation": false}}, {"type": "Feature", "geometry": {"type": "Point", "coordinates": [85.839645, 20.290763]}, "properties": {"feature_type": "node", "node_id": 269, "degree": 3, "type": "intersection", "betweenness": 0.0015097595168769547, "is_critical": false, "is_articulation": false}}, {"type": "Feature", "geometry": {"type": "Point", "coordinates": [85.842767, 20.290766]}, "properties": {"feature_type": "node", "node_id": 270, "degree": 3, "type": "intersection", "betweenness": 0.0185484740644883, "is_critical": false, "is_articulation": false}}, {"type": "Feature", "geometry": {"type": "Point", "coordinates": [85.838324, 20.290718]}, "properties": {"feature_type": "node", "node_id": 271, "degree": 3, "type": "intersection", "betweenness": 0.09144670485470151, "is_critical": false, "is_articulation": false}}, {"type": "Feature", "geometry": {"type": "Point", "coordinates": [85.83775, 20.290678]}, "properties": {"feature_type": "node", "node_id": 272, "degree": 3, "type": "intersection", "betweenness": 0.01751923674678542, "is_critical": false, "is_articulation": false}}, {"type": "Feature", "geometry": {"type": "Point", "coordinates": [85.825972, 20.290563]}, "properties": {"feature_type": "node", "node_id": 273, "degree": 3, "type": "intersection", "betweenness": 0.04771601296616997, "is_critical": false, "is_articulation": false}}, {"type": "Feature", "geometry": {"type": "Point", "coordinates": [85.826049, 20.290564]}, "properties": {"feature_type": "node", "node_id": 274, "degree": 3, "type": "intersection", "betweenness": 0.046377528688602586, "is_critical": false, "is_articulation": false}}, {"type": "Feature", "geometry": {"type": "Point", "coordinates": [85.838688, 20.290648]}, "properties": {"feature_type": "node", "node_id": 275, "degree": 3, "type": "intersection", "betweenness": 0.039875413122220746, "is_critical": false, "is_articulation": false}}, {"type": "Feature", "geometry": {"type": "Point", "coordinates": [85.837271, 20.290603]}, "properties": {"feature_type": "node", "node_id": 276, "degree": 4, "type": "intersection", "betweenness": 0.0821550231221573, "is_critical": false, "is_articulation": false}}, {"type": "Feature", "geometry": {"type": "Point", "coordinates": [85.83664, 20.290544]}, "properties": {"feature_type": "node", "node_id": 277, "degree": 3, "type": "intersection", "betweenness": 0.08053108011240731, "is_critical": false, "is_articulation": false}}, {"type": "Feature", "geometry": {"type": "Point", "coordinates": [85.836085, 20.290486]}, "properties": {"feature_type": "node", "node_id": 278, "degree": 4, "type": "intersection", "betweenness": 0.0670553134442605, "is_critical": false, "is_articulation": false}}, {"type": "Feature", "geometry": {"type": "Point", "coordinates": [85.825992, 20.290419]}, "properties": {"feature_type": "node", "node_id": 279, "degree": 3, "type": "intersection", "betweenness": 0.05084337196541509, "is_critical": false, "is_articulation": false}}, {"type": "Feature", "geometry": {"type": "Point", "coordinates": [85.826069, 20.29042]}, "properties": {"feature_type": "node", "node_id": 280, "degree": 3, "type": "intersection", "betweenness": 0.04958101001642974, "is_critical": false, "is_articulation": false}}, {"type": "Feature", "geometry": {"type": "Point", "coordinates": [85.835051, 20.290389]}, "properties": {"feature_type": "node", "node_id": 281, "degree": 4, "type": "intersection", "betweenness": 0.06331686130723183, "is_critical": false, "is_articulation": false}}, {"type": "Feature", "geometry": {"type": "Point", "coordinates": [85.839705, 20.29042]}, "properties": {"feature_type": "node", "node_id": 282, "degree": 3, "type": "intersection", "betweenness": 0.000570917464365235, "is_critical": false, "is_articulation": false}}, {"type": "Feature", "geometry": {"type": "Point", "coordinates": [85.826013, 20.290275]}, "properties": {"feature_type": "node", "node_id": 283, "degree": 3, "type": "intersection", "betweenness": 0.05390471296897925, "is_critical": false, "is_articulation": false}}, {"type": "Feature", "geometry": {"type": "Point", "coordinates": [85.826089, 20.290275]}, "properties": {"feature_type": "node", "node_id": 284, "degree": 3, "type": "intersection", "betweenness": 0.05299147158054421, "is_critical": false, "is_articulation": false}}, {"type": "Feature", "geometry": {"type": "Point", "coordinates": [85.834171, 20.290293]}, "properties": {"feature_type": "node", "node_id": 285, "degree": 3, "type": "intersection", "betweenness": 0.12600148438540737, "is_critical": true, "is_articulation": false}}, {"type": "Feature", "geometry": {"type": "Point", "coordinates": [85.83871, 20.290305]}, "properties": {"feature_type": "node", "node_id": 286, "degree": 4, "type": "intersection", "betweenness": 0.04050976586040434, "is_critical": false, "is_articulation": false}}, {"type": "Feature", "geometry": {"type": "Point", "coordinates": [85.838366, 20.290249]}, "properties": {"feature_type": "node", "node_id": 287, "degree": 4, "type": "intersection", "betweenness": 0.08070869887909872, "is_critical": false, "is_articulation": false}}, {"type": "Feature", "geometry": {"type": "Point", "coordinates": [85.84459, 20.290308]}, "properties": {"feature_type": "node", "node_id": 288, "degree": 1, "type": "endpoint", "betweenness": 0.0, "is_critical": false, "is_articulation": false}}, {"type": "Feature", "geometry": {"type": "Point", "coordinates": [85.826033, 20.29013]}, "properties": {"feature_type": "node", "node_id": 289, "degree": 3, "type": "intersection", "betweenness": 0.05672386715928689, "is_critical": false, "is_articulation": false}}, {"type": "Feature", "geometry": {"type": "Point", "coordinates": [85.82611, 20.290131]}, "properties": {"feature_type": "node", "node_id": 290, "degree": 3, "type": "intersection", "betweenness": 0.05632913361613385, "is_critical": false, "is_articulation": false}}, {"type": "Feature", "geometry": {"type": "Point", "coordinates": [85.837351, 20.290206]}, "properties": {"feature_type": "node", "node_id": 291, "degree": 3, "type": "intersection", "betweenness": 0.03717941398494047, "is_critical": false, "is_articulation": false}}, {"type": "Feature", "geometry": {"type": "Point", "coordinates": [85.844169, 20.290197]}, "properties": {"feature_type": "node", "node_id": 292, "degree": 3, "type": "intersection", "betweenness": 0.003533344751682621, "is_critical": false, "is_articulation": true}}, {"type": "Feature", "geometry": {"type": "Point", "coordinates": [85.83739, 20.290134]}, "properties": {"feature_type": "node", "node_id": 293, "degree": 3, "type": "intersection", "betweenness": 0.11651156742218079, "is_critical": true, "is_articulation": false}}, {"type": "Feature", "geometry": {"type": "Point", "coordinates": [85.836682, 20.290093]}, "properties": {"feature_type": "node", "node_id": 294, "degree": 3, "type": "intersection", "betweenness": 0.03797235490766996, "is_critical": false, "is_articulation": false}}, {"type": "Feature", "geometry": {"type": "Point", "coordinates": [85.826053, 20.289986]}, "properties": {"feature_type": "node", "node_id": 295, "degree": 3, "type": "intersection", "betweenness": 0.05960434211428558, "is_critical": false, "is_articulation": false}}, {"type": "Feature", "geometry": {"type": "Point", "coordinates": [85.82613, 20.289986]}, "properties": {"feature_type": "node", "node_id": 296, "degree": 3, "type": "intersection", "betweenness": 0.05959469089048323, "is_critical": false, "is_articulation": false}}, {"type": "Feature", "geometry": {"type": "Point", "coordinates": [85.843404, 20.290083]}, "properties": {"feature_type": "node", "node_id": 297, "degree": 3, "type": "intersection", "betweenness": 0.04678985796842192, "is_critical": false, "is_articulation": false}}, {"type": "Feature", "geometry": {"type": "Point", "coordinates": [85.836127, 20.290017]}, "properties": {"feature_type": "node", "node_id": 298, "degree": 3, "type": "intersection", "betweenness": 0.026787658878929557, "is_critical": false, "is_articulation": false}}, {"type": "Feature", "geometry": {"type": "Point", "coordinates": [85.8435, 20.290084]}, "properties": {"feature_type": "node", "node_id": 299, "degree": 3, "type": "intersection", "betweenness": 0.01035263668715626, "is_critical": false, "is_articulation": false}}, {"type": "Feature", "geometry": {"type": "Point", "coordinates": [85.842887, 20.290007]}, "properties": {"feature_type": "node", "node_id": 300, "degree": 3, "type": "intersection", "betweenness": 0.060466503003660216, "is_critical": false, "is_articulation": false}}, {"type": "Feature", "geometry": {"type": "Point", "coordinates": [85.835132, 20.28992]}, "properties": {"feature_type": "node", "node_id": 301, "degree": 3, "type": "intersection", "betweenness": 0.060884118556297745, "is_critical": false, "is_articulation": false}}, {"type": "Feature", "geometry": {"type": "Point", "coordinates": [85.826073, 20.289841]}, "properties": {"feature_type": "node", "node_id": 302, "degree": 3, "type": "intersection", "betweenness": 0.06249856137861163, "is_critical": false, "is_articulation": false}}, {"type": "Feature", "geometry": {"type": "Point", "coordinates": [85.82615, 20.289842]}, "properties": {"feature_type": "node", "node_id": 303, "degree": 3, "type": "intersection", "betweenness": 0.06280611673117432, "is_critical": false, "is_articulation": false}}, {"type": "Feature", "geometry": {"type": "Point", "coordinates": [85.83879, 20.289908]}, "properties": {"feature_type": "node", "node_id": 304, "degree": 4, "type": "intersection", "betweenness": 0.039875413122220746, "is_critical": false, "is_articulation": false}}, {"type": "Feature", "geometry": {"type": "Point", "coordinates": [85.837411, 20.289863]}, "properties": {"feature_type": "node", "node_id": 305, "degree": 3, "type": "intersection", "betweenness": 0.116619407387672, "is_critical": true, "is_articulation": false}}, {"type": "Feature", "geometry": {"type": "Point", "coordinates": [85.838407, 20.289869]}, "properties": {"feature_type": "node", "node_id": 306, "degree": 3, "type": "intersection", "betweenness": 0.0027721214658623077, "is_critical": false, "is_articulation": false}}, {"type": "Feature", "geometry": {"type": "Point", "coordinates": [85.826094, 20.289697]}, "properties": {"feature_type": "node", "node_id": 307, "degree": 3, "type": "intersection", "betweenness": 0.06538960887924672, "is_critical": false, "is_articulation": false}}, {"type": "Feature", "geometry": {"type": "Point", "coordinates": [85.82617, 20.289697]}, "properties": {"feature_type": "node", "node_id": 308, "degree": 3, "type": "intersection", "betweenness": 0.06597366650747431, "is_critical": false, "is_articulation": false}}, {"type": "Feature", "geometry": {"type": "Point", "coordinates": [85.836167, 20.289764]}, "properties": {"feature_type": "node", "node_id": 309, "degree": 3, "type": "intersection", "betweenness": 0.02635418450783743, "is_critical": false, "is_articulation": false}}, {"type": "Feature", "geometry": {"type": "Point", "coordinates": [85.836722, 20.289786]}, "properties": {"feature_type": "node", "node_id": 310, "degree": 3, "type": "intersection", "betweenness": 0.03856864648156254, "is_critical": false, "is_articulation": false}}, {"type": "Feature", "geometry": {"type": "Point", "coordinates": [85.837431, 20.289754]}, "properties": {"feature_type": "node", "node_id": 311, "degree": 3, "type": "intersection", "betweenness": 0.12126286943117591, "is_critical": true, "is_articulation": false}}, {"type": "Feature", "geometry": {"type": "Point", "coordinates": [85.835172, 20.289667]}, "properties": {"feature_type": "node", "node_id": 312, "degree": 3, "type": "intersection", "betweenness": 0.06159670813219066, "is_critical": false, "is_articulation": false}}, {"type": "Feature", "geometry": {"type": "Point", "coordinates": [85.84425, 20.289691]}, "properties": {"feature_type": "node", "node_id": 313, "degree": 3, "type": "intersection", "betweenness": 0.0036729023540830116, "is_critical": false, "is_articulation": true}}, {"type": "Feature", "geometry": {"type": "Point", "coordinates": [85.844594, 20.289712]}, "properties": {"feature_type": "node", "node_id": 314, "degree": 1, "type": "endpoint", "betweenness": 0.0, "is_critical": false, "is_articulation": false}}, {"type": "Feature", "geometry": {"type": "Point", "coordinates": [85.826114, 20.289552]}, "properties": {"feature_type": "node", "node_id": 315, "degree": 3, "type": "intersection", "betweenness": 0.06826722924692365, "is_critical": false, "is_articulation": false}}, {"type": "Feature", "geometry": {"type": "Point", "coordinates": [85.82619, 20.289553]}, "properties": {"feature_type": "node", "node_id": 316, "degree": 3, "type": "intersection", "betweenness": 0.06910611543226154, "is_critical": false, "is_articulation": false}}, {"type": "Feature", "geometry": {"type": "Point", "coordinates": [85.843561, 20.289614]}, "properties": {"feature_type": "node", "node_id": 317, "degree": 3, "type": "intersection", "betweenness": 0.03332254933678421, "is_critical": false, "is_articulation": false}}, {"type": "Feature", "geometry": {"type": "Point", "coordinates": [85.84402, 20.289635]}, "properties": {"feature_type": "node", "node_id": 318, "degree": 3, "type": "intersection", "betweenness": 0.022024727069734396, "is_critical": false, "is_articulation": false}}, {"type": "Feature", "geometry": {"type": "Point", "coordinates": [85.834885, 20.289557]}, "properties": {"feature_type": "node", "node_id": 319, "degree": 1, "type": "endpoint", "betweenness": 0.0, "is_critical": false, "is_articulation": false}}, {"type": "Feature", "geometry": {"type": "Point", "coordinates": [85.837433, 20.289538]}, "properties": {"feature_type": "node", "node_id": 320, "degree": 3, "type": "intersection", "betweenness": 0.12180206925863196, "is_critical": true, "is_articulation": false}}, {"type": "Feature", "geometry": {"type": "Point", "coordinates": [85.834273, 20.289499]}, "properties": {"feature_type": "node", "node_id": 321, "degree": 3, "type": "intersection", "betweenness": 0.12677539472599134, "is_critical": true, "is_articulation": true}}, {"type": "Feature", "geometry": {"type": "Point", "coordinates": [85.842948, 20.28952]}, "properties": {"feature_type": "node", "node_id": 322, "degree": 4, "type": "intersection", "betweenness": 0.10864876523239513, "is_critical": true, "is_articulation": false}}, {"type": "Feature", "geometry": {"type": "Point", "coordinates": [85.826134, 20.289408]}, "properties": {"feature_type": "node", "node_id": 323, "degree": 3, "type": "intersection", "betweenness": 0.07112159001420044, "is_critical": false, "is_articulation": false}}, {"type": "Feature", "geometry": {"type": "Point", "coordinates": [85.826211, 20.289409]}, "properties": {"feature_type": "node", "node_id": 324, "degree": 3, "type": "intersection", "betweenness": 0.07221847652033961, "is_critical": false, "is_articulation": false}}, {"type": "Feature", "geometry": {"type": "Point", "coordinates": [85.842738, 20.289501]}, "properties": {"feature_type": "node", "node_id": 325, "degree": 4, "type": "intersection", "betweenness": 0.12509753173349575, "is_critical": true, "is_articulation": false}}, {"type": "Feature", "geometry": {"type": "Point", "coordinates": [85.836744, 20.289443]}, "properties": {"feature_type": "node", "node_id": 326, "degree": 3, "type": "intersection", "betweenness": 0.12470740479951282, "is_critical": true, "is_articulation": false}}, {"type": "Feature", "geometry": {"type": "Point", "coordinates": [85.838831, 20.289439]}, "properties": {"feature_type": "node", "node_id": 327, "degree": 3, "type": "intersection", "betweenness": 0.06703839737124226, "is_critical": false, "is_articulation": false}}, {"type": "Feature", "geometry": {"type": "Point", "coordinates": [85.836208, 20.289367]}, "properties": {"feature_type": "node", "node_id": 328, "degree": 3, "type": "intersection", "betweenness": 0.026617440894183622, "is_critical": false, "is_articulation": false}}, {"type": "Feature", "geometry": {"type": "Point", "coordinates": [85.826154, 20.289264]}, "properties": {"feature_type": "node", "node_id": 329, "degree": 3, "type": "intersection", "betweenness": 0.07464111493837264, "is_critical": false, "is_articulation": false}}, {"type": "Feature", "geometry": {"type": "Point", "coordinates": [85.826231, 20.289282]}, "properties": {"feature_type": "node", "node_id": 330, "degree": 3, "type": "intersection", "betweenness": 0.07517767162941959, "is_critical": false, "is_articulation": false}}, {"type": "Feature", "geometry": {"type": "Point", "coordinates": [85.835232, 20.28927]}, "properties": {"feature_type": "node", "node_id": 331, "degree": 3, "type": "intersection", "betweenness": 0.06425993237799811, "is_critical": false, "is_articulation": false}}, {"type": "Feature", "geometry": {"type": "Point", "coordinates": [85.837492, 20.289285]}, "properties": {"feature_type": "node", "node_id": 332, "degree": 3, "type": "intersection", "betweenness": 0.03686223761584867, "is_critical": false, "is_articulation": false}}, {"type": "Feature", "geometry": {"type": "Point", "coordinates": [85.841054, 20.289291]}, "properties": {"feature_type": "node", "node_id": 333, "degree": 3, "type": "intersection", "betweenness": 0.12646773364797229, "is_critical": true, "is_articulation": false}}, {"type": "Feature", "geometry": {"type": "Point", "coordinates": [85.826175, 20.289119]}, "properties": {"feature_type": "node", "node_id": 334, "degree": 3, "type": "intersection", "betweenness": 0.0782326086910553, "is_critical": false, "is_articulation": false}}, {"type": "Feature", "geometry": {"type": "Point", "coordinates": [85.826251, 20.289138]}, "properties": {"feature_type": "node", "node_id": 335, "degree": 3, "type": "intersection", "betweenness": 0.07742592345899861, "is_critical": false, "is_articulation": false}}, {"type": "Feature", "geometry": {"type": "Point", "coordinates": [85.836229, 20.289132]}, "properties": {"feature_type": "node", "node_id": 336, "degree": 3, "type": "intersection", "betweenness": 0.03010638095419339, "is_critical": false, "is_articulation": false}}, {"type": "Feature", "geometry": {"type": "Point", "coordinates": [85.835253, 20.289053]}, "properties": {"feature_type": "node", "node_id": 337, "degree": 4, "type": "intersection", "betweenness": 0.06668315983785944, "is_critical": false, "is_articulation": false}}, {"type": "Feature", "geometry": {"type": "Point", "coordinates": [85.84456, 20.289151]}, "properties": {"feature_type": "node", "node_id": 338, "degree": 1, "type": "endpoint", "betweenness": 0.0, "is_critical": false, "is_articulation": false}}, {"type": "Feature", "geometry": {"type": "Point", "coordinates": [85.844081, 20.289112]}, "properties": {"feature_type": "node", "node_id": 339, "degree": 3, "type": "intersection", "betweenness": 0.012020984388579114, "is_critical": false, "is_articulation": true}}, {"type": "Feature", "geometry": {"type": "Point", "coordinates": [85.826195, 20.288975]}, "properties": {"feature_type": "node", "node_id": 340, "degree": 3, "type": "intersection", "betweenness": 0.08188225144473849, "is_critical": false, "is_articulation": false}}, {"type": "Feature", "geometry": {"type": "Point", "coordinates": [85.826271, 20.288993]}, "properties": {"feature_type": "node", "node_id": 341, "degree": 3, "type": "intersection", "betweenness": 0.07968844822518689, "is_critical": false, "is_articulation": false}}, {"type": "Feature", "geometry": {"type": "Point", "coordinates": [85.838911, 20.289042]}, "properties": {"feature_type": "node", "node_id": 342, "degree": 4, "type": "intersection", "betweenness": 0.07281100728871297, "is_critical": false, "is_articulation": false}}, {"type": "Feature", "geometry": {"type": "Point", "coordinates": [85.834947, 20.289015]}, "properties": {"feature_type": "node", "node_id": 343, "degree": 3, "type": "intersection", "betweenness": 0.007307743543875008, "is_critical": false, "is_articulation": false}}, {"type": "Feature", "geometry": {"type": "Point", "coordinates": [85.834334, 20.288975]}, "properties": {"feature_type": "node", "node_id": 344, "degree": 3, "type": "intersection", "betweenness": 0.12628059959020813, "is_critical": true, "is_articulation": false}}, {"type": "Feature", "geometry": {"type": "Point", "coordinates": [85.826215, 20.28883]}, "properties": {"feature_type": "node", "node_id": 345, "degree": 3, "type": "intersection", "betweenness": 0.08577770588446745, "is_critical": false, "is_articulation": false}}, {"type": "Feature", "geometry": {"type": "Point", "coordinates": [85.826292, 20.288849]}, "properties": {"feature_type": "node", "node_id": 346, "degree": 3, "type": "intersection", "betweenness": 0.08183150322568357, "is_critical": false, "is_articulation": false}}, {"type": "Feature", "geometry": {"type": "Point", "coordinates": [85.837514, 20.288888]}, "properties": {"feature_type": "node", "node_id": 347, "degree": 3, "type": "intersection", "betweenness": 0.01495169403898732, "is_critical": false, "is_articulation": false}}, {"type": "Feature", "geometry": {"type": "Point", "coordinates": [85.837763, 20.288907]}, "properties": {"feature_type": "node", "node_id": 348, "degree": 3, "type": "intersection", "betweenness": 0.012344504285052748, "is_critical": false, "is_articulation": false}}, {"type": "Feature", "geometry": {"type": "Point", "coordinates": [85.841096, 20.288839]}, "properties": {"feature_type": "node", "node_id": 349, "degree": 3, "type": "intersection", "betweenness": 0.09566990820915879, "is_critical": false, "is_articulation": false}}, {"type": "Feature", "geometry": {"type": "Point", "coordinates": [85.836787, 20.288793]}, "properties": {"feature_type": "node", "node_id": 350, "degree": 3, "type": "intersection", "betweenness": 0.13588470004630776, "is_critical": true, "is_articulation": false}}, {"type": "Feature", "geometry": {"type": "Point", "coordinates": [85.826235, 20.288704]}, "properties": {"feature_type": "node", "node_id": 351, "degree": 3, "type": "intersection", "betweenness": 0.08863176457901181, "is_critical": false, "is_articulation": false}}, {"type": "Feature", "geometry": {"type": "Point", "coordinates": [85.826312, 20.288705]}, "properties": {"feature_type": "node", "node_id": 352, "degree": 3, "type": "intersection", "betweenness": 0.08469243407489169, "is_critical": false, "is_articulation": false}}, {"type": "Feature", "geometry": {"type": "Point", "coordinates": [85.83627, 20.288735]}, "properties": {"feature_type": "node", "node_id": 353, "degree": 3, "type": "intersection", "betweenness": 0.15173083144613395, "is_critical": true, "is_articulation": false}}, {"type": "Feature", "geometry": {"type": "Point", "coordinates": [85.836424, 20.288736]}, "properties": {"feature_type": "node", "node_id": 354, "degree": 3, "type": "intersection", "betweenness": 0.14859078539212514, "is_critical": true, "is_articulation": false}}, {"type": "Feature", "geometry": {"type": "Point", "coordinates": [85.826255, 20.28856]}, "properties": {"feature_type": "node", "node_id": 355, "degree": 3, "type": "intersection", "betweenness": 0.09048243582993429, "is_critical": false, "is_articulation": false}}, {"type": "Feature", "geometry": {"type": "Point", "coordinates": [85.826332, 20.288578]}, "properties": {"feature_type": "node", "node_id": 356, "degree": 3, "type": "intersection", "betweenness": 0.08753613167471237, "is_critical": false, "is_articulation": false}}, {"type": "Feature", "geometry": {"type": "Point", "coordinates": [85.835314, 20.288602]}, "properties": {"feature_type": "node", "node_id": 357, "degree": 4, "type": "intersection", "betweenness": 0.19586275144156662, "is_critical": true, "is_articulation": false}}, {"type": "Feature", "geometry": {"type": "Point", "coordinates": [85.835046, 20.288546]}, "properties": {"feature_type": "node", "node_id": 358, "degree": 4, "type": "intersection", "betweenness": 0.18448880684593477, "is_critical": true, "is_articulation": false}}, {"type": "Feature", "geometry": {"type": "Point", "coordinates": [85.838972, 20.288554]}, "properties": {"feature_type": "node", "node_id": 359, "degree": 4, "type": "intersection", "betweenness": 0.022836698574609397, "is_critical": false, "is_articulation": false}}, {"type": "Feature", "geometry": {"type": "Point", "coordinates": [85.826276, 20.288415]}, "properties": {"feature_type": "node", "node_id": 360, "degree": 3, "type": "intersection", "betweenness": 0.09331402786500126, "is_critical": false, "is_articulation": false}}, {"type": "Feature", "geometry": {"type": "Point", "coordinates": [85.826352, 20.288434]}, "properties": {"feature_type": "node", "node_id": 361, "degree": 3, "type": "intersection", "betweenness": 0.09032490489995199, "is_critical": false, "is_articulation": false}}, {"type": "Feature", "geometry": {"type": "Point", "coordinates": [85.834415, 20.28847]}, "properties": {"feature_type": "node", "node_id": 362, "degree": 3, "type": "intersection", "betweenness": 0.12019715683102747, "is_critical": true, "is_articulation": false}}, {"type": "Feature", "geometry": {"type": "Point", "coordinates": [85.841137, 20.288496]}, "properties": {"feature_type": "node", "node_id": 363, "degree": 3, "type": "intersection", "betweenness": 0.09141974486332871, "is_critical": false, "is_articulation": false}}, {"type": "Feature", "geometry": {"type": "Point", "coordinates": [85.837824, 20.288438]}, "properties": {"feature_type": "node", "node_id": 364, "degree": 4, "type": "intersection", "betweenness": 0.010098895591882822, "is_critical": false, "is_articulation": false}}, {"type": "Feature", "geometry": {"type": "Point", "coordinates": [85.826296, 20.288271]}, "properties": {"feature_type": "node", "node_id": 365, "degree": 3, "type": "intersection", "betweenness": 0.09612024579054097, "is_critical": true, "is_articulation": false}}, {"type": "Feature", "geometry": {"type": "Point", "coordinates": [85.826372, 20.288289]}, "properties": {"feature_type": "node", "node_id": 366, "degree": 3, "type": "intersection", "betweenness": 0.09309729067945526, "is_critical": false, "is_articulation": false}}, {"type": "Feature", "geometry": {"type": "Point", "coordinates": [85.836504, 20.288249]}, "properties": {"feature_type": "node", "node_id": 367, "degree": 4, "type": "intersection", "betweenness": 0.025424857746398462, "is_critical": false, "is_articulation": false}}, {"type": "Feature", "geometry": {"type": "Point", "coordinates": [85.826316, 20.288126]}, "properties": {"feature_type": "node", "node_id": 368, "degree": 3, "type": "intersection", "betweenness": 0.09891113352490787, "is_critical": true, "is_articulation": false}}, {"type": "Feature", "geometry": {"type": "Point", "coordinates": [85.826393, 20.288145]}, "properties": {"feature_type": "node", "node_id": 369, "degree": 3, "type": "intersection", "betweenness": 0.09583531568564017, "is_critical": false, "is_articulation": false}}, {"type": "Feature", "geometry": {"type": "Point", "coordinates": [85.839032, 20.288229]}, "properties": {"feature_type": "node", "node_id": 370, "degree": 3, "type": "intersection", "betweenness": 0.07935118401938582, "is_critical": false, "is_articulation": false}}, {"type": "Feature", "geometry": {"type": "Point", "coordinates": [85.835106, 20.288167]}, "properties": {"feature_type": "node", "node_id": 371, "degree": 3, "type": "intersection", "betweenness": 0.18312494845884003, "is_critical": true, "is_articulation": false}}, {"type": "Feature", "geometry": {"type": "Point", "coordinates": [85.844567, 20.288212]}, "properties": {"feature_type": "node", "node_id": 372, "degree": 1, "type": "endpoint", "betweenness": 0.0, "is_critical": false, "is_articulation": false}}, {"type": "Feature", "geometry": {"type": "Point", "coordinates": [85.835413, 20.288079]}, "properties": {"feature_type": "node", "node_id": 373, "degree": 4, "type": "intersection", "betweenness": 0.02923097417550003, "is_critical": false, "is_articulation": false}}, {"type": "Feature", "geometry": {"type": "Point", "coordinates": [85.844222, 20.288173]}, "properties": {"feature_type": "node", "node_id": 374, "degree": 3, "type": "intersection", "betweenness": 0.0054744641305244195, "is_critical": false, "is_articulation": true}}, {"type": "Feature", "geometry": {"type": "Point", "coordinates": [85.834475, 20.288072]}, "properties": {"feature_type": "node", "node_id": 375, "degree": 3, "type": "intersection", "betweenness": 0.12070463902157434, "is_critical": true, "is_articulation": false}}, {"type": "Feature", "geometry": {"type": "Point", "coordinates": [85.835126, 20.288059]}, "properties": {"feature_type": "node", "node_id": 376, "degree": 3, "type": "intersection", "betweenness": 0.18217341935156464, "is_critical": true, "is_articulation": false}}, {"type": "Feature", "geometry": {"type": "Point", "coordinates": [85.826336, 20.287982]}, "properties": {"feature_type": "node", "node_id": 377, "degree": 3, "type": "intersection", "betweenness": 0.10168854126358837, "is_critical": true, "is_articulation": false}}, {"type": "Feature", "geometry": {"type": "Point", "coordinates": [85.826413, 20.288]}, "properties": {"feature_type": "node", "node_id": 378, "degree": 3, "type": "intersection", "betweenness": 0.09852893600015224, "is_critical": true, "is_articulation": false}}, {"type": "Feature", "geometry": {"type": "Point", "coordinates": [85.841197, 20.288063]}, "properties": {"feature_type": "node", "node_id": 379, "degree": 3, "type": "intersection", "betweenness": 0.029709910492828645, "is_critical": false, "is_articulation": false}}, {"type": "Feature", "geometry": {"type": "Point", "coordinates": [85.839034, 20.288012]}, "properties": {"feature_type": "node", "node_id": 380, "degree": 3, "type": "intersection", "betweenness": 0.08076579062553524, "is_critical": false, "is_articulation": false}}, {"type": "Feature", "geometry": {"type": "Point", "coordinates": [85.837866, 20.287968]}, "properties": {"feature_type": "node", "node_id": 381, "degree": 3, "type": "intersection", "betweenness": 0.013048635824436538, "is_critical": false, "is_articulation": false}}, {"type": "Feature", "geometry": {"type": "Point", "coordinates": [85.826356, 20.287856]}, "properties": {"feature_type": "node", "node_id": 382, "degree": 3, "type": "intersection", "betweenness": 0.10439543012287412, "is_critical": true, "is_articulation": false}}, {"type": "Feature", "geometry": {"type": "Point", "coordinates": [85.826433, 20.287856]}, "properties": {"feature_type": "node", "node_id": 383, "degree": 3, "type": "intersection", "betweenness": 0.13441194443915813, "is_critical": true, "is_articulation": false}}, {"type": "Feature", "geometry": {"type": "Point", "coordinates": [85.837905, 20.287878]}, "properties": {"feature_type": "node", "node_id": 384, "degree": 3, "type": "intersection", "betweenness": 0.08025513667129745, "is_critical": false, "is_articulation": false}}, {"type": "Feature", "geometry": {"type": "Point", "coordinates": [85.836583, 20.287852]}, "properties": {"feature_type": "node", "node_id": 385, "degree": 3, "type": "intersection", "betweenness": 0.01657563704873732, "is_critical": false, "is_articulation": false}}, {"type": "Feature", "geometry": {"type": "Point", "coordinates": [85.826377, 20.287711]}, "properties": {"feature_type": "node", "node_id": 386, "degree": 3, "type": "intersection", "betweenness": 0.07385874656127953, "is_critical": false, "is_articulation": false}}, {"type": "Feature", "geometry": {"type": "Point", "coordinates": [85.826453, 20.287712]}, "properties": {"feature_type": "node", "node_id": 387, "degree": 3, "type": "intersection", "betweenness": 0.17229919035445512, "is_critical": true, "is_articulation": false}}, {"type": "Feature", "geometry": {"type": "Point", "coordinates": [85.839093, 20.287778]}, "properties": {"feature_type": "node", "node_id": 388, "degree": 3, "type": "intersection", "betweenness": 0.020809941576112816, "is_critical": false, "is_articulation": false}}, {"type": "Feature", "geometry": {"type": "Point", "coordinates": [85.837906, 20.287734]}, "properties": {"feature_type": "node", "node_id": 389, "degree": 3, "type": "intersection", "betweenness": 0.07672179191961483, "is_critical": false, "is_articulation": false}}, {"type": "Feature", "geometry": {"type": "Point", "coordinates": [85.841238, 20.287756]}, "properties": {"feature_type": "node", "node_id": 390, "degree": 3, "type": "intersection", "betweenness": 0.02363281126102981, "is_critical": false, "is_articulation": false}}, {"type": "Feature", "geometry": {"type": "Point", "coordinates": [85.836585, 20.287689]}, "properties": {"feature_type": "node", "node_id": 391, "degree": 3, "type": "intersection", "betweenness": 0.009527978127517588, "is_critical": false, "is_articulation": false}}, {"type": "Feature", "geometry": {"type": "Point", "coordinates": [85.835474, 20.287663]}, "properties": {"feature_type": "node", "node_id": 392, "degree": 3, "type": "intersection", "betweenness": 0.028209666267024442, "is_critical": false, "is_articulation": false}}, {"type": "Feature", "geometry": {"type": "Point", "coordinates": [85.826397, 20.287567]}, "properties": {"feature_type": "node", "node_id": 393, "degree": 3, "type": "intersection", "betweenness": 0.04130640717410656, "is_critical": false, "is_articulation": false}}, {"type": "Feature", "geometry": {"type": "Point", "coordinates": [85.826493, 20.287549]}, "properties": {"feature_type": "node", "node_id": 394, "degree": 4, "type": "intersection", "betweenness": 0.21510266999067504, "is_critical": true, "is_articulation": false}}, {"type": "Feature", "geometry": {"type": "Point", "coordinates": [85.834957, 20.287624]}, "properties": {"feature_type": "node", "node_id": 395, "degree": 3, "type": "intersection", "betweenness": 0.17737136912351484, "is_critical": true, "is_articulation": false}}, {"type": "Feature", "geometry": {"type": "Point", "coordinates": [85.827259, 20.287554]}, "properties": {"feature_type": "node", "node_id": 396, "degree": 3, "type": "intersection", "betweenness": 0.21390374331550804, "is_critical": true, "is_articulation": false}}, {"type": "Feature", "geometry": {"type": "Point", "coordinates": [85.835494, 20.287609]}, "properties": {"feature_type": "node", "node_id": 397, "degree": 3, "type": "intersection", "betweenness": 0.029097760100481474, "is_critical": false, "is_articulation": false}}, {"type": "Feature", "geometry": {"type": "Point", "coordinates": [85.835704, 20.287611]}, "properties": {"feature_type": "node", "node_id": 398, "degree": 3, "type": "intersection", "betweenness": 0.016340926535609392, "is_critical": false, "is_articulation": false}}, {"type": "Feature", "geometry": {"type": "Point", "coordinates": [85.844284, 20.28765]}, "properties": {"feature_type": "node", "node_id": 399, "degree": 4, "type": "intersection", "betweenness": 0.008582792547624032, "is_critical": false, "is_articulation": true}}, {"type": "Feature", "geometry": {"type": "Point", "coordinates": [85.844571, 20.287669]}, "properties": {"feature_type": "node", "node_id": 400, "degree": 1, "type": "endpoint", "betweenness": 0.0, "is_critical": false, "is_articulation": false}}, {"type": "Feature", "geometry": {"type": "Point", "coordinates": [85.826627, 20.287532]}, "properties": {"feature_type": "node", "node_id": 401, "degree": 3, "type": "intersection", "betweenness": 0.21253354140103148, "is_critical": true, "is_articulation": true}}, {"type": "Feature", "geometry": {"type": "Point", "coordinates": [85.836624, 20.287563]}, "properties": {"feature_type": "node", "node_id": 402, "degree": 3, "type": "intersection", "betweenness": 0.07626188618443172, "is_critical": false, "is_articulation": false}}, {"type": "Feature", "geometry": {"type": "Point", "coordinates": [85.835494, 20.287501]}, "properties": {"feature_type": "node", "node_id": 403, "degree": 3, "type": "intersection", "betweenness": 0.011805304457596692, "is_critical": false, "is_articulation": false}}, {"type": "Feature", "geometry": {"type": "Point", "coordinates": [85.826417, 20.287422]}, "properties": {"feature_type": "node", "node_id": 404, "degree": 3, "type": "intersection", "betweenness": 0.012547497161271497, "is_critical": false, "is_articulation": false}}, {"type": "Feature", "geometry": {"type": "Point", "coordinates": [85.826494, 20.287441]}, "properties": {"feature_type": "node", "node_id": 405, "degree": 3, "type": "intersection", "betweenness": 0.011209012883704112, "is_critical": false, "is_articulation": false}}, {"type": "Feature", "geometry": {"type": "Point", "coordinates": [85.843193, 20.287534]}, "properties": {"feature_type": "node", "node_id": 406, "degree": 3, "type": "intersection", "betweenness": 0.011783102111760266, "is_critical": false, "is_articulation": false}}, {"type": "Feature", "geometry": {"type": "Point", "coordinates": [85.839114, 20.287489]}, "properties": {"feature_type": "node", "node_id": 407, "degree": 4, "type": "intersection", "betweenness": 0.021913715340552267, "is_critical": false, "is_articulation": false}}, {"type": "Feature", "geometry": {"type": "Point", "coordinates": [85.84304, 20.287497]}, "properties": {"feature_type": "node", "node_id": 408, "degree": 3, "type": "intersection", "betweenness": 0.011519845725414075, "is_critical": false, "is_articulation": false}}, {"type": "Feature", "geometry": {"type": "Point", "coordinates": [85.834997, 20.287443]}, "properties": {"feature_type": "node", "node_id": 409, "degree": 3, "type": "intersection", "betweenness": 0.17702247511751384, "is_critical": true, "is_articulation": false}}, {"type": "Feature", "geometry": {"type": "Point", "coordinates": [85.842734, 20.287459]}, "properties": {"feature_type": "node", "node_id": 410, "degree": 3, "type": "intersection", "betweenness": 0.03664338592117533, "is_critical": false, "is_articulation": false}}, {"type": "Feature", "geometry": {"type": "Point", "coordinates": [85.826437, 20.287296]}, "properties": {"feature_type": "node", "node_id": 411, "degree": 3, "type": "intersection", "betweenness": 0.012290584302307141, "is_critical": false, "is_articulation": false}}, {"type": "Feature", "geometry": {"type": "Point", "coordinates": [85.826514, 20.287296]}, "properties": {"feature_type": "node", "node_id": 412, "degree": 3, "type": "intersection", "betweenness": 0.0061468780329990294, "is_critical": false, "is_articulation": false}}, {"type": "Feature", "geometry": {"type": "Point", "coordinates": [85.837966, 20.287355]}, "properties": {"feature_type": "node", "node_id": 413, "degree": 4, "type": "intersection", "betweenness": 0.008027733901713387, "is_critical": false, "is_articulation": false}}, {"type": "Feature", "geometry": {"type": "Point", "coordinates": [85.837507, 20.287297]}, "properties": {"feature_type": "node", "node_id": 414, "degree": 3, "type": "intersection", "betweenness": 0.001687378283568361, "is_critical": false, "is_articulation": false}}, {"type": "Feature", "geometry": {"type": "Point", "coordinates": [85.841299, 20.287305]}, "properties": {"feature_type": "node", "node_id": 415, "degree": 4, "type": "intersection", "betweenness": 0.05091949429399712, "is_critical": false, "is_articulation": false}}, {"type": "Feature", "geometry": {"type": "Point", "coordinates": [85.828736, 20.287221]}, "properties": {"feature_type": "node", "node_id": 416, "degree": 3, "type": "intersection", "betweenness": 0.21857892299592113, "is_critical": true, "is_articulation": true}}, {"type": "Feature", "geometry": {"type": "Point", "coordinates": [85.826458, 20.287152]}, "properties": {"feature_type": "node", "node_id": 417, "degree": 3, "type": "intersection", "betweenness": 0.014729670580623062, "is_critical": false, "is_articulation": false}}, {"type": "Feature", "geometry": {"type": "Point", "coordinates": [85.826534, 20.287152]}, "properties": {"feature_type": "node", "node_id": 418, "degree": 3, "type": "intersection", "betweenness": 0.008731865441097176, "is_critical": false, "is_articulation": false}}, {"type": "Feature", "geometry": {"type": "Point", "coordinates": [85.837124, 20.287241]}, "properties": {"feature_type": "node", "node_id": 419, "degree": 3, "type": "intersection", "betweenness": 0.0157953831807715, "is_critical": false, "is_articulation": false}}, {"type": "Feature", "geometry": {"type": "Point", "coordinates": [85.836646, 20.287201]}, "properties": {"feature_type": "node", "node_id": 420, "degree": 4, "type": "intersection", "betweenness": 0.09260281272004112, "is_critical": false, "is_articulation": false}}, {"type": "Feature", "geometry": {"type": "Point", "coordinates": [85.82956, 20.287154]}, "properties": {"feature_type": "node", "node_id": 421, "degree": 1, "type": "endpoint", "betweenness": 0.0, "is_critical": false, "is_articulation": false}}, {"type": "Feature", "geometry": {"type": "Point", "coordinates": [85.835784, 20.287123]}, "properties": {"feature_type": "node", "node_id": 422, "degree": 4, "type": "intersection", "betweenness": 0.08998293591134286, "is_critical": false, "is_articulation": false}}, {"type": "Feature", "geometry": {"type": "Point", "coordinates": [85.835555, 20.287104]}, "properties": {"feature_type": "node", "node_id": 423, "degree": 4, "type": "intersection", "betweenness": 0.08720447091809873, "is_critical": false, "is_articulation": false}}, {"type": "Feature", "geometry": {"type": "Point", "coordinates": [85.826478, 20.287007]}, "properties": {"feature_type": "node", "node_id": 424, "degree": 3, "type": "intersection", "betweenness": 0.017183679251922924, "is_critical": false, "is_articulation": false}}, {"type": "Feature", "geometry": {"type": "Point", "coordinates": [85.826554, 20.287026]}, "properties": {"feature_type": "node", "node_id": 425, "degree": 3, "type": "intersection", "betweenness": 0.011205372907277869, "is_critical": false, "is_articulation": false}}, {"type": "Feature", "geometry": {"type": "Point", "coordinates": [85.844364, 20.287108]}, "properties": {"feature_type": "node", "node_id": 426, "degree": 3, "type": "intersection", "betweenness": 0.004729099663158696, "is_critical": false, "is_articulation": true}}, {"type": "Feature", "geometry": {"type": "Point", "coordinates": [85.835019, 20.287028]}, "properties": {"feature_type": "node", "node_id": 427, "degree": 3, "type": "intersection", "betweenness": 0.17843708172366327, "is_critical": true, "is_articulation": false}}, {"type": "Feature", "geometry": {"type": "Point", "coordinates": [85.835211, 20.287047]}, "properties": {"feature_type": "node", "node_id": 428, "degree": 3, "type": "intersection", "betweenness": 0.08454018941772763, "is_critical": false, "is_articulation": false}}, {"type": "Feature", "geometry": {"type": "Point", "coordinates": [85.844594, 20.287109]}, "properties": {"feature_type": "node", "node_id": 429, "degree": 1, "type": "endpoint", "betweenness": 0.0, "is_critical": false, "is_articulation": false}}, {"type": "Feature", "geometry": {"type": "Point", "coordinates": [85.839137, 20.287037]}, "properties": {"feature_type": "node", "node_id": 430, "degree": 4, "type": "intersection", "betweenness": 0.05311118300442144, "is_critical": false, "is_articulation": false}}, {"type": "Feature", "geometry": {"type": "Point", "coordinates": [85.834636, 20.286989]}, "properties": {"feature_type": "node", "node_id": 431, "degree": 3, "type": "intersection", "betweenness": 0.29835512334988995, "is_critical": true, "is_articulation": false}}, {"type": "Feature", "geometry": {"type": "Point", "coordinates": [85.826498, 20.286863]}, "properties": {"feature_type": "node", "node_id": 432, "degree": 3, "type": "intersection", "betweenness": 0.019699688351561894, "is_critical": false, "is_articulation": false}}, {"type": "Feature", "geometry": {"type": "Point", "coordinates": [85.826574, 20.286881]}, "properties": {"feature_type": "node", "node_id": 433, "degree": 3, "type": "intersection", "betweenness": 0.013587941377348955, "is_critical": false, "is_articulation": false}}, {"type": "Feature", "geometry": {"type": "Point", "coordinates": [85.838008, 20.286903]}, "properties": {"feature_type": "node", "node_id": 434, "degree": 3, "type": "intersection", "betweenness": 0.047316370741114305, "is_critical": false, "is_articulation": false}}, {"type": "Feature", "geometry": {"type": "Point", "coordinates": [85.837912, 20.286866]}, "properties": {"feature_type": "node", "node_id": 435, "degree": 3, "type": "intersection", "betweenness": 0.047722356493551804, "is_critical": false, "is_articulation": true}}, {"type": "Feature", "geometry": {"type": "Point", "coordinates": [85.826518, 20.286736]}, "properties": {"feature_type": "node", "node_id": 436, "degree": 3, "type": "intersection", "betweenness": 0.02219677259451176, "is_critical": false, "is_articulation": false}}, {"type": "Feature", "geometry": {"type": "Point", "coordinates": [85.826595, 20.286755]}, "properties": {"feature_type": "node", "node_id": 437, "degree": 3, "type": "intersection", "betweenness": 0.015948836128865447, "is_critical": false, "is_articulation": false}}, {"type": "Feature", "geometry": {"type": "Point", "coordinates": [85.837568, 20.28681]}, "properties": {"feature_type": "node", "node_id": 438, "degree": 4, "type": "intersection", "betweenness": 0.05888696468558307, "is_critical": false, "is_articulation": false}}, {"type": "Feature", "geometry": {"type": "Point", "coordinates": [85.837185, 20.286789]}, "properties": {"feature_type": "node", "node_id": 439, "degree": 3, "type": "intersection", "betweenness": 0.05976871499165826, "is_critical": false, "is_articulation": false}}, {"type": "Feature", "geometry": {"type": "Point", "coordinates": [85.828702, 20.286679]}, "properties": {"feature_type": "node", "node_id": 440, "degree": 3, "type": "intersection", "betweenness": 0.2233238814775344, "is_critical": true, "is_articulation": true}}, {"type": "Feature", "geometry": {"type": "Point", "coordinates": [85.828127, 20.286657]}, "properties": {"feature_type": "node", "node_id": 441, "degree": 1, "type": "endpoint", "betweenness": 0.0, "is_critical": false, "is_articulation": false}}, {"type": "Feature", "geometry": {"type": "Point", "coordinates": [85.836707, 20.286696]}, "properties": {"feature_type": "node", "node_id": 442, "degree": 3, "type": "intersection", "betweenness": 0.048978374915155325, "is_critical": false, "is_articulation": false}}, {"type": "Feature", "geometry": {"type": "Point", "coordinates": [85.826538, 20.286592]}, "properties": {"feature_type": "node", "node_id": 443, "degree": 3, "type": "intersection", "betweenness": 0.02469063221104252, "is_critical": false, "is_articulation": false}}, {"type": "Feature", "geometry": {"type": "Point", "coordinates": [85.826615, 20.28661]}, "properties": {"feature_type": "node", "node_id": 444, "degree": 3, "type": "intersection", "betweenness": 0.01827383708794637, "is_critical": false, "is_articulation": false}}, {"type": "Feature", "geometry": {"type": "Point", "coordinates": [85.835635, 20.286598]}, "properties": {"feature_type": "node", "node_id": 445, "degree": 3, "type": "intersection", "betweenness": 0.049194054846137744, "is_critical": false, "is_articulation": false}}, {"type": "Feature", "geometry": {"type": "Point", "coordinates": [85.835865, 20.2866]}, "properties": {"feature_type": "node", "node_id": 446, "degree": 3, "type": "intersection", "betweenness": 0.04868657265559087, "is_critical": false, "is_articulation": false}}, {"type": "Feature", "geometry": {"type": "Point", "coordinates": [85.835252, 20.28656]}, "properties": {"feature_type": "node", "node_id": 447, "degree": 3, "type": "intersection", "betweenness": 0.13294130334113588, "is_critical": true, "is_articulation": false}}, {"type": "Feature", "geometry": {"type": "Point", "coordinates": [85.843162, 20.286594]}, "properties": {"feature_type": "node", "node_id": 448, "degree": 3, "type": "intersection", "betweenness": 0.034524647775642126, "is_critical": false, "is_articulation": false}}, {"type": "Feature", "geometry": {"type": "Point", "coordinates": [85.834717, 20.28652]}, "properties": {"feature_type": "node", "node_id": 449, "degree": 4, "type": "intersection", "betweenness": 0.472700629912269, "is_critical": true, "is_articulation": true}}, {"type": "Feature", "geometry": {"type": "Point", "coordinates": [85.842836, 20.286574]}, "properties": {"feature_type": "node", "node_id": 450, "degree": 3, "type": "intersection", "betweenness": 0.03299585767661966, "is_critical": false, "is_articulation": false}}, {"type": "Feature", "geometry": {"type": "Point", "coordinates": [85.826559, 20.286447]}, "properties": {"feature_type": "node", "node_id": 451, "degree": 3, "type": "intersection", "betweenness": 0.02719876476418239, "is_critical": false, "is_articulation": false}}, {"type": "Feature", "geometry": {"type": "Point", "coordinates": [85.826635, 20.286466]}, "properties": {"feature_type": "node", "node_id": 452, "degree": 3, "type": "intersection", "betweenness": 0.020571190840188117, "is_critical": false, "is_articulation": false}}, {"type": "Feature", "geometry": {"type": "Point", "coordinates": [85.826769, 20.286467]}, "properties": {"feature_type": "node", "node_id": 453, "degree": 1, "type": "endpoint", "betweenness": 0.0, "is_critical": false, "is_articulation": false}}, {"type": "Feature", "geometry": {"type": "Point", "coordinates": [85.83803, 20.286524]}, "properties": {"feature_type": "node", "node_id": 454, "degree": 1, "type": "endpoint", "betweenness": 0.0, "is_critical": false, "is_articulation": false}}, {"type": "Feature", "geometry": {"type": "Point", "coordinates": [85.839217, 20.286514]}, "properties": {"feature_type": "node", "node_id": 455, "degree": 3, "type": "intersection", "betweenness": 0.010866462405084973, "is_critical": false, "is_articulation": true}}, {"type": "Feature", "geometry": {"type": "Point", "coordinates": [85.840405, 20.286504]}, "properties": {"feature_type": "node", "node_id": 456, "degree": 1, "type": "endpoint", "betweenness": 0.0, "is_critical": false, "is_articulation": false}}, {"type": "Feature", "geometry": {"type": "Point", "coordinates": [85.84188, 20.286441]}, "properties": {"feature_type": "node", "node_id": 457, "degree": 3, "type": "intersection", "betweenness": 0.006108816868708014, "is_critical": false, "is_articulation": true}}, {"type": "Feature", "geometry": {"type": "Point", "coordinates": [85.826579, 20.286303]}, "properties": {"feature_type": "node", "node_id": 458, "degree": 3, "type": "intersection", "betweenness": 0.02972830672223596, "is_critical": false, "is_articulation": false}}, {"type": "Feature", "geometry": {"type": "Point", "coordinates": [85.826655, 20.286322]}, "properties": {"feature_type": "node", "node_id": 459, "degree": 3, "type": "intersection", "betweenness": 0.02281784923610337, "is_critical": false, "is_articulation": false}}, {"type": "Feature", "geometry": {"type": "Point", "coordinates": [85.841382, 20.286402]}, "properties": {"feature_type": "node", "node_id": 460, "degree": 3, "type": "intersection", "betweenness": 0.012097106717161145, "is_critical": false, "is_articulation": true}}, {"type": "Feature", "geometry": {"type": "Point", "coordinates": [85.841516, 20.286402]}, "properties": {"feature_type": "node", "node_id": 461, "degree": 3, "type": "intersection", "betweenness": 0.007840599843949227, "is_critical": false, "is_articulation": false}}, {"type": "Feature", "geometry": {"type": "Point", "coordinates": [85.839238, 20.286243]}, "properties": {"feature_type": "node", "node_id": 462, "degree": 4, "type": "intersection", "betweenness": 0.01589053609149904, "is_critical": false, "is_articulation": true}}, {"type": "Feature", "geometry": {"type": "Point", "coordinates": [85.826599, 20.286159]}, "properties": {"feature_type": "node", "node_id": 463, "degree": 3, "type": "intersection", "betweenness": 0.03231795360223244, "is_critical": false, "is_articulation": false}}, {"type": "Feature", "geometry": {"type": "Point", "coordinates": [85.826676, 20.286177]}, "properties": {"feature_type": "node", "node_id": 464, "degree": 3, "type": "intersection", "betweenness": 0.02498325761880294, "is_critical": false, "is_articulation": false}}, {"type": "Feature", "geometry": {"type": "Point", "coordinates": [85.839928, 20.286247]}, "properties": {"feature_type": "node", "node_id": 465, "degree": 1, "type": "endpoint", "betweenness": 0.0, "is_critical": false, "is_articulation": false}}, {"type": "Feature", "geometry": {"type": "Point", "coordinates": [85.828284, 20.286152]}, "properties": {"feature_type": "node", "node_id": 466, "degree": 1, "type": "endpoint", "betweenness": 0.0, "is_critical": false, "is_articulation": false}}, {"type": "Feature", "geometry": {"type": "Point", "coordinates": [85.828553, 20.286081]}, "properties": {"feature_type": "node", "node_id": 469, "degree": 4, "type": "intersection", "betweenness": 0.3388648892102943, "is_critical": true, "is_articulation": true}}, {"type": "Feature", "geometry": {"type": "Point", "coordinates": [85.840254, 20.286159]}, "properties": {"feature_type": "node", "node_id": 470, "degree": 1, "type": "endpoint", "betweenness": 0.0, "is_critical": false, "is_articulation": false}}, {"type": "Feature", "geometry": {"type": "Point", "coordinates": [85.826619, 20.286014]}, "properties": {"feature_type": "node", "node_id": 471, "degree": 3, "type": "intersection", "betweenness": 0.03464834655958793, "is_critical": false, "is_articulation": false}}, {"type": "Feature", "geometry": {"type": "Point", "coordinates": [85.826696, 20.286015]}, "properties": {"feature_type": "node", "node_id": 472, "degree": 3, "type": "intersection", "betweenness": 0.027632405275277373, "is_critical": false, "is_articulation": false}}, {"type": "Feature", "geometry": {"type": "Point", "coordinates": [85.83924, 20.285954]}, "properties": {"feature_type": "node", "node_id": 473, "degree": 3, "type": "intersection", "betweenness": 0.009458199326317392, "is_critical": false, "is_articulation": true}}, {"type": "Feature", "geometry": {"type": "Point", "coordinates": [85.82664, 20.285852]}, "properties": {"feature_type": "node", "node_id": 474, "degree": 3, "type": "intersection", "betweenness": 0.0365323741919932, "is_critical": false, "is_articulation": false}}, {"type": "Feature", "geometry": {"type": "Point", "coordinates": [85.826716, 20.28587]}, "properties": {"feature_type": "node", "node_id": 475, "degree": 3, "type": "intersection", "betweenness": 0.029947792769647492, "is_critical": false, "is_articulation": false}}, {"type": "Feature", "geometry": {"type": "Point", "coordinates": [85.838991, 20.285952]}, "properties": {"feature_type": "node", "node_id": 476, "degree": 1, "type": "endpoint", "betweenness": 0.0, "is_critical": false, "is_articulation": false}}, {"type": "Feature", "geometry": {"type": "Point", "coordinates": [85.841731, 20.285862]}, "properties": {"feature_type": "node", "node_id": 477, "degree": 1, "type": "endpoint", "betweenness": 0.0, "is_critical": false, "is_articulation": false}}, {"type": "Feature", "geometry": {"type": "Point", "coordinates": [85.82666, 20.285707]}, "properties": {"feature_type": "node", "node_id": 478, "degree": 3, "type": "intersection", "betweenness": 0.03888582285065434, "is_critical": false, "is_articulation": false}}, {"type": "Feature", "geometry": {"type": "Point", "coordinates": [85.826737, 20.285708]}, "properties": {"feature_type": "node", "node_id": 479, "degree": 3, "type": "intersection", "betweenness": 0.03239005081165433, "is_critical": false, "is_articulation": false}}, {"type": "Feature", "geometry": {"type": "Point", "coordinates": [85.827676, 20.285624]}, "properties": {"feature_type": "node", "node_id": 480, "degree": 3, "type": "intersection", "betweenness": 0.10900717452946886, "is_critical": true, "is_articulation": false}}, {"type": "Feature", "geometry": {"type": "Point", "coordinates": [85.826661, 20.285581]}, "properties": {"feature_type": "node", "node_id": 481, "degree": 4, "type": "intersection", "betweenness": 0.052264322098946346, "is_critical": false, "is_articulation": false}}, {"type": "Feature", "geometry": {"type": "Point", "coordinates": [85.826757, 20.285563]}, "properties": {"feature_type": "node", "node_id": 482, "degree": 4, "type": "intersection", "betweenness": 0.10912135802234191, "is_critical": true, "is_articulation": false}}, {"type": "Feature", "geometry": {"type": "Point", "coordinates": [85.841426, 20.285679]}, "properties": {"feature_type": "node", "node_id": 483, "degree": 3, "type": "intersection", "betweenness": 0.004091575161284184, "is_critical": false, "is_articulation": true}}, {"type": "Feature", "geometry": {"type": "Point", "coordinates": [85.826297, 20.285542]}, "properties": {"feature_type": "node", "node_id": 484, "degree": 3, "type": "intersection", "betweenness": 0.010492194289556651, "is_critical": false, "is_articulation": true}}, {"type": "Feature", "geometry": {"type": "Point", "coordinates": [85.844509, 20.285627]}, "properties": {"feature_type": "node", "node_id": 485, "degree": 3, "type": "intersection", "betweenness": 0.007165014177783699, "is_critical": false, "is_articulation": true}}, {"type": "Feature", "geometry": {"type": "Point", "coordinates": [85.825436, 20.285464]}, "properties": {"feature_type": "node", "node_id": 486, "degree": 1, "type": "endpoint", "betweenness": 0.0, "is_critical": false, "is_articulation": false}}, {"type": "Feature", "geometry": {"type": "Point", "coordinates": [85.843457, 20.285512]}, "properties": {"feature_type": "node", "node_id": 487, "degree": 4, "type": "intersection", "betweenness": 0.021634600135751487, "is_critical": false, "is_articulation": true}}, {"type": "Feature", "geometry": {"type": "Point", "coordinates": [85.826701, 20.2854]}, "properties": {"feature_type": "node", "node_id": 488, "degree": 3, "type": "intersection", "betweenness": 0.014031882568621108, "is_critical": false, "is_articulation": false}}, {"type": "Feature", "geometry": {"type": "Point", "coordinates": [85.826777, 20.285401]}, "properties": {"feature_type": "node", "node_id": 489, "degree": 3, "type": "intersection", "betweenness": 0.024644603878432644, "is_critical": false, "is_articulation": true}}, {"type": "Feature", "geometry": {"type": "Point", "coordinates": [85.843323, 20.285511]}, "properties": {"feature_type": "node", "node_id": 490, "degree": 3, "type": "intersection", "betweenness": 0.03260890250632767, "is_critical": false, "is_articulation": true}}, {"type": "Feature", "geometry": {"type": "Point", "coordinates": [85.841428, 20.285426]}, "properties": {"feature_type": "node", "node_id": 491, "degree": 1, "type": "endpoint", "betweenness": 0.0, "is_critical": false, "is_articulation": false}}, {"type": "Feature", "geometry": {"type": "Point", "coordinates": [85.836851, 20.28536]}, "properties": {"feature_type": "node", "node_id": 492, "degree": 1, "type": "endpoint", "betweenness": 0.0, "is_critical": false, "is_articulation": false}}, {"type": "Feature", "geometry": {"type": "Point", "coordinates": [85.831681, 20.285307]}, "properties": {"feature_type": "node", "node_id": 493, "degree": 1, "type": "endpoint", "betweenness": 0.0, "is_critical": false, "is_articulation": false}}, {"type": "Feature", "geometry": {"type": "Point", "coordinates": [85.827488, 20.285062]}, "properties": {"feature_type": "node", "node_id": 494, "degree": 1, "type": "endpoint", "betweenness": 0.0, "is_critical": false, "is_articulation": false}}, {"type": "Feature", "geometry": {"type": "Point", "coordinates": [85.837466, 20.285129]}, "properties": {"feature_type": "node", "node_id": 495, "degree": 1, "type": "endpoint", "betweenness": 0.0, "is_critical": false, "is_articulation": false}}, {"type": "Feature", "geometry": {"type": "Point", "coordinates": [85.839151, 20.28514]}, "properties": {"feature_type": "node", "node_id": 496, "degree": 3, "type": "intersection", "betweenness": 0.00699056717478321, "is_critical": false, "is_articulation": true}}, {"type": "Feature", "geometry": {"type": "Point", "coordinates": [85.826857, 20.284986]}, "properties": {"feature_type": "node", "node_id": 497, "degree": 3, "type": "intersection", "betweenness": 0.007060345975983406, "is_critical": false, "is_articulation": true}}, {"type": "Feature", "geometry": {"type": "Point", "coordinates": [85.832736, 20.285007]}, "properties": {"feature_type": "node", "node_id": 498, "degree": 3, "type": "intersection", "betweenness": 0.05669844773884967, "is_critical": false, "is_articulation": false}}, {"type": "Feature", "geometry": {"type": "Point", "coordinates": [85.826206, 20.284927]}, "properties": {"feature_type": "node", "node_id": 499, "degree": 3, "type": "intersection", "betweenness": 0.0034762530052460973, "is_critical": false, "is_articulation": false}}, {"type": "Feature", "geometry": {"type": "Point", "coordinates": [85.839822, 20.285036]}, "properties": {"feature_type": "node", "node_id": 500, "degree": 3, "type": "intersection", "betweenness": 0.000114183492873047, "is_critical": false, "is_articulation": false}}, {"type": "Feature", "geometry": {"type": "Point", "coordinates": [85.837811, 20.285005]}, "properties": {"feature_type": "node", "node_id": 501, "degree": 1, "type": "endpoint", "betweenness": 0.0, "is_critical": false, "is_articulation": false}}, {"type": "Feature", "geometry": {"type": "Point", "coordinates": [85.832143, 20.284931]}, "properties": {"feature_type": "node", "node_id": 502, "degree": 3, "type": "intersection", "betweenness": 0.046783514441040085, "is_critical": false, "is_articulation": true}}, {"type": "Feature", "geometry": {"type": "Point", "coordinates": [85.843729, 20.284972]}, "properties": {"feature_type": "node", "node_id": 503, "degree": 1, "type": "endpoint", "betweenness": 0.0, "is_critical": false, "is_articulation": false}}, {"type": "Feature", "geometry": {"type": "Point", "coordinates": [85.834978, 20.284805]}, "properties": {"feature_type": "node", "node_id": 506, "degree": 3, "type": "intersection", "betweenness": 0.17509404279343574, "is_critical": true, "is_articulation": true}}, {"type": "Feature", "geometry": {"type": "Point", "coordinates": [85.840438, 20.284643]}, "properties": {"feature_type": "node", "node_id": 508, "degree": 3, "type": "intersection", "betweenness": 0.003609467080264652, "is_critical": false, "is_articulation": true}}, {"type": "Feature", "geometry": {"type": "Point", "coordinates": [85.838867, 20.284614]}, "properties": {"feature_type": "node", "node_id": 509, "degree": 1, "type": "endpoint", "betweenness": 0.0, "is_critical": false, "is_articulation": false}}, {"type": "Feature", "geometry": {"type": "Point", "coordinates": [85.842353, 20.284637]}, "properties": {"feature_type": "node", "node_id": 510, "degree": 1, "type": "endpoint", "betweenness": 0.0, "is_critical": false, "is_articulation": false}}, {"type": "Feature", "geometry": {"type": "Point", "coordinates": [85.832146, 20.284515]}, "properties": {"feature_type": "node", "node_id": 511, "degree": 3, "type": "intersection", "betweenness": 0.04028774240204008, "is_critical": false, "is_articulation": false}}, {"type": "Feature", "geometry": {"type": "Point", "coordinates": [85.835038, 20.284553]}, "properties": {"feature_type": "node", "node_id": 512, "degree": 3, "type": "intersection", "betweenness": 0.11475441033741222, "is_critical": true, "is_articulation": false}}, {"type": "Feature", "geometry": {"type": "Point", "coordinates": [85.831687, 20.284476]}, "properties": {"feature_type": "node", "node_id": 513, "degree": 3, "type": "intersection", "betweenness": 0.02385166295570315, "is_critical": false, "is_articulation": true}}, {"type": "Feature", "geometry": {"type": "Point", "coordinates": [85.840017, 20.284549]}, "properties": {"feature_type": "node", "node_id": 514, "degree": 1, "type": "endpoint", "betweenness": 0.0, "is_critical": false, "is_articulation": false}}, {"type": "Feature", "geometry": {"type": "Point", "coordinates": [85.826784, 20.284425]}, "properties": {"feature_type": "node", "node_id": 515, "degree": 3, "type": "intersection", "betweenness": 0.010593690727666026, "is_critical": false, "is_articulation": true}}, {"type": "Feature", "geometry": {"type": "Point", "coordinates": [85.830327, 20.284431]}, "properties": {"feature_type": "node", "node_id": 516, "degree": 1, "type": "endpoint", "betweenness": 0.0, "is_critical": false, "is_articulation": false}}, {"type": "Feature", "geometry": {"type": "Point", "coordinates": [85.836149, 20.28447]}, "properties": {"feature_type": "node", "node_id": 517, "degree": 3, "type": "intersection", "betweenness": 0.07126953013492683, "is_critical": false, "is_articulation": false}}, {"type": "Feature", "geometry": {"type": "Point", "coordinates": [85.836724, 20.284419]}, "properties": {"feature_type": "node", "node_id": 518, "degree": 3, "type": "intersection", "betweenness": 0.06813582760829988, "is_critical": false, "is_articulation": true}}, {"type": "Feature", "geometry": {"type": "Point", "coordinates": [85.826287, 20.284331]}, "properties": {"feature_type": "node", "node_id": 519, "degree": 3, "type": "intersection", "betweenness": 2.5374109527343776e-05, "is_critical": false, "is_articulation": false}}, {"type": "Feature", "geometry": {"type": "Point", "coordinates": [85.837241, 20.284368]}, "properties": {"feature_type": "node", "node_id": 520, "degree": 3, "type": "intersection", "betweenness": 0.061576620295481506, "is_critical": false, "is_articulation": true}}, {"type": "Feature", "geometry": {"type": "Point", "coordinates": [85.833833, 20.284346]}, "properties": {"feature_type": "node", "node_id": 521, "degree": 1, "type": "endpoint", "betweenness": 0.0, "is_critical": false, "is_articulation": false}}, {"type": "Feature", "geometry": {"type": "Point", "coordinates": [85.84224, 20.284401]}, "properties": {"feature_type": "node", "node_id": 522, "degree": 1, "type": "endpoint", "betweenness": 0.0, "is_critical": false, "is_articulation": false}}, {"type": "Feature", "geometry": {"type": "Point", "coordinates": [85.835039, 20.284318]}, "properties": {"feature_type": "node", "node_id": 523, "degree": 3, "type": "intersection", "betweenness": 0.03909515925425492, "is_critical": false, "is_articulation": true}}, {"type": "Feature", "geometry": {"type": "Point", "coordinates": [85.830788, 20.284289]}, "properties": {"feature_type": "node", "node_id": 524, "degree": 3, "type": "intersection", "betweenness": 0.016987966328556658, "is_critical": false, "is_articulation": false}}, {"type": "Feature", "geometry": {"type": "Point", "coordinates": [85.832149, 20.284136]}, "properties": {"feature_type": "node", "node_id": 525, "degree": 4, "type": "intersection", "betweenness": 0.010771309494357433, "is_critical": false, "is_articulation": false}}, {"type": "Feature", "geometry": {"type": "Point", "coordinates": [85.835078, 20.284209]}, "properties": {"feature_type": "node", "node_id": 526, "degree": 3, "type": "intersection", "betweenness": 0.03248520372238187, "is_critical": false, "is_articulation": false}}, {"type": "Feature", "geometry": {"type": "Point", "coordinates": [85.838813, 20.284216]}, "properties": {"feature_type": "node", "node_id": 527, "degree": 4, "type": "intersection", "betweenness": 0.05515697058506353, "is_critical": false, "is_articulation": true}}, {"type": "Feature", "geometry": {"type": "Point", "coordinates": [85.829831, 20.284156]}, "properties": {"feature_type": "node", "node_id": 528, "degree": 3, "type": "intersection", "betweenness": 0.010561973090756847, "is_critical": false, "is_articulation": true}}, {"type": "Feature", "geometry": {"type": "Point", "coordinates": [85.832704, 20.284158]}, "properties": {"feature_type": "node", "node_id": 529, "degree": 3, "type": "intersection", "betweenness": 0.003533344751682621, "is_critical": false, "is_articulation": true}}, {"type": "Feature", "geometry": {"type": "Point", "coordinates": [85.843486, 20.284229]}, "properties": {"feature_type": "node", "node_id": 530, "degree": 3, "type": "intersection", "betweenness": 0.007060345975983406, "is_critical": false, "is_articulation": true}}, {"type": "Feature", "geometry": {"type": "Point", "coordinates": [85.83349, 20.284127]}, "properties": {"feature_type": "node", "node_id": 531, "degree": 1, "type": "endpoint", "betweenness": 0.0, "is_critical": false, "is_articulation": false}}, {"type": "Feature", "geometry": {"type": "Point", "coordinates": [85.839273, 20.284147]}, "properties": {"feature_type": "node", "node_id": 532, "degree": 3, "type": "intersection", "betweenness": 0.04833767864958989, "is_critical": false, "is_articulation": true}}, {"type": "Feature", "geometry": {"type": "Point", "coordinates": [85.843658, 20.284194]}, "properties": {"feature_type": "node", "node_id": 533, "degree": 3, "type": "intersection", "betweenness": 0.007060345975983406, "is_critical": false, "is_articulation": true}}, {"type": "Feature", "geometry": {"type": "Point", "coordinates": [85.836114, 20.28409]}, "properties": {"feature_type": "node", "node_id": 534, "degree": 4, "type": "intersection", "betweenness": 0.00846226552736915, "is_critical": false, "is_articulation": false}}, {"type": "Feature", "geometry": {"type": "Point", "coordinates": [85.83081, 20.283982]}, "properties": {"feature_type": "node", "node_id": 535, "degree": 3, "type": "intersection", "betweenness": 0.0005328563000742193, "is_critical": false, "is_articulation": false}}, {"type": "Feature", "geometry": {"type": "Point", "coordinates": [85.839982, 20.284043]}, "properties": {"feature_type": "node", "node_id": 536, "degree": 3, "type": "intersection", "betweenness": 0.0035650623885918006, "is_critical": false, "is_articulation": true}}, {"type": "Feature", "geometry": {"type": "Point", "coordinates": [85.844559, 20.284073]}, "properties": {"feature_type": "node", "node_id": 537, "degree": 1, "type": "endpoint", "betweenness": 0.0, "is_critical": false, "is_articulation": false}}, {"type": "Feature", "geometry": {"type": "Point", "coordinates": [85.840079, 20.28399]}, "properties": {"feature_type": "node", "node_id": 538, "degree": 3, "type": "intersection", "betweenness": 0.027848085206259796, "is_critical": false, "is_articulation": false}}, {"type": "Feature", "geometry": {"type": "Point", "coordinates": [85.840366, 20.283973]}, "properties": {"feature_type": "node", "node_id": 539, "degree": 3, "type": "intersection", "betweenness": 0.017539853210776387, "is_critical": false, "is_articulation": true}}, {"type": "Feature", "geometry": {"type": "Point", "coordinates": [85.832151, 20.283901]}, "properties": {"feature_type": "node", "node_id": 540, "degree": 3, "type": "intersection", "betweenness": 0.00800553155587696, "is_critical": false, "is_articulation": false}}, {"type": "Feature", "geometry": {"type": "Point", "coordinates": [85.833453, 20.283855]}, "properties": {"feature_type": "node", "node_id": 541, "degree": 3, "type": "intersection", "betweenness": 0.008262444414841317, "is_critical": false, "is_articulation": false}}, {"type": "Feature", "geometry": {"type": "Point", "coordinates": [85.841171, 20.28387]}, "properties": {"feature_type": "node", "node_id": 542, "degree": 3, "type": "intersection", "betweenness": 0.007060345975983406, "is_critical": false, "is_articulation": true}}, {"type": "Feature", "geometry": {"type": "Point", "coordinates": [85.83512, 20.283758]}, "properties": {"feature_type": "node", "node_id": 543, "degree": 4, "type": "intersection", "betweenness": 0.021307908475586935, "is_critical": false, "is_articulation": true}}, {"type": "Feature", "geometry": {"type": "Point", "coordinates": [85.826847, 20.283685]}, "properties": {"feature_type": "node", "node_id": 544, "degree": 3, "type": "intersection", "betweenness": 0.007060345975983406, "is_critical": false, "is_articulation": true}}, {"type": "Feature", "geometry": {"type": "Point", "coordinates": [85.832133, 20.283702]}, "properties": {"feature_type": "node", "node_id": 545, "degree": 3, "type": "intersection", "betweenness": 0.003618982371337406, "is_critical": false, "is_articulation": true}}, {"type": "Feature", "geometry": {"type": "Point", "coordinates": [85.838759, 20.283764]}, "properties": {"feature_type": "node", "node_id": 546, "degree": 3, "type": "intersection", "betweenness": 0.003533344751682621, "is_critical": false, "is_articulation": true}}, {"type": "Feature", "geometry": {"type": "Point", "coordinates": [85.82792, 20.283674]}, "properties": {"feature_type": "node", "node_id": 547, "degree": 3, "type": "intersection", "betweenness": 0.007060345975983406, "is_critical": false, "is_articulation": true}}, {"type": "Feature", "geometry": {"type": "Point", "coordinates": [85.82568, 20.283568]}, "properties": {"feature_type": "node", "node_id": 549, "degree": 1, "type": "endpoint", "betweenness": 0.0, "is_critical": false, "is_articulation": false}}, {"type": "Feature", "geometry": {"type": "Point", "coordinates": [85.833436, 20.283584]}, "properties": {"feature_type": "node", "node_id": 550, "degree": 3, "type": "intersection", "betweenness": 0.003533344751682621, "is_critical": false, "is_articulation": true}}, {"type": "Feature", "geometry": {"type": "Point", "coordinates": [85.83606, 20.283602]}, "properties": {"feature_type": "node", "node_id": 551, "degree": 3, "type": "intersection", "betweenness": 0.005074821905468755, "is_critical": false, "is_articulation": true}}, {"type": "Feature", "geometry": {"type": "Point", "coordinates": [85.826389, 20.283537]}, "properties": {"feature_type": "node", "node_id": 552, "degree": 1, "type": "endpoint", "betweenness": 0.0, "is_critical": false, "is_articulation": false}}, {"type": "Feature", "geometry": {"type": "Point", "coordinates": [85.825891, 20.283516]}, "properties": {"feature_type": "node", "node_id": 553, "degree": 1, "type": "endpoint", "betweenness": 0.0, "is_critical": false, "is_articulation": false}}, {"type": "Feature", "geometry": {"type": "Point", "coordinates": [85.826983, 20.283523]}, "properties": {"feature_type": "node", "node_id": 554, "degree": 1, "type": "endpoint", "betweenness": 0.0, "is_critical": false, "is_articulation": false}}, {"type": "Feature", "geometry": {"type": "Point", "coordinates": [85.82683, 20.283504]}, "properties": {"feature_type": "node", "node_id": 555, "degree": 1, "type": "endpoint", "betweenness": 0.0, "is_critical": false, "is_articulation": false}}, {"type": "Feature", "geometry": {"type": "Point", "coordinates": [85.827174, 20.283506]}, "properties": {"feature_type": "node", "node_id": 556, "degree": 1, "type": "endpoint", "betweenness": 0.0, "is_critical": false, "is_articulation": false}}, {"type": "Feature", "geometry": {"type": "Point", "coordinates": [85.827921, 20.283511]}, "properties": {"feature_type": "node", "node_id": 557, "degree": 1, "type": "endpoint", "betweenness": 0.0, "is_critical": false, "is_articulation": false}}, {"type": "Feature", "geometry": {"type": "Point", "coordinates": [85.840043, 20.283574]}, "properties": {"feature_type": "node", "node_id": 558, "degree": 3, "type": "intersection", "betweenness": 0.03464834655958793, "is_critical": false, "is_articulation": true}}, {"type": "Feature", "geometry": {"type": "Point", "coordinates": [85.830698, 20.283512]}, "properties": {"feature_type": "node", "node_id": 559, "degree": 1, "type": "endpoint", "betweenness": 0.0, "is_critical": false, "is_articulation": false}}, {"type": "Feature", "geometry": {"type": "Point", "coordinates": [85.835122, 20.283541]}, "properties": {"feature_type": "node", "node_id": 561, "degree": 1, "type": "endpoint", "betweenness": 0.0, "is_critical": false, "is_articulation": false}}, {"type": "Feature", "geometry": {"type": "Point", "coordinates": [85.83876, 20.283547]}, "properties": {"feature_type": "node", "node_id": 564, "degree": 1, "type": "endpoint", "betweenness": 0.0, "is_critical": false, "is_articulation": false}}, {"type": "Feature", "geometry": {"type": "Point", "coordinates": [85.834643, 20.283502]}, "properties": {"feature_type": "node", "node_id": 565, "degree": 1, "type": "endpoint", "betweenness": 0.0, "is_critical": false, "is_articulation": false}}, {"type": "Feature", "geometry": {"type": "Point", "coordinates": [85.836712, 20.283516]}, "properties": {"feature_type": "node", "node_id": 567, "degree": 1, "type": "endpoint", "betweenness": 0.0, "is_critical": false, "is_articulation": false}}, {"type": "Feature", "geometry": {"type": "Point", "coordinates": [85.840388, 20.283522]}, "properties": {"feature_type": "node", "node_id": 568, "degree": 1, "type": "endpoint", "betweenness": 0.0, "is_critical": false, "is_articulation": false}}, {"type": "Feature", "geometry": {"type": "Point", "coordinates": [85.841154, 20.283527]}, "properties": {"feature_type": "node", "node_id": 569, "degree": 1, "type": "endpoint", "betweenness": 0.0, "is_critical": false, "is_articulation": false}}, {"type": "Feature", "geometry": {"type": "Point", "coordinates": [85.842725, 20.283537]}, "properties": {"feature_type": "node", "node_id": 570, "degree": 1, "type": "endpoint", "betweenness": 0.0, "is_critical": false, "is_articulation": false}}, {"type": "Feature", "geometry": {"type": "Point", "coordinates": [85.843606, 20.283525]}, "properties": {"feature_type": "node", "node_id": 571, "degree": 1, "type": "endpoint", "betweenness": 0.0, "is_critical": false, "is_articulation": false}}, {"type": "Feature", "geometry": {"type": "Point", "coordinates": [85.84374, 20.283526]}, "properties": {"feature_type": "node", "node_id": 572, "degree": 1, "type": "endpoint", "betweenness": 0.0, "is_critical": false, "is_articulation": false}}, {"type": "Feature", "geometry": {"type": "Point", "coordinates": [85.826371, 20.29615]}, "properties": {"feature_type": "node", "node_id": 573, "degree": 2, "type": "intersection", "betweenness": 0.0, "is_critical": false, "is_articulation": false}}, {"type": "Feature", "geometry": {"type": "LineString", "coordinates": [[85.833034, 20.301507], [85.832997, 20.30138], [85.832945, 20.300585], [85.832926, 20.300566], [85.832928, 20.30035], [85.832909, 20.300331], [85.83291, 20.300133], [85.832891, 20.300114], [85.832893, 20.299916], [85.832874, 20.299898], [85.832864, 20.298596], [85.832883, 20.298578], [85.832945, 20.298091], [85.832964, 20.298073], [85.832984, 20.297893], [85.833004, 20.297875], [85.833024, 20.297694], [85.833043, 20.297676], [85.833064, 20.297495], [85.833123, 20.297279], [85.833124, 20.297171]]}, "properties": {"feature_type": "edge", "u": 0, "v": 5, "edge_key": 0, "length_m": 499.054, "is_bridged": false, "is_bridge": true, "edge_betweenness": 0.0, "width_m": 8.096}}, {"type": "Feature", "geometry": {"type": "LineString", "coordinates": [[85.833226, 20.30149], [85.833208, 20.301219], [85.833189, 20.301201], [85.833191, 20.30102], [85.833172, 20.301002], [85.833121, 20.30008], [85.833102, 20.300062], [85.833087, 20.299592], [85.833068, 20.299574], [85.833053, 20.298959], [85.833034, 20.298941], [85.833097, 20.298237], [85.833116, 20.298219], [85.833157, 20.297821], [85.833177, 20.297803], [85.833198, 20.297551], [85.833237, 20.297406], [85.833239, 20.297153]]}, "properties": {"feature_type": "edge", "u": 1, "v": 6, "edge_key": 0, "length_m": 497.397, "is_bridged": false, "is_bridge": true, "edge_betweenness": 0.0, "width_m": 8.112}}, {"type": "Feature", "geometry": {"type": "LineString", "coordinates": [[85.830882, 20.297282], [85.830825, 20.2973], [85.829905, 20.297276], [85.829886, 20.297257], [85.829752, 20.297257], [85.829733, 20.297238], [85.829465, 20.297218], [85.829446, 20.2972], [85.829121, 20.29718], [85.829102, 20.297162], [85.828891, 20.297142], [85.828738, 20.297087]]}, "properties": {"feature_type": "edge", "u": 2, "v": 8, "edge_key": 0, "length_m": 233.585, "is_bridged": false, "is_bridge": false, "edge_betweenness": 0.0, "width_m": 8.181}}, {"type": "Feature", "geometry": {"type": "LineString", "coordinates": [[85.830882, 20.297282], [85.831399, 20.297286], [85.831495, 20.297232]]}, "properties": {"feature_type": "edge", "u": 2, "v": 3, "edge_key": 0, "length_m": 66.485, "is_bridged": false, "is_bridge": false, "edge_betweenness": 0.0, "width_m": 8.18}}, {"type": "Feature", "geometry": {"type": "LineString", "coordinates": [[85.830882, 20.297282], [85.830883, 20.29721]]}, "properties": {"feature_type": "edge", "u": 2, "v": 4, "edge_key": 0, "length_m": 8.0, "is_bridged": false, "is_bridge": false, "edge_betweenness": 0.0, "width_m": 8.315}}, {"type": "Feature", "geometry": {"type": "LineString", "coordinates": [[85.831495, 20.297232], [85.831533, 20.297268], [85.831859, 20.297271], [85.831878, 20.297253], [85.832146, 20.297254], [85.832166, 20.297237], [85.832338, 20.297238], [85.832357, 20.29722], [85.83253, 20.297221], [85.832549, 20.297203], [85.832932, 20.297187], [85.832971, 20.297152]]}, "properties": {"feature_type": "edge", "u": 3, "v": 7, "edge_key": 0, "length_m": 161.456, "is_bridged": false, "is_bridge": false, "edge_betweenness": 0.0, "width_m": 8.232}}, {"type": "Feature", "geometry": {"type": "LineString", "coordinates": [[85.831495, 20.297232], [85.831457, 20.297196], [85.830902, 20.297192], [85.830883, 20.29721]]}, "properties": {"feature_type": "edge", "u": 3, "v": 4, "edge_key": 0, "length_m": 66.485, "is_bridged": false, "is_bridge": false, "edge_betweenness": 0.0, "width_m": 8.337}}, {"type": "Feature", "geometry": {"type": "LineString", "coordinates": [[85.831495, 20.297232], [85.831534, 20.297178], [85.832243, 20.297147], [85.832262, 20.297129], [85.832473, 20.29713], [85.832492, 20.297112], [85.832684, 20.297113], [85.832703, 20.297096], [85.832914, 20.297097], [85.832952, 20.297079]]}, "properties": {"feature_type": "edge", "u": 3, "v": 9, "edge_key": 0, "length_m": 159.915, "is_bridged": false, "is_bridge": false, "edge_betweenness": 0.0, "width_m": 8.245}}, {"type": "Feature", "geometry": {"type": "LineString", "coordinates": [[85.830883, 20.29721], [85.829791, 20.297148], [85.829772, 20.29713], [85.829638, 20.297129], [85.829619, 20.297111], [85.829485, 20.29711], [85.829466, 20.297092], [85.829103, 20.297053], [85.828892, 20.296998], [85.828739, 20.296997]]}, "properties": {"feature_type": "edge", "u": 4, "v": 15, "edge_key": 0, "length_m": 233.113, "is_bridged": false, "is_bridge": false, "edge_betweenness": 0.0, "width_m": 8.185}}, {"type": "Feature", "geometry": {"type": "LineString", "coordinates": [[85.833124, 20.297171], [85.83299, 20.29717], [85.832971, 20.297152]]}, "properties": {"feature_type": "edge", "u": 5, "v": 7, "edge_key": 0, "length_m": 16.828, "is_bridged": false, "is_bridge": false, "edge_betweenness": 0.0, "width_m": 8.946}}, {"type": "Feature", "geometry": {"type": "LineString", "coordinates": [[85.833124, 20.297171], [85.833239, 20.297153]]}, "properties": {"feature_type": "edge", "u": 5, "v": 6, "edge_key": 0, "length_m": 12.325, "is_bridged": false, "is_bridge": false, "edge_betweenness": 0.0, "width_m": 9.893}}, {"type": "Feature", "geometry": {"type": "LineString", "coordinates": [[85.833124, 20.297171], [85.833144, 20.297062]]}, "properties": {"feature_type": "edge", "u": 5, "v": 11, "edge_key": 0, "length_m": 12.472, "is_bridged": false, "is_bridge": false, "edge_betweenness": 0.0, "width_m": 10.227}}, {"type": "Feature", "geometry": {"type": "LineString", "coordinates": [[85.833239, 20.297153], [85.833335, 20.297154], [85.83345, 20.297119]]}, "properties": {"feature_type": "edge", "u": 6, "v": 10, "edge_key": 0, "length_m": 23.657, "is_bridged": false, "is_bridge": false, "edge_betweenness": 0.0, "width_m": 8.852}}, {"type": "Feature", "geometry": {"type": "LineString", "coordinates": [[85.833239, 20.297153], [85.833277, 20.297117], [85.833278, 20.297045]]}, "properties": {"feature_type": "edge", "u": 6, "v": 13, "edge_key": 0, "length_m": 13.657, "is_bridged": false, "is_bridge": false, "edge_betweenness": 0.0, "width_m": 9.893}}, {"type": "Feature", "geometry": {"type": "LineString", "coordinates": [[85.832971, 20.297152], [85.832952, 20.297079]]}, "properties": {"feature_type": "edge", "u": 7, "v": 9, "edge_key": 0, "length_m": 8.325, "is_bridged": false, "is_bridge": false, "edge_betweenness": 0.0, "width_m": 11.56}}, {"type": "Feature", "geometry": {"type": "LineString", "coordinates": [[85.828738, 20.297087], [85.828681, 20.297105], [85.828662, 20.297087], [85.828585, 20.297086], [85.82849, 20.297049], [85.828413, 20.297049], [85.828318, 20.297012], [85.828241, 20.297012], [85.828146, 20.296975], [85.82784, 20.296918], [85.827228, 20.296716], [85.827076, 20.296642], [85.826884, 20.296587], [85.826369, 20.29633], [85.826331, 20.29633], [85.825529, 20.295945], [85.825415, 20.295872]]}, "properties": {"feature_type": "edge", "u": 8, "v": 66, "edge_key": 0, "length_m": 404.333, "is_bridged": false, "is_bridge": true, "edge_betweenness": 0.0, "width_m": 8.611}}, {"type": "Feature", "geometry": {"type": "LineString", "coordinates": [[85.828738, 20.297087], [85.828739, 20.296997]]}, "properties": {"feature_type": "edge", "u": 8, "v": 15, "edge_key": 0, "length_m": 10.0, "is_bridged": false, "is_bridge": false, "edge_betweenness": 0.0, "width_m": 12.606}}, {"type": "Feature", "geometry": {"type": "LineString", "coordinates": [[85.832952, 20.297079], [85.833105, 20.29708], [85.833144, 20.297062]]}, "properties": {"feature_type": "edge", "u": 9, "v": 11, "edge_key": 0, "length_m": 20.472, "is_bridged": false, "is_bridge": false, "edge_betweenness": 0.0, "width_m": 9.384}}, {"type": "Feature", "geometry": {"type": "LineString", "coordinates": [[85.832952, 20.297079], [85.832934, 20.296934]]}, "properties": {"feature_type": "edge", "u": 9, "v": 17, "edge_key": 0, "length_m": 16.472, "is_bridged": false, "is_bridge": false, "edge_betweenness": 0.0, "width_m": 9.97}}, {"type": "Feature", "geometry": {"type": "LineString", "coordinates": [[85.83345, 20.297119], [85.833507, 20.297137], [85.833526, 20.297119], [85.833699, 20.29712], [85.833737, 20.297102]]}, "properties": {"feature_type": "edge", "u": 10, "v": 12, "edge_key": 0, "length_m": 32.129, "is_bridged": false, "is_bridge": false, "edge_betweenness": 0.0, "width_m": 8.347}}, {"type": "Feature", "geometry": {"type": "LineString", "coordinates": [[85.83345, 20.297119], [85.83345, 20.297046]]}, "properties": {"feature_type": "edge", "u": 10, "v": 14, "edge_key": 0, "length_m": 8.0, "is_bridged": false, "is_bridge": false, "edge_betweenness": 0.0, "width_m": 9.893}}, {"type": "Feature", "geometry": {"type": "LineString", "coordinates": [[85.833144, 20.297062], [85.833278, 20.297045]]}, "properties": {"feature_type": "edge", "u": 11, "v": 13, "edge_key": 0, "length_m": 14.472, "is_bridged": false, "is_bridge": false, "edge_betweenness": 0.0, "width_m": 9.781}}, {"type": "Feature", "geometry": {"type": "LineString", "coordinates": [[85.833144, 20.297062], [85.833183, 20.29699], [85.833183, 20.296918]]}, "properties": {"feature_type": "edge", "u": 11, "v": 19, "edge_key": 0, "length_m": 17.301, "is_bridged": false, "is_bridge": false, "edge_betweenness": 0.0, "width_m": 9.407}}, {"type": "Feature", "geometry": {"type": "LineString", "coordinates": [[85.833737, 20.297102], [85.83412, 20.297087], [85.83414, 20.297069], [85.834523, 20.297053], [85.834542, 20.297036], [85.834734, 20.297037], [85.834753, 20.297019], [85.835519, 20.29697], [85.835539, 20.296952], [85.836305, 20.296903], [85.836324, 20.296885], [85.836516, 20.296886], [85.836535, 20.296868], [85.836727, 20.296869], [85.836746, 20.296851], [85.836918, 20.296853], [85.836938, 20.296835], [85.837129, 20.296836], [85.837149, 20.296818], [85.83734, 20.296819], [85.837359, 20.296801], [85.837551, 20.296803], [85.83757, 20.296785], [85.837762, 20.296786], [85.837781, 20.296768], [85.838356, 20.296736], [85.838375, 20.296718], [85.838547, 20.296719], [85.838567, 20.296701], [85.838758, 20.296702], [85.838777, 20.296684], [85.839352, 20.296652], [85.839372, 20.296634], [85.840387, 20.296605], [85.840406, 20.296587], [85.840617, 20.296588], [85.840636, 20.29657], [85.840789, 20.296571], [85.840809, 20.296553], [85.841038, 20.296555], [85.841058, 20.296537], [85.841901, 20.29647], [85.841997, 20.296434]]}, "properties": {"feature_type": "edge", "u": 12, "v": 36, "edge_key": 0, "length_m": 895.137, "is_bridged": false, "is_bridge": false, "edge_betweenness": 0.0, "width_m": 8.108}}, {"type": "Feature", "geometry": {"type": "LineString", "coordinates": [[85.833737, 20.297102], [85.833719, 20.29703]]}, "properties": {"feature_type": "edge", "u": 12, "v": 16, "edge_key": 0, "length_m": 8.472, "is_bridged": false, "is_bridge": false, "edge_betweenness": 0.0, "width_m": 6.2}}, {"type": "Feature", "geometry": {"type": "LineString", "coordinates": [[85.833278, 20.297045], [85.83345, 20.297046]]}, "properties": {"feature_type": "edge", "u": 13, "v": 14, "edge_key": 0, "length_m": 18.0, "is_bridged": false, "is_bridge": false, "edge_betweenness": 0.0, "width_m": 9.064}}, {"type": "Feature", "geometry": {"type": "LineString", "coordinates": [[85.833278, 20.297045], [85.83326, 20.296846]]}, "properties": {"feature_type": "edge", "u": 13, "v": 21, "edge_key": 0, "length_m": 22.246, "is_bridged": false, "is_bridge": false, "edge_betweenness": 0.0, "width_m": 7.946}}, {"type": "Feature", "geometry": {"type": "LineString", "coordinates": [[85.83345, 20.297046], [85.833508, 20.297029], [85.833719, 20.29703]]}, "properties": {"feature_type": "edge", "u": 14, "v": 16, "edge_key": 0, "length_m": 28.325, "is_bridged": false, "is_bridge": false, "edge_betweenness": 0.0, "width_m": 8.16}}, {"type": "Feature", "geometry": {"type": "LineString", "coordinates": [[85.83345, 20.297046], [85.833471, 20.296902]]}, "properties": {"feature_type": "edge", "u": 14, "v": 20, "edge_key": 0, "length_m": 16.325, "is_bridged": false, "is_bridge": false, "edge_betweenness": 0.0, "width_m": 9.419}}, {"type": "Feature", "geometry": {"type": "LineString", "coordinates": [[85.828739, 20.296997], [85.828625, 20.296942], [85.828548, 20.296941], [85.828319, 20.296867], [85.828108, 20.29683], [85.827917, 20.296756], [85.82786, 20.296756], [85.827497, 20.296627], [85.82744, 20.296627], [85.82721, 20.296553], [85.826428, 20.296222], [85.826409, 20.29615]]}, "properties": {"feature_type": "edge", "u": 15, "v": 44, "edge_key": 0, "length_m": 285.04, "is_bridged": false, "is_bridge": false, "edge_betweenness": 0.0, "width_m": 8.595}}, {"type": "Feature", "geometry": {"type": "LineString", "coordinates": [[85.833719, 20.29703], [85.833872, 20.296995], [85.834044, 20.296996], [85.834064, 20.296978], [85.834428, 20.296962], [85.834447, 20.296945], [85.8346, 20.296946], [85.83462, 20.296928], [85.835367, 20.296878], [85.835386, 20.29686], [85.836114, 20.296811], [85.836134, 20.296793], [85.836287, 20.296794], [85.836306, 20.296776], [85.837628, 20.296695], [85.837648, 20.296677], [85.83782, 20.296678], [85.837839, 20.29666], [85.838012, 20.296661], [85.838031, 20.296643], [85.838203, 20.296644], [85.838222, 20.296626], [85.838395, 20.296627], [85.838414, 20.29661], [85.838586, 20.296611], [85.838606, 20.296593], [85.838797, 20.296594], [85.838817, 20.296576], [85.839276, 20.296561], [85.839296, 20.296543], [85.839506, 20.296544], [85.839526, 20.296527], [85.839736, 20.296528], [85.839756, 20.29651], [85.839966, 20.296511], [85.839986, 20.296493], [85.840196, 20.296495], [85.840215, 20.296477], [85.840426, 20.296478], [85.840445, 20.29646], [85.840656, 20.296462], [85.840675, 20.296444], [85.840905, 20.296445], [85.840924, 20.296427], [85.841135, 20.296429], [85.841154, 20.296411], [85.841998, 20.296362]]}, "properties": {"feature_type": "edge", "u": 16, "v": 40, "edge_key": 0, "length_m": 897.137, "is_bridged": false, "is_bridge": false, "edge_betweenness": 0.0, "width_m": 8.094}}, {"type": "Feature", "geometry": {"type": "LineString", "coordinates": [[85.832934, 20.296934], [85.832896, 20.296952], [85.832532, 20.296968], [85.832512, 20.296986], [85.831899, 20.297018], [85.83188, 20.297036], [85.83165, 20.297034], [85.831631, 20.297052], [85.830539, 20.297081], [85.83052, 20.297063], [85.830175, 20.297061], [85.830156, 20.297042], [85.829926, 20.297041], [85.829907, 20.297023], [85.829448, 20.296983], [85.829333, 20.296947], [85.828931, 20.29689], [85.828874, 20.296853], [85.828856, 20.296799]]}, "properties": {"feature_type": "edge", "u": 17, "v": 23, "edge_key": 0, "length_m": 447.365, "is_bridged": false, "is_bridge": false, "edge_betweenness": 0.0, "width_m": 8.158}}, {"type": "Feature", "geometry": {"type": "LineString", "coordinates": [[85.832934, 20.296934], [85.833183, 20.296918]]}, "properties": {"feature_type": "edge", "u": 17, "v": 19, "edge_key": 0, "length_m": 26.828, "is_bridged": false, "is_bridge": false, "edge_betweenness": 0.0, "width_m": 8.969}}, {"type": "Feature", "geometry": {"type": "LineString", "coordinates": [[85.832934, 20.296934], [85.832915, 20.296862]]}, "properties": {"feature_type": "edge", "u": 17, "v": 24, "edge_key": 0, "length_m": 8.472, "is_bridged": false, "is_bridge": false, "edge_betweenness": 0.0, "width_m": 12.768}}, {"type": "Feature", "geometry": {"type": "LineString", "coordinates": [[85.831785, 20.296927], [85.831727, 20.296944], [85.831459, 20.296943], [85.83144, 20.296961], [85.83075, 20.296974], [85.830731, 20.296956], [85.830367, 20.296953], [85.830348, 20.296935], [85.829525, 20.296857]]}, "properties": {"feature_type": "edge", "u": 18, "v": 22, "edge_key": 0, "length_m": 243.456, "is_bridged": false, "is_bridge": false, "edge_betweenness": 0.0, "width_m": 8.081}}, {"type": "Feature", "geometry": {"type": "LineString", "coordinates": [[85.831785, 20.296927], [85.832226, 20.296894], [85.832245, 20.296876], [85.832705, 20.296861], [85.832724, 20.296843], [85.832896, 20.296844], [85.832915, 20.296862]]}, "properties": {"feature_type": "edge", "u": 18, "v": 24, "edge_key": 0, "length_m": 122.971, "is_bridged": false, "is_bridge": false, "edge_betweenness": 0.0, "width_m": 8.367}}, {"type": "Feature", "geometry": {"type": "LineString", "coordinates": [[85.831785, 20.296927], [85.831786, 20.2968]]}, "properties": {"feature_type": "edge", "u": 18, "v": 26, "edge_key": 0, "length_m": 14.0, "is_bridged": false, "is_bridge": false, "edge_betweenness": 0.0, "width_m": 8.71}}, {"type": "Feature", "geometry": {"type": "LineString", "coordinates": [[85.833183, 20.296918], [85.83326, 20.296846]]}, "properties": {"feature_type": "edge", "u": 19, "v": 21, "edge_key": 0, "length_m": 11.683, "is_bridged": false, "is_bridge": false, "edge_betweenness": 0.0, "width_m": 7.988}}, {"type": "Feature", "geometry": {"type": "LineString", "coordinates": [[85.833471, 20.296902], [85.833337, 20.296901], [85.83326, 20.296846]]}, "properties": {"feature_type": "edge", "u": 20, "v": 21, "edge_key": 0, "length_m": 24.04, "is_bridged": false, "is_bridge": false, "edge_betweenness": 0.0, "width_m": 7.847}}, {"type": "Feature", "geometry": {"type": "LineString", "coordinates": [[85.833471, 20.296902], [85.833509, 20.296866]]}, "properties": {"feature_type": "edge", "u": 20, "v": 25, "edge_key": 0, "length_m": 5.657, "is_bridged": false, "is_bridge": false, "edge_betweenness": 0.0, "width_m": 11.759}}, {"type": "Feature", "geometry": {"type": "LineString", "coordinates": [[85.83326, 20.296846], [85.833203, 20.296828], [85.832973, 20.296826], [85.832915, 20.296862]]}, "properties": {"feature_type": "edge", "u": 21, "v": 24, "edge_key": 0, "length_m": 37.981, "is_bridged": false, "is_bridge": false, "edge_betweenness": 0.0, "width_m": 8.359}}, {"type": "Feature", "geometry": {"type": "LineString", "coordinates": [[85.83326, 20.296846], [85.833318, 20.296792], [85.83351, 20.296794]]}, "properties": {"feature_type": "edge", "u": 21, "v": 28, "edge_key": 0, "length_m": 28.485, "is_bridged": false, "is_bridge": false, "edge_betweenness": 0.0, "width_m": 8.195}}, {"type": "Feature", "geometry": {"type": "LineString", "coordinates": [[85.83326, 20.296846], [85.833262, 20.296684]]}, "properties": {"feature_type": "edge", "u": 21, "v": 30, "edge_key": 0, "length_m": 18.0, "is_bridged": false, "is_bridge": false, "edge_betweenness": 0.0, "width_m": 12.994}}, {"type": "Feature", "geometry": {"type": "LineString", "coordinates": [[85.829525, 20.296857], [85.829143, 20.296801], [85.829124, 20.296783], [85.828894, 20.296781], [85.828856, 20.296799]]}, "properties": {"feature_type": "edge", "u": 22, "v": 23, "edge_key": 0, "length_m": 73.786, "is_bridged": false, "is_bridge": false, "edge_betweenness": 0.0, "width_m": 9.033}}, {"type": "Feature", "geometry": {"type": "LineString", "coordinates": [[85.829525, 20.296857], [85.829508, 20.296695]]}, "properties": {"feature_type": "edge", "u": 22, "v": 29, "edge_key": 0, "length_m": 18.325, "is_bridged": false, "is_bridge": false, "edge_betweenness": 0.0, "width_m": 8.608}}, {"type": "Feature", "geometry": {"type": "LineString", "coordinates": [[85.828856, 20.296799], [85.828817, 20.296835], [85.828645, 20.296834], [85.828167, 20.296722], [85.827613, 20.296538], [85.827307, 20.296463], [85.826734, 20.296243], [85.826505, 20.296133], [85.826409, 20.29615]]}, "properties": {"feature_type": "edge", "u": 23, "v": 44, "edge_key": 0, "length_m": 289.462, "is_bridged": false, "is_bridge": false, "edge_betweenness": 0.0, "width_m": 8.609}}, {"type": "Feature", "geometry": {"type": "LineString", "coordinates": [[85.828856, 20.296799], [85.828818, 20.296726], [85.827957, 20.296522], [85.827422, 20.296356], [85.827384, 20.296319]]}, "properties": {"feature_type": "edge", "u": 23, "v": 38, "edge_key": 0, "length_m": 177.378, "is_bridged": false, "is_bridge": false, "edge_betweenness": 0.0, "width_m": 8.494}}, {"type": "Feature", "geometry": {"type": "LineString", "coordinates": [[85.833509, 20.296866], [85.833528, 20.296884], [85.83372, 20.296885], [85.833739, 20.296868], [85.833911, 20.296869], [85.833931, 20.296851], [85.834122, 20.296852], [85.834141, 20.296834], [85.834333, 20.296835], [85.834352, 20.296817], [85.834544, 20.296819], [85.834563, 20.296801], [85.834755, 20.296802], [85.834774, 20.296784], [85.834965, 20.296785], [85.834985, 20.296767], [85.835176, 20.296769], [85.835195, 20.296751], [85.83623, 20.296685], [85.836249, 20.296667], [85.837188, 20.296601], [85.837208, 20.296583], [85.837553, 20.296568], [85.837572, 20.29655], [85.837783, 20.296551], [85.837802, 20.296533], [85.838223, 20.296518], [85.838243, 20.2965], [85.839105, 20.296451], [85.839124, 20.296434], [85.839335, 20.296435], [85.839354, 20.296417], [85.839565, 20.296418], [85.839584, 20.2964], [85.839795, 20.296402], [85.839814, 20.296384], [85.840025, 20.296385], [85.840044, 20.296367], [85.840255, 20.296369], [85.840274, 20.296351], [85.840465, 20.296352], [85.840485, 20.296334], [85.840676, 20.296335], [85.840734, 20.296318]]}, "properties": {"feature_type": "edge", "u": 25, "v": 43, "edge_key": 0, "length_m": 782.995, "is_bridged": false, "is_bridge": false, "edge_betweenness": 0.0, "width_m": 8.11}}, {"type": "Feature", "geometry": {"type": "LineString", "coordinates": [[85.833509, 20.296866], [85.83351, 20.296794]]}, "properties": {"feature_type": "edge", "u": 25, "v": 28, "edge_key": 0, "length_m": 8.0, "is_bridged": false, "is_bridge": false, "edge_betweenness": 0.0, "width_m": 12.162}}, {"type": "Feature", "geometry": {"type": "LineString", "coordinates": [[85.831786, 20.2968], [85.831709, 20.2968]]}, "properties": {"feature_type": "edge", "u": 26, "v": 27, "edge_key": 0, "length_m": 8.0, "is_bridged": false, "is_bridge": false, "edge_betweenness": 0.0, "width_m": 9.105}}, {"type": "Feature", "geometry": {"type": "LineString", "coordinates": [[85.831786, 20.2968], [85.831805, 20.296782], [85.832399, 20.29675], [85.832418, 20.296732], [85.832591, 20.296733], [85.83261, 20.296715], [85.833262, 20.296684]]}, "properties": {"feature_type": "edge", "u": 26, "v": 30, "edge_key": 0, "length_m": 159.799, "is_bridged": false, "is_bridge": false, "edge_betweenness": 0.0, "width_m": 8.313}}, {"type": "Feature", "geometry": {"type": "LineString", "coordinates": [[85.831709, 20.2968], [85.830369, 20.296791], [85.83035, 20.296773], [85.830139, 20.296771], [85.83012, 20.296753], [85.829928, 20.296752], [85.829909, 20.296734], [85.829565, 20.296731], [85.829508, 20.296695]]}, "properties": {"feature_type": "edge", "u": 27, "v": 29, "edge_key": 0, "length_m": 233.696, "is_bridged": false, "is_bridge": false, "edge_betweenness": 0.0, "width_m": 8.063}}, {"type": "Feature", "geometry": {"type": "LineString", "coordinates": [[85.831709, 20.2968], [85.831712, 20.296493]]}, "properties": {"feature_type": "edge", "u": 27, "v": 34, "edge_key": 0, "length_m": 34.0, "is_bridged": false, "is_bridge": false, "edge_betweenness": 0.0, "width_m": 8.059}}, {"type": "Feature", "geometry": {"type": "LineString", "coordinates": [[85.83351, 20.296794], [85.833529, 20.296776], [85.834353, 20.296727], [85.834372, 20.296709], [85.834545, 20.29671], [85.834564, 20.296692]]}, "properties": {"feature_type": "edge", "u": 28, "v": 31, "edge_key": 0, "length_m": 114.971, "is_bridged": false, "is_bridge": false, "edge_betweenness": 0.0, "width_m": 8.215}}, {"type": "Feature", "geometry": {"type": "LineString", "coordinates": [[85.829508, 20.296695], [85.829373, 20.296694], [85.828991, 20.296601], [85.828915, 20.2966], [85.828819, 20.296564], [85.828742, 20.296563], [85.828647, 20.296526], [85.82857, 20.296526], [85.828475, 20.296489], [85.828398, 20.296489], [85.828341, 20.296452], [85.828131, 20.296396], [85.827653, 20.296213], [85.827405, 20.296157]]}, "properties": {"feature_type": "edge", "u": 29, "v": 46, "edge_key": 0, "length_m": 244.024, "is_bridged": false, "is_bridge": false, "edge_betweenness": 0.0, "width_m": 8.448}}, {"type": "Feature", "geometry": {"type": "LineString", "coordinates": [[85.829508, 20.296695], [85.829492, 20.296189]]}, "properties": {"feature_type": "edge", "u": 29, "v": 45, "edge_key": 0, "length_m": 56.828, "is_bridged": false, "is_bridge": false, "edge_betweenness": 0.0, "width_m": 8.315}}, {"type": "Feature", "geometry": {"type": "LineString", "coordinates": [[85.833262, 20.296684], [85.833281, 20.296666], [85.833302, 20.296431], [85.833321, 20.296413], [85.833322, 20.29625], [85.833342, 20.296232], [85.833383, 20.295799]]}, "properties": {"feature_type": "edge", "u": 30, "v": 76, "edge_key": 0, "length_m": 102.971, "is_bridged": false, "is_bridge": false, "edge_betweenness": 0.0, "width_m": 13.524}}, {"type": "Feature", "geometry": {"type": "LineString", "coordinates": [[85.834564, 20.296692], [85.834775, 20.296694], [85.834794, 20.296676], [85.834985, 20.296677], [85.835005, 20.296659], [85.835196, 20.29666], [85.835215, 20.296642], [85.835407, 20.296644], [85.835465, 20.296626]]}, "properties": {"feature_type": "edge", "u": 31, "v": 32, "edge_key": 0, "length_m": 97.314, "is_bridged": false, "is_bridge": false, "edge_betweenness": 0.0, "width_m": 8.154}}, {"type": "Feature", "geometry": {"type": "LineString", "coordinates": [[85.834564, 20.296692], [85.834566, 20.296367], [85.834625, 20.296151], [85.834626, 20.29606], [85.834665, 20.296024], [85.834722, 20.296007], [85.834914, 20.296008], [85.834933, 20.29599], [85.835125, 20.295991], [85.835144, 20.295973], [85.835316, 20.295975], [85.835335, 20.295957], [85.835374, 20.295975]]}, "properties": {"feature_type": "edge", "u": 31, "v": 64, "edge_key": 0, "length_m": 156.284, "is_bridged": false, "is_bridge": true, "edge_betweenness": 0.0, "width_m": 8.106}}, {"type": "Feature", "geometry": {"type": "LineString", "coordinates": [[85.835465, 20.296626], [85.83625, 20.296577], [85.836269, 20.296559], [85.836461, 20.29656], [85.83648, 20.296542], [85.836863, 20.296527], [85.836883, 20.296509], [85.837266, 20.296493], [85.837285, 20.296476], [85.837477, 20.296477], [85.837496, 20.296459], [85.837879, 20.296443], [85.837898, 20.296425], [85.83832, 20.29641], [85.838339, 20.296392], [85.83878, 20.296377], [85.838799, 20.296359]]}, "properties": {"feature_type": "edge", "u": 32, "v": 39, "edge_key": 0, "length_m": 361.255, "is_bridged": false, "is_bridge": false, "edge_betweenness": 0.0, "width_m": 8.117}}, {"type": "Feature", "geometry": {"type": "LineString", "coordinates": [[85.835465, 20.296626], [85.835448, 20.296319], [85.835429, 20.296301], [85.83543, 20.296066], [85.835469, 20.29603], [85.836868, 20.295949]]}, "properties": {"feature_type": "edge", "u": 32, "v": 69, "edge_key": 0, "length_m": 219.456, "is_bridged": false, "is_bridge": false, "edge_betweenness": 0.0, "width_m": 8.09}}, {"type": "Feature", "geometry": {"type": "LineString", "coordinates": [[85.831233, 20.296508], [85.831214, 20.296471], [85.831216, 20.2962], [85.831197, 20.296182], [85.8312, 20.295821]]}, "properties": {"feature_type": "edge", "u": 33, "v": 73, "edge_key": 0, "length_m": 77.657, "is_bridged": false, "is_bridge": true, "edge_betweenness": 0.0, "width_m": 8.162}}, {"type": "Feature", "geometry": {"type": "LineString", "coordinates": [[85.831712, 20.296493], [85.832172, 20.29646], [85.832191, 20.296442], [85.832325, 20.296443], [85.832344, 20.296425], [85.832311, 20.295774]]}, "properties": {"feature_type": "edge", "u": 34, "v": 75, "edge_key": 0, "length_m": 142.971, "is_bridged": false, "is_bridge": false, "edge_betweenness": 0.0, "width_m": 8.198}}, {"type": "Feature", "geometry": {"type": "LineString", "coordinates": [[85.831712, 20.296493], [85.831713, 20.296294], [85.831694, 20.296276], [85.831695, 20.296095], [85.831676, 20.296077], [85.831659, 20.295824]]}, "properties": {"feature_type": "edge", "u": 34, "v": 74, "edge_key": 0, "length_m": 76.485, "is_bridged": false, "is_bridge": false, "edge_betweenness": 0.0, "width_m": 8.171}}, {"type": "Feature", "geometry": {"type": "LineString", "coordinates": [[85.830697, 20.29645], [85.830679, 20.296233]]}, "properties": {"feature_type": "edge", "u": 35, "v": 42, "edge_key": 0, "length_m": 24.828, "is_bridged": false, "is_bridge": true, "edge_betweenness": 0.0, "width_m": 8.355}}, {"type": "Feature", "geometry": {"type": "LineString", "coordinates": [[85.841997, 20.296434], [85.842016, 20.296453], [85.84215, 20.296454], [85.842169, 20.296436]]}, "properties": {"feature_type": "edge", "u": 36, "v": 37, "edge_key": 0, "length_m": 19.657, "is_bridged": false, "is_bridge": false, "edge_betweenness": 0.0, "width_m": 8.731}}, {"type": "Feature", "geometry": {"type": "LineString", "coordinates": [[85.841997, 20.296434], [85.841998, 20.296362]]}, "properties": {"feature_type": "edge", "u": 36, "v": 40, "edge_key": 0, "length_m": 8.0, "is_bridged": false, "is_bridge": false, "edge_betweenness": 0.0, "width_m": 9.893}}, {"type": "Feature", "geometry": {"type": "LineString", "coordinates": [[85.842169, 20.296436], [85.842399, 20.296437], [85.842418, 20.296419], [85.84261, 20.29642], [85.842629, 20.296403], [85.84284, 20.296404], [85.842859, 20.296386], [85.8433, 20.296371], [85.843319, 20.296353], [85.843511, 20.296354], [85.84353, 20.296336], [85.843741, 20.296338], [85.84376, 20.29632], [85.843913, 20.296321], [85.843932, 20.296303], [85.844565, 20.296253]]}, "properties": {"feature_type": "edge", "u": 37, "v": 52, "edge_key": 0, "length_m": 259.113, "is_bridged": false, "is_bridge": true, "edge_betweenness": 0.0, "width_m": 8.123}}, {"type": "Feature", "geometry": {"type": "LineString", "coordinates": [[85.842169, 20.296436], [85.842151, 20.296345]]}, "properties": {"feature_type": "edge", "u": 37, "v": 41, "edge_key": 0, "length_m": 10.472, "is_bridged": false, "is_bridge": false, "edge_betweenness": 0.0, "width_m": 10.064}}, {"type": "Feature", "geometry": {"type": "LineString", "coordinates": [[85.827384, 20.296319], [85.827308, 20.296319], [85.827155, 20.296263], [85.826773, 20.296098], [85.826754, 20.296062]]}, "properties": {"feature_type": "edge", "u": 38, "v": 58, "edge_key": 0, "length_m": 78.413, "is_bridged": false, "is_bridge": false, "edge_betweenness": 0.0, "width_m": 8.73}}, {"type": "Feature", "geometry": {"type": "LineString", "coordinates": [[85.827384, 20.296319], [85.827405, 20.296157]]}, "properties": {"feature_type": "edge", "u": 38, "v": 46, "edge_key": 0, "length_m": 18.828, "is_bridged": false, "is_bridge": false, "edge_betweenness": 0.0, "width_m": 8.59}}, {"type": "Feature", "geometry": {"type": "LineString", "coordinates": [[85.838799, 20.296359], [85.83901, 20.29636], [85.839029, 20.296343], [85.83968, 20.296311], [85.8397, 20.296293], [85.83993, 20.296294], [85.839949, 20.296276], [85.840159, 20.296278], [85.840179, 20.29626], [85.840409, 20.296261], [85.840428, 20.296243], [85.840734, 20.296245]]}, "properties": {"feature_type": "edge", "u": 39, "v": 48, "edge_key": 0, "length_m": 207.799, "is_bridged": false, "is_bridge": false, "edge_betweenness": 0.0, "width_m": 8.109}}, {"type": "Feature", "geometry": {"type": "LineString", "coordinates": [[85.838799, 20.296359], [85.838765, 20.295726]]}, "properties": {"feature_type": "edge", "u": 39, "v": 80, "edge_key": 0, "length_m": 71.657, "is_bridged": false, "is_bridge": false, "edge_betweenness": 0.0, "width_m": 8.25}}, {"type": "Feature", "geometry": {"type": "LineString", "coordinates": [[85.841998, 20.296362], [85.842151, 20.296345]]}, "properties": {"feature_type": "edge", "u": 40, "v": 41, "edge_key": 0, "length_m": 16.828, "is_bridged": false, "is_bridge": false, "edge_betweenness": 0.0, "width_m": 9.082}}, {"type": "Feature", "geometry": {"type": "LineString", "coordinates": [[85.841998, 20.296362], [85.841961, 20.296181]]}, "properties": {"feature_type": "edge", "u": 40, "v": 54, "edge_key": 0, "length_m": 20.797, "is_bridged": false, "is_bridge": false, "edge_betweenness": 0.0, "width_m": 8.564}}, {"type": "Feature", "geometry": {"type": "LineString", "coordinates": [[85.842151, 20.296345], [85.842572, 20.296312], [85.842592, 20.296294], [85.842745, 20.296295], [85.842764, 20.296277], [85.843109, 20.296261], [85.843128, 20.296243], [85.843282, 20.296244], [85.843301, 20.296226], [85.843646, 20.29621], [85.843665, 20.296193], [85.843818, 20.296194], [85.843838, 20.296176], [85.844182, 20.29616], [85.844202, 20.296142], [85.844355, 20.296143], [85.844374, 20.296125], [85.844547, 20.296126], [85.844585, 20.296108]]}, "properties": {"feature_type": "edge", "u": 41, "v": 61, "edge_key": 0, "length_m": 265.598, "is_bridged": false, "is_bridge": true, "edge_betweenness": 0.0, "width_m": 8.124}}, {"type": "Feature", "geometry": {"type": "LineString", "coordinates": [[85.842151, 20.296345], [85.842171, 20.296165]]}, "properties": {"feature_type": "edge", "u": 41, "v": 57, "edge_key": 0, "length_m": 20.325, "is_bridged": false, "is_bridge": false, "edge_betweenness": 0.0, "width_m": 8.564}}, {"type": "Feature", "geometry": {"type": "LineString", "coordinates": [[85.830679, 20.296233], [85.829837, 20.296209], [85.829779, 20.296191]]}, "properties": {"feature_type": "edge", "u": 42, "v": 47, "edge_key": 0, "length_m": 95.657, "is_bridged": false, "is_bridge": false, "edge_betweenness": 0.0, "width_m": 8.134}}, {"type": "Feature", "geometry": {"type": "LineString", "coordinates": [[85.830679, 20.296233], [85.830682, 20.295817]]}, "properties": {"feature_type": "edge", "u": 42, "v": 72, "edge_key": 0, "length_m": 46.0, "is_bridged": false, "is_bridge": false, "edge_betweenness": 0.0, "width_m": 8.344}}, {"type": "Feature", "geometry": {"type": "LineString", "coordinates": [[85.840734, 20.296318], [85.840906, 20.296319], [85.840983, 20.296265]]}, "properties": {"feature_type": "edge", "u": 43, "v": 49, "edge_key": 0, "length_m": 28.485, "is_bridged": false, "is_bridge": false, "edge_betweenness": 0.0, "width_m": 9.068}}, {"type": "Feature", "geometry": {"type": "LineString", "coordinates": [[85.840734, 20.296318], [85.840734, 20.296245]]}, "properties": {"feature_type": "edge", "u": 43, "v": 48, "edge_key": 0, "length_m": 8.0, "is_bridged": false, "is_bridge": false, "edge_betweenness": 0.0, "width_m": 8.315}}, {"type": "Feature", "geometry": {"type": "LineString", "coordinates": [[85.826409, 20.29615], [85.826294, 20.296167], [85.826046, 20.296039], [85.826008, 20.296039], [85.82576, 20.295911], [85.825721, 20.29591], [85.825416, 20.295746]]}, "properties": {"feature_type": "edge", "u": 44, "v": 78, "edge_key": 0, "length_m": 123.3, "is_bridged": false, "is_bridge": true, "edge_betweenness": 0.0, "width_m": 8.558}}, {"type": "Feature", "geometry": {"type": "LineString", "coordinates": [[85.826409, 20.29615], [85.826371, 20.29615]]}, "properties": {"feature_type": "edge", "u": 44, "v": 573, "edge_key": 0, "length_m": 4.0, "is_bridged": false, "is_bridge": false, "edge_betweenness": 0.0, "width_m": 1.333}}, {"type": "Feature", "geometry": {"type": "LineString", "coordinates": [[85.826371, 20.29615], [85.826409, 20.29615]]}, "properties": {"feature_type": "edge", "u": 44, "v": 573, "edge_key": 1, "length_m": 4.0, "is_bridged": false, "is_bridge": false, "edge_betweenness": 0.0, "width_m": 1.333}}, {"type": "Feature", "geometry": {"type": "LineString", "coordinates": [[85.826409, 20.29615], [85.826371, 20.296077], [85.826333, 20.296077], [85.825799, 20.295821], [85.825532, 20.295656], [85.825436, 20.295619]]}, "properties": {"feature_type": "edge", "u": 44, "v": 82, "edge_key": 0, "length_m": 127.655, "is_bridged": false, "is_bridge": true, "edge_betweenness": 0.0, "width_m": 8.436}}, {"type": "Feature", "geometry": {"type": "LineString", "coordinates": [[85.829492, 20.296189], [85.829263, 20.296097]]}, "properties": {"feature_type": "edge", "u": 45, "v": 59, "edge_key": 0, "length_m": 28.142, "is_bridged": false, "is_bridge": false, "edge_betweenness": 0.0, "width_m": 9.253}}, {"type": "Feature", "geometry": {"type": "LineString", "coordinates": [[85.829492, 20.296189], [85.829779, 20.296191]]}, "properties": {"feature_type": "edge", "u": 45, "v": 47, "edge_key": 0, "length_m": 30.0, "is_bridged": false, "is_bridge": false, "edge_betweenness": 0.0, "width_m": 8.304}}, {"type": "Feature", "geometry": {"type": "LineString", "coordinates": [[85.827405, 20.296157], [85.827348, 20.296102]]}, "properties": {"feature_type": "edge", "u": 46, "v": 55, "edge_key": 0, "length_m": 9.301, "is_bridged": false, "is_bridge": false, "edge_betweenness": 0.0, "width_m": 9.708}}, {"type": "Feature", "geometry": {"type": "LineString", "coordinates": [[85.829779, 20.296191], [85.82971, 20.295287]]}, "properties": {"feature_type": "edge", "u": 47, "v": 96, "edge_key": 0, "length_m": 103.314, "is_bridged": false, "is_bridge": false, "edge_betweenness": 0.0, "width_m": 8.116}}, {"type": "Feature", "geometry": {"type": "LineString", "coordinates": [[85.840734, 20.296245], [85.840754, 20.296227], [85.840945, 20.296229], [85.840983, 20.296265]]}, "properties": {"feature_type": "edge", "u": 48, "v": 49, "edge_key": 0, "length_m": 28.485, "is_bridged": false, "is_bridge": false, "edge_betweenness": 0.0, "width_m": 9.343}}, {"type": "Feature", "geometry": {"type": "LineString", "coordinates": [[85.840983, 20.296265], [85.84129, 20.296249]]}, "properties": {"feature_type": "edge", "u": 49, "v": 50, "edge_key": 0, "length_m": 32.828, "is_bridged": false, "is_bridge": false, "edge_betweenness": 0.0, "width_m": 15.852}}, {"type": "Feature", "geometry": {"type": "LineString", "coordinates": [[85.84129, 20.296249], [85.841347, 20.296286], [85.841462, 20.296232]]}, "properties": {"feature_type": "edge", "u": 50, "v": 51, "edge_key": 0, "length_m": 21.786, "is_bridged": false, "is_bridge": false, "edge_betweenness": 0.0, "width_m": 10.323}}, {"type": "Feature", "geometry": {"type": "LineString", "coordinates": [[85.84129, 20.296249], [85.841328, 20.296195], [85.841405, 20.296196], [85.841462, 20.296232]]}, "properties": {"feature_type": "edge", "u": 50, "v": 51, "edge_key": 1, "length_m": 22.601, "is_bridged": false, "is_bridge": false, "edge_betweenness": 0.0, "width_m": 10.605}}, {"type": "Feature", "geometry": {"type": "LineString", "coordinates": [[85.841462, 20.296232], [85.841558, 20.296269], [85.841615, 20.296251], [85.841654, 20.296197]]}, "properties": {"feature_type": "edge", "u": 51, "v": 53, "edge_key": 0, "length_m": 25.43, "is_bridged": false, "is_bridge": false, "edge_betweenness": 0.0, "width_m": 10.426}}, {"type": "Feature", "geometry": {"type": "LineString", "coordinates": [[85.841462, 20.296232], [85.84152, 20.296178], [85.841654, 20.296197]]}, "properties": {"feature_type": "edge", "u": 51, "v": 53, "edge_key": 1, "length_m": 22.957, "is_bridged": false, "is_bridge": false, "edge_betweenness": 0.0, "width_m": 10.461}}, {"type": "Feature", "geometry": {"type": "LineString", "coordinates": [[85.841654, 20.296197], [85.841711, 20.296252], [85.841769, 20.296252], [85.841846, 20.296199]]}, "properties": {"feature_type": "edge", "u": 53, "v": 56, "edge_key": 0, "length_m": 24.971, "is_bridged": false, "is_bridge": false, "edge_betweenness": 0.0, "width_m": 10.52}}, {"type": "Feature", "geometry": {"type": "LineString", "coordinates": [[85.841654, 20.296197], [85.841788, 20.296144]]}, "properties": {"feature_type": "edge", "u": 53, "v": 60, "edge_key": 0, "length_m": 15.773, "is_bridged": false, "is_bridge": false, "edge_betweenness": 0.0, "width_m": 10.2}}, {"type": "Feature", "geometry": {"type": "LineString", "coordinates": [[85.841961, 20.296181], [85.841846, 20.296199]]}, "properties": {"feature_type": "edge", "u": 54, "v": 56, "edge_key": 0, "length_m": 12.246, "is_bridged": false, "is_bridge": false, "edge_betweenness": 0.0, "width_m": 12.162}}, {"type": "Feature", "geometry": {"type": "LineString", "coordinates": [[85.841961, 20.296181], [85.842171, 20.296165]]}, "properties": {"feature_type": "edge", "u": 54, "v": 57, "edge_key": 0, "length_m": 22.325, "is_bridged": false, "is_bridge": false, "edge_betweenness": 0.0, "width_m": 13.0}}, {"type": "Feature", "geometry": {"type": "LineString", "coordinates": [[85.841961, 20.296181], [85.841962, 20.295964], [85.841943, 20.295946]]}, "properties": {"feature_type": "edge", "u": 54, "v": 71, "edge_key": 0, "length_m": 26.828, "is_bridged": false, "is_bridge": false, "edge_betweenness": 0.0, "width_m": 8.764}}, {"type": "Feature", "geometry": {"type": "LineString", "coordinates": [[85.827348, 20.296102], [85.827233, 20.296083], [85.826908, 20.295955], [85.826774, 20.295936]]}, "properties": {"feature_type": "edge", "u": 55, "v": 63, "edge_key": 0, "length_m": 67.1, "is_bridged": false, "is_bridge": false, "edge_betweenness": 0.0, "width_m": 8.659}}, {"type": "Feature", "geometry": {"type": "LineString", "coordinates": [[85.827348, 20.296102], [85.827351, 20.295614]]}, "properties": {"feature_type": "edge", "u": 55, "v": 83, "edge_key": 0, "length_m": 54.0, "is_bridged": false, "is_bridge": false, "edge_betweenness": 0.0, "width_m": 8.417}}, {"type": "Feature", "geometry": {"type": "LineString", "coordinates": [[85.841846, 20.296199], [85.841788, 20.296144]]}, "properties": {"feature_type": "edge", "u": 56, "v": 60, "edge_key": 0, "length_m": 8.485, "is_bridged": false, "is_bridge": false, "edge_betweenness": 0.0, "width_m": 12.819}}, {"type": "Feature", "geometry": {"type": "LineString", "coordinates": [[85.842171, 20.296165], [85.842229, 20.296201], [85.84242, 20.296202], [85.842439, 20.296184], [85.842803, 20.296169], [85.842823, 20.296151], [85.842976, 20.296152], [85.842995, 20.296134], [85.843148, 20.296135], [85.843168, 20.296117], [85.843359, 20.296118], [85.843378, 20.2961], [85.84357, 20.296102], [85.843589, 20.296084], [85.843781, 20.296085], [85.8438, 20.296067], [85.844567, 20.296018]]}, "properties": {"feature_type": "edge", "u": 57, "v": 65, "edge_key": 0, "length_m": 260.324, "is_bridged": false, "is_bridge": true, "edge_betweenness": 0.0, "width_m": 8.067}}, {"type": "Feature", "geometry": {"type": "LineString", "coordinates": [[85.842171, 20.296165], [85.84221, 20.296111], [85.842306, 20.296093], [85.842325, 20.296057]]}, "properties": {"feature_type": "edge", "u": 57, "v": 62, "edge_key": 0, "length_m": 22.512, "is_bridged": false, "is_bridge": false, "edge_betweenness": 0.0, "width_m": 8.354}}, {"type": "Feature", "geometry": {"type": "LineString", "coordinates": [[85.842171, 20.296165], [85.842134, 20.296092], [85.842134, 20.296002], [85.842173, 20.295966]]}, "properties": {"feature_type": "edge", "u": 57, "v": 70, "edge_key": 0, "length_m": 24.601, "is_bridged": false, "is_bridge": false, "edge_betweenness": 0.0, "width_m": 6.5}}, {"type": "Feature", "geometry": {"type": "LineString", "coordinates": [[85.826754, 20.296062], [85.826678, 20.296061], [85.826086, 20.295786], [85.826048, 20.29575], [85.825876, 20.295677], [85.825419, 20.295384]]}, "properties": {"feature_type": "edge", "u": 58, "v": 90, "edge_key": 0, "length_m": 170.652, "is_bridged": false, "is_bridge": true, "edge_betweenness": 0.0, "width_m": 8.9}}, {"type": "Feature", "geometry": {"type": "LineString", "coordinates": [[85.826754, 20.296062], [85.826774, 20.295936]]}, "properties": {"feature_type": "edge", "u": 58, "v": 63, "edge_key": 0, "length_m": 14.828, "is_bridged": false, "is_bridge": false, "edge_betweenness": 0.0, "width_m": 8.63}}, {"type": "Feature", "geometry": {"type": "LineString", "coordinates": [[85.829263, 20.296097], [85.829167, 20.296096], [85.828842, 20.296004], [85.828479, 20.295947], [85.828384, 20.295892]]}, "properties": {"feature_type": "edge", "u": 59, "v": 67, "edge_key": 0, "length_m": 101.113, "is_bridged": false, "is_bridge": false, "edge_betweenness": 0.0, "width_m": 8.605}}, {"type": "Feature", "geometry": {"type": "LineString", "coordinates": [[85.829263, 20.296097], [85.829248, 20.295573], [85.829229, 20.295554], [85.829231, 20.295211]]}, "properties": {"feature_type": "edge", "u": 59, "v": 100, "edge_key": 0, "length_m": 99.657, "is_bridged": false, "is_bridge": false, "edge_betweenness": 0.0, "width_m": 8.211}}, {"type": "Feature", "geometry": {"type": "LineString", "coordinates": [[85.841788, 20.296144], [85.841789, 20.29609], [85.841828, 20.296036], [85.841943, 20.295946]]}, "properties": {"feature_type": "edge", "u": 60, "v": 71, "edge_key": 0, "length_m": 29.443, "is_bridged": false, "is_bridge": false, "edge_betweenness": 0.0, "width_m": 9.411}}, {"type": "Feature", "geometry": {"type": "LineString", "coordinates": [[85.842325, 20.296057], [85.84223, 20.295966], [85.842173, 20.295966]]}, "properties": {"feature_type": "edge", "u": 62, "v": 70, "edge_key": 0, "length_m": 21.314, "is_bridged": false, "is_bridge": false, "edge_betweenness": 0.0, "width_m": 7.972}}, {"type": "Feature", "geometry": {"type": "LineString", "coordinates": [[85.842325, 20.296057], [85.842459, 20.296076], [85.842479, 20.296058], [85.84267, 20.296059], [85.842689, 20.296042], [85.843073, 20.296026], [85.843092, 20.296008], [85.843264, 20.296009], [85.843283, 20.295991], [85.843456, 20.295992], [85.843475, 20.295974], [85.843667, 20.295976], [85.843686, 20.295958], [85.843858, 20.295959], [85.843878, 20.295941], [85.844567, 20.295891]]}, "properties": {"feature_type": "edge", "u": 62, "v": 77, "edge_key": 0, "length_m": 243.585, "is_bridged": false, "is_bridge": true, "edge_betweenness": 0.0, "width_m": 8.139}}, {"type": "Feature", "geometry": {"type": "LineString", "coordinates": [[85.826774, 20.295936], [85.826622, 20.295844], [85.826622, 20.29579], [85.826661, 20.295718], [85.826662, 20.295555], [85.826587, 20.295428], [85.826568, 20.295338], [85.826665, 20.295266], [85.827106, 20.295143]]}, "properties": {"feature_type": "edge", "u": 63, "v": 103, "edge_key": 0, "length_m": 147.054, "is_bridged": false, "is_bridge": true, "edge_betweenness": 0.0, "width_m": 8.509}}, {"type": "Feature", "geometry": {"type": "LineString", "coordinates": [[85.828384, 20.295892], [85.828288, 20.295892], [85.8276, 20.29567], [85.827351, 20.295614]]}, "properties": {"feature_type": "edge", "u": 67, "v": 83, "edge_key": 0, "length_m": 120.07, "is_bridged": false, "is_bridge": false, "edge_betweenness": 0.0, "width_m": 8.53}}, {"type": "Feature", "geometry": {"type": "LineString", "coordinates": [[85.828384, 20.295892], [85.828385, 20.295693], [85.828366, 20.295675], [85.828331, 20.295259]]}, "properties": {"feature_type": "edge", "u": 67, "v": 98, "edge_key": 0, "length_m": 72.485, "is_bridged": false, "is_bridge": false, "edge_betweenness": 0.0, "width_m": 8.278}}, {"type": "Feature", "geometry": {"type": "LineString", "coordinates": [[85.830241, 20.295905], [85.830222, 20.295868], [85.830226, 20.295326]]}, "properties": {"feature_type": "edge", "u": 68, "v": 94, "edge_key": 0, "length_m": 64.828, "is_bridged": false, "is_bridge": true, "edge_betweenness": 0.0, "width_m": 8.238}}, {"type": "Feature", "geometry": {"type": "LineString", "coordinates": [[85.836868, 20.295949], [85.837596, 20.295881], [85.837615, 20.295863], [85.837769, 20.295864], [85.837788, 20.295846], [85.837922, 20.295847], [85.837941, 20.295829], [85.838075, 20.29583], [85.838363, 20.295742], [85.838765, 20.295726]]}, "properties": {"feature_type": "edge", "u": 69, "v": 80, "edge_key": 0, "length_m": 208.77, "is_bridged": false, "is_bridge": false, "edge_betweenness": 0.0, "width_m": 8.198}}, {"type": "Feature", "geometry": {"type": "LineString", "coordinates": [[85.836868, 20.295949], [85.83685, 20.295732], [85.836889, 20.295696], [85.836965, 20.295696], [85.837004, 20.295642], [85.837006, 20.295426], [85.837025, 20.29539]]}, "properties": {"feature_type": "edge", "u": 69, "v": 95, "edge_key": 0, "length_m": 74.614, "is_bridged": false, "is_bridge": false, "edge_betweenness": 0.0, "width_m": 8.362}}, {"type": "Feature", "geometry": {"type": "LineString", "coordinates": [[85.842173, 20.295966], [85.842116, 20.295857], [85.842118, 20.295586], [85.842137, 20.295568], [85.842138, 20.295442], [85.842158, 20.295424], [85.842178, 20.295243]]}, "properties": {"feature_type": "edge", "u": 70, "v": 102, "edge_key": 0, "length_m": 84.525, "is_bridged": false, "is_bridge": false, "edge_betweenness": 0.0, "width_m": 8.23}}, {"type": "Feature", "geometry": {"type": "LineString", "coordinates": [[85.841943, 20.295946], [85.841963, 20.295892], [85.841964, 20.295675]]}, "properties": {"feature_type": "edge", "u": 71, "v": 84, "edge_key": 0, "length_m": 30.828, "is_bridged": false, "is_bridge": false, "edge_betweenness": 0.0, "width_m": 9.903}}, {"type": "Feature", "geometry": {"type": "LineString", "coordinates": [[85.830682, 20.295817], [85.830663, 20.295799], [85.830665, 20.295636], [85.830646, 20.295618], [85.830628, 20.295383]]}, "properties": {"feature_type": "edge", "u": 72, "v": 92, "edge_key": 0, "length_m": 50.485, "is_bridged": false, "is_bridge": false, "edge_betweenness": 0.0, "width_m": 8.355}}, {"type": "Feature", "geometry": {"type": "LineString", "coordinates": [[85.830682, 20.295817], [85.8312, 20.295821]]}, "properties": {"feature_type": "edge", "u": 72, "v": 73, "edge_key": 0, "length_m": 54.0, "is_bridged": false, "is_bridge": false, "edge_betweenness": 0.0, "width_m": 8.303}}, {"type": "Feature", "geometry": {"type": "LineString", "coordinates": [[85.8312, 20.295821], [85.831659, 20.295824]]}, "properties": {"feature_type": "edge", "u": 73, "v": 74, "edge_key": 0, "length_m": 48.0, "is_bridged": false, "is_bridge": false, "edge_betweenness": 0.0, "width_m": 8.288}}, {"type": "Feature", "geometry": {"type": "LineString", "coordinates": [[85.8312, 20.295821], [85.831181, 20.295784], [85.831182, 20.29564], [85.831163, 20.295622], [85.831164, 20.295441], [85.831183, 20.295405]]}, "properties": {"feature_type": "edge", "u": 73, "v": 91, "edge_key": 0, "length_m": 47.773, "is_bridged": false, "is_bridge": false, "edge_betweenness": 0.0, "width_m": 8.43}}, {"type": "Feature", "geometry": {"type": "LineString", "coordinates": [[85.831659, 20.295824], [85.832119, 20.295809], [85.832138, 20.295791], [85.832272, 20.295792], [85.832311, 20.295774]]}, "properties": {"feature_type": "edge", "u": 74, "v": 75, "edge_key": 0, "length_m": 70.129, "is_bridged": false, "is_bridge": false, "edge_betweenness": 0.0, "width_m": 8.287}}, {"type": "Feature", "geometry": {"type": "LineString", "coordinates": [[85.831659, 20.295824], [85.831643, 20.295426], [85.831624, 20.295408], [85.831183, 20.295405]]}, "properties": {"feature_type": "edge", "u": 74, "v": 91, "edge_key": 0, "length_m": 93.657, "is_bridged": false, "is_bridge": false, "edge_betweenness": 0.0, "width_m": 8.252}}, {"type": "Feature", "geometry": {"type": "LineString", "coordinates": [[85.832311, 20.295774], [85.832541, 20.295721], [85.832867, 20.295723], [85.832886, 20.295742], [85.833096, 20.295743], [85.833115, 20.295761], [85.833383, 20.295799]]}, "properties": {"feature_type": "edge", "u": 75, "v": 76, "edge_key": 0, "length_m": 117.799, "is_bridged": false, "is_bridge": false, "edge_betweenness": 0.0, "width_m": 8.309}}, {"type": "Feature", "geometry": {"type": "LineString", "coordinates": [[85.832311, 20.295774], [85.832311, 20.295702], [85.832292, 20.295683], [85.832295, 20.295286], [85.832276, 20.295268], [85.832354, 20.295142], [85.833122, 20.294822], [85.833371, 20.294823], [85.833505, 20.29486]]}, "properties": {"feature_type": "edge", "u": 75, "v": 114, "edge_key": 0, "length_m": 211.539, "is_bridged": false, "is_bridge": false, "edge_betweenness": 0.0, "width_m": 8.462}}, {"type": "Feature", "geometry": {"type": "LineString", "coordinates": [[85.833383, 20.295799], [85.833404, 20.295618], [85.833423, 20.295601], [85.833424, 20.295474], [85.833443, 20.295456], [85.833444, 20.29533], [85.833463, 20.295312], [85.833464, 20.295185], [85.833484, 20.295167], [85.833485, 20.295041], [85.833504, 20.295023], [85.833505, 20.29486]]}, "properties": {"feature_type": "edge", "u": 76, "v": 114, "edge_key": 0, "length_m": 108.971, "is_bridged": false, "is_bridge": false, "edge_betweenness": 0.0, "width_m": 8.26}}, {"type": "Feature", "geometry": {"type": "LineString", "coordinates": [[85.840527, 20.295828], [85.840262, 20.295339], [85.840321, 20.295213], [85.840343, 20.294815]]}, "properties": {"feature_type": "edge", "u": 79, "v": 120, "edge_key": 0, "length_m": 126.912, "is_bridged": false, "is_bridge": true, "edge_betweenness": 0.0, "width_m": 8.531}}, {"type": "Feature", "geometry": {"type": "LineString", "coordinates": [[85.838765, 20.295726], [85.839015, 20.29571], [85.839034, 20.295692], [85.839206, 20.295693], [85.839226, 20.295675], [85.839398, 20.295676], [85.839417, 20.295658], [85.83959, 20.29566], [85.839609, 20.295642], [85.839762, 20.295643], [85.839781, 20.295625], [85.839915, 20.295626], [85.839935, 20.295608], [85.840069, 20.295609], [85.840088, 20.295591], [85.840222, 20.295592], [85.84026, 20.295574]]}, "properties": {"feature_type": "edge", "u": 80, "v": 87, "edge_key": 0, "length_m": 163.456, "is_bridged": false, "is_bridge": true, "edge_betweenness": 0.0, "width_m": 8.121}}, {"type": "Feature", "geometry": {"type": "LineString", "coordinates": [[85.828845, 20.29566], [85.828809, 20.295371], [85.82879, 20.295353], [85.828791, 20.295208]]}, "properties": {"feature_type": "edge", "u": 81, "v": 99, "edge_key": 0, "length_m": 52.485, "is_bridged": false, "is_bridge": true, "edge_betweenness": 0.0, "width_m": 8.349}}, {"type": "Feature", "geometry": {"type": "LineString", "coordinates": [[85.827351, 20.295614], [85.827391, 20.295398]]}, "properties": {"feature_type": "edge", "u": 83, "v": 89, "edge_key": 0, "length_m": 25.657, "is_bridged": false, "is_bridge": false, "edge_betweenness": 0.0, "width_m": 8.707}}, {"type": "Feature", "geometry": {"type": "LineString", "coordinates": [[85.841964, 20.295675], [85.841505, 20.295636], [85.841486, 20.295618], [85.841314, 20.295617], [85.841295, 20.295599], [85.841122, 20.295597], [85.841103, 20.295579], [85.840931, 20.295578], [85.840912, 20.29556], [85.840739, 20.295559], [85.840606, 20.295522]]}, "properties": {"feature_type": "edge", "u": 84, "v": 88, "edge_key": 0, "length_m": 148.627, "is_bridged": false, "is_bridge": true, "edge_betweenness": 0.0, "width_m": 8.166}}, {"type": "Feature", "geometry": {"type": "LineString", "coordinates": [[85.841964, 20.295675], [85.841984, 20.295657], [85.841985, 20.295495], [85.842004, 20.295477], [85.842046, 20.295043]]}, "properties": {"feature_type": "edge", "u": 84, "v": 108, "edge_key": 0, "length_m": 73.314, "is_bridged": false, "is_bridge": false, "edge_betweenness": 0.0, "width_m": 8.297}}, {"type": "Feature", "geometry": {"type": "LineString", "coordinates": [[85.844588, 20.295693], [85.84455, 20.29571], [85.844416, 20.29571], [85.844396, 20.295728], [85.843592, 20.295776], [85.843572, 20.295794], [85.843381, 20.295793], [85.843361, 20.295811], [85.84317, 20.29581], [85.843113, 20.295791], [85.843075, 20.295737], [85.843098, 20.295177]]}, "properties": {"feature_type": "edge", "u": 86, "v": 104, "edge_key": 0, "length_m": 231.113, "is_bridged": false, "is_bridge": true, "edge_betweenness": 0.0, "width_m": 8.132}}, {"type": "Feature", "geometry": {"type": "LineString", "coordinates": [[85.827391, 20.295398], [85.827487, 20.295398], [85.827506, 20.29538], [85.827583, 20.295381], [85.827679, 20.295345], [85.827967, 20.295311], [85.828178, 20.295258], [85.828331, 20.295259]]}, "properties": {"feature_type": "edge", "u": 89, "v": 98, "edge_key": 0, "length_m": 104.627, "is_bridged": false, "is_bridge": false, "edge_betweenness": 0.0, "width_m": 8.266}}, {"type": "Feature", "geometry": {"type": "LineString", "coordinates": [[85.827391, 20.295398], [85.827392, 20.295325], [85.827317, 20.295054]]}, "properties": {"feature_type": "edge", "u": 89, "v": 105, "edge_key": 0, "length_m": 41.314, "is_bridged": false, "is_bridge": true, "edge_betweenness": 0.0, "width_m": 8.398}}, {"type": "Feature", "geometry": {"type": "LineString", "coordinates": [[85.831183, 20.295405], [85.830628, 20.295383]]}, "properties": {"feature_type": "edge", "u": 91, "v": 92, "edge_key": 0, "length_m": 58.828, "is_bridged": false, "is_bridge": false, "edge_betweenness": 0.0, "width_m": 8.35}}, {"type": "Feature", "geometry": {"type": "LineString", "coordinates": [[85.831183, 20.295405], [85.831203, 20.295315], [85.831281, 20.295171], [85.831416, 20.295045], [85.831474, 20.295027], [85.831531, 20.294974]]}, "properties": {"feature_type": "edge", "u": 91, "v": 110, "edge_key": 0, "length_m": 64.751, "is_bridged": false, "is_bridge": false, "edge_betweenness": 0.0, "width_m": 9.086}}, {"type": "Feature", "geometry": {"type": "LineString", "coordinates": [[85.830628, 20.295383], [85.830226, 20.295326]]}, "properties": {"feature_type": "edge", "u": 92, "v": 94, "edge_key": 0, "length_m": 43.773, "is_bridged": false, "is_bridge": false, "edge_betweenness": 0.0, "width_m": 8.628}}, {"type": "Feature", "geometry": {"type": "LineString", "coordinates": [[85.837542, 20.295447], [85.837025, 20.29539]]}, "properties": {"feature_type": "edge", "u": 93, "v": 95, "edge_key": 0, "length_m": 56.485, "is_bridged": false, "is_bridge": true, "edge_betweenness": 0.0, "width_m": 8.298}}, {"type": "Feature", "geometry": {"type": "LineString", "coordinates": [[85.830226, 20.295326], [85.82971, 20.295287]]}, "properties": {"feature_type": "edge", "u": 94, "v": 96, "edge_key": 0, "length_m": 55.657, "is_bridged": false, "is_bridge": false, "edge_betweenness": 0.0, "width_m": 8.429}}, {"type": "Feature", "geometry": {"type": "LineString", "coordinates": [[85.830226, 20.295326], [85.83025, 20.294802]]}, "properties": {"feature_type": "edge", "u": 94, "v": 115, "edge_key": 0, "length_m": 58.828, "is_bridged": false, "is_bridge": false, "edge_betweenness": 0.0, "width_m": 8.415}}, {"type": "Feature", "geometry": {"type": "LineString", "coordinates": [[85.837025, 20.29539], [85.836259, 20.295366], [85.83624, 20.295348]]}, "properties": {"feature_type": "edge", "u": 95, "v": 97, "edge_key": 0, "length_m": 83.657, "is_bridged": false, "is_bridge": true, "edge_betweenness": 0.0, "width_m": 8.106}}, {"type": "Feature", "geometry": {"type": "LineString", "coordinates": [[85.837025, 20.29539], [85.837027, 20.295155], [85.837046, 20.295137], [85.837047, 20.294956], [85.837067, 20.294938], [85.837089, 20.294468]]}, "properties": {"feature_type": "edge", "u": 95, "v": 130, "edge_key": 0, "length_m": 104.485, "is_bridged": false, "is_bridge": false, "edge_betweenness": 0.0, "width_m": 8.161}}, {"type": "Feature", "geometry": {"type": "LineString", "coordinates": [[85.82971, 20.295287], [85.829691, 20.295268], [85.82948, 20.295249], [85.829365, 20.295212]]}, "properties": {"feature_type": "edge", "u": 96, "v": 101, "edge_key": 0, "length_m": 39.314, "is_bridged": false, "is_bridge": false, "edge_betweenness": 0.0, "width_m": 8.459}}, {"type": "Feature", "geometry": {"type": "LineString", "coordinates": [[85.828331, 20.295259], [85.828484, 20.295224], [85.828791, 20.295208]]}, "properties": {"feature_type": "edge", "u": 98, "v": 99, "edge_key": 0, "length_m": 50.485, "is_bridged": false, "is_bridge": false, "edge_betweenness": 0.0, "width_m": 8.6}}, {"type": "Feature", "geometry": {"type": "LineString", "coordinates": [[85.828791, 20.295208], [85.829231, 20.295211]]}, "properties": {"feature_type": "edge", "u": 99, "v": 100, "edge_key": 0, "length_m": 46.0, "is_bridged": false, "is_bridge": false, "edge_betweenness": 0.0, "width_m": 8.375}}, {"type": "Feature", "geometry": {"type": "LineString", "coordinates": [[85.829231, 20.295211], [85.829365, 20.295212]]}, "properties": {"feature_type": "edge", "u": 100, "v": 101, "edge_key": 0, "length_m": 14.0, "is_bridged": false, "is_bridge": false, "edge_betweenness": 0.0, "width_m": 9.534}}, {"type": "Feature", "geometry": {"type": "LineString", "coordinates": [[85.829365, 20.295212], [85.829388, 20.294779]]}, "properties": {"feature_type": "edge", "u": 101, "v": 117, "edge_key": 0, "length_m": 48.828, "is_bridged": false, "is_bridge": false, "edge_betweenness": 0.0, "width_m": 8.297}}, {"type": "Feature", "geometry": {"type": "LineString", "coordinates": [[85.842178, 20.295243], [85.843098, 20.295177]]}, "properties": {"feature_type": "edge", "u": 102, "v": 104, "edge_key": 0, "length_m": 99.314, "is_bridged": false, "is_bridge": false, "edge_betweenness": 0.0, "width_m": 8.191}}, {"type": "Feature", "geometry": {"type": "LineString", "coordinates": [[85.842178, 20.295243], [85.842302, 20.294087], [85.842321, 20.294069], [85.842362, 20.293672], [85.842382, 20.293654], [85.842423, 20.293257], [85.842442, 20.293239], [85.842462, 20.293095]]}, "properties": {"feature_type": "edge", "u": 102, "v": 187, "edge_key": 0, "length_m": 249.242, "is_bridged": false, "is_bridge": false, "edge_betweenness": 0.0, "width_m": 8.128}}, {"type": "Feature", "geometry": {"type": "LineString", "coordinates": [[85.843098, 20.295177], [85.844382, 20.295077]]}, "properties": {"feature_type": "edge", "u": 104, "v": 109, "edge_key": 0, "length_m": 138.467, "is_bridged": false, "is_bridge": false, "edge_betweenness": 0.0, "width_m": 8.204}}, {"type": "Feature", "geometry": {"type": "LineString", "coordinates": [[85.843098, 20.295177], [85.843117, 20.295141], [85.843119, 20.294996], [85.843138, 20.294978], [85.84318, 20.2944], [85.8432, 20.294382]]}, "properties": {"feature_type": "edge", "u": 104, "v": 135, "edge_key": 0, "length_m": 91.786, "is_bridged": false, "is_bridge": false, "edge_betweenness": 0.0, "width_m": 8.252}}, {"type": "Feature", "geometry": {"type": "LineString", "coordinates": [[85.830726, 20.295059], [85.830708, 20.295022], [85.83071, 20.294643]]}, "properties": {"feature_type": "edge", "u": 106, "v": 123, "edge_key": 0, "length_m": 46.828, "is_bridged": false, "is_bridge": true, "edge_betweenness": 0.0, "width_m": 8.144}}, {"type": "Feature", "geometry": {"type": "LineString", "coordinates": [[85.825633, 20.294934], [85.825423, 20.294842]]}, "properties": {"feature_type": "edge", "u": 107, "v": 112, "edge_key": 0, "length_m": 25.786, "is_bridged": false, "is_bridge": true, "edge_betweenness": 0.0, "width_m": 8.965}}, {"type": "Feature", "geometry": {"type": "LineString", "coordinates": [[85.825633, 20.294934], [85.826153, 20.294468], [85.827076, 20.29404], [85.827133, 20.294041], [85.82746, 20.293934], [85.827556, 20.293935]]}, "properties": {"feature_type": "edge", "u": 107, "v": 143, "edge_key": 0, "length_m": 247.207, "is_bridged": false, "is_bridge": false, "edge_betweenness": 0.0, "width_m": 8.833}}, {"type": "Feature", "geometry": {"type": "LineString", "coordinates": [[85.825633, 20.294934], [85.825534, 20.295295], [85.825801, 20.295495], [85.825915, 20.29555], [85.826012, 20.295461], [85.826302, 20.295047], [85.826322, 20.294975], [85.826418, 20.294885], [85.826764, 20.294725], [85.827302, 20.294548], [85.827551, 20.294495], [85.827609, 20.294459]]}, "properties": {"feature_type": "edge", "u": 107, "v": 127, "edge_key": 0, "length_m": 334.805, "is_bridged": false, "is_bridge": false, "edge_betweenness": 0.0, "width_m": 8.819}}, {"type": "Feature", "geometry": {"type": "LineString", "coordinates": [[85.842046, 20.295043], [85.84128, 20.294948], [85.841261, 20.29493], [85.841127, 20.294929], [85.841108, 20.294911], [85.840993, 20.29491], [85.840974, 20.294892], [85.840859, 20.294891], [85.840706, 20.294854]]}, "properties": {"feature_type": "edge", "u": 108, "v": 118, "edge_key": 0, "length_m": 148.284, "is_bridged": false, "is_bridge": false, "edge_betweenness": 0.0, "width_m": 8.253}}, {"type": "Feature", "geometry": {"type": "LineString", "coordinates": [[85.842046, 20.295043], [85.842087, 20.294646], [85.842106, 20.294628], [85.842107, 20.294484], [85.842127, 20.294466], [85.842128, 20.294321], [85.842147, 20.294303], [85.842148, 20.294123]]}, "properties": {"feature_type": "edge", "u": 108, "v": 141, "edge_key": 0, "length_m": 106.142, "is_bridged": false, "is_bridge": false, "edge_betweenness": 0.0, "width_m": 8.265}}, {"type": "Feature", "geometry": {"type": "LineString", "coordinates": [[85.844382, 20.295077], [85.844478, 20.295078], [85.844593, 20.295042]]}, "properties": {"feature_type": "edge", "u": 109, "v": 111, "edge_key": 0, "length_m": 23.657, "is_bridged": false, "is_bridge": true, "edge_betweenness": 0.0, "width_m": 7.873}}, {"type": "Feature", "geometry": {"type": "LineString", "coordinates": [[85.844382, 20.295077], [85.844425, 20.294481]]}, "properties": {"feature_type": "edge", "u": 109, "v": 132, "edge_key": 0, "length_m": 67.657, "is_bridged": false, "is_bridge": false, "edge_betweenness": 0.0, "width_m": 8.222}}, {"type": "Feature", "geometry": {"type": "LineString", "coordinates": [[85.831531, 20.294974], [85.831589, 20.294974], [85.83182, 20.294867], [85.831954, 20.294832]]}, "properties": {"feature_type": "edge", "u": 110, "v": 116, "edge_key": 0, "length_m": 50.271, "is_bridged": false, "is_bridge": false, "edge_betweenness": 0.0, "width_m": 9.041}}, {"type": "Feature", "geometry": {"type": "LineString", "coordinates": [[85.831531, 20.294974], [85.831512, 20.294955], [85.831514, 20.294757], [85.831438, 20.294666], [85.83071, 20.294643]]}, "properties": {"feature_type": "edge", "u": 110, "v": 123, "edge_key": 0, "length_m": 114.971, "is_bridged": false, "is_bridge": false, "edge_betweenness": 0.0, "width_m": 8.287}}, {"type": "Feature", "geometry": {"type": "LineString", "coordinates": [[85.832375, 20.294889], [85.832298, 20.294906], [85.832279, 20.294888], [85.83203, 20.294868], [85.831954, 20.294832]]}, "properties": {"feature_type": "edge", "u": 113, "v": 116, "edge_key": 0, "length_m": 48.142, "is_bridged": false, "is_bridge": true, "edge_betweenness": 0.0, "width_m": 8.206}}, {"type": "Feature", "geometry": {"type": "LineString", "coordinates": [[85.833505, 20.29486], [85.833544, 20.294716]]}, "properties": {"feature_type": "edge", "u": 114, "v": 122, "edge_key": 0, "length_m": 17.301, "is_bridged": false, "is_bridge": false, "edge_betweenness": 0.0, "width_m": 9.479}}, {"type": "Feature", "geometry": {"type": "LineString", "coordinates": [[85.83025, 20.294802], [85.829388, 20.294779]]}, "properties": {"feature_type": "edge", "u": 115, "v": 117, "edge_key": 0, "length_m": 90.828, "is_bridged": false, "is_bridge": false, "edge_betweenness": 0.0, "width_m": 8.14}}, {"type": "Feature", "geometry": {"type": "LineString", "coordinates": [[85.83025, 20.294802], [85.830308, 20.294658], [85.83071, 20.294643]]}, "properties": {"feature_type": "edge", "u": 115, "v": 123, "edge_key": 0, "length_m": 61.314, "is_bridged": false, "is_bridge": false, "edge_betweenness": 0.0, "width_m": 8.62}}, {"type": "Feature", "geometry": {"type": "LineString", "coordinates": [[85.831954, 20.294832], [85.831954, 20.29476], [85.832013, 20.294633]]}, "properties": {"feature_type": "edge", "u": 116, "v": 124, "edge_key": 0, "length_m": 24.129, "is_bridged": false, "is_bridge": false, "edge_betweenness": 0.0, "width_m": 9.298}}, {"type": "Feature", "geometry": {"type": "LineString", "coordinates": [[85.829388, 20.294779], [85.82935, 20.29476], [85.82912, 20.294759], [85.829101, 20.29474], [85.82866, 20.294738], [85.828526, 20.294773], [85.828507, 20.294755]]}, "properties": {"feature_type": "edge", "u": 117, "v": 119, "edge_key": 0, "length_m": 95.786, "is_bridged": false, "is_bridge": true, "edge_betweenness": 0.0, "width_m": 8.103}}, {"type": "Feature", "geometry": {"type": "LineString", "coordinates": [[85.829388, 20.294779], [85.829392, 20.294236], [85.829354, 20.2942], [85.82922, 20.294199], [85.829065, 20.294379], [85.828127, 20.294373], [85.828108, 20.294391], [85.827974, 20.29439], [85.827686, 20.29446], [85.827609, 20.294459]]}, "properties": {"feature_type": "edge", "u": 117, "v": 127, "edge_key": 0, "length_m": 262.426, "is_bridged": false, "is_bridge": false, "edge_betweenness": 0.0, "width_m": 8.227}}, {"type": "Feature", "geometry": {"type": "LineString", "coordinates": [[85.840706, 20.294854], [85.840343, 20.294815]]}, "properties": {"feature_type": "edge", "u": 118, "v": 120, "edge_key": 0, "length_m": 39.657, "is_bridged": false, "is_bridge": false, "edge_betweenness": 0.0, "width_m": 8.669}}, {"type": "Feature", "geometry": {"type": "LineString", "coordinates": [[85.840706, 20.294854], [85.840729, 20.294366], [85.840748, 20.294348], [85.840769, 20.294113], [85.840789, 20.294041], [85.840885, 20.29397]]}, "properties": {"feature_type": "edge", "u": 118, "v": 147, "edge_key": 0, "length_m": 106.627, "is_bridged": false, "is_bridge": false, "edge_betweenness": 0.0, "width_m": 8.471}}, {"type": "Feature", "geometry": {"type": "LineString", "coordinates": [[85.840343, 20.294815], [85.839807, 20.294685], [85.839233, 20.294645], [85.839195, 20.294591]]}, "properties": {"feature_type": "edge", "u": 120, "v": 125, "edge_key": 0, "length_m": 130.667, "is_bridged": false, "is_bridge": false, "edge_betweenness": 0.0, "width_m": 8.126}}, {"type": "Feature", "geometry": {"type": "LineString", "coordinates": [[85.837585, 20.294779], [85.837604, 20.294797], [85.837738, 20.294798], [85.837854, 20.29469], [85.837893, 20.2946], [85.837893, 20.294528]]}, "properties": {"feature_type": "edge", "u": 121, "v": 126, "edge_key": 0, "length_m": 53.456, "is_bridged": false, "is_bridge": true, "edge_betweenness": 0.0, "width_m": 8.596}}, {"type": "Feature", "geometry": {"type": "LineString", "coordinates": [[85.833544, 20.294716], [85.833468, 20.294715], [85.833353, 20.29466], [85.833144, 20.294514], [85.832818, 20.294512], [85.832453, 20.294618], [85.832013, 20.294633]]}, "properties": {"feature_type": "edge", "u": 122, "v": 124, "edge_key": 0, "length_m": 174.912, "is_bridged": false, "is_bridge": false, "edge_betweenness": 0.0, "width_m": 8.52}}, {"type": "Feature", "geometry": {"type": "LineString", "coordinates": [[85.833544, 20.294716], [85.833565, 20.294463], [85.833585, 20.294445], [85.833645, 20.294012]]}, "properties": {"feature_type": "edge", "u": 122, "v": 142, "edge_key": 0, "length_m": 82.142, "is_bridged": false, "is_bridge": false, "edge_betweenness": 0.0, "width_m": 8.211}}, {"type": "Feature", "geometry": {"type": "LineString", "coordinates": [[85.832013, 20.294633], [85.831956, 20.294579], [85.831784, 20.294505], [85.83142, 20.294467]]}, "properties": {"feature_type": "edge", "u": 124, "v": 129, "edge_key": 0, "length_m": 69.456, "is_bridged": false, "is_bridge": true, "edge_betweenness": 0.0, "width_m": 8.325}}, {"type": "Feature", "geometry": {"type": "LineString", "coordinates": [[85.839195, 20.294591], [85.839157, 20.294627], [85.839003, 20.294626], [85.838984, 20.294608], [85.838774, 20.294606], [85.838755, 20.294588], [85.838563, 20.294587], [85.838544, 20.294568], [85.838353, 20.294567], [85.838334, 20.294549], [85.838142, 20.294548], [85.838104, 20.294529]]}, "properties": {"feature_type": "edge", "u": 125, "v": 128, "edge_key": 0, "length_m": 119.443, "is_bridged": false, "is_bridge": false, "edge_betweenness": 0.0, "width_m": 7.975}}, {"type": "Feature", "geometry": {"type": "LineString", "coordinates": [[85.839195, 20.294591], [85.839234, 20.294555], [85.839255, 20.294284]]}, "properties": {"feature_type": "edge", "u": 125, "v": 136, "edge_key": 0, "length_m": 36.485, "is_bridged": false, "is_bridge": false, "edge_betweenness": 0.0, "width_m": 7.825}}, {"type": "Feature", "geometry": {"type": "LineString", "coordinates": [[85.837893, 20.294528], [85.837855, 20.29451], [85.837587, 20.294508], [85.837568, 20.29449], [85.837185, 20.294469]]}, "properties": {"feature_type": "edge", "u": 126, "v": 131, "edge_key": 0, "length_m": 76.129, "is_bridged": false, "is_bridge": false, "edge_betweenness": 0.0, "width_m": 8.197}}, {"type": "Feature", "geometry": {"type": "LineString", "coordinates": [[85.837893, 20.294528], [85.838104, 20.294529]]}, "properties": {"feature_type": "edge", "u": 126, "v": 128, "edge_key": 0, "length_m": 22.0, "is_bridged": false, "is_bridge": false, "edge_betweenness": 0.0, "width_m": 8.52}}, {"type": "Feature", "geometry": {"type": "LineString", "coordinates": [[85.827609, 20.294459], [85.82759, 20.294441], [85.827556, 20.293935]]}, "properties": {"feature_type": "edge", "u": 127, "v": 143, "edge_key": 0, "length_m": 60.485, "is_bridged": false, "is_bridge": false, "edge_betweenness": 0.0, "width_m": 8.317}}, {"type": "Feature", "geometry": {"type": "LineString", "coordinates": [[85.838104, 20.294529], [85.838184, 20.294132]]}, "properties": {"feature_type": "edge", "u": 128, "v": 140, "edge_key": 0, "length_m": 46.957, "is_bridged": false, "is_bridge": false, "edge_betweenness": 0.0, "width_m": 8.27}}, {"type": "Feature", "geometry": {"type": "LineString", "coordinates": [[85.837089, 20.294468], [85.83707, 20.29445], [85.836649, 20.294393]]}, "properties": {"feature_type": "edge", "u": 130, "v": 133, "edge_key": 0, "length_m": 49.314, "is_bridged": false, "is_bridge": false, "edge_betweenness": 0.0, "width_m": 8.205}}, {"type": "Feature", "geometry": {"type": "LineString", "coordinates": [[85.837089, 20.294468], [85.837185, 20.294469]]}, "properties": {"feature_type": "edge", "u": 130, "v": 131, "edge_key": 0, "length_m": 10.0, "is_bridged": false, "is_bridge": false, "edge_betweenness": 0.0, "width_m": 8.472}}, {"type": "Feature", "geometry": {"type": "LineString", "coordinates": [[85.837185, 20.294469], [85.837246, 20.293964]]}, "properties": {"feature_type": "edge", "u": 131, "v": 144, "edge_key": 0, "length_m": 58.485, "is_bridged": false, "is_bridge": false, "edge_betweenness": 0.0, "width_m": 8.263}}, {"type": "Feature", "geometry": {"type": "LineString", "coordinates": [[85.844425, 20.294481], [85.843391, 20.29442], [85.843372, 20.294402], [85.843219, 20.294401], [85.8432, 20.294382]]}, "properties": {"feature_type": "edge", "u": 132, "v": 135, "edge_key": 0, "length_m": 132.142, "is_bridged": false, "is_bridge": false, "edge_betweenness": 0.0, "width_m": 8.203}}, {"type": "Feature", "geometry": {"type": "LineString", "coordinates": [[85.844425, 20.294481], [85.844444, 20.294463], [85.844485, 20.294138], [85.844504, 20.29412], [85.844505, 20.293939]]}, "properties": {"feature_type": "edge", "u": 132, "v": 151, "edge_key": 0, "length_m": 63.314, "is_bridged": false, "is_bridge": false, "edge_betweenness": 0.0, "width_m": 8.457}}, {"type": "Feature", "geometry": {"type": "LineString", "coordinates": [[85.836649, 20.294393], [85.836305, 20.294355]]}, "properties": {"feature_type": "edge", "u": 133, "v": 134, "edge_key": 0, "length_m": 37.657, "is_bridged": false, "is_bridge": false, "edge_betweenness": 0.0, "width_m": 8.111}}, {"type": "Feature", "geometry": {"type": "LineString", "coordinates": [[85.836649, 20.294393], [85.836691, 20.293906]]}, "properties": {"feature_type": "edge", "u": 133, "v": 149, "edge_key": 0, "length_m": 55.657, "is_bridged": false, "is_bridge": false, "edge_betweenness": 0.0, "width_m": 8.145}}, {"type": "Feature", "geometry": {"type": "LineString", "coordinates": [[85.836305, 20.294355], [85.835807, 20.294297], [85.835788, 20.294279], [85.835654, 20.294278], [85.835635, 20.29426], [85.835501, 20.294259], [85.835387, 20.294222]]}, "properties": {"feature_type": "edge", "u": 134, "v": 137, "edge_key": 0, "length_m": 101.799, "is_bridged": false, "is_bridge": false, "edge_betweenness": 0.0, "width_m": 8.226}}, {"type": "Feature", "geometry": {"type": "LineString", "coordinates": [[85.836305, 20.294355], [85.836346, 20.29403], [85.836365, 20.294012], [85.836366, 20.293849]]}, "properties": {"feature_type": "edge", "u": 134, "v": 152, "edge_key": 0, "length_m": 58.485, "is_bridged": false, "is_bridge": false, "edge_betweenness": 0.0, "width_m": 8.263}}, {"type": "Feature", "geometry": {"type": "LineString", "coordinates": [[85.8432, 20.294382], [85.843221, 20.29413], [85.84324, 20.294112], [85.843261, 20.293895], [85.8433, 20.293787]]}, "properties": {"feature_type": "edge", "u": 135, "v": 158, "edge_key": 0, "length_m": 70.142, "is_bridged": false, "is_bridge": false, "edge_betweenness": 0.0, "width_m": 8.479}}, {"type": "Feature", "geometry": {"type": "LineString", "coordinates": [[85.839255, 20.294284], [85.838834, 20.294227], [85.838815, 20.294209], [85.8387, 20.294208], [85.838452, 20.294152], [85.838184, 20.294132]]}, "properties": {"feature_type": "edge", "u": 136, "v": 140, "edge_key": 0, "length_m": 118.627, "is_bridged": false, "is_bridge": false, "edge_betweenness": 0.0, "width_m": 8.215}}, {"type": "Feature", "geometry": {"type": "LineString", "coordinates": [[85.839255, 20.294284], [85.839274, 20.294266], [85.839275, 20.294176], [85.839334, 20.293941], [85.839335, 20.293797]]}, "properties": {"feature_type": "edge", "u": 136, "v": 154, "edge_key": 0, "length_m": 57.314, "is_bridged": false, "is_bridge": false, "edge_betweenness": 0.0, "width_m": 8.385}}, {"type": "Feature", "geometry": {"type": "LineString", "coordinates": [[85.835387, 20.294222], [85.835214, 20.294221], [85.835195, 20.294203], [85.835061, 20.294202], [85.835042, 20.294184], [85.834545, 20.294126]]}, "properties": {"feature_type": "edge", "u": 137, "v": 139, "edge_key": 0, "length_m": 92.142, "is_bridged": false, "is_bridge": false, "edge_betweenness": 0.0, "width_m": 8.209}}, {"type": "Feature", "geometry": {"type": "LineString", "coordinates": [[85.835387, 20.294222], [85.835448, 20.293771], [85.835467, 20.293753]]}, "properties": {"feature_type": "edge", "u": 137, "v": 157, "edge_key": 0, "length_m": 55.314, "is_bridged": false, "is_bridge": false, "edge_betweenness": 0.0, "width_m": 8.364}}, {"type": "Feature", "geometry": {"type": "LineString", "coordinates": [[85.841343, 20.294244], [85.841228, 20.294243], [85.841171, 20.294206], [85.841152, 20.29417], [85.841172, 20.294062], [85.841134, 20.293989]]}, "properties": {"feature_type": "edge", "u": 138, "v": 145, "edge_key": 0, "length_m": 46.614, "is_bridged": false, "is_bridge": true, "edge_betweenness": 0.0, "width_m": 8.954}}, {"type": "Feature", "geometry": {"type": "LineString", "coordinates": [[85.834545, 20.294126], [85.833894, 20.29405], [85.83376, 20.294013], [85.833645, 20.294012]]}, "properties": {"feature_type": "edge", "u": 139, "v": 142, "edge_key": 0, "length_m": 98.971, "is_bridged": false, "is_bridge": false, "edge_betweenness": 0.0, "width_m": 8.205}}, {"type": "Feature", "geometry": {"type": "LineString", "coordinates": [[85.834545, 20.294126], [85.834606, 20.293639]]}, "properties": {"feature_type": "edge", "u": 139, "v": 161, "edge_key": 0, "length_m": 56.485, "is_bridged": false, "is_bridge": false, "edge_betweenness": 0.0, "width_m": 8.273}}, {"type": "Feature", "geometry": {"type": "LineString", "coordinates": [[85.838184, 20.294132], [85.838204, 20.293952]]}, "properties": {"feature_type": "edge", "u": 140, "v": 146, "edge_key": 0, "length_m": 20.828, "is_bridged": false, "is_bridge": false, "edge_betweenness": 0.0, "width_m": 8.578}}, {"type": "Feature", "geometry": {"type": "LineString", "coordinates": [[85.842148, 20.294123], [85.841364, 20.294009], [85.841249, 20.293972]]}, "properties": {"feature_type": "edge", "u": 141, "v": 148, "edge_key": 0, "length_m": 100.627, "is_bridged": false, "is_bridge": false, "edge_betweenness": 0.0, "width_m": 8.322}}, {"type": "Feature", "geometry": {"type": "LineString", "coordinates": [[85.842148, 20.294123], [85.842188, 20.293978], [85.842189, 20.293834], [85.842208, 20.293816], [85.842209, 20.293689], [85.842228, 20.293671], [85.84229, 20.293075]]}, "properties": {"feature_type": "edge", "u": 141, "v": 189, "edge_key": 0, "length_m": 121.799, "is_bridged": false, "is_bridge": false, "edge_betweenness": 0.0, "width_m": 8.285}}, {"type": "Feature", "geometry": {"type": "LineString", "coordinates": [[85.833645, 20.294012], [85.833686, 20.293651]]}, "properties": {"feature_type": "edge", "u": 142, "v": 160, "edge_key": 0, "length_m": 41.657, "is_bridged": false, "is_bridge": false, "edge_betweenness": 0.0, "width_m": 8.324}}, {"type": "Feature", "geometry": {"type": "LineString", "coordinates": [[85.827556, 20.293935], [85.827613, 20.293899], [85.827805, 20.293883], [85.828016, 20.29383], [85.828112, 20.29383], [85.828265, 20.293777], [85.828362, 20.293706], [85.828381, 20.29367], [85.828425, 20.292947], [85.828444, 20.292929], [85.828597, 20.29293], [85.828616, 20.292948], [85.828731, 20.292949], [85.82875, 20.292967], [85.828865, 20.292968], [85.829018, 20.293005], [85.829152, 20.293006], [85.829171, 20.293024], [85.829286, 20.293025], [85.829305, 20.293043], [85.82942, 20.293044], [85.829439, 20.293062], [85.829554, 20.293063], [85.829573, 20.293081], [85.829688, 20.293082], [85.829707, 20.2931], [85.829822, 20.293101], [85.829841, 20.293119], [85.829956, 20.29312], [85.829975, 20.293138], [85.83009, 20.293139], [85.830109, 20.293157], [85.830224, 20.293158], [85.830243, 20.293176], [85.830357, 20.293177], [85.830377, 20.293195], [85.830491, 20.293196], [85.83051, 20.293214], [85.830625, 20.293215], [85.830644, 20.293233], [85.830759, 20.293234], [85.830778, 20.293252], [85.830893, 20.293253], [85.830912, 20.293271], [85.831831, 20.293385], [85.831964, 20.293422], [85.832079, 20.293423], [85.832098, 20.293441], [85.832213, 20.293442], [85.832232, 20.29346], [85.832347, 20.293461], [85.832366, 20.293479], [85.832481, 20.29348], [85.8325, 20.293498], [85.832615, 20.293499], [85.832634, 20.293517], [85.832749, 20.293518], [85.832768, 20.293536], [85.833686, 20.293651]]}, "properties": {"feature_type": "edge", "u": 143, "v": 160, "edge_key": 0, "length_m": 763.563, "is_bridged": false, "is_bridge": false, "edge_betweenness": 0.0, "width_m": 8.218}}, {"type": "Feature", "geometry": {"type": "LineString", "coordinates": [[85.837246, 20.293964], [85.836864, 20.293925], [85.836845, 20.293907], [85.836691, 20.293906]]}, "properties": {"feature_type": "edge", "u": 144, "v": 149, "edge_key": 0, "length_m": 60.485, "is_bridged": false, "is_bridge": false, "edge_betweenness": 0.0, "width_m": 8.287}}, {"type": "Feature", "geometry": {"type": "LineString", "coordinates": [[85.837246, 20.293964], [85.837286, 20.293837]]}, "properties": {"feature_type": "edge", "u": 144, "v": 153, "edge_key": 0, "length_m": 15.301, "is_bridged": false, "is_bridge": false, "edge_betweenness": 0.0, "width_m": 9.18}}, {"type": "Feature", "geometry": {"type": "LineString", "coordinates": [[85.841134, 20.293989], [85.840885, 20.29397]]}, "properties": {"feature_type": "edge", "u": 145, "v": 147, "edge_key": 0, "length_m": 26.828, "is_bridged": false, "is_bridge": false, "edge_betweenness": 0.0, "width_m": 15.621}}, {"type": "Feature", "geometry": {"type": "LineString", "coordinates": [[85.841134, 20.293989], [85.841153, 20.293971], [85.841249, 20.293972]]}, "properties": {"feature_type": "edge", "u": 145, "v": 148, "edge_key": 0, "length_m": 12.828, "is_bridged": false, "is_bridge": false, "edge_betweenness": 0.0, "width_m": 11.262}}, {"type": "Feature", "geometry": {"type": "LineString", "coordinates": [[85.838204, 20.293952], [85.837668, 20.293894], [85.837649, 20.293876], [85.837515, 20.293875], [85.837496, 20.293857], [85.837305, 20.293856], [85.837286, 20.293837]]}, "properties": {"feature_type": "edge", "u": 146, "v": 153, "edge_key": 0, "length_m": 100.971, "is_bridged": false, "is_bridge": false, "edge_betweenness": 0.0, "width_m": 8.29}}, {"type": "Feature", "geometry": {"type": "LineString", "coordinates": [[85.838204, 20.293952], [85.838264, 20.293663]]}, "properties": {"feature_type": "edge", "u": 146, "v": 162, "edge_key": 0, "length_m": 34.129, "is_bridged": false, "is_bridge": false, "edge_betweenness": 0.0, "width_m": 8.536}}, {"type": "Feature", "geometry": {"type": "LineString", "coordinates": [[85.840885, 20.29397], [85.840867, 20.293915]]}, "properties": {"feature_type": "edge", "u": 147, "v": 150, "edge_key": 0, "length_m": 6.828, "is_bridged": false, "is_bridge": false, "edge_betweenness": 0.0, "width_m": 14.141}}, {"type": "Feature", "geometry": {"type": "LineString", "coordinates": [[85.841249, 20.293972], [85.841391, 20.292979]]}, "properties": {"feature_type": "edge", "u": 148, "v": 194, "edge_key": 0, "length_m": 115.799, "is_bridged": false, "is_bridge": false, "edge_betweenness": 0.0, "width_m": 8.236}}, {"type": "Feature", "geometry": {"type": "LineString", "coordinates": [[85.836691, 20.293906], [85.836672, 20.293887], [85.836366, 20.293849]]}, "properties": {"feature_type": "edge", "u": 149, "v": 152, "edge_key": 0, "length_m": 36.129, "is_bridged": false, "is_bridge": false, "edge_betweenness": 0.0, "width_m": 8.473}}, {"type": "Feature", "geometry": {"type": "LineString", "coordinates": [[85.840867, 20.293915], [85.840733, 20.293914], [85.840713, 20.293896], [85.840579, 20.293895], [85.84056, 20.293877], [85.839948, 20.293801]]}, "properties": {"feature_type": "edge", "u": 150, "v": 156, "edge_key": 0, "length_m": 100.971, "is_bridged": false, "is_bridge": false, "edge_betweenness": 0.0, "width_m": 8.317}}, {"type": "Feature", "geometry": {"type": "LineString", "coordinates": [[85.840867, 20.293915], [85.840868, 20.293771], [85.840907, 20.293626], [85.840908, 20.293428]]}, "properties": {"feature_type": "edge", "u": 150, "v": 170, "edge_key": 0, "length_m": 55.657, "is_bridged": false, "is_bridge": false, "edge_betweenness": 0.0, "width_m": 8.483}}, {"type": "Feature", "geometry": {"type": "LineString", "coordinates": [[85.844505, 20.293939], [85.84395, 20.293881], [85.843931, 20.293863], [85.843778, 20.293862], [85.843759, 20.293844], [85.843625, 20.293843], [85.843606, 20.293825], [85.843472, 20.293824], [85.843453, 20.293806], [85.843319, 20.293805], [85.8433, 20.293787]]}, "properties": {"feature_type": "edge", "u": 151, "v": 158, "edge_key": 0, "length_m": 132.627, "is_bridged": false, "is_bridge": false, "edge_betweenness": 0.0, "width_m": 8.255}}, {"type": "Feature", "geometry": {"type": "LineString", "coordinates": [[85.844505, 20.293939], [85.844544, 20.293831], [85.844566, 20.293524]]}, "properties": {"feature_type": "edge", "u": 151, "v": 167, "edge_key": 0, "length_m": 48.485, "is_bridged": false, "is_bridge": true, "edge_betweenness": 0.0, "width_m": 8.394}}, {"type": "Feature", "geometry": {"type": "LineString", "coordinates": [[85.836366, 20.293849], [85.835467, 20.293753]]}, "properties": {"feature_type": "edge", "u": 152, "v": 157, "edge_key": 0, "length_m": 98.142, "is_bridged": false, "is_bridge": false, "edge_betweenness": 0.0, "width_m": 8.247}}, {"type": "Feature", "geometry": {"type": "LineString", "coordinates": [[85.836366, 20.293849], [85.836405, 20.293759], [85.836447, 20.293362]]}, "properties": {"feature_type": "edge", "u": 152, "v": 172, "edge_key": 0, "length_m": 56.957, "is_bridged": false, "is_bridge": false, "edge_betweenness": 0.0, "width_m": 8.473}}, {"type": "Feature", "geometry": {"type": "LineString", "coordinates": [[85.837286, 20.293837], [85.837287, 20.293657], [85.837306, 20.293639], [85.837327, 20.29344]]}, "properties": {"feature_type": "edge", "u": 153, "v": 168, "edge_key": 0, "length_m": 45.657, "is_bridged": false, "is_bridge": false, "edge_betweenness": 0.0, "width_m": 8.504}}, {"type": "Feature", "geometry": {"type": "LineString", "coordinates": [[85.839335, 20.293797], [85.838723, 20.29372], [85.838704, 20.293702], [85.838436, 20.293682], [85.838417, 20.293664], [85.838264, 20.293663]]}, "properties": {"feature_type": "edge", "u": 154, "v": 162, "edge_key": 0, "length_m": 117.799, "is_bridged": false, "is_bridge": false, "edge_betweenness": 0.0, "width_m": 8.232}}, {"type": "Feature", "geometry": {"type": "LineString", "coordinates": [[85.839335, 20.293797], [85.839374, 20.293725]]}, "properties": {"feature_type": "edge", "u": 154, "v": 159, "edge_key": 0, "length_m": 9.657, "is_bridged": false, "is_bridge": false, "edge_betweenness": 0.0, "width_m": 10.177}}, {"type": "Feature", "geometry": {"type": "LineString", "coordinates": [[85.825431, 20.293704], [85.825432, 20.293614], [85.825491, 20.293469], [85.825491, 20.293379]]}, "properties": {"feature_type": "edge", "u": 155, "v": 166, "edge_key": 0, "length_m": 38.485, "is_bridged": false, "is_bridge": true, "edge_betweenness": 0.0, "width_m": 7.91}}, {"type": "Feature", "geometry": {"type": "LineString", "coordinates": [[85.839948, 20.293801], [85.839546, 20.293744], [85.839527, 20.293726], [85.839374, 20.293725]]}, "properties": {"feature_type": "edge", "u": 156, "v": 159, "edge_key": 0, "length_m": 63.314, "is_bridged": false, "is_bridge": false, "edge_betweenness": 0.0, "width_m": 8.245}}, {"type": "Feature", "geometry": {"type": "LineString", "coordinates": [[85.839948, 20.293801], [85.83999, 20.293331]]}, "properties": {"feature_type": "edge", "u": 156, "v": 176, "edge_key": 0, "length_m": 53.657, "is_bridged": false, "is_bridge": false, "edge_betweenness": 0.0, "width_m": 8.113}}, {"type": "Feature", "geometry": {"type": "LineString", "coordinates": [[85.835467, 20.293753], [85.835468, 20.293572]]}, "properties": {"feature_type": "edge", "u": 157, "v": 163, "edge_key": 0, "length_m": 20.0, "is_bridged": false, "is_bridge": false, "edge_betweenness": 0.0, "width_m": 8.841}}, {"type": "Feature", "geometry": {"type": "LineString", "coordinates": [[85.8433, 20.293787], [85.843301, 20.293642], [85.84332, 20.293624], [85.843381, 20.293209]]}, "properties": {"feature_type": "edge", "u": 158, "v": 182, "edge_key": 0, "length_m": 67.314, "is_bridged": false, "is_bridge": false, "edge_betweenness": 0.0, "width_m": 8.34}}, {"type": "Feature", "geometry": {"type": "LineString", "coordinates": [[85.839374, 20.293725], [85.839415, 20.293382]]}, "properties": {"feature_type": "edge", "u": 159, "v": 173, "edge_key": 0, "length_m": 39.657, "is_bridged": false, "is_bridge": false, "edge_betweenness": 0.0, "width_m": 8.578}}, {"type": "Feature", "geometry": {"type": "LineString", "coordinates": [[85.833686, 20.293651], [85.833807, 20.292838]]}, "properties": {"feature_type": "edge", "u": 160, "v": 203, "edge_key": 0, "length_m": 94.971, "is_bridged": false, "is_bridge": false, "edge_betweenness": 0.0, "width_m": 8.268}}, {"type": "Feature", "geometry": {"type": "LineString", "coordinates": [[85.834606, 20.293639], [85.834089, 20.293563], [85.834013, 20.293545], [85.833975, 20.293508], [85.834016, 20.293129], [85.834055, 20.292985], [85.834056, 20.292858]]}, "properties": {"feature_type": "edge", "u": 161, "v": 201, "edge_key": 0, "length_m": 147.113, "is_bridged": false, "is_bridge": false, "edge_betweenness": 0.0, "width_m": 8.362}}, {"type": "Feature", "geometry": {"type": "LineString", "coordinates": [[85.834606, 20.293639], [85.834626, 20.293494], [85.834645, 20.293476]]}, "properties": {"feature_type": "edge", "u": 161, "v": 165, "edge_key": 0, "length_m": 19.301, "is_bridged": false, "is_bridge": false, "edge_betweenness": 0.0, "width_m": 8.918}}, {"type": "Feature", "geometry": {"type": "LineString", "coordinates": [[85.838264, 20.293663], [85.838265, 20.293555]]}, "properties": {"feature_type": "edge", "u": 162, "v": 164, "edge_key": 0, "length_m": 12.0, "is_bridged": false, "is_bridge": false, "edge_betweenness": 0.0, "width_m": 8.852}}, {"type": "Feature", "geometry": {"type": "LineString", "coordinates": [[85.835468, 20.293572], [85.834779, 20.293513], [85.834645, 20.293476]]}, "properties": {"feature_type": "edge", "u": 163, "v": 165, "edge_key": 0, "length_m": 90.142, "is_bridged": false, "is_bridge": false, "edge_betweenness": 0.0, "width_m": 8.302}}, {"type": "Feature", "geometry": {"type": "LineString", "coordinates": [[85.835468, 20.293572], [85.835487, 20.293554], [85.835508, 20.293356], [85.835547, 20.293229]]}, "properties": {"feature_type": "edge", "u": 163, "v": 179, "edge_key": 0, "length_m": 41.314, "is_bridged": false, "is_bridge": false, "edge_betweenness": 0.0, "width_m": 8.639}}, {"type": "Feature", "geometry": {"type": "LineString", "coordinates": [[85.838265, 20.293555], [85.837499, 20.293459], [85.83748, 20.293441], [85.837327, 20.29344]]}, "properties": {"feature_type": "edge", "u": 164, "v": 168, "edge_key": 0, "length_m": 102.971, "is_bridged": false, "is_bridge": false, "edge_betweenness": 0.0, "width_m": 8.226}}, {"type": "Feature", "geometry": {"type": "LineString", "coordinates": [[85.838265, 20.293555], [85.838284, 20.293537], [85.838285, 20.29341], [85.838324, 20.293266]]}, "properties": {"feature_type": "edge", "u": 164, "v": 178, "edge_key": 0, "length_m": 34.485, "is_bridged": false, "is_bridge": false, "edge_betweenness": 0.0, "width_m": 8.501}}, {"type": "Feature", "geometry": {"type": "LineString", "coordinates": [[85.834645, 20.293476], [85.834647, 20.293314], [85.834666, 20.293296], [85.834687, 20.293025], [85.834726, 20.292881]]}, "properties": {"feature_type": "edge", "u": 165, "v": 202, "edge_key": 0, "length_m": 69.314, "is_bridged": false, "is_bridge": false, "edge_betweenness": 0.0, "width_m": 8.472}}, {"type": "Feature", "geometry": {"type": "LineString", "coordinates": [[85.825491, 20.293379], [85.825415, 20.293324], [85.825434, 20.293306]]}, "properties": {"feature_type": "edge", "u": 166, "v": 171, "edge_key": 0, "length_m": 12.957, "is_bridged": false, "is_bridge": false, "edge_betweenness": 0.0, "width_m": 6.92}}, {"type": "Feature", "geometry": {"type": "LineString", "coordinates": [[85.825491, 20.293379], [85.825511, 20.293325]]}, "properties": {"feature_type": "edge", "u": 166, "v": 169, "edge_key": 0, "length_m": 6.828, "is_bridged": false, "is_bridge": false, "edge_betweenness": 0.0, "width_m": 6.438}}, {"type": "Feature", "geometry": {"type": "LineString", "coordinates": [[85.837327, 20.29344], [85.837388, 20.293007]]}, "properties": {"feature_type": "edge", "u": 168, "v": 191, "edge_key": 0, "length_m": 50.485, "is_bridged": false, "is_bridge": false, "edge_betweenness": 0.0, "width_m": 8.205}}, {"type": "Feature", "geometry": {"type": "LineString", "coordinates": [[85.825511, 20.293325], [85.825434, 20.293306]]}, "properties": {"feature_type": "edge", "u": 169, "v": 171, "edge_key": 0, "length_m": 8.472, "is_bridged": false, "is_bridge": false, "edge_betweenness": 0.0, "width_m": 6.2}}, {"type": "Feature", "geometry": {"type": "LineString", "coordinates": [[85.825511, 20.293325], [85.825531, 20.293253]]}, "properties": {"feature_type": "edge", "u": 169, "v": 174, "edge_key": 0, "length_m": 8.828, "is_bridged": false, "is_bridge": false, "edge_betweenness": 0.0, "width_m": 6.828}}, {"type": "Feature", "geometry": {"type": "LineString", "coordinates": [[85.840908, 20.293428], [85.84087, 20.293409], [85.840698, 20.293408], [85.840679, 20.29339], [85.83999, 20.293331]]}, "properties": {"feature_type": "edge", "u": 170, "v": 176, "edge_key": 0, "length_m": 99.786, "is_bridged": false, "is_bridge": false, "edge_betweenness": 0.0, "width_m": 8.191}}, {"type": "Feature", "geometry": {"type": "LineString", "coordinates": [[85.840908, 20.293428], [85.840947, 20.293356], [85.840989, 20.292922]]}, "properties": {"feature_type": "edge", "u": 170, "v": 199, "edge_key": 0, "length_m": 59.314, "is_bridged": false, "is_bridge": false, "edge_betweenness": 0.0, "width_m": 8.49}}, {"type": "Feature", "geometry": {"type": "LineString", "coordinates": [[85.825434, 20.293306], [85.825454, 20.293234]]}, "properties": {"feature_type": "edge", "u": 171, "v": 175, "edge_key": 0, "length_m": 8.472, "is_bridged": false, "is_bridge": false, "edge_betweenness": 0.0, "width_m": 8.63}}, {"type": "Feature", "geometry": {"type": "LineString", "coordinates": [[85.836447, 20.293362], [85.835987, 20.293305], [85.835968, 20.293286], [85.835853, 20.293286], [85.835834, 20.293268], [85.835566, 20.293248], [85.835547, 20.293229]]}, "properties": {"feature_type": "edge", "u": 172, "v": 179, "edge_key": 0, "length_m": 99.799, "is_bridged": false, "is_bridge": false, "edge_betweenness": 0.0, "width_m": 8.322}}, {"type": "Feature", "geometry": {"type": "LineString", "coordinates": [[85.836447, 20.293362], [85.836485, 20.293272], [85.836526, 20.292911]]}, "properties": {"feature_type": "edge", "u": 172, "v": 198, "edge_key": 0, "length_m": 53.314, "is_bridged": false, "is_bridge": false, "edge_betweenness": 0.0, "width_m": 8.549}}, {"type": "Feature", "geometry": {"type": "LineString", "coordinates": [[85.839415, 20.293382], [85.838324, 20.293266]]}, "properties": {"feature_type": "edge", "u": 173, "v": 178, "edge_key": 0, "length_m": 118.971, "is_bridged": false, "is_bridge": false, "edge_betweenness": 0.0, "width_m": 8.253}}, {"type": "Feature", "geometry": {"type": "LineString", "coordinates": [[85.839415, 20.293382], [85.839454, 20.293292], [85.839475, 20.293057]]}, "properties": {"feature_type": "edge", "u": 173, "v": 188, "edge_key": 0, "length_m": 38.485, "is_bridged": false, "is_bridge": false, "edge_betweenness": 0.0, "width_m": 8.815}}, {"type": "Feature", "geometry": {"type": "LineString", "coordinates": [[85.825531, 20.293253], [85.825454, 20.293234]]}, "properties": {"feature_type": "edge", "u": 174, "v": 175, "edge_key": 0, "length_m": 8.472, "is_bridged": false, "is_bridge": false, "edge_betweenness": 0.0, "width_m": 6.2}}, {"type": "Feature", "geometry": {"type": "LineString", "coordinates": [[85.825531, 20.293253], [85.825569, 20.293217], [85.82557, 20.293127]]}, "properties": {"feature_type": "edge", "u": 174, "v": 180, "edge_key": 0, "length_m": 15.657, "is_bridged": false, "is_bridge": false, "edge_betweenness": 0.0, "width_m": 7.465}}, {"type": "Feature", "geometry": {"type": "LineString", "coordinates": [[85.825454, 20.293234], [85.825493, 20.293108]]}, "properties": {"feature_type": "edge", "u": 175, "v": 181, "edge_key": 0, "length_m": 15.657, "is_bridged": false, "is_bridge": false, "edge_betweenness": 0.0, "width_m": 8.405}}, {"type": "Feature", "geometry": {"type": "LineString", "coordinates": [[85.83999, 20.293331], [85.840051, 20.292808]]}, "properties": {"feature_type": "edge", "u": 176, "v": 209, "edge_key": 0, "length_m": 60.485, "is_bridged": false, "is_bridge": false, "edge_betweenness": 0.0, "width_m": 8.22}}, {"type": "Feature", "geometry": {"type": "LineString", "coordinates": [[85.844567, 20.293325], [85.844146, 20.293286], [85.844127, 20.293268], [85.843974, 20.293267], [85.843955, 20.293249], [85.843802, 20.293248], [85.843764, 20.29323]]}, "properties": {"feature_type": "edge", "u": 177, "v": 183, "edge_key": 0, "length_m": 87.786, "is_bridged": false, "is_bridge": true, "edge_betweenness": 0.0, "width_m": 8.135}}, {"type": "Feature", "geometry": {"type": "LineString", "coordinates": [[85.838324, 20.293266], [85.838325, 20.293103]]}, "properties": {"feature_type": "edge", "u": 178, "v": 186, "edge_key": 0, "length_m": 18.0, "is_bridged": false, "is_bridge": false, "edge_betweenness": 0.0, "width_m": 8.946}}, {"type": "Feature", "geometry": {"type": "LineString", "coordinates": [[85.835547, 20.293229], [85.835569, 20.292959]]}, "properties": {"feature_type": "edge", "u": 179, "v": 193, "edge_key": 0, "length_m": 30.828, "is_bridged": false, "is_bridge": false, "edge_betweenness": 0.0, "width_m": 8.631}}, {"type": "Feature", "geometry": {"type": "LineString", "coordinates": [[85.82557, 20.293127], [85.825493, 20.293108]]}, "properties": {"feature_type": "edge", "u": 180, "v": 181, "edge_key": 0, "length_m": 8.472, "is_bridged": false, "is_bridge": false, "edge_betweenness": 0.0, "width_m": 6.2}}, {"type": "Feature", "geometry": {"type": "LineString", "coordinates": [[85.82557, 20.293127], [85.82559, 20.293055]]}, "properties": {"feature_type": "edge", "u": 180, "v": 184, "edge_key": 0, "length_m": 8.828, "is_bridged": false, "is_bridge": false, "edge_betweenness": 0.0, "width_m": 6.828}}, {"type": "Feature", "geometry": {"type": "LineString", "coordinates": [[85.825493, 20.293108], [85.825513, 20.293036]]}, "properties": {"feature_type": "edge", "u": 181, "v": 185, "edge_key": 0, "length_m": 8.472, "is_bridged": false, "is_bridge": false, "edge_betweenness": 0.0, "width_m": 8.63}}, {"type": "Feature", "geometry": {"type": "LineString", "coordinates": [[85.843381, 20.293209], [85.843764, 20.29323]]}, "properties": {"feature_type": "edge", "u": 182, "v": 183, "edge_key": 0, "length_m": 40.828, "is_bridged": false, "is_bridge": true, "edge_betweenness": 0.0, "width_m": 8.199}}, {"type": "Feature", "geometry": {"type": "LineString", "coordinates": [[85.843381, 20.293209], [85.843247, 20.293172], [85.843075, 20.293171], [85.843056, 20.293153], [85.842902, 20.293152], [85.842883, 20.293134], [85.842462, 20.293095]]}, "properties": {"feature_type": "edge", "u": 182, "v": 187, "edge_key": 0, "length_m": 100.614, "is_bridged": false, "is_bridge": false, "edge_betweenness": 0.0, "width_m": 8.161}}, {"type": "Feature", "geometry": {"type": "LineString", "coordinates": [[85.843381, 20.293209], [85.843421, 20.29292], [85.84344, 20.292902], [85.843441, 20.292794], [85.843461, 20.292776], [85.843461, 20.292668]]}, "properties": {"feature_type": "edge", "u": 182, "v": 214, "edge_key": 0, "length_m": 63.314, "is_bridged": false, "is_bridge": false, "edge_betweenness": 0.0, "width_m": 8.354}}, {"type": "Feature", "geometry": {"type": "LineString", "coordinates": [[85.843764, 20.29323], [85.843825, 20.292706], [85.843844, 20.292688], [85.843865, 20.292453], [85.843904, 20.292327]]}, "properties": {"feature_type": "edge", "u": 183, "v": 225, "edge_key": 0, "length_m": 105.799, "is_bridged": false, "is_bridge": true, "edge_betweenness": 0.0, "width_m": 8.189}}, {"type": "Feature", "geometry": {"type": "LineString", "coordinates": [[85.82559, 20.293055], [85.825513, 20.293036]]}, "properties": {"feature_type": "edge", "u": 184, "v": 185, "edge_key": 0, "length_m": 8.472, "is_bridged": false, "is_bridge": false, "edge_betweenness": 0.0, "width_m": 6.2}}, {"type": "Feature", "geometry": {"type": "LineString", "coordinates": [[85.82559, 20.293055], [85.825628, 20.293019], [85.825629, 20.292928]]}, "properties": {"feature_type": "edge", "u": 184, "v": 190, "edge_key": 0, "length_m": 15.657, "is_bridged": false, "is_bridge": false, "edge_betweenness": 0.0, "width_m": 7.465}}, {"type": "Feature", "geometry": {"type": "LineString", "coordinates": [[85.825513, 20.293036], [85.825552, 20.29291]]}, "properties": {"feature_type": "edge", "u": 185, "v": 192, "edge_key": 0, "length_m": 15.657, "is_bridged": false, "is_bridge": false, "edge_betweenness": 0.0, "width_m": 8.405}}, {"type": "Feature", "geometry": {"type": "LineString", "coordinates": [[85.838325, 20.293103], [85.83777, 20.293045], [85.837751, 20.293027], [85.837598, 20.293026], [85.837579, 20.293008], [85.837388, 20.293007]]}, "properties": {"feature_type": "edge", "u": 186, "v": 191, "edge_key": 0, "length_m": 102.142, "is_bridged": false, "is_bridge": false, "edge_betweenness": 0.0, "width_m": 8.187}}, {"type": "Feature", "geometry": {"type": "LineString", "coordinates": [[85.838325, 20.293103], [85.838345, 20.293085], [85.838365, 20.292941]]}, "properties": {"feature_type": "edge", "u": 186, "v": 196, "edge_key": 0, "length_m": 19.301, "is_bridged": false, "is_bridge": false, "edge_betweenness": 0.0, "width_m": 8.683}}, {"type": "Feature", "geometry": {"type": "LineString", "coordinates": [[85.842462, 20.293095], [85.842483, 20.292842], [85.842503, 20.292824], [85.842503, 20.292715], [85.842543, 20.292571]]}, "properties": {"feature_type": "edge", "u": 187, "v": 218, "edge_key": 0, "length_m": 61.314, "is_bridged": false, "is_bridge": false, "edge_betweenness": 0.0, "width_m": 8.301}}, {"type": "Feature", "geometry": {"type": "LineString", "coordinates": [[85.839475, 20.293057], [85.838365, 20.292941]]}, "properties": {"feature_type": "edge", "u": 188, "v": 196, "edge_key": 0, "length_m": 120.971, "is_bridged": false, "is_bridge": false, "edge_betweenness": 0.0, "width_m": 8.174}}, {"type": "Feature", "geometry": {"type": "LineString", "coordinates": [[85.839475, 20.293057], [85.839514, 20.292967], [85.839535, 20.29275]]}, "properties": {"feature_type": "edge", "u": 188, "v": 210, "edge_key": 0, "length_m": 36.485, "is_bridged": false, "is_bridge": false, "edge_betweenness": 0.0, "width_m": 8.862}}, {"type": "Feature", "geometry": {"type": "LineString", "coordinates": [[85.84229, 20.293075], [85.841926, 20.293037], [85.841907, 20.293019], [85.841773, 20.293018], [85.841754, 20.293], [85.841601, 20.292999], [85.841582, 20.29298], [85.841391, 20.292979]]}, "properties": {"feature_type": "edge", "u": 189, "v": 194, "edge_key": 0, "length_m": 98.142, "is_bridged": false, "is_bridge": false, "edge_betweenness": 0.0, "width_m": 8.257}}, {"type": "Feature", "geometry": {"type": "LineString", "coordinates": [[85.84229, 20.293075], [85.842309, 20.293039], [85.842351, 20.292588], [85.842391, 20.292444], [85.842391, 20.292317], [85.842411, 20.292299], [85.842412, 20.292191], [85.842431, 20.292173], [85.842432, 20.292064], [85.842471, 20.29192], [85.842472, 20.291776], [85.842491, 20.291758], [85.842492, 20.291631], [85.842512, 20.291613], [85.842573, 20.291017], [85.842593, 20.290999], [85.842676, 20.290133], [85.842695, 20.290115], [85.842696, 20.289934], [85.842716, 20.289916], [85.842738, 20.289501]]}, "properties": {"feature_type": "edge", "u": 189, "v": 325, "edge_key": 0, "length_m": 413.869, "is_bridged": false, "is_bridge": false, "edge_betweenness": 0.0, "width_m": 8.149}}, {"type": "Feature", "geometry": {"type": "LineString", "coordinates": [[85.825629, 20.292928], [85.825552, 20.29291]]}, "properties": {"feature_type": "edge", "u": 190, "v": 192, "edge_key": 0, "length_m": 8.472, "is_bridged": false, "is_bridge": false, "edge_betweenness": 0.0, "width_m": 6.2}}, {"type": "Feature", "geometry": {"type": "LineString", "coordinates": [[85.825629, 20.292928], [85.825648, 20.292856]]}, "properties": {"feature_type": "edge", "u": 190, "v": 195, "edge_key": 0, "length_m": 8.828, "is_bridged": false, "is_bridge": false, "edge_betweenness": 0.0, "width_m": 6.828}}, {"type": "Feature", "geometry": {"type": "LineString", "coordinates": [[85.837388, 20.293007], [85.837449, 20.292483]]}, "properties": {"feature_type": "edge", "u": 191, "v": 219, "edge_key": 0, "length_m": 60.485, "is_bridged": false, "is_bridge": false, "edge_betweenness": 0.0, "width_m": 8.22}}, {"type": "Feature", "geometry": {"type": "LineString", "coordinates": [[85.825552, 20.29291], [85.825572, 20.292838]]}, "properties": {"feature_type": "edge", "u": 192, "v": 197, "edge_key": 0, "length_m": 8.472, "is_bridged": false, "is_bridge": false, "edge_betweenness": 0.0, "width_m": 8.63}}, {"type": "Feature", "geometry": {"type": "LineString", "coordinates": [[85.835569, 20.292959], [85.835205, 20.292938], [85.835186, 20.29292], [85.834937, 20.292918], [85.834918, 20.2929], [85.834745, 20.292899], [85.834726, 20.292881]]}, "properties": {"feature_type": "edge", "u": 193, "v": 202, "edge_key": 0, "length_m": 91.314, "is_bridged": false, "is_bridge": false, "edge_betweenness": 0.0, "width_m": 8.252}}, {"type": "Feature", "geometry": {"type": "LineString", "coordinates": [[85.835569, 20.292959], [85.835608, 20.292814]]}, "properties": {"feature_type": "edge", "u": 193, "v": 206, "edge_key": 0, "length_m": 17.301, "is_bridged": false, "is_bridge": false, "edge_betweenness": 0.0, "width_m": 8.946}}, {"type": "Feature", "geometry": {"type": "LineString", "coordinates": [[85.841391, 20.292979], [85.841276, 20.292942], [85.840989, 20.292922]]}, "properties": {"feature_type": "edge", "u": 194, "v": 199, "edge_key": 0, "length_m": 44.485, "is_bridged": false, "is_bridge": false, "edge_betweenness": 0.0, "width_m": 8.383}}, {"type": "Feature", "geometry": {"type": "LineString", "coordinates": [[85.825648, 20.292856], [85.825572, 20.292838]]}, "properties": {"feature_type": "edge", "u": 195, "v": 197, "edge_key": 0, "length_m": 8.472, "is_bridged": false, "is_bridge": false, "edge_betweenness": 0.0, "width_m": 6.2}}, {"type": "Feature", "geometry": {"type": "LineString", "coordinates": [[85.825648, 20.292856], [85.825668, 20.292802]]}, "properties": {"feature_type": "edge", "u": 195, "v": 200, "edge_key": 0, "length_m": 6.828, "is_bridged": false, "is_bridge": false, "edge_betweenness": 0.0, "width_m": 6.438}}, {"type": "Feature", "geometry": {"type": "LineString", "coordinates": [[85.838365, 20.292941], [85.838406, 20.292598]]}, "properties": {"feature_type": "edge", "u": 196, "v": 215, "edge_key": 0, "length_m": 39.657, "is_bridged": false, "is_bridge": false, "edge_betweenness": 0.0, "width_m": 8.362}}, {"type": "Feature", "geometry": {"type": "LineString", "coordinates": [[85.825572, 20.292838], [85.825592, 20.292783]]}, "properties": {"feature_type": "edge", "u": 197, "v": 204, "edge_key": 0, "length_m": 6.828, "is_bridged": false, "is_bridge": false, "edge_betweenness": 0.0, "width_m": 8.63}}, {"type": "Feature", "geometry": {"type": "LineString", "coordinates": [[85.836526, 20.292911], [85.835608, 20.292814]]}, "properties": {"feature_type": "edge", "u": 198, "v": 206, "edge_key": 0, "length_m": 100.142, "is_bridged": false, "is_bridge": false, "edge_betweenness": 0.0, "width_m": 8.241}}, {"type": "Feature", "geometry": {"type": "LineString", "coordinates": [[85.836526, 20.292911], [85.836546, 20.292893], [85.836607, 20.292405]]}, "properties": {"feature_type": "edge", "u": 198, "v": 221, "edge_key": 0, "length_m": 59.314, "is_bridged": false, "is_bridge": false, "edge_betweenness": 0.0, "width_m": 8.287}}, {"type": "Feature", "geometry": {"type": "LineString", "coordinates": [[85.840989, 20.292922], [85.840951, 20.292904], [85.840817, 20.292903], [85.840798, 20.292885], [85.840664, 20.292884], [85.840645, 20.292866], [85.84051, 20.292865], [85.840491, 20.292847], [85.840357, 20.292846], [85.840338, 20.292828], [85.840051, 20.292808]]}, "properties": {"feature_type": "edge", "u": 199, "v": 209, "edge_key": 0, "length_m": 102.614, "is_bridged": false, "is_bridge": false, "edge_betweenness": 0.0, "width_m": 8.295}}, {"type": "Feature", "geometry": {"type": "LineString", "coordinates": [[85.825668, 20.292802], [85.825592, 20.292783]]}, "properties": {"feature_type": "edge", "u": 200, "v": 204, "edge_key": 0, "length_m": 8.472, "is_bridged": false, "is_bridge": false, "edge_betweenness": 0.0, "width_m": 6.2}}, {"type": "Feature", "geometry": {"type": "LineString", "coordinates": [[85.825668, 20.292802], [85.825688, 20.29273]]}, "properties": {"feature_type": "edge", "u": 200, "v": 205, "edge_key": 0, "length_m": 8.828, "is_bridged": false, "is_bridge": false, "edge_betweenness": 0.0, "width_m": 6.828}}, {"type": "Feature", "geometry": {"type": "LineString", "coordinates": [[85.834056, 20.292858], [85.833807, 20.292838]]}, "properties": {"feature_type": "edge", "u": 201, "v": 203, "edge_key": 0, "length_m": 26.828, "is_bridged": false, "is_bridge": false, "edge_betweenness": 0.0, "width_m": 8.434}}, {"type": "Feature", "geometry": {"type": "LineString", "coordinates": [[85.834056, 20.292858], [85.834076, 20.29284], [85.834096, 20.292696]]}, "properties": {"feature_type": "edge", "u": 201, "v": 211, "edge_key": 0, "length_m": 19.301, "is_bridged": false, "is_bridge": false, "edge_betweenness": 0.0, "width_m": 8.683}}, {"type": "Feature", "geometry": {"type": "LineString", "coordinates": [[85.834726, 20.292881], [85.834727, 20.292772]]}, "properties": {"feature_type": "edge", "u": 202, "v": 208, "edge_key": 0, "length_m": 12.0, "is_bridged": false, "is_bridge": false, "edge_betweenness": 0.0, "width_m": 9.929}}, {"type": "Feature", "geometry": {"type": "LineString", "coordinates": [[85.833807, 20.292838], [85.833869, 20.292333], [85.833888, 20.292315], [85.833889, 20.292188], [85.833928, 20.292062]]}, "properties": {"feature_type": "edge", "u": 203, "v": 230, "edge_key": 0, "length_m": 90.971, "is_bridged": false, "is_bridge": false, "edge_betweenness": 0.0, "width_m": 8.187}}, {"type": "Feature", "geometry": {"type": "LineString", "coordinates": [[85.825592, 20.292783], [85.825611, 20.292711]]}, "properties": {"feature_type": "edge", "u": 204, "v": 207, "edge_key": 0, "length_m": 8.472, "is_bridged": false, "is_bridge": false, "edge_betweenness": 0.0, "width_m": 8.63}}, {"type": "Feature", "geometry": {"type": "LineString", "coordinates": [[85.825688, 20.29273], [85.825611, 20.292711]]}, "properties": {"feature_type": "edge", "u": 205, "v": 207, "edge_key": 0, "length_m": 8.472, "is_bridged": false, "is_bridge": false, "edge_betweenness": 0.0, "width_m": 6.2}}, {"type": "Feature", "geometry": {"type": "LineString", "coordinates": [[85.825688, 20.29273], [85.825726, 20.292694], [85.825747, 20.292513]]}, "properties": {"feature_type": "edge", "u": 205, "v": 216, "edge_key": 0, "length_m": 26.485, "is_bridged": false, "is_bridge": false, "edge_betweenness": 0.0, "width_m": 7.767}}, {"type": "Feature", "geometry": {"type": "LineString", "coordinates": [[85.835608, 20.292814], [85.835609, 20.29267], [85.835628, 20.292652], [85.835669, 20.292291]]}, "properties": {"feature_type": "edge", "u": 206, "v": 223, "edge_key": 0, "length_m": 60.485, "is_bridged": false, "is_bridge": false, "edge_betweenness": 0.0, "width_m": 8.287}}, {"type": "Feature", "geometry": {"type": "LineString", "coordinates": [[85.825611, 20.292711], [85.82567, 20.292495]]}, "properties": {"feature_type": "edge", "u": 207, "v": 217, "edge_key": 0, "length_m": 26.485, "is_bridged": false, "is_bridge": false, "edge_betweenness": 0.0, "width_m": 8.315}}, {"type": "Feature", "geometry": {"type": "LineString", "coordinates": [[85.834727, 20.292772], [85.834325, 20.292715]]}, "properties": {"feature_type": "edge", "u": 208, "v": 212, "edge_key": 0, "length_m": 44.485, "is_bridged": false, "is_bridge": false, "edge_betweenness": 0.0, "width_m": 8.307}}, {"type": "Feature", "geometry": {"type": "LineString", "coordinates": [[85.834727, 20.292772], [85.834808, 20.292176]]}, "properties": {"feature_type": "edge", "u": 208, "v": 226, "edge_key": 0, "length_m": 69.314, "is_bridged": false, "is_bridge": false, "edge_betweenness": 0.0, "width_m": 8.414}}, {"type": "Feature", "geometry": {"type": "LineString", "coordinates": [[85.840051, 20.292808], [85.840013, 20.292789], [85.839707, 20.292769], [85.839688, 20.292751], [85.839535, 20.29275]]}, "properties": {"feature_type": "edge", "u": 209, "v": 210, "edge_key": 0, "length_m": 56.129, "is_bridged": false, "is_bridge": false, "edge_betweenness": 0.0, "width_m": 8.4}}, {"type": "Feature", "geometry": {"type": "LineString", "coordinates": [[85.839535, 20.29275], [85.839516, 20.292732], [85.839324, 20.292712]]}, "properties": {"feature_type": "edge", "u": 210, "v": 213, "edge_key": 0, "length_m": 23.657, "is_bridged": false, "is_bridge": false, "edge_betweenness": 0.0, "width_m": 8.473}}, {"type": "Feature", "geometry": {"type": "LineString", "coordinates": [[85.834096, 20.292696], [85.834325, 20.292715]]}, "properties": {"feature_type": "edge", "u": 211, "v": 212, "edge_key": 0, "length_m": 24.828, "is_bridged": false, "is_bridge": false, "edge_betweenness": 0.0, "width_m": 8.172}}, {"type": "Feature", "geometry": {"type": "LineString", "coordinates": [[85.834096, 20.292696], [85.834177, 20.2921]]}, "properties": {"feature_type": "edge", "u": 211, "v": 228, "edge_key": 0, "length_m": 69.314, "is_bridged": false, "is_bridge": false, "edge_betweenness": 0.0, "width_m": 8.281}}, {"type": "Feature", "geometry": {"type": "LineString", "coordinates": [[85.834325, 20.292715], [85.834326, 20.292589], [85.834346, 20.292571], [85.834406, 20.292138]]}, "properties": {"feature_type": "edge", "u": 212, "v": 227, "edge_key": 0, "length_m": 67.314, "is_bridged": false, "is_bridge": false, "edge_betweenness": 0.0, "width_m": 8.183}}, {"type": "Feature", "geometry": {"type": "LineString", "coordinates": [[85.839324, 20.292712], [85.838406, 20.292598]]}, "properties": {"feature_type": "edge", "u": 213, "v": 215, "edge_key": 0, "length_m": 100.614, "is_bridged": false, "is_bridge": false, "edge_betweenness": 0.0, "width_m": 8.191}}, {"type": "Feature", "geometry": {"type": "LineString", "coordinates": [[85.839324, 20.292712], [85.839385, 20.292279], [85.839404, 20.292261], [85.839405, 20.292081]]}, "properties": {"feature_type": "edge", "u": 213, "v": 231, "edge_key": 0, "length_m": 73.314, "is_bridged": false, "is_bridge": false, "edge_betweenness": 0.0, "width_m": 8.236}}, {"type": "Feature", "geometry": {"type": "LineString", "coordinates": [[85.843461, 20.292668], [85.842772, 20.292609], [85.842753, 20.292591], [85.842562, 20.292589], [85.842543, 20.292571]]}, "properties": {"feature_type": "edge", "u": 214, "v": 218, "edge_key": 0, "length_m": 100.142, "is_bridged": false, "is_bridge": false, "edge_betweenness": 0.0, "width_m": 8.27}}, {"type": "Feature", "geometry": {"type": "LineString", "coordinates": [[85.843461, 20.292668], [85.843481, 20.29265], [85.843522, 20.292288], [85.843541, 20.292271], [85.843562, 20.292054], [85.843581, 20.292036], [85.843582, 20.291873]]}, "properties": {"feature_type": "edge", "u": 214, "v": 235, "edge_key": 0, "length_m": 92.971, "is_bridged": false, "is_bridge": false, "edge_betweenness": 0.0, "width_m": 8.301}}, {"type": "Feature", "geometry": {"type": "LineString", "coordinates": [[85.838406, 20.292598], [85.837946, 20.292559], [85.837927, 20.292541], [85.837793, 20.29254], [85.837774, 20.292521], [85.83764, 20.292521], [85.837621, 20.292502], [85.837487, 20.292501], [85.837449, 20.292483]]}, "properties": {"feature_type": "edge", "u": 215, "v": 219, "edge_key": 0, "length_m": 104.614, "is_bridged": false, "is_bridge": false, "edge_betweenness": 0.0, "width_m": 8.27}}, {"type": "Feature", "geometry": {"type": "LineString", "coordinates": [[85.838406, 20.292598], [85.838447, 20.292255], [85.838466, 20.292237], [85.838467, 20.29211], [85.838486, 20.292093], [85.838487, 20.291966]]}, "properties": {"feature_type": "edge", "u": 215, "v": 232, "edge_key": 0, "length_m": 73.314, "is_bridged": false, "is_bridge": false, "edge_betweenness": 0.0, "width_m": 8.334}}, {"type": "Feature", "geometry": {"type": "LineString", "coordinates": [[85.825747, 20.292513], [85.82567, 20.292495]]}, "properties": {"feature_type": "edge", "u": 216, "v": 217, "edge_key": 0, "length_m": 8.472, "is_bridged": false, "is_bridge": false, "edge_betweenness": 0.0, "width_m": 6.2}}, {"type": "Feature", "geometry": {"type": "LineString", "coordinates": [[85.825747, 20.292513], [85.825786, 20.29246], [85.825786, 20.292387], [85.825845, 20.292189], [85.825907, 20.291611], [85.825926, 20.291593], [85.825927, 20.291467], [85.825946, 20.291449], [85.825947, 20.291322], [85.825967, 20.291304], [85.825968, 20.291142]]}, "properties": {"feature_type": "edge", "u": 216, "v": 250, "edge_key": 0, "length_m": 161.113, "is_bridged": false, "is_bridge": false, "edge_betweenness": 0.0, "width_m": 8.1}}, {"type": "Feature", "geometry": {"type": "LineString", "coordinates": [[85.82567, 20.292495], [85.825711, 20.292242], [85.82573, 20.292224], [85.825731, 20.292098], [85.82575, 20.29208], [85.825811, 20.291556], [85.825851, 20.291412], [85.825872, 20.291141], [85.825891, 20.291123]]}, "properties": {"feature_type": "edge", "u": 217, "v": 252, "edge_key": 0, "length_m": 161.113, "is_bridged": false, "is_bridge": false, "edge_betweenness": 0.0, "width_m": 8.186}}, {"type": "Feature", "geometry": {"type": "LineString", "coordinates": [[85.842543, 20.292571], [85.842605, 20.291975], [85.842644, 20.291831]]}, "properties": {"feature_type": "edge", "u": 218, "v": 238, "edge_key": 0, "length_m": 86.142, "is_bridged": false, "is_bridge": false, "edge_betweenness": 0.0, "width_m": 8.404}}, {"type": "Feature", "geometry": {"type": "LineString", "coordinates": [[85.837449, 20.292483], [85.837047, 20.292444]]}, "properties": {"feature_type": "edge", "u": 219, "v": 220, "edge_key": 0, "length_m": 43.657, "is_bridged": false, "is_bridge": false, "edge_betweenness": 0.0, "width_m": 8.26}}, {"type": "Feature", "geometry": {"type": "LineString", "coordinates": [[85.837449, 20.292483], [85.837488, 20.292357], [85.837529, 20.291996], [85.837549, 20.291978], [85.83755, 20.291833]]}, "properties": {"feature_type": "edge", "u": 219, "v": 233, "edge_key": 0, "length_m": 75.786, "is_bridged": false, "is_bridge": false, "edge_betweenness": 0.0, "width_m": 8.324}}, {"type": "Feature", "geometry": {"type": "LineString", "coordinates": [[85.837047, 20.292444], [85.836837, 20.292425], [85.836818, 20.292407], [85.836607, 20.292405]]}, "properties": {"feature_type": "edge", "u": 220, "v": 221, "edge_key": 0, "length_m": 47.657, "is_bridged": false, "is_bridge": false, "edge_betweenness": 0.0, "width_m": 8.172}}, {"type": "Feature", "geometry": {"type": "LineString", "coordinates": [[85.837047, 20.292444], [85.837148, 20.291795]]}, "properties": {"feature_type": "edge", "u": 220, "v": 237, "edge_key": 0, "length_m": 76.142, "is_bridged": false, "is_bridge": false, "edge_betweenness": 0.0, "width_m": 8.135}}, {"type": "Feature", "geometry": {"type": "LineString", "coordinates": [[85.836607, 20.292405], [85.836511, 20.292369], [85.836358, 20.292368], [85.836339, 20.292349], [85.835803, 20.292292]]}, "properties": {"feature_type": "edge", "u": 221, "v": 224, "edge_key": 0, "length_m": 88.971, "is_bridged": false, "is_bridge": false, "edge_betweenness": 0.0, "width_m": 8.18}}, {"type": "Feature", "geometry": {"type": "LineString", "coordinates": [[85.844555, 20.292404], [85.844536, 20.292386], [85.844537, 20.292295], [85.844556, 20.292277], [85.844556, 20.292205], [85.844595, 20.292151]]}, "properties": {"feature_type": "edge", "u": 222, "v": 229, "edge_key": 0, "length_m": 31.314, "is_bridged": false, "is_bridge": true, "edge_betweenness": 0.0, "width_m": 8.474}}, {"type": "Feature", "geometry": {"type": "LineString", "coordinates": [[85.835669, 20.292291], [85.835555, 20.292254], [85.835401, 20.292253], [85.835382, 20.292235], [85.834808, 20.292176]]}, "properties": {"feature_type": "edge", "u": 223, "v": 226, "edge_key": 0, "length_m": 94.971, "is_bridged": false, "is_bridge": false, "edge_betweenness": 0.0, "width_m": 8.262}}, {"type": "Feature", "geometry": {"type": "LineString", "coordinates": [[85.835669, 20.292291], [85.835803, 20.292292]]}, "properties": {"feature_type": "edge", "u": 223, "v": 224, "edge_key": 0, "length_m": 14.0, "is_bridged": false, "is_bridge": false, "edge_betweenness": 0.0, "width_m": 8.315}}, {"type": "Feature", "geometry": {"type": "LineString", "coordinates": [[85.835803, 20.292292], [85.835844, 20.291985], [85.835863, 20.291967], [85.835865, 20.291786]]}, "properties": {"feature_type": "edge", "u": 224, "v": 236, "edge_key": 0, "length_m": 58.485, "is_bridged": false, "is_bridge": false, "edge_betweenness": 0.0, "width_m": 8.21}}, {"type": "Feature", "geometry": {"type": "LineString", "coordinates": [[85.834808, 20.292176], [85.834617, 20.292157], [85.834598, 20.292139], [85.834406, 20.292138]]}, "properties": {"feature_type": "edge", "u": 226, "v": 227, "edge_key": 0, "length_m": 43.657, "is_bridged": false, "is_bridge": false, "edge_betweenness": 0.0, "width_m": 8.355}}, {"type": "Feature", "geometry": {"type": "LineString", "coordinates": [[85.834808, 20.292176], [85.834828, 20.29214], [85.834849, 20.291852], [85.834868, 20.291834], [85.834869, 20.291707], [85.834889, 20.291689]]}, "properties": {"feature_type": "edge", "u": 226, "v": 240, "edge_key": 0, "length_m": 56.957, "is_bridged": false, "is_bridge": false, "edge_betweenness": 0.0, "width_m": 8.385}}, {"type": "Feature", "geometry": {"type": "LineString", "coordinates": [[85.834406, 20.292138], [85.834387, 20.292119], [85.834177, 20.2921]]}, "properties": {"feature_type": "edge", "u": 227, "v": 228, "edge_key": 0, "length_m": 25.657, "is_bridged": false, "is_bridge": false, "edge_betweenness": 0.0, "width_m": 8.591}}, {"type": "Feature", "geometry": {"type": "LineString", "coordinates": [[85.834177, 20.2921], [85.833947, 20.29208], [85.833928, 20.292062]]}, "properties": {"feature_type": "edge", "u": 228, "v": 230, "edge_key": 0, "length_m": 27.657, "is_bridged": false, "is_bridge": false, "edge_betweenness": 0.0, "width_m": 8.655}}, {"type": "Feature", "geometry": {"type": "LineString", "coordinates": [[85.833928, 20.292062], [85.833929, 20.291918], [85.833949, 20.2919], [85.834009, 20.291448]]}, "properties": {"feature_type": "edge", "u": 230, "v": 243, "edge_key": 0, "length_m": 71.314, "is_bridged": false, "is_bridge": false, "edge_betweenness": 0.0, "width_m": 8.264}}, {"type": "Feature", "geometry": {"type": "LineString", "coordinates": [[85.839405, 20.292081], [85.838487, 20.291966]]}, "properties": {"feature_type": "edge", "u": 231, "v": 232, "edge_key": 0, "length_m": 100.614, "is_bridged": false, "is_bridge": false, "edge_betweenness": 0.0, "width_m": 8.302}}, {"type": "Feature", "geometry": {"type": "LineString", "coordinates": [[85.839405, 20.292081], [85.839444, 20.292009], [85.839466, 20.29172]]}, "properties": {"feature_type": "edge", "u": 231, "v": 239, "edge_key": 0, "length_m": 42.485, "is_bridged": false, "is_bridge": false, "edge_betweenness": 0.0, "width_m": 8.686}}, {"type": "Feature", "geometry": {"type": "LineString", "coordinates": [[85.838487, 20.291966], [85.83755, 20.291833]]}, "properties": {"feature_type": "edge", "u": 232, "v": 233, "edge_key": 0, "length_m": 103.443, "is_bridged": false, "is_bridge": false, "edge_betweenness": 0.0, "width_m": 8.295}}, {"type": "Feature", "geometry": {"type": "LineString", "coordinates": [[85.838487, 20.291966], [85.838526, 20.291822], [85.838547, 20.291587]]}, "properties": {"feature_type": "edge", "u": 232, "v": 241, "edge_key": 0, "length_m": 44.129, "is_bridged": false, "is_bridge": false, "edge_betweenness": 0.0, "width_m": 8.662}}, {"type": "Feature", "geometry": {"type": "LineString", "coordinates": [[85.83755, 20.291833], [85.83732, 20.291814], [85.837301, 20.291796], [85.837148, 20.291795]]}, "properties": {"feature_type": "edge", "u": 233, "v": 237, "edge_key": 0, "length_m": 43.657, "is_bridged": false, "is_bridge": false, "edge_betweenness": 0.0, "width_m": 8.26}}, {"type": "Feature", "geometry": {"type": "LineString", "coordinates": [[85.83755, 20.291833], [85.837589, 20.291725], [85.837609, 20.291508], [85.837629, 20.291491]]}, "properties": {"feature_type": "edge", "u": 233, "v": 244, "edge_key": 0, "length_m": 40.957, "is_bridged": false, "is_bridge": false, "edge_betweenness": 0.0, "width_m": 8.548}}, {"type": "Feature", "geometry": {"type": "LineString", "coordinates": [[85.843314, 20.29189], [85.843256, 20.291907], [85.843237, 20.291889], [85.842797, 20.291868], [85.842644, 20.291831]]}, "properties": {"feature_type": "edge", "u": 234, "v": 238, "edge_key": 0, "length_m": 74.142, "is_bridged": false, "is_bridge": false, "edge_betweenness": 0.0, "width_m": 8.308}}, {"type": "Feature", "geometry": {"type": "LineString", "coordinates": [[85.843314, 20.29189], [85.843582, 20.291873]]}, "properties": {"feature_type": "edge", "u": 234, "v": 235, "edge_key": 0, "length_m": 28.828, "is_bridged": false, "is_bridge": false, "edge_betweenness": 0.0, "width_m": 8.655}}, {"type": "Feature", "geometry": {"type": "LineString", "coordinates": [[85.843314, 20.29189], [85.843398, 20.290878]]}, "properties": {"feature_type": "edge", "u": 234, "v": 263, "edge_key": 0, "length_m": 115.314, "is_bridged": false, "is_bridge": false, "edge_betweenness": 0.0, "width_m": 8.129}}, {"type": "Feature", "geometry": {"type": "LineString", "coordinates": [[85.843582, 20.291873], [85.843717, 20.29173], [85.843834, 20.291477]]}, "properties": {"feature_type": "edge", "u": 235, "v": 245, "edge_key": 0, "length_m": 54.413, "is_bridged": false, "is_bridge": false, "edge_betweenness": 0.0, "width_m": 9.062}}, {"type": "Feature", "geometry": {"type": "LineString", "coordinates": [[85.835865, 20.291786], [85.835692, 20.291785], [85.835673, 20.291767], [85.83552, 20.291766], [85.835501, 20.291747], [85.834889, 20.291689]]}, "properties": {"feature_type": "edge", "u": 236, "v": 240, "edge_key": 0, "length_m": 106.142, "is_bridged": false, "is_bridge": false, "edge_betweenness": 0.0, "width_m": 8.236}}, {"type": "Feature", "geometry": {"type": "LineString", "coordinates": [[85.835865, 20.291786], [85.835903, 20.291714], [85.835945, 20.291335]]}, "properties": {"feature_type": "edge", "u": 236, "v": 247, "edge_key": 0, "length_m": 53.314, "is_bridged": false, "is_bridge": false, "edge_betweenness": 0.0, "width_m": 8.424}}, {"type": "Feature", "geometry": {"type": "LineString", "coordinates": [[85.837148, 20.291795], [85.83723, 20.291054]]}, "properties": {"feature_type": "edge", "u": 237, "v": 257, "edge_key": 0, "length_m": 85.314, "is_bridged": false, "is_bridge": false, "edge_betweenness": 0.0, "width_m": 8.094}}, {"type": "Feature", "geometry": {"type": "LineString", "coordinates": [[85.842644, 20.291831], [85.842645, 20.29165], [85.842665, 20.291632], [85.842666, 20.291488], [85.842685, 20.29147], [85.842707, 20.291145], [85.842726, 20.291127], [85.842727, 20.290982], [85.842746, 20.290964], [85.842767, 20.290766]]}, "properties": {"feature_type": "edge", "u": 238, "v": 270, "edge_key": 0, "length_m": 122.971, "is_bridged": false, "is_bridge": false, "edge_betweenness": 0.0, "width_m": 8.252}}, {"type": "Feature", "geometry": {"type": "LineString", "coordinates": [[85.839466, 20.29172], [85.8387, 20.291624], [85.838547, 20.291587]]}, "properties": {"feature_type": "edge", "u": 239, "v": 241, "edge_key": 0, "length_m": 101.443, "is_bridged": false, "is_bridge": false, "edge_betweenness": 0.0, "width_m": 8.348}}, {"type": "Feature", "geometry": {"type": "LineString", "coordinates": [[85.839466, 20.29172], [85.839505, 20.291629], [85.839526, 20.291395]]}, "properties": {"feature_type": "edge", "u": 239, "v": 246, "edge_key": 0, "length_m": 38.485, "is_bridged": false, "is_bridge": false, "edge_betweenness": 0.0, "width_m": 8.71}}, {"type": "Feature", "geometry": {"type": "LineString", "coordinates": [[85.834889, 20.291689], [85.83493, 20.291292]]}, "properties": {"feature_type": "edge", "u": 240, "v": 248, "edge_key": 0, "length_m": 45.657, "is_bridged": false, "is_bridge": false, "edge_betweenness": 0.0, "width_m": 8.248}}, {"type": "Feature", "geometry": {"type": "LineString", "coordinates": [[85.838547, 20.291587], [85.838394, 20.291586], [85.838375, 20.291568], [85.838241, 20.291567], [85.838088, 20.29153], [85.837629, 20.291491]]}, "properties": {"feature_type": "edge", "u": 241, "v": 244, "edge_key": 0, "length_m": 100.142, "is_bridged": false, "is_bridge": false, "edge_betweenness": 0.0, "width_m": 8.348}}, {"type": "Feature", "geometry": {"type": "LineString", "coordinates": [[85.838547, 20.291587], [85.838588, 20.29128], [85.838607, 20.291262]]}, "properties": {"feature_type": "edge", "u": 241, "v": 249, "edge_key": 0, "length_m": 38.485, "is_bridged": false, "is_bridge": false, "edge_betweenness": 0.0, "width_m": 8.698}}, {"type": "Feature", "geometry": {"type": "LineString", "coordinates": [[85.844561, 20.291554], [85.844542, 20.291536], [85.844389, 20.291535], [85.84437, 20.291517], [85.844217, 20.291516], [85.844198, 20.291498], [85.844045, 20.291497], [85.844026, 20.291479], [85.843834, 20.291477]]}, "properties": {"feature_type": "edge", "u": 242, "v": 245, "edge_key": 0, "length_m": 79.314, "is_bridged": false, "is_bridge": true, "edge_betweenness": 0.0, "width_m": 8.149}}, {"type": "Feature", "geometry": {"type": "LineString", "coordinates": [[85.834009, 20.291448], [85.834124, 20.291449], [85.834143, 20.291467], [85.834373, 20.291487], [85.834507, 20.291524], [85.834564, 20.291488], [85.834584, 20.291416], [85.834585, 20.29129], [85.834604, 20.291272], [85.834606, 20.291091], [85.834587, 20.291073], [85.834281, 20.291035], [85.834262, 20.291016], [85.834108, 20.291015], [85.834089, 20.290997]]}, "properties": {"feature_type": "edge", "u": 243, "v": 258, "edge_key": 0, "length_m": 166.77, "is_bridged": false, "is_bridge": false, "edge_betweenness": 0.0, "width_m": 8.278}}, {"type": "Feature", "geometry": {"type": "LineString", "coordinates": [[85.834009, 20.291448], [85.834051, 20.291033], [85.834089, 20.290997]]}, "properties": {"feature_type": "edge", "u": 243, "v": 258, "edge_key": 1, "length_m": 53.314, "is_bridged": false, "is_bridge": false, "edge_betweenness": 0.0, "width_m": 8.394}}, {"type": "Feature", "geometry": {"type": "LineString", "coordinates": [[85.837629, 20.291491], [85.83767, 20.291093]]}, "properties": {"feature_type": "edge", "u": 244, "v": 253, "edge_key": 0, "length_m": 45.657, "is_bridged": false, "is_bridge": false, "edge_betweenness": 0.0, "width_m": 8.406}}, {"type": "Feature", "geometry": {"type": "LineString", "coordinates": [[85.843834, 20.291477], [85.843836, 20.291224], [85.843779, 20.291116], [85.84357, 20.290915], [85.843494, 20.290879], [85.843398, 20.290878]]}, "properties": {"feature_type": "edge", "u": 245, "v": 263, "edge_key": 0, "length_m": 94.426, "is_bridged": false, "is_bridge": false, "edge_betweenness": 0.0, "width_m": 8.567}}, {"type": "Feature", "geometry": {"type": "LineString", "coordinates": [[85.839526, 20.291395], [85.839066, 20.291337], [85.839047, 20.291319], [85.838932, 20.291318], [85.838913, 20.2913], [85.838798, 20.2913], [85.838779, 20.291281], [85.838626, 20.29128], [85.838607, 20.291262]]}, "properties": {"feature_type": "edge", "u": 246, "v": 249, "edge_key": 0, "length_m": 101.799, "is_bridged": false, "is_bridge": false, "edge_betweenness": 0.0, "width_m": 8.295}}, {"type": "Feature", "geometry": {"type": "LineString", "coordinates": [[85.839526, 20.291395], [85.839565, 20.291268], [85.839566, 20.291088]]}, "properties": {"feature_type": "edge", "u": 246, "v": 255, "edge_key": 0, "length_m": 35.657, "is_bridged": false, "is_bridge": false, "edge_betweenness": 0.0, "width_m": 8.556}}, {"type": "Feature", "geometry": {"type": "LineString", "coordinates": [[85.835945, 20.291335], [85.83493, 20.291292]]}, "properties": {"feature_type": "edge", "u": 247, "v": 248, "edge_key": 0, "length_m": 107.657, "is_bridged": false, "is_bridge": false, "edge_betweenness": 0.0, "width_m": 8.213}}, {"type": "Feature", "geometry": {"type": "LineString", "coordinates": [[85.835945, 20.291335], [85.835964, 20.291317], [85.835965, 20.291208], [85.836004, 20.291064], [85.836005, 20.290901]]}, "properties": {"feature_type": "edge", "u": 247, "v": 262, "edge_key": 0, "length_m": 50.485, "is_bridged": false, "is_bridge": false, "edge_betweenness": 0.0, "width_m": 8.501}}, {"type": "Feature", "geometry": {"type": "LineString", "coordinates": [[85.83493, 20.291292], [85.834991, 20.290822], [85.83501, 20.290805]]}, "properties": {"feature_type": "edge", "u": 248, "v": 264, "edge_key": 0, "length_m": 57.314, "is_bridged": false, "is_bridge": false, "edge_betweenness": 0.0, "width_m": 8.263}}, {"type": "Feature", "geometry": {"type": "LineString", "coordinates": [[85.838607, 20.291262], [85.838608, 20.291208]]}, "properties": {"feature_type": "edge", "u": 249, "v": 251, "edge_key": 0, "length_m": 6.0, "is_bridged": false, "is_bridge": false, "edge_betweenness": 0.0, "width_m": 9.734}}, {"type": "Feature", "geometry": {"type": "LineString", "coordinates": [[85.825968, 20.291142], [85.825891, 20.291123]]}, "properties": {"feature_type": "edge", "u": 250, "v": 252, "edge_key": 0, "length_m": 8.472, "is_bridged": false, "is_bridge": false, "edge_betweenness": 0.0, "width_m": 6.2}}, {"type": "Feature", "geometry": {"type": "LineString", "coordinates": [[85.825968, 20.291142], [85.825987, 20.291124], [85.825988, 20.290997]]}, "properties": {"feature_type": "edge", "u": 250, "v": 254, "edge_key": 0, "length_m": 16.828, "is_bridged": false, "is_bridge": false, "edge_betweenness": 0.0, "width_m": 7.414}}, {"type": "Feature", "geometry": {"type": "LineString", "coordinates": [[85.838608, 20.291208], [85.83767, 20.291093]]}, "properties": {"feature_type": "edge", "u": 251, "v": 253, "edge_key": 0, "length_m": 102.971, "is_bridged": false, "is_bridge": false, "edge_betweenness": 0.0, "width_m": 8.266}}, {"type": "Feature", "geometry": {"type": "LineString", "coordinates": [[85.838608, 20.291208], [85.838608, 20.291099], [85.838648, 20.290973]]}, "properties": {"feature_type": "edge", "u": 251, "v": 259, "edge_key": 0, "length_m": 27.657, "is_bridged": false, "is_bridge": false, "edge_betweenness": 0.0, "width_m": 8.473}}, {"type": "Feature", "geometry": {"type": "LineString", "coordinates": [[85.825891, 20.291123], [85.825912, 20.290979]]}, "properties": {"feature_type": "edge", "u": 252, "v": 256, "edge_key": 0, "length_m": 16.472, "is_bridged": false, "is_bridge": false, "edge_betweenness": 0.0, "width_m": 8.27}}, {"type": "Feature", "geometry": {"type": "LineString", "coordinates": [[85.83767, 20.291093], [85.83723, 20.291054]]}, "properties": {"feature_type": "edge", "u": 253, "v": 257, "edge_key": 0, "length_m": 47.657, "is_bridged": false, "is_bridge": false, "edge_betweenness": 0.0, "width_m": 8.279}}, {"type": "Feature", "geometry": {"type": "LineString", "coordinates": [[85.83767, 20.291093], [85.83775, 20.290678]]}, "properties": {"feature_type": "edge", "u": 253, "v": 272, "edge_key": 0, "length_m": 48.957, "is_bridged": false, "is_bridge": false, "edge_betweenness": 0.0, "width_m": 8.77}}, {"type": "Feature", "geometry": {"type": "LineString", "coordinates": [[85.825988, 20.290997], [85.825912, 20.290979]]}, "properties": {"feature_type": "edge", "u": 254, "v": 256, "edge_key": 0, "length_m": 8.472, "is_bridged": false, "is_bridge": false, "edge_betweenness": 0.0, "width_m": 6.2}}, {"type": "Feature", "geometry": {"type": "LineString", "coordinates": [[85.825988, 20.290997], [85.826007, 20.290979], [85.826008, 20.290853]]}, "properties": {"feature_type": "edge", "u": 254, "v": 260, "edge_key": 0, "length_m": 16.828, "is_bridged": false, "is_bridge": false, "edge_betweenness": 0.0, "width_m": 7.414}}, {"type": "Feature", "geometry": {"type": "LineString", "coordinates": [[85.839566, 20.291088], [85.838992, 20.29103], [85.838839, 20.290993], [85.838667, 20.290991], [85.838648, 20.290973]]}, "properties": {"feature_type": "edge", "u": 255, "v": 259, "edge_key": 0, "length_m": 100.971, "is_bridged": false, "is_bridge": false, "edge_betweenness": 0.0, "width_m": 8.276}}, {"type": "Feature", "geometry": {"type": "LineString", "coordinates": [[85.839566, 20.291088], [85.839605, 20.291034], [85.839645, 20.290763]]}, "properties": {"feature_type": "edge", "u": 255, "v": 269, "edge_key": 0, "length_m": 38.957, "is_bridged": false, "is_bridge": false, "edge_betweenness": 0.0, "width_m": 8.748}}, {"type": "Feature", "geometry": {"type": "LineString", "coordinates": [[85.825912, 20.290979], [85.825932, 20.290834]]}, "properties": {"feature_type": "edge", "u": 256, "v": 261, "edge_key": 0, "length_m": 16.472, "is_bridged": false, "is_bridge": false, "edge_betweenness": 0.0, "width_m": 8.27}}, {"type": "Feature", "geometry": {"type": "LineString", "coordinates": [[85.83723, 20.291054], [85.837271, 20.290603]]}, "properties": {"feature_type": "edge", "u": 257, "v": 276, "edge_key": 0, "length_m": 51.657, "is_bridged": false, "is_bridge": false, "edge_betweenness": 0.0, "width_m": 8.256}}, {"type": "Feature", "geometry": {"type": "LineString", "coordinates": [[85.834089, 20.290997], [85.83407, 20.290979], [85.834071, 20.290871], [85.83409, 20.290853], [85.834132, 20.290437], [85.834171, 20.290293]]}, "properties": {"feature_type": "edge", "u": 258, "v": 285, "edge_key": 0, "length_m": 82.614, "is_bridged": false, "is_bridge": false, "edge_betweenness": 0.0, "width_m": 8.264}}, {"type": "Feature", "geometry": {"type": "LineString", "coordinates": [[85.838648, 20.290973], [85.838649, 20.290756]]}, "properties": {"feature_type": "edge", "u": 259, "v": 268, "edge_key": 0, "length_m": 24.0, "is_bridged": false, "is_bridge": false, "edge_betweenness": 0.0, "width_m": 8.71}}, {"type": "Feature", "geometry": {"type": "LineString", "coordinates": [[85.826008, 20.290853], [85.825932, 20.290834]]}, "properties": {"feature_type": "edge", "u": 260, "v": 261, "edge_key": 0, "length_m": 8.472, "is_bridged": false, "is_bridge": false, "edge_betweenness": 0.0, "width_m": 6.2}}, {"type": "Feature", "geometry": {"type": "LineString", "coordinates": [[85.826008, 20.290853], [85.826028, 20.290835], [85.826029, 20.290708]]}, "properties": {"feature_type": "edge", "u": 260, "v": 266, "edge_key": 0, "length_m": 16.828, "is_bridged": false, "is_bridge": false, "edge_betweenness": 0.0, "width_m": 7.414}}, {"type": "Feature", "geometry": {"type": "LineString", "coordinates": [[85.825932, 20.290834], [85.825952, 20.290708]]}, "properties": {"feature_type": "edge", "u": 261, "v": 265, "edge_key": 0, "length_m": 14.472, "is_bridged": false, "is_bridge": false, "edge_betweenness": 0.0, "width_m": 8.315}}, {"type": "Feature", "geometry": {"type": "LineString", "coordinates": [[85.836005, 20.290901], [85.835967, 20.290883], [85.835776, 20.290882], [85.835757, 20.290864], [85.835565, 20.290862], [85.835546, 20.290844], [85.835335, 20.290843], [85.835316, 20.290825], [85.83501, 20.290805]]}, "properties": {"feature_type": "edge", "u": 262, "v": 264, "edge_key": 0, "length_m": 107.786, "is_bridged": false, "is_bridge": false, "edge_betweenness": 0.0, "width_m": 8.223}}, {"type": "Feature", "geometry": {"type": "LineString", "coordinates": [[85.836005, 20.290901], [85.836044, 20.290811], [85.836085, 20.290486]]}, "properties": {"feature_type": "edge", "u": 262, "v": 278, "edge_key": 0, "length_m": 49.314, "is_bridged": false, "is_bridge": false, "edge_betweenness": 0.0, "width_m": 8.624}}, {"type": "Feature", "geometry": {"type": "LineString", "coordinates": [[85.843398, 20.290878], [85.843379, 20.290842], [85.843303, 20.290823]]}, "properties": {"feature_type": "edge", "u": 263, "v": 267, "edge_key": 0, "length_m": 13.301, "is_bridged": false, "is_bridge": false, "edge_betweenness": 0.0, "width_m": 8.378}}, {"type": "Feature", "geometry": {"type": "LineString", "coordinates": [[85.83501, 20.290805], [85.835051, 20.290389]]}, "properties": {"feature_type": "edge", "u": 264, "v": 281, "edge_key": 0, "length_m": 47.657, "is_bridged": false, "is_bridge": false, "edge_betweenness": 0.0, "width_m": 8.43}}, {"type": "Feature", "geometry": {"type": "LineString", "coordinates": [[85.825952, 20.290708], [85.826029, 20.290708]]}, "properties": {"feature_type": "edge", "u": 265, "v": 266, "edge_key": 0, "length_m": 8.0, "is_bridged": false, "is_bridge": false, "edge_betweenness": 0.0, "width_m": 6.2}}, {"type": "Feature", "geometry": {"type": "LineString", "coordinates": [[85.825952, 20.290708], [85.825972, 20.290563]]}, "properties": {"feature_type": "edge", "u": 265, "v": 273, "edge_key": 0, "length_m": 16.472, "is_bridged": false, "is_bridge": false, "edge_betweenness": 0.0, "width_m": 8.27}}, {"type": "Feature", "geometry": {"type": "LineString", "coordinates": [[85.826029, 20.290708], [85.826048, 20.29069], [85.826049, 20.290564]]}, "properties": {"feature_type": "edge", "u": 266, "v": 274, "edge_key": 0, "length_m": 16.828, "is_bridged": false, "is_bridge": false, "edge_betweenness": 0.0, "width_m": 7.414}}, {"type": "Feature", "geometry": {"type": "LineString", "coordinates": [[85.843303, 20.290823], [85.84313, 20.290804], [85.843111, 20.290786], [85.842977, 20.290785], [85.842958, 20.290767], [85.842767, 20.290766]]}, "properties": {"feature_type": "edge", "u": 267, "v": 270, "edge_key": 0, "length_m": 58.485, "is_bridged": false, "is_bridge": false, "edge_betweenness": 0.0, "width_m": 8.105}}, {"type": "Feature", "geometry": {"type": "LineString", "coordinates": [[85.843303, 20.290823], [85.843404, 20.290083]]}, "properties": {"feature_type": "edge", "u": 267, "v": 297, "edge_key": 0, "length_m": 86.142, "is_bridged": false, "is_bridge": false, "edge_betweenness": 0.0, "width_m": 8.224}}, {"type": "Feature", "geometry": {"type": "LineString", "coordinates": [[85.838649, 20.290756], [85.838362, 20.290736], [85.838324, 20.290718]]}, "properties": {"feature_type": "edge", "u": 268, "v": 271, "edge_key": 0, "length_m": 35.301, "is_bridged": false, "is_bridge": false, "edge_betweenness": 0.0, "width_m": 8.325}}, {"type": "Feature", "geometry": {"type": "LineString", "coordinates": [[85.838649, 20.290756], [85.838688, 20.290648]]}, "properties": {"feature_type": "edge", "u": 268, "v": 275, "edge_key": 0, "length_m": 13.657, "is_bridged": false, "is_bridge": false, "edge_betweenness": 0.0, "width_m": 9.555}}, {"type": "Feature", "geometry": {"type": "LineString", "coordinates": [[85.839645, 20.290763], [85.839511, 20.290762], [85.839492, 20.290744], [85.839377, 20.290743], [85.839358, 20.290725], [85.839243, 20.290724], [85.839224, 20.290706], [85.839109, 20.290705], [85.83909, 20.290687], [85.838975, 20.290686], [85.838822, 20.290649], [85.838688, 20.290648]]}, "properties": {"feature_type": "edge", "u": 269, "v": 275, "edge_key": 0, "length_m": 104.971, "is_bridged": false, "is_bridge": false, "edge_betweenness": 0.0, "width_m": 8.303}}, {"type": "Feature", "geometry": {"type": "LineString", "coordinates": [[85.839645, 20.290763], [85.839704, 20.290529], [85.839705, 20.29042]]}, "properties": {"feature_type": "edge", "u": 269, "v": 282, "edge_key": 0, "length_m": 40.129, "is_bridged": false, "is_bridge": false, "edge_betweenness": 0.0, "width_m": 8.654}}, {"type": "Feature", "geometry": {"type": "LineString", "coordinates": [[85.842767, 20.290766], [85.842887, 20.290007]]}, "properties": {"feature_type": "edge", "u": 270, "v": 300, "edge_key": 0, "length_m": 88.614, "is_bridged": false, "is_bridge": false, "edge_betweenness": 0.0, "width_m": 8.138}}, {"type": "Feature", "geometry": {"type": "LineString", "coordinates": [[85.838324, 20.290718], [85.83775, 20.290678]]}, "properties": {"feature_type": "edge", "u": 271, "v": 272, "edge_key": 0, "length_m": 61.657, "is_bridged": false, "is_bridge": false, "edge_betweenness": 0.0, "width_m": 8.163}}, {"type": "Feature", "geometry": {"type": "LineString", "coordinates": [[85.838324, 20.290718], [85.838366, 20.290249]]}, "properties": {"feature_type": "edge", "u": 271, "v": 287, "edge_key": 0, "length_m": 53.657, "is_bridged": false, "is_bridge": false, "edge_betweenness": 0.0, "width_m": 8.295}}, {"type": "Feature", "geometry": {"type": "LineString", "coordinates": [[85.83775, 20.290678], [85.837616, 20.290641], [85.837463, 20.29064], [85.837444, 20.290622], [85.83731, 20.290621], [85.837271, 20.290603]]}, "properties": {"feature_type": "edge", "u": 272, "v": 276, "edge_key": 0, "length_m": 52.957, "is_bridged": false, "is_bridge": false, "edge_betweenness": 0.0, "width_m": 8.359}}, {"type": "Feature", "geometry": {"type": "LineString", "coordinates": [[85.825972, 20.290563], [85.826049, 20.290564]]}, "properties": {"feature_type": "edge", "u": 273, "v": 274, "edge_key": 0, "length_m": 8.0, "is_bridged": false, "is_bridge": false, "edge_betweenness": 0.0, "width_m": 6.2}}, {"type": "Feature", "geometry": {"type": "LineString", "coordinates": [[85.825972, 20.290563], [85.825992, 20.290419]]}, "properties": {"feature_type": "edge", "u": 273, "v": 279, "edge_key": 0, "length_m": 16.472, "is_bridged": false, "is_bridge": false, "edge_betweenness": 0.0, "width_m": 8.27}}, {"type": "Feature", "geometry": {"type": "LineString", "coordinates": [[85.826049, 20.290564], [85.826068, 20.290546], [85.826069, 20.29042]]}, "properties": {"feature_type": "edge", "u": 274, "v": 280, "edge_key": 0, "length_m": 16.828, "is_bridged": false, "is_bridge": false, "edge_betweenness": 0.0, "width_m": 7.414}}, {"type": "Feature", "geometry": {"type": "LineString", "coordinates": [[85.838688, 20.290648], [85.83871, 20.290305]]}, "properties": {"feature_type": "edge", "u": 275, "v": 286, "edge_key": 0, "length_m": 38.828, "is_bridged": false, "is_bridge": false, "edge_betweenness": 0.0, "width_m": 8.421}}, {"type": "Feature", "geometry": {"type": "LineString", "coordinates": [[85.837271, 20.290603], [85.837099, 20.290602], [85.83708, 20.290583], [85.836889, 20.290582], [85.83687, 20.290564], [85.836678, 20.290563], [85.83664, 20.290544]]}, "properties": {"feature_type": "edge", "u": 276, "v": 277, "edge_key": 0, "length_m": 68.129, "is_bridged": false, "is_bridge": false, "edge_betweenness": 0.0, "width_m": 8.192}}, {"type": "Feature", "geometry": {"type": "LineString", "coordinates": [[85.837271, 20.290603], [85.83735, 20.290332], [85.837351, 20.290206]]}, "properties": {"feature_type": "edge", "u": 276, "v": 291, "edge_key": 0, "length_m": 46.957, "is_bridged": false, "is_bridge": false, "edge_betweenness": 0.0, "width_m": 8.585}}, {"type": "Feature", "geometry": {"type": "LineString", "coordinates": [[85.83664, 20.290544], [85.836487, 20.290543], [85.836468, 20.290525], [85.836314, 20.290524], [85.836295, 20.290506], [85.836123, 20.290505], [85.836085, 20.290486]]}, "properties": {"feature_type": "edge", "u": 277, "v": 278, "edge_key": 0, "length_m": 60.129, "is_bridged": false, "is_bridge": false, "edge_betweenness": 0.0, "width_m": 8.253}}, {"type": "Feature", "geometry": {"type": "LineString", "coordinates": [[85.83664, 20.290544], [85.836682, 20.290093]]}, "properties": {"feature_type": "edge", "u": 277, "v": 294, "edge_key": 0, "length_m": 51.657, "is_bridged": false, "is_bridge": false, "edge_betweenness": 0.0, "width_m": 8.157}}, {"type": "Feature", "geometry": {"type": "LineString", "coordinates": [[85.836085, 20.290486], [85.835051, 20.290389]]}, "properties": {"feature_type": "edge", "u": 278, "v": 281, "edge_key": 0, "length_m": 112.142, "is_bridged": false, "is_bridge": false, "edge_betweenness": 0.0, "width_m": 8.25}}, {"type": "Feature", "geometry": {"type": "LineString", "coordinates": [[85.836085, 20.290486], [85.836106, 20.290234], [85.836125, 20.290216], [85.836127, 20.290017]]}, "properties": {"feature_type": "edge", "u": 278, "v": 298, "edge_key": 0, "length_m": 53.657, "is_bridged": false, "is_bridge": false, "edge_betweenness": 0.0, "width_m": 8.378}}, {"type": "Feature", "geometry": {"type": "LineString", "coordinates": [[85.825992, 20.290419], [85.826069, 20.29042]]}, "properties": {"feature_type": "edge", "u": 279, "v": 280, "edge_key": 0, "length_m": 8.0, "is_bridged": false, "is_bridge": false, "edge_betweenness": 0.0, "width_m": 6.2}}, {"type": "Feature", "geometry": {"type": "LineString", "coordinates": [[85.825992, 20.290419], [85.826013, 20.290275]]}, "properties": {"feature_type": "edge", "u": 279, "v": 283, "edge_key": 0, "length_m": 16.472, "is_bridged": false, "is_bridge": false, "edge_betweenness": 0.0, "width_m": 8.27}}, {"type": "Feature", "geometry": {"type": "LineString", "coordinates": [[85.826069, 20.29042], [85.826088, 20.290402], [85.826089, 20.290275]]}, "properties": {"feature_type": "edge", "u": 280, "v": 284, "edge_key": 0, "length_m": 16.828, "is_bridged": false, "is_bridge": false, "edge_betweenness": 0.0, "width_m": 7.825}}, {"type": "Feature", "geometry": {"type": "LineString", "coordinates": [[85.835051, 20.290389], [85.834688, 20.290351], [85.834669, 20.290332], [85.834535, 20.290332], [85.834516, 20.290313], [85.834363, 20.290312], [85.834344, 20.290294], [85.834171, 20.290293]]}, "properties": {"feature_type": "edge", "u": 281, "v": 285, "edge_key": 0, "length_m": 96.142, "is_bridged": false, "is_bridge": false, "edge_betweenness": 0.0, "width_m": 8.2}}, {"type": "Feature", "geometry": {"type": "LineString", "coordinates": [[85.835051, 20.290389], [85.835132, 20.28992]]}, "properties": {"feature_type": "edge", "u": 281, "v": 301, "edge_key": 0, "length_m": 54.957, "is_bridged": false, "is_bridge": false, "edge_betweenness": 0.0, "width_m": 8.416}}, {"type": "Feature", "geometry": {"type": "LineString", "coordinates": [[85.839705, 20.29042], [85.839552, 20.290419], [85.839399, 20.290382], [85.839265, 20.290381], [85.839246, 20.290363], [85.83871, 20.290305]]}, "properties": {"feature_type": "edge", "u": 282, "v": 286, "edge_key": 0, "length_m": 108.467, "is_bridged": false, "is_bridge": false, "edge_betweenness": 0.0, "width_m": 8.278}}, {"type": "Feature", "geometry": {"type": "LineString", "coordinates": [[85.839705, 20.29042], [85.839724, 20.290402], [85.839746, 20.290113], [85.839727, 20.290059], [85.83967, 20.290004], [85.839632, 20.289986], [85.839479, 20.289985], [85.83946, 20.289967], [85.839287, 20.289966], [85.839268, 20.289947], [85.83879, 20.289908]]}, "properties": {"feature_type": "edge", "u": 282, "v": 304, "edge_key": 0, "length_m": 147.113, "is_bridged": false, "is_bridge": false, "edge_betweenness": 0.0, "width_m": 8.311}}, {"type": "Feature", "geometry": {"type": "LineString", "coordinates": [[85.826013, 20.290275], [85.826089, 20.290275]]}, "properties": {"feature_type": "edge", "u": 283, "v": 284, "edge_key": 0, "length_m": 8.0, "is_bridged": false, "is_bridge": false, "edge_betweenness": 0.0, "width_m": 8.63}}, {"type": "Feature", "geometry": {"type": "LineString", "coordinates": [[85.826013, 20.290275], [85.826033, 20.29013]]}, "properties": {"feature_type": "edge", "u": 283, "v": 289, "edge_key": 0, "length_m": 16.828, "is_bridged": false, "is_bridge": false, "edge_betweenness": 0.0, "width_m": 8.135}}, {"type": "Feature", "geometry": {"type": "LineString", "coordinates": [[85.826089, 20.290275], [85.826109, 20.290257], [85.82611, 20.290131]]}, "properties": {"feature_type": "edge", "u": 284, "v": 290, "edge_key": 0, "length_m": 16.828, "is_bridged": false, "is_bridge": false, "edge_betweenness": 0.0, "width_m": 8.354}}, {"type": "Feature", "geometry": {"type": "LineString", "coordinates": [[85.834171, 20.290293], [85.834254, 20.289517], [85.834273, 20.289499]]}, "properties": {"feature_type": "edge", "u": 285, "v": 321, "edge_key": 0, "length_m": 92.142, "is_bridged": false, "is_bridge": false, "edge_betweenness": 0.0, "width_m": 8.183}}, {"type": "Feature", "geometry": {"type": "LineString", "coordinates": [[85.83871, 20.290305], [85.838366, 20.290249]]}, "properties": {"feature_type": "edge", "u": 286, "v": 287, "edge_key": 0, "length_m": 37.773, "is_bridged": false, "is_bridge": false, "edge_betweenness": 0.0, "width_m": 8.556}}, {"type": "Feature", "geometry": {"type": "LineString", "coordinates": [[85.83871, 20.290305], [85.838749, 20.290215], [85.83875, 20.290089], [85.838769, 20.290071], [85.83877, 20.289944], [85.83879, 20.289908]]}, "properties": {"feature_type": "edge", "u": 286, "v": 304, "edge_key": 0, "length_m": 46.601, "is_bridged": false, "is_bridge": false, "edge_betweenness": 0.0, "width_m": 8.45}}, {"type": "Feature", "geometry": {"type": "LineString", "coordinates": [[85.838366, 20.290249], [85.838232, 20.290248], [85.838213, 20.290229], [85.838079, 20.290229], [85.837926, 20.290191], [85.83739, 20.290134]]}, "properties": {"feature_type": "edge", "u": 287, "v": 293, "edge_key": 0, "length_m": 106.971, "is_bridged": false, "is_bridge": false, "edge_betweenness": 0.0, "width_m": 8.284}}, {"type": "Feature", "geometry": {"type": "LineString", "coordinates": [[85.838366, 20.290249], [85.838407, 20.289869]]}, "properties": {"feature_type": "edge", "u": 287, "v": 306, "edge_key": 0, "length_m": 43.657, "is_bridged": false, "is_bridge": false, "edge_betweenness": 0.0, "width_m": 8.402}}, {"type": "Feature", "geometry": {"type": "LineString", "coordinates": [[85.84459, 20.290308], [85.844551, 20.290326], [85.844302, 20.290306], [85.844207, 20.290269], [85.844169, 20.290233], [85.844169, 20.290197]]}, "properties": {"feature_type": "edge", "u": 288, "v": 292, "edge_key": 0, "length_m": 52.971, "is_bridged": false, "is_bridge": true, "edge_betweenness": 0.0, "width_m": 8.572}}, {"type": "Feature", "geometry": {"type": "LineString", "coordinates": [[85.826033, 20.29013], [85.82611, 20.290131]]}, "properties": {"feature_type": "edge", "u": 289, "v": 290, "edge_key": 0, "length_m": 8.0, "is_bridged": false, "is_bridge": false, "edge_betweenness": 0.0, "width_m": 8.315}}, {"type": "Feature", "geometry": {"type": "LineString", "coordinates": [[85.826033, 20.29013], [85.826053, 20.289986]]}, "properties": {"feature_type": "edge", "u": 289, "v": 295, "edge_key": 0, "length_m": 16.828, "is_bridged": false, "is_bridge": false, "edge_betweenness": 0.0, "width_m": 8.0}}, {"type": "Feature", "geometry": {"type": "LineString", "coordinates": [[85.82611, 20.290131], [85.826129, 20.290113], [85.82613, 20.289986]]}, "properties": {"feature_type": "edge", "u": 290, "v": 296, "edge_key": 0, "length_m": 16.828, "is_bridged": false, "is_bridge": false, "edge_betweenness": 0.0, "width_m": 8.354}}, {"type": "Feature", "geometry": {"type": "LineString", "coordinates": [[85.837351, 20.290206], [85.837007, 20.290149], [85.836988, 20.290131], [85.836892, 20.29013], [85.836777, 20.290093], [85.836682, 20.290093]]}, "properties": {"feature_type": "edge", "u": 291, "v": 294, "edge_key": 0, "length_m": 74.971, "is_bridged": false, "is_bridge": false, "edge_betweenness": 0.0, "width_m": 8.32}}, {"type": "Feature", "geometry": {"type": "LineString", "coordinates": [[85.837351, 20.290206], [85.83739, 20.290134]]}, "properties": {"feature_type": "edge", "u": 291, "v": 293, "edge_key": 0, "length_m": 9.657, "is_bridged": false, "is_bridge": false, "edge_betweenness": 0.0, "width_m": 10.177}}, {"type": "Feature", "geometry": {"type": "LineString", "coordinates": [[85.844169, 20.290197], [85.844112, 20.290196], [85.844016, 20.290141], [85.84394, 20.290141], [85.843921, 20.290123], [85.843748, 20.290122], [85.843729, 20.290103], [85.8435, 20.290084]]}, "properties": {"feature_type": "edge", "u": 292, "v": 299, "edge_key": 0, "length_m": 74.971, "is_bridged": false, "is_bridge": false, "edge_betweenness": 0.0, "width_m": 8.32}}, {"type": "Feature", "geometry": {"type": "LineString", "coordinates": [[85.844169, 20.290197], [85.844188, 20.290179], [85.844209, 20.289944], [85.844249, 20.289818], [85.84425, 20.289691]]}, "properties": {"feature_type": "edge", "u": 292, "v": 313, "edge_key": 0, "length_m": 59.314, "is_bridged": false, "is_bridge": false, "edge_betweenness": 0.0, "width_m": 8.321}}, {"type": "Feature", "geometry": {"type": "LineString", "coordinates": [[85.83739, 20.290134], [85.837411, 20.289863]]}, "properties": {"feature_type": "edge", "u": 293, "v": 305, "edge_key": 0, "length_m": 30.828, "is_bridged": false, "is_bridge": false, "edge_betweenness": 0.0, "width_m": 8.608}}, {"type": "Feature", "geometry": {"type": "LineString", "coordinates": [[85.836682, 20.290093], [85.836683, 20.289948], [85.836702, 20.28993], [85.836703, 20.289804], [85.836722, 20.289786]]}, "properties": {"feature_type": "edge", "u": 294, "v": 310, "edge_key": 0, "length_m": 35.657, "is_bridged": false, "is_bridge": false, "edge_betweenness": 0.0, "width_m": 8.291}}, {"type": "Feature", "geometry": {"type": "LineString", "coordinates": [[85.826053, 20.289986], [85.82613, 20.289986]]}, "properties": {"feature_type": "edge", "u": 295, "v": 296, "edge_key": 0, "length_m": 8.0, "is_bridged": false, "is_bridge": false, "edge_betweenness": 0.0, "width_m": 8.315}}, {"type": "Feature", "geometry": {"type": "LineString", "coordinates": [[85.826053, 20.289986], [85.826073, 20.289841]]}, "properties": {"feature_type": "edge", "u": 295, "v": 302, "edge_key": 0, "length_m": 16.828, "is_bridged": false, "is_bridge": false, "edge_betweenness": 0.0, "width_m": 8.0}}, {"type": "Feature", "geometry": {"type": "LineString", "coordinates": [[85.82613, 20.289986], [85.826149, 20.289968], [85.82615, 20.289842]]}, "properties": {"feature_type": "edge", "u": 296, "v": 303, "edge_key": 0, "length_m": 16.828, "is_bridged": false, "is_bridge": false, "edge_betweenness": 0.0, "width_m": 8.354}}, {"type": "Feature", "geometry": {"type": "LineString", "coordinates": [[85.843404, 20.290083], [85.842887, 20.290007]]}, "properties": {"feature_type": "edge", "u": 297, "v": 300, "edge_key": 0, "length_m": 56.957, "is_bridged": false, "is_bridge": false, "edge_betweenness": 0.0, "width_m": 8.345}}, {"type": "Feature", "geometry": {"type": "LineString", "coordinates": [[85.843404, 20.290083], [85.8435, 20.290084]]}, "properties": {"feature_type": "edge", "u": 297, "v": 299, "edge_key": 0, "length_m": 10.0, "is_bridged": false, "is_bridge": false, "edge_betweenness": 0.0, "width_m": 9.064}}, {"type": "Feature", "geometry": {"type": "LineString", "coordinates": [[85.836127, 20.290017], [85.835897, 20.289997], [85.835878, 20.289979], [85.835725, 20.289978], [85.835706, 20.28996], [85.835553, 20.289959], [85.835534, 20.289941], [85.835361, 20.28994], [85.835342, 20.289921], [85.835132, 20.28992]]}, "properties": {"feature_type": "edge", "u": 298, "v": 301, "edge_key": 0, "length_m": 108.142, "is_bridged": false, "is_bridge": false, "edge_betweenness": 0.0, "width_m": 8.195}}, {"type": "Feature", "geometry": {"type": "LineString", "coordinates": [[85.836127, 20.290017], [85.836146, 20.289999], [85.836167, 20.289764]]}, "properties": {"feature_type": "edge", "u": 298, "v": 309, "edge_key": 0, "length_m": 29.657, "is_bridged": false, "is_bridge": false, "edge_betweenness": 0.0, "width_m": 8.912}}, {"type": "Feature", "geometry": {"type": "LineString", "coordinates": [[85.8435, 20.290084], [85.843501, 20.289939], [85.84352, 20.289921], [85.843561, 20.289614]]}, "properties": {"feature_type": "edge", "u": 299, "v": 317, "edge_key": 0, "length_m": 54.485, "is_bridged": false, "is_bridge": false, "edge_betweenness": 0.0, "width_m": 8.227}}, {"type": "Feature", "geometry": {"type": "LineString", "coordinates": [[85.842887, 20.290007], [85.842948, 20.28952]]}, "properties": {"feature_type": "edge", "u": 300, "v": 322, "edge_key": 0, "length_m": 56.485, "is_bridged": false, "is_bridge": false, "edge_betweenness": 0.0, "width_m": 8.359}}, {"type": "Feature", "geometry": {"type": "LineString", "coordinates": [[85.835132, 20.28992], [85.835172, 20.289667]]}, "properties": {"feature_type": "edge", "u": 301, "v": 312, "edge_key": 0, "length_m": 29.657, "is_bridged": false, "is_bridge": false, "edge_betweenness": 0.0, "width_m": 8.073}}, {"type": "Feature", "geometry": {"type": "LineString", "coordinates": [[85.826073, 20.289841], [85.82615, 20.289842]]}, "properties": {"feature_type": "edge", "u": 302, "v": 303, "edge_key": 0, "length_m": 8.0, "is_bridged": false, "is_bridge": false, "edge_betweenness": 0.0, "width_m": 8.315}}, {"type": "Feature", "geometry": {"type": "LineString", "coordinates": [[85.826073, 20.289841], [85.826094, 20.289697]]}, "properties": {"feature_type": "edge", "u": 302, "v": 307, "edge_key": 0, "length_m": 16.828, "is_bridged": false, "is_bridge": false, "edge_betweenness": 0.0, "width_m": 8.0}}, {"type": "Feature", "geometry": {"type": "LineString", "coordinates": [[85.82615, 20.289842], [85.826169, 20.289824], [85.82617, 20.289697]]}, "properties": {"feature_type": "edge", "u": 303, "v": 308, "edge_key": 0, "length_m": 16.828, "is_bridged": false, "is_bridge": false, "edge_betweenness": 0.0, "width_m": 8.354}}, {"type": "Feature", "geometry": {"type": "LineString", "coordinates": [[85.83879, 20.289908], [85.838598, 20.289889], [85.838579, 20.289871], [85.838407, 20.289869]]}, "properties": {"feature_type": "edge", "u": 304, "v": 306, "edge_key": 0, "length_m": 41.153, "is_bridged": false, "is_bridge": false, "edge_betweenness": 0.0, "width_m": 8.394}}, {"type": "Feature", "geometry": {"type": "LineString", "coordinates": [[85.83879, 20.289908], [85.838811, 20.289655], [85.83883, 20.289637], [85.838831, 20.289439]]}, "properties": {"feature_type": "edge", "u": 304, "v": 327, "edge_key": 0, "length_m": 53.657, "is_bridged": false, "is_bridge": false, "edge_betweenness": 0.0, "width_m": 8.378}}, {"type": "Feature", "geometry": {"type": "LineString", "coordinates": [[85.837411, 20.289863], [85.837258, 20.289862], [85.837239, 20.289844], [85.837105, 20.289843], [85.837086, 20.289824], [85.836952, 20.289824], [85.836933, 20.289805], [85.836741, 20.289804], [85.836722, 20.289786]]}, "properties": {"feature_type": "edge", "u": 305, "v": 310, "edge_key": 0, "length_m": 75.314, "is_bridged": false, "is_bridge": false, "edge_betweenness": 0.0, "width_m": 8.361}}, {"type": "Feature", "geometry": {"type": "LineString", "coordinates": [[85.837411, 20.289863], [85.837431, 20.289754]]}, "properties": {"feature_type": "edge", "u": 305, "v": 311, "edge_key": 0, "length_m": 12.472, "is_bridged": false, "is_bridge": false, "edge_betweenness": 0.0, "width_m": 9.04}}, {"type": "Feature", "geometry": {"type": "LineString", "coordinates": [[85.838407, 20.289869], [85.838388, 20.289851], [85.837661, 20.289774], [85.837642, 20.289756], [85.837431, 20.289754]]}, "properties": {"feature_type": "edge", "u": 306, "v": 311, "edge_key": 0, "length_m": 106.971, "is_bridged": false, "is_bridge": false, "edge_betweenness": 0.0, "width_m": 8.167}}, {"type": "Feature", "geometry": {"type": "LineString", "coordinates": [[85.826094, 20.289697], [85.82617, 20.289697]]}, "properties": {"feature_type": "edge", "u": 307, "v": 308, "edge_key": 0, "length_m": 8.0, "is_bridged": false, "is_bridge": false, "edge_betweenness": 0.0, "width_m": 8.315}}, {"type": "Feature", "geometry": {"type": "LineString", "coordinates": [[85.826094, 20.289697], [85.826114, 20.289552]]}, "properties": {"feature_type": "edge", "u": 307, "v": 315, "edge_key": 0, "length_m": 16.828, "is_bridged": false, "is_bridge": false, "edge_betweenness": 0.0, "width_m": 8.0}}, {"type": "Feature", "geometry": {"type": "LineString", "coordinates": [[85.82617, 20.289697], [85.82619, 20.289679], [85.82619, 20.289553]]}, "properties": {"feature_type": "edge", "u": 308, "v": 316, "edge_key": 0, "length_m": 16.828, "is_bridged": false, "is_bridge": false, "edge_betweenness": 0.0, "width_m": 8.354}}, {"type": "Feature", "geometry": {"type": "LineString", "coordinates": [[85.836167, 20.289764], [85.835995, 20.289763], [85.835976, 20.289745], [85.835842, 20.289744], [85.835822, 20.289726], [85.835688, 20.289725], [85.835669, 20.289707], [85.835535, 20.289706], [85.835516, 20.289688], [85.835382, 20.289687], [85.835363, 20.289668], [85.835172, 20.289667]]}, "properties": {"feature_type": "edge", "u": 309, "v": 312, "edge_key": 0, "length_m": 108.142, "is_bridged": false, "is_bridge": false, "edge_betweenness": 0.0, "width_m": 8.232}}, {"type": "Feature", "geometry": {"type": "LineString", "coordinates": [[85.836167, 20.289764], [85.836208, 20.289367]]}, "properties": {"feature_type": "edge", "u": 309, "v": 328, "edge_key": 0, "length_m": 45.657, "is_bridged": false, "is_bridge": false, "edge_betweenness": 0.0, "width_m": 8.406}}, {"type": "Feature", "geometry": {"type": "LineString", "coordinates": [[85.836722, 20.289786], [85.836703, 20.289732], [85.836723, 20.289714], [85.836744, 20.289443]]}, "properties": {"feature_type": "edge", "u": 310, "v": 326, "edge_key": 0, "length_m": 40.485, "is_bridged": false, "is_bridge": false, "edge_betweenness": 0.0, "width_m": 8.31}}, {"type": "Feature", "geometry": {"type": "LineString", "coordinates": [[85.837431, 20.289754], [85.837433, 20.289538]]}, "properties": {"feature_type": "edge", "u": 311, "v": 320, "edge_key": 0, "length_m": 24.0, "is_bridged": false, "is_bridge": false, "edge_betweenness": 0.0, "width_m": 8.387}}, {"type": "Feature", "geometry": {"type": "LineString", "coordinates": [[85.835172, 20.289667], [85.835232, 20.28927]]}, "properties": {"feature_type": "edge", "u": 312, "v": 331, "edge_key": 0, "length_m": 46.485, "is_bridged": false, "is_bridge": false, "edge_betweenness": 0.0, "width_m": 8.135}}, {"type": "Feature", "geometry": {"type": "LineString", "coordinates": [[85.84425, 20.289691], [85.844594, 20.289712]]}, "properties": {"feature_type": "edge", "u": 313, "v": 314, "edge_key": 0, "length_m": 36.828, "is_bridged": false, "is_bridge": true, "edge_betweenness": 0.0, "width_m": 8.262}}, {"type": "Feature", "geometry": {"type": "LineString", "coordinates": [[85.84425, 20.289691], [85.84402, 20.289635]]}, "properties": {"feature_type": "edge", "u": 313, "v": 318, "edge_key": 0, "length_m": 26.485, "is_bridged": false, "is_bridge": false, "edge_betweenness": 0.0, "width_m": 8.526}}, {"type": "Feature", "geometry": {"type": "LineString", "coordinates": [[85.826114, 20.289552], [85.82619, 20.289553]]}, "properties": {"feature_type": "edge", "u": 315, "v": 316, "edge_key": 0, "length_m": 8.0, "is_bridged": false, "is_bridge": false, "edge_betweenness": 0.0, "width_m": 8.315}}, {"type": "Feature", "geometry": {"type": "LineString", "coordinates": [[85.826114, 20.289552], [85.826134, 20.289408]]}, "properties": {"feature_type": "edge", "u": 315, "v": 323, "edge_key": 0, "length_m": 16.828, "is_bridged": false, "is_bridge": false, "edge_betweenness": 0.0, "width_m": 8.0}}, {"type": "Feature", "geometry": {"type": "LineString", "coordinates": [[85.82619, 20.289553], [85.82621, 20.289535], [85.826211, 20.289409]]}, "properties": {"feature_type": "edge", "u": 316, "v": 324, "edge_key": 0, "length_m": 16.828, "is_bridged": false, "is_bridge": false, "edge_betweenness": 0.0, "width_m": 8.354}}, {"type": "Feature", "geometry": {"type": "LineString", "coordinates": [[85.843561, 20.289614], [85.843752, 20.289616], [85.843771, 20.289634], [85.843944, 20.289635], [85.843963, 20.289653], [85.84402, 20.289635]]}, "properties": {"feature_type": "edge", "u": 317, "v": 318, "edge_key": 0, "length_m": 50.485, "is_bridged": false, "is_bridge": false, "edge_betweenness": 0.0, "width_m": 8.324}}, {"type": "Feature", "geometry": {"type": "LineString", "coordinates": [[85.843561, 20.289614], [85.843542, 20.289596], [85.843235, 20.289576], [85.843216, 20.289558], [85.843006, 20.289557], [85.842948, 20.28952]]}, "properties": {"feature_type": "edge", "u": 317, "v": 322, "edge_key": 0, "length_m": 67.786, "is_bridged": false, "is_bridge": false, "edge_betweenness": 0.0, "width_m": 8.367}}, {"type": "Feature", "geometry": {"type": "LineString", "coordinates": [[85.84402, 20.289635], [85.844021, 20.289491], [85.84404, 20.289473], [85.844081, 20.289112]]}, "properties": {"feature_type": "edge", "u": 318, "v": 339, "edge_key": 0, "length_m": 60.485, "is_bridged": false, "is_bridge": false, "edge_betweenness": 0.0, "width_m": 8.382}}, {"type": "Feature", "geometry": {"type": "LineString", "coordinates": [[85.834885, 20.289557], [85.834713, 20.289556], [85.834694, 20.289538], [85.834273, 20.289499]]}, "properties": {"feature_type": "edge", "u": 319, "v": 321, "edge_key": 0, "length_m": 66.485, "is_bridged": false, "is_bridge": true, "edge_betweenness": 0.0, "width_m": 8.222}}, {"type": "Feature", "geometry": {"type": "LineString", "coordinates": [[85.837433, 20.289538], [85.837318, 20.289537], [85.837299, 20.289519], [85.836744, 20.289443]]}, "properties": {"feature_type": "edge", "u": 320, "v": 326, "edge_key": 0, "length_m": 76.142, "is_bridged": false, "is_bridge": false, "edge_betweenness": 0.0, "width_m": 8.337}}, {"type": "Feature", "geometry": {"type": "LineString", "coordinates": [[85.837433, 20.289538], [85.837452, 20.28952], [85.837473, 20.289303], [85.837492, 20.289285]]}, "properties": {"feature_type": "edge", "u": 320, "v": 332, "edge_key": 0, "length_m": 30.485, "is_bridged": false, "is_bridge": false, "edge_betweenness": 0.0, "width_m": 8.789}}, {"type": "Feature", "geometry": {"type": "LineString", "coordinates": [[85.834273, 20.289499], [85.834274, 20.289354], [85.834293, 20.289336], [85.834334, 20.288975]]}, "properties": {"feature_type": "edge", "u": 321, "v": 344, "edge_key": 0, "length_m": 60.485, "is_bridged": false, "is_bridge": false, "edge_betweenness": 0.0, "width_m": 8.253}}, {"type": "Feature", "geometry": {"type": "LineString", "coordinates": [[85.842948, 20.28952], [85.842776, 20.289519], [85.842738, 20.289501]]}, "properties": {"feature_type": "edge", "u": 322, "v": 325, "edge_key": 0, "length_m": 22.472, "is_bridged": false, "is_bridge": false, "edge_betweenness": 0.0, "width_m": 8.852}}, {"type": "Feature", "geometry": {"type": "LineString", "coordinates": [[85.842948, 20.28952], [85.843193, 20.287534]]}, "properties": {"feature_type": "edge", "u": 322, "v": 406, "edge_key": 0, "length_m": 229.941, "is_bridged": false, "is_bridge": false, "edge_betweenness": 0.0, "width_m": 8.152}}, {"type": "Feature", "geometry": {"type": "LineString", "coordinates": [[85.826134, 20.289408], [85.826211, 20.289409]]}, "properties": {"feature_type": "edge", "u": 323, "v": 324, "edge_key": 0, "length_m": 8.0, "is_bridged": false, "is_bridge": false, "edge_betweenness": 0.0, "width_m": 8.315}}, {"type": "Feature", "geometry": {"type": "LineString", "coordinates": [[85.826134, 20.289408], [85.826154, 20.289264]]}, "properties": {"feature_type": "edge", "u": 323, "v": 329, "edge_key": 0, "length_m": 16.828, "is_bridged": false, "is_bridge": false, "edge_betweenness": 0.0, "width_m": 8.0}}, {"type": "Feature", "geometry": {"type": "LineString", "coordinates": [[85.826211, 20.289409], [85.82623, 20.289391], [85.826231, 20.289282]]}, "properties": {"feature_type": "edge", "u": 324, "v": 330, "edge_key": 0, "length_m": 14.828, "is_bridged": false, "is_bridge": false, "edge_betweenness": 0.0, "width_m": 8.354}}, {"type": "Feature", "geometry": {"type": "LineString", "coordinates": [[85.842738, 20.289501], [85.842355, 20.289462], [85.842336, 20.289444], [85.842183, 20.289443], [85.842164, 20.289424], [85.84203, 20.289424], [85.842011, 20.289405], [85.841877, 20.289404], [85.841858, 20.289386], [85.841552, 20.289366], [85.841533, 20.289348], [85.841398, 20.289347], [85.841379, 20.289329], [85.841226, 20.289328], [85.841207, 20.28931], [85.841054, 20.289291]]}, "properties": {"feature_type": "edge", "u": 325, "v": 333, "edge_key": 0, "length_m": 184.756, "is_bridged": false, "is_bridge": false, "edge_betweenness": 0.0, "width_m": 8.185}}, {"type": "Feature", "geometry": {"type": "LineString", "coordinates": [[85.842738, 20.289501], [85.842777, 20.289356], [85.842778, 20.289266], [85.842797, 20.289248], [85.842919, 20.288381], [85.842938, 20.288363], [85.842939, 20.288237], [85.842958, 20.288219], [85.842959, 20.288093], [85.842978, 20.288075], [85.842979, 20.287948], [85.842999, 20.28793], [85.843, 20.287804], [85.843019, 20.287786], [85.84302, 20.287659], [85.843039, 20.287641], [85.84304, 20.287497]]}, "properties": {"feature_type": "edge", "u": 325, "v": 408, "edge_key": 0, "length_m": 234.07, "is_bridged": false, "is_bridge": false, "edge_betweenness": 0.0, "width_m": 8.266}}, {"type": "Feature", "geometry": {"type": "LineString", "coordinates": [[85.836744, 20.289443], [85.836766, 20.289081], [85.836785, 20.289064], [85.836787, 20.288793]]}, "properties": {"feature_type": "edge", "u": 326, "v": 350, "edge_key": 0, "length_m": 73.657, "is_bridged": false, "is_bridge": false, "edge_betweenness": 0.0, "width_m": 8.149}}, {"type": "Feature", "geometry": {"type": "LineString", "coordinates": [[85.838831, 20.289439], [85.83841, 20.2894], [85.838391, 20.289381], [85.838238, 20.28938], [85.838219, 20.289362], [85.838066, 20.289361], [85.838047, 20.289343], [85.837894, 20.289342], [85.837875, 20.289324], [85.837722, 20.289323], [85.837703, 20.289305], [85.837511, 20.289303], [85.837492, 20.289285]]}, "properties": {"feature_type": "edge", "u": 327, "v": 332, "edge_key": 0, "length_m": 146.627, "is_bridged": false, "is_bridge": false, "edge_betweenness": 0.0, "width_m": 8.216}}, {"type": "Feature", "geometry": {"type": "LineString", "coordinates": [[85.838831, 20.289439], [85.83887, 20.289348], [85.838871, 20.289222], [85.838891, 20.289204], [85.838892, 20.289078], [85.838911, 20.289042]]}, "properties": {"feature_type": "edge", "u": 327, "v": 342, "edge_key": 0, "length_m": 46.957, "is_bridged": false, "is_bridge": false, "edge_betweenness": 0.0, "width_m": 8.581}}, {"type": "Feature", "geometry": {"type": "LineString", "coordinates": [[85.836208, 20.289367], [85.836055, 20.289366], [85.836036, 20.289348], [85.835883, 20.289347], [85.835864, 20.289328], [85.835232, 20.28927]]}, "properties": {"feature_type": "edge", "u": 328, "v": 331, "edge_key": 0, "length_m": 106.142, "is_bridged": false, "is_bridge": false, "edge_betweenness": 0.0, "width_m": 8.18}}, {"type": "Feature", "geometry": {"type": "LineString", "coordinates": [[85.836208, 20.289367], [85.836229, 20.289132]]}, "properties": {"feature_type": "edge", "u": 328, "v": 336, "edge_key": 0, "length_m": 26.828, "is_bridged": false, "is_bridge": false, "edge_betweenness": 0.0, "width_m": 8.71}}, {"type": "Feature", "geometry": {"type": "LineString", "coordinates": [[85.826154, 20.289264], [85.826231, 20.289282]]}, "properties": {"feature_type": "edge", "u": 329, "v": 330, "edge_key": 0, "length_m": 8.828, "is_bridged": false, "is_bridge": false, "edge_betweenness": 0.0, "width_m": 6.65}}, {"type": "Feature", "geometry": {"type": "LineString", "coordinates": [[85.826154, 20.289264], [85.826175, 20.289119]]}, "properties": {"feature_type": "edge", "u": 329, "v": 334, "edge_key": 0, "length_m": 16.828, "is_bridged": false, "is_bridge": false, "edge_betweenness": 0.0, "width_m": 8.0}}, {"type": "Feature", "geometry": {"type": "LineString", "coordinates": [[85.826231, 20.289282], [85.82625, 20.289264], [85.826251, 20.289138]]}, "properties": {"feature_type": "edge", "u": 330, "v": 335, "edge_key": 0, "length_m": 16.828, "is_bridged": false, "is_bridge": false, "edge_betweenness": 0.0, "width_m": 8.315}}, {"type": "Feature", "geometry": {"type": "LineString", "coordinates": [[85.835232, 20.28927], [85.835253, 20.289053]]}, "properties": {"feature_type": "edge", "u": 331, "v": 337, "edge_key": 0, "length_m": 24.828, "is_bridged": false, "is_bridge": false, "edge_betweenness": 0.0, "width_m": 8.426}}, {"type": "Feature", "geometry": {"type": "LineString", "coordinates": [[85.837492, 20.289285], [85.837514, 20.288888]]}, "properties": {"feature_type": "edge", "u": 332, "v": 347, "edge_key": 0, "length_m": 44.828, "is_bridged": false, "is_bridge": false, "edge_betweenness": 0.0, "width_m": 8.322}}, {"type": "Feature", "geometry": {"type": "LineString", "coordinates": [[85.841054, 20.289291], [85.840748, 20.289271], [85.840729, 20.289252], [85.840595, 20.289251], [85.840576, 20.289233], [85.84027, 20.289213], [85.840251, 20.289195], [85.840116, 20.289194], [85.840097, 20.289176], [85.839791, 20.289156], [85.839772, 20.289138], [85.839638, 20.289137], [85.839619, 20.289118], [85.839485, 20.289118], [85.839466, 20.289099], [85.839313, 20.289098], [85.839294, 20.28908], [85.838911, 20.289042]]}, "properties": {"feature_type": "edge", "u": 333, "v": 342, "edge_key": 0, "length_m": 234.77, "is_bridged": false, "is_bridge": false, "edge_betweenness": 0.0, "width_m": 8.17}}, {"type": "Feature", "geometry": {"type": "LineString", "coordinates": [[85.841054, 20.289291], [85.841075, 20.289056], [85.841094, 20.289038], [85.841096, 20.288839]]}, "properties": {"feature_type": "edge", "u": 333, "v": 349, "edge_key": 0, "length_m": 51.657, "is_bridged": false, "is_bridge": false, "edge_betweenness": 0.0, "width_m": 8.394}}, {"type": "Feature", "geometry": {"type": "LineString", "coordinates": [[85.826175, 20.289119], [85.826251, 20.289138]]}, "properties": {"feature_type": "edge", "u": 334, "v": 335, "edge_key": 0, "length_m": 8.828, "is_bridged": false, "is_bridge": false, "edge_betweenness": 0.0, "width_m": 6.65}}, {"type": "Feature", "geometry": {"type": "LineString", "coordinates": [[85.826175, 20.289119], [85.826195, 20.288975]]}, "properties": {"feature_type": "edge", "u": 334, "v": 340, "edge_key": 0, "length_m": 16.828, "is_bridged": false, "is_bridge": false, "edge_betweenness": 0.0, "width_m": 8.0}}, {"type": "Feature", "geometry": {"type": "LineString", "coordinates": [[85.826251, 20.289138], [85.82627, 20.28912], [85.826271, 20.288993]]}, "properties": {"feature_type": "edge", "u": 335, "v": 341, "edge_key": 0, "length_m": 16.828, "is_bridged": false, "is_bridge": false, "edge_betweenness": 0.0, "width_m": 8.315}}, {"type": "Feature", "geometry": {"type": "LineString", "coordinates": [[85.836229, 20.289132], [85.83577, 20.289093], [85.835751, 20.289075], [85.835617, 20.289074], [85.835598, 20.289056], [85.835444, 20.289055], [85.835425, 20.289036], [85.835253, 20.289053]]}, "properties": {"feature_type": "edge", "u": 336, "v": 337, "edge_key": 0, "length_m": 106.467, "is_bridged": false, "is_bridge": false, "edge_betweenness": 0.0, "width_m": 8.27}}, {"type": "Feature", "geometry": {"type": "LineString", "coordinates": [[85.836229, 20.289132], [85.836249, 20.289096], [85.83625, 20.288933], [85.836269, 20.288916], [85.83627, 20.288735]]}, "properties": {"feature_type": "edge", "u": 336, "v": 353, "edge_key": 0, "length_m": 45.301, "is_bridged": false, "is_bridge": false, "edge_betweenness": 0.0, "width_m": 8.293}}, {"type": "Feature", "geometry": {"type": "LineString", "coordinates": [[85.835253, 20.289053], [85.835176, 20.289071], [85.834947, 20.289015]]}, "properties": {"feature_type": "edge", "u": 337, "v": 343, "edge_key": 0, "length_m": 34.957, "is_bridged": false, "is_bridge": false, "edge_betweenness": 0.0, "width_m": 8.591}}, {"type": "Feature", "geometry": {"type": "LineString", "coordinates": [[85.835253, 20.289053], [85.835292, 20.288909], [85.835293, 20.288801], [85.835312, 20.288783], [85.835314, 20.288602]]}, "properties": {"feature_type": "edge", "u": 337, "v": 357, "edge_key": 0, "length_m": 51.981, "is_bridged": false, "is_bridge": false, "edge_betweenness": 0.0, "width_m": 8.37}}, {"type": "Feature", "geometry": {"type": "LineString", "coordinates": [[85.84456, 20.289151], [85.84433, 20.289132], [85.844311, 20.289113], [85.844081, 20.289112]]}, "properties": {"feature_type": "edge", "u": 338, "v": 339, "edge_key": 0, "length_m": 51.657, "is_bridged": false, "is_bridge": true, "edge_betweenness": 0.0, "width_m": 8.113}}, {"type": "Feature", "geometry": {"type": "LineString", "coordinates": [[85.844081, 20.289112], [85.844122, 20.288769], [85.844142, 20.288751], [85.844143, 20.288624], [85.844162, 20.288606], [85.844163, 20.28848], [85.844182, 20.288462], [85.844183, 20.288317], [85.844222, 20.288173]]}, "properties": {"feature_type": "edge", "u": 339, "v": 374, "edge_key": 0, "length_m": 109.799, "is_bridged": false, "is_bridge": false, "edge_betweenness": 0.0, "width_m": 8.204}}, {"type": "Feature", "geometry": {"type": "LineString", "coordinates": [[85.826195, 20.288975], [85.826271, 20.288993]]}, "properties": {"feature_type": "edge", "u": 340, "v": 341, "edge_key": 0, "length_m": 8.828, "is_bridged": false, "is_bridge": false, "edge_betweenness": 0.0, "width_m": 6.65}}, {"type": "Feature", "geometry": {"type": "LineString", "coordinates": [[85.826195, 20.288975], [85.826215, 20.28883]]}, "properties": {"feature_type": "edge", "u": 340, "v": 345, "edge_key": 0, "length_m": 16.828, "is_bridged": false, "is_bridge": false, "edge_betweenness": 0.0, "width_m": 8.0}}, {"type": "Feature", "geometry": {"type": "LineString", "coordinates": [[85.826271, 20.288993], [85.826291, 20.288975], [85.826292, 20.288849]]}, "properties": {"feature_type": "edge", "u": 341, "v": 346, "edge_key": 0, "length_m": 16.828, "is_bridged": false, "is_bridge": false, "edge_betweenness": 0.0, "width_m": 8.315}}, {"type": "Feature", "geometry": {"type": "LineString", "coordinates": [[85.838911, 20.289042], [85.837763, 20.288907]]}, "properties": {"feature_type": "edge", "u": 342, "v": 348, "edge_key": 0, "length_m": 125.799, "is_bridged": false, "is_bridge": false, "edge_betweenness": 0.0, "width_m": 8.171}}, {"type": "Feature", "geometry": {"type": "LineString", "coordinates": [[85.838911, 20.289042], [85.838972, 20.288554]]}, "properties": {"feature_type": "edge", "u": 342, "v": 359, "edge_key": 0, "length_m": 56.485, "is_bridged": false, "is_bridge": false, "edge_betweenness": 0.0, "width_m": 8.416}}, {"type": "Feature", "geometry": {"type": "LineString", "coordinates": [[85.834947, 20.289015], [85.834334, 20.288975]]}, "properties": {"feature_type": "edge", "u": 343, "v": 344, "edge_key": 0, "length_m": 65.657, "is_bridged": false, "is_bridge": false, "edge_betweenness": 0.0, "width_m": 8.229}}, {"type": "Feature", "geometry": {"type": "LineString", "coordinates": [[85.834947, 20.289015], [85.834947, 20.288943], [85.834967, 20.288925], [85.835046, 20.288546]]}, "properties": {"feature_type": "edge", "u": 343, "v": 358, "edge_key": 0, "length_m": 55.786, "is_bridged": false, "is_bridge": false, "edge_betweenness": 0.0, "width_m": 8.616}}, {"type": "Feature", "geometry": {"type": "LineString", "coordinates": [[85.834334, 20.288975], [85.834375, 20.288614], [85.834415, 20.28847]]}, "properties": {"feature_type": "edge", "u": 344, "v": 362, "edge_key": 0, "length_m": 59.314, "is_bridged": false, "is_bridge": false, "edge_betweenness": 0.0, "width_m": 8.244}}, {"type": "Feature", "geometry": {"type": "LineString", "coordinates": [[85.826215, 20.28883], [85.826292, 20.288849]]}, "properties": {"feature_type": "edge", "u": 345, "v": 346, "edge_key": 0, "length_m": 8.828, "is_bridged": false, "is_bridge": false, "edge_betweenness": 0.0, "width_m": 6.65}}, {"type": "Feature", "geometry": {"type": "LineString", "coordinates": [[85.826215, 20.28883], [85.826235, 20.288704]]}, "properties": {"feature_type": "edge", "u": 345, "v": 351, "edge_key": 0, "length_m": 14.472, "is_bridged": false, "is_bridge": false, "edge_betweenness": 0.0, "width_m": 8.157}}, {"type": "Feature", "geometry": {"type": "LineString", "coordinates": [[85.826292, 20.288849], [85.826311, 20.288831], [85.826312, 20.288705]]}, "properties": {"feature_type": "edge", "u": 346, "v": 352, "edge_key": 0, "length_m": 16.828, "is_bridged": false, "is_bridge": false, "edge_betweenness": 0.0, "width_m": 7.943}}, {"type": "Feature", "geometry": {"type": "LineString", "coordinates": [[85.837514, 20.288888], [85.837706, 20.288889], [85.837763, 20.288907]]}, "properties": {"feature_type": "edge", "u": 347, "v": 348, "edge_key": 0, "length_m": 26.828, "is_bridged": false, "is_bridge": false, "edge_betweenness": 0.0, "width_m": 8.236}}, {"type": "Feature", "geometry": {"type": "LineString", "coordinates": [[85.837514, 20.288888], [85.83738, 20.288851], [85.836787, 20.288793]]}, "properties": {"feature_type": "edge", "u": 347, "v": 350, "edge_key": 0, "length_m": 80.142, "is_bridged": false, "is_bridge": false, "edge_betweenness": 0.0, "width_m": 8.348}}, {"type": "Feature", "geometry": {"type": "LineString", "coordinates": [[85.837763, 20.288907], [85.837824, 20.288438]]}, "properties": {"feature_type": "edge", "u": 348, "v": 364, "edge_key": 0, "length_m": 54.485, "is_bridged": false, "is_bridge": false, "edge_betweenness": 0.0, "width_m": 8.227}}, {"type": "Feature", "geometry": {"type": "LineString", "coordinates": [[85.841096, 20.288839], [85.841058, 20.288821], [85.840751, 20.288801], [85.840732, 20.288783], [85.840254, 20.288743], [85.840235, 20.288725], [85.840082, 20.288724], [85.840063, 20.288706], [85.839948, 20.288705], [85.839929, 20.288687], [85.839814, 20.288686], [85.839795, 20.288668], [85.83968, 20.288667], [85.839661, 20.288649], [85.839546, 20.288648], [85.839527, 20.28863], [85.838972, 20.288554]]}, "properties": {"feature_type": "edge", "u": 349, "v": 359, "edge_key": 0, "length_m": 233.714, "is_bridged": false, "is_bridge": false, "edge_betweenness": 0.0, "width_m": 8.206}}, {"type": "Feature", "geometry": {"type": "LineString", "coordinates": [[85.841096, 20.288839], [85.841135, 20.288695], [85.841137, 20.288496]]}, "properties": {"feature_type": "edge", "u": 349, "v": 363, "edge_key": 0, "length_m": 39.657, "is_bridged": false, "is_bridge": false, "edge_betweenness": 0.0, "width_m": 8.548}}, {"type": "Feature", "geometry": {"type": "LineString", "coordinates": [[85.836787, 20.288793], [85.836424, 20.288736]]}, "properties": {"feature_type": "edge", "u": 350, "v": 354, "edge_key": 0, "length_m": 39.773, "is_bridged": false, "is_bridge": false, "edge_betweenness": 0.0, "width_m": 8.473}}, {"type": "Feature", "geometry": {"type": "LineString", "coordinates": [[85.826235, 20.288704], [85.826312, 20.288705]]}, "properties": {"feature_type": "edge", "u": 351, "v": 352, "edge_key": 0, "length_m": 8.0, "is_bridged": false, "is_bridge": false, "edge_betweenness": 0.0, "width_m": 6.2}}, {"type": "Feature", "geometry": {"type": "LineString", "coordinates": [[85.826235, 20.288704], [85.826255, 20.28856]]}, "properties": {"feature_type": "edge", "u": 351, "v": 355, "edge_key": 0, "length_m": 16.472, "is_bridged": false, "is_bridge": false, "edge_betweenness": 0.0, "width_m": 8.27}}, {"type": "Feature", "geometry": {"type": "LineString", "coordinates": [[85.826312, 20.288705], [85.826331, 20.288687], [85.826332, 20.288578]]}, "properties": {"feature_type": "edge", "u": 352, "v": 356, "edge_key": 0, "length_m": 14.828, "is_bridged": false, "is_bridge": false, "edge_betweenness": 0.0, "width_m": 7.825}}, {"type": "Feature", "geometry": {"type": "LineString", "coordinates": [[85.83627, 20.288735], [85.836251, 20.288717], [85.835639, 20.288658], [85.83562, 20.28864], [85.835486, 20.288639], [85.835467, 20.288621], [85.835314, 20.288602]]}, "properties": {"feature_type": "edge", "u": 353, "v": 357, "edge_key": 0, "length_m": 105.443, "is_bridged": false, "is_bridge": false, "edge_betweenness": 0.0, "width_m": 8.255}}, {"type": "Feature", "geometry": {"type": "LineString", "coordinates": [[85.83627, 20.288735], [85.836424, 20.288736]]}, "properties": {"feature_type": "edge", "u": 353, "v": 354, "edge_key": 0, "length_m": 16.0, "is_bridged": false, "is_bridge": false, "edge_betweenness": 0.0, "width_m": 8.743}}, {"type": "Feature", "geometry": {"type": "LineString", "coordinates": [[85.836424, 20.288736], [85.836504, 20.288249]]}, "properties": {"feature_type": "edge", "u": 354, "v": 367, "edge_key": 0, "length_m": 57.314, "is_bridged": false, "is_bridge": false, "edge_betweenness": 0.0, "width_m": 8.71}}, {"type": "Feature", "geometry": {"type": "LineString", "coordinates": [[85.826255, 20.28856], [85.826332, 20.288578]]}, "properties": {"feature_type": "edge", "u": 355, "v": 356, "edge_key": 0, "length_m": 8.828, "is_bridged": false, "is_bridge": false, "edge_betweenness": 0.0, "width_m": 6.886}}, {"type": "Feature", "geometry": {"type": "LineString", "coordinates": [[85.826255, 20.28856], [85.826276, 20.288415]]}, "properties": {"feature_type": "edge", "u": 355, "v": 360, "edge_key": 0, "length_m": 16.828, "is_bridged": false, "is_bridge": false, "edge_betweenness": 0.0, "width_m": 8.135}}, {"type": "Feature", "geometry": {"type": "LineString", "coordinates": [[85.826332, 20.288578], [85.826351, 20.28856], [85.826352, 20.288434]]}, "properties": {"feature_type": "edge", "u": 356, "v": 361, "edge_key": 0, "length_m": 16.828, "is_bridged": false, "is_bridge": false, "edge_betweenness": 0.0, "width_m": 8.315}}, {"type": "Feature", "geometry": {"type": "LineString", "coordinates": [[85.835314, 20.288602], [85.835046, 20.288546]]}, "properties": {"feature_type": "edge", "u": 357, "v": 358, "edge_key": 0, "length_m": 30.129, "is_bridged": false, "is_bridge": false, "edge_betweenness": 0.0, "width_m": 8.894}}, {"type": "Feature", "geometry": {"type": "LineString", "coordinates": [[85.835314, 20.288602], [85.835353, 20.288512], [85.835413, 20.288079]]}, "properties": {"feature_type": "edge", "u": 357, "v": 373, "edge_key": 0, "length_m": 61.282, "is_bridged": false, "is_bridge": false, "edge_betweenness": 0.0, "width_m": 8.411}}, {"type": "Feature", "geometry": {"type": "LineString", "coordinates": [[85.835046, 20.288546], [85.834912, 20.288545], [85.834893, 20.288527], [85.834453, 20.288488], [85.834415, 20.28847]]}, "properties": {"feature_type": "edge", "u": 358, "v": 362, "edge_key": 0, "length_m": 68.957, "is_bridged": false, "is_bridge": false, "edge_betweenness": 0.0, "width_m": 8.489}}, {"type": "Feature", "geometry": {"type": "LineString", "coordinates": [[85.835046, 20.288546], [85.835105, 20.288312], [85.835106, 20.288167]]}, "properties": {"feature_type": "edge", "u": 358, "v": 371, "edge_key": 0, "length_m": 44.129, "is_bridged": false, "is_bridge": false, "edge_betweenness": 0.0, "width_m": 8.628}}, {"type": "Feature", "geometry": {"type": "LineString", "coordinates": [[85.838972, 20.288554], [85.838532, 20.288515], [85.838513, 20.288497], [85.838379, 20.288496], [85.83836, 20.288478], [85.838207, 20.288477], [85.838188, 20.288458], [85.838034, 20.288457], [85.838015, 20.288439], [85.837824, 20.288438]]}, "properties": {"feature_type": "edge", "u": 359, "v": 364, "edge_key": 0, "length_m": 124.971, "is_bridged": false, "is_bridge": false, "edge_betweenness": 0.0, "width_m": 8.216}}, {"type": "Feature", "geometry": {"type": "LineString", "coordinates": [[85.838972, 20.288554], [85.838993, 20.288355], [85.839032, 20.288229]]}, "properties": {"feature_type": "edge", "u": 359, "v": 370, "edge_key": 0, "length_m": 38.485, "is_bridged": false, "is_bridge": false, "edge_betweenness": 0.0, "width_m": 8.526}}, {"type": "Feature", "geometry": {"type": "LineString", "coordinates": [[85.826276, 20.288415], [85.826352, 20.288434]]}, "properties": {"feature_type": "edge", "u": 360, "v": 361, "edge_key": 0, "length_m": 8.828, "is_bridged": false, "is_bridge": false, "edge_betweenness": 0.0, "width_m": 6.65}}, {"type": "Feature", "geometry": {"type": "LineString", "coordinates": [[85.826276, 20.288415], [85.826296, 20.288271]]}, "properties": {"feature_type": "edge", "u": 360, "v": 365, "edge_key": 0, "length_m": 16.828, "is_bridged": false, "is_bridge": false, "edge_betweenness": 0.0, "width_m": 8.0}}, {"type": "Feature", "geometry": {"type": "LineString", "coordinates": [[85.826352, 20.288434], [85.826371, 20.288416], [85.826372, 20.288289]]}, "properties": {"feature_type": "edge", "u": 361, "v": 366, "edge_key": 0, "length_m": 16.828, "is_bridged": false, "is_bridge": false, "edge_betweenness": 0.0, "width_m": 8.315}}, {"type": "Feature", "geometry": {"type": "LineString", "coordinates": [[85.834415, 20.28847], [85.834436, 20.288199], [85.834475, 20.288072]]}, "properties": {"feature_type": "edge", "u": 362, "v": 375, "edge_key": 0, "length_m": 46.485, "is_bridged": false, "is_bridge": false, "edge_betweenness": 0.0, "width_m": 13.692}}, {"type": "Feature", "geometry": {"type": "LineString", "coordinates": [[85.841137, 20.288496], [85.840983, 20.288495], [85.840964, 20.288477], [85.84083, 20.288476], [85.840811, 20.288458], [85.840677, 20.288457], [85.840658, 20.288439], [85.840524, 20.288438], [85.840505, 20.28842], [85.840371, 20.288419], [85.840352, 20.288401], [85.840218, 20.2884], [85.840199, 20.288381], [85.840046, 20.28838], [85.840027, 20.288362], [85.839127, 20.288266], [85.839032, 20.288229]]}, "properties": {"feature_type": "edge", "u": 363, "v": 370, "edge_key": 0, "length_m": 231.598, "is_bridged": false, "is_bridge": false, "edge_betweenness": 0.0, "width_m": 8.193}}, {"type": "Feature", "geometry": {"type": "LineString", "coordinates": [[85.841137, 20.288496], [85.841176, 20.28837], [85.841197, 20.288063]]}, "properties": {"feature_type": "edge", "u": 363, "v": 379, "edge_key": 0, "length_m": 50.485, "is_bridged": false, "is_bridge": false, "edge_betweenness": 0.0, "width_m": 8.295}}, {"type": "Feature", "geometry": {"type": "LineString", "coordinates": [[85.837824, 20.288438], [85.837709, 20.288401], [85.837575, 20.2884], [85.837556, 20.288382], [85.836657, 20.288286], [85.836504, 20.288249]]}, "properties": {"feature_type": "edge", "u": 364, "v": 367, "edge_key": 0, "length_m": 145.572, "is_bridged": false, "is_bridge": false, "edge_betweenness": 0.0, "width_m": 8.233}}, {"type": "Feature", "geometry": {"type": "LineString", "coordinates": [[85.837824, 20.288438], [85.837845, 20.288203], [85.837864, 20.288185], [85.837866, 20.287968]]}, "properties": {"feature_type": "edge", "u": 364, "v": 381, "edge_key": 0, "length_m": 53.657, "is_bridged": false, "is_bridge": false, "edge_betweenness": 0.0, "width_m": 8.295}}, {"type": "Feature", "geometry": {"type": "LineString", "coordinates": [[85.826296, 20.288271], [85.826372, 20.288289]]}, "properties": {"feature_type": "edge", "u": 365, "v": 366, "edge_key": 0, "length_m": 8.828, "is_bridged": false, "is_bridge": false, "edge_betweenness": 0.0, "width_m": 6.65}}, {"type": "Feature", "geometry": {"type": "LineString", "coordinates": [[85.826296, 20.288271], [85.826316, 20.288126]]}, "properties": {"feature_type": "edge", "u": 365, "v": 368, "edge_key": 0, "length_m": 16.828, "is_bridged": false, "is_bridge": false, "edge_betweenness": 0.0, "width_m": 8.0}}, {"type": "Feature", "geometry": {"type": "LineString", "coordinates": [[85.826372, 20.288289], [85.826392, 20.288271], [85.826393, 20.288145]]}, "properties": {"feature_type": "edge", "u": 366, "v": 369, "edge_key": 0, "length_m": 16.828, "is_bridged": false, "is_bridge": false, "edge_betweenness": 0.0, "width_m": 8.315}}, {"type": "Feature", "geometry": {"type": "LineString", "coordinates": [[85.836504, 20.288249], [85.836351, 20.288248], [85.836332, 20.288229], [85.835432, 20.288133], [85.835413, 20.288079]]}, "properties": {"feature_type": "edge", "u": 367, "v": 373, "edge_key": 0, "length_m": 123.295, "is_bridged": false, "is_bridge": false, "edge_betweenness": 0.0, "width_m": 8.332}}, {"type": "Feature", "geometry": {"type": "LineString", "coordinates": [[85.836504, 20.288249], [85.836543, 20.288104], [85.836564, 20.287869], [85.836583, 20.287852]]}, "properties": {"feature_type": "edge", "u": 367, "v": 385, "edge_key": 0, "length_m": 46.957, "is_bridged": false, "is_bridge": false, "edge_betweenness": 0.0, "width_m": 8.722}}, {"type": "Feature", "geometry": {"type": "LineString", "coordinates": [[85.826316, 20.288126], [85.826393, 20.288145]]}, "properties": {"feature_type": "edge", "u": 368, "v": 369, "edge_key": 0, "length_m": 8.828, "is_bridged": false, "is_bridge": false, "edge_betweenness": 0.0, "width_m": 6.65}}, {"type": "Feature", "geometry": {"type": "LineString", "coordinates": [[85.826316, 20.288126], [85.826336, 20.287982]]}, "properties": {"feature_type": "edge", "u": 368, "v": 377, "edge_key": 0, "length_m": 16.828, "is_bridged": false, "is_bridge": false, "edge_betweenness": 0.0, "width_m": 8.0}}, {"type": "Feature", "geometry": {"type": "LineString", "coordinates": [[85.826393, 20.288145], [85.826412, 20.288127], [85.826413, 20.288]]}, "properties": {"feature_type": "edge", "u": 369, "v": 378, "edge_key": 0, "length_m": 16.828, "is_bridged": false, "is_bridge": false, "edge_betweenness": 0.0, "width_m": 8.315}}, {"type": "Feature", "geometry": {"type": "LineString", "coordinates": [[85.839032, 20.288229], [85.839034, 20.288012]]}, "properties": {"feature_type": "edge", "u": 370, "v": 380, "edge_key": 0, "length_m": 24.0, "is_bridged": false, "is_bridge": false, "edge_betweenness": 0.0, "width_m": 8.71}}, {"type": "Feature", "geometry": {"type": "LineString", "coordinates": [[85.835106, 20.288167], [85.834475, 20.288072]]}, "properties": {"feature_type": "edge", "u": 371, "v": 375, "edge_key": 0, "length_m": 69.786, "is_bridged": false, "is_bridge": false, "edge_betweenness": 0.0, "width_m": 8.531}}, {"type": "Feature", "geometry": {"type": "LineString", "coordinates": [[85.835106, 20.288167], [85.835126, 20.288149], [85.835126, 20.288059]]}, "properties": {"feature_type": "edge", "u": 371, "v": 376, "edge_key": 0, "length_m": 12.828, "is_bridged": false, "is_bridge": false, "edge_betweenness": 0.0, "width_m": 9.814}}, {"type": "Feature", "geometry": {"type": "LineString", "coordinates": [[85.844567, 20.288212], [85.844242, 20.288191], [85.844222, 20.288173]]}, "properties": {"feature_type": "edge", "u": 372, "v": 374, "edge_key": 0, "length_m": 37.657, "is_bridged": false, "is_bridge": true, "edge_betweenness": 0.0, "width_m": 8.36}}, {"type": "Feature", "geometry": {"type": "LineString", "coordinates": [[85.835413, 20.288079], [85.835126, 20.288059]]}, "properties": {"feature_type": "edge", "u": 373, "v": 376, "edge_key": 0, "length_m": 30.828, "is_bridged": false, "is_bridge": false, "edge_betweenness": 0.0, "width_m": 8.961}}, {"type": "Feature", "geometry": {"type": "LineString", "coordinates": [[85.835413, 20.288079], [85.835474, 20.287663]]}, "properties": {"feature_type": "edge", "u": 373, "v": 392, "edge_key": 0, "length_m": 48.129, "is_bridged": false, "is_bridge": false, "edge_betweenness": 0.0, "width_m": 8.492}}, {"type": "Feature", "geometry": {"type": "LineString", "coordinates": [[85.844222, 20.288173], [85.844224, 20.288029], [85.844243, 20.288011], [85.844284, 20.28765]]}, "properties": {"feature_type": "edge", "u": 374, "v": 399, "edge_key": 0, "length_m": 60.485, "is_bridged": false, "is_bridge": false, "edge_betweenness": 0.0, "width_m": 8.415}}, {"type": "Feature", "geometry": {"type": "LineString", "coordinates": [[85.834475, 20.288072], [85.834476, 20.28791], [85.834496, 20.287892], [85.834496, 20.287783], [85.834536, 20.287639], [85.834597, 20.287116], [85.834636, 20.286989]]}, "properties": {"feature_type": "edge", "u": 375, "v": 431, "edge_key": 0, "length_m": 126.627, "is_bridged": false, "is_bridge": false, "edge_betweenness": 0.0, "width_m": 14.897}}, {"type": "Feature", "geometry": {"type": "LineString", "coordinates": [[85.835126, 20.288059], [85.834973, 20.28804], [85.834897, 20.287967], [85.834938, 20.287642], [85.834957, 20.287624]]}, "properties": {"feature_type": "edge", "u": 376, "v": 395, "edge_key": 0, "length_m": 69.443, "is_bridged": false, "is_bridge": false, "edge_betweenness": 0.0, "width_m": 8.414}}, {"type": "Feature", "geometry": {"type": "LineString", "coordinates": [[85.826336, 20.287982], [85.826413, 20.288]]}, "properties": {"feature_type": "edge", "u": 377, "v": 378, "edge_key": 0, "length_m": 8.828, "is_bridged": false, "is_bridge": false, "edge_betweenness": 0.0, "width_m": 6.65}}, {"type": "Feature", "geometry": {"type": "LineString", "coordinates": [[85.826336, 20.287982], [85.826356, 20.287856]]}, "properties": {"feature_type": "edge", "u": 377, "v": 382, "edge_key": 0, "length_m": 14.472, "is_bridged": false, "is_bridge": false, "edge_betweenness": 0.0, "width_m": 8.157}}, {"type": "Feature", "geometry": {"type": "LineString", "coordinates": [[85.826413, 20.288], [85.826432, 20.287983], [85.826433, 20.287856]]}, "properties": {"feature_type": "edge", "u": 378, "v": 383, "edge_key": 0, "length_m": 16.828, "is_bridged": false, "is_bridge": false, "edge_betweenness": 0.0, "width_m": 8.354}}, {"type": "Feature", "geometry": {"type": "LineString", "coordinates": [[85.841197, 20.288063], [85.840719, 20.288005], [85.8407, 20.287987], [85.840566, 20.287986], [85.840547, 20.287968], [85.840413, 20.287967], [85.84026, 20.28793], [85.839973, 20.28791], [85.83982, 20.287873], [85.83938, 20.287834], [85.839361, 20.287816], [85.839246, 20.287815], [85.839093, 20.287778]]}, "properties": {"feature_type": "edge", "u": 379, "v": 388, "edge_key": 0, "length_m": 232.426, "is_bridged": false, "is_bridge": false, "edge_betweenness": 0.0, "width_m": 8.221}}, {"type": "Feature", "geometry": {"type": "LineString", "coordinates": [[85.841197, 20.288063], [85.841217, 20.288027], [85.841238, 20.287756]]}, "properties": {"feature_type": "edge", "u": 379, "v": 390, "edge_key": 0, "length_m": 35.301, "is_bridged": false, "is_bridge": false, "edge_betweenness": 0.0, "width_m": 8.591}}, {"type": "Feature", "geometry": {"type": "LineString", "coordinates": [[85.839034, 20.288012], [85.8389, 20.288011], [85.838881, 20.287993], [85.838746, 20.287992], [85.838594, 20.287955], [85.838459, 20.287954], [85.83844, 20.287936], [85.837905, 20.287878]]}, "properties": {"feature_type": "edge", "u": 380, "v": 384, "edge_key": 0, "length_m": 123.799, "is_bridged": false, "is_bridge": false, "edge_betweenness": 0.0, "width_m": 8.228}}, {"type": "Feature", "geometry": {"type": "LineString", "coordinates": [[85.839034, 20.288012], [85.839093, 20.287778]]}, "properties": {"feature_type": "edge", "u": 380, "v": 388, "edge_key": 0, "length_m": 28.485, "is_bridged": false, "is_bridge": false, "edge_betweenness": 0.0, "width_m": 8.894}}, {"type": "Feature", "geometry": {"type": "LineString", "coordinates": [[85.837866, 20.287968], [85.836583, 20.287852]]}, "properties": {"feature_type": "edge", "u": 381, "v": 385, "edge_key": 0, "length_m": 138.971, "is_bridged": false, "is_bridge": false, "edge_betweenness": 0.0, "width_m": 8.201}}, {"type": "Feature", "geometry": {"type": "LineString", "coordinates": [[85.837866, 20.287968], [85.837905, 20.287878]]}, "properties": {"feature_type": "edge", "u": 381, "v": 384, "edge_key": 0, "length_m": 11.657, "is_bridged": false, "is_bridge": false, "edge_betweenness": 0.0, "width_m": 9.814}}, {"type": "Feature", "geometry": {"type": "LineString", "coordinates": [[85.826356, 20.287856], [85.826433, 20.287856]]}, "properties": {"feature_type": "edge", "u": 382, "v": 383, "edge_key": 0, "length_m": 8.0, "is_bridged": false, "is_bridge": false, "edge_betweenness": 0.0, "width_m": 8.63}}, {"type": "Feature", "geometry": {"type": "LineString", "coordinates": [[85.826356, 20.287856], [85.826377, 20.287711]]}, "properties": {"feature_type": "edge", "u": 382, "v": 386, "edge_key": 0, "length_m": 16.828, "is_bridged": false, "is_bridge": false, "edge_betweenness": 0.0, "width_m": 8.135}}, {"type": "Feature", "geometry": {"type": "LineString", "coordinates": [[85.826433, 20.287856], [85.826452, 20.287838], [85.826453, 20.287712]]}, "properties": {"feature_type": "edge", "u": 383, "v": 387, "edge_key": 0, "length_m": 16.828, "is_bridged": false, "is_bridge": false, "edge_betweenness": 0.0, "width_m": 8.354}}, {"type": "Feature", "geometry": {"type": "LineString", "coordinates": [[85.837905, 20.287878], [85.837906, 20.287734]]}, "properties": {"feature_type": "edge", "u": 384, "v": 389, "edge_key": 0, "length_m": 16.0, "is_bridged": false, "is_bridge": false, "edge_betweenness": 0.0, "width_m": 9.315}}, {"type": "Feature", "geometry": {"type": "LineString", "coordinates": [[85.836583, 20.287852], [85.836585, 20.287689]]}, "properties": {"feature_type": "edge", "u": 385, "v": 391, "edge_key": 0, "length_m": 18.0, "is_bridged": false, "is_bridge": false, "edge_betweenness": 0.0, "width_m": 8.828}}, {"type": "Feature", "geometry": {"type": "LineString", "coordinates": [[85.826377, 20.287711], [85.826453, 20.287712]]}, "properties": {"feature_type": "edge", "u": 386, "v": 387, "edge_key": 0, "length_m": 8.0, "is_bridged": false, "is_bridge": false, "edge_betweenness": 0.0, "width_m": 8.315}}, {"type": "Feature", "geometry": {"type": "LineString", "coordinates": [[85.826377, 20.287711], [85.826397, 20.287567]]}, "properties": {"feature_type": "edge", "u": 386, "v": 393, "edge_key": 0, "length_m": 16.828, "is_bridged": false, "is_bridge": false, "edge_betweenness": 0.0, "width_m": 8.0}}, {"type": "Feature", "geometry": {"type": "LineString", "coordinates": [[85.826453, 20.287712], [85.826473, 20.287694], [85.826493, 20.287549]]}, "properties": {"feature_type": "edge", "u": 387, "v": 394, "edge_key": 0, "length_m": 19.153, "is_bridged": false, "is_bridge": false, "edge_betweenness": 0.0, "width_m": 8.354}}, {"type": "Feature", "geometry": {"type": "LineString", "coordinates": [[85.839093, 20.287778], [85.839114, 20.287489]]}, "properties": {"feature_type": "edge", "u": 388, "v": 407, "edge_key": 0, "length_m": 32.828, "is_bridged": false, "is_bridge": false, "edge_betweenness": 0.0, "width_m": 8.782}}, {"type": "Feature", "geometry": {"type": "LineString", "coordinates": [[85.837906, 20.287734], [85.837772, 20.287733], [85.837753, 20.287715], [85.837466, 20.287695], [85.837447, 20.287677], [85.837179, 20.287657], [85.837026, 20.28762], [85.836892, 20.287619], [85.836873, 20.2876], [85.836758, 20.2876], [85.836624, 20.287563]]}, "properties": {"feature_type": "edge", "u": 389, "v": 402, "edge_key": 0, "length_m": 141.456, "is_bridged": false, "is_bridge": false, "edge_betweenness": 0.0, "width_m": 8.264}}, {"type": "Feature", "geometry": {"type": "LineString", "coordinates": [[85.837906, 20.287734], [85.837925, 20.287716], [85.837926, 20.287571], [85.837945, 20.287553], [85.837947, 20.287391], [85.837966, 20.287355]]}, "properties": {"feature_type": "edge", "u": 389, "v": 413, "edge_key": 0, "length_m": 44.129, "is_bridged": false, "is_bridge": false, "edge_betweenness": 0.0, "width_m": 8.438}}, {"type": "Feature", "geometry": {"type": "LineString", "coordinates": [[85.841238, 20.287756], [85.841104, 20.287755], [85.840951, 20.287718], [85.840817, 20.287717], [85.840798, 20.287699], [85.840664, 20.287698], [85.840511, 20.287661], [85.840377, 20.28766], [85.840358, 20.287642], [85.840224, 20.287641], [85.840071, 20.287604], [85.839937, 20.287603], [85.839784, 20.287566], [85.83965, 20.287565], [85.839631, 20.287546], [85.839497, 20.287546], [85.839478, 20.287527], [85.839152, 20.287507], [85.839114, 20.287489]]}, "properties": {"feature_type": "edge", "u": 390, "v": 407, "edge_key": 0, "length_m": 233.242, "is_bridged": false, "is_bridge": false, "edge_betweenness": 0.0, "width_m": 8.206}}, {"type": "Feature", "geometry": {"type": "LineString", "coordinates": [[85.841238, 20.287756], [85.841299, 20.287305]]}, "properties": {"feature_type": "edge", "u": 390, "v": 415, "edge_key": 0, "length_m": 52.485, "is_bridged": false, "is_bridge": false, "edge_betweenness": 0.0, "width_m": 8.434}}, {"type": "Feature", "geometry": {"type": "LineString", "coordinates": [[85.836585, 20.287689], [85.836183, 20.287668], [85.836164, 20.28765], [85.835972, 20.287649], [85.835953, 20.28763], [85.835762, 20.287629], [85.835704, 20.287611]]}, "properties": {"feature_type": "edge", "u": 391, "v": 398, "edge_key": 0, "length_m": 95.314, "is_bridged": false, "is_bridge": false, "edge_betweenness": 0.0, "width_m": 8.179}}, {"type": "Feature", "geometry": {"type": "LineString", "coordinates": [[85.836585, 20.287689], [85.836624, 20.287563]]}, "properties": {"feature_type": "edge", "u": 391, "v": 402, "edge_key": 0, "length_m": 15.657, "is_bridged": false, "is_bridge": false, "edge_betweenness": 0.0, "width_m": 9.361}}, {"type": "Feature", "geometry": {"type": "LineString", "coordinates": [[85.835474, 20.287663], [85.835206, 20.287644], [85.835187, 20.287625], [85.834957, 20.287624]]}, "properties": {"feature_type": "edge", "u": 392, "v": 395, "edge_key": 0, "length_m": 55.657, "is_bridged": false, "is_bridge": false, "edge_betweenness": 0.0, "width_m": 8.39}}, {"type": "Feature", "geometry": {"type": "LineString", "coordinates": [[85.835474, 20.287663], [85.835494, 20.287609]]}, "properties": {"feature_type": "edge", "u": 392, "v": 397, "edge_key": 0, "length_m": 6.828, "is_bridged": false, "is_bridge": false, "edge_betweenness": 0.0, "width_m": 10.753}}, {"type": "Feature", "geometry": {"type": "LineString", "coordinates": [[85.826397, 20.287567], [85.826493, 20.287549]]}, "properties": {"feature_type": "edge", "u": 393, "v": 394, "edge_key": 0, "length_m": 10.325, "is_bridged": false, "is_bridge": false, "edge_betweenness": 0.0, "width_m": 8.315}}, {"type": "Feature", "geometry": {"type": "LineString", "coordinates": [[85.826397, 20.287567], [85.826417, 20.287422]]}, "properties": {"feature_type": "edge", "u": 393, "v": 404, "edge_key": 0, "length_m": 16.828, "is_bridged": false, "is_bridge": false, "edge_betweenness": 0.0, "width_m": 8.0}}, {"type": "Feature", "geometry": {"type": "LineString", "coordinates": [[85.826493, 20.287549], [85.826627, 20.287532]]}, "properties": {"feature_type": "edge", "u": 394, "v": 401, "edge_key": 0, "length_m": 14.472, "is_bridged": false, "is_bridge": false, "edge_betweenness": 0.0, "width_m": 8.157}}, {"type": "Feature", "geometry": {"type": "LineString", "coordinates": [[85.826493, 20.287549], [85.826494, 20.287441]]}, "properties": {"feature_type": "edge", "u": 394, "v": 405, "edge_key": 0, "length_m": 12.0, "is_bridged": false, "is_bridge": false, "edge_betweenness": 0.0, "width_m": 8.378}}, {"type": "Feature", "geometry": {"type": "LineString", "coordinates": [[85.834957, 20.287624], [85.834958, 20.287515], [85.834997, 20.287443]]}, "properties": {"feature_type": "edge", "u": 395, "v": 409, "edge_key": 0, "length_m": 21.657, "is_bridged": false, "is_bridge": false, "edge_betweenness": 0.0, "width_m": 8.826}}, {"type": "Feature", "geometry": {"type": "LineString", "coordinates": [[85.827259, 20.287554], [85.826627, 20.287532]]}, "properties": {"feature_type": "edge", "u": 396, "v": 401, "edge_key": 0, "length_m": 66.828, "is_bridged": false, "is_bridge": false, "edge_betweenness": 0.0, "width_m": 8.03}}, {"type": "Feature", "geometry": {"type": "LineString", "coordinates": [[85.827259, 20.287554], [85.827814, 20.287612], [85.828736, 20.287221]]}, "properties": {"feature_type": "edge", "u": 396, "v": 416, "edge_key": 0, "length_m": 174.711, "is_bridged": false, "is_bridge": false, "edge_betweenness": 0.0, "width_m": 8.497}}, {"type": "Feature", "geometry": {"type": "LineString", "coordinates": [[85.827259, 20.287554], [85.827261, 20.287283], [85.82728, 20.287265], [85.827321, 20.286904], [85.82736, 20.286778], [85.827555, 20.286436], [85.827595, 20.286093], [85.827674, 20.285804], [85.827676, 20.285624]]}, "properties": {"feature_type": "edge", "u": 396, "v": 480, "edge_key": 0, "length_m": 231.397, "is_bridged": false, "is_bridge": false, "edge_betweenness": 0.0, "width_m": 8.307}}, {"type": "Feature", "geometry": {"type": "LineString", "coordinates": [[85.835494, 20.287609], [85.835704, 20.287611]]}, "properties": {"feature_type": "edge", "u": 397, "v": 398, "edge_key": 0, "length_m": 22.0, "is_bridged": false, "is_bridge": false, "edge_betweenness": 0.0, "width_m": 8.331}}, {"type": "Feature", "geometry": {"type": "LineString", "coordinates": [[85.835494, 20.287609], [85.835494, 20.287501]]}, "properties": {"feature_type": "edge", "u": 397, "v": 403, "edge_key": 0, "length_m": 12.0, "is_bridged": false, "is_bridge": false, "edge_betweenness": 0.0, "width_m": 9.84}}, {"type": "Feature", "geometry": {"type": "LineString", "coordinates": [[85.835704, 20.287611], [85.835784, 20.287123]]}, "properties": {"feature_type": "edge", "u": 398, "v": 422, "edge_key": 0, "length_m": 57.314, "is_bridged": false, "is_bridge": false, "edge_betweenness": 0.0, "width_m": 8.382}}, {"type": "Feature", "geometry": {"type": "LineString", "coordinates": [[85.844284, 20.28765], [85.844571, 20.287669]]}, "properties": {"feature_type": "edge", "u": 399, "v": 400, "edge_key": 0, "length_m": 30.828, "is_bridged": false, "is_bridge": true, "edge_betweenness": 0.0, "width_m": 8.252}}, {"type": "Feature", "geometry": {"type": "LineString", "coordinates": [[85.844284, 20.28765], [85.844131, 20.287612], [85.843978, 20.287611], [85.843959, 20.287593], [85.843786, 20.287592], [85.843767, 20.287574], [85.843423, 20.287553], [85.843404, 20.287535], [85.843193, 20.287534]]}, "properties": {"feature_type": "edge", "u": 399, "v": 406, "edge_key": 0, "length_m": 118.614, "is_bridged": false, "is_bridge": false, "edge_betweenness": 0.0, "width_m": 8.135}}, {"type": "Feature", "geometry": {"type": "LineString", "coordinates": [[85.844284, 20.28765], [85.844364, 20.287108]]}, "properties": {"feature_type": "edge", "u": 399, "v": 426, "edge_key": 0, "length_m": 62.957, "is_bridged": false, "is_bridge": false, "edge_betweenness": 0.0, "width_m": 8.202}}, {"type": "Feature", "geometry": {"type": "LineString", "coordinates": [[85.826627, 20.287532], [85.826649, 20.287207], [85.826668, 20.287189], [85.82667, 20.286972], [85.826689, 20.286954], [85.82669, 20.286846], [85.826709, 20.286828], [85.82675, 20.286485], [85.826769, 20.286467]]}, "properties": {"feature_type": "edge", "u": 401, "v": 453, "edge_key": 0, "length_m": 123.799, "is_bridged": false, "is_bridge": true, "edge_betweenness": 0.0, "width_m": 8.128}}, {"type": "Feature", "geometry": {"type": "LineString", "coordinates": [[85.836624, 20.287563], [85.836646, 20.287201]]}, "properties": {"feature_type": "edge", "u": 402, "v": 420, "edge_key": 0, "length_m": 40.828, "is_bridged": false, "is_bridge": false, "edge_betweenness": 0.0, "width_m": 8.402}}, {"type": "Feature", "geometry": {"type": "LineString", "coordinates": [[85.835494, 20.287501], [85.835016, 20.287462], [85.834997, 20.287443]]}, "properties": {"feature_type": "edge", "u": 403, "v": 409, "edge_key": 0, "length_m": 54.485, "is_bridged": false, "is_bridge": false, "edge_betweenness": 0.0, "width_m": 8.453}}, {"type": "Feature", "geometry": {"type": "LineString", "coordinates": [[85.835494, 20.287501], [85.835555, 20.287104]]}, "properties": {"feature_type": "edge", "u": 403, "v": 423, "edge_key": 0, "length_m": 46.129, "is_bridged": false, "is_bridge": false, "edge_betweenness": 0.0, "width_m": 8.528}}, {"type": "Feature", "geometry": {"type": "LineString", "coordinates": [[85.826417, 20.287422], [85.826494, 20.287441]]}, "properties": {"feature_type": "edge", "u": 404, "v": 405, "edge_key": 0, "length_m": 8.828, "is_bridged": false, "is_bridge": false, "edge_betweenness": 0.0, "width_m": 6.65}}, {"type": "Feature", "geometry": {"type": "LineString", "coordinates": [[85.826417, 20.287422], [85.826437, 20.287296]]}, "properties": {"feature_type": "edge", "u": 404, "v": 411, "edge_key": 0, "length_m": 14.472, "is_bridged": false, "is_bridge": false, "edge_betweenness": 0.0, "width_m": 8.157}}, {"type": "Feature", "geometry": {"type": "LineString", "coordinates": [[85.826494, 20.287441], [85.826513, 20.287423], [85.826514, 20.287296]]}, "properties": {"feature_type": "edge", "u": 405, "v": 412, "edge_key": 0, "length_m": 16.828, "is_bridged": false, "is_bridge": false, "edge_betweenness": 0.0, "width_m": 8.354}}, {"type": "Feature", "geometry": {"type": "LineString", "coordinates": [[85.843193, 20.287534], [85.843457, 20.285512]]}, "properties": {"feature_type": "edge", "u": 406, "v": 487, "edge_key": 0, "length_m": 234.77, "is_bridged": false, "is_bridge": false, "edge_betweenness": 0.0, "width_m": 8.159}}, {"type": "Feature", "geometry": {"type": "LineString", "coordinates": [[85.839114, 20.287489], [85.837966, 20.287355]]}, "properties": {"feature_type": "edge", "u": 407, "v": 413, "edge_key": 0, "length_m": 125.799, "is_bridged": false, "is_bridge": false, "edge_betweenness": 0.0, "width_m": 8.24}}, {"type": "Feature", "geometry": {"type": "LineString", "coordinates": [[85.839114, 20.287489], [85.839137, 20.287037]]}, "properties": {"feature_type": "edge", "u": 407, "v": 430, "edge_key": 0, "length_m": 50.828, "is_bridged": false, "is_bridge": false, "edge_betweenness": 0.0, "width_m": 8.355}}, {"type": "Feature", "geometry": {"type": "LineString", "coordinates": [[85.84304, 20.287497], [85.842734, 20.287459]]}, "properties": {"feature_type": "edge", "u": 408, "v": 410, "edge_key": 0, "length_m": 33.301, "is_bridged": false, "is_bridge": false, "edge_betweenness": 0.0, "width_m": 8.505}}, {"type": "Feature", "geometry": {"type": "LineString", "coordinates": [[85.84304, 20.287497], [85.843059, 20.287479], [85.843101, 20.287082], [85.84312, 20.287064], [85.843162, 20.286594]]}, "properties": {"feature_type": "edge", "u": 408, "v": 448, "edge_key": 0, "length_m": 104.971, "is_bridged": false, "is_bridge": false, "edge_betweenness": 0.0, "width_m": 8.331}}, {"type": "Feature", "geometry": {"type": "LineString", "coordinates": [[85.834997, 20.287443], [85.834978, 20.287371], [85.834998, 20.287353], [85.834998, 20.287227], [85.835018, 20.287209], [85.835019, 20.287028]]}, "properties": {"feature_type": "edge", "u": 409, "v": 427, "edge_key": 0, "length_m": 48.485, "is_bridged": false, "is_bridge": false, "edge_betweenness": 0.0, "width_m": 8.441}}, {"type": "Feature", "geometry": {"type": "LineString", "coordinates": [[85.842734, 20.287459], [85.842581, 20.287458], [85.842562, 20.287439], [85.842428, 20.287438], [85.842409, 20.28742], [85.842255, 20.287419], [85.842236, 20.287401], [85.842102, 20.2874], [85.842083, 20.287382], [85.84193, 20.287381], [85.841911, 20.287363], [85.841777, 20.287362], [85.841758, 20.287344], [85.841299, 20.287305]]}, "properties": {"feature_type": "edge", "u": 410, "v": 415, "edge_key": 0, "length_m": 156.627, "is_bridged": false, "is_bridge": false, "edge_betweenness": 0.0, "width_m": 8.243}}, {"type": "Feature", "geometry": {"type": "LineString", "coordinates": [[85.842734, 20.287459], [85.842796, 20.286899], [85.842835, 20.286755], [85.842836, 20.286574]]}, "properties": {"feature_type": "edge", "u": 410, "v": 450, "edge_key": 0, "length_m": 102.142, "is_bridged": false, "is_bridge": false, "edge_betweenness": 0.0, "width_m": 8.226}}, {"type": "Feature", "geometry": {"type": "LineString", "coordinates": [[85.826437, 20.287296], [85.826514, 20.287296]]}, "properties": {"feature_type": "edge", "u": 411, "v": 412, "edge_key": 0, "length_m": 8.0, "is_bridged": false, "is_bridge": false, "edge_betweenness": 0.0, "width_m": 8.63}}, {"type": "Feature", "geometry": {"type": "LineString", "coordinates": [[85.826437, 20.287296], [85.826458, 20.287152]]}, "properties": {"feature_type": "edge", "u": 411, "v": 417, "edge_key": 0, "length_m": 16.828, "is_bridged": false, "is_bridge": false, "edge_betweenness": 0.0, "width_m": 8.135}}, {"type": "Feature", "geometry": {"type": "LineString", "coordinates": [[85.826514, 20.287296], [85.826533, 20.287278], [85.826534, 20.287152]]}, "properties": {"feature_type": "edge", "u": 412, "v": 418, "edge_key": 0, "length_m": 16.828, "is_bridged": false, "is_bridge": false, "edge_betweenness": 0.0, "width_m": 8.354}}, {"type": "Feature", "geometry": {"type": "LineString", "coordinates": [[85.837966, 20.287355], [85.837507, 20.287297]]}, "properties": {"feature_type": "edge", "u": 413, "v": 414, "edge_key": 0, "length_m": 50.485, "is_bridged": false, "is_bridge": false, "edge_betweenness": 0.0, "width_m": 8.322}}, {"type": "Feature", "geometry": {"type": "LineString", "coordinates": [[85.837966, 20.287355], [85.838008, 20.286903]]}, "properties": {"feature_type": "edge", "u": 413, "v": 434, "edge_key": 0, "length_m": 51.657, "is_bridged": false, "is_bridge": false, "edge_betweenness": 0.0, "width_m": 8.295}}, {"type": "Feature", "geometry": {"type": "LineString", "coordinates": [[85.837507, 20.287297], [85.837124, 20.287241]]}, "properties": {"feature_type": "edge", "u": 414, "v": 419, "edge_key": 0, "length_m": 42.485, "is_bridged": false, "is_bridge": false, "edge_betweenness": 0.0, "width_m": 8.149}}, {"type": "Feature", "geometry": {"type": "LineString", "coordinates": [[85.837507, 20.287297], [85.837548, 20.286954], [85.837567, 20.286936], [85.837568, 20.28681]]}, "properties": {"feature_type": "edge", "u": 414, "v": 438, "edge_key": 0, "length_m": 56.485, "is_bridged": false, "is_bridge": false, "edge_betweenness": 0.0, "width_m": 8.254}}, {"type": "Feature", "geometry": {"type": "LineString", "coordinates": [[85.841299, 20.287305], [85.841261, 20.287286], [85.841127, 20.287285], [85.841108, 20.287267], [85.840954, 20.287266], [85.840935, 20.287248], [85.840801, 20.287247], [85.840782, 20.287229], [85.840648, 20.287228], [85.840629, 20.28721], [85.840495, 20.287209], [85.840476, 20.287191], [85.840342, 20.28719], [85.840323, 20.287172], [85.840189, 20.287171], [85.84017, 20.287153], [85.840036, 20.287152], [85.840017, 20.287133], [85.839883, 20.287133], [85.839864, 20.287114], [85.839137, 20.287037]]}, "properties": {"feature_type": "edge", "u": 415, "v": 430, "edge_key": 0, "length_m": 237.242, "is_bridged": false, "is_bridge": false, "edge_betweenness": 0.0, "width_m": 8.186}}, {"type": "Feature", "geometry": {"type": "LineString", "coordinates": [[85.841299, 20.287305], [85.841341, 20.286799], [85.84136, 20.286781], [85.841361, 20.2866], [85.841381, 20.286582], [85.841382, 20.286402]]}, "properties": {"feature_type": "edge", "u": 415, "v": 460, "edge_key": 0, "length_m": 103.314, "is_bridged": false, "is_bridge": false, "edge_betweenness": 0.0, "width_m": 8.187}}, {"type": "Feature", "geometry": {"type": "LineString", "coordinates": [[85.828736, 20.287221], [85.829062, 20.287169], [85.829081, 20.287151], [85.82956, 20.287154]]}, "properties": {"feature_type": "edge", "u": 416, "v": 421, "edge_key": 0, "length_m": 89.314, "is_bridged": false, "is_bridge": true, "edge_betweenness": 0.0, "width_m": 8.165}}, {"type": "Feature", "geometry": {"type": "LineString", "coordinates": [[85.828736, 20.287221], [85.828721, 20.286715], [85.828702, 20.286679]]}, "properties": {"feature_type": "edge", "u": 416, "v": 440, "edge_key": 0, "length_m": 61.301, "is_bridged": false, "is_bridge": false, "edge_betweenness": 0.0, "width_m": 8.326}}, {"type": "Feature", "geometry": {"type": "LineString", "coordinates": [[85.826458, 20.287152], [85.826534, 20.287152]]}, "properties": {"feature_type": "edge", "u": 417, "v": 418, "edge_key": 0, "length_m": 8.0, "is_bridged": false, "is_bridge": false, "edge_betweenness": 0.0, "width_m": 8.315}}, {"type": "Feature", "geometry": {"type": "LineString", "coordinates": [[85.826458, 20.287152], [85.826478, 20.287007]]}, "properties": {"feature_type": "edge", "u": 417, "v": 424, "edge_key": 0, "length_m": 16.828, "is_bridged": false, "is_bridge": false, "edge_betweenness": 0.0, "width_m": 8.0}}, {"type": "Feature", "geometry": {"type": "LineString", "coordinates": [[85.826534, 20.287152], [85.826553, 20.287134], [85.826554, 20.287026]]}, "properties": {"feature_type": "edge", "u": 418, "v": 425, "edge_key": 0, "length_m": 14.828, "is_bridged": false, "is_bridge": false, "edge_betweenness": 0.0, "width_m": 8.354}}, {"type": "Feature", "geometry": {"type": "LineString", "coordinates": [[85.837124, 20.287241], [85.836856, 20.287221], [85.836837, 20.287203], [85.836646, 20.287201]]}, "properties": {"feature_type": "edge", "u": 419, "v": 420, "edge_key": 0, "length_m": 51.657, "is_bridged": false, "is_bridge": false, "edge_betweenness": 0.0, "width_m": 8.157}}, {"type": "Feature", "geometry": {"type": "LineString", "coordinates": [[85.837124, 20.287241], [85.837165, 20.286952], [85.837184, 20.286934], [85.837185, 20.286789]]}, "properties": {"feature_type": "edge", "u": 419, "v": 439, "edge_key": 0, "length_m": 52.485, "is_bridged": false, "is_bridge": false, "edge_betweenness": 0.0, "width_m": 8.236}}, {"type": "Feature", "geometry": {"type": "LineString", "coordinates": [[85.836646, 20.287201], [85.836608, 20.287183], [85.836435, 20.287182], [85.836416, 20.287164], [85.835784, 20.287123]]}, "properties": {"feature_type": "edge", "u": 420, "v": 422, "edge_key": 0, "length_m": 92.957, "is_bridged": false, "is_bridge": false, "edge_betweenness": 0.0, "width_m": 8.187}}, {"type": "Feature", "geometry": {"type": "LineString", "coordinates": [[85.836646, 20.287201], [85.836686, 20.286894], [85.836706, 20.286877], [85.836707, 20.286696]]}, "properties": {"feature_type": "edge", "u": 420, "v": 442, "edge_key": 0, "length_m": 58.485, "is_bridged": false, "is_bridge": false, "edge_betweenness": 0.0, "width_m": 8.309}}, {"type": "Feature", "geometry": {"type": "LineString", "coordinates": [[85.835784, 20.287123], [85.835555, 20.287104]]}, "properties": {"feature_type": "edge", "u": 422, "v": 423, "edge_key": 0, "length_m": 24.325, "is_bridged": false, "is_bridge": false, "edge_betweenness": 0.0, "width_m": 8.663}}, {"type": "Feature", "geometry": {"type": "LineString", "coordinates": [[85.835784, 20.287123], [85.835824, 20.286979], [85.835845, 20.286744], [85.835864, 20.286726], [85.835865, 20.2866]]}, "properties": {"feature_type": "edge", "u": 422, "v": 446, "edge_key": 0, "length_m": 60.957, "is_bridged": false, "is_bridge": false, "edge_betweenness": 0.0, "width_m": 8.372}}, {"type": "Feature", "geometry": {"type": "LineString", "coordinates": [[85.835555, 20.287104], [85.835211, 20.287047]]}, "properties": {"feature_type": "edge", "u": 423, "v": 428, "edge_key": 0, "length_m": 38.485, "is_bridged": false, "is_bridge": false, "edge_betweenness": 0.0, "width_m": 8.362}}, {"type": "Feature", "geometry": {"type": "LineString", "coordinates": [[85.835555, 20.287104], [85.835595, 20.286851], [85.835614, 20.286833], [85.835635, 20.286598]]}, "properties": {"feature_type": "edge", "u": 423, "v": 445, "edge_key": 0, "length_m": 58.957, "is_bridged": false, "is_bridge": false, "edge_betweenness": 0.0, "width_m": 8.543}}, {"type": "Feature", "geometry": {"type": "LineString", "coordinates": [[85.826478, 20.287007], [85.826554, 20.287026]]}, "properties": {"feature_type": "edge", "u": 424, "v": 425, "edge_key": 0, "length_m": 8.828, "is_bridged": false, "is_bridge": false, "edge_betweenness": 0.0, "width_m": 6.65}}, {"type": "Feature", "geometry": {"type": "LineString", "coordinates": [[85.826478, 20.287007], [85.826498, 20.286863]]}, "properties": {"feature_type": "edge", "u": 424, "v": 432, "edge_key": 0, "length_m": 16.828, "is_bridged": false, "is_bridge": false, "edge_betweenness": 0.0, "width_m": 8.0}}, {"type": "Feature", "geometry": {"type": "LineString", "coordinates": [[85.826554, 20.287026], [85.826574, 20.287008], [85.826574, 20.286881]]}, "properties": {"feature_type": "edge", "u": 425, "v": 433, "edge_key": 0, "length_m": 16.828, "is_bridged": false, "is_bridge": false, "edge_betweenness": 0.0, "width_m": 8.315}}, {"type": "Feature", "geometry": {"type": "LineString", "coordinates": [[85.844364, 20.287108], [85.844537, 20.287109], [85.844556, 20.287127], [85.844594, 20.287109]]}, "properties": {"feature_type": "edge", "u": 426, "v": 429, "edge_key": 0, "length_m": 25.657, "is_bridged": false, "is_bridge": true, "edge_betweenness": 0.0, "width_m": 7.962}}, {"type": "Feature", "geometry": {"type": "LineString", "coordinates": [[85.844364, 20.287108], [85.844446, 20.286422], [85.844465, 20.286404], [85.844466, 20.286259], [85.844487, 20.286115], [85.844506, 20.286097], [85.844527, 20.285826], [85.844546, 20.285808], [85.844548, 20.285646], [85.844509, 20.285627]]}, "properties": {"feature_type": "edge", "u": 426, "v": 485, "edge_key": 0, "length_m": 173.572, "is_bridged": false, "is_bridge": false, "edge_betweenness": 0.0, "width_m": 8.14}}, {"type": "Feature", "geometry": {"type": "LineString", "coordinates": [[85.835019, 20.287028], [85.835211, 20.287047]]}, "properties": {"feature_type": "edge", "u": 427, "v": 428, "edge_key": 0, "length_m": 20.828, "is_bridged": false, "is_bridge": false, "edge_betweenness": 0.0, "width_m": 8.578}}, {"type": "Feature", "geometry": {"type": "LineString", "coordinates": [[85.835019, 20.287028], [85.834981, 20.28701], [85.834675, 20.287008], [85.834636, 20.286989]]}, "properties": {"feature_type": "edge", "u": 427, "v": 431, "edge_key": 0, "length_m": 40.944, "is_bridged": false, "is_bridge": false, "edge_betweenness": 0.0, "width_m": 8.796}}, {"type": "Feature", "geometry": {"type": "LineString", "coordinates": [[85.835211, 20.287047], [85.835252, 20.28656]]}, "properties": {"feature_type": "edge", "u": 428, "v": 447, "edge_key": 0, "length_m": 55.657, "is_bridged": false, "is_bridge": false, "edge_betweenness": 0.0, "width_m": 8.273}}, {"type": "Feature", "geometry": {"type": "LineString", "coordinates": [[85.839137, 20.287037], [85.839098, 20.287019], [85.838964, 20.287018], [85.838945, 20.287], [85.838811, 20.286999], [85.838792, 20.286981], [85.838658, 20.28698], [85.838639, 20.286962], [85.838505, 20.286961], [85.838486, 20.286943], [85.838352, 20.286942], [85.838333, 20.286923], [85.838199, 20.286923], [85.83818, 20.286904], [85.838008, 20.286903]]}, "properties": {"feature_type": "edge", "u": 430, "v": 434, "edge_key": 0, "length_m": 123.443, "is_bridged": false, "is_bridge": false, "edge_betweenness": 0.0, "width_m": 8.204}}, {"type": "Feature", "geometry": {"type": "LineString", "coordinates": [[85.839137, 20.287037], [85.839217, 20.286514]]}, "properties": {"feature_type": "edge", "u": 430, "v": 455, "edge_key": 0, "length_m": 60.957, "is_bridged": false, "is_bridge": false, "edge_betweenness": 0.0, "width_m": 8.298}}, {"type": "Feature", "geometry": {"type": "LineString", "coordinates": [[85.834636, 20.286989], [85.834678, 20.28661], [85.834717, 20.28652]]}, "properties": {"feature_type": "edge", "u": 431, "v": 449, "edge_key": 0, "length_m": 54.957, "is_bridged": false, "is_bridge": false, "edge_betweenness": 0.0, "width_m": 15.888}}, {"type": "Feature", "geometry": {"type": "LineString", "coordinates": [[85.826498, 20.286863], [85.826574, 20.286881]]}, "properties": {"feature_type": "edge", "u": 432, "v": 433, "edge_key": 0, "length_m": 8.828, "is_bridged": false, "is_bridge": false, "edge_betweenness": 0.0, "width_m": 6.65}}, {"type": "Feature", "geometry": {"type": "LineString", "coordinates": [[85.826498, 20.286863], [85.826518, 20.286736]]}, "properties": {"feature_type": "edge", "u": 432, "v": 436, "edge_key": 0, "length_m": 14.828, "is_bridged": false, "is_bridge": false, "edge_betweenness": 0.0, "width_m": 8.0}}, {"type": "Feature", "geometry": {"type": "LineString", "coordinates": [[85.826574, 20.286881], [85.826594, 20.286863], [85.826595, 20.286755]]}, "properties": {"feature_type": "edge", "u": 433, "v": 437, "edge_key": 0, "length_m": 14.828, "is_bridged": false, "is_bridge": false, "edge_betweenness": 0.0, "width_m": 8.354}}, {"type": "Feature", "geometry": {"type": "LineString", "coordinates": [[85.838008, 20.286903], [85.837912, 20.286866]]}, "properties": {"feature_type": "edge", "u": 434, "v": 435, "edge_key": 0, "length_m": 11.301, "is_bridged": false, "is_bridge": false, "edge_betweenness": 0.0, "width_m": 9.04}}, {"type": "Feature", "geometry": {"type": "LineString", "coordinates": [[85.837912, 20.286866], [85.837816, 20.286866], [85.837568, 20.28681]]}, "properties": {"feature_type": "edge", "u": 435, "v": 438, "edge_key": 0, "length_m": 38.129, "is_bridged": false, "is_bridge": false, "edge_betweenness": 0.0, "width_m": 8.417}}, {"type": "Feature", "geometry": {"type": "LineString", "coordinates": [[85.837912, 20.286866], [85.837933, 20.286596], [85.837972, 20.286524], [85.83803, 20.286524]]}, "properties": {"feature_type": "edge", "u": 435, "v": 454, "edge_key": 0, "length_m": 46.485, "is_bridged": false, "is_bridge": true, "edge_betweenness": 0.0, "width_m": 8.516}}, {"type": "Feature", "geometry": {"type": "LineString", "coordinates": [[85.826518, 20.286736], [85.826595, 20.286755]]}, "properties": {"feature_type": "edge", "u": 436, "v": 437, "edge_key": 0, "length_m": 8.828, "is_bridged": false, "is_bridge": false, "edge_betweenness": 0.0, "width_m": 6.65}}, {"type": "Feature", "geometry": {"type": "LineString", "coordinates": [[85.826518, 20.286736], [85.826538, 20.286592]]}, "properties": {"feature_type": "edge", "u": 436, "v": 443, "edge_key": 0, "length_m": 16.828, "is_bridged": false, "is_bridge": false, "edge_betweenness": 0.0, "width_m": 8.0}}, {"type": "Feature", "geometry": {"type": "LineString", "coordinates": [[85.826595, 20.286755], [85.826614, 20.286737], [85.826615, 20.28661]]}, "properties": {"feature_type": "edge", "u": 437, "v": 444, "edge_key": 0, "length_m": 16.828, "is_bridged": false, "is_bridge": false, "edge_betweenness": 0.0, "width_m": 8.315}}, {"type": "Feature", "geometry": {"type": "LineString", "coordinates": [[85.837568, 20.28681], [85.837185, 20.286789]]}, "properties": {"feature_type": "edge", "u": 438, "v": 439, "edge_key": 0, "length_m": 40.828, "is_bridged": false, "is_bridge": false, "edge_betweenness": 0.0, "width_m": 8.248}}, {"type": "Feature", "geometry": {"type": "LineString", "coordinates": [[85.837568, 20.28681], [85.837607, 20.28672], [85.837627, 20.286539], [85.837706, 20.286233], [85.837841, 20.286107], [85.837937, 20.286108], [85.838167, 20.286055], [85.83832, 20.286056], [85.83834, 20.286038], [85.83857, 20.28604], [85.838684, 20.286077], [85.838855, 20.286258], [85.839181, 20.286261], [85.839238, 20.286243]]}, "properties": {"feature_type": "edge", "u": 438, "v": 462, "edge_key": 0, "length_m": 251.164, "is_bridged": false, "is_bridge": false, "edge_betweenness": 0.0, "width_m": 8.363}}, {"type": "Feature", "geometry": {"type": "LineString", "coordinates": [[85.837185, 20.286789], [85.837109, 20.286753], [85.836707, 20.286696]]}, "properties": {"feature_type": "edge", "u": 439, "v": 442, "edge_key": 0, "length_m": 53.786, "is_bridged": false, "is_bridge": false, "edge_betweenness": 0.0, "width_m": 8.397}}, {"type": "Feature", "geometry": {"type": "LineString", "coordinates": [[85.828702, 20.286679], [85.828185, 20.286675], [85.828127, 20.286657]]}, "properties": {"feature_type": "edge", "u": 440, "v": 441, "edge_key": 0, "length_m": 60.828, "is_bridged": false, "is_bridge": true, "edge_betweenness": 0.0, "width_m": 8.009}}, {"type": "Feature", "geometry": {"type": "LineString", "coordinates": [[85.828702, 20.286679], [85.828685, 20.286426], [85.828553, 20.286081]]}, "properties": {"feature_type": "edge", "u": 440, "v": 469, "edge_key": 0, "length_m": 72.271, "is_bridged": false, "is_bridge": false, "edge_betweenness": 0.0, "width_m": 8.603}}, {"type": "Feature", "geometry": {"type": "LineString", "coordinates": [[85.836707, 20.286696], [85.836343, 20.286657], [85.836324, 20.286639], [85.836018, 20.286619], [85.835999, 20.286601], [85.835865, 20.2866]]}, "properties": {"feature_type": "edge", "u": 442, "v": 446, "edge_key": 0, "length_m": 92.142, "is_bridged": false, "is_bridge": false, "edge_betweenness": 0.0, "width_m": 8.286}}, {"type": "Feature", "geometry": {"type": "LineString", "coordinates": [[85.826538, 20.286592], [85.826615, 20.28661]]}, "properties": {"feature_type": "edge", "u": 443, "v": 444, "edge_key": 0, "length_m": 8.828, "is_bridged": false, "is_bridge": false, "edge_betweenness": 0.0, "width_m": 6.65}}, {"type": "Feature", "geometry": {"type": "LineString", "coordinates": [[85.826538, 20.286592], [85.826559, 20.286447]]}, "properties": {"feature_type": "edge", "u": 443, "v": 451, "edge_key": 0, "length_m": 16.828, "is_bridged": false, "is_bridge": false, "edge_betweenness": 0.0, "width_m": 8.0}}, {"type": "Feature", "geometry": {"type": "LineString", "coordinates": [[85.826615, 20.28661], [85.826634, 20.286593], [85.826635, 20.286466]]}, "properties": {"feature_type": "edge", "u": 444, "v": 452, "edge_key": 0, "length_m": 16.828, "is_bridged": false, "is_bridge": false, "edge_betweenness": 0.0, "width_m": 8.315}}, {"type": "Feature", "geometry": {"type": "LineString", "coordinates": [[85.835635, 20.286598], [85.835616, 20.28658], [85.835252, 20.28656]]}, "properties": {"feature_type": "edge", "u": 445, "v": 447, "edge_key": 0, "length_m": 41.657, "is_bridged": false, "is_bridge": false, "edge_betweenness": 0.0, "width_m": 8.473}}, {"type": "Feature", "geometry": {"type": "LineString", "coordinates": [[85.835635, 20.286598], [85.835865, 20.2866]]}, "properties": {"feature_type": "edge", "u": 445, "v": 446, "edge_key": 0, "length_m": 24.0, "is_bridged": false, "is_bridge": false, "edge_betweenness": 0.0, "width_m": 8.688}}, {"type": "Feature", "geometry": {"type": "LineString", "coordinates": [[85.835252, 20.28656], [85.835157, 20.286559], [85.835138, 20.286541], [85.834755, 20.286538], [85.834717, 20.28652]]}, "properties": {"feature_type": "edge", "u": 447, "v": 449, "edge_key": 0, "length_m": 57.301, "is_bridged": false, "is_bridge": false, "edge_betweenness": 0.0, "width_m": 8.525}}, {"type": "Feature", "geometry": {"type": "LineString", "coordinates": [[85.843162, 20.286594], [85.842836, 20.286574]]}, "properties": {"feature_type": "edge", "u": 448, "v": 450, "edge_key": 0, "length_m": 34.828, "is_bridged": false, "is_bridge": false, "edge_betweenness": 0.0, "width_m": 8.384}}, {"type": "Feature", "geometry": {"type": "LineString", "coordinates": [[85.843162, 20.286594], [85.843201, 20.286468], [85.843202, 20.286323], [85.843221, 20.286305], [85.843222, 20.286179], [85.843242, 20.286161], [85.843242, 20.286034], [85.843262, 20.286016], [85.843323, 20.285511]]}, "properties": {"feature_type": "edge", "u": 448, "v": 490, "edge_key": 0, "length_m": 126.627, "is_bridged": false, "is_bridge": false, "edge_betweenness": 0.0, "width_m": 8.252}}, {"type": "Feature", "geometry": {"type": "LineString", "coordinates": [[85.834717, 20.28652], [85.834219, 20.286517], [85.834199, 20.286535], [85.834123, 20.286534], [85.834104, 20.286516], [85.833472, 20.286512], [85.833453, 20.286494], [85.833261, 20.286492], [85.833242, 20.286474], [85.832764, 20.286435], [85.832745, 20.286417], [85.832055, 20.286394], [85.832036, 20.286376], [85.831902, 20.286375], [85.831769, 20.286338], [85.831348, 20.286299], [85.831329, 20.286281], [85.830659, 20.286186], [85.830372, 20.286112], [85.829856, 20.286054], [85.829703, 20.285999], [85.829492, 20.285997], [85.829473, 20.285979], [85.828956, 20.285994], [85.828937, 20.286012], [85.82863, 20.286046], [85.828553, 20.286081]]}, "properties": {"feature_type": "edge", "u": 449, "v": 469, "edge_key": 0, "length_m": 673.467, "is_bridged": false, "is_bridge": true, "edge_betweenness": 0.0, "width_m": 8.18}}, {"type": "Feature", "geometry": {"type": "LineString", "coordinates": [[85.834717, 20.28652], [85.834738, 20.286195], [85.834757, 20.286177], [85.834758, 20.286069], [85.834797, 20.285942], [85.834798, 20.285834], [85.834818, 20.285816], [85.834818, 20.285708], [85.834858, 20.285581], [85.834858, 20.285473], [85.834878, 20.285455], [85.834878, 20.285347], [85.834898, 20.285329], [85.834899, 20.28522], [85.834918, 20.285202], [85.834978, 20.284805]]}, "properties": {"feature_type": "edge", "u": 449, "v": 506, "edge_key": 0, "length_m": 200.77, "is_bridged": false, "is_bridge": true, "edge_betweenness": 0.0, "width_m": 14.478}}, {"type": "Feature", "geometry": {"type": "LineString", "coordinates": [[85.842836, 20.286574], [85.842683, 20.286537], [85.842033, 20.286478], [85.84188, 20.286441]]}, "properties": {"feature_type": "edge", "u": 450, "v": 457, "edge_key": 0, "length_m": 105.799, "is_bridged": false, "is_bridge": false, "edge_betweenness": 0.0, "width_m": 8.227}}, {"type": "Feature", "geometry": {"type": "LineString", "coordinates": [[85.826559, 20.286447], [85.826635, 20.286466]]}, "properties": {"feature_type": "edge", "u": 451, "v": 452, "edge_key": 0, "length_m": 8.828, "is_bridged": false, "is_bridge": false, "edge_betweenness": 0.0, "width_m": 6.65}}, {"type": "Feature", "geometry": {"type": "LineString", "coordinates": [[85.826559, 20.286447], [85.826579, 20.286303]]}, "properties": {"feature_type": "edge", "u": 451, "v": 458, "edge_key": 0, "length_m": 16.828, "is_bridged": false, "is_bridge": false, "edge_betweenness": 0.0, "width_m": 8.0}}, {"type": "Feature", "geometry": {"type": "LineString", "coordinates": [[85.826635, 20.286466], [85.826654, 20.286448], [85.826655, 20.286322]]}, "properties": {"feature_type": "edge", "u": 452, "v": 459, "edge_key": 0, "length_m": 16.828, "is_bridged": false, "is_bridge": false, "edge_betweenness": 0.0, "width_m": 8.315}}, {"type": "Feature", "geometry": {"type": "LineString", "coordinates": [[85.839217, 20.286514], [85.840366, 20.286521], [85.840405, 20.286504]]}, "properties": {"feature_type": "edge", "u": 455, "v": 456, "edge_key": 0, "length_m": 124.828, "is_bridged": false, "is_bridge": true, "edge_betweenness": 0.0, "width_m": 7.977}}, {"type": "Feature", "geometry": {"type": "LineString", "coordinates": [[85.839217, 20.286514], [85.839219, 20.286297], [85.839238, 20.286243]]}, "properties": {"feature_type": "edge", "u": 455, "v": 462, "edge_key": 0, "length_m": 30.325, "is_bridged": false, "is_bridge": false, "edge_betweenness": 0.0, "width_m": 8.4}}, {"type": "Feature", "geometry": {"type": "LineString", "coordinates": [[85.84188, 20.286441], [85.841707, 20.28644], [85.841688, 20.286422], [85.841554, 20.286421], [85.841516, 20.286402]]}, "properties": {"feature_type": "edge", "u": 457, "v": 461, "edge_key": 0, "length_m": 39.301, "is_bridged": false, "is_bridge": false, "edge_betweenness": 0.0, "width_m": 8.511}}, {"type": "Feature", "geometry": {"type": "LineString", "coordinates": [[85.84188, 20.286441], [85.841881, 20.286206], [85.841806, 20.286079], [85.841731, 20.285862]]}, "properties": {"feature_type": "edge", "u": 457, "v": 477, "edge_key": 0, "length_m": 70.627, "is_bridged": false, "is_bridge": true, "edge_betweenness": 0.0, "width_m": 8.538}}, {"type": "Feature", "geometry": {"type": "LineString", "coordinates": [[85.826579, 20.286303], [85.826655, 20.286322]]}, "properties": {"feature_type": "edge", "u": 458, "v": 459, "edge_key": 0, "length_m": 8.828, "is_bridged": false, "is_bridge": false, "edge_betweenness": 0.0, "width_m": 6.65}}, {"type": "Feature", "geometry": {"type": "LineString", "coordinates": [[85.826579, 20.286303], [85.826599, 20.286159]]}, "properties": {"feature_type": "edge", "u": 458, "v": 463, "edge_key": 0, "length_m": 16.828, "is_bridged": false, "is_bridge": false, "edge_betweenness": 0.0, "width_m": 8.0}}, {"type": "Feature", "geometry": {"type": "LineString", "coordinates": [[85.826655, 20.286322], [85.826675, 20.286304], [85.826676, 20.286177]]}, "properties": {"feature_type": "edge", "u": 459, "v": 464, "edge_key": 0, "length_m": 16.828, "is_bridged": false, "is_bridge": false, "edge_betweenness": 0.0, "width_m": 8.315}}, {"type": "Feature", "geometry": {"type": "LineString", "coordinates": [[85.841382, 20.286402], [85.841516, 20.286402]]}, "properties": {"feature_type": "edge", "u": 460, "v": 461, "edge_key": 0, "length_m": 14.0, "is_bridged": false, "is_bridge": false, "edge_betweenness": 0.0, "width_m": 8.71}}, {"type": "Feature", "geometry": {"type": "LineString", "coordinates": [[85.841382, 20.286402], [85.841384, 20.286185], [85.841346, 20.286148], [85.840867, 20.286181], [85.840791, 20.28609], [85.840676, 20.28609], [85.840369, 20.28616], [85.840254, 20.286159]]}, "properties": {"feature_type": "edge", "u": 460, "v": 470, "edge_key": 0, "length_m": 153.941, "is_bridged": false, "is_bridge": true, "edge_betweenness": 0.0, "width_m": 8.236}}, {"type": "Feature", "geometry": {"type": "LineString", "coordinates": [[85.841516, 20.286402], [85.841501, 20.285878], [85.841482, 20.28586], [85.841464, 20.285715], [85.841426, 20.285679]]}, "properties": {"feature_type": "edge", "u": 461, "v": 483, "edge_key": 0, "length_m": 84.142, "is_bridged": false, "is_bridge": false, "edge_betweenness": 0.0, "width_m": 8.248}}, {"type": "Feature", "geometry": {"type": "LineString", "coordinates": [[85.839238, 20.286243], [85.839928, 20.286247]]}, "properties": {"feature_type": "edge", "u": 462, "v": 465, "edge_key": 0, "length_m": 72.0, "is_bridged": false, "is_bridge": true, "edge_betweenness": 0.0, "width_m": 8.092}}, {"type": "Feature", "geometry": {"type": "LineString", "coordinates": [[85.839238, 20.286243], [85.83924, 20.285954]]}, "properties": {"feature_type": "edge", "u": 462, "v": 473, "edge_key": 0, "length_m": 32.0, "is_bridged": false, "is_bridge": false, "edge_betweenness": 0.0, "width_m": 8.221}}, {"type": "Feature", "geometry": {"type": "LineString", "coordinates": [[85.826599, 20.286159], [85.826676, 20.286177]]}, "properties": {"feature_type": "edge", "u": 463, "v": 464, "edge_key": 0, "length_m": 8.828, "is_bridged": false, "is_bridge": false, "edge_betweenness": 0.0, "width_m": 6.65}}, {"type": "Feature", "geometry": {"type": "LineString", "coordinates": [[85.826599, 20.286159], [85.826619, 20.286014]]}, "properties": {"feature_type": "edge", "u": 463, "v": 471, "edge_key": 0, "length_m": 16.472, "is_bridged": false, "is_bridge": false, "edge_betweenness": 0.0, "width_m": 8.135}}, {"type": "Feature", "geometry": {"type": "LineString", "coordinates": [[85.826676, 20.286177], [85.826695, 20.286159], [85.826696, 20.286015]]}, "properties": {"feature_type": "edge", "u": 464, "v": 472, "edge_key": 0, "length_m": 18.828, "is_bridged": false, "is_bridge": false, "edge_betweenness": 0.0, "width_m": 7.949}}, {"type": "Feature", "geometry": {"type": "LineString", "coordinates": [[85.828284, 20.286152], [85.828553, 20.286081]]}, "properties": {"feature_type": "edge", "u": 466, "v": 469, "edge_key": 0, "length_m": 30.957, "is_bridged": false, "is_bridge": true, "edge_betweenness": 0.0, "width_m": 8.804}}, {"type": "Feature", "geometry": {"type": "LineString", "coordinates": [[85.828553, 20.286081], [85.828496, 20.285991], [85.828363, 20.285863], [85.828135, 20.285699], [85.827867, 20.285625], [85.827676, 20.285624]]}, "properties": {"feature_type": "edge", "u": 469, "v": 480, "edge_key": 0, "length_m": 115.054, "is_bridged": false, "is_bridge": false, "edge_betweenness": 0.0, "width_m": 8.802}}, {"type": "Feature", "geometry": {"type": "LineString", "coordinates": [[85.826619, 20.286014], [85.826696, 20.286015]]}, "properties": {"feature_type": "edge", "u": 471, "v": 472, "edge_key": 0, "length_m": 8.0, "is_bridged": false, "is_bridge": false, "edge_betweenness": 0.0, "width_m": 6.2}}, {"type": "Feature", "geometry": {"type": "LineString", "coordinates": [[85.826619, 20.286014], [85.82664, 20.285852]]}, "properties": {"feature_type": "edge", "u": 471, "v": 474, "edge_key": 0, "length_m": 18.828, "is_bridged": false, "is_bridge": false, "edge_betweenness": 0.0, "width_m": 8.118}}, {"type": "Feature", "geometry": {"type": "LineString", "coordinates": [[85.826696, 20.286015], [85.826715, 20.285997], [85.826716, 20.28587]]}, "properties": {"feature_type": "edge", "u": 472, "v": 475, "edge_key": 0, "length_m": 16.828, "is_bridged": false, "is_bridge": false, "edge_betweenness": 0.0, "width_m": 7.845}}, {"type": "Feature", "geometry": {"type": "LineString", "coordinates": [[85.83924, 20.285954], [85.839068, 20.285953], [85.839049, 20.285971], [85.838991, 20.285952]]}, "properties": {"feature_type": "edge", "u": 473, "v": 476, "edge_key": 0, "length_m": 27.657, "is_bridged": false, "is_bridge": true, "edge_betweenness": 0.0, "width_m": 7.765}}, {"type": "Feature", "geometry": {"type": "LineString", "coordinates": [[85.83924, 20.285954], [85.839758, 20.285903], [85.83995, 20.28576], [85.840161, 20.285761], [85.84018, 20.285743], [85.840182, 20.28549], [85.840278, 20.285437], [85.840527, 20.285438], [85.840547, 20.28542], [85.840911, 20.285387], [85.840949, 20.285441], [85.841005, 20.285622], [85.841081, 20.285713], [85.841138, 20.285731], [85.841157, 20.285713], [85.841426, 20.285679]]}, "properties": {"feature_type": "edge", "u": 473, "v": 483, "edge_key": 0, "length_m": 299.681, "is_bridged": false, "is_bridge": false, "edge_betweenness": 0.0, "width_m": 8.333}}, {"type": "Feature", "geometry": {"type": "LineString", "coordinates": [[85.82664, 20.285852], [85.826716, 20.28587]]}, "properties": {"feature_type": "edge", "u": 474, "v": 475, "edge_key": 0, "length_m": 8.828, "is_bridged": false, "is_bridge": false, "edge_betweenness": 0.0, "width_m": 6.65}}, {"type": "Feature", "geometry": {"type": "LineString", "coordinates": [[85.82664, 20.285852], [85.82666, 20.285707]]}, "properties": {"feature_type": "edge", "u": 474, "v": 478, "edge_key": 0, "length_m": 16.472, "is_bridged": false, "is_bridge": false, "edge_betweenness": 0.0, "width_m": 8.135}}, {"type": "Feature", "geometry": {"type": "LineString", "coordinates": [[85.826716, 20.28587], [85.826735, 20.285852], [85.826737, 20.285708]]}, "properties": {"feature_type": "edge", "u": 475, "v": 479, "edge_key": 0, "length_m": 18.828, "is_bridged": false, "is_bridge": false, "edge_betweenness": 0.0, "width_m": 7.949}}, {"type": "Feature", "geometry": {"type": "LineString", "coordinates": [[85.82666, 20.285707], [85.826737, 20.285708]]}, "properties": {"feature_type": "edge", "u": 478, "v": 479, "edge_key": 0, "length_m": 8.0, "is_bridged": false, "is_bridge": false, "edge_betweenness": 0.0, "width_m": 6.2}}, {"type": "Feature", "geometry": {"type": "LineString", "coordinates": [[85.82666, 20.285707], [85.826661, 20.285581]]}, "properties": {"feature_type": "edge", "u": 478, "v": 481, "edge_key": 0, "length_m": 14.0, "is_bridged": false, "is_bridge": false, "edge_betweenness": 0.0, "width_m": 8.71}}, {"type": "Feature", "geometry": {"type": "LineString", "coordinates": [[85.826737, 20.285708], [85.826756, 20.28569], [85.826757, 20.285563]]}, "properties": {"feature_type": "edge", "u": 479, "v": 482, "edge_key": 0, "length_m": 16.828, "is_bridged": false, "is_bridge": false, "edge_betweenness": 0.0, "width_m": 7.943}}, {"type": "Feature", "geometry": {"type": "LineString", "coordinates": [[85.827676, 20.285624], [85.827541, 20.285623], [85.827522, 20.285605], [85.826871, 20.2856], [85.826757, 20.285563]]}, "properties": {"feature_type": "edge", "u": 480, "v": 482, "edge_key": 0, "length_m": 98.129, "is_bridged": false, "is_bridge": false, "edge_betweenness": 0.0, "width_m": 8.151}}, {"type": "Feature", "geometry": {"type": "LineString", "coordinates": [[85.826661, 20.285581], [85.826297, 20.285542]]}, "properties": {"feature_type": "edge", "u": 481, "v": 484, "edge_key": 0, "length_m": 39.657, "is_bridged": false, "is_bridge": false, "edge_betweenness": 0.0, "width_m": 8.289}}, {"type": "Feature", "geometry": {"type": "LineString", "coordinates": [[85.826661, 20.285581], [85.826757, 20.285563]]}, "properties": {"feature_type": "edge", "u": 481, "v": 482, "edge_key": 0, "length_m": 10.325, "is_bridged": false, "is_bridge": false, "edge_betweenness": 0.0, "width_m": 9.734}}, {"type": "Feature", "geometry": {"type": "LineString", "coordinates": [[85.826661, 20.285581], [85.826701, 20.2854]]}, "properties": {"feature_type": "edge", "u": 481, "v": 488, "edge_key": 0, "length_m": 20.944, "is_bridged": false, "is_bridge": false, "edge_betweenness": 0.0, "width_m": 8.578}}, {"type": "Feature", "geometry": {"type": "LineString", "coordinates": [[85.826757, 20.285563], [85.826776, 20.285527], [85.826777, 20.285401]]}, "properties": {"feature_type": "edge", "u": 482, "v": 489, "edge_key": 0, "length_m": 18.472, "is_bridged": false, "is_bridge": false, "edge_betweenness": 0.0, "width_m": 7.825}}, {"type": "Feature", "geometry": {"type": "LineString", "coordinates": [[85.841426, 20.285679], [85.841427, 20.285498], [85.841408, 20.28548], [85.841428, 20.285426]]}, "properties": {"feature_type": "edge", "u": 483, "v": 491, "edge_key": 0, "length_m": 29.657, "is_bridged": false, "is_bridge": true, "edge_betweenness": 0.0, "width_m": 8.202}}, {"type": "Feature", "geometry": {"type": "LineString", "coordinates": [[85.826297, 20.285542], [85.82557, 20.285501], [85.825436, 20.285464]]}, "properties": {"feature_type": "edge", "u": 484, "v": 486, "edge_key": 0, "length_m": 93.314, "is_bridged": false, "is_bridge": true, "edge_betweenness": 0.0, "width_m": 8.105}}, {"type": "Feature", "geometry": {"type": "LineString", "coordinates": [[85.826297, 20.285542], [85.826281, 20.285217], [85.826243, 20.285144], [85.826206, 20.284927]]}, "properties": {"feature_type": "edge", "u": 484, "v": 499, "edge_key": 0, "length_m": 72.142, "is_bridged": false, "is_bridge": false, "edge_betweenness": 0.0, "width_m": 8.329}}, {"type": "Feature", "geometry": {"type": "LineString", "coordinates": [[85.844509, 20.285627], [85.844031, 20.285588], [85.844012, 20.28557], [85.84384, 20.285569], [85.843821, 20.28555], [85.843648, 20.285549], [85.843629, 20.285531], [85.843495, 20.28553], [85.843457, 20.285512]]}, "properties": {"feature_type": "edge", "u": 485, "v": 487, "edge_key": 0, "length_m": 114.614, "is_bridged": false, "is_bridge": false, "edge_betweenness": 0.0, "width_m": 8.201}}, {"type": "Feature", "geometry": {"type": "LineString", "coordinates": [[85.844509, 20.285627], [85.844534, 20.284923], [85.843729, 20.284972]]}, "properties": {"feature_type": "edge", "u": 485, "v": 503, "edge_key": 0, "length_m": 165.314, "is_bridged": false, "is_bridge": true, "edge_betweenness": 0.0, "width_m": 8.142}}, {"type": "Feature", "geometry": {"type": "LineString", "coordinates": [[85.843457, 20.285512], [85.843323, 20.285511]]}, "properties": {"feature_type": "edge", "u": 487, "v": 490, "edge_key": 0, "length_m": 14.0, "is_bridged": false, "is_bridge": false, "edge_betweenness": 0.0, "width_m": 8.71}}, {"type": "Feature", "geometry": {"type": "LineString", "coordinates": [[85.843457, 20.285512], [85.843498, 20.285169], [85.843517, 20.285151], [85.843538, 20.284862], [85.843558, 20.284844], [85.843559, 20.284717], [85.843578, 20.284699], [85.843579, 20.284573], [85.843598, 20.284555], [85.843639, 20.284212], [85.843658, 20.284194]]}, "properties": {"feature_type": "edge", "u": 487, "v": 533, "edge_key": 0, "length_m": 154.284, "is_bridged": false, "is_bridge": true, "edge_betweenness": 0.0, "width_m": 8.22}}, {"type": "Feature", "geometry": {"type": "LineString", "coordinates": [[85.826701, 20.2854], [85.826777, 20.285401]]}, "properties": {"feature_type": "edge", "u": 488, "v": 489, "edge_key": 0, "length_m": 8.0, "is_bridged": false, "is_bridge": false, "edge_betweenness": 0.0, "width_m": 6.2}}, {"type": "Feature", "geometry": {"type": "LineString", "coordinates": [[85.826701, 20.2854], [85.826764, 20.284642], [85.826783, 20.284624], [85.826784, 20.284425]]}, "properties": {"feature_type": "edge", "u": 488, "v": 515, "edge_key": 0, "length_m": 111.314, "is_bridged": false, "is_bridge": false, "edge_betweenness": 0.0, "width_m": 8.125}}, {"type": "Feature", "geometry": {"type": "LineString", "coordinates": [[85.826777, 20.285401], [85.826796, 20.285383], [85.826817, 20.28513], [85.826857, 20.284986]]}, "properties": {"feature_type": "edge", "u": 489, "v": 497, "edge_key": 0, "length_m": 49.314, "is_bridged": false, "is_bridge": true, "edge_betweenness": 0.0, "width_m": 8.187}}, {"type": "Feature", "geometry": {"type": "LineString", "coordinates": [[85.843323, 20.285511], [85.843344, 20.285312], [85.843363, 20.285294], [85.843364, 20.28515], [85.843383, 20.285132], [85.843384, 20.284987], [85.843404, 20.284969], [85.843405, 20.284825], [85.843424, 20.284807], [85.843425, 20.284662], [85.843444, 20.284644], [85.843445, 20.284518], [85.843465, 20.2845], [85.843465, 20.284373], [85.843485, 20.284356], [85.843486, 20.284229]]}, "properties": {"feature_type": "edge", "u": 490, "v": 530, "edge_key": 0, "length_m": 148.627, "is_bridged": false, "is_bridge": true, "edge_betweenness": 0.0, "width_m": 8.209}}, {"type": "Feature", "geometry": {"type": "LineString", "coordinates": [[85.836851, 20.28536], [85.836813, 20.285269], [85.836724, 20.284419]]}, "properties": {"feature_type": "edge", "u": 492, "v": 518, "edge_key": 0, "length_m": 109.799, "is_bridged": false, "is_bridge": true, "edge_betweenness": 0.0, "width_m": 8.096}}, {"type": "Feature", "geometry": {"type": "LineString", "coordinates": [[85.831681, 20.285307], [85.831662, 20.285271], [85.831683, 20.285018], [85.831702, 20.285], [85.831703, 20.284928], [85.831741, 20.284892], [85.832143, 20.284931]]}, "properties": {"feature_type": "edge", "u": 493, "v": 502, "edge_key": 0, "length_m": 93.799, "is_bridged": false, "is_bridge": true, "edge_betweenness": 0.0, "width_m": 8.113}}, {"type": "Feature", "geometry": {"type": "LineString", "coordinates": [[85.827488, 20.285062], [85.82745, 20.28508], [85.827316, 20.285043], [85.826876, 20.285004], [85.826857, 20.284986]]}, "properties": {"feature_type": "edge", "u": 494, "v": 497, "edge_key": 0, "length_m": 70.971, "is_bridged": false, "is_bridge": true, "edge_betweenness": 0.0, "width_m": 8.215}}, {"type": "Feature", "geometry": {"type": "LineString", "coordinates": [[85.837466, 20.285129], [85.837316, 20.284676], [85.837241, 20.284368]]}, "properties": {"feature_type": "edge", "u": 495, "v": 520, "edge_key": 0, "length_m": 93.941, "is_bridged": false, "is_bridge": true, "edge_betweenness": 0.0, "width_m": 8.36}}, {"type": "Feature", "geometry": {"type": "LineString", "coordinates": [[85.839151, 20.28514], [85.838998, 20.285121], [85.838845, 20.285066], [85.838577, 20.285064], [85.838557, 20.285082], [85.838423, 20.285081], [85.838404, 20.285099], [85.838232, 20.285098], [85.838213, 20.28508], [85.837888, 20.285041], [85.837811, 20.285005]]}, "properties": {"feature_type": "edge", "u": 496, "v": 501, "edge_key": 0, "length_m": 149.113, "is_bridged": false, "is_bridge": true, "edge_betweenness": 0.0, "width_m": 8.162}}, {"type": "Feature", "geometry": {"type": "LineString", "coordinates": [[85.839151, 20.28514], [85.839265, 20.285177], [85.839495, 20.28516], [85.839822, 20.285036]]}, "properties": {"feature_type": "edge", "u": 496, "v": 500, "edge_key": 0, "length_m": 77.928, "is_bridged": false, "is_bridge": false, "edge_betweenness": 0.0, "width_m": 8.465}}, {"type": "Feature", "geometry": {"type": "LineString", "coordinates": [[85.839151, 20.28514], [85.839152, 20.284977], [85.839171, 20.284959], [85.839213, 20.284508], [85.839272, 20.284273], [85.839273, 20.284147]]}, "properties": {"feature_type": "edge", "u": 496, "v": 532, "edge_key": 0, "length_m": 114.971, "is_bridged": false, "is_bridge": false, "edge_betweenness": 0.0, "width_m": 8.236}}, {"type": "Feature", "geometry": {"type": "LineString", "coordinates": [[85.826857, 20.284986], [85.826858, 20.284841], [85.826877, 20.284823], [85.826878, 20.284679], [85.826898, 20.284661], [85.826939, 20.284191], [85.826959, 20.284173], [85.826963, 20.283541], [85.826983, 20.283523]]}, "properties": {"feature_type": "edge", "u": 497, "v": 554, "edge_key": 0, "length_m": 166.971, "is_bridged": false, "is_bridge": true, "edge_betweenness": 0.0, "width_m": 8.17}}, {"type": "Feature", "geometry": {"type": "LineString", "coordinates": [[85.832736, 20.285007], [85.832238, 20.285004], [85.832143, 20.284931]]}, "properties": {"feature_type": "edge", "u": 498, "v": 502, "edge_key": 0, "length_m": 66.129, "is_bridged": false, "is_bridge": false, "edge_betweenness": 0.0, "width_m": 8.229}}, {"type": "Feature", "geometry": {"type": "LineString", "coordinates": [[85.832736, 20.285007], [85.832928, 20.285008], [85.832947, 20.28499], [85.833119, 20.284973], [85.833292, 20.28492], [85.833484, 20.284904], [85.833599, 20.284868], [85.833867, 20.28487], [85.833886, 20.284852], [85.834978, 20.284805]]}, "properties": {"feature_type": "edge", "u": 498, "v": 506, "edge_key": 0, "length_m": 243.941, "is_bridged": false, "is_bridge": false, "edge_betweenness": 0.0, "width_m": 8.22}}, {"type": "Feature", "geometry": {"type": "LineString", "coordinates": [[85.832736, 20.285007], [85.832704, 20.284158]]}, "properties": {"feature_type": "edge", "u": 498, "v": 529, "edge_key": 0, "length_m": 95.657, "is_bridged": false, "is_bridge": false, "edge_betweenness": 0.0, "width_m": 8.169}}, {"type": "Feature", "geometry": {"type": "LineString", "coordinates": [[85.826206, 20.284927], [85.826228, 20.28462], [85.826247, 20.284602], [85.826248, 20.284476], [85.826287, 20.284331]]}, "properties": {"feature_type": "edge", "u": 499, "v": 519, "edge_key": 0, "length_m": 69.314, "is_bridged": false, "is_bridge": false, "edge_betweenness": 0.0, "width_m": 8.365}}, {"type": "Feature", "geometry": {"type": "LineString", "coordinates": [[85.826206, 20.284927], [85.825651, 20.284905], [85.825479, 20.284814], [85.825521, 20.284326], [85.82556, 20.284218], [85.826097, 20.284222], [85.826116, 20.28424], [85.826269, 20.284241], [85.826288, 20.284259], [85.826287, 20.284331]]}, "properties": {"feature_type": "edge", "u": 499, "v": 519, "edge_key": 1, "length_m": 235.585, "is_bridged": false, "is_bridge": false, "edge_betweenness": 0.0, "width_m": 8.268}}, {"type": "Feature", "geometry": {"type": "LineString", "coordinates": [[85.839822, 20.285036], [85.840148, 20.28493], [85.840398, 20.284877], [85.840436, 20.284841], [85.840438, 20.284643]]}, "properties": {"feature_type": "edge", "u": 500, "v": 508, "edge_key": 0, "length_m": 95.113, "is_bridged": false, "is_bridge": false, "edge_betweenness": 0.0, "width_m": 8.478}}, {"type": "Feature", "geometry": {"type": "LineString", "coordinates": [[85.839822, 20.285036], [85.839691, 20.284638], [85.839691, 20.284565], [85.839711, 20.284547], [85.839713, 20.284204], [85.839733, 20.284132], [85.839791, 20.284078], [85.839868, 20.284042], [85.839982, 20.284043]]}, "properties": {"feature_type": "edge", "u": 500, "v": 536, "edge_key": 0, "length_m": 137.598, "is_bridged": false, "is_bridge": false, "edge_betweenness": 0.0, "width_m": 8.408}}, {"type": "Feature", "geometry": {"type": "LineString", "coordinates": [[85.832143, 20.284931], [85.832146, 20.284515]]}, "properties": {"feature_type": "edge", "u": 502, "v": 511, "edge_key": 0, "length_m": 46.0, "is_bridged": false, "is_bridge": false, "edge_betweenness": 0.0, "width_m": 8.344}}, {"type": "Feature", "geometry": {"type": "LineString", "coordinates": [[85.834978, 20.284805], [85.834999, 20.284625], [85.835038, 20.284553]]}, "properties": {"feature_type": "edge", "u": 506, "v": 512, "edge_key": 0, "length_m": 30.485, "is_bridged": false, "is_bridge": false, "edge_betweenness": 0.0, "width_m": 14.906}}, {"type": "Feature", "geometry": {"type": "LineString", "coordinates": [[85.840438, 20.284643], [85.840629, 20.284644], [85.840648, 20.284626], [85.841051, 20.28461], [85.84107, 20.284593], [85.841376, 20.284595], [85.841396, 20.284577], [85.841855, 20.284562], [85.842028, 20.284509], [85.84224, 20.284401]]}, "properties": {"feature_type": "edge", "u": 508, "v": 522, "edge_key": 0, "length_m": 199.598, "is_bridged": false, "is_bridge": true, "edge_betweenness": 0.0, "width_m": 8.211}}, {"type": "Feature", "geometry": {"type": "LineString", "coordinates": [[85.840438, 20.284643], [85.840384, 20.284136], [85.840365, 20.284118], [85.840366, 20.283973]]}, "properties": {"feature_type": "edge", "u": 508, "v": 539, "edge_key": 0, "length_m": 77.314, "is_bridged": false, "is_bridge": false, "edge_betweenness": 0.0, "width_m": 8.184}}, {"type": "Feature", "geometry": {"type": "LineString", "coordinates": [[85.838867, 20.284614], [85.838849, 20.284469], [85.83883, 20.284451], [85.838832, 20.284271], [85.838813, 20.284216]]}, "properties": {"feature_type": "edge", "u": 509, "v": 527, "edge_key": 0, "length_m": 46.485, "is_bridged": false, "is_bridge": true, "edge_betweenness": 0.0, "width_m": 8.098}}, {"type": "Feature", "geometry": {"type": "LineString", "coordinates": [[85.842353, 20.284637], [85.84291, 20.284388], [85.843006, 20.284316], [85.843045, 20.284244], [85.843275, 20.284228], [85.843294, 20.28421], [85.843448, 20.284211], [85.843486, 20.284229]]}, "properties": {"feature_type": "edge", "u": 510, "v": 530, "edge_key": 0, "length_m": 140.698, "is_bridged": false, "is_bridge": true, "edge_betweenness": 0.0, "width_m": 8.743}}, {"type": "Feature", "geometry": {"type": "LineString", "coordinates": [[85.832146, 20.284515], [85.831687, 20.284476]]}, "properties": {"feature_type": "edge", "u": 511, "v": 513, "edge_key": 0, "length_m": 49.657, "is_bridged": false, "is_bridge": false, "edge_betweenness": 0.0, "width_m": 8.411}}, {"type": "Feature", "geometry": {"type": "LineString", "coordinates": [[85.832146, 20.284515], [85.832149, 20.284136]]}, "properties": {"feature_type": "edge", "u": 511, "v": 525, "edge_key": 0, "length_m": 42.0, "is_bridged": false, "is_bridge": false, "edge_betweenness": 0.0, "width_m": 8.289}}, {"type": "Feature", "geometry": {"type": "LineString", "coordinates": [[85.835038, 20.284553], [85.835076, 20.284571], [85.835229, 20.284572], [85.835248, 20.284554], [85.835957, 20.284504], [85.835977, 20.284486], [85.83613, 20.284487], [85.836149, 20.28447]]}, "properties": {"feature_type": "edge", "u": 512, "v": 517, "edge_key": 0, "length_m": 121.443, "is_bridged": false, "is_bridge": false, "edge_betweenness": 0.0, "width_m": 8.326}}, {"type": "Feature", "geometry": {"type": "LineString", "coordinates": [[85.835038, 20.284553], [85.835039, 20.284318]]}, "properties": {"feature_type": "edge", "u": 512, "v": 523, "edge_key": 0, "length_m": 26.0, "is_bridged": false, "is_bridge": false, "edge_betweenness": 0.0, "width_m": 16.162}}, {"type": "Feature", "geometry": {"type": "LineString", "coordinates": [[85.831687, 20.284476], [85.831686, 20.284621], [85.831647, 20.284656], [85.83159, 20.284656], [85.831418, 20.284601], [85.831341, 20.2846], [85.83094, 20.284507], [85.830327, 20.284431]]}, "properties": {"feature_type": "edge", "u": 513, "v": 516, "edge_key": 0, "length_m": 169.598, "is_bridged": false, "is_bridge": true, "edge_betweenness": 0.0, "width_m": 8.213}}, {"type": "Feature", "geometry": {"type": "LineString", "coordinates": [[85.831687, 20.284476], [85.831668, 20.284458], [85.831591, 20.284457], [85.831572, 20.284439], [85.831496, 20.284439], [85.831304, 20.284383], [85.830788, 20.284289]]}, "properties": {"feature_type": "edge", "u": 513, "v": 524, "edge_key": 0, "length_m": 102.284, "is_bridged": false, "is_bridge": false, "edge_betweenness": 0.0, "width_m": 8.312}}, {"type": "Feature", "geometry": {"type": "LineString", "coordinates": [[85.840017, 20.284549], [85.839998, 20.284513], [85.84, 20.284296], [85.839981, 20.284278], [85.839982, 20.284043]]}, "properties": {"feature_type": "edge", "u": 514, "v": 536, "edge_key": 0, "length_m": 57.657, "is_bridged": false, "is_bridge": true, "edge_betweenness": 0.0, "width_m": 8.101}}, {"type": "Feature", "geometry": {"type": "LineString", "coordinates": [[85.826784, 20.284425], [85.826402, 20.284368], [85.826287, 20.284331]]}, "properties": {"feature_type": "edge", "u": 515, "v": 519, "edge_key": 0, "length_m": 56.142, "is_bridged": false, "is_bridge": false, "edge_betweenness": 0.0, "width_m": 8.444}}, {"type": "Feature", "geometry": {"type": "LineString", "coordinates": [[85.826784, 20.284425], [85.826824, 20.284299], [85.826847, 20.283685]]}, "properties": {"feature_type": "edge", "u": 515, "v": 544, "edge_key": 0, "length_m": 84.485, "is_bridged": false, "is_bridge": true, "edge_betweenness": 0.0, "width_m": 8.173}}, {"type": "Feature", "geometry": {"type": "LineString", "coordinates": [[85.836149, 20.28447], [85.836724, 20.284419]]}, "properties": {"feature_type": "edge", "u": 517, "v": 518, "edge_key": 0, "length_m": 62.485, "is_bridged": false, "is_bridge": false, "edge_betweenness": 0.0, "width_m": 8.359}}, {"type": "Feature", "geometry": {"type": "LineString", "coordinates": [[85.836149, 20.28447], [85.83615, 20.284325], [85.836131, 20.284307], [85.836114, 20.28409]]}, "properties": {"feature_type": "edge", "u": 517, "v": 534, "edge_key": 0, "length_m": 43.657, "is_bridged": false, "is_bridge": false, "edge_betweenness": 0.0, "width_m": 8.426}}, {"type": "Feature", "geometry": {"type": "LineString", "coordinates": [[85.836724, 20.284419], [85.836916, 20.284402], [85.836935, 20.284384], [85.837241, 20.284368]]}, "properties": {"feature_type": "edge", "u": 518, "v": 520, "edge_key": 0, "length_m": 56.485, "is_bridged": false, "is_bridge": false, "edge_betweenness": 0.0, "width_m": 8.499}}, {"type": "Feature", "geometry": {"type": "LineString", "coordinates": [[85.837241, 20.284368], [85.837261, 20.28435], [85.837414, 20.284351], [85.837433, 20.284334], [85.837586, 20.284335], [85.837606, 20.284317], [85.83774, 20.284317], [85.837759, 20.2843], [85.83843, 20.28425], [85.838449, 20.284232], [85.838583, 20.284233], [85.838602, 20.284215], [85.838813, 20.284216]]}, "properties": {"feature_type": "edge", "u": 520, "v": 527, "edge_key": 0, "length_m": 171.456, "is_bridged": false, "is_bridge": false, "edge_betweenness": 0.0, "width_m": 8.216}}, {"type": "Feature", "geometry": {"type": "LineString", "coordinates": [[85.833833, 20.284346], [85.83389, 20.284364], [85.834177, 20.284366], [85.834197, 20.284348], [85.83458, 20.284351], [85.834599, 20.284333], [85.834733, 20.284334], [85.834752, 20.284316], [85.835039, 20.284318]]}, "properties": {"feature_type": "edge", "u": 521, "v": 523, "edge_key": 0, "length_m": 129.314, "is_bridged": false, "is_bridge": true, "edge_betweenness": 0.0, "width_m": 8.191}}, {"type": "Feature", "geometry": {"type": "LineString", "coordinates": [[85.835039, 20.284318], [85.835078, 20.284209]]}, "properties": {"feature_type": "edge", "u": 523, "v": 526, "edge_key": 0, "length_m": 13.301, "is_bridged": false, "is_bridge": false, "edge_betweenness": 0.0, "width_m": 15.34}}, {"type": "Feature", "geometry": {"type": "LineString", "coordinates": [[85.830788, 20.284289], [85.829831, 20.284156]]}, "properties": {"feature_type": "edge", "u": 524, "v": 528, "edge_key": 0, "length_m": 105.799, "is_bridged": false, "is_bridge": false, "edge_betweenness": 0.0, "width_m": 8.173}}, {"type": "Feature", "geometry": {"type": "LineString", "coordinates": [[85.830788, 20.284289], [85.83081, 20.283982]]}, "properties": {"feature_type": "edge", "u": 524, "v": 535, "edge_key": 0, "length_m": 34.828, "is_bridged": false, "is_bridge": false, "edge_betweenness": 0.0, "width_m": 8.325}}, {"type": "Feature", "geometry": {"type": "LineString", "coordinates": [[85.832149, 20.284136], [85.83211, 20.284172], [85.832091, 20.284153], [85.831976, 20.284153], [85.831843, 20.284116], [85.831728, 20.284115], [85.831709, 20.284097], [85.831326, 20.284058], [85.831192, 20.284021], [85.83081, 20.283982]]}, "properties": {"feature_type": "edge", "u": 525, "v": 535, "edge_key": 0, "length_m": 149.941, "is_bridged": false, "is_bridge": false, "edge_betweenness": 0.0, "width_m": 8.24}}, {"type": "Feature", "geometry": {"type": "LineString", "coordinates": [[85.832149, 20.284136], [85.832187, 20.284118], [85.832341, 20.284119], [85.83236, 20.284137], [85.832704, 20.284158]]}, "properties": {"feature_type": "edge", "u": 525, "v": 529, "edge_key": 0, "length_m": 60.129, "is_bridged": false, "is_bridge": false, "edge_betweenness": 0.0, "width_m": 8.311}}, {"type": "Feature", "geometry": {"type": "LineString", "coordinates": [[85.832149, 20.284136], [85.832151, 20.283901]]}, "properties": {"feature_type": "edge", "u": 525, "v": 540, "edge_key": 0, "length_m": 26.0, "is_bridged": false, "is_bridge": false, "edge_betweenness": 0.0, "width_m": 8.086}}, {"type": "Feature", "geometry": {"type": "LineString", "coordinates": [[85.835078, 20.284209], [85.835193, 20.284228], [85.835213, 20.28421], [85.836114, 20.28409]]}, "properties": {"feature_type": "edge", "u": 526, "v": 534, "edge_key": 0, "length_m": 115.1, "is_bridged": false, "is_bridge": false, "edge_betweenness": 0.0, "width_m": 8.392}}, {"type": "Feature", "geometry": {"type": "LineString", "coordinates": [[85.835078, 20.284209], [85.83508, 20.284029], [85.835119, 20.283884], [85.83512, 20.283758]]}, "properties": {"feature_type": "edge", "u": 526, "v": 543, "edge_key": 0, "length_m": 51.657, "is_bridged": false, "is_bridge": false, "edge_betweenness": 0.0, "width_m": 14.57}}, {"type": "Feature", "geometry": {"type": "LineString", "coordinates": [[85.838813, 20.284216], [85.838909, 20.284181], [85.839273, 20.284147]]}, "properties": {"feature_type": "edge", "u": 527, "v": 532, "edge_key": 0, "length_m": 50.957, "is_bridged": false, "is_bridge": true, "edge_betweenness": 0.0, "width_m": 8.576}}, {"type": "Feature", "geometry": {"type": "LineString", "coordinates": [[85.838813, 20.284216], [85.838796, 20.283891], [85.838759, 20.283764]]}, "properties": {"feature_type": "edge", "u": 527, "v": 546, "edge_key": 0, "length_m": 52.485, "is_bridged": false, "is_bridge": false, "edge_betweenness": 0.0, "width_m": 8.295}}, {"type": "Feature", "geometry": {"type": "LineString", "coordinates": [[85.829831, 20.284156], [85.829583, 20.284137], [85.829506, 20.2841], [85.829028, 20.283988], [85.828952, 20.283952], [85.828684, 20.283896], [85.828264, 20.283766], [85.82813, 20.283747], [85.82792, 20.283674]]}, "properties": {"feature_type": "edge", "u": 528, "v": 547, "edge_key": 0, "length_m": 221.539, "is_bridged": false, "is_bridge": true, "edge_betweenness": 0.0, "width_m": 8.389}}, {"type": "Feature", "geometry": {"type": "LineString", "coordinates": [[85.829831, 20.284156], [85.829852, 20.283994], [85.829871, 20.28394], [85.829929, 20.283886], [85.830121, 20.283887], [85.83014, 20.283905], [85.830618, 20.283945], [85.830637, 20.283963], [85.830771, 20.283964], [85.83081, 20.283982]]}, "properties": {"feature_type": "edge", "u": 528, "v": 535, "edge_key": 0, "length_m": 129.928, "is_bridged": false, "is_bridge": false, "edge_betweenness": 0.0, "width_m": 8.291}}, {"type": "Feature", "geometry": {"type": "LineString", "coordinates": [[85.832704, 20.284158], [85.832781, 20.28414], [85.833336, 20.284144], [85.833356, 20.284126], [85.83349, 20.284127]]}, "properties": {"feature_type": "edge", "u": 529, "v": 531, "edge_key": 0, "length_m": 83.657, "is_bridged": false, "is_bridge": true, "edge_betweenness": 0.0, "width_m": 8.167}}, {"type": "Feature", "geometry": {"type": "LineString", "coordinates": [[85.843486, 20.284229], [85.843525, 20.284139], [85.843606, 20.283525]]}, "properties": {"feature_type": "edge", "u": 530, "v": 571, "edge_key": 0, "length_m": 82.971, "is_bridged": false, "is_bridge": true, "edge_betweenness": 0.0, "width_m": 8.378}}, {"type": "Feature", "geometry": {"type": "LineString", "coordinates": [[85.839273, 20.284147], [85.839312, 20.284057], [85.839352, 20.283768], [85.839372, 20.283714], [85.83943, 20.28366], [85.839698, 20.283626], [85.839909, 20.283573], [85.840043, 20.283574]]}, "properties": {"feature_type": "edge", "u": 532, "v": 558, "edge_key": 0, "length_m": 128.413, "is_bridged": false, "is_bridge": false, "edge_betweenness": 0.0, "width_m": 8.497}}, {"type": "Feature", "geometry": {"type": "LineString", "coordinates": [[85.843658, 20.284194], [85.84385, 20.284177], [85.844023, 20.284088], [85.844559, 20.284073]]}, "properties": {"feature_type": "edge", "u": 533, "v": 537, "edge_key": 0, "length_m": 99.799, "is_bridged": false, "is_bridge": true, "edge_betweenness": 0.0, "width_m": 8.251}}, {"type": "Feature", "geometry": {"type": "LineString", "coordinates": [[85.843658, 20.284194], [85.843659, 20.284049], [85.843679, 20.284032], [85.84374, 20.283526]]}, "properties": {"feature_type": "edge", "u": 533, "v": 572, "edge_key": 0, "length_m": 77.314, "is_bridged": false, "is_bridge": true, "edge_betweenness": 0.0, "width_m": 8.243}}, {"type": "Feature", "geometry": {"type": "LineString", "coordinates": [[85.836114, 20.28409], [85.836095, 20.284054], [85.836096, 20.283873], [85.836077, 20.283855], [85.83606, 20.283602]]}, "properties": {"feature_type": "edge", "u": 534, "v": 551, "edge_key": 0, "length_m": 56.129, "is_bridged": false, "is_bridge": false, "edge_betweenness": 0.0, "width_m": 8.364}}, {"type": "Feature", "geometry": {"type": "LineString", "coordinates": [[85.836114, 20.28409], [85.836267, 20.284073], [85.836286, 20.284055], [85.836401, 20.284056], [85.83642, 20.284038], [85.836535, 20.284038], [85.836555, 20.28402], [85.836669, 20.284021], [85.836689, 20.284003], [85.836823, 20.284004], [85.836842, 20.283986], [85.83736, 20.283935], [85.837379, 20.283918], [85.837513, 20.283918], [85.837532, 20.2839], [85.83805, 20.28385], [85.838069, 20.283832], [85.838605, 20.283781], [85.838625, 20.283763], [85.838759, 20.283764]]}, "properties": {"feature_type": "edge", "u": 534, "v": 546, "edge_key": 0, "length_m": 291.384, "is_bridged": false, "is_bridge": false, "edge_betweenness": 0.0, "width_m": 8.207}}, {"type": "Feature", "geometry": {"type": "LineString", "coordinates": [[85.839982, 20.284043], [85.840002, 20.284007], [85.840079, 20.28399]]}, "properties": {"feature_type": "edge", "u": 536, "v": 538, "edge_key": 0, "length_m": 13.301, "is_bridged": false, "is_bridge": false, "edge_betweenness": 0.0, "width_m": 8.867}}, {"type": "Feature", "geometry": {"type": "LineString", "coordinates": [[85.840079, 20.28399], [85.840366, 20.283973]]}, "properties": {"feature_type": "edge", "u": 538, "v": 539, "edge_key": 0, "length_m": 30.828, "is_bridged": false, "is_bridge": false, "edge_betweenness": 0.0, "width_m": 8.506}}, {"type": "Feature", "geometry": {"type": "LineString", "coordinates": [[85.840079, 20.28399], [85.840043, 20.283574]]}, "properties": {"feature_type": "edge", "u": 538, "v": 558, "edge_key": 0, "length_m": 47.657, "is_bridged": false, "is_bridge": false, "edge_betweenness": 0.0, "width_m": 8.387}}, {"type": "Feature", "geometry": {"type": "LineString", "coordinates": [[85.840366, 20.283973], [85.840385, 20.283956], [85.841171, 20.28387]]}, "properties": {"feature_type": "edge", "u": 539, "v": 542, "edge_key": 0, "length_m": 88.971, "is_bridged": false, "is_bridge": true, "edge_betweenness": 0.0, "width_m": 8.18}}, {"type": "Feature", "geometry": {"type": "LineString", "coordinates": [[85.832151, 20.283901], [85.833453, 20.283855]]}, "properties": {"feature_type": "edge", "u": 540, "v": 541, "edge_key": 0, "length_m": 138.485, "is_bridged": false, "is_bridge": false, "edge_betweenness": 0.0, "width_m": 8.07}}, {"type": "Feature", "geometry": {"type": "LineString", "coordinates": [[85.832151, 20.283901], [85.832133, 20.283702]]}, "properties": {"feature_type": "edge", "u": 540, "v": 545, "edge_key": 0, "length_m": 22.828, "is_bridged": false, "is_bridge": false, "edge_betweenness": 0.0, "width_m": 8.426}}, {"type": "Feature", "geometry": {"type": "LineString", "coordinates": [[85.833453, 20.283855], [85.834469, 20.283808], [85.834488, 20.28379], [85.834756, 20.283792], [85.834775, 20.283774], [85.835082, 20.283776], [85.83512, 20.283758]]}, "properties": {"feature_type": "edge", "u": 541, "v": 543, "edge_key": 0, "length_m": 178.614, "is_bridged": false, "is_bridge": false, "edge_betweenness": 0.0, "width_m": 8.22}}, {"type": "Feature", "geometry": {"type": "LineString", "coordinates": [[85.833453, 20.283855], [85.833436, 20.283584]]}, "properties": {"feature_type": "edge", "u": 541, "v": 550, "edge_key": 0, "length_m": 30.828, "is_bridged": false, "is_bridge": false, "edge_betweenness": 0.0, "width_m": 8.372}}, {"type": "Feature", "geometry": {"type": "LineString", "coordinates": [[85.841171, 20.28387], [85.841154, 20.283527]]}, "properties": {"feature_type": "edge", "u": 542, "v": 569, "edge_key": 0, "length_m": 38.828, "is_bridged": false, "is_bridge": true, "edge_betweenness": 0.0, "width_m": 8.149}}, {"type": "Feature", "geometry": {"type": "LineString", "coordinates": [[85.841171, 20.28387], [85.84211, 20.283786], [85.842187, 20.283733], [85.842265, 20.28357], [85.842495, 20.283554], [85.842514, 20.283536], [85.842667, 20.283537], [85.842687, 20.283519], [85.842725, 20.283537]]}, "properties": {"feature_type": "edge", "u": 542, "v": 570, "edge_key": 0, "length_m": 184.899, "is_bridged": false, "is_bridge": true, "edge_betweenness": 0.0, "width_m": 8.188}}, {"type": "Feature", "geometry": {"type": "LineString", "coordinates": [[85.83512, 20.283758], [85.835254, 20.283759], [85.83535, 20.283723], [85.83606, 20.283602]]}, "properties": {"feature_type": "edge", "u": 543, "v": 551, "edge_key": 0, "length_m": 105.456, "is_bridged": false, "is_bridge": false, "edge_betweenness": 0.0, "width_m": 8.613}}, {"type": "Feature", "geometry": {"type": "LineString", "coordinates": [[85.83512, 20.283758], [85.83514, 20.283722], [85.835141, 20.283559], [85.835122, 20.283541]]}, "properties": {"feature_type": "edge", "u": 543, "v": 561, "edge_key": 0, "length_m": 25.301, "is_bridged": false, "is_bridge": true, "edge_betweenness": 0.0, "width_m": 15.789}}, {"type": "Feature", "geometry": {"type": "LineString", "coordinates": [[85.826847, 20.283685], [85.826771, 20.283684], [85.826656, 20.28372], [85.826503, 20.283719], [85.826446, 20.283592], [85.826389, 20.283537]]}, "properties": {"feature_type": "edge", "u": 544, "v": 552, "edge_key": 0, "length_m": 62.627, "is_bridged": false, "is_bridge": true, "edge_betweenness": 0.0, "width_m": 8.675}}, {"type": "Feature", "geometry": {"type": "LineString", "coordinates": [[85.826847, 20.283685], [85.826849, 20.283522], [85.82683, 20.283504]]}, "properties": {"feature_type": "edge", "u": 544, "v": 555, "edge_key": 0, "length_m": 20.828, "is_bridged": false, "is_bridge": true, "edge_betweenness": 0.0, "width_m": 8.286}}, {"type": "Feature", "geometry": {"type": "LineString", "coordinates": [[85.832133, 20.283702], [85.831195, 20.283605], [85.831176, 20.283587], [85.830813, 20.283549], [85.830698, 20.283512]]}, "properties": {"feature_type": "edge", "u": 545, "v": 559, "edge_key": 0, "length_m": 158.284, "is_bridged": false, "is_bridge": true, "edge_betweenness": 0.0, "width_m": 8.258}}, {"type": "Feature", "geometry": {"type": "LineString", "coordinates": [[85.832133, 20.283702], [85.832134, 20.28363], [85.833436, 20.283584]]}, "properties": {"feature_type": "edge", "u": 545, "v": 550, "edge_key": 0, "length_m": 146.485, "is_bridged": false, "is_bridge": false, "edge_betweenness": 0.0, "width_m": 8.365}}, {"type": "Feature", "geometry": {"type": "LineString", "coordinates": [[85.838759, 20.283764], [85.83876, 20.283547]]}, "properties": {"feature_type": "edge", "u": 546, "v": 564, "edge_key": 0, "length_m": 24.0, "is_bridged": false, "is_bridge": true, "edge_betweenness": 0.0, "width_m": 8.236}}, {"type": "Feature", "geometry": {"type": "LineString", "coordinates": [[85.82792, 20.283674], [85.827843, 20.283673], [85.827308, 20.283543], [85.827232, 20.283543], [85.827174, 20.283506]]}, "properties": {"feature_type": "edge", "u": 547, "v": 556, "edge_key": 0, "length_m": 85.456, "is_bridged": false, "is_bridge": true, "edge_betweenness": 0.0, "width_m": 8.417}}, {"type": "Feature", "geometry": {"type": "LineString", "coordinates": [[85.82792, 20.283674], [85.827921, 20.283511]]}, "properties": {"feature_type": "edge", "u": 547, "v": 557, "edge_key": 0, "length_m": 18.0, "is_bridged": false, "is_bridge": true, "edge_betweenness": 0.0, "width_m": 8.549}}, {"type": "Feature", "geometry": {"type": "LineString", "coordinates": [[85.82568, 20.283568], [85.825891, 20.283516]]}, "properties": {"feature_type": "edge", "u": 549, "v": 553, "edge_key": 0, "length_m": 24.485, "is_bridged": false, "is_bridge": true, "edge_betweenness": 0.0, "width_m": 8.236}}, {"type": "Feature", "geometry": {"type": "LineString", "coordinates": [[85.833436, 20.283584], [85.833877, 20.283569], [85.833896, 20.283551], [85.834202, 20.283553], [85.834222, 20.283535], [85.834547, 20.283537], [85.834643, 20.283502]]}, "properties": {"feature_type": "edge", "u": 550, "v": 565, "edge_key": 0, "length_m": 130.142, "is_bridged": false, "is_bridge": true, "edge_betweenness": 0.0, "width_m": 8.105}}, {"type": "Feature", "geometry": {"type": "LineString", "coordinates": [[85.83606, 20.283602], [85.836712, 20.283516]]}, "properties": {"feature_type": "edge", "u": 551, "v": 567, "edge_key": 0, "length_m": 71.786, "is_bridged": false, "is_bridge": true, "edge_betweenness": 0.0, "width_m": 8.209}}, {"type": "Feature", "geometry": {"type": "LineString", "coordinates": [[85.840043, 20.283574], [85.840178, 20.283539], [85.840388, 20.283522]]}, "properties": {"feature_type": "edge", "u": 558, "v": 568, "edge_key": 0, "length_m": 38.129, "is_bridged": false, "is_bridge": true, "edge_betweenness": 0.0, "width_m": 8.394}}], "meta": {"heal": {"connectivity_ratio_pct": 0.0, "components_before": 3, "components_after": 3, "bridges_added": 0, "bridges_rejected_crossing": 0, "bridges_rejected_corridor": 0}, "simplify": {"nodes_before": 574, "nodes_after": 563, "node_reduction_pct": 1.9, "stubs_pruned": 5, "nodes_collapsed": 6}, "polyline": {"vertices_before": 26239, "vertices_after": 3579, "vertex_reduction_pct": 86.4}, "coordinate_frame": {"coordinates": "wgs84", "crs": "EPSG:4326", "axis_order": "x,y", "length_unit": "metre"}}}