{"type": "FeatureCollection", "features": [{"type": "Feature", "geometry": {"type": "Point", "coordinates": [77.225143, 28.640267]}, "properties": {"feature_type": "node", "node_id": 0, "degree": 1, "type": "endpoint", "betweenness": 0.0, "is_critical": false, "is_articulation": false}}, {"type": "Feature", "geometry": {"type": "Point", "coordinates": [77.225306, 28.640264]}, "properties": {"feature_type": "node", "node_id": 1, "degree": 1, "type": "endpoint", "betweenness": 0.0, "is_critical": false, "is_articulation": false}}, {"type": "Feature", "geometry": {"type": "Point", "coordinates": [77.223445, 28.640277]}, "properties": {"feature_type": "node", "node_id": 2, "degree": 1, "type": "endpoint", "betweenness": 0.0, "is_critical": false, "is_articulation": false}}, {"type": "Feature", "geometry": {"type": "Point", "coordinates": [77.224836, 28.640254]}, "properties": {"feature_type": "node", "node_id": 3, "degree": 1, "type": "endpoint", "betweenness": 0.0, "is_critical": false, "is_articulation": false}}, {"type": "Feature", "geometry": {"type": "Point", "coordinates": [77.218679, 28.640265]}, "properties": {"feature_type": "node", "node_id": 6, "degree": 1, "type": "endpoint", "betweenness": 0.0, "is_critical": false, "is_articulation": false}}, {"type": "Feature", "geometry": {"type": "Point", "coordinates": [77.225038, 28.64016]}, "properties": {"feature_type": "node", "node_id": 7, "degree": 3, "type": "intersection", "betweenness": 0.015835183492229333, "is_critical": false, "is_articulation": true}}, {"type": "Feature", "geometry": {"type": "Point", "coordinates": [77.21645, 28.640283]}, "properties": {"feature_type": "node", "node_id": 8, "degree": 1, "type": "endpoint", "betweenness": 0.0, "is_critical": false, "is_articulation": false}}, {"type": "Feature", "geometry": {"type": "Point", "coordinates": [77.215018, 28.640271]}, "properties": {"feature_type": "node", "node_id": 10, "degree": 1, "type": "endpoint", "betweenness": 0.0, "is_critical": false, "is_articulation": false}}, {"type": "Feature", "geometry": {"type": "Point", "coordinates": [77.21694, 28.640239]}, "properties": {"feature_type": "node", "node_id": 11, "degree": 1, "type": "endpoint", "betweenness": 0.0, "is_critical": false, "is_articulation": false}}, {"type": "Feature", "geometry": {"type": "Point", "coordinates": [77.215772, 28.64015]}, "properties": {"feature_type": "node", "node_id": 13, "degree": 3, "type": "intersection", "betweenness": 0.015835183492229333, "is_critical": false, "is_articulation": true}}, {"type": "Feature", "geometry": {"type": "Point", "coordinates": [77.215322, 28.640157]}, "properties": {"feature_type": "node", "node_id": 14, "degree": 1, "type": "endpoint", "betweenness": 0.0, "is_critical": false, "is_articulation": false}}, {"type": "Feature", "geometry": {"type": "Point", "coordinates": [77.21671, 28.63999]}, "properties": {"feature_type": "node", "node_id": 16, "degree": 3, "type": "intersection", "betweenness": 0.015835183492229333, "is_critical": false, "is_articulation": true}}, {"type": "Feature", "geometry": {"type": "Point", "coordinates": [77.216521, 28.639759]}, "properties": {"feature_type": "node", "node_id": 17, "degree": 3, "type": "intersection", "betweenness": 0.04691785294501764, "is_critical": false, "is_articulation": true}}, {"type": "Feature", "geometry": {"type": "Point", "coordinates": [77.223411, 28.639628]}, "properties": {"feature_type": "node", "node_id": 18, "degree": 3, "type": "intersection", "betweenness": 0.008195115580514563, "is_critical": false, "is_articulation": true}}, {"type": "Feature", "geometry": {"type": "Point", "coordinates": [77.218585, 28.639689]}, "properties": {"feature_type": "node", "node_id": 19, "degree": 3, "type": "intersection", "betweenness": 0.0001305994514823038, "is_critical": false, "is_articulation": false}}, {"type": "Feature", "geometry": {"type": "Point", "coordinates": [77.218667, 28.639687]}, "properties": {"feature_type": "node", "node_id": 20, "degree": 3, "type": "intersection", "betweenness": 0.00806451612903226, "is_critical": false, "is_articulation": true}}, {"type": "Feature", "geometry": {"type": "Point", "coordinates": [77.21844, 28.639601]}, "properties": {"feature_type": "node", "node_id": 21, "degree": 3, "type": "intersection", "betweenness": 0.0, "is_critical": false, "is_articulation": false}}, {"type": "Feature", "geometry": {"type": "Point", "coordinates": [77.218522, 28.6396]}, "properties": {"feature_type": "node", "node_id": 22, "degree": 3, "type": "intersection", "betweenness": 0.007901266814679378, "is_critical": false, "is_articulation": false}}, {"type": "Feature", "geometry": {"type": "Point", "coordinates": [77.214023, 28.639673]}, "properties": {"feature_type": "node", "node_id": 23, "degree": 1, "type": "endpoint", "betweenness": 0.0, "is_critical": false, "is_articulation": false}}, {"type": "Feature", "geometry": {"type": "Point", "coordinates": [77.215595, 28.639521]}, "properties": {"feature_type": "node", "node_id": 24, "degree": 1, "type": "endpoint", "betweenness": 0.0, "is_critical": false, "is_articulation": false}}, {"type": "Feature", "geometry": {"type": "Point", "coordinates": [77.214958, 28.639387]}, "properties": {"feature_type": "node", "node_id": 25, "degree": 3, "type": "intersection", "betweenness": 0.007933916677549955, "is_critical": false, "is_articulation": true}}, {"type": "Feature", "geometry": {"type": "Point", "coordinates": [77.218557, 28.639328]}, "properties": {"feature_type": "node", "node_id": 26, "degree": 3, "type": "intersection", "betweenness": 0.015737233903617608, "is_critical": false, "is_articulation": false}}, {"type": "Feature", "geometry": {"type": "Point", "coordinates": [77.218639, 28.639327]}, "properties": {"feature_type": "node", "node_id": 27, "degree": 3, "type": "intersection", "betweenness": 0.015802533629358757, "is_critical": false, "is_articulation": false}}, {"type": "Feature", "geometry": {"type": "Point", "coordinates": [77.214017, 28.639367]}, "properties": {"feature_type": "node", "node_id": 28, "degree": 1, "type": "endpoint", "betweenness": 0.0, "is_critical": false, "is_articulation": false}}, {"type": "Feature", "geometry": {"type": "Point", "coordinates": [77.224302, 28.639198]}, "properties": {"feature_type": "node", "node_id": 29, "degree": 3, "type": "intersection", "betweenness": 0.024193548387096777, "is_critical": false, "is_articulation": true}}, {"type": "Feature", "geometry": {"type": "Point", "coordinates": [77.218453, 28.639222]}, "properties": {"feature_type": "node", "node_id": 30, "degree": 3, "type": "intersection", "betweenness": 0.03085412041269427, "is_critical": false, "is_articulation": false}}, {"type": "Feature", "geometry": {"type": "Point", "coordinates": [77.224464, 28.639105]}, "properties": {"feature_type": "node", "node_id": 31, "degree": 3, "type": "intersection", "betweenness": 0.015835183492229333, "is_critical": false, "is_articulation": true}}, {"type": "Feature", "geometry": {"type": "Point", "coordinates": [77.218451, 28.639168]}, "properties": {"feature_type": "node", "node_id": 32, "degree": 3, "type": "intersection", "betweenness": 0.03833093901005616, "is_critical": false, "is_articulation": false}}, {"type": "Feature", "geometry": {"type": "Point", "coordinates": [77.214709, 28.639229]}, "properties": {"feature_type": "node", "node_id": 33, "degree": 1, "type": "endpoint", "betweenness": 0.0, "is_critical": false, "is_articulation": false}}, {"type": "Feature", "geometry": {"type": "Point", "coordinates": [77.222846, 28.639005]}, "properties": {"feature_type": "node", "node_id": 36, "degree": 1, "type": "endpoint", "betweenness": 0.0, "is_critical": false, "is_articulation": false}}, {"type": "Feature", "geometry": {"type": "Point", "coordinates": [77.214524, 28.639142]}, "properties": {"feature_type": "node", "node_id": 37, "degree": 3, "type": "intersection", "betweenness": 0.015835183492229333, "is_critical": false, "is_articulation": true}}, {"type": "Feature", "geometry": {"type": "Point", "coordinates": [77.218633, 28.639038]}, "properties": {"feature_type": "node", "node_id": 38, "degree": 3, "type": "intersection", "betweenness": 0.023083453049497195, "is_critical": false, "is_articulation": false}}, {"type": "Feature", "geometry": {"type": "Point", "coordinates": [77.214298, 28.639109]}, "properties": {"feature_type": "node", "node_id": 39, "degree": 1, "type": "endpoint", "betweenness": 0.0, "is_critical": false, "is_articulation": false}}, {"type": "Feature", "geometry": {"type": "Point", "coordinates": [77.223336, 28.638961]}, "properties": {"feature_type": "node", "node_id": 40, "degree": 3, "type": "intersection", "betweenness": 0.02282225414653259, "is_critical": false, "is_articulation": true}}, {"type": "Feature", "geometry": {"type": "Point", "coordinates": [77.214562, 28.639033]}, "properties": {"feature_type": "node", "node_id": 41, "degree": 3, "type": "intersection", "betweenness": 0.023605850855426408, "is_critical": false, "is_articulation": true}}, {"type": "Feature", "geometry": {"type": "Point", "coordinates": [77.218529, 28.63895]}, "properties": {"feature_type": "node", "node_id": 43, "degree": 4, "type": "intersection", "betweenness": 0.013647642679900747, "is_critical": false, "is_articulation": false}}, {"type": "Feature", "geometry": {"type": "Point", "coordinates": [77.215256, 28.638949]}, "properties": {"feature_type": "node", "node_id": 44, "degree": 3, "type": "intersection", "betweenness": 0.016226981846676244, "is_critical": false, "is_articulation": false}}, {"type": "Feature", "geometry": {"type": "Point", "coordinates": [77.218609, 28.638858]}, "properties": {"feature_type": "node", "node_id": 45, "degree": 3, "type": "intersection", "betweenness": 0.01760643855295808, "is_critical": false, "is_articulation": false}}, {"type": "Feature", "geometry": {"type": "Point", "coordinates": [77.223942, 28.638627]}, "properties": {"feature_type": "node", "node_id": 46, "degree": 9, "type": "intersection", "betweenness": 0.08433459579469767, "is_critical": false, "is_articulation": true}}, {"type": "Feature", "geometry": {"type": "Point", "coordinates": [77.214804, 28.638885]}, "properties": {"feature_type": "node", "node_id": 47, "degree": 3, "type": "intersection", "betweenness": 0.0020895912237168606, "is_critical": false, "is_articulation": false}}, {"type": "Feature", "geometry": {"type": "Point", "coordinates": [77.218424, 28.638843]}, "properties": {"feature_type": "node", "node_id": 48, "degree": 3, "type": "intersection", "betweenness": 0.06574866135562232, "is_critical": false, "is_articulation": false}}, {"type": "Feature", "geometry": {"type": "Point", "coordinates": [77.224087, 28.638714]}, "properties": {"feature_type": "node", "node_id": 49, "degree": 3, "type": "intersection", "betweenness": 0.023605850855426408, "is_critical": false, "is_articulation": true}}, {"type": "Feature", "geometry": {"type": "Point", "coordinates": [77.214006, 28.638861]}, "properties": {"feature_type": "node", "node_id": 50, "degree": 1, "type": "endpoint", "betweenness": 0.0, "is_critical": false, "is_articulation": false}}, {"type": "Feature", "geometry": {"type": "Point", "coordinates": [77.21558, 28.6388]}, "properties": {"feature_type": "node", "node_id": 51, "degree": 3, "type": "intersection", "betweenness": 0.0, "is_critical": false, "is_articulation": false}}, {"type": "Feature", "geometry": {"type": "Point", "coordinates": [77.218422, 28.638735]}, "properties": {"feature_type": "node", "node_id": 52, "degree": 3, "type": "intersection", "betweenness": 0.07289898132427844, "is_critical": false, "is_articulation": false}}, {"type": "Feature", "geometry": {"type": "Point", "coordinates": [77.224045, 28.638661]}, "properties": {"feature_type": "node", "node_id": 53, "degree": 3, "type": "intersection", "betweenness": 0.0001305994514823038, "is_critical": false, "is_articulation": false}}, {"type": "Feature", "geometry": {"type": "Point", "coordinates": [77.215088, 28.638736]}, "properties": {"feature_type": "node", "node_id": 54, "degree": 4, "type": "intersection", "betweenness": 0.024291497975708506, "is_critical": false, "is_articulation": false}}, {"type": "Feature", "geometry": {"type": "Point", "coordinates": [77.218605, 28.638678]}, "properties": {"feature_type": "node", "node_id": 55, "degree": 3, "type": "intersection", "betweenness": 0.02475675852161421, "is_critical": false, "is_articulation": false}}, {"type": "Feature", "geometry": {"type": "Point", "coordinates": [77.224003, 28.638607]}, "properties": {"feature_type": "node", "node_id": 56, "degree": 3, "type": "intersection", "betweenness": 0.0, "is_critical": false, "is_articulation": false}}, {"type": "Feature", "geometry": {"type": "Point", "coordinates": [77.214289, 28.638676]}, "properties": {"feature_type": "node", "node_id": 57, "degree": 4, "type": "intersection", "betweenness": 0.038624787775891345, "is_critical": false, "is_articulation": true}}, {"type": "Feature", "geometry": {"type": "Point", "coordinates": [77.223753, 28.638359]}, "properties": {"feature_type": "node", "node_id": 58, "degree": 3, "type": "intersection", "betweenness": 0.08985242261982501, "is_critical": false, "is_articulation": false}}, {"type": "Feature", "geometry": {"type": "Point", "coordinates": [77.218501, 28.638589]}, "properties": {"feature_type": "node", "node_id": 59, "degree": 3, "type": "intersection", "betweenness": 0.014521026511688653, "is_critical": false, "is_articulation": false}}, {"type": "Feature", "geometry": {"type": "Point", "coordinates": [77.215412, 28.638586]}, "properties": {"feature_type": "node", "node_id": 60, "degree": 3, "type": "intersection", "betweenness": 0.00741151887162074, "is_critical": false, "is_articulation": false}}, {"type": "Feature", "geometry": {"type": "Point", "coordinates": [77.214532, 28.638564]}, "properties": {"feature_type": "node", "node_id": 61, "degree": 3, "type": "intersection", "betweenness": 0.008586913934961474, "is_critical": false, "is_articulation": false}}, {"type": "Feature", "geometry": {"type": "Point", "coordinates": [77.214141, 28.63848]}, "properties": {"feature_type": "node", "node_id": 63, "degree": 3, "type": "intersection", "betweenness": 0.052794828261721306, "is_critical": false, "is_articulation": true}}, {"type": "Feature", "geometry": {"type": "Point", "coordinates": [77.218537, 28.638354]}, "properties": {"feature_type": "node", "node_id": 64, "degree": 4, "type": "intersection", "betweenness": 0.04064907927386705, "is_critical": false, "is_articulation": false}}, {"type": "Feature", "geometry": {"type": "Point", "coordinates": [77.225979, 28.638214]}, "properties": {"feature_type": "node", "node_id": 65, "degree": 1, "type": "endpoint", "betweenness": 0.0, "is_critical": false, "is_articulation": false}}, {"type": "Feature", "geometry": {"type": "Point", "coordinates": [77.214364, 28.63835]}, "properties": {"feature_type": "node", "node_id": 66, "degree": 3, "type": "intersection", "betweenness": 0.07444168734491316, "is_critical": false, "is_articulation": false}}, {"type": "Feature", "geometry": {"type": "Point", "coordinates": [77.214016, 28.638338]}, "properties": {"feature_type": "node", "node_id": 67, "degree": 1, "type": "endpoint", "betweenness": 0.0, "is_critical": false, "is_articulation": false}}, {"type": "Feature", "geometry": {"type": "Point", "coordinates": [77.21839, 28.638212]}, "properties": {"feature_type": "node", "node_id": 68, "degree": 3, "type": "intersection", "betweenness": 0.09057071960297768, "is_critical": false, "is_articulation": false}}, {"type": "Feature", "geometry": {"type": "Point", "coordinates": [77.218574, 28.638191]}, "properties": {"feature_type": "node", "node_id": 69, "degree": 3, "type": "intersection", "betweenness": 0.03487005354577511, "is_critical": false, "is_articulation": false}}, {"type": "Feature", "geometry": {"type": "Point", "coordinates": [77.218388, 28.638104]}, "properties": {"feature_type": "node", "node_id": 70, "degree": 3, "type": "intersection", "betweenness": 0.09739454094292804, "is_critical": false, "is_articulation": false}}, {"type": "Feature", "geometry": {"type": "Point", "coordinates": [77.21847, 28.638103]}, "properties": {"feature_type": "node", "node_id": 71, "degree": 3, "type": "intersection", "betweenness": 0.0038853336815985375, "is_critical": false, "is_articulation": false}}, {"type": "Feature", "geometry": {"type": "Point", "coordinates": [77.21998, 28.637952]}, "properties": {"feature_type": "node", "node_id": 72, "degree": 1, "type": "endpoint", "betweenness": 0.0, "is_critical": false, "is_articulation": false}}, {"type": "Feature", "geometry": {"type": "Point", "coordinates": [77.218466, 28.63794]}, "properties": {"feature_type": "node", "node_id": 73, "degree": 3, "type": "intersection", "betweenness": 0.010513255844325454, "is_critical": false, "is_articulation": false}}, {"type": "Feature", "geometry": {"type": "Point", "coordinates": [77.223374, 28.637842]}, "properties": {"feature_type": "node", "node_id": 74, "degree": 4, "type": "intersection", "betweenness": 0.12658351834922293, "is_critical": false, "is_articulation": true}}, {"type": "Feature", "geometry": {"type": "Point", "coordinates": [77.218548, 28.637903]}, "properties": {"feature_type": "node", "node_id": 75, "degree": 3, "type": "intersection", "betweenness": 0.04567715815593575, "is_critical": false, "is_articulation": false}}, {"type": "Feature", "geometry": {"type": "Point", "coordinates": [77.218362, 28.637852]}, "properties": {"feature_type": "node", "node_id": 77, "degree": 3, "type": "intersection", "betweenness": 0.11309912498367508, "is_critical": false, "is_articulation": false}}, {"type": "Feature", "geometry": {"type": "Point", "coordinates": [77.222839, 28.637724]}, "properties": {"feature_type": "node", "node_id": 78, "degree": 1, "type": "endpoint", "betweenness": 0.0, "is_critical": false, "is_articulation": false}}, {"type": "Feature", "geometry": {"type": "Point", "coordinates": [77.223183, 28.637556]}, "properties": {"feature_type": "node", "node_id": 79, "degree": 5, "type": "intersection", "betweenness": 0.12899960820164558, "is_critical": false, "is_articulation": true}}, {"type": "Feature", "geometry": {"type": "Point", "coordinates": [77.223387, 28.637517]}, "properties": {"feature_type": "node", "node_id": 80, "degree": 4, "type": "intersection", "betweenness": 0.015018936920464935, "is_critical": false, "is_articulation": false}}, {"type": "Feature", "geometry": {"type": "Point", "coordinates": [77.218542, 28.637632]}, "properties": {"feature_type": "node", "node_id": 81, "degree": 3, "type": "intersection", "betweenness": 0.05210918114143921, "is_critical": false, "is_articulation": false}}, {"type": "Feature", "geometry": {"type": "Point", "coordinates": [77.214288, 28.637684]}, "properties": {"feature_type": "node", "node_id": 82, "degree": 3, "type": "intersection", "betweenness": 0.1111727830743111, "is_critical": false, "is_articulation": false}}, {"type": "Feature", "geometry": {"type": "Point", "coordinates": [77.218356, 28.637545]}, "properties": {"feature_type": "node", "node_id": 83, "degree": 3, "type": "intersection", "betweenness": 0.11953114796917855, "is_critical": false, "is_articulation": false}}, {"type": "Feature", "geometry": {"type": "Point", "coordinates": [77.219236, 28.637549]}, "properties": {"feature_type": "node", "node_id": 84, "degree": 1, "type": "endpoint", "betweenness": 0.0, "is_critical": false, "is_articulation": false}}, {"type": "Feature", "geometry": {"type": "Point", "coordinates": [77.218438, 28.637544]}, "properties": {"feature_type": "node", "node_id": 85, "degree": 3, "type": "intersection", "betweenness": 0.08768936920464934, "is_critical": false, "is_articulation": false}}, {"type": "Feature", "geometry": {"type": "Point", "coordinates": [77.223404, 28.637354]}, "properties": {"feature_type": "node", "node_id": 86, "degree": 3, "type": "intersection", "betweenness": 0.14800182839232076, "is_critical": true, "is_articulation": false}}, {"type": "Feature", "geometry": {"type": "Point", "coordinates": [77.214611, 28.63748]}, "properties": {"feature_type": "node", "node_id": 87, "degree": 3, "type": "intersection", "betweenness": 0.13281964215750294, "is_critical": false, "is_articulation": true}}, {"type": "Feature", "geometry": {"type": "Point", "coordinates": [77.223117, 28.637323]}, "properties": {"feature_type": "node", "node_id": 88, "degree": 3, "type": "intersection", "betweenness": 0.2256105524356798, "is_critical": true, "is_articulation": false}}, {"type": "Feature", "geometry": {"type": "Point", "coordinates": [77.218476, 28.637399]}, "properties": {"feature_type": "node", "node_id": 89, "degree": 3, "type": "intersection", "betweenness": 0.11682120935092073, "is_critical": false, "is_articulation": false}}, {"type": "Feature", "geometry": {"type": "Point", "coordinates": [77.214691, 28.637371]}, "properties": {"feature_type": "node", "node_id": 90, "degree": 4, "type": "intersection", "betweenness": 0.18940185451221106, "is_critical": true, "is_articulation": true}}, {"type": "Feature", "geometry": {"type": "Point", "coordinates": [77.218473, 28.637255]}, "properties": {"feature_type": "node", "node_id": 91, "degree": 3, "type": "intersection", "betweenness": 0.12299203343345959, "is_critical": false, "is_articulation": false}}, {"type": "Feature", "geometry": {"type": "Point", "coordinates": [77.218512, 28.637164]}, "properties": {"feature_type": "node", "node_id": 92, "degree": 4, "type": "intersection", "betweenness": 0.1474141308606504, "is_critical": true, "is_articulation": false}}, {"type": "Feature", "geometry": {"type": "Point", "coordinates": [77.219207, 28.637152]}, "properties": {"feature_type": "node", "node_id": 93, "degree": 4, "type": "intersection", "betweenness": 0.13866396761133604, "is_critical": false, "is_articulation": true}}, {"type": "Feature", "geometry": {"type": "Point", "coordinates": [77.218327, 28.637131]}, "properties": {"feature_type": "node", "node_id": 94, "degree": 4, "type": "intersection", "betweenness": 0.07401723912759567, "is_critical": false, "is_articulation": false}}, {"type": "Feature", "geometry": {"type": "Point", "coordinates": [77.219942, 28.637104]}, "properties": {"feature_type": "node", "node_id": 95, "degree": 3, "type": "intersection", "betweenness": 0.1379456706281834, "is_critical": false, "is_articulation": true}}, {"type": "Feature", "geometry": {"type": "Point", "coordinates": [77.214318, 28.63716]}, "properties": {"feature_type": "node", "node_id": 96, "degree": 1, "type": "endpoint", "betweenness": 0.0, "is_critical": false, "is_articulation": false}}, {"type": "Feature", "geometry": {"type": "Point", "coordinates": [77.218407, 28.637057]}, "properties": {"feature_type": "node", "node_id": 97, "degree": 3, "type": "intersection", "betweenness": 0.10555700666057204, "is_critical": false, "is_articulation": false}}, {"type": "Feature", "geometry": {"type": "Point", "coordinates": [77.218405, 28.636985]}, "properties": {"feature_type": "node", "node_id": 98, "degree": 3, "type": "intersection", "betweenness": 0.10643855295807758, "is_critical": false, "is_articulation": false}}, {"type": "Feature", "geometry": {"type": "Point", "coordinates": [77.218508, 28.636983]}, "properties": {"feature_type": "node", "node_id": 99, "degree": 3, "type": "intersection", "betweenness": 0.002481389578163772, "is_critical": false, "is_articulation": false}}, {"type": "Feature", "geometry": {"type": "Point", "coordinates": [77.214009, 28.637039]}, "properties": {"feature_type": "node", "node_id": 100, "degree": 1, "type": "endpoint", "betweenness": 0.0, "is_critical": false, "is_articulation": false}}, {"type": "Feature", "geometry": {"type": "Point", "coordinates": [77.219201, 28.636882]}, "properties": {"feature_type": "node", "node_id": 101, "degree": 1, "type": "endpoint", "betweenness": 0.0, "is_critical": false, "is_articulation": false}}, {"type": "Feature", "geometry": {"type": "Point", "coordinates": [77.22464, 28.636792]}, "properties": {"feature_type": "node", "node_id": 102, "degree": 3, "type": "intersection", "betweenness": 0.08067781115319317, "is_critical": false, "is_articulation": false}}, {"type": "Feature", "geometry": {"type": "Point", "coordinates": [77.224701, 28.636755]}, "properties": {"feature_type": "node", "node_id": 103, "degree": 3, "type": "intersection", "betweenness": 0.07359279091027818, "is_critical": false, "is_articulation": false}}, {"type": "Feature", "geometry": {"type": "Point", "coordinates": [77.224618, 28.636721]}, "properties": {"feature_type": "node", "node_id": 104, "degree": 3, "type": "intersection", "betweenness": 0.13850071829698316, "is_critical": false, "is_articulation": false}}, {"type": "Feature", "geometry": {"type": "Point", "coordinates": [77.224679, 28.636684]}, "properties": {"feature_type": "node", "node_id": 105, "degree": 3, "type": "intersection", "betweenness": 0.05965129946454226, "is_critical": false, "is_articulation": false}}, {"type": "Feature", "geometry": {"type": "Point", "coordinates": [77.224802, 28.6367]}, "properties": {"feature_type": "node", "node_id": 106, "degree": 3, "type": "intersection", "betweenness": 0.06631187149013974, "is_critical": false, "is_articulation": false}}, {"type": "Feature", "geometry": {"type": "Point", "coordinates": [77.224862, 28.636662]}, "properties": {"feature_type": "node", "node_id": 107, "degree": 3, "type": "intersection", "betweenness": 0.05883505289277786, "is_critical": false, "is_articulation": false}}, {"type": "Feature", "geometry": {"type": "Point", "coordinates": [77.22478, 28.636628]}, "properties": {"feature_type": "node", "node_id": 108, "degree": 3, "type": "intersection", "betweenness": 0.05328457620477994, "is_critical": false, "is_articulation": false}}, {"type": "Feature", "geometry": {"type": "Point", "coordinates": [77.22484, 28.636591]}, "properties": {"feature_type": "node", "node_id": 109, "degree": 3, "type": "intersection", "betweenness": 0.046852553219276484, "is_critical": false, "is_articulation": false}}, {"type": "Feature", "geometry": {"type": "Point", "coordinates": [77.225024, 28.63657]}, "properties": {"feature_type": "node", "node_id": 110, "degree": 3, "type": "intersection", "betweenness": 0.05116233511819251, "is_critical": false, "is_articulation": false}}, {"type": "Feature", "geometry": {"type": "Point", "coordinates": [77.225002, 28.636498]}, "properties": {"feature_type": "node", "node_id": 111, "degree": 3, "type": "intersection", "betweenness": 0.04035523050803187, "is_critical": false, "is_articulation": false}}, {"type": "Feature", "geometry": {"type": "Point", "coordinates": [77.218376, 28.63657]}, "properties": {"feature_type": "node", "node_id": 112, "degree": 3, "type": "intersection", "betweenness": 0.11466631840146273, "is_critical": false, "is_articulation": false}}, {"type": "Feature", "geometry": {"type": "Point", "coordinates": [77.218458, 28.636569]}, "properties": {"feature_type": "node", "node_id": 113, "degree": 3, "type": "intersection", "betweenness": 0.005583126550868487, "is_critical": false, "is_articulation": false}}, {"type": "Feature", "geometry": {"type": "Point", "coordinates": [77.225186, 28.636477]}, "properties": {"feature_type": "node", "node_id": 114, "degree": 3, "type": "intersection", "betweenness": 0.04329371816638371, "is_critical": false, "is_articulation": false}}, {"type": "Feature", "geometry": {"type": "Point", "coordinates": [77.225246, 28.63644]}, "properties": {"feature_type": "node", "node_id": 115, "degree": 3, "type": "intersection", "betweenness": 0.03522920203735145, "is_critical": false, "is_articulation": false}}, {"type": "Feature", "geometry": {"type": "Point", "coordinates": [77.225164, 28.636405]}, "properties": {"feature_type": "node", "node_id": 116, "degree": 3, "type": "intersection", "betweenness": 0.03379260807104611, "is_critical": false, "is_articulation": false}}, {"type": "Feature", "geometry": {"type": "Point", "coordinates": [77.225224, 28.636368]}, "properties": {"feature_type": "node", "node_id": 117, "degree": 3, "type": "intersection", "betweenness": 0.027164685908319188, "is_critical": false, "is_articulation": false}}, {"type": "Feature", "geometry": {"type": "Point", "coordinates": [77.225408, 28.636347]}, "properties": {"feature_type": "node", "node_id": 118, "degree": 3, "type": "intersection", "betweenness": 0.02696878673109573, "is_critical": false, "is_articulation": false}}, {"type": "Feature", "geometry": {"type": "Point", "coordinates": [77.222258, 28.636344]}, "properties": {"feature_type": "node", "node_id": 119, "degree": 3, "type": "intersection", "betweenness": 0.13366853859213793, "is_critical": false, "is_articulation": false}}, {"type": "Feature", "geometry": {"type": "Point", "coordinates": [77.225386, 28.636275]}, "properties": {"feature_type": "node", "node_id": 121, "degree": 3, "type": "intersection", "betweenness": 0.02047146401985112, "is_critical": false, "is_articulation": false}}, {"type": "Feature", "geometry": {"type": "Point", "coordinates": [77.222319, 28.636325]}, "properties": {"feature_type": "node", "node_id": 122, "degree": 3, "type": "intersection", "betweenness": 0.23423011623351184, "is_critical": true, "is_articulation": false}}, {"type": "Feature", "geometry": {"type": "Point", "coordinates": [77.22557, 28.636254]}, "properties": {"feature_type": "node", "node_id": 124, "degree": 3, "type": "intersection", "betweenness": 0.01851247224761656, "is_critical": false, "is_articulation": false}}, {"type": "Feature", "geometry": {"type": "Point", "coordinates": [77.22563, 28.636217]}, "properties": {"feature_type": "node", "node_id": 125, "degree": 3, "type": "intersection", "betweenness": 0.009860258586913936, "is_critical": false, "is_articulation": false}}, {"type": "Feature", "geometry": {"type": "Point", "coordinates": [77.225548, 28.636182]}, "properties": {"feature_type": "node", "node_id": 126, "degree": 3, "type": "intersection", "betweenness": 0.013712942405641897, "is_critical": false, "is_articulation": false}}, {"type": "Feature", "geometry": {"type": "Point", "coordinates": [77.225608, 28.636145]}, "properties": {"feature_type": "node", "node_id": 127, "degree": 3, "type": "intersection", "betweenness": 0.006889121065691525, "is_critical": false, "is_articulation": false}}, {"type": "Feature", "geometry": {"type": "Point", "coordinates": [77.218267, 28.636247]}, "properties": {"feature_type": "node", "node_id": 128, "degree": 3, "type": "intersection", "betweenness": 0.007933916677549955, "is_critical": false, "is_articulation": true}}, {"type": "Feature", "geometry": {"type": "Point", "coordinates": [77.218349, 28.636246]}, "properties": {"feature_type": "node", "node_id": 129, "degree": 3, "type": "intersection", "betweenness": 0.1325910931174089, "is_critical": false, "is_articulation": false}}, {"type": "Feature", "geometry": {"type": "Point", "coordinates": [77.225792, 28.636124]}, "properties": {"feature_type": "node", "node_id": 130, "degree": 3, "type": "intersection", "betweenness": 0.0010121457489878543, "is_critical": false, "is_articulation": false}}, {"type": "Feature", "geometry": {"type": "Point", "coordinates": [77.21843, 28.636191]}, "properties": {"feature_type": "node", "node_id": 131, "degree": 3, "type": "intersection", "betweenness": 0.009697009272561057, "is_critical": false, "is_articulation": false}}, {"type": "Feature", "geometry": {"type": "Point", "coordinates": [77.218368, 28.636192]}, "properties": {"feature_type": "node", "node_id": 132, "degree": 3, "type": "intersection", "betweenness": 0.13970876322319448, "is_critical": false, "is_articulation": false}}, {"type": "Feature", "geometry": {"type": "Point", "coordinates": [77.22577, 28.636052]}, "properties": {"feature_type": "node", "node_id": 133, "degree": 3, "type": "intersection", "betweenness": 0.0, "is_critical": false, "is_articulation": false}}, {"type": "Feature", "geometry": {"type": "Point", "coordinates": [77.213992, 28.636245]}, "properties": {"feature_type": "node", "node_id": 134, "degree": 1, "type": "endpoint", "betweenness": 0.0, "is_critical": false, "is_articulation": false}}, {"type": "Feature", "geometry": {"type": "Point", "coordinates": [77.218224, 28.63614]}, "properties": {"feature_type": "node", "node_id": 136, "degree": 1, "type": "endpoint", "betweenness": 0.0, "is_critical": false, "is_articulation": false}}, {"type": "Feature", "geometry": {"type": "Point", "coordinates": [77.214175, 28.63617]}, "properties": {"feature_type": "node", "node_id": 138, "degree": 3, "type": "intersection", "betweenness": 0.05730050933786079, "is_critical": false, "is_articulation": true}}, {"type": "Feature", "geometry": {"type": "Point", "coordinates": [77.214008, 28.63601]}, "properties": {"feature_type": "node", "node_id": 141, "degree": 1, "type": "endpoint", "betweenness": 0.0, "is_critical": false, "is_articulation": false}}, {"type": "Feature", "geometry": {"type": "Point", "coordinates": [77.21832, 28.635849]}, "properties": {"feature_type": "node", "node_id": 142, "degree": 3, "type": "intersection", "betweenness": 0.1456510382656393, "is_critical": true, "is_articulation": false}}, {"type": "Feature", "geometry": {"type": "Point", "coordinates": [77.218443, 28.635847]}, "properties": {"feature_type": "node", "node_id": 143, "degree": 3, "type": "intersection", "betweenness": 0.011982499673501372, "is_critical": false, "is_articulation": false}}, {"type": "Feature", "geometry": {"type": "Point", "coordinates": [77.218318, 28.635759]}, "properties": {"feature_type": "node", "node_id": 144, "degree": 3, "type": "intersection", "betweenness": 0.2518936920464934, "is_critical": true, "is_articulation": false}}, {"type": "Feature", "geometry": {"type": "Point", "coordinates": [77.219872, 28.635734]}, "properties": {"feature_type": "node", "node_id": 145, "degree": 4, "type": "intersection", "betweenness": 0.3026968786731096, "is_critical": true, "is_articulation": false}}, {"type": "Feature", "geometry": {"type": "Point", "coordinates": [77.2184, 28.63574]}, "properties": {"feature_type": "node", "node_id": 146, "degree": 3, "type": "intersection", "betweenness": 0.1445409429280397, "is_critical": false, "is_articulation": false}}, {"type": "Feature", "geometry": {"type": "Point", "coordinates": [77.218621, 28.635574]}, "properties": {"feature_type": "node", "node_id": 147, "degree": 3, "type": "intersection", "betweenness": 0.1630207653127857, "is_critical": true, "is_articulation": false}}, {"type": "Feature", "geometry": {"type": "Point", "coordinates": [77.218129, 28.635528]}, "properties": {"feature_type": "node", "node_id": 148, "degree": 3, "type": "intersection", "betweenness": 0.2223455661486222, "is_critical": true, "is_articulation": false}}, {"type": "Feature", "geometry": {"type": "Point", "coordinates": [77.221458, 28.635293]}, "properties": {"feature_type": "node", "node_id": 149, "degree": 3, "type": "intersection", "betweenness": 0.18838970876322322, "is_critical": true, "is_articulation": false}}, {"type": "Feature", "geometry": {"type": "Point", "coordinates": [77.218063, 28.635312]}, "properties": {"feature_type": "node", "node_id": 150, "degree": 3, "type": "intersection", "betweenness": 0.09788428888598669, "is_critical": false, "is_articulation": false}}, {"type": "Feature", "geometry": {"type": "Point", "coordinates": [77.221539, 28.635237]}, "properties": {"feature_type": "node", "node_id": 151, "degree": 3, "type": "intersection", "betweenness": 0.21973357711897612, "is_critical": true, "is_articulation": false}}, {"type": "Feature", "geometry": {"type": "Point", "coordinates": [77.221538, 28.635165]}, "properties": {"feature_type": "node", "node_id": 152, "degree": 3, "type": "intersection", "betweenness": 0.2187867310957294, "is_critical": true, "is_articulation": false}}, {"type": "Feature", "geometry": {"type": "Point", "coordinates": [77.219835, 28.634922]}, "properties": {"feature_type": "node", "node_id": 153, "degree": 4, "type": "intersection", "betweenness": 0.11365417265247488, "is_critical": false, "is_articulation": false}}, {"type": "Feature", "geometry": {"type": "Point", "coordinates": [77.221014, 28.634596]}, "properties": {"feature_type": "node", "node_id": 154, "degree": 4, "type": "intersection", "betweenness": 0.09138696617474207, "is_critical": false, "is_articulation": false}}, {"type": "Feature", "geometry": {"type": "Point", "coordinates": [77.217125, 28.634443]}, "properties": {"feature_type": "node", "node_id": 155, "degree": 3, "type": "intersection", "betweenness": 0.15211571111401334, "is_critical": true, "is_articulation": false}}, {"type": "Feature", "geometry": {"type": "Point", "coordinates": [77.21704, 28.6343]}, "properties": {"feature_type": "node", "node_id": 156, "degree": 4, "type": "intersection", "betweenness": 0.14943842235862612, "is_critical": true, "is_articulation": true}}, {"type": "Feature", "geometry": {"type": "Point", "coordinates": [77.223337, 28.634161]}, "properties": {"feature_type": "node", "node_id": 157, "degree": 1, "type": "endpoint", "betweenness": 0.0, "is_critical": false, "is_articulation": false}}, {"type": "Feature", "geometry": {"type": "Point", "coordinates": [77.222538, 28.63412]}, "properties": {"feature_type": "node", "node_id": 158, "degree": 3, "type": "intersection", "betweenness": 0.13814156980540684, "is_critical": false, "is_articulation": false}}, {"type": "Feature", "geometry": {"type": "Point", "coordinates": [77.219773, 28.633931]}, "properties": {"feature_type": "node", "node_id": 159, "degree": 3, "type": "intersection", "betweenness": 0.19047929998694008, "is_critical": true, "is_articulation": false}}, {"type": "Feature", "geometry": {"type": "Point", "coordinates": [77.217687, 28.633947]}, "properties": {"feature_type": "node", "node_id": 160, "degree": 4, "type": "intersection", "betweenness": 0.04326106830351313, "is_critical": false, "is_articulation": false}}, {"type": "Feature", "geometry": {"type": "Point", "coordinates": [77.221836, 28.633789]}, "properties": {"feature_type": "node", "node_id": 161, "degree": 4, "type": "intersection", "betweenness": 0.017532976361499284, "is_critical": false, "is_articulation": false}}, {"type": "Feature", "geometry": {"type": "Point", "coordinates": [77.220424, 28.633758]}, "properties": {"feature_type": "node", "node_id": 162, "degree": 3, "type": "intersection", "betweenness": 0.19811936789865484, "is_critical": true, "is_articulation": false}}, {"type": "Feature", "geometry": {"type": "Point", "coordinates": [77.223323, 28.633512]}, "properties": {"feature_type": "node", "node_id": 163, "degree": 3, "type": "intersection", "betweenness": 0.03584954943189239, "is_critical": false, "is_articulation": false}}, {"type": "Feature", "geometry": {"type": "Point", "coordinates": [77.222913, 28.633446]}, "properties": {"feature_type": "node", "node_id": 164, "degree": 3, "type": "intersection", "betweenness": 0.1339950372208437, "is_critical": false, "is_articulation": false}}, {"type": "Feature", "geometry": {"type": "Point", "coordinates": [77.224793, 28.633379]}, "properties": {"feature_type": "node", "node_id": 165, "degree": 3, "type": "intersection", "betweenness": 0.032323364241870184, "is_critical": false, "is_articulation": true}}, {"type": "Feature", "geometry": {"type": "Point", "coordinates": [77.218617, 28.633445]}, "properties": {"feature_type": "node", "node_id": 166, "degree": 3, "type": "intersection", "betweenness": 0.11515606634452137, "is_critical": false, "is_articulation": false}}, {"type": "Feature", "geometry": {"type": "Point", "coordinates": [77.220825, 28.633372]}, "properties": {"feature_type": "node", "node_id": 167, "degree": 3, "type": "intersection", "betweenness": 0.13108919942536243, "is_critical": false, "is_articulation": false}}, {"type": "Feature", "geometry": {"type": "Point", "coordinates": [77.224893, 28.633251]}, "properties": {"feature_type": "node", "node_id": 168, "degree": 3, "type": "intersection", "betweenness": 0.02383439989552044, "is_critical": false, "is_articulation": false}}, {"type": "Feature", "geometry": {"type": "Point", "coordinates": [77.213989, 28.633177]}, "properties": {"feature_type": "node", "node_id": 169, "degree": 1, "type": "endpoint", "betweenness": 0.0, "is_critical": false, "is_articulation": false}}, {"type": "Feature", "geometry": {"type": "Point", "coordinates": [77.223374, 28.633006]}, "properties": {"feature_type": "node", "node_id": 170, "degree": 3, "type": "intersection", "betweenness": 0.00812981585477341, "is_critical": false, "is_articulation": false}}, {"type": "Feature", "geometry": {"type": "Point", "coordinates": [77.225991, 28.632945]}, "properties": {"feature_type": "node", "node_id": 171, "degree": 1, "type": "endpoint", "betweenness": 0.0, "is_critical": false, "is_articulation": false}}, {"type": "Feature", "geometry": {"type": "Point", "coordinates": [77.222985, 28.632976]}, "properties": {"feature_type": "node", "node_id": 172, "degree": 3, "type": "intersection", "betweenness": 0.10033302860127988, "is_critical": false, "is_articulation": false}}, {"type": "Feature", "geometry": {"type": "Point", "coordinates": [77.225499, 28.632917]}, "properties": {"feature_type": "node", "node_id": 173, "degree": 3, "type": "intersection", "betweenness": 0.01844717252187541, "is_critical": false, "is_articulation": true}}, {"type": "Feature", "geometry": {"type": "Point", "coordinates": [77.216419, 28.632975]}, "properties": {"feature_type": "node", "node_id": 174, "degree": 3, "type": "intersection", "betweenness": 0.10163902311610293, "is_critical": false, "is_articulation": true}}, {"type": "Feature", "geometry": {"type": "Point", "coordinates": [77.22541, 28.632593]}, "properties": {"feature_type": "node", "node_id": 175, "degree": 3, "type": "intersection", "betweenness": 0.014072090897218233, "is_critical": false, "is_articulation": true}}, {"type": "Feature", "geometry": {"type": "Point", "coordinates": [77.225977, 28.632295]}, "properties": {"feature_type": "node", "node_id": 176, "degree": 1, "type": "endpoint", "betweenness": 0.0, "is_critical": false, "is_articulation": false}}, {"type": "Feature", "geometry": {"type": "Point", "coordinates": [77.218551, 28.632237]}, "properties": {"feature_type": "node", "node_id": 177, "degree": 3, "type": "intersection", "betweenness": 0.1308606503852684, "is_critical": false, "is_articulation": false}}, {"type": "Feature", "geometry": {"type": "Point", "coordinates": [77.220779, 28.632146]}, "properties": {"feature_type": "node", "node_id": 178, "degree": 3, "type": "intersection", "betweenness": 0.14852422619824998, "is_critical": true, "is_articulation": false}}, {"type": "Feature", "geometry": {"type": "Point", "coordinates": [77.213987, 28.632113]}, "properties": {"feature_type": "node", "node_id": 179, "degree": 1, "type": "endpoint", "betweenness": 0.0, "is_critical": false, "is_articulation": false}}, {"type": "Feature", "geometry": {"type": "Point", "coordinates": [77.222838, 28.631841]}, "properties": {"feature_type": "node", "node_id": 180, "degree": 3, "type": "intersection", "betweenness": 0.11669060989943843, "is_critical": false, "is_articulation": false}}, {"type": "Feature", "geometry": {"type": "Point", "coordinates": [77.218952, 28.631851]}, "properties": {"feature_type": "node", "node_id": 181, "degree": 3, "type": "intersection", "betweenness": 0.07297244351573724, "is_critical": false, "is_articulation": false}}, {"type": "Feature", "geometry": {"type": "Point", "coordinates": [77.21754, 28.631838]}, "properties": {"feature_type": "node", "node_id": 182, "degree": 3, "type": "intersection", "betweenness": 0.08426929606895651, "is_critical": false, "is_articulation": false}}, {"type": "Feature", "geometry": {"type": "Point", "coordinates": [77.215801, 28.631776]}, "properties": {"feature_type": "node", "node_id": 183, "degree": 3, "type": "intersection", "betweenness": 0.03144181794436464, "is_critical": false, "is_articulation": true}}, {"type": "Feature", "geometry": {"type": "Point", "coordinates": [77.224736, 28.63163]}, "properties": {"feature_type": "node", "node_id": 184, "degree": 3, "type": "intersection", "betweenness": 0.019230769230769232, "is_critical": false, "is_articulation": true}}, {"type": "Feature", "geometry": {"type": "Point", "coordinates": [77.221688, 28.631626]}, "properties": {"feature_type": "node", "node_id": 185, "degree": 4, "type": "intersection", "betweenness": 0.1447041922423926, "is_critical": false, "is_articulation": false}}, {"type": "Feature", "geometry": {"type": "Point", "coordinates": [77.219582, 28.631642]}, "properties": {"feature_type": "node", "node_id": 186, "degree": 3, "type": "intersection", "betweenness": 0.06451612903225808, "is_critical": false, "is_articulation": false}}, {"type": "Feature", "geometry": {"type": "Point", "coordinates": [77.216676, 28.6316]}, "properties": {"feature_type": "node", "node_id": 187, "degree": 4, "type": "intersection", "betweenness": 0.15067911714770799, "is_critical": true, "is_articulation": false}}, {"type": "Feature", "geometry": {"type": "Point", "coordinates": [77.216942, 28.631577]}, "properties": {"feature_type": "node", "node_id": 188, "degree": 3, "type": "intersection", "betweenness": 0.08159200731356929, "is_critical": false, "is_articulation": false}}, {"type": "Feature", "geometry": {"type": "Point", "coordinates": [77.224077, 28.631442]}, "properties": {"feature_type": "node", "node_id": 189, "degree": 3, "type": "intersection", "betweenness": 0.03398850724826956, "is_critical": false, "is_articulation": true}}, {"type": "Feature", "geometry": {"type": "Point", "coordinates": [77.214038, 28.631589]}, "properties": {"feature_type": "node", "node_id": 190, "degree": 1, "type": "endpoint", "betweenness": 0.0, "is_critical": false, "is_articulation": false}}, {"type": "Feature", "geometry": {"type": "Point", "coordinates": [77.222561, 28.631341]}, "properties": {"feature_type": "node", "node_id": 191, "degree": 3, "type": "intersection", "betweenness": 0.09683949327412826, "is_critical": false, "is_articulation": false}}, {"type": "Feature", "geometry": {"type": "Point", "coordinates": [77.216755, 28.631436]}, "properties": {"feature_type": "node", "node_id": 192, "degree": 4, "type": "intersection", "betweenness": 0.09723129162857518, "is_critical": false, "is_articulation": false}}, {"type": "Feature", "geometry": {"type": "Point", "coordinates": [77.222437, 28.631253]}, "properties": {"feature_type": "node", "node_id": 193, "degree": 4, "type": "intersection", "betweenness": 0.1532258064516129, "is_critical": true, "is_articulation": false}}, {"type": "Feature", "geometry": {"type": "Point", "coordinates": [77.222559, 28.631233]}, "properties": {"feature_type": "node", "node_id": 194, "degree": 3, "type": "intersection", "betweenness": 0.1622045187410213, "is_critical": true, "is_articulation": false}}, {"type": "Feature", "geometry": {"type": "Point", "coordinates": [77.216097, 28.631284]}, "properties": {"feature_type": "node", "node_id": 195, "degree": 3, "type": "intersection", "betweenness": 0.09328065822123548, "is_critical": false, "is_articulation": true}}, {"type": "Feature", "geometry": {"type": "Point", "coordinates": [77.222638, 28.631087]}, "properties": {"feature_type": "node", "node_id": 197, "degree": 3, "type": "intersection", "betweenness": 0.18505942275042447, "is_critical": true, "is_articulation": true}}, {"type": "Feature", "geometry": {"type": "Point", "coordinates": [77.215911, 28.631197]}, "properties": {"feature_type": "node", "node_id": 198, "degree": 3, "type": "intersection", "betweenness": 0.050639937312263295, "is_critical": false, "is_articulation": true}}, {"type": "Feature", "geometry": {"type": "Point", "coordinates": [77.225929, 28.631015]}, "properties": {"feature_type": "node", "node_id": 199, "degree": 1, "type": "endpoint", "betweenness": 0.0, "is_critical": false, "is_articulation": false}}, {"type": "Feature", "geometry": {"type": "Point", "coordinates": [77.22233, 28.631056]}, "properties": {"feature_type": "node", "node_id": 200, "degree": 3, "type": "intersection", "betweenness": 0.05282747812459188, "is_critical": false, "is_articulation": false}}, {"type": "Feature", "geometry": {"type": "Point", "coordinates": [77.216134, 28.631103]}, "properties": {"feature_type": "node", "node_id": 201, "degree": 3, "type": "intersection", "betweenness": 0.06513647642679901, "is_critical": false, "is_articulation": true}}, {"type": "Feature", "geometry": {"type": "Point", "coordinates": [77.214294, 28.631133]}, "properties": {"feature_type": "node", "node_id": 202, "degree": 3, "type": "intersection", "betweenness": 0.015835183492229333, "is_critical": false, "is_articulation": true}}, {"type": "Feature", "geometry": {"type": "Point", "coordinates": [77.215579, 28.630968]}, "properties": {"feature_type": "node", "node_id": 204, "degree": 6, "type": "intersection", "betweenness": 0.04887684471725219, "is_critical": false, "is_articulation": true}}, {"type": "Feature", "geometry": {"type": "Point", "coordinates": [77.220752, 28.630883]}, "properties": {"feature_type": "node", "node_id": 205, "degree": 3, "type": "intersection", "betweenness": 0.009892908449784512, "is_critical": false, "is_articulation": true}}, {"type": "Feature", "geometry": {"type": "Point", "coordinates": [77.215269, 28.630811]}, "properties": {"feature_type": "node", "node_id": 206, "degree": 5, "type": "intersection", "betweenness": 0.03144181794436464, "is_critical": false, "is_articulation": true}}, {"type": "Feature", "geometry": {"type": "Point", "coordinates": [77.223264, 28.630716]}, "properties": {"feature_type": "node", "node_id": 207, "degree": 4, "type": "intersection", "betweenness": 0.17954159592529714, "is_critical": true, "is_articulation": true}}, {"type": "Feature", "geometry": {"type": "Point", "coordinates": [77.214656, 28.630821]}, "properties": {"feature_type": "node", "node_id": 208, "degree": 1, "type": "endpoint", "betweenness": 0.0, "is_critical": false, "is_articulation": false}}, {"type": "Feature", "geometry": {"type": "Point", "coordinates": [77.21629, 28.630758]}, "properties": {"feature_type": "node", "node_id": 209, "degree": 3, "type": "intersection", "betweenness": 0.04691785294501764, "is_critical": false, "is_articulation": true}}, {"type": "Feature", "geometry": {"type": "Point", "coordinates": [77.219521, 28.630705]}, "properties": {"feature_type": "node", "node_id": 210, "degree": 3, "type": "intersection", "betweenness": 0.030494971921117935, "is_critical": false, "is_articulation": false}}, {"type": "Feature", "geometry": {"type": "Point", "coordinates": [77.223323, 28.630588]}, "properties": {"feature_type": "node", "node_id": 211, "degree": 6, "type": "intersection", "betweenness": 0.1673631970745723, "is_critical": true, "is_articulation": true}}, {"type": "Feature", "geometry": {"type": "Point", "coordinates": [77.223485, 28.630514]}, "properties": {"feature_type": "node", "node_id": 212, "degree": 8, "type": "intersection", "betweenness": 0.14747943058639154, "is_critical": true, "is_articulation": true}}, {"type": "Feature", "geometry": {"type": "Point", "coordinates": [77.214163, 28.63072]}, "properties": {"feature_type": "node", "node_id": 213, "degree": 1, "type": "endpoint", "betweenness": 0.0, "is_critical": false, "is_articulation": false}}, {"type": "Feature", "geometry": {"type": "Point", "coordinates": [77.220929, 28.630555]}, "properties": {"feature_type": "node", "node_id": 214, "degree": 1, "type": "endpoint", "betweenness": 0.0, "is_critical": false, "is_articulation": false}}, {"type": "Feature", "geometry": {"type": "Point", "coordinates": [77.223688, 28.630438]}, "properties": {"feature_type": "node", "node_id": 215, "degree": 9, "type": "intersection", "betweenness": 0.12681206738931697, "is_critical": false, "is_articulation": true}}, {"type": "Feature", "geometry": {"type": "Point", "coordinates": [77.223625, 28.630385]}, "properties": {"feature_type": "node", "node_id": 216, "degree": 3, "type": "intersection", "betweenness": 0.0, "is_critical": false, "is_articulation": false}}, {"type": "Feature", "geometry": {"type": "Point", "coordinates": [77.223686, 28.630348]}, "properties": {"feature_type": "node", "node_id": 217, "degree": 3, "type": "intersection", "betweenness": 0.00016324931435287974, "is_critical": false, "is_articulation": false}}, {"type": "Feature", "geometry": {"type": "Point", "coordinates": [77.223991, 28.630289]}, "properties": {"feature_type": "node", "node_id": 218, "degree": 6, "type": "intersection", "betweenness": 0.07502938487658353, "is_critical": false, "is_articulation": false}}, {"type": "Feature", "geometry": {"type": "Point", "coordinates": [77.225996, 28.63031]}, "properties": {"feature_type": "node", "node_id": 219, "degree": 1, "type": "endpoint", "betweenness": 0.0, "is_critical": false, "is_articulation": false}}, {"type": "Feature", "geometry": {"type": "Point", "coordinates": [77.223746, 28.630311]}, "properties": {"feature_type": "node", "node_id": 220, "degree": 3, "type": "intersection", "betweenness": 0.015508684863523576, "is_critical": false, "is_articulation": false}}, {"type": "Feature", "geometry": {"type": "Point", "coordinates": [77.217755, 28.630391]}, "properties": {"feature_type": "node", "node_id": 221, "degree": 3, "type": "intersection", "betweenness": 0.060402246310565504, "is_critical": false, "is_articulation": false}}, {"type": "Feature", "geometry": {"type": "Point", "coordinates": [77.217919, 28.63037]}, "properties": {"feature_type": "node", "node_id": 222, "degree": 3, "type": "intersection", "betweenness": 0.04437116364111271, "is_critical": false, "is_articulation": false}}, {"type": "Feature", "geometry": {"type": "Point", "coordinates": [77.223848, 28.630255]}, "properties": {"feature_type": "node", "node_id": 223, "degree": 3, "type": "intersection", "betweenness": 0.008358364894867442, "is_critical": false, "is_articulation": false}}, {"type": "Feature", "geometry": {"type": "Point", "coordinates": [77.223929, 28.630218]}, "properties": {"feature_type": "node", "node_id": 224, "degree": 4, "type": "intersection", "betweenness": 0.0010447956118584303, "is_critical": false, "is_articulation": false}}, {"type": "Feature", "geometry": {"type": "Point", "coordinates": [77.224456, 28.63001]}, "properties": {"feature_type": "node", "node_id": 225, "degree": 13, "type": "intersection", "betweenness": 0.05481911975969701, "is_critical": false, "is_articulation": true}}, {"type": "Feature", "geometry": {"type": "Point", "coordinates": [77.221352, 28.630224]}, "properties": {"feature_type": "node", "node_id": 226, "degree": 3, "type": "intersection", "betweenness": 0.049007444168734496, "is_critical": false, "is_articulation": false}}, {"type": "Feature", "geometry": {"type": "Point", "coordinates": [77.22405, 28.630143]}, "properties": {"feature_type": "node", "node_id": 227, "degree": 5, "type": "intersection", "betweenness": 0.008978712289408386, "is_critical": false, "is_articulation": true}}, {"type": "Feature", "geometry": {"type": "Point", "coordinates": [77.218039, 28.630242]}, "properties": {"feature_type": "node", "node_id": 228, "degree": 3, "type": "intersection", "betweenness": 0.037351443123938885, "is_critical": false, "is_articulation": false}}, {"type": "Feature", "geometry": {"type": "Point", "coordinates": [77.214153, 28.630287]}, "properties": {"feature_type": "node", "node_id": 229, "degree": 3, "type": "intersection", "betweenness": 0.015835183492229333, "is_critical": false, "is_articulation": true}}, {"type": "Feature", "geometry": {"type": "Point", "coordinates": [77.21724, 28.630201]}, "properties": {"feature_type": "node", "node_id": 230, "degree": 1, "type": "endpoint", "betweenness": 0.0, "is_critical": false, "is_articulation": false}}, {"type": "Feature", "geometry": {"type": "Point", "coordinates": [77.221104, 28.63012]}, "properties": {"feature_type": "node", "node_id": 231, "degree": 3, "type": "intersection", "betweenness": 0.041334726394149146, "is_critical": false, "is_articulation": false}}, {"type": "Feature", "geometry": {"type": "Point", "coordinates": [77.213968, 28.6302]}, "properties": {"feature_type": "node", "node_id": 232, "degree": 1, "type": "endpoint", "betweenness": 0.0, "is_critical": false, "is_articulation": false}}, {"type": "Feature", "geometry": {"type": "Point", "coordinates": [77.217665, 28.629995]}, "properties": {"feature_type": "node", "node_id": 233, "degree": 8, "type": "intersection", "betweenness": 0.03153976753297637, "is_critical": false, "is_articulation": true}}, {"type": "Feature", "geometry": {"type": "Point", "coordinates": [77.224353, 28.629958]}, "properties": {"feature_type": "node", "node_id": 234, "degree": 3, "type": "intersection", "betweenness": 0.007933916677549955, "is_critical": false, "is_articulation": true}}, {"type": "Feature", "geometry": {"type": "Point", "coordinates": [77.221346, 28.629953]}, "properties": {"feature_type": "node", "node_id": 235, "degree": 3, "type": "intersection", "betweenness": 0.007933916677549955, "is_critical": false, "is_articulation": true}}, {"type": "Feature", "geometry": {"type": "Point", "coordinates": [77.215558, 28.629976]}, "properties": {"feature_type": "node", "node_id": 236, "degree": 3, "type": "intersection", "betweenness": 0.015835183492229333, "is_critical": false, "is_articulation": true}}, {"type": "Feature", "geometry": {"type": "Point", "coordinates": [77.219484, 28.629911]}, "properties": {"feature_type": "node", "node_id": 237, "degree": 4, "type": "intersection", "betweenness": 0.06033694658482435, "is_critical": false, "is_articulation": true}}, {"type": "Feature", "geometry": {"type": "Point", "coordinates": [77.215211, 28.629981]}, "properties": {"feature_type": "node", "node_id": 238, "degree": 1, "type": "endpoint", "betweenness": 0.0, "is_critical": false, "is_articulation": false}}, {"type": "Feature", "geometry": {"type": "Point", "coordinates": [77.21703, 28.629952]}, "properties": {"feature_type": "node", "node_id": 239, "degree": 3, "type": "intersection", "betweenness": 0.015835183492229333, "is_critical": false, "is_articulation": true}}, {"type": "Feature", "geometry": {"type": "Point", "coordinates": [77.219667, 28.629872]}, "properties": {"feature_type": "node", "node_id": 240, "degree": 3, "type": "intersection", "betweenness": 0.048648295677158164, "is_critical": false, "is_articulation": true}}, {"type": "Feature", "geometry": {"type": "Point", "coordinates": [77.224675, 28.629736]}, "properties": {"feature_type": "node", "node_id": 242, "degree": 1, "type": "endpoint", "betweenness": 0.0, "is_critical": false, "is_articulation": false}}, {"type": "Feature", "geometry": {"type": "Point", "coordinates": [77.225084, 28.629729]}, "properties": {"feature_type": "node", "node_id": 243, "degree": 1, "type": "endpoint", "betweenness": 0.0, "is_critical": false, "is_articulation": false}}, {"type": "Feature", "geometry": {"type": "Point", "coordinates": [77.222405, 28.629737]}, "properties": {"feature_type": "node", "node_id": 245, "degree": 1, "type": "endpoint", "betweenness": 0.0, "is_critical": false, "is_articulation": false}}, {"type": "Feature", "geometry": {"type": "Point", "coordinates": [77.221525, 28.629734]}, "properties": {"feature_type": "node", "node_id": 247, "degree": 1, "type": "endpoint", "betweenness": 0.0, "is_critical": false, "is_articulation": false}}, {"type": "Feature", "geometry": {"type": "Point", "coordinates": [77.21948, 28.629749]}, "properties": {"feature_type": "node", "node_id": 248, "degree": 1, "type": "endpoint", "betweenness": 0.0, "is_critical": false, "is_articulation": false}}, {"type": "Feature", "geometry": {"type": "Point", "coordinates": [77.219583, 28.629747]}, "properties": {"feature_type": "node", "node_id": 249, "degree": 1, "type": "endpoint", "betweenness": 0.0, "is_critical": false, "is_articulation": false}}, {"type": "Feature", "geometry": {"type": "Point", "coordinates": [77.217394, 28.629729]}, "properties": {"feature_type": "node", "node_id": 251, "degree": 1, "type": "endpoint", "betweenness": 0.0, "is_critical": false, "is_articulation": false}}, {"type": "Feature", "geometry": {"type": "Point", "coordinates": [77.217537, 28.629727]}, "properties": {"feature_type": "node", "node_id": 252, "degree": 1, "type": "endpoint", "betweenness": 0.0, "is_critical": false, "is_articulation": false}}, {"type": "Feature", "geometry": {"type": "Point", "coordinates": [77.215717, 28.629739]}, "properties": {"feature_type": "node", "node_id": 253, "degree": 1, "type": "endpoint", "betweenness": 0.0, "is_critical": false, "is_articulation": false}}, {"type": "Feature", "geometry": {"type": "Point", "coordinates": [77.216105, 28.629732]}, "properties": {"feature_type": "node", "node_id": 254, "degree": 1, "type": "endpoint", "betweenness": 0.0, "is_critical": false, "is_articulation": false}}, {"type": "Feature", "geometry": {"type": "Point", "coordinates": [77.21451, 28.62974]}, "properties": {"feature_type": "node", "node_id": 255, "degree": 1, "type": "endpoint", "betweenness": 0.0, "is_critical": false, "is_articulation": false}}, {"type": "Feature", "geometry": {"type": "Point", "coordinates": [77.223941, 28.638572]}, "properties": {"feature_type": "node", "node_id": 256, "degree": 2, "type": "intersection", "betweenness": 0.0, "is_critical": false, "is_articulation": false}}, {"type": "Feature", "geometry": {"type": "Point", "coordinates": [77.215548, 28.630941]}, "properties": {"feature_type": "node", "node_id": 257, "degree": 2, "type": "intersection", "betweenness": 0.0, "is_critical": false, "is_articulation": false}}, {"type": "Feature", "geometry": {"type": "Point", "coordinates": [77.21527, 28.630865]}, "properties": {"feature_type": "node", "node_id": 258, "degree": 2, "type": "intersection", "betweenness": 0.0, "is_critical": false, "is_articulation": false}}, {"type": "Feature", "geometry": {"type": "Point", "coordinates": [77.223305, 28.630715]}, "properties": {"feature_type": "node", "node_id": 259, "degree": 2, "type": "intersection", "betweenness": 0.0, "is_critical": false, "is_articulation": false}}, {"type": "Feature", "geometry": {"type": "Point", "coordinates": [77.223384, 28.630569]}, "properties": {"feature_type": "node", "node_id": 260, "degree": 2, "type": "intersection", "betweenness": 0.0, "is_critical": false, "is_articulation": false}}, {"type": "Feature", "geometry": {"type": "Point", "coordinates": [77.223548, 28.630585]}, "properties": {"feature_type": "node", "node_id": 261, "degree": 2, "type": "intersection", "betweenness": 0.0, "is_critical": false, "is_articulation": false}}, {"type": "Feature", "geometry": {"type": "Point", "coordinates": [77.223423, 28.630478]}, "properties": {"feature_type": "node", "node_id": 262, "degree": 2, "type": "intersection", "betweenness": 0.0, "is_critical": false, "is_articulation": false}}, {"type": "Feature", "geometry": {"type": "Point", "coordinates": [77.223709, 28.630492]}, "properties": {"feature_type": "node", "node_id": 263, "degree": 2, "type": "intersection", "betweenness": 0.0, "is_critical": false, "is_articulation": false}}, {"type": "Feature", "geometry": {"type": "Point", "coordinates": [77.224152, 28.630149]}, "properties": {"feature_type": "node", "node_id": 264, "degree": 2, "type": "intersection", "betweenness": 0.0, "is_critical": false, "is_articulation": false}}, {"type": "Feature", "geometry": {"type": "Point", "coordinates": [77.224253, 28.630068]}, "properties": {"feature_type": "node", "node_id": 265, "degree": 2, "type": "intersection", "betweenness": 0.0, "is_critical": false, "is_articulation": false}}, {"type": "Feature", "geometry": {"type": "Point", "coordinates": [77.224191, 28.630033]}, "properties": {"feature_type": "node", "node_id": 266, "degree": 2, "type": "intersection", "betweenness": 0.0, "is_critical": false, "is_articulation": false}}, {"type": "Feature", "geometry": {"type": "Point", "coordinates": [77.224921, 28.62975]}, "properties": {"feature_type": "node", "node_id": 267, "degree": 2, "type": "intersection", "betweenness": 0.0, "is_critical": false, "is_articulation": false}}, {"type": "Feature", "geometry": {"type": "Point", "coordinates": [77.224091, 28.630161]}, "properties": {"feature_type": "node", "node_id": 268, "degree": 2, "type": "intersection", "betweenness": 0.0, "is_critical": false, "is_articulation": false}}, {"type": "Feature", "geometry": {"type": "Point", "coordinates": [77.217625, 28.630014]}, "properties": {"feature_type": "node", "node_id": 269, "degree": 2, "type": "intersection", "betweenness": 0.0, "is_critical": false, "is_articulation": false}}, {"type": "Feature", "geometry": {"type": "Point", "coordinates": [77.217583, 28.629961]}, "properties": {"feature_type": "node", "node_id": 270, "degree": 2, "type": "intersection", "betweenness": 0.0, "is_critical": false, "is_articulation": false}}, {"type": "Feature", "geometry": {"type": "LineString", "coordinates": [[77.225143, 28.640267], [77.225038, 28.64016]]}, "properties": {"feature_type": "edge", "u": 0, "v": 7, "edge_key": 0, "length_m": 16.142, "is_bridged": false, "is_bridge": true, "edge_betweenness": 0.0, "width_m": 8.54}}, {"type": "Feature", "geometry": {"type": "LineString", "coordinates": [[77.225306, 28.640264], [77.225118, 28.640051], [77.224738, 28.639516], [77.224507, 28.639231], [77.224465, 28.639159], [77.224464, 28.639105]]}, "properties": {"feature_type": "edge", "u": 1, "v": 31, "edge_key": 0, "length_m": 163.137, "is_bridged": false, "is_bridge": true, "edge_betweenness": 0.0, "width_m": 8.817}}, {"type": "Feature", "geometry": {"type": "LineString", "coordinates": [[77.223445, 28.640277], [77.223424, 28.640241], [77.223416, 28.639844], [77.223395, 28.639827], [77.223392, 28.639664], [77.223411, 28.639628]]}, "properties": {"feature_type": "edge", "u": 2, "v": 18, "edge_key": 0, "length_m": 74.129, "is_bridged": false, "is_bridge": true, "edge_betweenness": 0.0, "width_m": 8.118}}, {"type": "Feature", "geometry": {"type": "LineString", "coordinates": [[77.224836, 28.640254], [77.224877, 28.640253], [77.225038, 28.64016]]}, "properties": {"feature_type": "edge", "u": 3, "v": 7, "edge_key": 0, "length_m": 24.142, "is_bridged": false, "is_bridge": true, "edge_betweenness": 0.0, "width_m": 8.601}}, {"type": "Feature", "geometry": {"type": "LineString", "coordinates": [[77.218679, 28.640265], [77.218678, 28.640193], [77.218657, 28.640175], [77.218655, 28.640085], [77.218695, 28.640048], [77.218688, 28.639705], [77.218667, 28.639687]]}, "properties": {"feature_type": "edge", "u": 6, "v": 20, "edge_key": 0, "length_m": 67.314, "is_bridged": false, "is_bridge": true, "edge_betweenness": 0.0, "width_m": 13.362}}, {"type": "Feature", "geometry": {"type": "LineString", "coordinates": [[77.225038, 28.64016], [77.224932, 28.639982], [77.224723, 28.639733], [77.224512, 28.639429], [77.224302, 28.639198]]}, "properties": {"feature_type": "edge", "u": 7, "v": 29, "edge_key": 0, "length_m": 136.995, "is_bridged": false, "is_bridge": true, "edge_betweenness": 0.0, "width_m": 8.952}}, {"type": "Feature", "geometry": {"type": "LineString", "coordinates": [[77.21645, 28.640283], [77.216406, 28.64014], [77.216426, 28.640103], [77.21671, 28.63999]]}, "properties": {"feature_type": "edge", "u": 8, "v": 16, "edge_key": 0, "length_m": 55.456, "is_bridged": false, "is_bridge": true, "edge_betweenness": 0.0, "width_m": 8.34}}, {"type": "Feature", "geometry": {"type": "LineString", "coordinates": [[77.215018, 28.640271], [77.215016, 28.64018], [77.214808, 28.640021], [77.214394, 28.639794], [77.214188, 28.639707], [77.214023, 28.639673]]}, "properties": {"feature_type": "edge", "u": 10, "v": 23, "edge_key": 0, "length_m": 130.024, "is_bridged": false, "is_bridge": true, "edge_betweenness": 0.0, "width_m": 8.769}}, {"type": "Feature", "geometry": {"type": "LineString", "coordinates": [[77.21694, 28.640239], [77.21671, 28.63999]]}, "properties": {"feature_type": "edge", "u": 11, "v": 16, "edge_key": 0, "length_m": 37.113, "is_bridged": false, "is_bridge": true, "edge_betweenness": 0.0, "width_m": 9.085}}, {"type": "Feature", "geometry": {"type": "LineString", "coordinates": [[77.215772, 28.64015], [77.215322, 28.640157]]}, "properties": {"feature_type": "edge", "u": 13, "v": 14, "edge_key": 0, "length_m": 44.0, "is_bridged": false, "is_bridge": true, "edge_betweenness": 0.0, "width_m": 8.158}}, {"type": "Feature", "geometry": {"type": "LineString", "coordinates": [[77.215772, 28.64015], [77.215833, 28.640149], [77.215914, 28.640112], [77.216521, 28.639759]]}, "properties": {"feature_type": "edge", "u": 13, "v": 17, "edge_key": 0, "length_m": 91.397, "is_bridged": false, "is_bridge": true, "edge_betweenness": 0.0, "width_m": 9.065}}, {"type": "Feature", "geometry": {"type": "LineString", "coordinates": [[77.215772, 28.64015], [77.215751, 28.640114], [77.215723, 28.639754], [77.215595, 28.639521]]}, "properties": {"feature_type": "edge", "u": 13, "v": 24, "edge_key": 0, "length_m": 76.271, "is_bridged": false, "is_bridge": true, "edge_betweenness": 0.0, "width_m": 8.445}}, {"type": "Feature", "geometry": {"type": "LineString", "coordinates": [[77.21671, 28.63999], [77.216604, 28.63983], [77.216521, 28.639759]]}, "properties": {"feature_type": "edge", "u": 16, "v": 17, "edge_key": 0, "length_m": 33.456, "is_bridged": false, "is_bridge": true, "edge_betweenness": 0.0, "width_m": 9.178}}, {"type": "Feature", "geometry": {"type": "LineString", "coordinates": [[77.216521, 28.639759], [77.216478, 28.639669], [77.216415, 28.639616], [77.21547, 28.638423], [77.214691, 28.637371]]}, "properties": {"feature_type": "edge", "u": 17, "v": 90, "edge_key": 0, "length_m": 340.073, "is_bridged": false, "is_bridge": true, "edge_betweenness": 0.0, "width_m": 8.937}}, {"type": "Feature", "geometry": {"type": "LineString", "coordinates": [[77.223411, 28.639628], [77.22339, 28.63961], [77.223357, 28.638979], [77.223336, 28.638961]]}, "properties": {"feature_type": "edge", "u": 18, "v": 40, "edge_key": 0, "length_m": 76.485, "is_bridged": false, "is_bridge": false, "edge_betweenness": 0.0, "width_m": 8.224}}, {"type": "Feature", "geometry": {"type": "LineString", "coordinates": [[77.223411, 28.639628], [77.223533, 28.639608], [77.22412, 28.639273], [77.224302, 28.639198]]}, "properties": {"feature_type": "edge", "u": 18, "v": 29, "edge_key": 0, "length_m": 107.054, "is_bridged": false, "is_bridge": false, "edge_betweenness": 0.0, "width_m": 9.003}}, {"type": "Feature", "geometry": {"type": "LineString", "coordinates": [[77.218585, 28.639689], [77.218667, 28.639687]]}, "properties": {"feature_type": "edge", "u": 19, "v": 20, "edge_key": 0, "length_m": 8.0, "is_bridged": false, "is_bridge": false, "edge_betweenness": 0.0, "width_m": 17.123}}, {"type": "Feature", "geometry": {"type": "LineString", "coordinates": [[77.218585, 28.639689], [77.218522, 28.6396]]}, "properties": {"feature_type": "edge", "u": 19, "v": 22, "edge_key": 0, "length_m": 12.129, "is_bridged": false, "is_bridge": false, "edge_betweenness": 0.0, "width_m": 11.252}}, {"type": "Feature", "geometry": {"type": "LineString", "coordinates": [[77.21844, 28.639601], [77.218448, 28.639998], [77.21847, 28.640052], [77.218511, 28.640069], [77.218552, 28.64005], [77.218545, 28.639726], [77.218585, 28.639689]]}, "properties": {"feature_type": "edge", "u": 19, "v": 21, "edge_key": 0, "length_m": 101.43, "is_bridged": false, "is_bridge": false, "edge_betweenness": 0.0, "width_m": 8.522}}, {"type": "Feature", "geometry": {"type": "LineString", "coordinates": [[77.218667, 28.639687], [77.21866, 28.639345], [77.218639, 28.639327]]}, "properties": {"feature_type": "edge", "u": 20, "v": 27, "edge_key": 0, "length_m": 40.828, "is_bridged": false, "is_bridge": false, "edge_betweenness": 0.0, "width_m": 16.519}}, {"type": "Feature", "geometry": {"type": "LineString", "coordinates": [[77.21844, 28.639601], [77.218522, 28.6396]]}, "properties": {"feature_type": "edge", "u": 21, "v": 22, "edge_key": 0, "length_m": 8.0, "is_bridged": false, "is_bridge": false, "edge_betweenness": 0.0, "width_m": 9.105}}, {"type": "Feature", "geometry": {"type": "LineString", "coordinates": [[77.21844, 28.639601], [77.218418, 28.639547], [77.218412, 28.639259], [77.218453, 28.639222]]}, "properties": {"feature_type": "edge", "u": 21, "v": 30, "edge_key": 0, "length_m": 44.485, "is_bridged": false, "is_bridge": false, "edge_betweenness": 0.0, "width_m": 8.571}}, {"type": "Feature", "geometry": {"type": "LineString", "coordinates": [[77.218522, 28.6396], [77.218517, 28.639365], [77.218557, 28.639328]]}, "properties": {"feature_type": "edge", "u": 22, "v": 26, "edge_key": 0, "length_m": 31.657, "is_bridged": false, "is_bridge": false, "edge_betweenness": 0.0, "width_m": 9.021}}, {"type": "Feature", "geometry": {"type": "LineString", "coordinates": [[77.214958, 28.639387], [77.214898, 28.639424], [77.214158, 28.639256], [77.214055, 28.639258], [77.214016, 28.639312], [77.214017, 28.639367]]}, "properties": {"feature_type": "edge", "u": 25, "v": 28, "edge_key": 0, "length_m": 111.598, "is_bridged": false, "is_bridge": true, "edge_betweenness": 0.0, "width_m": 8.081}}, {"type": "Feature", "geometry": {"type": "LineString", "coordinates": [[77.214958, 28.639387], [77.21502, 28.639422], [77.215102, 28.639421], [77.215688, 28.639087], [77.215769, 28.639013], [77.215768, 28.638977], [77.215684, 28.63887], [77.21558, 28.6388]]}, "properties": {"feature_type": "edge", "u": 25, "v": 51, "edge_key": 0, "length_m": 132.064, "is_bridged": false, "is_bridge": false, "edge_betweenness": 0.0, "width_m": 8.998}}, {"type": "Feature", "geometry": {"type": "LineString", "coordinates": [[77.214958, 28.639387], [77.214978, 28.639333], [77.214893, 28.639208], [77.215115, 28.63906], [77.215176, 28.639041], [77.215256, 28.638949]]}, "properties": {"feature_type": "edge", "u": 25, "v": 44, "edge_key": 0, "length_m": 71.695, "is_bridged": false, "is_bridge": false, "edge_betweenness": 0.0, "width_m": 8.855}}, {"type": "Feature", "geometry": {"type": "LineString", "coordinates": [[77.218557, 28.639328], [77.218639, 28.639327]]}, "properties": {"feature_type": "edge", "u": 26, "v": 27, "edge_key": 0, "length_m": 8.0, "is_bridged": false, "is_bridge": false, "edge_betweenness": 0.0, "width_m": 17.123}}, {"type": "Feature", "geometry": {"type": "LineString", "coordinates": [[77.218557, 28.639328], [77.218453, 28.639222]]}, "properties": {"feature_type": "edge", "u": 26, "v": 30, "edge_key": 0, "length_m": 16.142, "is_bridged": false, "is_bridge": false, "edge_betweenness": 0.0, "width_m": 11.698}}, {"type": "Feature", "geometry": {"type": "LineString", "coordinates": [[77.218639, 28.639327], [77.218633, 28.639038]]}, "properties": {"feature_type": "edge", "u": 27, "v": 38, "edge_key": 0, "length_m": 32.0, "is_bridged": false, "is_bridge": false, "edge_betweenness": 0.0, "width_m": 16.159}}, {"type": "Feature", "geometry": {"type": "LineString", "coordinates": [[77.224302, 28.639198], [77.22428, 28.639126], [77.224049, 28.638841], [77.223942, 28.638627]]}, "properties": {"feature_type": "edge", "u": 29, "v": 46, "edge_key": 0, "length_m": 76.467, "is_bridged": false, "is_bridge": false, "edge_betweenness": 0.0, "width_m": 8.793}}, {"type": "Feature", "geometry": {"type": "LineString", "coordinates": [[77.218453, 28.639222], [77.218451, 28.639168]]}, "properties": {"feature_type": "edge", "u": 30, "v": 32, "edge_key": 0, "length_m": 6.0, "is_bridged": false, "is_bridge": false, "edge_betweenness": 0.0, "width_m": 14.667}}, {"type": "Feature", "geometry": {"type": "LineString", "coordinates": [[77.224464, 28.639105], [77.224339, 28.639017], [77.224171, 28.638785], [77.224087, 28.638714]]}, "properties": {"feature_type": "edge", "u": 31, "v": 49, "edge_key": 0, "length_m": 59.727, "is_bridged": false, "is_bridge": true, "edge_betweenness": 0.0, "width_m": 8.862}}, {"type": "Feature", "geometry": {"type": "LineString", "coordinates": [[77.224464, 28.639105], [77.224505, 28.639105], [77.225979, 28.638214]]}, "properties": {"feature_type": "edge", "u": 31, "v": 65, "edge_key": 0, "length_m": 189.765, "is_bridged": false, "is_bridge": true, "edge_betweenness": 0.0, "width_m": 8.932}}, {"type": "Feature", "geometry": {"type": "LineString", "coordinates": [[77.218451, 28.639168], [77.21841, 28.63915], [77.218389, 28.639097], [77.218384, 28.63888], [77.218424, 28.638843]]}, "properties": {"feature_type": "edge", "u": 32, "v": 48, "edge_key": 0, "length_m": 40.957, "is_bridged": false, "is_bridge": false, "edge_betweenness": 0.0, "width_m": 8.892}}, {"type": "Feature", "geometry": {"type": "LineString", "coordinates": [[77.218451, 28.639168], [77.218492, 28.639149], [77.218489, 28.638987], [77.218529, 28.63895]]}, "properties": {"feature_type": "edge", "u": 32, "v": 43, "edge_key": 0, "length_m": 28.129, "is_bridged": false, "is_bridge": false, "edge_betweenness": 0.0, "width_m": 9.558}}, {"type": "Feature", "geometry": {"type": "LineString", "coordinates": [[77.214709, 28.639229], [77.214688, 28.639193], [77.214565, 28.639177], [77.214524, 28.639142]]}, "properties": {"feature_type": "edge", "u": 33, "v": 37, "edge_key": 0, "length_m": 23.314, "is_bridged": false, "is_bridge": true, "edge_betweenness": 0.0, "width_m": 8.066}}, {"type": "Feature", "geometry": {"type": "LineString", "coordinates": [[77.222846, 28.639005], [77.223336, 28.638961]]}, "properties": {"feature_type": "edge", "u": 36, "v": 40, "edge_key": 0, "length_m": 49.657, "is_bridged": false, "is_bridge": true, "edge_betweenness": 0.0, "width_m": 8.267}}, {"type": "Feature", "geometry": {"type": "LineString", "coordinates": [[77.214524, 28.639142], [77.214401, 28.639144], [77.214298, 28.639109]]}, "properties": {"feature_type": "edge", "u": 37, "v": 39, "edge_key": 0, "length_m": 23.657, "is_bridged": false, "is_bridge": true, "edge_betweenness": 0.0, "width_m": 8.559}}, {"type": "Feature", "geometry": {"type": "LineString", "coordinates": [[77.214524, 28.639142], [77.214562, 28.639033]]}, "properties": {"feature_type": "edge", "u": 37, "v": 41, "edge_key": 0, "length_m": 13.301, "is_bridged": false, "is_bridge": true, "edge_betweenness": 0.0, "width_m": 9.418}}, {"type": "Feature", "geometry": {"type": "LineString", "coordinates": [[77.218633, 28.639038], [77.218529, 28.63895]]}, "properties": {"feature_type": "edge", "u": 38, "v": 43, "edge_key": 0, "length_m": 14.957, "is_bridged": false, "is_bridge": false, "edge_betweenness": 0.0, "width_m": 10.778}}, {"type": "Feature", "geometry": {"type": "LineString", "coordinates": [[77.218633, 28.639038], [77.218673, 28.63902], [77.218671, 28.638911], [77.218609, 28.638858]]}, "properties": {"feature_type": "edge", "u": 38, "v": 45, "edge_key": 0, "length_m": 24.957, "is_bridged": false, "is_bridge": false, "edge_betweenness": 0.0, "width_m": 10.013}}, {"type": "Feature", "geometry": {"type": "LineString", "coordinates": [[77.223336, 28.638961], [77.223273, 28.637934], [77.223374, 28.637842]]}, "properties": {"feature_type": "edge", "u": 40, "v": 74, "edge_key": 0, "length_m": 129.799, "is_bridged": false, "is_bridge": false, "edge_betweenness": 0.0, "width_m": 8.614}}, {"type": "Feature", "geometry": {"type": "LineString", "coordinates": [[77.214562, 28.639033], [77.214289, 28.638676]]}, "properties": {"feature_type": "edge", "u": 41, "v": 57, "edge_key": 0, "length_m": 50.77, "is_bridged": false, "is_bridge": false, "edge_betweenness": 0.0, "width_m": 9.201}}, {"type": "Feature", "geometry": {"type": "LineString", "coordinates": [[77.214562, 28.639033], [77.214664, 28.639013], [77.214804, 28.638885]]}, "properties": {"feature_type": "edge", "u": 41, "v": 47, "edge_key": 0, "length_m": 31.443, "is_bridged": false, "is_bridge": false, "edge_betweenness": 0.0, "width_m": 9.26}}, {"type": "Feature", "geometry": {"type": "LineString", "coordinates": [[77.218529, 28.63895], [77.218424, 28.638843]]}, "properties": {"feature_type": "edge", "u": 43, "v": 48, "edge_key": 0, "length_m": 16.142, "is_bridged": false, "is_bridge": false, "edge_betweenness": 0.0, "width_m": 11.648}}, {"type": "Feature", "geometry": {"type": "LineString", "coordinates": [[77.218529, 28.63895], [77.218609, 28.638858]]}, "properties": {"feature_type": "edge", "u": 43, "v": 45, "edge_key": 0, "length_m": 13.314, "is_bridged": false, "is_bridge": false, "edge_betweenness": 0.0, "width_m": 12.852}}, {"type": "Feature", "geometry": {"type": "LineString", "coordinates": [[77.215256, 28.638949], [77.215151, 28.638825], [77.21515, 28.638789], [77.215088, 28.638736]]}, "properties": {"feature_type": "edge", "u": 44, "v": 54, "edge_key": 0, "length_m": 30.627, "is_bridged": false, "is_bridge": false, "edge_betweenness": 0.0, "width_m": 9.082}}, {"type": "Feature", "geometry": {"type": "LineString", "coordinates": [[77.215256, 28.638949], [77.215317, 28.638948], [77.21558, 28.6388]]}, "properties": {"feature_type": "edge", "u": 44, "v": 51, "edge_key": 0, "length_m": 38.627, "is_bridged": false, "is_bridge": false, "edge_betweenness": 0.0, "width_m": 9.224}}, {"type": "Feature", "geometry": {"type": "LineString", "coordinates": [[77.218609, 28.638858], [77.218605, 28.638678]]}, "properties": {"feature_type": "edge", "u": 45, "v": 55, "edge_key": 0, "length_m": 20.0, "is_bridged": false, "is_bridge": false, "edge_betweenness": 0.0, "width_m": 15.6}}, {"type": "Feature", "geometry": {"type": "LineString", "coordinates": [[77.223942, 28.638627], [77.224047, 28.638751], [77.224087, 28.638714]]}, "properties": {"feature_type": "edge", "u": 46, "v": 49, "edge_key": 0, "length_m": 22.862, "is_bridged": false, "is_bridge": false, "edge_betweenness": 0.0, "width_m": 5.0}}, {"type": "Feature", "geometry": {"type": "LineString", "coordinates": [[77.223942, 28.638627], [77.224005, 28.638698], [77.224045, 28.638661]]}, "properties": {"feature_type": "edge", "u": 46, "v": 53, "edge_key": 0, "length_m": 15.657, "is_bridged": false, "is_bridge": false, "edge_betweenness": 0.0, "width_m": 5.0}}, {"type": "Feature", "geometry": {"type": "LineString", "coordinates": [[77.223942, 28.638627], [77.223963, 28.638644], [77.224003, 28.638607]]}, "properties": {"feature_type": "edge", "u": 46, "v": 56, "edge_key": 0, "length_m": 8.485, "is_bridged": false, "is_bridge": false, "edge_betweenness": 0.0, "width_m": 5.0}}, {"type": "Feature", "geometry": {"type": "LineString", "coordinates": [[77.223942, 28.638627], [77.223982, 28.638572], [77.224003, 28.638607]]}, "properties": {"feature_type": "edge", "u": 46, "v": 56, "edge_key": 1, "length_m": 12.04, "is_bridged": false, "is_bridge": false, "edge_betweenness": 0.0, "width_m": 7.472}}, {"type": "Feature", "geometry": {"type": "LineString", "coordinates": [[77.223942, 28.638627], [77.223941, 28.638572]]}, "properties": {"feature_type": "edge", "u": 46, "v": 256, "edge_key": 0, "length_m": 6.0, "is_bridged": false, "is_bridge": false, "edge_betweenness": 0.0, "width_m": 4.0}}, {"type": "Feature", "geometry": {"type": "LineString", "coordinates": [[77.223941, 28.638572], [77.223942, 28.638627]]}, "properties": {"feature_type": "edge", "u": 46, "v": 256, "edge_key": 1, "length_m": 6.0, "is_bridged": false, "is_bridge": false, "edge_betweenness": 0.0, "width_m": 4.0}}, {"type": "Feature", "geometry": {"type": "LineString", "coordinates": [[77.223942, 28.638627], [77.223838, 28.638538], [77.223753, 28.638359]]}, "properties": {"feature_type": "edge", "u": 46, "v": 58, "edge_key": 0, "length_m": 35.683, "is_bridged": false, "is_bridge": false, "edge_betweenness": 0.0, "width_m": 6.2}}, {"type": "Feature", "geometry": {"type": "LineString", "coordinates": [[77.223942, 28.638627], [77.223898, 28.638483], [77.223753, 28.638359]]}, "properties": {"feature_type": "edge", "u": 46, "v": 58, "edge_key": 1, "length_m": 36.291, "is_bridged": false, "is_bridge": false, "edge_betweenness": 0.0, "width_m": 5.105}}, {"type": "Feature", "geometry": {"type": "LineString", "coordinates": [[77.214804, 28.638885], [77.214678, 28.638706], [77.214532, 28.638564]]}, "properties": {"feature_type": "edge", "u": 47, "v": 61, "edge_key": 0, "length_m": 46.77, "is_bridged": false, "is_bridge": false, "edge_betweenness": 0.0, "width_m": 9.18}}, {"type": "Feature", "geometry": {"type": "LineString", "coordinates": [[77.214804, 28.638885], [77.214906, 28.638865], [77.215068, 28.638772], [77.215088, 28.638736]]}, "properties": {"feature_type": "edge", "u": 47, "v": 54, "edge_key": 0, "length_m": 35.443, "is_bridged": false, "is_bridge": false, "edge_betweenness": 0.0, "width_m": 9.264}}, {"type": "Feature", "geometry": {"type": "LineString", "coordinates": [[77.218424, 28.638843], [77.218422, 28.638735]]}, "properties": {"feature_type": "edge", "u": 48, "v": 52, "edge_key": 0, "length_m": 12.0, "is_bridged": false, "is_bridge": false, "edge_betweenness": 0.0, "width_m": 15.333}}, {"type": "Feature", "geometry": {"type": "LineString", "coordinates": [[77.224087, 28.638714], [77.224045, 28.638661]]}, "properties": {"feature_type": "edge", "u": 49, "v": 53, "edge_key": 0, "length_m": 7.657, "is_bridged": false, "is_bridge": false, "edge_betweenness": 0.0, "width_m": 8.472}}, {"type": "Feature", "geometry": {"type": "LineString", "coordinates": [[77.214006, 28.638861], [77.214289, 28.638676]]}, "properties": {"feature_type": "edge", "u": 50, "v": 57, "edge_key": 0, "length_m": 36.284, "is_bridged": false, "is_bridge": true, "edge_betweenness": 0.0, "width_m": 9.141}}, {"type": "Feature", "geometry": {"type": "LineString", "coordinates": [[77.21558, 28.6388], [77.215537, 28.638692], [77.215412, 28.638586]]}, "properties": {"feature_type": "edge", "u": 51, "v": 60, "edge_key": 0, "length_m": 31.443, "is_bridged": false, "is_bridge": false, "edge_betweenness": 0.0, "width_m": 9.196}}, {"type": "Feature", "geometry": {"type": "LineString", "coordinates": [[77.218422, 28.638735], [77.218381, 28.638718], [77.218359, 28.638664], [77.21835, 28.638249], [77.21839, 28.638212]]}, "properties": {"feature_type": "edge", "u": 52, "v": 68, "edge_key": 0, "length_m": 62.957, "is_bridged": false, "is_bridge": false, "edge_betweenness": 0.0, "width_m": 8.565}}, {"type": "Feature", "geometry": {"type": "LineString", "coordinates": [[77.218422, 28.638735], [77.218462, 28.638716], [77.21846, 28.638626], [77.218501, 28.638589]]}, "properties": {"feature_type": "edge", "u": 52, "v": 59, "edge_key": 0, "length_m": 20.129, "is_bridged": false, "is_bridge": false, "edge_betweenness": 0.0, "width_m": 10.251}}, {"type": "Feature", "geometry": {"type": "LineString", "coordinates": [[77.224045, 28.638661], [77.224003, 28.638607]]}, "properties": {"feature_type": "edge", "u": 53, "v": 56, "edge_key": 0, "length_m": 7.657, "is_bridged": false, "is_bridge": false, "edge_betweenness": 0.0, "width_m": 8.472}}, {"type": "Feature", "geometry": {"type": "LineString", "coordinates": [[77.215088, 28.638736], [77.214288, 28.637684]]}, "properties": {"feature_type": "edge", "u": 54, "v": 82, "edge_key": 0, "length_m": 149.124, "is_bridged": false, "is_bridge": false, "edge_betweenness": 0.0, "width_m": 8.952}}, {"type": "Feature", "geometry": {"type": "LineString", "coordinates": [[77.215088, 28.638736], [77.21525, 28.638661], [77.215351, 28.638587], [77.215412, 28.638586]]}, "properties": {"feature_type": "edge", "u": 54, "v": 60, "edge_key": 0, "length_m": 38.271, "is_bridged": false, "is_bridge": false, "edge_betweenness": 0.0, "width_m": 9.085}}, {"type": "Feature", "geometry": {"type": "LineString", "coordinates": [[77.218605, 28.638678], [77.218501, 28.638589]]}, "properties": {"feature_type": "edge", "u": 55, "v": 59, "edge_key": 0, "length_m": 14.957, "is_bridged": false, "is_bridge": false, "edge_betweenness": 0.0, "width_m": 10.981}}, {"type": "Feature", "geometry": {"type": "LineString", "coordinates": [[77.218605, 28.638678], [77.218645, 28.638659], [77.218641, 28.638443], [77.218537, 28.638354]]}, "properties": {"feature_type": "edge", "u": 55, "v": 64, "edge_key": 0, "length_m": 42.614, "is_bridged": false, "is_bridge": false, "edge_betweenness": 0.0, "width_m": 10.147}}, {"type": "Feature", "geometry": {"type": "LineString", "coordinates": [[77.214289, 28.638676], [77.214532, 28.638564]]}, "properties": {"feature_type": "edge", "u": 57, "v": 61, "edge_key": 0, "length_m": 28.614, "is_bridged": false, "is_bridge": false, "edge_betweenness": 0.0, "width_m": 9.429}}, {"type": "Feature", "geometry": {"type": "LineString", "coordinates": [[77.214289, 28.638676], [77.214141, 28.63848]]}, "properties": {"feature_type": "edge", "u": 57, "v": 63, "edge_key": 0, "length_m": 27.443, "is_bridged": false, "is_bridge": false, "edge_betweenness": 0.0, "width_m": 9.591}}, {"type": "Feature", "geometry": {"type": "LineString", "coordinates": [[77.223753, 28.638359], [77.223542, 28.638074], [77.22348, 28.638021], [77.223479, 28.637984], [77.223374, 28.637842]]}, "properties": {"feature_type": "edge", "u": 58, "v": 74, "edge_key": 0, "length_m": 71.19, "is_bridged": false, "is_bridge": false, "edge_betweenness": 0.0, "width_m": 17.037}}, {"type": "Feature", "geometry": {"type": "LineString", "coordinates": [[77.218501, 28.638589], [77.218496, 28.638391], [77.218537, 28.638354]]}, "properties": {"feature_type": "edge", "u": 59, "v": 64, "edge_key": 0, "length_m": 27.657, "is_bridged": false, "is_bridge": false, "edge_betweenness": 0.0, "width_m": 16.857}}, {"type": "Feature", "geometry": {"type": "LineString", "coordinates": [[77.215412, 28.638586], [77.215369, 28.638478], [77.214717, 28.637659], [77.214611, 28.63748]]}, "properties": {"feature_type": "edge", "u": 60, "v": 87, "edge_key": 0, "length_m": 154.768, "is_bridged": false, "is_bridge": false, "edge_betweenness": 0.0, "width_m": 8.836}}, {"type": "Feature", "geometry": {"type": "LineString", "coordinates": [[77.214532, 28.638564], [77.214489, 28.638475], [77.214364, 28.63835]]}, "properties": {"feature_type": "edge", "u": 61, "v": 66, "edge_key": 0, "length_m": 30.627, "is_bridged": false, "is_bridge": false, "edge_betweenness": 0.0, "width_m": 9.342}}, {"type": "Feature", "geometry": {"type": "LineString", "coordinates": [[77.214141, 28.63848], [77.2141, 28.638463], [77.214099, 28.638427], [77.214016, 28.638338]]}, "properties": {"feature_type": "edge", "u": 63, "v": 67, "edge_key": 0, "length_m": 21.786, "is_bridged": false, "is_bridge": true, "edge_betweenness": 0.0, "width_m": 9.146}}, {"type": "Feature", "geometry": {"type": "LineString", "coordinates": [[77.214141, 28.63848], [77.214364, 28.63835]]}, "properties": {"feature_type": "edge", "u": 63, "v": 66, "edge_key": 0, "length_m": 27.799, "is_bridged": false, "is_bridge": false, "edge_betweenness": 0.0, "width_m": 9.473}}, {"type": "Feature", "geometry": {"type": "LineString", "coordinates": [[77.218537, 28.638354], [77.21839, 28.638212]]}, "properties": {"feature_type": "edge", "u": 64, "v": 68, "edge_key": 0, "length_m": 21.799, "is_bridged": false, "is_bridge": false, "edge_betweenness": 0.0, "width_m": 13.236}}, {"type": "Feature", "geometry": {"type": "LineString", "coordinates": [[77.218537, 28.638354], [77.218577, 28.638318], [77.218574, 28.638191]]}, "properties": {"feature_type": "edge", "u": 64, "v": 69, "edge_key": 0, "length_m": 19.657, "is_bridged": false, "is_bridge": false, "edge_betweenness": 0.0, "width_m": 17.798}}, {"type": "Feature", "geometry": {"type": "LineString", "coordinates": [[77.214364, 28.63835], [77.214321, 28.638261], [77.214216, 28.638154], [77.214006, 28.637869], [77.214005, 28.637833], [77.214065, 28.637778], [77.214288, 28.637684]]}, "properties": {"feature_type": "edge", "u": 66, "v": 82, "edge_key": 0, "length_m": 106.354, "is_bridged": false, "is_bridge": false, "edge_betweenness": 0.0, "width_m": 8.911}}, {"type": "Feature", "geometry": {"type": "LineString", "coordinates": [[77.21839, 28.638212], [77.218388, 28.638104]]}, "properties": {"feature_type": "edge", "u": 68, "v": 70, "edge_key": 0, "length_m": 12.0, "is_bridged": false, "is_bridge": false, "edge_betweenness": 0.0, "width_m": 16.0}}, {"type": "Feature", "geometry": {"type": "LineString", "coordinates": [[77.218574, 28.638191], [77.21847, 28.638103]]}, "properties": {"feature_type": "edge", "u": 69, "v": 71, "edge_key": 0, "length_m": 14.957, "is_bridged": false, "is_bridge": false, "edge_betweenness": 0.0, "width_m": 11.063}}, {"type": "Feature", "geometry": {"type": "LineString", "coordinates": [[77.218574, 28.638191], [77.218615, 28.638173], [77.21861, 28.637956], [77.218548, 28.637903]]}, "properties": {"feature_type": "edge", "u": 69, "v": 75, "edge_key": 0, "length_m": 36.957, "is_bridged": false, "is_bridge": false, "edge_betweenness": 0.0, "width_m": 9.332}}, {"type": "Feature", "geometry": {"type": "LineString", "coordinates": [[77.218388, 28.638104], [77.218325, 28.638015], [77.218322, 28.637889], [77.218362, 28.637852]]}, "properties": {"feature_type": "edge", "u": 70, "v": 77, "edge_key": 0, "length_m": 32.142, "is_bridged": false, "is_bridge": false, "edge_betweenness": 0.0, "width_m": 9.663}}, {"type": "Feature", "geometry": {"type": "LineString", "coordinates": [[77.218388, 28.638104], [77.21847, 28.638103]]}, "properties": {"feature_type": "edge", "u": 70, "v": 71, "edge_key": 0, "length_m": 8.0, "is_bridged": false, "is_bridge": false, "edge_betweenness": 0.0, "width_m": 16.794}}, {"type": "Feature", "geometry": {"type": "LineString", "coordinates": [[77.21847, 28.638103], [77.218466, 28.63794]]}, "properties": {"feature_type": "edge", "u": 71, "v": 73, "edge_key": 0, "length_m": 18.0, "is_bridged": false, "is_bridge": false, "edge_betweenness": 0.0, "width_m": 15.859}}, {"type": "Feature", "geometry": {"type": "LineString", "coordinates": [[77.21998, 28.637952], [77.219942, 28.637104]]}, "properties": {"feature_type": "edge", "u": 72, "v": 95, "edge_key": 0, "length_m": 94.828, "is_bridged": false, "is_bridge": true, "edge_betweenness": 0.0, "width_m": 8.091}}, {"type": "Feature", "geometry": {"type": "LineString", "coordinates": [[77.218466, 28.63794], [77.218362, 28.637852]]}, "properties": {"feature_type": "edge", "u": 73, "v": 77, "edge_key": 0, "length_m": 14.957, "is_bridged": false, "is_bridge": false, "edge_betweenness": 0.0, "width_m": 10.981}}, {"type": "Feature", "geometry": {"type": "LineString", "coordinates": [[77.218466, 28.63794], [77.218548, 28.637903]]}, "properties": {"feature_type": "edge", "u": 73, "v": 75, "edge_key": 0, "length_m": 9.301, "is_bridged": false, "is_bridge": false, "edge_betweenness": 0.0, "width_m": 13.557}}, {"type": "Feature", "geometry": {"type": "LineString", "coordinates": [[77.223374, 28.637842], [77.223474, 28.637768], [77.223472, 28.637678], [77.223492, 28.637659], [77.223491, 28.637605], [77.223387, 28.637517]]}, "properties": {"feature_type": "edge", "u": 74, "v": 80, "edge_key": 0, "length_m": 45.928, "is_bridged": false, "is_bridge": false, "edge_betweenness": 0.0, "width_m": 9.84}}, {"type": "Feature", "geometry": {"type": "LineString", "coordinates": [[77.223374, 28.637842], [77.223332, 28.637824], [77.223183, 28.637556]]}, "properties": {"feature_type": "edge", "u": 74, "v": 79, "edge_key": 0, "length_m": 37.849, "is_bridged": false, "is_bridge": false, "edge_betweenness": 0.0, "width_m": 10.106}}, {"type": "Feature", "geometry": {"type": "LineString", "coordinates": [[77.218548, 28.637903], [77.218542, 28.637632]]}, "properties": {"feature_type": "edge", "u": 75, "v": 81, "edge_key": 0, "length_m": 30.0, "is_bridged": false, "is_bridge": false, "edge_betweenness": 0.0, "width_m": 15.766}}, {"type": "Feature", "geometry": {"type": "LineString", "coordinates": [[77.218362, 28.637852], [77.218356, 28.637545]]}, "properties": {"feature_type": "edge", "u": 77, "v": 83, "edge_key": 0, "length_m": 34.0, "is_bridged": false, "is_bridge": false, "edge_betweenness": 0.0, "width_m": 15.765}}, {"type": "Feature", "geometry": {"type": "LineString", "coordinates": [[77.222839, 28.637724], [77.223125, 28.637684], [77.223185, 28.637628], [77.223183, 28.637556]]}, "properties": {"feature_type": "edge", "u": 78, "v": 79, "edge_key": 0, "length_m": 46.142, "is_bridged": false, "is_bridge": true, "edge_betweenness": 0.0, "width_m": 10.052}}, {"type": "Feature", "geometry": {"type": "LineString", "coordinates": [[77.223183, 28.637556], [77.223245, 28.637573], [77.223387, 28.637517]]}, "properties": {"feature_type": "edge", "u": 79, "v": 80, "edge_key": 0, "length_m": 21.556, "is_bridged": false, "is_bridge": false, "edge_betweenness": 0.0, "width_m": 7.435}}, {"type": "Feature", "geometry": {"type": "LineString", "coordinates": [[77.223183, 28.637556], [77.223102, 28.637558], [77.223039, 28.637486], [77.222954, 28.637343], [77.222323, 28.636506], [77.222259, 28.636398], [77.222258, 28.636344]]}, "properties": {"feature_type": "edge", "u": 79, "v": 119, "edge_key": 0, "length_m": 177.137, "is_bridged": false, "is_bridge": false, "edge_betweenness": 0.0, "width_m": 8.794}}, {"type": "Feature", "geometry": {"type": "LineString", "coordinates": [[77.223183, 28.637556], [77.223182, 28.637466], [77.223119, 28.637395], [77.223117, 28.637323]]}, "properties": {"feature_type": "edge", "u": 79, "v": 88, "edge_key": 0, "length_m": 28.485, "is_bridged": false, "is_bridge": false, "edge_betweenness": 0.0, "width_m": 8.758}}, {"type": "Feature", "geometry": {"type": "LineString", "coordinates": [[77.223387, 28.637517], [77.22351, 28.637515], [77.22361, 28.637405], [77.22464, 28.636792]]}, "properties": {"feature_type": "edge", "u": 80, "v": 102, "edge_key": 0, "length_m": 157.48, "is_bridged": false, "is_bridge": false, "edge_betweenness": 0.0, "width_m": 9.147}}, {"type": "Feature", "geometry": {"type": "LineString", "coordinates": [[77.223387, 28.637517], [77.223404, 28.637354]]}, "properties": {"feature_type": "edge", "u": 80, "v": 86, "edge_key": 0, "length_m": 18.828, "is_bridged": false, "is_bridge": false, "edge_betweenness": 0.0, "width_m": 9.652}}, {"type": "Feature", "geometry": {"type": "LineString", "coordinates": [[77.218542, 28.637632], [77.218438, 28.637544]]}, "properties": {"feature_type": "edge", "u": 81, "v": 85, "edge_key": 0, "length_m": 14.957, "is_bridged": false, "is_bridge": false, "edge_betweenness": 0.0, "width_m": 11.063}}, {"type": "Feature", "geometry": {"type": "LineString", "coordinates": [[77.218542, 28.637632], [77.218582, 28.637614], [77.21858, 28.637487], [77.218476, 28.637399]]}, "properties": {"feature_type": "edge", "u": 81, "v": 89, "edge_key": 0, "length_m": 32.614, "is_bridged": false, "is_bridge": false, "edge_betweenness": 0.0, "width_m": 11.727}}, {"type": "Feature", "geometry": {"type": "LineString", "coordinates": [[77.214288, 28.637684], [77.214368, 28.637592], [77.214509, 28.6375], [77.214611, 28.63748]]}, "properties": {"feature_type": "edge", "u": 82, "v": 87, "edge_key": 0, "length_m": 41.928, "is_bridged": false, "is_bridge": false, "edge_betweenness": 0.0, "width_m": 9.208}}, {"type": "Feature", "geometry": {"type": "LineString", "coordinates": [[77.218356, 28.637545], [77.218315, 28.637528], [77.218293, 28.637474], [77.218287, 28.637185], [77.218327, 28.637131]]}, "properties": {"feature_type": "edge", "u": 83, "v": 94, "edge_key": 0, "length_m": 50.601, "is_bridged": false, "is_bridge": false, "edge_betweenness": 0.0, "width_m": 8.737}}, {"type": "Feature", "geometry": {"type": "LineString", "coordinates": [[77.218356, 28.637545], [77.218438, 28.637544]]}, "properties": {"feature_type": "edge", "u": 83, "v": 85, "edge_key": 0, "length_m": 8.0, "is_bridged": false, "is_bridge": false, "edge_betweenness": 0.0, "width_m": 14.305}}, {"type": "Feature", "geometry": {"type": "LineString", "coordinates": [[77.219236, 28.637549], [77.219214, 28.637513], [77.219207, 28.637152]]}, "properties": {"feature_type": "edge", "u": 84, "v": 93, "edge_key": 0, "length_m": 44.828, "is_bridged": false, "is_bridge": true, "edge_betweenness": 0.0, "width_m": 8.115}}, {"type": "Feature", "geometry": {"type": "LineString", "coordinates": [[77.218438, 28.637544], [77.218435, 28.637436], [77.218476, 28.637399]]}, "properties": {"feature_type": "edge", "u": 85, "v": 89, "edge_key": 0, "length_m": 17.657, "is_bridged": false, "is_bridge": false, "edge_betweenness": 0.0, "width_m": 17.623}}, {"type": "Feature", "geometry": {"type": "LineString", "coordinates": [[77.223404, 28.637354], [77.223117, 28.637323]]}, "properties": {"feature_type": "edge", "u": 86, "v": 88, "edge_key": 0, "length_m": 29.657, "is_bridged": false, "is_bridge": false, "edge_betweenness": 0.0, "width_m": 8.781}}, {"type": "Feature", "geometry": {"type": "LineString", "coordinates": [[77.223404, 28.637354], [77.223465, 28.637353], [77.224557, 28.636722], [77.224618, 28.636721]]}, "properties": {"feature_type": "edge", "u": 86, "v": 104, "edge_key": 0, "length_m": 148.167, "is_bridged": false, "is_bridge": false, "edge_betweenness": 0.0, "width_m": 9.032}}, {"type": "Feature", "geometry": {"type": "LineString", "coordinates": [[77.214611, 28.63748], [77.214611, 28.637444], [77.214691, 28.637371]]}, "properties": {"feature_type": "edge", "u": 87, "v": 90, "edge_key": 0, "length_m": 16.129, "is_bridged": false, "is_bridge": true, "edge_betweenness": 0.0, "width_m": 9.691}}, {"type": "Feature", "geometry": {"type": "LineString", "coordinates": [[77.223117, 28.637323], [77.223013, 28.637252], [77.222444, 28.63645], [77.22236, 28.636343], [77.222319, 28.636325]]}, "properties": {"feature_type": "edge", "u": 88, "v": 122, "edge_key": 0, "length_m": 145.111, "is_bridged": false, "is_bridge": false, "edge_betweenness": 0.0, "width_m": 8.976}}, {"type": "Feature", "geometry": {"type": "LineString", "coordinates": [[77.218476, 28.637399], [77.218473, 28.637255]]}, "properties": {"feature_type": "edge", "u": 89, "v": 91, "edge_key": 0, "length_m": 16.0, "is_bridged": false, "is_bridge": false, "edge_betweenness": 0.0, "width_m": 23.693}}, {"type": "Feature", "geometry": {"type": "LineString", "coordinates": [[77.214691, 28.637371], [77.214813, 28.637332], [77.215217, 28.637091], [77.215783, 28.636793], [77.215884, 28.636719], [77.217522, 28.635826], [77.217623, 28.635789], [77.217866, 28.63564], [77.218088, 28.635528], [77.218129, 28.635528]]}, "properties": {"feature_type": "edge", "u": 90, "v": 148, "edge_key": 0, "length_m": 421.658, "is_bridged": false, "is_bridge": false, "edge_betweenness": 0.0, "width_m": 8.951}}, {"type": "Feature", "geometry": {"type": "LineString", "coordinates": [[77.214691, 28.637371], [77.214121, 28.636514], [77.214099, 28.63646], [77.214177, 28.636278], [77.214175, 28.63617]]}, "properties": {"feature_type": "edge", "u": 90, "v": 138, "edge_key": 0, "length_m": 159.797, "is_bridged": false, "is_bridge": false, "edge_betweenness": 0.0, "width_m": 8.972}}, {"type": "Feature", "geometry": {"type": "LineString", "coordinates": [[77.218473, 28.637255], [77.218327, 28.637131]]}, "properties": {"feature_type": "edge", "u": 91, "v": 94, "edge_key": 0, "length_m": 20.258, "is_bridged": false, "is_bridge": false, "edge_betweenness": 0.0, "width_m": 13.633}}, {"type": "Feature", "geometry": {"type": "LineString", "coordinates": [[77.218473, 28.637255], [77.218513, 28.637236], [77.218512, 28.637164]]}, "properties": {"feature_type": "edge", "u": 91, "v": 92, "edge_key": 0, "length_m": 12.472, "is_bridged": false, "is_bridge": false, "edge_betweenness": 0.0, "width_m": 19.385}}, {"type": "Feature", "geometry": {"type": "LineString", "coordinates": [[77.218512, 28.637164], [77.218553, 28.637181], [77.219166, 28.637171], [77.219207, 28.637152]]}, "properties": {"feature_type": "edge", "u": 92, "v": 93, "edge_key": 0, "length_m": 68.944, "is_bridged": false, "is_bridge": false, "edge_betweenness": 0.0, "width_m": 8.761}}, {"type": "Feature", "geometry": {"type": "LineString", "coordinates": [[77.218512, 28.637164], [77.218407, 28.637057]]}, "properties": {"feature_type": "edge", "u": 92, "v": 97, "edge_key": 0, "length_m": 16.142, "is_bridged": false, "is_bridge": false, "edge_betweenness": 0.0, "width_m": 11.648}}, {"type": "Feature", "geometry": {"type": "LineString", "coordinates": [[77.218512, 28.637164], [77.218552, 28.637127], [77.21855, 28.637037], [77.218508, 28.636983]]}, "properties": {"feature_type": "edge", "u": 92, "v": 99, "edge_key": 0, "length_m": 22.957, "is_bridged": false, "is_bridge": false, "edge_betweenness": 0.0, "width_m": 10.088}}, {"type": "Feature", "geometry": {"type": "LineString", "coordinates": [[77.219207, 28.637152], [77.219554, 28.637147], [77.219574, 28.637128], [77.219942, 28.637104]]}, "properties": {"feature_type": "edge", "u": 93, "v": 95, "edge_key": 0, "length_m": 73.657, "is_bridged": false, "is_bridge": false, "edge_betweenness": 0.0, "width_m": 8.359}}, {"type": "Feature", "geometry": {"type": "LineString", "coordinates": [[77.219207, 28.637152], [77.219201, 28.636882]]}, "properties": {"feature_type": "edge", "u": 93, "v": 101, "edge_key": 0, "length_m": 30.0, "is_bridged": false, "is_bridge": true, "edge_betweenness": 0.0, "width_m": 8.491}}, {"type": "Feature", "geometry": {"type": "LineString", "coordinates": [[77.218327, 28.637131], [77.218263, 28.637041], [77.218259, 28.636843], [77.218238, 28.636825], [77.218227, 28.636284], [77.218267, 28.636247]]}, "properties": {"feature_type": "edge", "u": 94, "v": 128, "edge_key": 0, "length_m": 102.971, "is_bridged": false, "is_bridge": false, "edge_betweenness": 0.0, "width_m": 8.447}}, {"type": "Feature", "geometry": {"type": "LineString", "coordinates": [[77.218327, 28.637131], [77.218407, 28.637057]]}, "properties": {"feature_type": "edge", "u": 94, "v": 97, "edge_key": 0, "length_m": 11.314, "is_bridged": false, "is_bridge": false, "edge_betweenness": 0.0, "width_m": 13.991}}, {"type": "Feature", "geometry": {"type": "LineString", "coordinates": [[77.219942, 28.637104], [77.219928, 28.636437], [77.219907, 28.636419], [77.219872, 28.635734]]}, "properties": {"feature_type": "edge", "u": 95, "v": 145, "edge_key": 0, "length_m": 153.657, "is_bridged": false, "is_bridge": false, "edge_betweenness": 0.0, "width_m": 8.126}}, {"type": "Feature", "geometry": {"type": "LineString", "coordinates": [[77.214318, 28.63716], [77.214171, 28.636964], [77.21411, 28.636965], [77.214009, 28.637039]]}, "properties": {"feature_type": "edge", "u": 96, "v": 100, "edge_key": 0, "length_m": 47.113, "is_bridged": false, "is_bridge": true, "edge_betweenness": 0.0, "width_m": 8.755}}, {"type": "Feature", "geometry": {"type": "LineString", "coordinates": [[77.218407, 28.637057], [77.218405, 28.636985]]}, "properties": {"feature_type": "edge", "u": 97, "v": 98, "edge_key": 0, "length_m": 8.0, "is_bridged": false, "is_bridge": false, "edge_betweenness": 0.0, "width_m": 16.0}}, {"type": "Feature", "geometry": {"type": "LineString", "coordinates": [[77.218405, 28.636985], [77.218508, 28.636983]]}, "properties": {"feature_type": "edge", "u": 98, "v": 99, "edge_key": 0, "length_m": 10.0, "is_bridged": false, "is_bridge": false, "edge_betweenness": 0.0, "width_m": 13.93}}, {"type": "Feature", "geometry": {"type": "LineString", "coordinates": [[77.218405, 28.636985], [77.218376, 28.63657]]}, "properties": {"feature_type": "edge", "u": 98, "v": 112, "edge_key": 0, "length_m": 46.828, "is_bridged": false, "is_bridge": false, "edge_betweenness": 0.0, "width_m": 16.0}}, {"type": "Feature", "geometry": {"type": "LineString", "coordinates": [[77.218508, 28.636983], [77.218528, 28.636965], [77.218521, 28.63664], [77.218458, 28.636569]]}, "properties": {"feature_type": "edge", "u": 99, "v": 113, "edge_key": 0, "length_m": 48.957, "is_bridged": false, "is_bridge": false, "edge_betweenness": 0.0, "width_m": 8.991}}, {"type": "Feature", "geometry": {"type": "LineString", "coordinates": [[77.22464, 28.636792], [77.224701, 28.636755]]}, "properties": {"feature_type": "edge", "u": 102, "v": 103, "edge_key": 0, "length_m": 7.301, "is_bridged": false, "is_bridge": false, "edge_betweenness": 0.0, "width_m": 8.944}}, {"type": "Feature", "geometry": {"type": "LineString", "coordinates": [[77.22464, 28.636792], [77.224618, 28.636721]]}, "properties": {"feature_type": "edge", "u": 102, "v": 104, "edge_key": 0, "length_m": 8.472, "is_bridged": false, "is_bridge": false, "edge_betweenness": 0.0, "width_m": 6.2}}, {"type": "Feature", "geometry": {"type": "LineString", "coordinates": [[77.224701, 28.636755], [77.224802, 28.6367]]}, "properties": {"feature_type": "edge", "u": 103, "v": 106, "edge_key": 0, "length_m": 12.129, "is_bridged": false, "is_bridge": false, "edge_betweenness": 0.0, "width_m": 8.944}}, {"type": "Feature", "geometry": {"type": "LineString", "coordinates": [[77.224701, 28.636755], [77.224679, 28.636684]]}, "properties": {"feature_type": "edge", "u": 103, "v": 105, "edge_key": 0, "length_m": 8.472, "is_bridged": false, "is_bridge": false, "edge_betweenness": 0.0, "width_m": 6.2}}, {"type": "Feature", "geometry": {"type": "LineString", "coordinates": [[77.224618, 28.636721], [77.224638, 28.636684], [77.224679, 28.636684]]}, "properties": {"feature_type": "edge", "u": 104, "v": 105, "edge_key": 0, "length_m": 8.472, "is_bridged": false, "is_bridge": false, "edge_betweenness": 0.0, "width_m": 6.753}}, {"type": "Feature", "geometry": {"type": "LineString", "coordinates": [[77.224679, 28.636684], [77.224718, 28.636629], [77.22478, 28.636628]]}, "properties": {"feature_type": "edge", "u": 105, "v": 108, "edge_key": 0, "length_m": 13.301, "is_bridged": false, "is_bridge": false, "edge_betweenness": 0.0, "width_m": 7.629}}, {"type": "Feature", "geometry": {"type": "LineString", "coordinates": [[77.224802, 28.6367], [77.224862, 28.636662]]}, "properties": {"feature_type": "edge", "u": 106, "v": 107, "edge_key": 0, "length_m": 7.301, "is_bridged": false, "is_bridge": false, "edge_betweenness": 0.0, "width_m": 8.944}}, {"type": "Feature", "geometry": {"type": "LineString", "coordinates": [[77.224802, 28.6367], [77.22478, 28.636628]]}, "properties": {"feature_type": "edge", "u": 106, "v": 108, "edge_key": 0, "length_m": 8.472, "is_bridged": false, "is_bridge": false, "edge_betweenness": 0.0, "width_m": 6.2}}, {"type": "Feature", "geometry": {"type": "LineString", "coordinates": [[77.224862, 28.636662], [77.225024, 28.63657]]}, "properties": {"feature_type": "edge", "u": 107, "v": 110, "edge_key": 0, "length_m": 19.786, "is_bridged": false, "is_bridge": false, "edge_betweenness": 0.0, "width_m": 8.944}}, {"type": "Feature", "geometry": {"type": "LineString", "coordinates": [[77.224862, 28.636662], [77.22484, 28.636591]]}, "properties": {"feature_type": "edge", "u": 107, "v": 109, "edge_key": 0, "length_m": 8.472, "is_bridged": false, "is_bridge": false, "edge_betweenness": 0.0, "width_m": 6.2}}, {"type": "Feature", "geometry": {"type": "LineString", "coordinates": [[77.22478, 28.636628], [77.224799, 28.636591], [77.22484, 28.636591]]}, "properties": {"feature_type": "edge", "u": 108, "v": 109, "edge_key": 0, "length_m": 8.472, "is_bridged": false, "is_bridge": false, "edge_betweenness": 0.0, "width_m": 6.753}}, {"type": "Feature", "geometry": {"type": "LineString", "coordinates": [[77.22484, 28.636591], [77.224941, 28.636499], [77.225002, 28.636498]]}, "properties": {"feature_type": "edge", "u": 109, "v": 111, "edge_key": 0, "length_m": 20.957, "is_bridged": false, "is_bridge": false, "edge_betweenness": 0.0, "width_m": 8.122}}, {"type": "Feature", "geometry": {"type": "LineString", "coordinates": [[77.225024, 28.63657], [77.225186, 28.636477]]}, "properties": {"feature_type": "edge", "u": 110, "v": 114, "edge_key": 0, "length_m": 19.786, "is_bridged": false, "is_bridge": false, "edge_betweenness": 0.0, "width_m": 8.944}}, {"type": "Feature", "geometry": {"type": "LineString", "coordinates": [[77.225024, 28.63657], [77.225002, 28.636498]]}, "properties": {"feature_type": "edge", "u": 110, "v": 111, "edge_key": 0, "length_m": 8.472, "is_bridged": false, "is_bridge": false, "edge_betweenness": 0.0, "width_m": 6.2}}, {"type": "Feature", "geometry": {"type": "LineString", "coordinates": [[77.225002, 28.636498], [77.225062, 28.636425], [77.225164, 28.636405]]}, "properties": {"feature_type": "edge", "u": 111, "v": 116, "edge_key": 0, "length_m": 20.957, "is_bridged": false, "is_bridge": false, "edge_betweenness": 0.0, "width_m": 8.122}}, {"type": "Feature", "geometry": {"type": "LineString", "coordinates": [[77.218376, 28.63657], [77.218458, 28.636569]]}, "properties": {"feature_type": "edge", "u": 112, "v": 113, "edge_key": 0, "length_m": 8.0, "is_bridged": false, "is_bridge": false, "edge_betweenness": 0.0, "width_m": 16.63}}, {"type": "Feature", "geometry": {"type": "LineString", "coordinates": [[77.218376, 28.63657], [77.21837, 28.636264], [77.218349, 28.636246]]}, "properties": {"feature_type": "edge", "u": 112, "v": 129, "edge_key": 0, "length_m": 36.828, "is_bridged": false, "is_bridge": false, "edge_betweenness": 0.0, "width_m": 16.25}}, {"type": "Feature", "geometry": {"type": "LineString", "coordinates": [[77.218458, 28.636569], [77.218498, 28.636532], [77.218493, 28.636262], [77.21843, 28.636191]]}, "properties": {"feature_type": "edge", "u": 113, "v": 131, "edge_key": 0, "length_m": 45.786, "is_bridged": false, "is_bridge": false, "edge_betweenness": 0.0, "width_m": 9.657}}, {"type": "Feature", "geometry": {"type": "LineString", "coordinates": [[77.225186, 28.636477], [77.225246, 28.63644]]}, "properties": {"feature_type": "edge", "u": 114, "v": 115, "edge_key": 0, "length_m": 7.301, "is_bridged": false, "is_bridge": false, "edge_betweenness": 0.0, "width_m": 8.944}}, {"type": "Feature", "geometry": {"type": "LineString", "coordinates": [[77.225186, 28.636477], [77.225164, 28.636405]]}, "properties": {"feature_type": "edge", "u": 114, "v": 116, "edge_key": 0, "length_m": 8.472, "is_bridged": false, "is_bridge": false, "edge_betweenness": 0.0, "width_m": 6.2}}, {"type": "Feature", "geometry": {"type": "LineString", "coordinates": [[77.225246, 28.63644], [77.225408, 28.636347]]}, "properties": {"feature_type": "edge", "u": 115, "v": 118, "edge_key": 0, "length_m": 19.786, "is_bridged": false, "is_bridge": false, "edge_betweenness": 0.0, "width_m": 8.944}}, {"type": "Feature", "geometry": {"type": "LineString", "coordinates": [[77.225246, 28.63644], [77.225224, 28.636368]]}, "properties": {"feature_type": "edge", "u": 115, "v": 117, "edge_key": 0, "length_m": 8.472, "is_bridged": false, "is_bridge": false, "edge_betweenness": 0.0, "width_m": 6.2}}, {"type": "Feature", "geometry": {"type": "LineString", "coordinates": [[77.225164, 28.636405], [77.225183, 28.636368], [77.225224, 28.636368]]}, "properties": {"feature_type": "edge", "u": 116, "v": 117, "edge_key": 0, "length_m": 8.472, "is_bridged": false, "is_bridge": false, "edge_betweenness": 0.0, "width_m": 6.753}}, {"type": "Feature", "geometry": {"type": "LineString", "coordinates": [[77.225224, 28.636368], [77.225325, 28.636276], [77.225386, 28.636275]]}, "properties": {"feature_type": "edge", "u": 117, "v": 121, "edge_key": 0, "length_m": 20.957, "is_bridged": false, "is_bridge": false, "edge_betweenness": 0.0, "width_m": 8.122}}, {"type": "Feature", "geometry": {"type": "LineString", "coordinates": [[77.225408, 28.636347], [77.22557, 28.636254]]}, "properties": {"feature_type": "edge", "u": 118, "v": 124, "edge_key": 0, "length_m": 19.786, "is_bridged": false, "is_bridge": false, "edge_betweenness": 0.0, "width_m": 8.944}}, {"type": "Feature", "geometry": {"type": "LineString", "coordinates": [[77.225408, 28.636347], [77.225386, 28.636275]]}, "properties": {"feature_type": "edge", "u": 118, "v": 121, "edge_key": 0, "length_m": 8.472, "is_bridged": false, "is_bridge": false, "edge_betweenness": 0.0, "width_m": 6.2}}, {"type": "Feature", "geometry": {"type": "LineString", "coordinates": [[77.222258, 28.636344], [77.222154, 28.636274], [77.221458, 28.635293]]}, "properties": {"feature_type": "edge", "u": 119, "v": 149, "edge_key": 0, "length_m": 149.939, "is_bridged": false, "is_bridge": false, "edge_betweenness": 0.0, "width_m": 8.945}}, {"type": "Feature", "geometry": {"type": "LineString", "coordinates": [[77.222258, 28.636344], [77.222319, 28.636325]]}, "properties": {"feature_type": "edge", "u": 119, "v": 122, "edge_key": 0, "length_m": 6.828, "is_bridged": false, "is_bridge": false, "edge_betweenness": 0.0, "width_m": 9.419}}, {"type": "Feature", "geometry": {"type": "LineString", "coordinates": [[77.225386, 28.636275], [77.225446, 28.636202], [77.225548, 28.636182]]}, "properties": {"feature_type": "edge", "u": 121, "v": 126, "edge_key": 0, "length_m": 20.957, "is_bridged": false, "is_bridge": false, "edge_betweenness": 0.0, "width_m": 8.122}}, {"type": "Feature", "geometry": {"type": "LineString", "coordinates": [[77.222319, 28.636325], [77.222276, 28.636218], [77.222065, 28.63595], [77.221728, 28.635451], [77.221622, 28.635308], [77.221539, 28.635237]]}, "properties": {"feature_type": "edge", "u": 122, "v": 151, "edge_key": 0, "length_m": 152.296, "is_bridged": false, "is_bridge": false, "edge_betweenness": 0.0, "width_m": 8.886}}, {"type": "Feature", "geometry": {"type": "LineString", "coordinates": [[77.22557, 28.636254], [77.22563, 28.636217]]}, "properties": {"feature_type": "edge", "u": 124, "v": 125, "edge_key": 0, "length_m": 7.301, "is_bridged": false, "is_bridge": false, "edge_betweenness": 0.0, "width_m": 8.944}}, {"type": "Feature", "geometry": {"type": "LineString", "coordinates": [[77.22557, 28.636254], [77.225548, 28.636182]]}, "properties": {"feature_type": "edge", "u": 124, "v": 126, "edge_key": 0, "length_m": 8.472, "is_bridged": false, "is_bridge": false, "edge_betweenness": 0.0, "width_m": 6.2}}, {"type": "Feature", "geometry": {"type": "LineString", "coordinates": [[77.22563, 28.636217], [77.225792, 28.636124]]}, "properties": {"feature_type": "edge", "u": 125, "v": 130, "edge_key": 0, "length_m": 19.786, "is_bridged": false, "is_bridge": false, "edge_betweenness": 0.0, "width_m": 8.944}}, {"type": "Feature", "geometry": {"type": "LineString", "coordinates": [[77.22563, 28.636217], [77.225608, 28.636145]]}, "properties": {"feature_type": "edge", "u": 125, "v": 127, "edge_key": 0, "length_m": 8.472, "is_bridged": false, "is_bridge": false, "edge_betweenness": 0.0, "width_m": 6.2}}, {"type": "Feature", "geometry": {"type": "LineString", "coordinates": [[77.225548, 28.636182], [77.225567, 28.636146], [77.225608, 28.636145]]}, "properties": {"feature_type": "edge", "u": 126, "v": 127, "edge_key": 0, "length_m": 8.472, "is_bridged": false, "is_bridge": false, "edge_betweenness": 0.0, "width_m": 6.753}}, {"type": "Feature", "geometry": {"type": "LineString", "coordinates": [[77.225608, 28.636145], [77.225708, 28.636053], [77.22577, 28.636052]]}, "properties": {"feature_type": "edge", "u": 127, "v": 133, "edge_key": 0, "length_m": 20.957, "is_bridged": false, "is_bridge": false, "edge_betweenness": 0.0, "width_m": 8.122}}, {"type": "Feature", "geometry": {"type": "LineString", "coordinates": [[77.218267, 28.636247], [77.218349, 28.636246]]}, "properties": {"feature_type": "edge", "u": 128, "v": 129, "edge_key": 0, "length_m": 8.0, "is_bridged": false, "is_bridge": false, "edge_betweenness": 0.0, "width_m": 17.123}}, {"type": "Feature", "geometry": {"type": "LineString", "coordinates": [[77.218267, 28.636247], [77.218226, 28.636212], [77.218204, 28.636158], [77.218224, 28.63614]]}, "properties": {"feature_type": "edge", "u": 128, "v": 136, "edge_key": 0, "length_m": 15.314, "is_bridged": false, "is_bridge": true, "edge_betweenness": 0.0, "width_m": 9.849}}, {"type": "Feature", "geometry": {"type": "LineString", "coordinates": [[77.218349, 28.636246], [77.218368, 28.636192]]}, "properties": {"feature_type": "edge", "u": 129, "v": 132, "edge_key": 0, "length_m": 6.828, "is_bridged": false, "is_bridge": false, "edge_betweenness": 0.0, "width_m": 19.428}}, {"type": "Feature", "geometry": {"type": "LineString", "coordinates": [[77.225792, 28.636124], [77.22577, 28.636052]]}, "properties": {"feature_type": "edge", "u": 130, "v": 133, "edge_key": 0, "length_m": 8.472, "is_bridged": false, "is_bridge": false, "edge_betweenness": 0.0, "width_m": 6.2}}, {"type": "Feature", "geometry": {"type": "LineString", "coordinates": [[77.22577, 28.636052], [77.22587, 28.63596], [77.225932, 28.635959], [77.225953, 28.635995], [77.225953, 28.636031], [77.225913, 28.636068], [77.225792, 28.636124]]}, "properties": {"feature_type": "edge", "u": 130, "v": 133, "edge_key": 1, "length_m": 49.215, "is_bridged": false, "is_bridge": false, "edge_betweenness": 0.0, "width_m": 8.122}}, {"type": "Feature", "geometry": {"type": "LineString", "coordinates": [[77.21843, 28.636191], [77.218368, 28.636192]]}, "properties": {"feature_type": "edge", "u": 131, "v": 132, "edge_key": 0, "length_m": 6.0, "is_bridged": false, "is_bridge": false, "edge_betweenness": 0.0, "width_m": 20.646}}, {"type": "Feature", "geometry": {"type": "LineString", "coordinates": [[77.21843, 28.636191], [77.218469, 28.636136], [77.218464, 28.635883], [77.218443, 28.635847]]}, "properties": {"feature_type": "edge", "u": 131, "v": 143, "edge_key": 0, "length_m": 39.773, "is_bridged": false, "is_bridge": false, "edge_betweenness": 0.0, "width_m": 9.398}}, {"type": "Feature", "geometry": {"type": "LineString", "coordinates": [[77.218368, 28.636192], [77.218347, 28.636174], [77.21832, 28.635849]]}, "properties": {"feature_type": "edge", "u": 132, "v": 142, "edge_key": 0, "length_m": 39.657, "is_bridged": false, "is_bridge": false, "edge_betweenness": 0.0, "width_m": 16.231}}, {"type": "Feature", "geometry": {"type": "LineString", "coordinates": [[77.213992, 28.636245], [77.214175, 28.63617]]}, "properties": {"feature_type": "edge", "u": 134, "v": 138, "edge_key": 0, "length_m": 20.957, "is_bridged": false, "is_bridge": true, "edge_betweenness": 0.0, "width_m": 9.238}}, {"type": "Feature", "geometry": {"type": "LineString", "coordinates": [[77.214175, 28.63617], [77.214336, 28.636041], [77.216801, 28.634629], [77.216963, 28.634518], [77.217125, 28.634443]]}, "properties": {"feature_type": "edge", "u": 138, "v": 155, "edge_key": 0, "length_m": 369.044, "is_bridged": false, "is_bridge": false, "edge_betweenness": 0.0, "width_m": 9.074}}, {"type": "Feature", "geometry": {"type": "LineString", "coordinates": [[77.214008, 28.63601], [77.214189, 28.635881], [77.215806, 28.634952], [77.216816, 28.63434], [77.21704, 28.6343]]}, "properties": {"feature_type": "edge", "u": 141, "v": 156, "edge_key": 0, "length_m": 375.859, "is_bridged": false, "is_bridge": true, "edge_betweenness": 0.0, "width_m": 8.925}}, {"type": "Feature", "geometry": {"type": "LineString", "coordinates": [[77.21832, 28.635849], [77.218443, 28.635847]]}, "properties": {"feature_type": "edge", "u": 142, "v": 143, "edge_key": 0, "length_m": 12.0, "is_bridged": false, "is_bridge": false, "edge_betweenness": 0.0, "width_m": 11.114}}, {"type": "Feature", "geometry": {"type": "LineString", "coordinates": [[77.21832, 28.635849], [77.218318, 28.635759]]}, "properties": {"feature_type": "edge", "u": 142, "v": 144, "edge_key": 0, "length_m": 10.0, "is_bridged": false, "is_bridge": false, "edge_betweenness": 0.0, "width_m": 15.0}}, {"type": "Feature", "geometry": {"type": "LineString", "coordinates": [[77.218443, 28.635847], [77.218441, 28.635775], [77.2184, 28.63574]]}, "properties": {"feature_type": "edge", "u": 143, "v": 146, "edge_key": 0, "length_m": 13.657, "is_bridged": false, "is_bridge": false, "edge_betweenness": 0.0, "width_m": 9.534}}, {"type": "Feature", "geometry": {"type": "LineString", "coordinates": [[77.218318, 28.635759], [77.218256, 28.635724], [77.218213, 28.635599], [77.218129, 28.635528]]}, "properties": {"feature_type": "edge", "u": 144, "v": 148, "edge_key": 0, "length_m": 35.086, "is_bridged": false, "is_bridge": false, "edge_betweenness": 0.0, "width_m": 8.995}}, {"type": "Feature", "geometry": {"type": "LineString", "coordinates": [[77.218318, 28.635759], [77.2184, 28.63574]]}, "properties": {"feature_type": "edge", "u": 144, "v": 146, "edge_key": 0, "length_m": 8.828, "is_bridged": false, "is_bridge": false, "edge_betweenness": 0.0, "width_m": 11.064}}, {"type": "Feature", "geometry": {"type": "LineString", "coordinates": [[77.219872, 28.635734], [77.219462, 28.635686], [77.219441, 28.635669], [77.219175, 28.635655], [77.218887, 28.635588], [77.218683, 28.635591], [77.218621, 28.635574]]}, "properties": {"feature_type": "edge", "u": 145, "v": 147, "edge_key": 0, "length_m": 130.284, "is_bridged": false, "is_bridge": false, "edge_betweenness": 0.0, "width_m": 8.915}}, {"type": "Feature", "geometry": {"type": "LineString", "coordinates": [[77.219872, 28.635734], [77.220015, 28.635713], [77.221356, 28.635294], [77.221458, 28.635293]]}, "properties": {"feature_type": "edge", "u": 145, "v": 149, "edge_key": 0, "length_m": 174.698, "is_bridged": false, "is_bridge": false, "edge_betweenness": 0.0, "width_m": 8.503}}, {"type": "Feature", "geometry": {"type": "LineString", "coordinates": [[77.219872, 28.635734], [77.219835, 28.634922]]}, "properties": {"feature_type": "edge", "u": 145, "v": 153, "edge_key": 0, "length_m": 90.828, "is_bridged": false, "is_bridge": false, "edge_betweenness": 0.0, "width_m": 8.194}}, {"type": "Feature", "geometry": {"type": "LineString", "coordinates": [[77.2184, 28.63574], [77.218419, 28.635685], [77.218479, 28.63563], [77.218602, 28.63561], [77.218621, 28.635574]]}, "properties": {"feature_type": "edge", "u": 146, "v": 147, "edge_key": 0, "length_m": 32.258, "is_bridged": false, "is_bridge": false, "edge_betweenness": 0.0, "width_m": 9.051}}, {"type": "Feature", "geometry": {"type": "LineString", "coordinates": [[77.218621, 28.635574], [77.218558, 28.635503], [77.218435, 28.635469], [77.218146, 28.635329], [77.218063, 28.635312]]}, "properties": {"feature_type": "edge", "u": 147, "v": 150, "edge_key": 0, "length_m": 66.885, "is_bridged": false, "is_bridge": false, "edge_betweenness": 0.0, "width_m": 9.085}}, {"type": "Feature", "geometry": {"type": "LineString", "coordinates": [[77.218129, 28.635528], [77.218065, 28.635403], [77.218063, 28.635312]]}, "properties": {"feature_type": "edge", "u": 148, "v": 150, "edge_key": 0, "length_m": 26.129, "is_bridged": false, "is_bridge": false, "edge_betweenness": 0.0, "width_m": 9.099}}, {"type": "Feature", "geometry": {"type": "LineString", "coordinates": [[77.221458, 28.635293], [77.221478, 28.635256], [77.221539, 28.635237]]}, "properties": {"feature_type": "edge", "u": 149, "v": 151, "edge_key": 0, "length_m": 11.301, "is_bridged": false, "is_bridge": false, "edge_betweenness": 0.0, "width_m": 10.314}}, {"type": "Feature", "geometry": {"type": "LineString", "coordinates": [[77.218063, 28.635312], [77.217125, 28.634443]]}, "properties": {"feature_type": "edge", "u": 150, "v": 155, "edge_key": 0, "length_m": 135.279, "is_bridged": false, "is_bridge": false, "edge_betweenness": 0.0, "width_m": 9.457}}, {"type": "Feature", "geometry": {"type": "LineString", "coordinates": [[77.221539, 28.635237], [77.221538, 28.635165]]}, "properties": {"feature_type": "edge", "u": 151, "v": 152, "edge_key": 0, "length_m": 8.0, "is_bridged": false, "is_bridge": false, "edge_betweenness": 0.0, "width_m": 11.398}}, {"type": "Feature", "geometry": {"type": "LineString", "coordinates": [[77.221538, 28.635165], [77.221435, 28.635131], [77.221372, 28.635078], [77.221014, 28.634596]]}, "properties": {"feature_type": "edge", "u": 152, "v": 154, "edge_key": 0, "length_m": 87.869, "is_bridged": false, "is_bridge": false, "edge_betweenness": 0.0, "width_m": 8.951}}, {"type": "Feature", "geometry": {"type": "LineString", "coordinates": [[77.221538, 28.635165], [77.221599, 28.635164], [77.22172, 28.635072], [77.222181, 28.634649], [77.222481, 28.634302], [77.222539, 28.634174], [77.222538, 28.63412]]}, "properties": {"feature_type": "edge", "u": 152, "v": 158, "edge_key": 0, "length_m": 160.108, "is_bridged": false, "is_bridge": false, "edge_betweenness": 0.0, "width_m": 9.702}}, {"type": "Feature", "geometry": {"type": "LineString", "coordinates": [[77.219835, 28.634922], [77.21961, 28.634926], [77.219589, 28.634908], [77.219302, 28.634895], [77.218932, 28.634811], [77.218644, 28.634689], [77.218603, 28.63469], [77.218334, 28.63455], [77.218126, 28.634409], [77.217814, 28.634125], [77.217687, 28.633947]]}, "properties": {"feature_type": "edge", "u": 153, "v": 160, "edge_key": 0, "length_m": 259.893, "is_bridged": false, "is_bridge": false, "edge_betweenness": 0.0, "width_m": 8.703}}, {"type": "Feature", "geometry": {"type": "LineString", "coordinates": [[77.219835, 28.634922], [77.219875, 28.634904], [77.220182, 28.634881], [77.220426, 28.634822], [77.221014, 28.634596]]}, "properties": {"feature_type": "edge", "u": 153, "v": 154, "edge_key": 0, "length_m": 129.371, "is_bridged": false, "is_bridge": false, "edge_betweenness": 0.0, "width_m": 8.526}}, {"type": "Feature", "geometry": {"type": "LineString", "coordinates": [[77.219835, 28.634922], [77.219833, 28.634832], [77.219812, 28.634814], [77.219773, 28.633931]]}, "properties": {"feature_type": "edge", "u": 153, "v": 159, "edge_key": 0, "length_m": 111.657, "is_bridged": false, "is_bridge": false, "edge_betweenness": 0.0, "width_m": 8.205}}, {"type": "Feature", "geometry": {"type": "LineString", "coordinates": [[77.221014, 28.634596], [77.220446, 28.63383], [77.220424, 28.633758]]}, "properties": {"feature_type": "edge", "u": 154, "v": 162, "edge_key": 0, "length_m": 117.196, "is_bridged": false, "is_bridge": false, "edge_betweenness": 0.0, "width_m": 8.888}}, {"type": "Feature", "geometry": {"type": "LineString", "coordinates": [[77.221014, 28.634596], [77.221074, 28.634523], [77.221216, 28.634449], [77.221637, 28.634063], [77.221776, 28.63388], [77.221795, 28.633808], [77.221836, 28.633789]]}, "properties": {"feature_type": "edge", "u": 154, "v": 161, "edge_key": 0, "length_m": 125.939, "is_bridged": false, "is_bridge": false, "edge_betweenness": 0.0, "width_m": 9.219}}, {"type": "Feature", "geometry": {"type": "LineString", "coordinates": [[77.217125, 28.634443], [77.21704, 28.6343]]}, "properties": {"feature_type": "edge", "u": 155, "v": 156, "edge_key": 0, "length_m": 18.957, "is_bridged": false, "is_bridge": false, "edge_betweenness": 0.0, "width_m": 9.671}}, {"type": "Feature", "geometry": {"type": "LineString", "coordinates": [[77.21704, 28.6343], [77.217586, 28.633985], [77.217687, 28.633947]]}, "properties": {"feature_type": "edge", "u": 156, "v": 160, "edge_key": 0, "length_m": 79.028, "is_bridged": false, "is_bridge": false, "edge_betweenness": 0.0, "width_m": 9.26}}, {"type": "Feature", "geometry": {"type": "LineString", "coordinates": [[77.21704, 28.6343], [77.216998, 28.634265], [77.216955, 28.634139], [77.216807, 28.633925], [77.216764, 28.6338], [77.216657, 28.633621], [77.216635, 28.633531], [77.216464, 28.633191], [77.216419, 28.632975]]}, "properties": {"feature_type": "edge", "u": 156, "v": 174, "edge_key": 0, "length_m": 172.024, "is_bridged": false, "is_bridge": false, "edge_betweenness": 0.0, "width_m": 8.662}}, {"type": "Feature", "geometry": {"type": "LineString", "coordinates": [[77.223337, 28.634161], [77.223584, 28.634247], [77.223748, 28.634263], [77.224882, 28.633739], [77.224923, 28.633702], [77.224921, 28.633612], [77.224793, 28.633379]]}, "properties": {"feature_type": "edge", "u": 157, "v": 165, "edge_key": 0, "length_m": 226.438, "is_bridged": false, "is_bridge": true, "edge_betweenness": 0.0, "width_m": 8.8}}, {"type": "Feature", "geometry": {"type": "LineString", "coordinates": [[77.222538, 28.63412], [77.222393, 28.634014], [77.221836, 28.633789]]}, "properties": {"feature_type": "edge", "u": 158, "v": 161, "edge_key": 0, "length_m": 84.199, "is_bridged": false, "is_bridge": false, "edge_betweenness": 0.0, "width_m": 8.873}}, {"type": "Feature", "geometry": {"type": "LineString", "coordinates": [[77.222538, 28.63412], [77.222579, 28.634119], [77.222619, 28.634083], [77.222678, 28.633955], [77.222718, 28.633919], [77.222816, 28.633701], [77.222873, 28.633501], [77.222913, 28.633446]]}, "properties": {"feature_type": "edge", "u": 158, "v": 164, "edge_key": 0, "length_m": 92.083, "is_bridged": false, "is_bridge": false, "edge_betweenness": 0.0, "width_m": 8.763}}, {"type": "Feature", "geometry": {"type": "LineString", "coordinates": [[77.219773, 28.633931], [77.219486, 28.633918], [77.219178, 28.633832], [77.218909, 28.633692], [77.218617, 28.633445]]}, "properties": {"feature_type": "edge", "u": 159, "v": 166, "edge_key": 0, "length_m": 136.011, "is_bridged": false, "is_bridge": false, "edge_betweenness": 0.0, "width_m": 8.746}}, {"type": "Feature", "geometry": {"type": "LineString", "coordinates": [[77.219773, 28.633931], [77.220038, 28.63389], [77.220322, 28.633778], [77.220424, 28.633758]]}, "properties": {"feature_type": "edge", "u": 159, "v": 162, "edge_key": 0, "length_m": 71.1, "is_bridged": false, "is_bridge": false, "edge_betweenness": 0.0, "width_m": 8.464}}, {"type": "Feature", "geometry": {"type": "LineString", "coordinates": [[77.217687, 28.633947], [77.217646, 28.63393], [77.217645, 28.633894], [77.217476, 28.633626], [77.217368, 28.633357], [77.217344, 28.633213], [77.217323, 28.633195], [77.217321, 28.633087], [77.2173, 28.633069], [77.217291, 28.6326], [77.217311, 28.632582], [77.217309, 28.632492], [77.217365, 28.632256], [77.217462, 28.632002], [77.217542, 28.631892], [77.21754, 28.631838]]}, "properties": {"feature_type": "edge", "u": 160, "v": 182, "edge_key": 0, "length_m": 260.497, "is_bridged": false, "is_bridge": false, "edge_betweenness": 0.0, "width_m": 8.435}}, {"type": "Feature", "geometry": {"type": "LineString", "coordinates": [[77.217687, 28.633947], [77.217747, 28.633892], [77.218071, 28.633724], [77.218495, 28.633465], [77.218617, 28.633445]]}, "properties": {"feature_type": "edge", "u": 160, "v": 166, "edge_key": 0, "length_m": 114.368, "is_bridged": false, "is_bridge": false, "edge_betweenness": 0.0, "width_m": 8.985}}, {"type": "Feature", "geometry": {"type": "LineString", "coordinates": [[77.221836, 28.633789], [77.220825, 28.633372]]}, "properties": {"feature_type": "edge", "u": 161, "v": 167, "edge_key": 0, "length_m": 117.17, "is_bridged": false, "is_bridge": false, "edge_betweenness": 0.0, "width_m": 8.795}}, {"type": "Feature", "geometry": {"type": "LineString", "coordinates": [[77.221836, 28.633789], [77.221934, 28.633607], [77.22205, 28.63328], [77.222049, 28.633208], [77.222087, 28.633099], [77.222084, 28.632955], [77.222104, 28.632936], [77.222097, 28.632612], [77.222077, 28.632594], [77.22205, 28.632324], [77.22192, 28.631965], [77.221751, 28.631715], [77.22175, 28.631679], [77.221688, 28.631626]]}, "properties": {"feature_type": "edge", "u": 161, "v": 185, "edge_key": 0, "length_m": 266.982, "is_bridged": false, "is_bridge": false, "edge_betweenness": 0.0, "width_m": 8.47}}, {"type": "Feature", "geometry": {"type": "LineString", "coordinates": [[77.220424, 28.633758], [77.220685, 28.633519], [77.220764, 28.633409], [77.220825, 28.633372]]}, "properties": {"feature_type": "edge", "u": 162, "v": 167, "edge_key": 0, "length_m": 60.199, "is_bridged": false, "is_bridge": false, "edge_betweenness": 0.0, "width_m": 8.966}}, {"type": "Feature", "geometry": {"type": "LineString", "coordinates": [[77.223323, 28.633512], [77.223221, 28.633513], [77.222913, 28.633446]]}, "properties": {"feature_type": "edge", "u": 163, "v": 164, "edge_key": 0, "length_m": 43.314, "is_bridged": false, "is_bridge": false, "edge_betweenness": 0.0, "width_m": 8.767}}, {"type": "Feature", "geometry": {"type": "LineString", "coordinates": [[77.223323, 28.633512], [77.223406, 28.633546], [77.223734, 28.633595], [77.223919, 28.633646], [77.224124, 28.633643], [77.224429, 28.633566], [77.224711, 28.633381], [77.224793, 28.633379]]}, "properties": {"feature_type": "edge", "u": 163, "v": 165, "edge_key": 0, "length_m": 162.225, "is_bridged": false, "is_bridge": false, "edge_betweenness": 0.0, "width_m": 8.469}}, {"type": "Feature", "geometry": {"type": "LineString", "coordinates": [[77.223323, 28.633512], [77.223374, 28.633006]]}, "properties": {"feature_type": "edge", "u": 163, "v": 170, "edge_key": 0, "length_m": 58.485, "is_bridged": false, "is_bridge": false, "edge_betweenness": 0.0, "width_m": 8.446}}, {"type": "Feature", "geometry": {"type": "LineString", "coordinates": [[77.222913, 28.633446], [77.22291, 28.633338], [77.22293, 28.63332], [77.222929, 28.633248], [77.222968, 28.633139], [77.222964, 28.632994], [77.222985, 28.632976]]}, "properties": {"feature_type": "edge", "u": 164, "v": 172, "edge_key": 0, "length_m": 55.314, "is_bridged": false, "is_bridge": false, "edge_betweenness": 0.0, "width_m": 8.481}}, {"type": "Feature", "geometry": {"type": "LineString", "coordinates": [[77.224793, 28.633379], [77.224792, 28.633343], [77.224893, 28.633251]]}, "properties": {"feature_type": "edge", "u": 165, "v": 168, "edge_key": 0, "length_m": 18.957, "is_bridged": false, "is_bridge": false, "edge_betweenness": 0.0, "width_m": 9.96}}, {"type": "Feature", "geometry": {"type": "LineString", "coordinates": [[77.218617, 28.633445], [77.218446, 28.633086], [77.218422, 28.632888], [77.218401, 28.632871], [77.218416, 28.632636], [77.218551, 28.632237]]}, "properties": {"feature_type": "edge", "u": 166, "v": 177, "edge_key": 0, "length_m": 148.199, "is_bridged": false, "is_bridge": false, "edge_betweenness": 0.0, "width_m": 8.315}}, {"type": "Feature", "geometry": {"type": "LineString", "coordinates": [[77.220825, 28.633372], [77.220824, 28.633318], [77.220903, 28.633191], [77.22096, 28.632973], [77.220951, 28.632576], [77.220885, 28.632361], [77.220801, 28.632254], [77.220779, 28.632146]]}, "properties": {"feature_type": "edge", "u": 167, "v": 178, "edge_key": 0, "length_m": 148.426, "is_bridged": false, "is_bridge": false, "edge_betweenness": 0.0, "width_m": 8.409}}, {"type": "Feature", "geometry": {"type": "LineString", "coordinates": [[77.224893, 28.633251], [77.224703, 28.632984], [77.224578, 28.632878], [77.224393, 28.632863], [77.224373, 28.632881], [77.223495, 28.632913], [77.223415, 28.633005], [77.223374, 28.633006]]}, "properties": {"feature_type": "edge", "u": 168, "v": 170, "edge_key": 0, "length_m": 180.225, "is_bridged": false, "is_bridge": false, "edge_betweenness": 0.0, "width_m": 8.414}}, {"type": "Feature", "geometry": {"type": "LineString", "coordinates": [[77.224893, 28.633251], [77.224974, 28.63325], [77.225258, 28.633101], [77.225419, 28.633008], [77.225499, 28.632917]]}, "properties": {"feature_type": "edge", "u": 168, "v": 173, "edge_key": 0, "length_m": 76.083, "is_bridged": false, "is_bridge": false, "edge_betweenness": 0.0, "width_m": 9.186}}, {"type": "Feature", "geometry": {"type": "LineString", "coordinates": [[77.213989, 28.633177], [77.215215, 28.633103], [77.215235, 28.633085], [77.215542, 28.63308], [77.215562, 28.633061], [77.21595, 28.633055], [77.21597, 28.633037], [77.216134, 28.633034], [77.216154, 28.633016], [77.216419, 28.632975]]}, "properties": {"feature_type": "edge", "u": 169, "v": 174, "edge_key": 0, "length_m": 245.1, "is_bridged": false, "is_bridge": true, "edge_betweenness": 0.0, "width_m": 8.105}}, {"type": "Feature", "geometry": {"type": "LineString", "coordinates": [[77.223374, 28.633006], [77.223312, 28.632989], [77.223005, 28.632994], [77.222985, 28.632976]]}, "properties": {"feature_type": "edge", "u": 170, "v": 172, "edge_key": 0, "length_m": 39.657, "is_bridged": false, "is_bridge": false, "edge_betweenness": 0.0, "width_m": 8.484}}, {"type": "Feature", "geometry": {"type": "LineString", "coordinates": [[77.225991, 28.632945], [77.225889, 28.633], [77.225706, 28.63304], [77.225645, 28.633022], [77.225499, 28.632917]]}, "properties": {"feature_type": "edge", "u": 171, "v": 173, "edge_key": 0, "length_m": 57.941, "is_bridged": false, "is_bridge": true, "edge_betweenness": 0.0, "width_m": 8.924}}, {"type": "Feature", "geometry": {"type": "LineString", "coordinates": [[77.222985, 28.632976], [77.222973, 28.632435], [77.222952, 28.632417], [77.222926, 28.632147], [77.222839, 28.631914], [77.222838, 28.631841]]}, "properties": {"feature_type": "edge", "u": 172, "v": 180, "edge_key": 0, "length_m": 130.971, "is_bridged": false, "is_bridge": false, "edge_betweenness": 0.0, "width_m": 8.329}}, {"type": "Feature", "geometry": {"type": "LineString", "coordinates": [[77.225499, 28.632917], [77.225478, 28.632899], [77.225454, 28.632737], [77.225412, 28.632665], [77.22541, 28.632593]]}, "properties": {"feature_type": "edge", "u": 173, "v": 175, "edge_key": 0, "length_m": 39.314, "is_bridged": false, "is_bridge": false, "edge_betweenness": 0.0, "width_m": 8.757}}, {"type": "Feature", "geometry": {"type": "LineString", "coordinates": [[77.216419, 28.632975], [77.216414, 28.632759], [77.216434, 28.63274], [77.216469, 28.632433], [77.216564, 28.632071], [77.216562, 28.631998], [77.216639, 28.631763], [77.216637, 28.631672], [77.216676, 28.6316]]}, "properties": {"feature_type": "edge", "u": 174, "v": 187, "edge_key": 0, "length_m": 163.242, "is_bridged": false, "is_bridge": false, "edge_betweenness": 0.0, "width_m": 8.432}}, {"type": "Feature", "geometry": {"type": "LineString", "coordinates": [[77.22541, 28.632593], [77.225306, 28.632505], [77.225053, 28.632112], [77.224758, 28.63172], [77.224736, 28.63163]]}, "properties": {"feature_type": "edge", "u": 175, "v": 184, "edge_key": 0, "length_m": 135.325, "is_bridged": false, "is_bridge": false, "edge_betweenness": 0.0, "width_m": 8.901}}, {"type": "Feature", "geometry": {"type": "LineString", "coordinates": [[77.22541, 28.632593], [77.225977, 28.632295]]}, "properties": {"feature_type": "edge", "u": 175, "v": 176, "edge_key": 0, "length_m": 68.899, "is_bridged": false, "is_bridge": true, "edge_betweenness": 0.0, "width_m": 9.029}}, {"type": "Feature", "geometry": {"type": "LineString", "coordinates": [[77.218551, 28.632237], [77.21851, 28.632237], [77.217726, 28.631907], [77.217643, 28.631854], [77.21754, 28.631838]]}, "properties": {"feature_type": "edge", "u": 177, "v": 182, "edge_key": 0, "length_m": 116.698, "is_bridged": false, "is_bridge": false, "edge_betweenness": 0.0, "width_m": 8.807}}, {"type": "Feature", "geometry": {"type": "LineString", "coordinates": [[77.218551, 28.632237], [77.218652, 28.632163], [77.218952, 28.631851]]}, "properties": {"feature_type": "edge", "u": 177, "v": 181, "edge_key": 0, "length_m": 59.028, "is_bridged": false, "is_bridge": false, "edge_betweenness": 0.0, "width_m": 9.045}}, {"type": "Feature", "geometry": {"type": "LineString", "coordinates": [[77.220779, 28.632146], [77.220466, 28.63188], [77.220321, 28.631793], [77.219991, 28.631672], [77.219869, 28.631674], [77.219745, 28.63164], [77.219582, 28.631642]]}, "properties": {"feature_type": "edge", "u": 178, "v": 186, "edge_key": 0, "length_m": 140.84, "is_bridged": false, "is_bridge": false, "edge_betweenness": 0.0, "width_m": 8.643}}, {"type": "Feature", "geometry": {"type": "LineString", "coordinates": [[77.220779, 28.632146], [77.22088, 28.632108], [77.221345, 28.63183], [77.221608, 28.631699], [77.221688, 28.631626]]}, "properties": {"feature_type": "edge", "u": 178, "v": 185, "edge_key": 0, "length_m": 113.655, "is_bridged": false, "is_bridge": false, "edge_betweenness": 0.0, "width_m": 9.065}}, {"type": "Feature", "geometry": {"type": "LineString", "coordinates": [[77.213987, 28.632113], [77.215581, 28.632033], [77.215782, 28.631867], [77.215801, 28.631776]]}, "properties": {"feature_type": "edge", "u": 179, "v": 183, "edge_key": 0, "length_m": 196.413, "is_bridged": false, "is_bridge": true, "edge_betweenness": 0.0, "width_m": 8.185}}, {"type": "Feature", "geometry": {"type": "LineString", "coordinates": [[77.222838, 28.631841], [77.22292, 28.63184], [77.22355, 28.631649], [77.223975, 28.631462], [77.224077, 28.631442]]}, "properties": {"feature_type": "edge", "u": 180, "v": 189, "edge_key": 0, "length_m": 139.041, "is_bridged": false, "is_bridge": false, "edge_betweenness": 0.0, "width_m": 8.567}}, {"type": "Feature", "geometry": {"type": "LineString", "coordinates": [[77.222838, 28.631841], [77.222796, 28.631806], [77.222563, 28.631413], [77.222561, 28.631341]]}, "properties": {"feature_type": "edge", "u": 180, "v": 191, "edge_key": 0, "length_m": 66.77, "is_bridged": false, "is_bridge": false, "edge_betweenness": 0.0, "width_m": 9.145}}, {"type": "Feature", "geometry": {"type": "LineString", "coordinates": [[77.218952, 28.631851], [77.218613, 28.631279], [77.217919, 28.63037]]}, "properties": {"feature_type": "edge", "u": 181, "v": 222, "edge_key": 0, "length_m": 206.593, "is_bridged": false, "is_bridge": false, "edge_betweenness": 0.0, "width_m": 8.93}}, {"type": "Feature", "geometry": {"type": "LineString", "coordinates": [[77.218952, 28.631851], [77.219013, 28.63185], [77.219094, 28.631795], [77.219357, 28.631682], [77.219582, 28.631642]]}, "properties": {"feature_type": "edge", "u": 181, "v": 186, "edge_key": 0, "length_m": 71.113, "is_bridged": false, "is_bridge": false, "edge_betweenness": 0.0, "width_m": 8.779}}, {"type": "Feature", "geometry": {"type": "LineString", "coordinates": [[77.21754, 28.631838], [77.217498, 28.631785], [77.217292, 28.631698], [77.217147, 28.63161], [77.217024, 28.631576], [77.216942, 28.631577]]}, "properties": {"feature_type": "edge", "u": 182, "v": 188, "edge_key": 0, "length_m": 71.242, "is_bridged": false, "is_bridge": false, "edge_betweenness": 0.0, "width_m": 9.236}}, {"type": "Feature", "geometry": {"type": "LineString", "coordinates": [[77.215801, 28.631776], [77.21514, 28.631498], [77.214748, 28.631306], [77.214294, 28.631133]]}, "properties": {"feature_type": "edge", "u": 183, "v": 202, "edge_key": 0, "length_m": 176.296, "is_bridged": false, "is_bridge": true, "edge_betweenness": 0.0, "width_m": 8.924}}, {"type": "Feature", "geometry": {"type": "LineString", "coordinates": [[77.215801, 28.631776], [77.215861, 28.631739], [77.21594, 28.631612], [77.216098, 28.63132], [77.216097, 28.631284]]}, "properties": {"feature_type": "edge", "u": 183, "v": 195, "edge_key": 0, "length_m": 67.242, "is_bridged": false, "is_bridge": true, "edge_betweenness": 0.0, "width_m": 8.97}}, {"type": "Feature", "geometry": {"type": "LineString", "coordinates": [[77.224736, 28.63163], [77.224367, 28.6316], [77.224223, 28.631566], [77.22414, 28.631531], [77.224077, 28.631442]]}, "properties": {"feature_type": "edge", "u": 184, "v": 189, "edge_key": 0, "length_m": 75.1, "is_bridged": false, "is_bridge": false, "edge_betweenness": 0.0, "width_m": 8.372}}, {"type": "Feature", "geometry": {"type": "LineString", "coordinates": [[77.224736, 28.63163], [77.224775, 28.631575], [77.225685, 28.631073], [77.225807, 28.631017], [77.225929, 28.631015]]}, "properties": {"feature_type": "edge", "u": 184, "v": 199, "edge_key": 0, "length_m": 146.153, "is_bridged": false, "is_bridge": true, "edge_betweenness": 0.0, "width_m": 8.988}}, {"type": "Feature", "geometry": {"type": "LineString", "coordinates": [[77.221688, 28.631626], [77.221603, 28.631483], [77.221332, 28.631235], [77.220752, 28.630883]]}, "properties": {"feature_type": "edge", "u": 185, "v": 205, "edge_key": 0, "length_m": 130.652, "is_bridged": false, "is_bridge": false, "edge_betweenness": 0.0, "width_m": 9.176}}, {"type": "Feature", "geometry": {"type": "LineString", "coordinates": [[77.221688, 28.631626], [77.221769, 28.631606], [77.222173, 28.631365], [77.222437, 28.631253]]}, "properties": {"feature_type": "edge", "u": 185, "v": 193, "edge_key": 0, "length_m": 89.856, "is_bridged": false, "is_bridge": false, "edge_betweenness": 0.0, "width_m": 9.106}}, {"type": "Feature", "geometry": {"type": "LineString", "coordinates": [[77.219582, 28.631642], [77.21958, 28.631552], [77.219559, 28.631534], [77.219521, 28.630705]]}, "properties": {"feature_type": "edge", "u": 186, "v": 210, "edge_key": 0, "length_m": 105.657, "is_bridged": false, "is_bridge": false, "edge_betweenness": 0.0, "width_m": 8.056}}, {"type": "Feature", "geometry": {"type": "LineString", "coordinates": [[77.216676, 28.6316], [77.216615, 28.631583], [77.216468, 28.631441], [77.216262, 28.631336], [77.216097, 28.631284]]}, "properties": {"feature_type": "edge", "u": 187, "v": 195, "edge_key": 0, "length_m": 71.371, "is_bridged": false, "is_bridge": false, "edge_betweenness": 0.0, "width_m": 9.145}}, {"type": "Feature", "geometry": {"type": "LineString", "coordinates": [[77.216676, 28.6316], [77.216922, 28.631596], [77.216942, 28.631577]]}, "properties": {"feature_type": "edge", "u": 187, "v": 188, "edge_key": 0, "length_m": 26.828, "is_bridged": false, "is_bridge": false, "edge_betweenness": 0.0, "width_m": 8.878}}, {"type": "Feature", "geometry": {"type": "LineString", "coordinates": [[77.216676, 28.6316], [77.216716, 28.631527], [77.216714, 28.631455], [77.216755, 28.631436]]}, "properties": {"feature_type": "edge", "u": 187, "v": 192, "edge_key": 0, "length_m": 21.773, "is_bridged": false, "is_bridge": false, "edge_betweenness": 0.0, "width_m": 9.243}}, {"type": "Feature", "geometry": {"type": "LineString", "coordinates": [[77.216942, 28.631577], [77.216941, 28.631541], [77.216879, 28.631488], [77.216755, 28.631436]]}, "properties": {"feature_type": "edge", "u": 188, "v": 192, "edge_key": 0, "length_m": 26.614, "is_bridged": false, "is_bridge": false, "edge_betweenness": 0.0, "width_m": 9.926}}, {"type": "Feature", "geometry": {"type": "LineString", "coordinates": [[77.224077, 28.631442], [77.224137, 28.631369], [77.225996, 28.63031]]}, "properties": {"feature_type": "edge", "u": 189, "v": 219, "edge_key": 0, "length_m": 241.349, "is_bridged": false, "is_bridge": true, "edge_betweenness": 0.0, "width_m": 8.925}}, {"type": "Feature", "geometry": {"type": "LineString", "coordinates": [[77.214038, 28.631589], [77.214236, 28.631279], [77.214294, 28.631133]]}, "properties": {"feature_type": "edge", "u": 190, "v": 202, "edge_key": 0, "length_m": 60.77, "is_bridged": false, "is_bridge": true, "edge_betweenness": 0.0, "width_m": 8.989}}, {"type": "Feature", "geometry": {"type": "LineString", "coordinates": [[77.222561, 28.631341], [77.222521, 28.631341], [77.222437, 28.631253]]}, "properties": {"feature_type": "edge", "u": 191, "v": 193, "edge_key": 0, "length_m": 17.314, "is_bridged": false, "is_bridge": false, "edge_betweenness": 0.0, "width_m": 9.404}}, {"type": "Feature", "geometry": {"type": "LineString", "coordinates": [[77.222561, 28.631341], [77.222582, 28.631322], [77.222559, 28.631233]]}, "properties": {"feature_type": "edge", "u": 191, "v": 194, "edge_key": 0, "length_m": 13.153, "is_bridged": false, "is_bridge": false, "edge_betweenness": 0.0, "width_m": 6.778}}, {"type": "Feature", "geometry": {"type": "LineString", "coordinates": [[77.216755, 28.631436], [77.216156, 28.631157], [77.216134, 28.631103]]}, "properties": {"feature_type": "edge", "u": 192, "v": 201, "edge_key": 0, "length_m": 77.727, "is_bridged": false, "is_bridge": false, "edge_betweenness": 0.0, "width_m": 9.095}}, {"type": "Feature", "geometry": {"type": "LineString", "coordinates": [[77.216755, 28.631436], [77.216854, 28.631308], [77.217576, 28.630628], [77.217716, 28.630482], [77.217755, 28.630391]]}, "properties": {"feature_type": "edge", "u": 192, "v": 221, "edge_key": 0, "length_m": 155.065, "is_bridged": false, "is_bridge": false, "edge_betweenness": 0.0, "width_m": 9.555}}, {"type": "Feature", "geometry": {"type": "LineString", "coordinates": [[77.222437, 28.631253], [77.222332, 28.63111], [77.22233, 28.631056]]}, "properties": {"feature_type": "edge", "u": 193, "v": 200, "edge_key": 0, "length_m": 26.142, "is_bridged": false, "is_bridge": false, "edge_betweenness": 0.0, "width_m": 9.911}}, {"type": "Feature", "geometry": {"type": "LineString", "coordinates": [[77.222437, 28.631253], [77.222477, 28.631216], [77.222559, 28.631233]]}, "properties": {"feature_type": "edge", "u": 193, "v": 194, "edge_key": 0, "length_m": 13.981, "is_bridged": false, "is_bridge": false, "edge_betweenness": 0.0, "width_m": 7.398}}, {"type": "Feature", "geometry": {"type": "LineString", "coordinates": [[77.222559, 28.631233], [77.222639, 28.631141], [77.222638, 28.631087]]}, "properties": {"feature_type": "edge", "u": 194, "v": 197, "edge_key": 0, "length_m": 19.314, "is_bridged": false, "is_bridge": false, "edge_betweenness": 0.0, "width_m": 8.283}}, {"type": "Feature", "geometry": {"type": "LineString", "coordinates": [[77.216097, 28.631284], [77.216014, 28.631213], [77.215911, 28.631197]]}, "properties": {"feature_type": "edge", "u": 195, "v": 198, "edge_key": 0, "length_m": 22.957, "is_bridged": false, "is_bridge": false, "edge_betweenness": 0.0, "width_m": 9.178}}, {"type": "Feature", "geometry": {"type": "LineString", "coordinates": [[77.222638, 28.631087], [77.222474, 28.631053], [77.22233, 28.631056]]}, "properties": {"feature_type": "edge", "u": 197, "v": 200, "edge_key": 0, "length_m": 31.153, "is_bridged": false, "is_bridge": false, "edge_betweenness": 0.0, "width_m": 8.024}}, {"type": "Feature", "geometry": {"type": "LineString", "coordinates": [[77.222638, 28.631087], [77.223083, 28.630845], [77.223264, 28.630716]]}, "properties": {"feature_type": "edge", "u": 197, "v": 207, "edge_key": 0, "length_m": 78.065, "is_bridged": false, "is_bridge": true, "edge_betweenness": 0.0, "width_m": 15.934}}, {"type": "Feature", "geometry": {"type": "LineString", "coordinates": [[77.215911, 28.631197], [77.215851, 28.63127], [77.21579, 28.631271], [77.215191, 28.630992], [77.215129, 28.630975], [77.215007, 28.630995], [77.214656, 28.630821]]}, "properties": {"feature_type": "edge", "u": 198, "v": 208, "edge_key": 0, "length_m": 149.681, "is_bridged": false, "is_bridge": true, "edge_betweenness": 0.0, "width_m": 8.768}}, {"type": "Feature", "geometry": {"type": "LineString", "coordinates": [[77.215911, 28.631197], [77.215828, 28.631126], [77.215621, 28.631039], [77.215579, 28.630968]]}, "properties": {"feature_type": "edge", "u": 198, "v": 204, "edge_key": 0, "length_m": 44.609, "is_bridged": false, "is_bridge": false, "edge_betweenness": 0.0, "width_m": 8.778}}, {"type": "Feature", "geometry": {"type": "LineString", "coordinates": [[77.22233, 28.631056], [77.221352, 28.630224]]}, "properties": {"feature_type": "edge", "u": 200, "v": 226, "edge_key": 0, "length_m": 134.923, "is_bridged": false, "is_bridge": false, "edge_betweenness": 0.0, "width_m": 9.67}}, {"type": "Feature", "geometry": {"type": "LineString", "coordinates": [[77.216134, 28.631103], [77.215991, 28.631087], [77.21566, 28.63093], [77.215579, 28.630968]]}, "properties": {"feature_type": "edge", "u": 201, "v": 204, "edge_key": 0, "length_m": 63.495, "is_bridged": false, "is_bridge": false, "edge_betweenness": 0.0, "width_m": 8.558}}, {"type": "Feature", "geometry": {"type": "LineString", "coordinates": [[77.216134, 28.631103], [77.216133, 28.631067], [77.216272, 28.630848], [77.21629, 28.630758]]}, "properties": {"feature_type": "edge", "u": 201, "v": 209, "edge_key": 0, "length_m": 44.271, "is_bridged": false, "is_bridge": true, "edge_betweenness": 0.0, "width_m": 8.734}}, {"type": "Feature", "geometry": {"type": "LineString", "coordinates": [[77.214294, 28.631133], [77.214231, 28.63108], [77.214087, 28.631028], [77.214025, 28.630975], [77.214163, 28.63072]]}, "properties": {"feature_type": "edge", "u": 202, "v": 213, "edge_key": 0, "length_m": 67.255, "is_bridged": false, "is_bridge": true, "edge_betweenness": 0.0, "width_m": 9.247}}, {"type": "Feature", "geometry": {"type": "LineString", "coordinates": [[77.215579, 28.630968], [77.215436, 28.630952], [77.215269, 28.630811]]}, "properties": {"feature_type": "edge", "u": 204, "v": 206, "edge_key": 0, "length_m": 37.456, "is_bridged": false, "is_bridge": false, "edge_betweenness": 0.0, "width_m": 6.96}}, {"type": "Feature", "geometry": {"type": "LineString", "coordinates": [[77.215579, 28.630968], [77.215536, 28.630878], [77.215269, 28.630811]]}, "properties": {"feature_type": "edge", "u": 204, "v": 206, "edge_key": 1, "length_m": 39.171, "is_bridged": false, "is_bridge": false, "edge_betweenness": 0.0, "width_m": 6.972}}, {"type": "Feature", "geometry": {"type": "LineString", "coordinates": [[77.215579, 28.630968], [77.215548, 28.630941]]}, "properties": {"feature_type": "edge", "u": 204, "v": 257, "edge_key": 0, "length_m": 5.886, "is_bridged": false, "is_bridge": false, "edge_betweenness": 0.0, "width_m": 4.0}}, {"type": "Feature", "geometry": {"type": "LineString", "coordinates": [[77.215548, 28.630941], [77.215579, 28.630968]]}, "properties": {"feature_type": "edge", "u": 204, "v": 257, "edge_key": 1, "length_m": 5.886, "is_bridged": false, "is_bridge": false, "edge_betweenness": 0.0, "width_m": 4.0}}, {"type": "Feature", "geometry": {"type": "LineString", "coordinates": [[77.220752, 28.630883], [77.220691, 28.630884], [77.220361, 28.630763], [77.220094, 28.630714], [77.219521, 28.630705]]}, "properties": {"feature_type": "edge", "u": 205, "v": 210, "edge_key": 0, "length_m": 129.113, "is_bridged": false, "is_bridge": false, "edge_betweenness": 0.0, "width_m": 8.34}}, {"type": "Feature", "geometry": {"type": "LineString", "coordinates": [[77.220752, 28.630883], [77.220929, 28.630555]]}, "properties": {"feature_type": "edge", "u": 205, "v": 214, "edge_key": 0, "length_m": 43.1, "is_bridged": false, "is_bridge": true, "edge_betweenness": 0.0, "width_m": 8.879}}, {"type": "Feature", "geometry": {"type": "LineString", "coordinates": [[77.215269, 28.630811], [77.21527, 28.630865]]}, "properties": {"feature_type": "edge", "u": 206, "v": 258, "edge_key": 0, "length_m": 6.0, "is_bridged": false, "is_bridge": false, "edge_betweenness": 0.0, "width_m": 2.981}}, {"type": "Feature", "geometry": {"type": "LineString", "coordinates": [[77.21527, 28.630865], [77.215269, 28.630811]]}, "properties": {"feature_type": "edge", "u": 206, "v": 258, "edge_key": 1, "length_m": 6.0, "is_bridged": false, "is_bridge": false, "edge_betweenness": 0.0, "width_m": 2.981}}, {"type": "Feature", "geometry": {"type": "LineString", "coordinates": [[77.215269, 28.630811], [77.214402, 28.630428], [77.21436, 28.630392], [77.214216, 28.630341], [77.214153, 28.630287]]}, "properties": {"feature_type": "edge", "u": 206, "v": 229, "edge_key": 0, "length_m": 130.942, "is_bridged": false, "is_bridge": true, "edge_betweenness": 0.0, "width_m": 16.506}}, {"type": "Feature", "geometry": {"type": "LineString", "coordinates": [[77.223264, 28.630716], [77.223305, 28.630715]]}, "properties": {"feature_type": "edge", "u": 207, "v": 259, "edge_key": 0, "length_m": 4.0, "is_bridged": false, "is_bridge": false, "edge_betweenness": 0.0, "width_m": 4.0}}, {"type": "Feature", "geometry": {"type": "LineString", "coordinates": [[77.223305, 28.630715], [77.223264, 28.630716]]}, "properties": {"feature_type": "edge", "u": 207, "v": 259, "edge_key": 1, "length_m": 4.0, "is_bridged": false, "is_bridge": false, "edge_betweenness": 0.0, "width_m": 4.0}}, {"type": "Feature", "geometry": {"type": "LineString", "coordinates": [[77.223264, 28.630716], [77.223323, 28.630588]]}, "properties": {"feature_type": "edge", "u": 207, "v": 211, "edge_key": 0, "length_m": 15.416, "is_bridged": false, "is_bridge": true, "edge_betweenness": 0.0, "width_m": 6.0}}, {"type": "Feature", "geometry": {"type": "LineString", "coordinates": [[77.21629, 28.630758], [77.216228, 28.630723], [77.216207, 28.630669], [77.216224, 28.630524], [77.216162, 28.630471], [77.215543, 28.630211], [77.215501, 28.630175], [77.2155, 28.630121], [77.21554, 28.630066], [77.215558, 28.629976]]}, "properties": {"feature_type": "edge", "u": 209, "v": 236, "edge_key": 0, "length_m": 141.655, "is_bridged": false, "is_bridge": true, "edge_betweenness": 0.0, "width_m": 8.736}}, {"type": "Feature", "geometry": {"type": "LineString", "coordinates": [[77.21629, 28.630758], [77.216433, 28.630737], [77.216495, 28.630772], [77.216557, 28.630771], [77.216617, 28.630716], [77.216615, 28.630644], [77.21649, 28.630538], [77.216468, 28.630466], [77.21703, 28.629952]]}, "properties": {"feature_type": "edge", "u": 209, "v": 239, "edge_key": 0, "length_m": 149.609, "is_bridged": false, "is_bridge": true, "edge_betweenness": 0.0, "width_m": 9.249}}, {"type": "Feature", "geometry": {"type": "LineString", "coordinates": [[77.219521, 28.630705], [77.219484, 28.629911]]}, "properties": {"feature_type": "edge", "u": 210, "v": 237, "edge_key": 0, "length_m": 88.828, "is_bridged": false, "is_bridge": false, "edge_betweenness": 0.0, "width_m": 8.099}}, {"type": "Feature", "geometry": {"type": "LineString", "coordinates": [[77.223323, 28.630588], [77.223385, 28.630623], [77.223467, 28.630622], [77.223487, 28.630604], [77.223485, 28.630514]]}, "properties": {"feature_type": "edge", "u": 211, "v": 212, "edge_key": 0, "length_m": 28.04, "is_bridged": false, "is_bridge": false, "edge_betweenness": 0.0, "width_m": 12.046}}, {"type": "Feature", "geometry": {"type": "LineString", "coordinates": [[77.223323, 28.630588], [77.223362, 28.630516], [77.223485, 28.630514]]}, "properties": {"feature_type": "edge", "u": 211, "v": 212, "edge_key": 1, "length_m": 20.944, "is_bridged": false, "is_bridge": false, "edge_betweenness": 0.0, "width_m": 4.315}}, {"type": "Feature", "geometry": {"type": "LineString", "coordinates": [[77.223323, 28.630588], [77.223384, 28.630569]]}, "properties": {"feature_type": "edge", "u": 211, "v": 260, "edge_key": 0, "length_m": 6.325, "is_bridged": false, "is_bridge": false, "edge_betweenness": 0.0, "width_m": 1.333}}, {"type": "Feature", "geometry": {"type": "LineString", "coordinates": [[77.223384, 28.630569], [77.223323, 28.630588]]}, "properties": {"feature_type": "edge", "u": 211, "v": 260, "edge_key": 1, "length_m": 6.325, "is_bridged": false, "is_bridge": false, "edge_betweenness": 0.0, "width_m": 1.333}}, {"type": "Feature", "geometry": {"type": "LineString", "coordinates": [[77.223323, 28.630588], [77.223241, 28.630608], [77.223158, 28.630555], [77.222798, 28.629965], [77.222694, 28.629877], [77.222672, 28.629805], [77.22259, 28.629806], [77.222446, 28.629737], [77.222405, 28.629737]]}, "properties": {"feature_type": "edge", "u": 211, "v": 245, "edge_key": 0, "length_m": 151.177, "is_bridged": false, "is_bridge": true, "edge_betweenness": 0.0, "width_m": 8.731}}, {"type": "Feature", "geometry": {"type": "LineString", "coordinates": [[77.223485, 28.630514], [77.223548, 28.630585]]}, "properties": {"feature_type": "edge", "u": 212, "v": 261, "edge_key": 0, "length_m": 10.0, "is_bridged": false, "is_bridge": false, "edge_betweenness": 0.0, "width_m": 4.0}}, {"type": "Feature", "geometry": {"type": "LineString", "coordinates": [[77.223548, 28.630585], [77.223485, 28.630514]]}, "properties": {"feature_type": "edge", "u": 212, "v": 261, "edge_key": 1, "length_m": 10.0, "is_bridged": false, "is_bridge": false, "edge_betweenness": 0.0, "width_m": 4.0}}, {"type": "Feature", "geometry": {"type": "LineString", "coordinates": [[77.223485, 28.630514], [77.223423, 28.630478]]}, "properties": {"feature_type": "edge", "u": 212, "v": 262, "edge_key": 0, "length_m": 7.211, "is_bridged": false, "is_bridge": false, "edge_betweenness": 0.0, "width_m": 5.648}}, {"type": "Feature", "geometry": {"type": "LineString", "coordinates": [[77.223423, 28.630478], [77.223485, 28.630514]]}, "properties": {"feature_type": "edge", "u": 212, "v": 262, "edge_key": 1, "length_m": 7.211, "is_bridged": false, "is_bridge": false, "edge_betweenness": 0.0, "width_m": 5.648}}, {"type": "Feature", "geometry": {"type": "LineString", "coordinates": [[77.223485, 28.630514], [77.223628, 28.630529], [77.223688, 28.630438]]}, "properties": {"feature_type": "edge", "u": 212, "v": 215, "edge_key": 0, "length_m": 25.938, "is_bridged": false, "is_bridge": false, "edge_betweenness": 0.0, "width_m": 11.752}}, {"type": "Feature", "geometry": {"type": "LineString", "coordinates": [[77.223485, 28.630514], [77.223524, 28.630423], [77.223688, 28.630438]]}, "properties": {"feature_type": "edge", "u": 212, "v": 215, "edge_key": 1, "length_m": 26.895, "is_bridged": false, "is_bridge": false, "edge_betweenness": 0.0, "width_m": 7.296}}, {"type": "Feature", "geometry": {"type": "LineString", "coordinates": [[77.223688, 28.630438], [77.223709, 28.630492]]}, "properties": {"feature_type": "edge", "u": 215, "v": 263, "edge_key": 0, "length_m": 6.325, "is_bridged": false, "is_bridge": false, "edge_betweenness": 0.0, "width_m": 7.296}}, {"type": "Feature", "geometry": {"type": "LineString", "coordinates": [[77.223709, 28.630492], [77.223688, 28.630438]]}, "properties": {"feature_type": "edge", "u": 215, "v": 263, "edge_key": 1, "length_m": 6.325, "is_bridged": false, "is_bridge": false, "edge_betweenness": 0.0, "width_m": 7.296}}, {"type": "Feature", "geometry": {"type": "LineString", "coordinates": [[77.223688, 28.630438], [77.223625, 28.630385]]}, "properties": {"feature_type": "edge", "u": 215, "v": 216, "edge_key": 0, "length_m": 8.944, "is_bridged": false, "is_bridge": false, "edge_betweenness": 0.0, "width_m": 6.2}}, {"type": "Feature", "geometry": {"type": "LineString", "coordinates": [[77.223688, 28.630438], [77.223584, 28.630386], [77.223625, 28.630385]]}, "properties": {"feature_type": "edge", "u": 215, "v": 216, "edge_key": 1, "length_m": 15.662, "is_bridged": false, "is_bridge": false, "edge_betweenness": 0.0, "width_m": 7.848}}, {"type": "Feature", "geometry": {"type": "LineString", "coordinates": [[77.223688, 28.630438], [77.223708, 28.63042], [77.223686, 28.630348]]}, "properties": {"feature_type": "edge", "u": 215, "v": 217, "edge_key": 0, "length_m": 11.301, "is_bridged": false, "is_bridge": false, "edge_betweenness": 0.0, "width_m": 6.64}}, {"type": "Feature", "geometry": {"type": "LineString", "coordinates": [[77.223688, 28.630438], [77.223768, 28.630383], [77.223746, 28.630311]]}, "properties": {"feature_type": "edge", "u": 215, "v": 220, "edge_key": 0, "length_m": 18.472, "is_bridged": false, "is_bridge": false, "edge_betweenness": 0.0, "width_m": 6.64}}, {"type": "Feature", "geometry": {"type": "LineString", "coordinates": [[77.223688, 28.630438], [77.223891, 28.630381], [77.223991, 28.630289]]}, "properties": {"feature_type": "edge", "u": 215, "v": 218, "edge_key": 0, "length_m": 35.116, "is_bridged": false, "is_bridge": false, "edge_betweenness": 0.0, "width_m": 12.084}}, {"type": "Feature", "geometry": {"type": "LineString", "coordinates": [[77.223625, 28.630385], [77.223645, 28.630349], [77.223686, 28.630348]]}, "properties": {"feature_type": "edge", "u": 216, "v": 217, "edge_key": 0, "length_m": 8.472, "is_bridged": false, "is_bridge": false, "edge_betweenness": 0.0, "width_m": 6.753}}, {"type": "Feature", "geometry": {"type": "LineString", "coordinates": [[77.223686, 28.630348], [77.223706, 28.630311], [77.223746, 28.630311]]}, "properties": {"feature_type": "edge", "u": 217, "v": 220, "edge_key": 0, "length_m": 8.472, "is_bridged": false, "is_bridge": false, "edge_betweenness": 0.0, "width_m": 6.753}}, {"type": "Feature", "geometry": {"type": "LineString", "coordinates": [[77.223991, 28.630289], [77.22387, 28.630327], [77.223848, 28.630255]]}, "properties": {"feature_type": "edge", "u": 218, "v": 223, "edge_key": 0, "length_m": 21.121, "is_bridged": false, "is_bridge": false, "edge_betweenness": 0.0, "width_m": 6.452}}, {"type": "Feature", "geometry": {"type": "LineString", "coordinates": [[77.223991, 28.630289], [77.223929, 28.630254], [77.223929, 28.630218]]}, "properties": {"feature_type": "edge", "u": 218, "v": 224, "edge_key": 0, "length_m": 11.211, "is_bridged": false, "is_bridge": false, "edge_betweenness": 0.0, "width_m": 5.333}}, {"type": "Feature", "geometry": {"type": "LineString", "coordinates": [[77.223991, 28.630289], [77.22397, 28.630235], [77.223929, 28.630218]]}, "properties": {"feature_type": "edge", "u": 218, "v": 224, "edge_key": 1, "length_m": 10.797, "is_bridged": false, "is_bridge": false, "edge_betweenness": 0.0, "width_m": 5.333}}, {"type": "Feature", "geometry": {"type": "LineString", "coordinates": [[77.223991, 28.630289], [77.224113, 28.630233], [77.224456, 28.63001]]}, "properties": {"feature_type": "edge", "u": 218, "v": 225, "edge_key": 0, "length_m": 55.078, "is_bridged": false, "is_bridge": false, "edge_betweenness": 0.0, "width_m": 11.049}}, {"type": "Feature", "geometry": {"type": "LineString", "coordinates": [[77.223991, 28.630289], [77.224071, 28.630197], [77.22405, 28.630143]]}, "properties": {"feature_type": "edge", "u": 218, "v": 227, "edge_key": 0, "length_m": 19.131, "is_bridged": false, "is_bridge": false, "edge_betweenness": 0.0, "width_m": 7.219}}, {"type": "Feature", "geometry": {"type": "LineString", "coordinates": [[77.223746, 28.630311], [77.223786, 28.630256], [77.223848, 28.630255]]}, "properties": {"feature_type": "edge", "u": 220, "v": 223, "edge_key": 0, "length_m": 13.301, "is_bridged": false, "is_bridge": false, "edge_betweenness": 0.0, "width_m": 7.629}}, {"type": "Feature", "geometry": {"type": "LineString", "coordinates": [[77.217755, 28.630391], [77.217735, 28.630373], [77.217731, 28.630193], [77.217665, 28.629995]]}, "properties": {"feature_type": "edge", "u": 221, "v": 233, "edge_key": 0, "length_m": 46.217, "is_bridged": false, "is_bridge": false, "edge_betweenness": 0.0, "width_m": 8.359}}, {"type": "Feature", "geometry": {"type": "LineString", "coordinates": [[77.217755, 28.630391], [77.217919, 28.63037]]}, "properties": {"feature_type": "edge", "u": 221, "v": 222, "edge_key": 0, "length_m": 16.828, "is_bridged": false, "is_bridge": false, "edge_betweenness": 0.0, "width_m": 9.351}}, {"type": "Feature", "geometry": {"type": "LineString", "coordinates": [[77.217919, 28.63037], [77.217918, 28.630334], [77.218019, 28.630278], [77.218039, 28.630242]]}, "properties": {"feature_type": "edge", "u": 222, "v": 228, "edge_key": 0, "length_m": 20.957, "is_bridged": false, "is_bridge": false, "edge_betweenness": 0.0, "width_m": 9.919}}, {"type": "Feature", "geometry": {"type": "LineString", "coordinates": [[77.223848, 28.630255], [77.223867, 28.630219], [77.223929, 28.630218]]}, "properties": {"feature_type": "edge", "u": 223, "v": 224, "edge_key": 0, "length_m": 10.472, "is_bridged": false, "is_bridge": false, "edge_betweenness": 0.0, "width_m": 6.2}}, {"type": "Feature", "geometry": {"type": "LineString", "coordinates": [[77.223929, 28.630218], [77.223989, 28.630162], [77.22405, 28.630143]]}, "properties": {"feature_type": "edge", "u": 224, "v": 227, "edge_key": 0, "length_m": 14.957, "is_bridged": false, "is_bridge": false, "edge_betweenness": 0.0, "width_m": 8.331}}, {"type": "Feature", "geometry": {"type": "LineString", "coordinates": [[77.224456, 28.63001], [77.224152, 28.630149]]}, "properties": {"feature_type": "edge", "u": 225, "v": 264, "edge_key": 0, "length_m": 35.155, "is_bridged": false, "is_bridge": false, "edge_betweenness": 0.0, "width_m": 5.983}}, {"type": "Feature", "geometry": {"type": "LineString", "coordinates": [[77.224152, 28.630149], [77.224152, 28.630124], [77.224456, 28.63001]]}, "properties": {"feature_type": "edge", "u": 225, "v": 264, "edge_key": 1, "length_m": 35.155, "is_bridged": false, "is_bridge": false, "edge_betweenness": 0.0, "width_m": 5.983}}, {"type": "Feature", "geometry": {"type": "LineString", "coordinates": [[77.224456, 28.63001], [77.224253, 28.630068]]}, "properties": {"feature_type": "edge", "u": 225, "v": 265, "edge_key": 0, "length_m": 20.881, "is_bridged": false, "is_bridge": false, "edge_betweenness": 0.0, "width_m": 5.105}}, {"type": "Feature", "geometry": {"type": "LineString", "coordinates": [[77.224253, 28.630068], [77.224456, 28.63001]]}, "properties": {"feature_type": "edge", "u": 225, "v": 265, "edge_key": 1, "length_m": 20.881, "is_bridged": false, "is_bridge": false, "edge_betweenness": 0.0, "width_m": 5.105}}, {"type": "Feature", "geometry": {"type": "LineString", "coordinates": [[77.224456, 28.63001], [77.224191, 28.630033]]}, "properties": {"feature_type": "edge", "u": 225, "v": 266, "edge_key": 0, "length_m": 26.077, "is_bridged": false, "is_bridge": false, "edge_betweenness": 0.0, "width_m": 6.753}}, {"type": "Feature", "geometry": {"type": "LineString", "coordinates": [[77.224191, 28.630033], [77.224456, 28.63001]]}, "properties": {"feature_type": "edge", "u": 225, "v": 266, "edge_key": 1, "length_m": 26.077, "is_bridged": false, "is_bridge": false, "edge_betweenness": 0.0, "width_m": 6.753}}, {"type": "Feature", "geometry": {"type": "LineString", "coordinates": [[77.224456, 28.63001], [77.224921, 28.62975]]}, "properties": {"feature_type": "edge", "u": 225, "v": 267, "edge_key": 0, "length_m": 53.852, "is_bridged": false, "is_bridge": false, "edge_betweenness": 0.0, "width_m": 5.105}}, {"type": "Feature", "geometry": {"type": "LineString", "coordinates": [[77.224921, 28.62975], [77.224456, 28.63001]]}, "properties": {"feature_type": "edge", "u": 225, "v": 267, "edge_key": 1, "length_m": 53.852, "is_bridged": false, "is_bridge": false, "edge_betweenness": 0.0, "width_m": 5.105}}, {"type": "Feature", "geometry": {"type": "LineString", "coordinates": [[77.224456, 28.63001], [77.22409, 28.630089], [77.22405, 28.630143]]}, "properties": {"feature_type": "edge", "u": 225, "v": 227, "edge_key": 0, "length_m": 44.179, "is_bridged": false, "is_bridge": false, "edge_betweenness": 0.0, "width_m": 7.301}}, {"type": "Feature", "geometry": {"type": "LineString", "coordinates": [[77.224456, 28.63001], [77.224375, 28.63003], [77.224353, 28.629958]]}, "properties": {"feature_type": "edge", "u": 225, "v": 234, "edge_key": 0, "length_m": 16.718, "is_bridged": false, "is_bridge": false, "edge_betweenness": 0.0, "width_m": 5.983}}, {"type": "Feature", "geometry": {"type": "LineString", "coordinates": [[77.224456, 28.63001], [77.224292, 28.629977], [77.224353, 28.629958]]}, "properties": {"feature_type": "edge", "u": 225, "v": 234, "edge_key": 1, "length_m": 23.321, "is_bridged": false, "is_bridge": false, "edge_betweenness": 0.0, "width_m": 7.301}}, {"type": "Feature", "geometry": {"type": "LineString", "coordinates": [[77.224456, 28.63001], [77.225084, 28.629729]]}, "properties": {"feature_type": "edge", "u": 225, "v": 243, "edge_key": 0, "length_m": 69.757, "is_bridged": false, "is_bridge": true, "edge_betweenness": 0.0, "width_m": 8.005}}, {"type": "Feature", "geometry": {"type": "LineString", "coordinates": [[77.221352, 28.630224], [77.22127, 28.630225], [77.221146, 28.630173], [77.221104, 28.63012]]}, "properties": {"feature_type": "edge", "u": 226, "v": 231, "edge_key": 0, "length_m": 29.786, "is_bridged": false, "is_bridge": false, "edge_betweenness": 0.0, "width_m": 9.096}}, {"type": "Feature", "geometry": {"type": "LineString", "coordinates": [[77.221352, 28.630224], [77.22133, 28.630188], [77.221346, 28.629953]]}, "properties": {"feature_type": "edge", "u": 226, "v": 235, "edge_key": 0, "length_m": 31.301, "is_bridged": false, "is_bridge": false, "edge_betweenness": 0.0, "width_m": 8.926}}, {"type": "Feature", "geometry": {"type": "LineString", "coordinates": [[77.22405, 28.630143], [77.224091, 28.630161]]}, "properties": {"feature_type": "edge", "u": 227, "v": 268, "edge_key": 0, "length_m": 4.472, "is_bridged": false, "is_bridge": false, "edge_betweenness": 0.0, "width_m": 5.105}}, {"type": "Feature", "geometry": {"type": "LineString", "coordinates": [[77.224091, 28.630161], [77.22405, 28.630143]]}, "properties": {"feature_type": "edge", "u": 227, "v": 268, "edge_key": 1, "length_m": 4.472, "is_bridged": false, "is_bridge": false, "edge_betweenness": 0.0, "width_m": 5.105}}, {"type": "Feature", "geometry": {"type": "LineString", "coordinates": [[77.218039, 28.630242], [77.217976, 28.630189], [77.217894, 28.630172], [77.217665, 28.629995]]}, "properties": {"feature_type": "edge", "u": 228, "v": 233, "edge_key": 0, "length_m": 47.598, "is_bridged": false, "is_bridge": false, "edge_betweenness": 0.0, "width_m": 8.725}}, {"type": "Feature", "geometry": {"type": "LineString", "coordinates": [[77.218039, 28.630242], [77.218202, 28.630221], [77.218506, 28.63009], [77.218912, 28.629975], [77.219239, 28.629934], [77.219259, 28.629915], [77.219484, 28.629911]]}, "properties": {"feature_type": "edge", "u": 228, "v": 237, "edge_key": 0, "length_m": 155.727, "is_bridged": false, "is_bridge": false, "edge_betweenness": 0.0, "width_m": 8.731}}, {"type": "Feature", "geometry": {"type": "LineString", "coordinates": [[77.214153, 28.630287], [77.214071, 28.630271], [77.213968, 28.6302]]}, "properties": {"feature_type": "edge", "u": 229, "v": 232, "edge_key": 0, "length_m": 22.142, "is_bridged": false, "is_bridge": true, "edge_betweenness": 0.0, "width_m": 13.721}}, {"type": "Feature", "geometry": {"type": "LineString", "coordinates": [[77.214153, 28.630287], [77.214194, 28.630251], [77.214213, 28.630178], [77.214411, 28.629886], [77.21447, 28.629759], [77.21451, 28.62974]]}, "properties": {"feature_type": "edge", "u": 229, "v": 255, "edge_key": 0, "length_m": 76.083, "is_bridged": false, "is_bridge": true, "edge_betweenness": 0.0, "width_m": 9.222}}, {"type": "Feature", "geometry": {"type": "LineString", "coordinates": [[77.21724, 28.630201], [77.217113, 28.630004], [77.21703, 28.629952]]}, "properties": {"feature_type": "edge", "u": 230, "v": 239, "edge_key": 0, "length_m": 37.456, "is_bridged": false, "is_bridge": true, "edge_betweenness": 0.0, "width_m": 8.999}}, {"type": "Feature", "geometry": {"type": "LineString", "coordinates": [[77.221104, 28.63012], [77.220961, 28.630104], [77.220692, 28.63], [77.220528, 28.629985], [77.220425, 28.62995], [77.219667, 28.629872]]}, "properties": {"feature_type": "edge", "u": 231, "v": 240, "edge_key": 0, "length_m": 152.07, "is_bridged": false, "is_bridge": false, "edge_betweenness": 0.0, "width_m": 8.642}}, {"type": "Feature", "geometry": {"type": "LineString", "coordinates": [[77.221104, 28.63012], [77.221123, 28.630065], [77.221346, 28.629953]]}, "properties": {"feature_type": "edge", "u": 231, "v": 235, "edge_key": 0, "length_m": 33.443, "is_bridged": false, "is_bridge": false, "edge_betweenness": 0.0, "width_m": 9.33}}, {"type": "Feature", "geometry": {"type": "LineString", "coordinates": [[77.217665, 28.629995], [77.217625, 28.630014]]}, "properties": {"feature_type": "edge", "u": 233, "v": 269, "edge_key": 0, "length_m": 4.472, "is_bridged": false, "is_bridge": false, "edge_betweenness": 0.0, "width_m": 2.981}}, {"type": "Feature", "geometry": {"type": "LineString", "coordinates": [[77.217625, 28.630014], [77.217665, 28.629995]]}, "properties": {"feature_type": "edge", "u": 233, "v": 269, "edge_key": 1, "length_m": 4.472, "is_bridged": false, "is_bridge": false, "edge_betweenness": 0.0, "width_m": 2.981}}, {"type": "Feature", "geometry": {"type": "LineString", "coordinates": [[77.217665, 28.629995], [77.217583, 28.629961]]}, "properties": {"feature_type": "edge", "u": 233, "v": 270, "edge_key": 0, "length_m": 8.944, "is_bridged": false, "is_bridge": false, "edge_betweenness": 0.0, "width_m": 2.981}}, {"type": "Feature", "geometry": {"type": "LineString", "coordinates": [[77.217583, 28.629961], [77.217665, 28.629995]]}, "properties": {"feature_type": "edge", "u": 233, "v": 270, "edge_key": 1, "length_m": 8.944, "is_bridged": false, "is_bridge": false, "edge_betweenness": 0.0, "width_m": 2.981}}, {"type": "Feature", "geometry": {"type": "LineString", "coordinates": [[77.217665, 28.629995], [77.217499, 28.629872], [77.217394, 28.629729]]}, "properties": {"feature_type": "edge", "u": 233, "v": 251, "edge_key": 0, "length_m": 41.419, "is_bridged": false, "is_bridge": true, "edge_betweenness": 0.0, "width_m": 7.846}}, {"type": "Feature", "geometry": {"type": "LineString", "coordinates": [[77.217665, 28.629995], [77.217642, 28.629869], [77.217537, 28.629727]]}, "properties": {"feature_type": "edge", "u": 233, "v": 252, "edge_key": 0, "length_m": 34.284, "is_bridged": false, "is_bridge": true, "edge_betweenness": 0.0, "width_m": 7.532}}, {"type": "Feature", "geometry": {"type": "LineString", "coordinates": [[77.224353, 28.629958], [77.224453, 28.629848], [77.224675, 28.629736]]}, "properties": {"feature_type": "edge", "u": 234, "v": 242, "edge_key": 0, "length_m": 42.756, "is_bridged": false, "is_bridge": true, "edge_betweenness": 0.0, "width_m": 8.695}}, {"type": "Feature", "geometry": {"type": "LineString", "coordinates": [[77.221346, 28.629953], [77.221444, 28.629771], [77.221525, 28.629734]]}, "properties": {"feature_type": "edge", "u": 235, "v": 247, "edge_key": 0, "length_m": 33.443, "is_bridged": false, "is_bridge": true, "edge_betweenness": 0.0, "width_m": 14.489}}, {"type": "Feature", "geometry": {"type": "LineString", "coordinates": [[77.215558, 28.629976], [77.215497, 28.629977], [77.215311, 28.62989], [77.21525, 28.629891], [77.215211, 28.629981]]}, "properties": {"feature_type": "edge", "u": 236, "v": 238, "edge_key": 0, "length_m": 45.799, "is_bridged": false, "is_bridge": true, "edge_betweenness": 0.0, "width_m": 8.627}}, {"type": "Feature", "geometry": {"type": "LineString", "coordinates": [[77.215558, 28.629976], [77.215599, 28.629957], [77.215717, 28.629739]]}, "properties": {"feature_type": "edge", "u": 236, "v": 253, "edge_key": 0, "length_m": 33.443, "is_bridged": false, "is_bridge": true, "edge_betweenness": 0.0, "width_m": 8.877}}, {"type": "Feature", "geometry": {"type": "LineString", "coordinates": [[77.219484, 28.629911], [77.219463, 28.629876], [77.21946, 28.629767], [77.21948, 28.629749]]}, "properties": {"feature_type": "edge", "u": 237, "v": 248, "edge_key": 0, "length_m": 19.301, "is_bridged": false, "is_bridge": true, "edge_betweenness": 0.0, "width_m": 8.473}}, {"type": "Feature", "geometry": {"type": "LineString", "coordinates": [[77.219484, 28.629911], [77.219647, 28.629891], [77.219667, 28.629872]]}, "properties": {"feature_type": "edge", "u": 237, "v": 240, "edge_key": 0, "length_m": 19.301, "is_bridged": false, "is_bridge": false, "edge_betweenness": 0.0, "width_m": 8.918}}, {"type": "Feature", "geometry": {"type": "LineString", "coordinates": [[77.21703, 28.629952], [77.216988, 28.629862], [77.216862, 28.629738], [77.216743, 28.62976], [77.216579, 28.629887], [77.216477, 28.629907], [77.216105, 28.629732]]}, "properties": {"feature_type": "edge", "u": 239, "v": 254, "edge_key": 0, "length_m": 119.229, "is_bridged": true, "is_bridge": true, "edge_betweenness": 0.0, "width_m": 8.808}}, {"type": "Feature", "geometry": {"type": "LineString", "coordinates": [[77.219667, 28.629872], [77.219583, 28.629747]]}, "properties": {"feature_type": "edge", "u": 240, "v": 249, "edge_key": 0, "length_m": 16.957, "is_bridged": false, "is_bridge": true, "edge_betweenness": 0.0, "width_m": 9.111}}], "meta": {"heal": {"connectivity_ratio_pct": 0.75, "components_before": 4, "components_after": 3, "bridges_added": 1, "bridges_rejected_crossing": 0, "bridges_rejected_corridor": 0}, "simplify": {"nodes_before": 271, "nodes_after": 249, "node_reduction_pct": 8.1, "stubs_pruned": 13, "nodes_collapsed": 9}, "polyline": {"vertices_before": 8099, "vertices_after": 1246, "vertex_reduction_pct": 84.6}, "coordinate_frame": {"coordinates": "wgs84", "crs": "EPSG:4326", "axis_order": "x,y", "length_unit": "metre"}}}