{"type": "FeatureCollection", "features": [{"type": "Feature", "geometry": {"type": "Point", "coordinates": [75.810527, 26.9215]}, "properties": {"feature_type": "node", "node_id": 1, "degree": 1, "type": "endpoint", "betweenness": 0.0, "is_critical": false, "is_articulation": false}}, {"type": "Feature", "geometry": {"type": "Point", "coordinates": [75.811051, 26.921497]}, "properties": {"feature_type": "node", "node_id": 2, "degree": 1, "type": "endpoint", "betweenness": 0.0, "is_critical": false, "is_articulation": false}}, {"type": "Feature", "geometry": {"type": "Point", "coordinates": [75.811655, 26.921494]}, "properties": {"feature_type": "node", "node_id": 3, "degree": 1, "type": "endpoint", "betweenness": 0.0, "is_critical": false, "is_articulation": false}}, {"type": "Feature", "geometry": {"type": "Point", "coordinates": [75.813871, 26.921481]}, "properties": {"feature_type": "node", "node_id": 5, "degree": 1, "type": "endpoint", "betweenness": 0.0, "is_critical": false, "is_articulation": false}}, {"type": "Feature", "geometry": {"type": "Point", "coordinates": [75.814978, 26.921475]}, "properties": {"feature_type": "node", "node_id": 6, "degree": 1, "type": "endpoint", "betweenness": 0.0, "is_critical": false, "is_articulation": false}}, {"type": "Feature", "geometry": {"type": "Point", "coordinates": [75.806096, 26.921507]}, "properties": {"feature_type": "node", "node_id": 7, "degree": 1, "type": "endpoint", "betweenness": 0.0, "is_critical": false, "is_articulation": false}}, {"type": "Feature", "geometry": {"type": "Point", "coordinates": [75.807203, 26.921501]}, "properties": {"feature_type": "node", "node_id": 8, "degree": 1, "type": "endpoint", "betweenness": 0.0, "is_critical": false, "is_articulation": false}}, {"type": "Feature", "geometry": {"type": "Point", "coordinates": [75.807969, 26.921497]}, "properties": {"feature_type": "node", "node_id": 9, "degree": 1, "type": "endpoint", "betweenness": 0.0, "is_critical": false, "is_articulation": false}}, {"type": "Feature", "geometry": {"type": "Point", "coordinates": [75.808472, 26.921494]}, "properties": {"feature_type": "node", "node_id": 10, "degree": 1, "type": "endpoint", "betweenness": 0.0, "is_critical": false, "is_articulation": false}}, {"type": "Feature", "geometry": {"type": "Point", "coordinates": [75.808895, 26.921491]}, "properties": {"feature_type": "node", "node_id": 11, "degree": 1, "type": "endpoint", "betweenness": 0.0, "is_critical": false, "is_articulation": false}}, {"type": "Feature", "geometry": {"type": "Point", "coordinates": [75.809318, 26.921489]}, "properties": {"feature_type": "node", "node_id": 12, "degree": 1, "type": "endpoint", "betweenness": 0.0, "is_critical": false, "is_articulation": false}}, {"type": "Feature", "geometry": {"type": "Point", "coordinates": [75.804101, 26.921501]}, "properties": {"feature_type": "node", "node_id": 14, "degree": 1, "type": "endpoint", "betweenness": 0.0, "is_critical": false, "is_articulation": false}}, {"type": "Feature", "geometry": {"type": "Point", "coordinates": [75.805632, 26.921492]}, "properties": {"feature_type": "node", "node_id": 15, "degree": 1, "type": "endpoint", "betweenness": 0.0, "is_critical": false, "is_articulation": false}}, {"type": "Feature", "geometry": {"type": "Point", "coordinates": [75.809479, 26.92147]}, "properties": {"feature_type": "node", "node_id": 16, "degree": 1, "type": "endpoint", "betweenness": 0.0, "is_critical": false, "is_articulation": false}}, {"type": "Feature", "geometry": {"type": "Point", "coordinates": [75.801583, 26.921497]}, "properties": {"feature_type": "node", "node_id": 19, "degree": 1, "type": "endpoint", "betweenness": 0.0, "is_critical": false, "is_articulation": false}}, {"type": "Feature", "geometry": {"type": "Point", "coordinates": [75.807626, 26.921463]}, "properties": {"feature_type": "node", "node_id": 20, "degree": 1, "type": "endpoint", "betweenness": 0.0, "is_critical": false, "is_articulation": false}}, {"type": "Feature", "geometry": {"type": "Point", "coordinates": [75.80255, 26.921474]}, "properties": {"feature_type": "node", "node_id": 22, "degree": 1, "type": "endpoint", "betweenness": 0.0, "is_critical": false, "is_articulation": false}}, {"type": "Feature", "geometry": {"type": "Point", "coordinates": [75.800777, 26.921466]}, "properties": {"feature_type": "node", "node_id": 24, "degree": 1, "type": "endpoint", "betweenness": 0.0, "is_critical": false, "is_articulation": false}}, {"type": "Feature", "geometry": {"type": "Point", "coordinates": [75.80394, 26.921429]}, "properties": {"feature_type": "node", "node_id": 25, "degree": 3, "type": "intersection", "betweenness": 0.022717399470199538, "is_critical": false, "is_articulation": true}}, {"type": "Feature", "geometry": {"type": "Point", "coordinates": [75.795097, 26.921462]}, "properties": {"feature_type": "node", "node_id": 27, "degree": 1, "type": "endpoint", "betweenness": 0.0, "is_critical": false, "is_articulation": false}}, {"type": "Feature", "geometry": {"type": "Point", "coordinates": [75.796305, 26.921437]}, "properties": {"feature_type": "node", "node_id": 28, "degree": 3, "type": "intersection", "betweenness": 0.0018258844433992154, "is_critical": false, "is_articulation": false}}, {"type": "Feature", "geometry": {"type": "Point", "coordinates": [75.796386, 26.921436]}, "properties": {"feature_type": "node", "node_id": 30, "degree": 3, "type": "intersection", "betweenness": 0.0037072966784581565, "is_critical": false, "is_articulation": false}}, {"type": "Feature", "geometry": {"type": "Point", "coordinates": [75.807585, 26.921336]}, "properties": {"feature_type": "node", "node_id": 31, "degree": 3, "type": "intersection", "betweenness": 0.002502016965373522, "is_critical": false, "is_articulation": true}}, {"type": "Feature", "geometry": {"type": "Point", "coordinates": [75.796748, 26.92138]}, "properties": {"feature_type": "node", "node_id": 32, "degree": 3, "type": "intersection", "betweenness": 0.0254284622394685, "is_critical": false, "is_articulation": false}}, {"type": "Feature", "geometry": {"type": "Point", "coordinates": [75.796164, 26.921383]}, "properties": {"feature_type": "node", "node_id": 33, "degree": 3, "type": "intersection", "betweenness": 5.226145097385947e-05, "is_critical": false, "is_articulation": false}}, {"type": "Feature", "geometry": {"type": "Point", "coordinates": [75.810485, 26.921284]}, "properties": {"feature_type": "node", "node_id": 34, "degree": 4, "type": "intersection", "betweenness": 0.009652036726734672, "is_critical": false, "is_articulation": true}}, {"type": "Feature", "geometry": {"type": "Point", "coordinates": [75.813789, 26.921283]}, "properties": {"feature_type": "node", "node_id": 35, "degree": 3, "type": "intersection", "betweenness": 0.002502016965373522, "is_critical": false, "is_articulation": true}}, {"type": "Feature", "geometry": {"type": "Point", "coordinates": [75.796547, 26.921363]}, "properties": {"feature_type": "node", "node_id": 36, "degree": 3, "type": "intersection", "betweenness": 0.024027202085231892, "is_critical": false, "is_articulation": false}}, {"type": "Feature", "geometry": {"type": "Point", "coordinates": [75.79707, 26.921324]}, "properties": {"feature_type": "node", "node_id": 37, "degree": 3, "type": "intersection", "betweenness": 0.027195552550522122, "is_critical": false, "is_articulation": false}}, {"type": "Feature", "geometry": {"type": "Point", "coordinates": [75.800857, 26.921303]}, "properties": {"feature_type": "node", "node_id": 38, "degree": 3, "type": "intersection", "betweenness": 0.0025346803722321844, "is_critical": false, "is_articulation": true}}, {"type": "Feature", "geometry": {"type": "Point", "coordinates": [75.796082, 26.921185]}, "properties": {"feature_type": "node", "node_id": 39, "degree": 10, "type": "intersection", "betweenness": 0.01993774354652739, "is_critical": false, "is_articulation": true}}, {"type": "Feature", "geometry": {"type": "Point", "coordinates": [75.806013, 26.921237]}, "properties": {"feature_type": "node", "node_id": 40, "degree": 4, "type": "intersection", "betweenness": 0.021936744046277514, "is_critical": false, "is_articulation": true}}, {"type": "Feature", "geometry": {"type": "Point", "coordinates": [75.807061, 26.921267]}, "properties": {"feature_type": "node", "node_id": 41, "degree": 3, "type": "intersection", "betweenness": 0.002502016965373522, "is_critical": false, "is_articulation": true}}, {"type": "Feature", "geometry": {"type": "Point", "coordinates": [75.802468, 26.921257]}, "properties": {"feature_type": "node", "node_id": 42, "degree": 3, "type": "intersection", "betweenness": 0.002502016965373522, "is_critical": false, "is_articulation": true}}, {"type": "Feature", "geometry": {"type": "Point", "coordinates": [75.795861, 26.921277]}, "properties": {"feature_type": "node", "node_id": 43, "degree": 3, "type": "intersection", "betweenness": 0.00010452290194771895, "is_critical": false, "is_articulation": false}}, {"type": "Feature", "geometry": {"type": "Point", "coordinates": [75.800977, 26.92123]}, "properties": {"feature_type": "node", "node_id": 44, "degree": 3, "type": "intersection", "betweenness": 0.007453789445146707, "is_critical": false, "is_articulation": true}}, {"type": "Feature", "geometry": {"type": "Point", "coordinates": [75.804965, 26.921207]}, "properties": {"feature_type": "node", "node_id": 45, "degree": 1, "type": "endpoint", "betweenness": 0.0, "is_critical": false, "is_articulation": false}}, {"type": "Feature", "geometry": {"type": "Point", "coordinates": [75.811008, 26.921154]}, "properties": {"feature_type": "node", "node_id": 46, "degree": 3, "type": "intersection", "betweenness": 0.0027567915388710873, "is_critical": false, "is_articulation": true}}, {"type": "Feature", "geometry": {"type": "Point", "coordinates": [75.79574, 26.921205]}, "properties": {"feature_type": "node", "node_id": 47, "degree": 4, "type": "intersection", "betweenness": 0.0033741299284998022, "is_critical": false, "is_articulation": false}}, {"type": "Feature", "geometry": {"type": "Point", "coordinates": [75.806395, 26.921127]}, "properties": {"feature_type": "node", "node_id": 48, "degree": 4, "type": "intersection", "betweenness": 0.018905579889793665, "is_critical": false, "is_articulation": false}}, {"type": "Feature", "geometry": {"type": "Point", "coordinates": [75.795679, 26.921187]}, "properties": {"feature_type": "node", "node_id": 49, "degree": 3, "type": "intersection", "betweenness": 0.005833684464957064, "is_critical": false, "is_articulation": false}}, {"type": "Feature", "geometry": {"type": "Point", "coordinates": [75.803635, 26.921124]}, "properties": {"feature_type": "node", "node_id": 50, "degree": 3, "type": "intersection", "betweenness": 0.025960875771264692, "is_critical": false, "is_articulation": false}}, {"type": "Feature", "geometry": {"type": "Point", "coordinates": [75.811531, 26.921061]}, "properties": {"feature_type": "node", "node_id": 51, "degree": 4, "type": "intersection", "betweenness": 0.004419358947976992, "is_critical": false, "is_articulation": true}}, {"type": "Feature", "geometry": {"type": "Point", "coordinates": [75.805206, 26.921097]}, "properties": {"feature_type": "node", "node_id": 52, "degree": 3, "type": "intersection", "betweenness": 0.020698800926334218, "is_critical": false, "is_articulation": true}}, {"type": "Feature", "geometry": {"type": "Point", "coordinates": [75.795498, 26.921116]}, "properties": {"feature_type": "node", "node_id": 53, "degree": 4, "type": "intersection", "betweenness": 0.001038696338105457, "is_critical": false, "is_articulation": false}}, {"type": "Feature", "geometry": {"type": "Point", "coordinates": [75.809879, 26.921034]}, "properties": {"feature_type": "node", "node_id": 54, "degree": 1, "type": "endpoint", "betweenness": 0.0, "is_critical": false, "is_articulation": false}}, {"type": "Feature", "geometry": {"type": "Point", "coordinates": [75.795397, 26.921081]}, "properties": {"feature_type": "node", "node_id": 55, "degree": 4, "type": "intersection", "betweenness": 8.492485783252164e-05, "is_critical": false, "is_articulation": false}}, {"type": "Feature", "geometry": {"type": "Point", "coordinates": [75.795275, 26.921045]}, "properties": {"feature_type": "node", "node_id": 56, "degree": 6, "type": "intersection", "betweenness": 0.0025477457349756495, "is_critical": false, "is_articulation": true}}, {"type": "Feature", "geometry": {"type": "Point", "coordinates": [75.795719, 26.921043]}, "properties": {"feature_type": "node", "node_id": 57, "degree": 4, "type": "intersection", "betweenness": 0.038402367443729116, "is_critical": false, "is_articulation": false}}, {"type": "Feature", "geometry": {"type": "Point", "coordinates": [75.795416, 26.920954]}, "properties": {"feature_type": "node", "node_id": 58, "degree": 16, "type": "intersection", "betweenness": 0.02644102785208703, "is_critical": false, "is_articulation": true}}, {"type": "Feature", "geometry": {"type": "Point", "coordinates": [75.806978, 26.920979]}, "properties": {"feature_type": "node", "node_id": 59, "degree": 4, "type": "intersection", "betweenness": 0.028521686868983806, "is_critical": false, "is_articulation": false}}, {"type": "Feature", "geometry": {"type": "Point", "coordinates": [75.800452, 26.921016]}, "properties": {"feature_type": "node", "node_id": 60, "degree": 3, "type": "intersection", "betweenness": 5.87941323455919e-05, "is_critical": false, "is_articulation": false}}, {"type": "Feature", "geometry": {"type": "Point", "coordinates": [75.80732, 26.920941]}, "properties": {"feature_type": "node", "node_id": 61, "degree": 3, "type": "intersection", "betweenness": 0.02305383256084376, "is_critical": false, "is_articulation": false}}, {"type": "Feature", "geometry": {"type": "Point", "coordinates": [75.795154, 26.920992]}, "properties": {"feature_type": "node", "node_id": 63, "degree": 4, "type": "intersection", "betweenness": 0.0025150823281169872, "is_critical": false, "is_articulation": false}}, {"type": "Feature", "geometry": {"type": "Point", "coordinates": [75.797994, 26.920994]}, "properties": {"feature_type": "node", "node_id": 64, "degree": 1, "type": "endpoint", "betweenness": 0.0, "is_critical": false, "is_articulation": false}}, {"type": "Feature", "geometry": {"type": "Point", "coordinates": [75.807521, 26.920922]}, "properties": {"feature_type": "node", "node_id": 65, "degree": 3, "type": "intersection", "betweenness": 0.019898547458296993, "is_critical": false, "is_articulation": false}}, {"type": "Feature", "geometry": {"type": "Point", "coordinates": [75.795033, 26.920938]}, "properties": {"feature_type": "node", "node_id": 66, "degree": 5, "type": "intersection", "betweenness": 3.9196088230394604e-05, "is_critical": false, "is_articulation": false}}, {"type": "Feature", "geometry": {"type": "Point", "coordinates": [75.807763, 26.920884]}, "properties": {"feature_type": "node", "node_id": 67, "degree": 3, "type": "intersection", "betweenness": 0.01955558168628104, "is_critical": false, "is_articulation": true}}, {"type": "Feature", "geometry": {"type": "Point", "coordinates": [75.80589, 26.920877]}, "properties": {"feature_type": "node", "node_id": 68, "degree": 3, "type": "intersection", "betweenness": 0.02049955414449638, "is_critical": false, "is_articulation": false}}, {"type": "Feature", "geometry": {"type": "Point", "coordinates": [75.812597, 26.92082]}, "properties": {"feature_type": "node", "node_id": 69, "degree": 4, "type": "intersection", "betweenness": 0.005977403455135177, "is_critical": false, "is_articulation": false}}, {"type": "Feature", "geometry": {"type": "Point", "coordinates": [75.800028, 26.920892]}, "properties": {"feature_type": "node", "node_id": 70, "degree": 3, "type": "intersection", "betweenness": 4.899511028799326e-05, "is_critical": false, "is_articulation": false}}, {"type": "Feature", "geometry": {"type": "Point", "coordinates": [75.795113, 26.920866]}, "properties": {"feature_type": "node", "node_id": 71, "degree": 6, "type": "intersection", "betweenness": 0.0074668548078901725, "is_critical": false, "is_articulation": true}}, {"type": "Feature", "geometry": {"type": "Point", "coordinates": [75.80319, 26.920748]}, "properties": {"feature_type": "node", "node_id": 72, "degree": 3, "type": "intersection", "betweenness": 0.02556564854827488, "is_critical": false, "is_articulation": false}}, {"type": "Feature", "geometry": {"type": "Point", "coordinates": [75.810361, 26.920815]}, "properties": {"feature_type": "node", "node_id": 73, "degree": 3, "type": "intersection", "betweenness": 0.014342501951638558, "is_critical": false, "is_articulation": true}}, {"type": "Feature", "geometry": {"type": "Point", "coordinates": [75.795012, 26.92083]}, "properties": {"feature_type": "node", "node_id": 75, "degree": 5, "type": "intersection", "betweenness": 0.002502016965373522, "is_critical": false, "is_articulation": true}}, {"type": "Feature", "geometry": {"type": "Point", "coordinates": [75.801841, 26.920828]}, "properties": {"feature_type": "node", "node_id": 76, "degree": 1, "type": "endpoint", "betweenness": 0.0, "is_critical": false, "is_articulation": false}}, {"type": "Feature", "geometry": {"type": "Point", "coordinates": [75.806292, 26.920784]}, "properties": {"feature_type": "node", "node_id": 77, "degree": 3, "type": "intersection", "betweenness": 0.0047361939945060145, "is_critical": false, "is_articulation": false}}, {"type": "Feature", "geometry": {"type": "Point", "coordinates": [75.797953, 26.920813]}, "properties": {"feature_type": "node", "node_id": 78, "degree": 3, "type": "intersection", "betweenness": 0.0026979974065254953, "is_critical": false, "is_articulation": true}}, {"type": "Feature", "geometry": {"type": "Point", "coordinates": [75.797751, 26.920797]}, "properties": {"feature_type": "node", "node_id": 79, "degree": 3, "type": "intersection", "betweenness": 0.0316835046529023, "is_critical": false, "is_articulation": false}}, {"type": "Feature", "geometry": {"type": "Point", "coordinates": [75.815073, 26.920679]}, "properties": {"feature_type": "node", "node_id": 81, "degree": 1, "type": "endpoint", "betweenness": 0.0, "is_critical": false, "is_articulation": false}}, {"type": "Feature", "geometry": {"type": "Point", "coordinates": [75.797932, 26.920741]}, "properties": {"feature_type": "node", "node_id": 82, "degree": 3, "type": "intersection", "betweenness": 0.03714809262035649, "is_critical": false, "is_articulation": false}}, {"type": "Feature", "geometry": {"type": "Point", "coordinates": [75.799242, 26.920752]}, "properties": {"feature_type": "node", "node_id": 83, "degree": 1, "type": "endpoint", "betweenness": 0.0, "is_critical": false, "is_articulation": false}}, {"type": "Feature", "geometry": {"type": "Point", "coordinates": [75.799503, 26.920714]}, "properties": {"feature_type": "node", "node_id": 84, "degree": 3, "type": "intersection", "betweenness": 0.002502016965373522, "is_critical": false, "is_articulation": true}}, {"type": "Feature", "geometry": {"type": "Point", "coordinates": [75.802142, 26.920717]}, "properties": {"feature_type": "node", "node_id": 85, "degree": 3, "type": "intersection", "betweenness": 0.006545746734475899, "is_critical": false, "is_articulation": true}}, {"type": "Feature", "geometry": {"type": "Point", "coordinates": [75.806815, 26.920673]}, "properties": {"feature_type": "node", "node_id": 86, "degree": 3, "type": "intersection", "betweenness": 0.015227680277508303, "is_critical": false, "is_articulation": false}}, {"type": "Feature", "geometry": {"type": "Point", "coordinates": [75.813622, 26.920598]}, "properties": {"feature_type": "node", "node_id": 87, "degree": 4, "type": "intersection", "betweenness": 0.007656302567670413, "is_critical": false, "is_articulation": false}}, {"type": "Feature", "geometry": {"type": "Point", "coordinates": [75.815033, 26.920608]}, "properties": {"feature_type": "node", "node_id": 88, "degree": 1, "type": "endpoint", "betweenness": 0.0, "is_critical": false, "is_articulation": false}}, {"type": "Feature", "geometry": {"type": "Point", "coordinates": [75.811386, 26.920538]}, "properties": {"feature_type": "node", "node_id": 89, "degree": 3, "type": "intersection", "betweenness": 0.00641509310704125, "is_critical": false, "is_articulation": false}}, {"type": "Feature", "geometry": {"type": "Point", "coordinates": [75.805001, 26.920557]}, "properties": {"feature_type": "node", "node_id": 90, "degree": 3, "type": "intersection", "betweenness": 0.004203780462709822, "is_critical": false, "is_articulation": false}}, {"type": "Feature", "geometry": {"type": "Point", "coordinates": [75.796884, 26.920585]}, "properties": {"feature_type": "node", "node_id": 91, "degree": 1, "type": "endpoint", "betweenness": 0.0, "is_critical": false, "is_articulation": false}}, {"type": "Feature", "geometry": {"type": "Point", "coordinates": [75.809432, 26.920513]}, "properties": {"feature_type": "node", "node_id": 92, "degree": 1, "type": "endpoint", "betweenness": 0.0, "is_critical": false, "is_articulation": false}}, {"type": "Feature", "geometry": {"type": "Point", "coordinates": [75.808425, 26.920483]}, "properties": {"feature_type": "node", "node_id": 93, "degree": 3, "type": "intersection", "betweenness": 0.017667636769850368, "is_critical": false, "is_articulation": true}}, {"type": "Feature", "geometry": {"type": "Point", "coordinates": [75.808546, 26.920464]}, "properties": {"feature_type": "node", "node_id": 94, "degree": 3, "type": "intersection", "betweenness": 0.016524417529797192, "is_critical": false, "is_articulation": true}}, {"type": "Feature", "geometry": {"type": "Point", "coordinates": [75.812171, 26.920443]}, "properties": {"feature_type": "node", "node_id": 95, "degree": 1, "type": "endpoint", "betweenness": 0.0, "is_critical": false, "is_articulation": false}}, {"type": "Feature", "geometry": {"type": "Point", "coordinates": [75.814668, 26.920393]}, "properties": {"feature_type": "node", "node_id": 96, "degree": 4, "type": "intersection", "betweenness": 0.005196748031213151, "is_critical": false, "is_articulation": true}}, {"type": "Feature", "geometry": {"type": "Point", "coordinates": [75.803268, 26.920476]}, "properties": {"feature_type": "node", "node_id": 97, "degree": 1, "type": "endpoint", "betweenness": 0.0, "is_critical": false, "is_articulation": false}}, {"type": "Feature", "geometry": {"type": "Point", "coordinates": [75.800267, 26.920457]}, "properties": {"feature_type": "node", "node_id": 98, "degree": 3, "type": "intersection", "betweenness": 0.0074374577417173765, "is_critical": false, "is_articulation": false}}, {"type": "Feature", "geometry": {"type": "Point", "coordinates": [75.809895, 26.920402]}, "properties": {"feature_type": "node", "node_id": 99, "degree": 1, "type": "endpoint", "betweenness": 0.0, "is_critical": false, "is_articulation": false}}, {"type": "Feature", "geometry": {"type": "Point", "coordinates": [75.798756, 26.920448]}, "properties": {"feature_type": "node", "node_id": 100, "degree": 3, "type": "intersection", "betweenness": 0.0, "is_critical": false, "is_articulation": false}}, {"type": "Feature", "geometry": {"type": "Point", "coordinates": [75.801435, 26.920415]}, "properties": {"feature_type": "node", "node_id": 101, "degree": 3, "type": "intersection", "betweenness": 0.024732731673378996, "is_critical": false, "is_articulation": true}}, {"type": "Feature", "geometry": {"type": "Point", "coordinates": [75.812473, 26.920369]}, "properties": {"feature_type": "node", "node_id": 102, "degree": 3, "type": "intersection", "betweenness": 0.009198015371399268, "is_critical": false, "is_articulation": true}}, {"type": "Feature", "geometry": {"type": "Point", "coordinates": [75.797527, 26.920401]}, "properties": {"feature_type": "node", "node_id": 103, "degree": 3, "type": "intersection", "betweenness": 0.0024791525805724587, "is_critical": false, "is_articulation": false}}, {"type": "Feature", "geometry": {"type": "Point", "coordinates": [75.810277, 26.920328]}, "properties": {"feature_type": "node", "node_id": 104, "degree": 4, "type": "intersection", "betweenness": 0.025650573406107404, "is_critical": false, "is_articulation": true}}, {"type": "Feature", "geometry": {"type": "Point", "coordinates": [75.815091, 26.9203]}, "properties": {"feature_type": "node", "node_id": 105, "degree": 1, "type": "endpoint", "betweenness": 0.0, "is_critical": false, "is_articulation": false}}, {"type": "Feature", "geometry": {"type": "Point", "coordinates": [75.802703, 26.920335]}, "properties": {"feature_type": "node", "node_id": 106, "degree": 3, "type": "intersection", "betweenness": 0.03478326196378934, "is_critical": false, "is_articulation": false}}, {"type": "Feature", "geometry": {"type": "Point", "coordinates": [75.804415, 26.920325]}, "properties": {"feature_type": "node", "node_id": 107, "degree": 1, "type": "endpoint", "betweenness": 0.0, "is_critical": false, "is_articulation": false}}, {"type": "Feature", "geometry": {"type": "Point", "coordinates": [75.809068, 26.920281]}, "properties": {"feature_type": "node", "node_id": 108, "degree": 3, "type": "intersection", "betweenness": 0.017314871975776816, "is_critical": false, "is_articulation": true}}, {"type": "Feature", "geometry": {"type": "Point", "coordinates": [75.805966, 26.920298]}, "properties": {"feature_type": "node", "node_id": 109, "degree": 1, "type": "endpoint", "betweenness": 0.0, "is_critical": false, "is_articulation": false}}, {"type": "Feature", "geometry": {"type": "Point", "coordinates": [75.810538, 26.920272]}, "properties": {"feature_type": "node", "node_id": 110, "degree": 3, "type": "intersection", "betweenness": 0.005039963678291573, "is_critical": false, "is_articulation": false}}, {"type": "Feature", "geometry": {"type": "Point", "coordinates": [75.803891, 26.920292]}, "properties": {"feature_type": "node", "node_id": 111, "degree": 3, "type": "intersection", "betweenness": 0.002502016965373522, "is_critical": false, "is_articulation": true}}, {"type": "Feature", "geometry": {"type": "Point", "coordinates": [75.801555, 26.920269]}, "properties": {"feature_type": "node", "node_id": 112, "degree": 3, "type": "intersection", "betweenness": 0.029628976361492455, "is_critical": false, "is_articulation": true}}, {"type": "Feature", "geometry": {"type": "Point", "coordinates": [75.80095, 26.920237]}, "properties": {"feature_type": "node", "node_id": 113, "degree": 3, "type": "intersection", "betweenness": 0.012379431199432963, "is_critical": false, "is_articulation": false}}, {"type": "Feature", "geometry": {"type": "Point", "coordinates": [75.798694, 26.920231]}, "properties": {"feature_type": "node", "node_id": 114, "degree": 3, "type": "intersection", "betweenness": 0.03958804911269855, "is_critical": false, "is_articulation": false}}, {"type": "Feature", "geometry": {"type": "Point", "coordinates": [75.804334, 26.920181]}, "properties": {"feature_type": "node", "node_id": 115, "degree": 3, "type": "intersection", "betweenness": 0.002502016965373522, "is_critical": false, "is_articulation": true}}, {"type": "Feature", "geometry": {"type": "Point", "coordinates": [75.806086, 26.920153]}, "properties": {"feature_type": "node", "node_id": 116, "degree": 3, "type": "intersection", "betweenness": 0.008031931746545028, "is_critical": false, "is_articulation": true}}, {"type": "Feature", "geometry": {"type": "Point", "coordinates": [75.797989, 26.920163]}, "properties": {"feature_type": "node", "node_id": 117, "degree": 3, "type": "intersection", "betweenness": 0.0015188484189277908, "is_critical": false, "is_articulation": false}}, {"type": "Feature", "geometry": {"type": "Point", "coordinates": [75.809147, 26.920064]}, "properties": {"feature_type": "node", "node_id": 118, "degree": 3, "type": "intersection", "betweenness": 0.01830457320359428, "is_critical": false, "is_articulation": false}}, {"type": "Feature", "geometry": {"type": "Point", "coordinates": [75.806569, 26.92006]}, "properties": {"feature_type": "node", "node_id": 119, "degree": 3, "type": "intersection", "betweenness": 0.026617410249123803, "is_critical": false, "is_articulation": false}}, {"type": "Feature", "geometry": {"type": "Point", "coordinates": [75.809288, 26.920027]}, "properties": {"feature_type": "node", "node_id": 120, "degree": 3, "type": "intersection", "betweenness": 0.017233213458630162, "is_critical": false, "is_articulation": true}}, {"type": "Feature", "geometry": {"type": "Point", "coordinates": [75.811221, 26.919997]}, "properties": {"feature_type": "node", "node_id": 121, "degree": 3, "type": "intersection", "betweenness": 0.005556045506658436, "is_critical": false, "is_articulation": false}}, {"type": "Feature", "geometry": {"type": "Point", "coordinates": [75.798834, 26.92005]}, "properties": {"feature_type": "node", "node_id": 122, "degree": 3, "type": "intersection", "betweenness": 0.05932327953670223, "is_critical": false, "is_articulation": false}}, {"type": "Feature", "geometry": {"type": "Point", "coordinates": [75.794946, 26.920054]}, "properties": {"feature_type": "node", "node_id": 123, "degree": 1, "type": "endpoint", "betweenness": 0.0, "is_critical": false, "is_articulation": false}}, {"type": "Feature", "geometry": {"type": "Point", "coordinates": [75.80115, 26.920019]}, "properties": {"feature_type": "node", "node_id": 124, "degree": 1, "type": "endpoint", "betweenness": 0.0, "is_critical": false, "is_articulation": false}}, {"type": "Feature", "geometry": {"type": "Point", "coordinates": [75.809287, 26.919936]}, "properties": {"feature_type": "node", "node_id": 125, "degree": 3, "type": "intersection", "betweenness": 0.019356334904443204, "is_critical": false, "is_articulation": false}}, {"type": "Feature", "geometry": {"type": "Point", "coordinates": [75.795107, 26.919963]}, "properties": {"feature_type": "node", "node_id": 126, "degree": 4, "type": "intersection", "betweenness": 0.0050007675900611784, "is_critical": false, "is_articulation": true}}, {"type": "Feature", "geometry": {"type": "Point", "coordinates": [75.803768, 26.919896]}, "properties": {"feature_type": "node", "node_id": 127, "degree": 3, "type": "intersection", "betweenness": 0.007479920170633637, "is_critical": false, "is_articulation": true}}, {"type": "Feature", "geometry": {"type": "Point", "coordinates": [75.794945, 26.919946]}, "properties": {"feature_type": "node", "node_id": 128, "degree": 1, "type": "endpoint", "betweenness": 0.0, "is_critical": false, "is_articulation": false}}, {"type": "Feature", "geometry": {"type": "Point", "coordinates": [75.807111, 26.919804]}, "properties": {"feature_type": "node", "node_id": 130, "degree": 3, "type": "intersection", "betweenness": 0.0, "is_critical": false, "is_articulation": false}}, {"type": "Feature", "geometry": {"type": "Point", "coordinates": [75.808621, 26.919796]}, "properties": {"feature_type": "node", "node_id": 131, "degree": 1, "type": "endpoint", "betweenness": 0.0, "is_critical": false, "is_articulation": false}}, {"type": "Feature", "geometry": {"type": "Point", "coordinates": [75.795569, 26.919834]}, "properties": {"feature_type": "node", "node_id": 132, "degree": 3, "type": "intersection", "betweenness": 0.03811492946337289, "is_critical": false, "is_articulation": false}}, {"type": "Feature", "geometry": {"type": "Point", "coordinates": [75.805539, 26.919795]}, "properties": {"feature_type": "node", "node_id": 133, "degree": 1, "type": "endpoint", "betweenness": 0.0, "is_critical": false, "is_articulation": false}}, {"type": "Feature", "geometry": {"type": "Point", "coordinates": [75.80419, 26.919785]}, "properties": {"feature_type": "node", "node_id": 134, "degree": 3, "type": "intersection", "betweenness": 0.014927176934408612, "is_critical": false, "is_articulation": true}}, {"type": "Feature", "geometry": {"type": "Point", "coordinates": [75.798852, 26.919761]}, "properties": {"feature_type": "node", "node_id": 135, "degree": 3, "type": "intersection", "betweenness": 0.031709635378389237, "is_critical": false, "is_articulation": false}}, {"type": "Feature", "geometry": {"type": "Point", "coordinates": [75.795629, 26.919779]}, "properties": {"feature_type": "node", "node_id": 136, "degree": 3, "type": "intersection", "betweenness": 0.0404340313503379, "is_critical": false, "is_articulation": false}}, {"type": "Feature", "geometry": {"type": "Point", "coordinates": [75.795971, 26.919687]}, "properties": {"feature_type": "node", "node_id": 137, "degree": 3, "type": "intersection", "betweenness": 0.02507243110470908, "is_critical": false, "is_articulation": false}}, {"type": "Feature", "geometry": {"type": "Point", "coordinates": [75.808499, 26.919652]}, "properties": {"feature_type": "node", "node_id": 138, "degree": 3, "type": "intersection", "betweenness": 0.0, "is_critical": false, "is_articulation": false}}, {"type": "Feature", "geometry": {"type": "Point", "coordinates": [75.809023, 26.919649]}, "properties": {"feature_type": "node", "node_id": 139, "degree": 3, "type": "intersection", "betweenness": 0.03128827742991249, "is_critical": false, "is_articulation": false}}, {"type": "Feature", "geometry": {"type": "Point", "coordinates": [75.811158, 26.919637]}, "properties": {"feature_type": "node", "node_id": 140, "degree": 3, "type": "intersection", "betweenness": 0.007767358150989864, "is_critical": false, "is_articulation": false}}, {"type": "Feature", "geometry": {"type": "Point", "coordinates": [75.80858, 26.919652]}, "properties": {"feature_type": "node", "node_id": 141, "degree": 3, "type": "intersection", "betweenness": 0.0025052833060593884, "is_critical": false, "is_articulation": true}}, {"type": "Feature", "geometry": {"type": "Point", "coordinates": [75.809184, 26.91963]}, "properties": {"feature_type": "node", "node_id": 142, "degree": 3, "type": "intersection", "betweenness": 0.024896048707672307, "is_critical": false, "is_articulation": false}}, {"type": "Feature", "geometry": {"type": "Point", "coordinates": [75.7972, 26.91968]}, "properties": {"feature_type": "node", "node_id": 143, "degree": 3, "type": "intersection", "betweenness": 0.01650155314499613, "is_critical": false, "is_articulation": false}}, {"type": "Feature", "geometry": {"type": "Point", "coordinates": [75.796293, 26.919631]}, "properties": {"feature_type": "node", "node_id": 144, "degree": 8, "type": "intersection", "betweenness": 0.026529219050605415, "is_critical": false, "is_articulation": false}}, {"type": "Feature", "geometry": {"type": "Point", "coordinates": [75.809244, 26.919594]}, "properties": {"feature_type": "node", "node_id": 145, "degree": 3, "type": "intersection", "betweenness": 0.02021538250482602, "is_critical": false, "is_articulation": true}}, {"type": "Feature", "geometry": {"type": "Point", "coordinates": [75.807049, 26.91957]}, "properties": {"feature_type": "node", "node_id": 146, "degree": 3, "type": "intersection", "betweenness": 6.532681371732434e-06, "is_critical": false, "is_articulation": false}}, {"type": "Feature", "geometry": {"type": "Point", "coordinates": [75.808458, 26.919526]}, "properties": {"feature_type": "node", "node_id": 147, "degree": 5, "type": "intersection", "betweenness": 0.005039963678291573, "is_critical": false, "is_articulation": false}}, {"type": "Feature", "geometry": {"type": "Point", "coordinates": [75.800522, 26.919589]}, "properties": {"feature_type": "node", "node_id": 148, "degree": 3, "type": "intersection", "betweenness": 0.047388070670547074, "is_critical": false, "is_articulation": false}}, {"type": "Feature", "geometry": {"type": "Point", "coordinates": [75.802093, 26.919562]}, "properties": {"feature_type": "node", "node_id": 149, "degree": 4, "type": "intersection", "betweenness": 0.06689139090585426, "is_critical": false, "is_articulation": true}}, {"type": "Feature", "geometry": {"type": "Point", "coordinates": [75.808559, 26.919561]}, "properties": {"feature_type": "node", "node_id": 150, "degree": 3, "type": "intersection", "betweenness": 0.004990968568003579, "is_critical": false, "is_articulation": false}}, {"type": "Feature", "geometry": {"type": "Point", "coordinates": [75.809425, 26.919556]}, "properties": {"feature_type": "node", "node_id": 151, "degree": 3, "type": "intersection", "betweenness": 0.018516885348175586, "is_critical": false, "is_articulation": true}}, {"type": "Feature", "geometry": {"type": "Point", "coordinates": [75.796172, 26.919578]}, "properties": {"feature_type": "node", "node_id": 152, "degree": 6, "type": "intersection", "betweenness": 0.009364598746378443, "is_critical": false, "is_articulation": false}}, {"type": "Feature", "geometry": {"type": "Point", "coordinates": [75.809747, 26.919518]}, "properties": {"feature_type": "node", "node_id": 153, "degree": 3, "type": "intersection", "betweenness": 0.03324154916006049, "is_critical": false, "is_articulation": false}}, {"type": "Feature", "geometry": {"type": "Point", "coordinates": [75.796333, 26.919559]}, "properties": {"feature_type": "node", "node_id": 154, "degree": 4, "type": "intersection", "betweenness": 0.00961937331987601, "is_critical": false, "is_articulation": false}}, {"type": "Feature", "geometry": {"type": "Point", "coordinates": [75.796534, 26.919539]}, "properties": {"feature_type": "node", "node_id": 155, "degree": 7, "type": "intersection", "betweenness": 0.04272373617113012, "is_critical": false, "is_articulation": true}}, {"type": "Feature", "geometry": {"type": "Point", "coordinates": [75.808539, 26.919489]}, "properties": {"feature_type": "node", "node_id": 156, "degree": 3, "type": "intersection", "betweenness": 0.0074080606755445805, "is_critical": false, "is_articulation": false}}, {"type": "Feature", "geometry": {"type": "Point", "coordinates": [75.796413, 26.919522]}, "properties": {"feature_type": "node", "node_id": 157, "degree": 3, "type": "intersection", "betweenness": 0.010981437385882222, "is_critical": false, "is_articulation": false}}, {"type": "Feature", "geometry": {"type": "Point", "coordinates": [75.797742, 26.919515]}, "properties": {"feature_type": "node", "node_id": 158, "degree": 3, "type": "intersection", "betweenness": 0.016602809706257982, "is_critical": false, "is_articulation": false}}, {"type": "Feature", "geometry": {"type": "Point", "coordinates": [75.796655, 26.919521]}, "properties": {"feature_type": "node", "node_id": 159, "degree": 3, "type": "intersection", "betweenness": 0.04106770144339586, "is_critical": false, "is_articulation": false}}, {"type": "Feature", "geometry": {"type": "Point", "coordinates": [75.802153, 26.919453]}, "properties": {"feature_type": "node", "node_id": 160, "degree": 5, "type": "intersection", "betweenness": 0.11764705882352941, "is_critical": true, "is_articulation": false}}, {"type": "Feature", "geometry": {"type": "Point", "coordinates": [75.796554, 26.919485]}, "properties": {"feature_type": "node", "node_id": 161, "degree": 4, "type": "intersection", "betweenness": 0.002404026744797536, "is_critical": false, "is_articulation": false}}, {"type": "Feature", "geometry": {"type": "Point", "coordinates": [75.796715, 26.919502]}, "properties": {"feature_type": "node", "node_id": 162, "degree": 3, "type": "intersection", "betweenness": 0.043375915528074786, "is_critical": false, "is_articulation": false}}, {"type": "Feature", "geometry": {"type": "Point", "coordinates": [75.796775, 26.919484]}, "properties": {"feature_type": "node", "node_id": 163, "degree": 3, "type": "intersection", "betweenness": 0.046636267922683536, "is_critical": false, "is_articulation": false}}, {"type": "Feature", "geometry": {"type": "Point", "coordinates": [75.802032, 26.919436]}, "properties": {"feature_type": "node", "node_id": 164, "degree": 3, "type": "intersection", "betweenness": 0.15281248264756508, "is_critical": true, "is_articulation": false}}, {"type": "Feature", "geometry": {"type": "Point", "coordinates": [75.802254, 26.919453]}, "properties": {"feature_type": "node", "node_id": 165, "degree": 3, "type": "intersection", "betweenness": 0.10938321688828788, "is_critical": true, "is_articulation": false}}, {"type": "Feature", "geometry": {"type": "Point", "coordinates": [75.810008, 26.919391]}, "properties": {"feature_type": "node", "node_id": 166, "degree": 3, "type": "intersection", "betweenness": 0.045673241810467315, "is_critical": false, "is_articulation": false}}, {"type": "Feature", "geometry": {"type": "Point", "coordinates": [75.812224, 26.919396]}, "properties": {"feature_type": "node", "node_id": 167, "degree": 3, "type": "intersection", "betweenness": 0.011520383599050147, "is_critical": false, "is_articulation": false}}, {"type": "Feature", "geometry": {"type": "Point", "coordinates": [75.796634, 26.919449]}, "properties": {"feature_type": "node", "node_id": 168, "degree": 3, "type": "intersection", "betweenness": 0.0038243405530350287, "is_critical": false, "is_articulation": false}}, {"type": "Feature", "geometry": {"type": "Point", "coordinates": [75.801005, 26.919424]}, "properties": {"feature_type": "node", "node_id": 169, "degree": 3, "type": "intersection", "betweenness": 0.049213955113946294, "is_critical": false, "is_articulation": false}}, {"type": "Feature", "geometry": {"type": "Point", "coordinates": [75.802374, 26.919416]}, "properties": {"feature_type": "node", "node_id": 170, "degree": 5, "type": "intersection", "betweenness": 0.10879854190551783, "is_critical": true, "is_articulation": false}}, {"type": "Feature", "geometry": {"type": "Point", "coordinates": [75.796694, 26.91943]}, "properties": {"feature_type": "node", "node_id": 171, "degree": 3, "type": "intersection", "betweenness": 0.004821663242452839, "is_critical": false, "is_articulation": false}}, {"type": "Feature", "geometry": {"type": "Point", "coordinates": [75.802193, 26.919399]}, "properties": {"feature_type": "node", "node_id": 172, "degree": 3, "type": "intersection", "betweenness": 0.00601006686199384, "is_critical": false, "is_articulation": false}}, {"type": "Feature", "geometry": {"type": "Point", "coordinates": [75.808417, 26.919327]}, "properties": {"feature_type": "node", "node_id": 173, "degree": 5, "type": "intersection", "betweenness": 0.007519116258864032, "is_critical": false, "is_articulation": false}}, {"type": "Feature", "geometry": {"type": "Point", "coordinates": [75.813271, 26.919336]}, "properties": {"feature_type": "node", "node_id": 174, "degree": 4, "type": "intersection", "betweenness": 0.011419127037788294, "is_critical": false, "is_articulation": true}}, {"type": "Feature", "geometry": {"type": "Point", "coordinates": [75.796755, 26.919412]}, "properties": {"feature_type": "node", "node_id": 175, "degree": 3, "type": "intersection", "betweenness": 0.005717729370608804, "is_critical": false, "is_articulation": false}}, {"type": "Feature", "geometry": {"type": "Point", "coordinates": [75.802253, 26.919381]}, "properties": {"feature_type": "node", "node_id": 176, "degree": 3, "type": "intersection", "betweenness": 0.005363331406192329, "is_critical": false, "is_articulation": false}}, {"type": "Feature", "geometry": {"type": "Point", "coordinates": [75.808518, 26.919363]}, "properties": {"feature_type": "node", "node_id": 177, "degree": 3, "type": "intersection", "betweenness": 0.009870881552687708, "is_critical": false, "is_articulation": false}}, {"type": "Feature", "geometry": {"type": "Point", "coordinates": [75.797057, 26.919392]}, "properties": {"feature_type": "node", "node_id": 178, "degree": 4, "type": "intersection", "betweenness": 0.050291847540282146, "is_critical": false, "is_articulation": false}}, {"type": "Feature", "geometry": {"type": "Point", "coordinates": [75.802314, 26.919362]}, "properties": {"feature_type": "node", "node_id": 179, "degree": 3, "type": "intersection", "betweenness": 0.004772123742050543, "is_critical": false, "is_articulation": false}}, {"type": "Feature", "geometry": {"type": "Point", "coordinates": [75.803542, 26.919373]}, "properties": {"feature_type": "node", "node_id": 180, "degree": 1, "type": "endpoint", "betweenness": 0.0, "is_critical": false, "is_articulation": false}}, {"type": "Feature", "geometry": {"type": "Point", "coordinates": [75.802374, 26.919344]}, "properties": {"feature_type": "node", "node_id": 181, "degree": 3, "type": "intersection", "betweenness": 0.00421357948476742, "is_critical": false, "is_articulation": false}}, {"type": "Feature", "geometry": {"type": "Point", "coordinates": [75.802615, 26.919306]}, "properties": {"feature_type": "node", "node_id": 182, "degree": 4, "type": "intersection", "betweenness": 0.11313624233634816, "is_critical": true, "is_articulation": false}}, {"type": "Feature", "geometry": {"type": "Point", "coordinates": [75.798245, 26.919349]}, "properties": {"feature_type": "node", "node_id": 183, "degree": 3, "type": "intersection", "betweenness": 0.021384732470366125, "is_critical": false, "is_articulation": false}}, {"type": "Feature", "geometry": {"type": "Point", "coordinates": [75.801266, 26.919332]}, "properties": {"feature_type": "node", "node_id": 184, "degree": 3, "type": "intersection", "betweenness": 0.05107576930489004, "is_critical": false, "is_articulation": false}}, {"type": "Feature", "geometry": {"type": "Point", "coordinates": [75.802434, 26.919325]}, "properties": {"feature_type": "node", "node_id": 185, "degree": 3, "type": "intersection", "betweenness": 0.0037562917887461497, "is_critical": false, "is_articulation": false}}, {"type": "Feature", "geometry": {"type": "Point", "coordinates": [75.808497, 26.919291]}, "properties": {"feature_type": "node", "node_id": 186, "degree": 3, "type": "intersection", "betweenness": 0.012314104385715638, "is_critical": false, "is_articulation": false}}, {"type": "Feature", "geometry": {"type": "Point", "coordinates": [75.797036, 26.91932]}, "properties": {"feature_type": "node", "node_id": 187, "degree": 3, "type": "intersection", "betweenness": 0.00619951462177408, "is_critical": false, "is_articulation": false}}, {"type": "Feature", "geometry": {"type": "Point", "coordinates": [75.802857, 26.919269]}, "properties": {"feature_type": "node", "node_id": 188, "degree": 4, "type": "intersection", "betweenness": 0.1005346999702763, "is_critical": true, "is_articulation": false}}, {"type": "Feature", "geometry": {"type": "Point", "coordinates": [75.809181, 26.919251]}, "properties": {"feature_type": "node", "node_id": 189, "degree": 1, "type": "endpoint", "betweenness": 0.0, "is_critical": false, "is_articulation": false}}, {"type": "Feature", "geometry": {"type": "Point", "coordinates": [75.797318, 26.9193]}, "properties": {"feature_type": "node", "node_id": 190, "degree": 3, "type": "intersection", "betweenness": 0.036426231328780055, "is_critical": false, "is_articulation": false}}, {"type": "Feature", "geometry": {"type": "Point", "coordinates": [75.802937, 26.91925]}, "properties": {"feature_type": "node", "node_id": 191, "degree": 3, "type": "intersection", "betweenness": 0.10019500053894621, "is_critical": false, "is_articulation": false}}, {"type": "Feature", "geometry": {"type": "Point", "coordinates": [75.812867, 26.919194]}, "properties": {"feature_type": "node", "node_id": 192, "degree": 1, "type": "endpoint", "betweenness": 0.0, "is_critical": false, "is_articulation": false}}, {"type": "Feature", "geometry": {"type": "Point", "coordinates": [75.802816, 26.919215]}, "properties": {"feature_type": "node", "node_id": 193, "degree": 3, "type": "intersection", "betweenness": 0.010860582780505171, "is_critical": false, "is_articulation": false}}, {"type": "Feature", "geometry": {"type": "Point", "coordinates": [75.803058, 26.919214]}, "properties": {"feature_type": "node", "node_id": 194, "degree": 4, "type": "intersection", "betweenness": 0.10180857283776412, "is_critical": true, "is_articulation": false}}, {"type": "Feature", "geometry": {"type": "Point", "coordinates": [75.809342, 26.919196]}, "properties": {"feature_type": "node", "node_id": 195, "degree": 1, "type": "endpoint", "betweenness": 0.0, "is_critical": false, "is_articulation": false}}, {"type": "Feature", "geometry": {"type": "Point", "coordinates": [75.797297, 26.919228]}, "properties": {"feature_type": "node", "node_id": 196, "degree": 3, "type": "intersection", "betweenness": 0.007535447962293363, "is_critical": false, "is_articulation": false}}, {"type": "Feature", "geometry": {"type": "Point", "coordinates": [75.797479, 26.919245]}, "properties": {"feature_type": "node", "node_id": 197, "degree": 3, "type": "intersection", "betweenness": 0.03834030697069766, "is_critical": false, "is_articulation": false}}, {"type": "Feature", "geometry": {"type": "Point", "coordinates": [75.802876, 26.919197]}, "properties": {"feature_type": "node", "node_id": 198, "degree": 3, "type": "intersection", "betweenness": 0.010569878459463078, "is_critical": false, "is_articulation": false}}, {"type": "Feature", "geometry": {"type": "Point", "coordinates": [75.810128, 26.919173]}, "properties": {"feature_type": "node", "node_id": 199, "degree": 3, "type": "intersection", "betweenness": 0.03216365673372464, "is_critical": false, "is_articulation": false}}, {"type": "Feature", "geometry": {"type": "Point", "coordinates": [75.814337, 26.919113]}, "properties": {"feature_type": "node", "node_id": 200, "degree": 4, "type": "intersection", "betweenness": 0.0027469925168134885, "is_critical": false, "is_articulation": true}}, {"type": "Feature", "geometry": {"type": "Point", "coordinates": [75.798647, 26.919221]}, "properties": {"feature_type": "node", "node_id": 201, "degree": 3, "type": "intersection", "betweenness": 0.04014659336998167, "is_critical": false, "is_articulation": false}}, {"type": "Feature", "geometry": {"type": "Point", "coordinates": [75.802937, 26.919178]}, "properties": {"feature_type": "node", "node_id": 202, "degree": 3, "type": "intersection", "betweenness": 0.01026610877567752, "is_critical": false, "is_articulation": false}}, {"type": "Feature", "geometry": {"type": "Point", "coordinates": [75.803138, 26.919195]}, "properties": {"feature_type": "node", "node_id": 203, "degree": 3, "type": "intersection", "betweenness": 0.10197842255342916, "is_critical": true, "is_articulation": false}}, {"type": "Feature", "geometry": {"type": "Point", "coordinates": [75.797579, 26.919209]}, "properties": {"feature_type": "node", "node_id": 204, "degree": 3, "type": "intersection", "betweenness": 0.04024376700538619, "is_critical": false, "is_articulation": false}}, {"type": "Feature", "geometry": {"type": "Point", "coordinates": [75.802997, 26.91916]}, "properties": {"feature_type": "node", "node_id": 205, "degree": 3, "type": "intersection", "betweenness": 0.0099296756850333, "is_critical": false, "is_articulation": false}}, {"type": "Feature", "geometry": {"type": "Point", "coordinates": [75.804004, 26.919154]}, "properties": {"feature_type": "node", "node_id": 206, "degree": 3, "type": "intersection", "betweenness": 0.08605827805051722, "is_critical": false, "is_articulation": true}}, {"type": "Feature", "geometry": {"type": "Point", "coordinates": [75.80765, 26.919151]}, "properties": {"feature_type": "node", "node_id": 207, "degree": 3, "type": "intersection", "betweenness": 0.004961571501830784, "is_critical": false, "is_articulation": true}}, {"type": "Feature", "geometry": {"type": "Point", "coordinates": [75.797458, 26.919173]}, "properties": {"feature_type": "node", "node_id": 208, "degree": 3, "type": "intersection", "betweenness": 0.009534448462043488, "is_critical": false, "is_articulation": false}}, {"type": "Feature", "geometry": {"type": "Point", "coordinates": [75.797639, 26.91919]}, "properties": {"feature_type": "node", "node_id": 209, "degree": 3, "type": "intersection", "betweenness": 0.042129262166302466, "is_critical": false, "is_articulation": false}}, {"type": "Feature", "geometry": {"type": "Point", "coordinates": [75.800217, 26.919176]}, "properties": {"feature_type": "node", "node_id": 210, "degree": 1, "type": "endpoint", "betweenness": 0.0, "is_critical": false, "is_articulation": false}}, {"type": "Feature", "geometry": {"type": "Point", "coordinates": [75.803057, 26.919141]}, "properties": {"feature_type": "node", "node_id": 211, "degree": 3, "type": "intersection", "betweenness": 0.007639970864241082, "is_critical": false, "is_articulation": false}}, {"type": "Feature", "geometry": {"type": "Point", "coordinates": [75.808375, 26.919111]}, "properties": {"feature_type": "node", "node_id": 212, "degree": 3, "type": "intersection", "betweenness": 0.009926409344347433, "is_critical": false, "is_articulation": false}}, {"type": "Feature", "geometry": {"type": "Point", "coordinates": [75.801788, 26.919149]}, "properties": {"feature_type": "node", "node_id": 213, "degree": 3, "type": "intersection", "betweenness": 0.16259190666104856, "is_critical": true, "is_articulation": false}}, {"type": "Feature", "geometry": {"type": "Point", "coordinates": [75.803118, 26.919123]}, "properties": {"feature_type": "node", "node_id": 214, "degree": 3, "type": "intersection", "betweenness": 0.0072986382625680616, "is_critical": false, "is_articulation": false}}, {"type": "Feature", "geometry": {"type": "Point", "coordinates": [75.804467, 26.919115]}, "properties": {"feature_type": "node", "node_id": 215, "degree": 3, "type": "intersection", "betweenness": 0.07536754498567709, "is_critical": false, "is_articulation": false}}, {"type": "Feature", "geometry": {"type": "Point", "coordinates": [75.808455, 26.919111]}, "properties": {"feature_type": "node", "node_id": 216, "degree": 3, "type": "intersection", "betweenness": 0.014750794537371836, "is_critical": false, "is_articulation": false}}, {"type": "Feature", "geometry": {"type": "Point", "coordinates": [75.797558, 26.919136]}, "properties": {"feature_type": "node", "node_id": 217, "degree": 3, "type": "intersection", "betweenness": 0.011572645050024007, "is_critical": false, "is_articulation": false}}, {"type": "Feature", "geometry": {"type": "Point", "coordinates": [75.79774, 26.919153]}, "properties": {"feature_type": "node", "node_id": 218, "degree": 3, "type": "intersection", "betweenness": 0.044053136830277666, "is_critical": false, "is_articulation": false}}, {"type": "Feature", "geometry": {"type": "Point", "coordinates": [75.795584, 26.919129]}, "properties": {"feature_type": "node", "node_id": 219, "degree": 3, "type": "intersection", "betweenness": 0.02583348848451591, "is_critical": false, "is_articulation": false}}, {"type": "Feature", "geometry": {"type": "Point", "coordinates": [75.797619, 26.919118]}, "properties": {"feature_type": "node", "node_id": 220, "degree": 3, "type": "intersection", "betweenness": 0.013556130431516267, "is_critical": false, "is_articulation": false}}, {"type": "Feature", "geometry": {"type": "Point", "coordinates": [75.811113, 26.919023]}, "properties": {"feature_type": "node", "node_id": 221, "degree": 4, "type": "intersection", "betweenness": 0.012559079937155604, "is_critical": false, "is_articulation": false}}, {"type": "Feature", "geometry": {"type": "Point", "coordinates": [75.79784, 26.919117]}, "properties": {"feature_type": "node", "node_id": 222, "degree": 3, "type": "intersection", "betweenness": 0.04593863199119394, "is_critical": false, "is_articulation": false}}, {"type": "Feature", "geometry": {"type": "Point", "coordinates": [75.808354, 26.919039]}, "properties": {"feature_type": "node", "node_id": 223, "degree": 3, "type": "intersection", "betweenness": 0.01972216506126022, "is_critical": false, "is_articulation": false}}, {"type": "Feature", "geometry": {"type": "Point", "coordinates": [75.797719, 26.919081]}, "properties": {"feature_type": "node", "node_id": 224, "degree": 3, "type": "intersection", "betweenness": 0.01555104800540906, "is_critical": false, "is_articulation": false}}, {"type": "Feature", "geometry": {"type": "Point", "coordinates": [75.7979, 26.919098]}, "properties": {"feature_type": "node", "node_id": 225, "degree": 3, "type": "intersection", "betweenness": 0.04754322185312572, "is_critical": false, "is_articulation": false}}, {"type": "Feature", "geometry": {"type": "Point", "coordinates": [75.80489, 26.919041]}, "properties": {"feature_type": "node", "node_id": 226, "degree": 3, "type": "intersection", "betweenness": 0.08296505342100191, "is_critical": false, "is_articulation": false}}, {"type": "Feature", "geometry": {"type": "Point", "coordinates": [75.808435, 26.91902]}, "properties": {"feature_type": "node", "node_id": 227, "degree": 3, "type": "intersection", "betweenness": 0.039248349681368463, "is_critical": false, "is_articulation": true}}, {"type": "Feature", "geometry": {"type": "Point", "coordinates": [75.810167, 26.918992]}, "properties": {"feature_type": "node", "node_id": 228, "degree": 3, "type": "intersection", "betweenness": 0.09332588607656955, "is_critical": false, "is_articulation": false}}, {"type": "Feature", "geometry": {"type": "Point", "coordinates": [75.79782, 26.919045]}, "properties": {"feature_type": "node", "node_id": 229, "degree": 3, "type": "intersection", "betweenness": 0.017848918677915944, "is_critical": false, "is_articulation": false}}, {"type": "Feature", "geometry": {"type": "Point", "coordinates": [75.798001, 26.919062]}, "properties": {"feature_type": "node", "node_id": 230, "degree": 3, "type": "intersection", "betweenness": 0.04937400580755374, "is_critical": false, "is_articulation": false}}, {"type": "Feature", "geometry": {"type": "Point", "coordinates": [75.803741, 26.919029]}, "properties": {"feature_type": "node", "node_id": 231, "degree": 3, "type": "intersection", "betweenness": 0.10263985654231707, "is_critical": true, "is_articulation": false}}, {"type": "Feature", "geometry": {"type": "Point", "coordinates": [75.805272, 26.919002]}, "properties": {"feature_type": "node", "node_id": 232, "degree": 3, "type": "intersection", "betweenness": 0.07926755576460136, "is_critical": false, "is_articulation": true}}, {"type": "Feature", "geometry": {"type": "Point", "coordinates": [75.79788, 26.919026]}, "properties": {"feature_type": "node", "node_id": 233, "degree": 3, "type": "intersection", "betweenness": 0.019920595257926593, "is_critical": false, "is_articulation": false}}, {"type": "Feature", "geometry": {"type": "Point", "coordinates": [75.803922, 26.918992]}, "properties": {"feature_type": "node", "node_id": 234, "degree": 4, "type": "intersection", "betweenness": 0.10866135559671145, "is_critical": true, "is_articulation": false}}, {"type": "Feature", "geometry": {"type": "Point", "coordinates": [75.798061, 26.918989]}, "properties": {"feature_type": "node", "node_id": 235, "degree": 6, "type": "intersection", "betweenness": 0.07771931027950077, "is_critical": false, "is_articulation": true}}, {"type": "Feature", "geometry": {"type": "Point", "coordinates": [75.79798, 26.91899]}, "properties": {"feature_type": "node", "node_id": 236, "degree": 3, "type": "intersection", "betweenness": 0.02210332742125669, "is_critical": false, "is_articulation": false}}, {"type": "Feature", "geometry": {"type": "Point", "coordinates": [75.798162, 26.919007]}, "properties": {"feature_type": "node", "node_id": 237, "degree": 3, "type": "intersection", "betweenness": 0.0, "is_critical": false, "is_articulation": false}}, {"type": "Feature", "geometry": {"type": "Point", "coordinates": [75.803721, 26.918957]}, "properties": {"feature_type": "node", "node_id": 238, "degree": 3, "type": "intersection", "betweenness": 0.006509816986931371, "is_critical": false, "is_articulation": false}}, {"type": "Feature", "geometry": {"type": "Point", "coordinates": [75.804023, 26.918937]}, "properties": {"feature_type": "node", "node_id": 239, "degree": 4, "type": "intersection", "betweenness": 0.029413397876225284, "is_critical": false, "is_articulation": false}}, {"type": "Feature", "geometry": {"type": "Point", "coordinates": [75.807185, 26.918937]}, "properties": {"feature_type": "node", "node_id": 240, "degree": 1, "type": "endpoint", "betweenness": 0.0, "is_critical": false, "is_articulation": false}}, {"type": "Feature", "geometry": {"type": "Point", "coordinates": [75.798222, 26.918934]}, "properties": {"feature_type": "node", "node_id": 241, "degree": 6, "type": "intersection", "betweenness": 0.0856826488716426, "is_critical": false, "is_articulation": true}}, {"type": "Feature", "geometry": {"type": "Point", "coordinates": [75.803902, 26.91892]}, "properties": {"feature_type": "node", "node_id": 242, "degree": 3, "type": "intersection", "betweenness": 0.0054123265164803215, "is_critical": false, "is_articulation": false}}, {"type": "Feature", "geometry": {"type": "Point", "coordinates": [75.798141, 26.918935]}, "properties": {"feature_type": "node", "node_id": 243, "degree": 3, "type": "intersection", "betweenness": 0.0791956962695123, "is_critical": false, "is_articulation": false}}, {"type": "Feature", "geometry": {"type": "Point", "coordinates": [75.805614, 26.91891]}, "properties": {"feature_type": "node", "node_id": 244, "degree": 3, "type": "intersection", "betweenness": 0.10772064947918197, "is_critical": true, "is_articulation": false}}, {"type": "Feature", "geometry": {"type": "Point", "coordinates": [75.798362, 26.918915]}, "properties": {"feature_type": "node", "node_id": 245, "degree": 6, "type": "intersection", "betweenness": 0.08743667381995276, "is_critical": false, "is_articulation": false}}, {"type": "Feature", "geometry": {"type": "Point", "coordinates": [75.804002, 26.918883]}, "properties": {"feature_type": "node", "node_id": 246, "degree": 3, "type": "intersection", "betweenness": 0.004830917874396135, "is_critical": false, "is_articulation": false}}, {"type": "Feature", "geometry": {"type": "Point", "coordinates": [75.804223, 26.918846]}, "properties": {"feature_type": "node", "node_id": 247, "degree": 3, "type": "intersection", "betweenness": 0.03494657899808266, "is_critical": false, "is_articulation": false}}, {"type": "Feature", "geometry": {"type": "Point", "coordinates": [75.811072, 26.918843]}, "properties": {"feature_type": "node", "node_id": 248, "degree": 3, "type": "intersection", "betweenness": 0.06225318713192423, "is_critical": false, "is_articulation": false}}, {"type": "Feature", "geometry": {"type": "Point", "coordinates": [75.804062, 26.918865]}, "properties": {"feature_type": "node", "node_id": 249, "degree": 3, "type": "intersection", "betweenness": 0.005928408344847184, "is_critical": false, "is_articulation": false}}, {"type": "Feature", "geometry": {"type": "Point", "coordinates": [75.798563, 26.918842]}, "properties": {"feature_type": "node", "node_id": 250, "degree": 6, "type": "intersection", "betweenness": 0.11633725620849705, "is_critical": true, "is_articulation": false}}, {"type": "Feature", "geometry": {"type": "Point", "coordinates": [75.806157, 26.918835]}, "properties": {"feature_type": "node", "node_id": 251, "degree": 4, "type": "intersection", "betweenness": 0.12163852714165792, "is_critical": true, "is_articulation": false}}, {"type": "Feature", "geometry": {"type": "Point", "coordinates": [75.812099, 26.918801]}, "properties": {"feature_type": "node", "node_id": 252, "degree": 4, "type": "intersection", "betweenness": 0.03386705340140387, "is_critical": false, "is_articulation": false}}, {"type": "Feature", "geometry": {"type": "Point", "coordinates": [75.798382, 26.918861]}, "properties": {"feature_type": "node", "node_id": 253, "degree": 4, "type": "intersection", "betweenness": 0.0, "is_critical": false, "is_articulation": false}}, {"type": "Feature", "geometry": {"type": "Point", "coordinates": [75.798664, 26.918787]}, "properties": {"feature_type": "node", "node_id": 255, "degree": 6, "type": "intersection", "betweenness": 0.11738248522797425, "is_critical": true, "is_articulation": false}}, {"type": "Feature", "geometry": {"type": "Point", "coordinates": [75.798785, 26.918786]}, "properties": {"feature_type": "node", "node_id": 256, "degree": 3, "type": "intersection", "betweenness": 0.11896666046061935, "is_critical": true, "is_articulation": false}}, {"type": "Feature", "geometry": {"type": "Point", "coordinates": [75.798724, 26.918733]}, "properties": {"feature_type": "node", "node_id": 257, "degree": 3, "type": "intersection", "betweenness": 0.0, "is_critical": false, "is_articulation": false}}, {"type": "Feature", "geometry": {"type": "Point", "coordinates": [75.798865, 26.918732]}, "properties": {"feature_type": "node", "node_id": 258, "degree": 7, "type": "intersection", "betweenness": 0.1230430536365804, "is_critical": true, "is_articulation": false}}, {"type": "Feature", "geometry": {"type": "Point", "coordinates": [75.804766, 26.918716]}, "properties": {"feature_type": "node", "node_id": 259, "degree": 3, "type": "intersection", "betweenness": 0.04653228941085013, "is_critical": false, "is_articulation": false}}, {"type": "Feature", "geometry": {"type": "Point", "coordinates": [75.80674, 26.918705]}, "properties": {"feature_type": "node", "node_id": 260, "degree": 3, "type": "intersection", "betweenness": 0.09888846426459973, "is_critical": false, "is_articulation": false}}, {"type": "Feature", "geometry": {"type": "Point", "coordinates": [75.815059, 26.918657]}, "properties": {"feature_type": "node", "node_id": 261, "degree": 1, "type": "endpoint", "betweenness": 0.0, "is_critical": false, "is_articulation": false}}, {"type": "Feature", "geometry": {"type": "Point", "coordinates": [75.812057, 26.918638]}, "properties": {"feature_type": "node", "node_id": 262, "degree": 4, "type": "intersection", "betweenness": 0.06333434589894595, "is_critical": false, "is_articulation": false}}, {"type": "Feature", "geometry": {"type": "Point", "coordinates": [75.801624, 26.918698]}, "properties": {"feature_type": "node", "node_id": 263, "degree": 3, "type": "intersection", "betweenness": 0.12106365118094546, "is_critical": true, "is_articulation": true}}, {"type": "Feature", "geometry": {"type": "Point", "coordinates": [75.813105, 26.918614]}, "properties": {"feature_type": "node", "node_id": 264, "degree": 3, "type": "intersection", "betweenness": 0.01618308492812417, "is_critical": false, "is_articulation": false}}, {"type": "Feature", "geometry": {"type": "Point", "coordinates": [75.798884, 26.918678]}, "properties": {"feature_type": "node", "node_id": 265, "degree": 3, "type": "intersection", "betweenness": 0.0, "is_critical": false, "is_articulation": false}}, {"type": "Feature", "geometry": {"type": "Point", "coordinates": [75.798985, 26.918677]}, "properties": {"feature_type": "node", "node_id": 266, "degree": 6, "type": "intersection", "betweenness": 0.12678628006258308, "is_critical": true, "is_articulation": false}}, {"type": "Feature", "geometry": {"type": "Point", "coordinates": [75.804745, 26.918608]}, "properties": {"feature_type": "node", "node_id": 267, "degree": 4, "type": "intersection", "betweenness": 0.04510489853112659, "is_critical": false, "is_articulation": false}}, {"type": "Feature", "geometry": {"type": "Point", "coordinates": [75.799126, 26.918622]}, "properties": {"feature_type": "node", "node_id": 268, "degree": 4, "type": "intersection", "betweenness": 0.13052297380721403, "is_critical": true, "is_articulation": false}}, {"type": "Feature", "geometry": {"type": "Point", "coordinates": [75.799045, 26.918622]}, "properties": {"feature_type": "node", "node_id": 269, "degree": 3, "type": "intersection", "betweenness": 0.0, "is_critical": false, "is_articulation": false}}, {"type": "Feature", "geometry": {"type": "Point", "coordinates": [75.799207, 26.91864]}, "properties": {"feature_type": "node", "node_id": 270, "degree": 3, "type": "intersection", "betweenness": 0.0, "is_critical": false, "is_articulation": false}}, {"type": "Feature", "geometry": {"type": "Point", "coordinates": [75.803396, 26.918616]}, "properties": {"feature_type": "node", "node_id": 271, "degree": 1, "type": "endpoint", "betweenness": 0.0, "is_critical": false, "is_articulation": false}}, {"type": "Feature", "geometry": {"type": "Point", "coordinates": [75.807364, 26.918593]}, "properties": {"feature_type": "node", "node_id": 272, "degree": 3, "type": "intersection", "betweenness": 0.10124022955842339, "is_critical": true, "is_articulation": false}}, {"type": "Feature", "geometry": {"type": "Point", "coordinates": [75.813326, 26.918541]}, "properties": {"feature_type": "node", "node_id": 273, "degree": 3, "type": "intersection", "betweenness": 0.0019467390487762654, "is_critical": false, "is_articulation": false}}, {"type": "Feature", "geometry": {"type": "Point", "coordinates": [75.799307, 26.918567]}, "properties": {"feature_type": "node", "node_id": 274, "degree": 5, "type": "intersection", "betweenness": 0.13609208467661593, "is_critical": true, "is_articulation": false}}, {"type": "Feature", "geometry": {"type": "Point", "coordinates": [75.799447, 26.91853]}, "properties": {"feature_type": "node", "node_id": 275, "degree": 5, "type": "intersection", "betweenness": 0.13978304965164476, "is_critical": true, "is_articulation": false}}, {"type": "Feature", "geometry": {"type": "Point", "coordinates": [75.799206, 26.918567]}, "properties": {"feature_type": "node", "node_id": 276, "degree": 3, "type": "intersection", "betweenness": 0.13206142027025702, "is_critical": true, "is_articulation": false}}, {"type": "Feature", "geometry": {"type": "Point", "coordinates": [75.807807, 26.918518]}, "properties": {"feature_type": "node", "node_id": 277, "degree": 3, "type": "intersection", "betweenness": 0.100175402494831, "is_critical": false, "is_articulation": false}}, {"type": "Feature", "geometry": {"type": "Point", "coordinates": [75.799367, 26.918512]}, "properties": {"feature_type": "node", "node_id": 278, "degree": 3, "type": "intersection", "betweenness": 0.0, "is_critical": false, "is_articulation": false}}, {"type": "Feature", "geometry": {"type": "Point", "coordinates": [75.799568, 26.918511]}, "properties": {"feature_type": "node", "node_id": 279, "degree": 4, "type": "intersection", "betweenness": 0.14128230002645736, "is_critical": true, "is_articulation": false}}, {"type": "Feature", "geometry": {"type": "Point", "coordinates": [75.804664, 26.918482]}, "properties": {"feature_type": "node", "node_id": 280, "degree": 3, "type": "intersection", "betweenness": 0.0, "is_critical": false, "is_articulation": false}}, {"type": "Feature", "geometry": {"type": "Point", "coordinates": [75.804745, 26.918482]}, "properties": {"feature_type": "node", "node_id": 281, "degree": 3, "type": "intersection", "betweenness": 0.04365137692591613, "is_critical": false, "is_articulation": false}}, {"type": "Feature", "geometry": {"type": "Point", "coordinates": [75.80831, 26.918443]}, "properties": {"feature_type": "node", "node_id": 282, "degree": 3, "type": "intersection", "betweenness": 0.11226412937322187, "is_critical": true, "is_articulation": true}}, {"type": "Feature", "geometry": {"type": "Point", "coordinates": [75.814171, 26.918392]}, "properties": {"feature_type": "node", "node_id": 283, "degree": 3, "type": "intersection", "betweenness": 0.01265053747635986, "is_critical": false, "is_articulation": false}}, {"type": "Feature", "geometry": {"type": "Point", "coordinates": [75.799528, 26.918457]}, "properties": {"feature_type": "node", "node_id": 284, "degree": 3, "type": "intersection", "betweenness": 0.0, "is_critical": false, "is_articulation": false}}, {"type": "Feature", "geometry": {"type": "Point", "coordinates": [75.799628, 26.918457]}, "properties": {"feature_type": "node", "node_id": 285, "degree": 6, "type": "intersection", "betweenness": 0.1452803010259576, "is_critical": true, "is_articulation": false}}, {"type": "Feature", "geometry": {"type": "Point", "coordinates": [75.813304, 26.918378]}, "properties": {"feature_type": "node", "node_id": 286, "degree": 3, "type": "intersection", "betweenness": 0.026821556541990442, "is_critical": false, "is_articulation": false}}, {"type": "Feature", "geometry": {"type": "Point", "coordinates": [75.81403, 26.918392]}, "properties": {"feature_type": "node", "node_id": 287, "degree": 3, "type": "intersection", "betweenness": 0.014845518417261956, "is_critical": false, "is_articulation": false}}, {"type": "Feature", "geometry": {"type": "Point", "coordinates": [75.799789, 26.918438]}, "properties": {"feature_type": "node", "node_id": 288, "degree": 4, "type": "intersection", "betweenness": 0.1464496509914977, "is_critical": true, "is_articulation": false}}, {"type": "Feature", "geometry": {"type": "Point", "coordinates": [75.808531, 26.918388]}, "properties": {"feature_type": "node", "node_id": 289, "degree": 3, "type": "intersection", "betweenness": 0.08332108455576133, "is_critical": false, "is_articulation": false}}, {"type": "Feature", "geometry": {"type": "Point", "coordinates": [75.808692, 26.918369]}, "properties": {"feature_type": "node", "node_id": 290, "degree": 3, "type": "intersection", "betweenness": 0.07100371382935983, "is_critical": false, "is_articulation": false}}, {"type": "Feature", "geometry": {"type": "Point", "coordinates": [75.814231, 26.918355]}, "properties": {"feature_type": "node", "node_id": 291, "degree": 3, "type": "intersection", "betweenness": 0.005320868977276068, "is_critical": false, "is_articulation": false}}, {"type": "Feature", "geometry": {"type": "Point", "coordinates": [75.799688, 26.918402]}, "properties": {"feature_type": "node", "node_id": 292, "degree": 3, "type": "intersection", "betweenness": 0.00033316674995835413, "is_critical": false, "is_articulation": false}}, {"type": "Feature", "geometry": {"type": "Point", "coordinates": [75.804703, 26.918356]}, "properties": {"feature_type": "node", "node_id": 293, "degree": 5, "type": "intersection", "betweenness": 0.04634610799175575, "is_critical": false, "is_articulation": false}}, {"type": "Feature", "geometry": {"type": "Point", "coordinates": [75.799769, 26.918384]}, "properties": {"feature_type": "node", "node_id": 294, "degree": 4, "type": "intersection", "betweenness": 0.002165583874729302, "is_critical": false, "is_articulation": false}}, {"type": "Feature", "geometry": {"type": "Point", "coordinates": [75.799869, 26.918365]}, "properties": {"feature_type": "node", "node_id": 295, "degree": 7, "type": "intersection", "betweenness": 0.1653617635626631, "is_critical": true, "is_articulation": true}}, {"type": "Feature", "geometry": {"type": "Point", "coordinates": [75.79997, 26.918382]}, "properties": {"feature_type": "node", "node_id": 296, "degree": 3, "type": "intersection", "betweenness": 0.12939608627059018, "is_critical": true, "is_articulation": false}}, {"type": "Feature", "geometry": {"type": "Point", "coordinates": [75.805509, 26.918351]}, "properties": {"feature_type": "node", "node_id": 297, "degree": 3, "type": "intersection", "betweenness": 0.031520187618608995, "is_critical": false, "is_articulation": false}}, {"type": "Feature", "geometry": {"type": "Point", "coordinates": [75.803314, 26.918345]}, "properties": {"feature_type": "node", "node_id": 298, "degree": 1, "type": "endpoint", "betweenness": 0.0, "is_critical": false, "is_articulation": false}}, {"type": "Feature", "geometry": {"type": "Point", "coordinates": [75.811954, 26.918278]}, "properties": {"feature_type": "node", "node_id": 299, "degree": 3, "type": "intersection", "betweenness": 0.014979438385382472, "is_critical": false, "is_articulation": false}}, {"type": "Feature", "geometry": {"type": "Point", "coordinates": [75.814573, 26.918281]}, "properties": {"feature_type": "node", "node_id": 300, "degree": 3, "type": "intersection", "betweenness": 0.002502016965373522, "is_critical": false, "is_articulation": true}}, {"type": "Feature", "geometry": {"type": "Point", "coordinates": [75.80003, 26.918328]}, "properties": {"feature_type": "node", "node_id": 301, "degree": 5, "type": "intersection", "betweenness": 0.13169559011344, "is_critical": true, "is_articulation": false}}, {"type": "Feature", "geometry": {"type": "Point", "coordinates": [75.799949, 26.91831]}, "properties": {"feature_type": "node", "node_id": 302, "degree": 3, "type": "intersection", "betweenness": 0.0, "is_critical": false, "is_articulation": false}}, {"type": "Feature", "geometry": {"type": "Point", "coordinates": [75.813988, 26.91823]}, "properties": {"feature_type": "node", "node_id": 303, "degree": 3, "type": "intersection", "betweenness": 0.022580213161393158, "is_critical": false, "is_articulation": false}}, {"type": "Feature", "geometry": {"type": "Point", "coordinates": [75.800151, 26.918273]}, "properties": {"feature_type": "node", "node_id": 304, "degree": 3, "type": "intersection", "betweenness": 0.1332405692578547, "is_critical": true, "is_articulation": false}}, {"type": "Feature", "geometry": {"type": "Point", "coordinates": [75.80007, 26.918274]}, "properties": {"feature_type": "node", "node_id": 305, "degree": 3, "type": "intersection", "betweenness": 0.0, "is_critical": false, "is_articulation": false}}, {"type": "Feature", "geometry": {"type": "Point", "coordinates": [75.804602, 26.918248]}, "properties": {"feature_type": "node", "node_id": 306, "degree": 3, "type": "intersection", "betweenness": 0.0023223682276508804, "is_critical": false, "is_articulation": false}}, {"type": "Feature", "geometry": {"type": "Point", "coordinates": [75.809275, 26.918239]}, "properties": {"feature_type": "node", "node_id": 307, "degree": 3, "type": "intersection", "betweenness": 0.038555885455964826, "is_critical": false, "is_articulation": false}}, {"type": "Feature", "geometry": {"type": "Point", "coordinates": [75.81423, 26.918193]}, "properties": {"feature_type": "node", "node_id": 308, "degree": 3, "type": "intersection", "betweenness": 0.0049844358866318475, "is_critical": false, "is_articulation": false}}, {"type": "Feature", "geometry": {"type": "Point", "coordinates": [75.804683, 26.918247]}, "properties": {"feature_type": "node", "node_id": 309, "degree": 3, "type": "intersection", "betweenness": 0.013516117758114406, "is_critical": false, "is_articulation": false}}, {"type": "Feature", "geometry": {"type": "Point", "coordinates": [75.815055, 26.918188]}, "properties": {"feature_type": "node", "node_id": 310, "degree": 1, "type": "endpoint", "betweenness": 0.0, "is_critical": false, "is_articulation": false}}, {"type": "Feature", "geometry": {"type": "Point", "coordinates": [75.812276, 26.918186]}, "properties": {"feature_type": "node", "node_id": 311, "degree": 3, "type": "intersection", "betweenness": 0.009681433792907467, "is_critical": false, "is_articulation": false}}, {"type": "Feature", "geometry": {"type": "Point", "coordinates": [75.800311, 26.918218]}, "properties": {"feature_type": "node", "node_id": 312, "degree": 3, "type": "intersection", "betweenness": 0.13404735540726367, "is_critical": true, "is_articulation": false}}, {"type": "Feature", "geometry": {"type": "Point", "coordinates": [75.800392, 26.918236]}, "properties": {"feature_type": "node", "node_id": 313, "degree": 3, "type": "intersection", "betweenness": 0.13371092231661946, "is_critical": true, "is_articulation": false}}, {"type": "Feature", "geometry": {"type": "Point", "coordinates": [75.800493, 26.918199]}, "properties": {"feature_type": "node", "node_id": 314, "degree": 4, "type": "intersection", "betweenness": 0.13479534742432706, "is_critical": true, "is_articulation": false}}, {"type": "Feature", "geometry": {"type": "Point", "coordinates": [75.814551, 26.918119]}, "properties": {"feature_type": "node", "node_id": 315, "degree": 3, "type": "intersection", "betweenness": 0.0025085496467452547, "is_critical": false, "is_articulation": true}}, {"type": "Feature", "geometry": {"type": "Point", "coordinates": [75.801479, 26.918175]}, "properties": {"feature_type": "node", "node_id": 316, "degree": 3, "type": "intersection", "betweenness": 0.12123676723729637, "is_critical": true, "is_articulation": false}}, {"type": "Feature", "geometry": {"type": "Point", "coordinates": [75.809919, 26.918127]}, "properties": {"feature_type": "node", "node_id": 317, "degree": 4, "type": "intersection", "betweenness": 0.1031249081341682, "is_critical": true, "is_articulation": false}}, {"type": "Feature", "geometry": {"type": "Point", "coordinates": [75.800392, 26.918163]}, "properties": {"feature_type": "node", "node_id": 318, "degree": 3, "type": "intersection", "betweenness": 0.0005846749827700528, "is_critical": false, "is_articulation": false}}, {"type": "Feature", "geometry": {"type": "Point", "coordinates": [75.804581, 26.91814]}, "properties": {"feature_type": "node", "node_id": 319, "degree": 3, "type": "intersection", "betweenness": 0.003233677279007555, "is_critical": false, "is_articulation": false}}, {"type": "Feature", "geometry": {"type": "Point", "coordinates": [75.804662, 26.918139]}, "properties": {"feature_type": "node", "node_id": 320, "degree": 3, "type": "intersection", "betweenness": 0.013774158672297837, "is_critical": false, "is_articulation": false}}, {"type": "Feature", "geometry": {"type": "Point", "coordinates": [75.800472, 26.918145]}, "properties": {"feature_type": "node", "node_id": 321, "degree": 4, "type": "intersection", "betweenness": 0.0019140756419176032, "is_critical": false, "is_articulation": false}}, {"type": "Feature", "geometry": {"type": "Point", "coordinates": [75.800573, 26.918144]}, "properties": {"feature_type": "node", "node_id": 322, "degree": 5, "type": "intersection", "betweenness": 0.1399431003452522, "is_critical": true, "is_articulation": false}}, {"type": "Feature", "geometry": {"type": "Point", "coordinates": [75.800714, 26.918125]}, "properties": {"feature_type": "node", "node_id": 323, "degree": 4, "type": "intersection", "betweenness": 0.14011948274228897, "is_critical": true, "is_articulation": false}}, {"type": "Feature", "geometry": {"type": "Point", "coordinates": [75.806011, 26.918095]}, "properties": {"feature_type": "node", "node_id": 324, "degree": 3, "type": "intersection", "betweenness": 0.010997769089311552, "is_critical": false, "is_articulation": true}}, {"type": "Feature", "geometry": {"type": "Point", "coordinates": [75.810341, 26.918034]}, "properties": {"feature_type": "node", "node_id": 325, "degree": 4, "type": "intersection", "betweenness": 0.028489023462125146, "is_critical": false, "is_articulation": false}}, {"type": "Feature", "geometry": {"type": "Point", "coordinates": [75.800633, 26.91809]}, "properties": {"feature_type": "node", "node_id": 326, "degree": 4, "type": "intersection", "betweenness": 0.0005748759607124542, "is_critical": false, "is_articulation": false}}, {"type": "Feature", "geometry": {"type": "Point", "coordinates": [75.800794, 26.918071]}, "properties": {"feature_type": "node", "node_id": 327, "degree": 5, "type": "intersection", "betweenness": 0.14530316541075866, "is_critical": true, "is_articulation": false}}, {"type": "Feature", "geometry": {"type": "Point", "coordinates": [75.815054, 26.918007]}, "properties": {"feature_type": "node", "node_id": 328, "degree": 1, "type": "endpoint", "betweenness": 0.0, "is_critical": false, "is_articulation": false}}, {"type": "Feature", "geometry": {"type": "Point", "coordinates": [75.800713, 26.918053]}, "properties": {"feature_type": "node", "node_id": 329, "degree": 3, "type": "intersection", "betweenness": 0.001910809301231737, "is_critical": false, "is_articulation": false}}, {"type": "Feature", "geometry": {"type": "Point", "coordinates": [75.800894, 26.91807]}, "properties": {"feature_type": "node", "node_id": 330, "degree": 3, "type": "intersection", "betweenness": 0.046316710925582955, "is_critical": false, "is_articulation": false}}, {"type": "Feature", "geometry": {"type": "Point", "coordinates": [75.80456, 26.918031]}, "properties": {"feature_type": "node", "node_id": 331, "degree": 3, "type": "intersection", "betweenness": 0.004161318033793561, "is_critical": false, "is_articulation": false}}, {"type": "Feature", "geometry": {"type": "Point", "coordinates": [75.804641, 26.918031]}, "properties": {"feature_type": "node", "node_id": 332, "degree": 3, "type": "intersection", "betweenness": 0.014698533086397977, "is_critical": false, "is_articulation": false}}, {"type": "Feature", "geometry": {"type": "Point", "coordinates": [75.800955, 26.918052]}, "properties": {"feature_type": "node", "node_id": 333, "degree": 3, "type": "intersection", "betweenness": 0.04812054756935258, "is_critical": false, "is_articulation": false}}, {"type": "Feature", "geometry": {"type": "Point", "coordinates": [75.801317, 26.918032]}, "properties": {"feature_type": "node", "node_id": 334, "degree": 5, "type": "intersection", "betweenness": 0.11616414015214614, "is_critical": true, "is_articulation": true}}, {"type": "Feature", "geometry": {"type": "Point", "coordinates": [75.806393, 26.918021]}, "properties": {"feature_type": "node", "node_id": 335, "degree": 1, "type": "endpoint", "betweenness": 0.0, "is_critical": false, "is_articulation": false}}, {"type": "Feature", "geometry": {"type": "Point", "coordinates": [75.800854, 26.918016]}, "properties": {"feature_type": "node", "node_id": 336, "degree": 4, "type": "intersection", "betweenness": 0.10042364438695685, "is_critical": false, "is_articulation": false}}, {"type": "Feature", "geometry": {"type": "Point", "coordinates": [75.801015, 26.918033]}, "properties": {"feature_type": "node", "node_id": 337, "degree": 3, "type": "intersection", "betweenness": 0.050680542081900225, "is_critical": false, "is_articulation": false}}, {"type": "Feature", "geometry": {"type": "Point", "coordinates": [75.801196, 26.918014]}, "properties": {"feature_type": "node", "node_id": 338, "degree": 4, "type": "intersection", "betweenness": 0.05228431535866054, "is_critical": false, "is_articulation": false}}, {"type": "Feature", "geometry": {"type": "Point", "coordinates": [75.800934, 26.91798]}, "properties": {"feature_type": "node", "node_id": 339, "degree": 3, "type": "intersection", "betweenness": 0.1012696266245962, "is_critical": true, "is_articulation": false}}, {"type": "Feature", "geometry": {"type": "Point", "coordinates": [75.800994, 26.917961]}, "properties": {"feature_type": "node", "node_id": 340, "degree": 3, "type": "intersection", "betweenness": 0.10257534631377122, "is_critical": true, "is_articulation": false}}, {"type": "Feature", "geometry": {"type": "Point", "coordinates": [75.804539, 26.917923]}, "properties": {"feature_type": "node", "node_id": 341, "degree": 3, "type": "intersection", "betweenness": 0.005102024151323031, "is_critical": false, "is_articulation": false}}, {"type": "Feature", "geometry": {"type": "Point", "coordinates": [75.80462, 26.917923]}, "properties": {"feature_type": "node", "node_id": 342, "degree": 3, "type": "intersection", "betweenness": 0.015626173841183984, "is_critical": false, "is_articulation": false}}, {"type": "Feature", "geometry": {"type": "Point", "coordinates": [75.801236, 26.917906]}, "properties": {"feature_type": "node", "node_id": 343, "degree": 8, "type": "intersection", "betweenness": 0.17760727479397556, "is_critical": true, "is_articulation": false}}, {"type": "Feature", "geometry": {"type": "Point", "coordinates": [75.796785, 26.917949]}, "properties": {"feature_type": "node", "node_id": 344, "degree": 1, "type": "endpoint", "betweenness": 0.0, "is_critical": false, "is_articulation": false}}, {"type": "Feature", "geometry": {"type": "Point", "coordinates": [75.805365, 26.917882]}, "properties": {"feature_type": "node", "node_id": 345, "degree": 3, "type": "intersection", "betweenness": 0.06276926896029109, "is_critical": false, "is_articulation": false}}, {"type": "Feature", "geometry": {"type": "Point", "coordinates": [75.806573, 26.917857]}, "properties": {"feature_type": "node", "node_id": 346, "degree": 3, "type": "intersection", "betweenness": 0.01787341623305994, "is_critical": false, "is_articulation": false}}, {"type": "Feature", "geometry": {"type": "Point", "coordinates": [75.801638, 26.917849]}, "properties": {"feature_type": "node", "node_id": 347, "degree": 3, "type": "intersection", "betweenness": 0.05107576930489004, "is_critical": false, "is_articulation": false}}, {"type": "Feature", "geometry": {"type": "Point", "coordinates": [75.801336, 26.917815]}, "properties": {"feature_type": "node", "node_id": 348, "degree": 3, "type": "intersection", "betweenness": 0.0020120658624935895, "is_critical": false, "is_articulation": false}}, {"type": "Feature", "geometry": {"type": "Point", "coordinates": [75.804558, 26.917779]}, "properties": {"feature_type": "node", "node_id": 349, "degree": 4, "type": "intersection", "betweenness": 0.05403180762559896, "is_critical": false, "is_articulation": false}}, {"type": "Feature", "geometry": {"type": "Point", "coordinates": [75.807116, 26.917746]}, "properties": {"feature_type": "node", "node_id": 350, "degree": 3, "type": "intersection", "betweenness": 0.009874147893373575, "is_critical": false, "is_articulation": false}}, {"type": "Feature", "geometry": {"type": "Point", "coordinates": [75.80478, 26.917759]}, "properties": {"feature_type": "node", "node_id": 351, "degree": 3, "type": "intersection", "betweenness": 0.036883519024801324, "is_critical": false, "is_articulation": false}}, {"type": "Feature", "geometry": {"type": "Point", "coordinates": [75.801174, 26.917671]}, "properties": {"feature_type": "node", "node_id": 352, "degree": 7, "type": "intersection", "betweenness": 0.13119583998850248, "is_critical": true, "is_articulation": false}}, {"type": "Feature", "geometry": {"type": "Point", "coordinates": [75.805343, 26.917702]}, "properties": {"feature_type": "node", "node_id": 353, "degree": 3, "type": "intersection", "betweenness": 0.06976250436873066, "is_critical": false, "is_articulation": false}}, {"type": "Feature", "geometry": {"type": "Point", "coordinates": [75.801294, 26.917653]}, "properties": {"feature_type": "node", "node_id": 354, "degree": 6, "type": "intersection", "betweenness": 0.00864273745480201, "is_critical": false, "is_articulation": false}}, {"type": "Feature", "geometry": {"type": "Point", "coordinates": [75.801536, 26.917705]}, "properties": {"feature_type": "node", "node_id": 355, "degree": 3, "type": "intersection", "betweenness": 0.008103791241634085, "is_critical": false, "is_articulation": false}}, {"type": "Feature", "geometry": {"type": "Point", "coordinates": [75.804517, 26.91767]}, "properties": {"feature_type": "node", "node_id": 356, "degree": 4, "type": "intersection", "betweenness": 0.05010893246187364, "is_critical": false, "is_articulation": true}}, {"type": "Feature", "geometry": {"type": "Point", "coordinates": [75.812131, 26.917645]}, "properties": {"feature_type": "node", "node_id": 357, "degree": 4, "type": "intersection", "betweenness": 0.004416092607291125, "is_critical": false, "is_articulation": false}}, {"type": "Feature", "geometry": {"type": "Point", "coordinates": [75.804779, 26.917651]}, "properties": {"feature_type": "node", "node_id": 358, "degree": 3, "type": "intersection", "betweenness": 0.0011170885145662462, "is_critical": false, "is_articulation": false}}, {"type": "Feature", "geometry": {"type": "Point", "coordinates": [75.804496, 26.917562]}, "properties": {"feature_type": "node", "node_id": 360, "degree": 4, "type": "intersection", "betweenness": 0.05189235447635659, "is_critical": false, "is_articulation": true}}, {"type": "Feature", "geometry": {"type": "Point", "coordinates": [75.808344, 26.917558]}, "properties": {"feature_type": "node", "node_id": 361, "degree": 3, "type": "intersection", "betweenness": 0.01314048857923979, "is_critical": false, "is_articulation": true}}, {"type": "Feature", "geometry": {"type": "Point", "coordinates": [75.80216, 26.917594]}, "properties": {"feature_type": "node", "node_id": 363, "degree": 3, "type": "intersection", "betweenness": 0.051007176150486846, "is_critical": false, "is_articulation": false}}, {"type": "Feature", "geometry": {"type": "Point", "coordinates": [75.804778, 26.917543]}, "properties": {"feature_type": "node", "node_id": 364, "degree": 3, "type": "intersection", "betweenness": 0.00198593513700666, "is_critical": false, "is_articulation": false}}, {"type": "Feature", "geometry": {"type": "Point", "coordinates": [75.79503, 26.917598]}, "properties": {"feature_type": "node", "node_id": 365, "degree": 3, "type": "intersection", "betweenness": 0.028629476111617393, "is_critical": false, "is_articulation": false}}, {"type": "Feature", "geometry": {"type": "Point", "coordinates": [75.801233, 26.917563]}, "properties": {"feature_type": "node", "node_id": 366, "degree": 3, "type": "intersection", "betweenness": 0.008570877959712954, "is_critical": false, "is_articulation": false}}, {"type": "Feature", "geometry": {"type": "Point", "coordinates": [75.801132, 26.917473]}, "properties": {"feature_type": "node", "node_id": 367, "degree": 8, "type": "intersection", "betweenness": 0.14048531289910599, "is_critical": true, "is_articulation": true}}, {"type": "Feature", "geometry": {"type": "Point", "coordinates": [75.802139, 26.917521]}, "properties": {"feature_type": "node", "node_id": 368, "degree": 3, "type": "intersection", "betweenness": 0.007509317236806433, "is_critical": false, "is_articulation": false}}, {"type": "Feature", "geometry": {"type": "Point", "coordinates": [75.810196, 26.917475]}, "properties": {"feature_type": "node", "node_id": 369, "degree": 3, "type": "intersection", "betweenness": 0.023364134926001052, "is_critical": false, "is_articulation": false}}, {"type": "Feature", "geometry": {"type": "Point", "coordinates": [75.81358, 26.917456]}, "properties": {"feature_type": "node", "node_id": 370, "degree": 3, "type": "intersection", "betweenness": 0.012470888738637217, "is_critical": false, "is_articulation": false}}, {"type": "Feature", "geometry": {"type": "Point", "coordinates": [75.796641, 26.917535]}, "properties": {"feature_type": "node", "node_id": 371, "degree": 3, "type": "intersection", "betweenness": 0.009707564518394397, "is_critical": false, "is_articulation": true}}, {"type": "Feature", "geometry": {"type": "Point", "coordinates": [75.80232, 26.917484]}, "properties": {"feature_type": "node", "node_id": 372, "degree": 6, "type": "intersection", "betweenness": 0.06011046764199599, "is_critical": false, "is_articulation": true}}, {"type": "Feature", "geometry": {"type": "Point", "coordinates": [75.804475, 26.917454]}, "properties": {"feature_type": "node", "node_id": 373, "degree": 4, "type": "intersection", "betweenness": 0.05368230917221128, "is_critical": false, "is_articulation": true}}, {"type": "Feature", "geometry": {"type": "Point", "coordinates": [75.802421, 26.91743]}, "properties": {"feature_type": "node", "node_id": 374, "degree": 4, "type": "intersection", "betweenness": 0.14589437307490044, "is_critical": true, "is_articulation": false}}, {"type": "Feature", "geometry": {"type": "Point", "coordinates": [75.807919, 26.917398]}, "properties": {"feature_type": "node", "node_id": 375, "degree": 1, "type": "endpoint", "betweenness": 0.0, "is_critical": false, "is_articulation": false}}, {"type": "Feature", "geometry": {"type": "Point", "coordinates": [75.801172, 26.917419]}, "properties": {"feature_type": "node", "node_id": 376, "degree": 3, "type": "intersection", "betweenness": 0.0, "is_critical": false, "is_articulation": false}}, {"type": "Feature", "geometry": {"type": "Point", "coordinates": [75.801151, 26.917365]}, "properties": {"feature_type": "node", "node_id": 377, "degree": 3, "type": "intersection", "betweenness": 0.0038706137127514674, "is_critical": false, "is_articulation": false}}, {"type": "Feature", "geometry": {"type": "Point", "coordinates": [75.796982, 26.91737]}, "properties": {"feature_type": "node", "node_id": 378, "degree": 3, "type": "intersection", "betweenness": 0.012578677981270802, "is_critical": false, "is_articulation": false}}, {"type": "Feature", "geometry": {"type": "Point", "coordinates": [75.80105, 26.917311]}, "properties": {"feature_type": "node", "node_id": 379, "degree": 3, "type": "intersection", "betweenness": 0.1331899409772238, "is_critical": true, "is_articulation": false}}, {"type": "Feature", "geometry": {"type": "Point", "coordinates": [75.805562, 26.917303]}, "properties": {"feature_type": "node", "node_id": 380, "degree": 3, "type": "intersection", "betweenness": 0.039607647156813745, "is_critical": false, "is_articulation": false}}, {"type": "Feature", "geometry": {"type": "Point", "coordinates": [75.809026, 26.917266]}, "properties": {"feature_type": "node", "node_id": 381, "degree": 3, "type": "intersection", "betweenness": 0.015342002201513622, "is_critical": false, "is_articulation": false}}, {"type": "Feature", "geometry": {"type": "Point", "coordinates": [75.801131, 26.917311]}, "properties": {"feature_type": "node", "node_id": 382, "degree": 3, "type": "intersection", "betweenness": 0.0036240049909685677, "is_critical": false, "is_articulation": false}}, {"type": "Feature", "geometry": {"type": "Point", "coordinates": [75.80103, 26.917257]}, "properties": {"feature_type": "node", "node_id": 383, "degree": 3, "type": "intersection", "betweenness": 0.13293516640372624, "is_critical": true, "is_articulation": false}}, {"type": "Feature", "geometry": {"type": "Point", "coordinates": [75.80111, 26.917256]}, "properties": {"feature_type": "node", "node_id": 384, "degree": 3, "type": "intersection", "betweenness": 0.003356165054727538, "is_critical": false, "is_articulation": false}}, {"type": "Feature", "geometry": {"type": "Point", "coordinates": [75.801049, 26.917149]}, "properties": {"feature_type": "node", "node_id": 385, "degree": 3, "type": "intersection", "betweenness": 0.13772852136023492, "is_critical": true, "is_articulation": false}}, {"type": "Feature", "geometry": {"type": "Point", "coordinates": [75.805541, 26.917141]}, "properties": {"feature_type": "node", "node_id": 386, "degree": 3, "type": "intersection", "betweenness": 0.04069207226452133, "is_critical": false, "is_articulation": false}}, {"type": "Feature", "geometry": {"type": "Point", "coordinates": [75.809508, 26.917064]}, "properties": {"feature_type": "node", "node_id": 387, "degree": 3, "type": "intersection", "betweenness": 0.05145139848376465, "is_critical": false, "is_articulation": false}}, {"type": "Feature", "geometry": {"type": "Point", "coordinates": [75.797806, 26.917131]}, "properties": {"feature_type": "node", "node_id": 388, "degree": 3, "type": "intersection", "betweenness": 0.014554814096219863, "is_critical": false, "is_articulation": false}}, {"type": "Feature", "geometry": {"type": "Point", "coordinates": [75.804412, 26.917039]}, "properties": {"feature_type": "node", "node_id": 389, "degree": 3, "type": "intersection", "betweenness": 0.15023860618710252, "is_critical": true, "is_articulation": false}}, {"type": "Feature", "geometry": {"type": "Point", "coordinates": [75.801028, 26.917022]}, "properties": {"feature_type": "node", "node_id": 390, "degree": 3, "type": "intersection", "betweenness": 0.22551142729288948, "is_critical": true, "is_articulation": false}}, {"type": "Feature", "geometry": {"type": "Point", "coordinates": [75.804654, 26.917002]}, "properties": {"feature_type": "node", "node_id": 391, "degree": 3, "type": "intersection", "betweenness": 0.10348093926892762, "is_critical": true, "is_articulation": false}}, {"type": "Feature", "geometry": {"type": "Point", "coordinates": [75.810051, 26.916953]}, "properties": {"feature_type": "node", "node_id": 392, "degree": 3, "type": "intersection", "betweenness": 0.024428961989593437, "is_critical": false, "is_articulation": false}}, {"type": "Feature", "geometry": {"type": "Point", "coordinates": [75.798289, 26.917002]}, "properties": {"feature_type": "node", "node_id": 393, "degree": 3, "type": "intersection", "betweenness": 0.009237211459629661, "is_critical": false, "is_articulation": false}}, {"type": "Feature", "geometry": {"type": "Point", "coordinates": [75.804694, 26.916965]}, "properties": {"feature_type": "node", "node_id": 394, "degree": 3, "type": "intersection", "betweenness": 0.10100178668835516, "is_critical": true, "is_articulation": false}}, {"type": "Feature", "geometry": {"type": "Point", "coordinates": [75.807654, 26.916912]}, "properties": {"feature_type": "node", "node_id": 395, "degree": 1, "type": "endpoint", "betweenness": 0.0, "is_critical": false, "is_articulation": false}}, {"type": "Feature", "geometry": {"type": "Point", "coordinates": [75.800927, 26.916914]}, "properties": {"feature_type": "node", "node_id": 396, "degree": 3, "type": "intersection", "betweenness": 0.22464258067044907, "is_critical": true, "is_articulation": false}}, {"type": "Feature", "geometry": {"type": "Point", "coordinates": [75.804995, 26.916909]}, "properties": {"feature_type": "node", "node_id": 397, "degree": 3, "type": "intersection", "betweenness": 0.09905831398026477, "is_critical": false, "is_articulation": false}}, {"type": "Feature", "geometry": {"type": "Point", "coordinates": [75.815066, 26.916852]}, "properties": {"feature_type": "node", "node_id": 398, "degree": 1, "type": "endpoint", "betweenness": 0.0, "is_critical": false, "is_articulation": false}}, {"type": "Feature", "geometry": {"type": "Point", "coordinates": [75.805498, 26.916852]}, "properties": {"feature_type": "node", "node_id": 399, "degree": 3, "type": "intersection", "betweenness": 0.13957073750706345, "is_critical": true, "is_articulation": false}}, {"type": "Feature", "geometry": {"type": "Point", "coordinates": [75.813615, 26.916788]}, "properties": {"feature_type": "node", "node_id": 400, "degree": 4, "type": "intersection", "betweenness": 0.0210678974238371, "is_critical": false, "is_articulation": false}}, {"type": "Feature", "geometry": {"type": "Point", "coordinates": [75.814139, 26.916803]}, "properties": {"feature_type": "node", "node_id": 401, "degree": 3, "type": "intersection", "betweenness": 0.006833184714832126, "is_critical": false, "is_articulation": true}}, {"type": "Feature", "geometry": {"type": "Point", "coordinates": [75.800685, 26.916862]}, "properties": {"feature_type": "node", "node_id": 402, "degree": 3, "type": "intersection", "betweenness": 0.04907676880513991, "is_critical": false, "is_articulation": false}}, {"type": "Feature", "geometry": {"type": "Point", "coordinates": [75.80578, 26.916815]}, "properties": {"feature_type": "node", "node_id": 403, "degree": 3, "type": "intersection", "betweenness": 0.145881307712157, "is_critical": true, "is_articulation": false}}, {"type": "Feature", "geometry": {"type": "Point", "coordinates": [75.797119, 26.916864]}, "properties": {"feature_type": "node", "node_id": 404, "degree": 1, "type": "endpoint", "betweenness": 0.0, "is_critical": false, "is_articulation": false}}, {"type": "Feature", "geometry": {"type": "Point", "coordinates": [75.808398, 26.916782]}, "properties": {"feature_type": "node", "node_id": 406, "degree": 1, "type": "endpoint", "betweenness": 0.0, "is_critical": false, "is_articulation": false}}, {"type": "Feature", "geometry": {"type": "Point", "coordinates": [75.799073, 26.916799]}, "properties": {"feature_type": "node", "node_id": 407, "degree": 3, "type": "intersection", "betweenness": 0.050252651452051746, "is_critical": false, "is_articulation": false}}, {"type": "Feature", "geometry": {"type": "Point", "coordinates": [75.795064, 26.916767]}, "properties": {"feature_type": "node", "node_id": 408, "degree": 4, "type": "intersection", "betweenness": 0.024889516026300573, "is_critical": false, "is_articulation": true}}, {"type": "Feature", "geometry": {"type": "Point", "coordinates": [75.800865, 26.91668]}, "properties": {"feature_type": "node", "node_id": 409, "degree": 4, "type": "intersection", "betweenness": 0.17691481056857192, "is_critical": true, "is_articulation": false}}, {"type": "Feature", "geometry": {"type": "Point", "coordinates": [75.794903, 26.91675]}, "properties": {"feature_type": "node", "node_id": 410, "degree": 1, "type": "endpoint", "betweenness": 0.0, "is_critical": false, "is_articulation": false}}, {"type": "Feature", "geometry": {"type": "Point", "coordinates": [75.804651, 26.916659]}, "properties": {"feature_type": "node", "node_id": 411, "degree": 3, "type": "intersection", "betweenness": 0.009968871773263695, "is_critical": false, "is_articulation": true}}, {"type": "Feature", "geometry": {"type": "Point", "coordinates": [75.806746, 26.916647]}, "properties": {"feature_type": "node", "node_id": 412, "degree": 3, "type": "intersection", "betweenness": 0.1398091803771317, "is_critical": true, "is_articulation": false}}, {"type": "Feature", "geometry": {"type": "Point", "coordinates": [75.809969, 26.916646]}, "properties": {"feature_type": "node", "node_id": 413, "degree": 3, "type": "intersection", "betweenness": 0.025621176339934607, "is_critical": false, "is_articulation": false}}, {"type": "Feature", "geometry": {"type": "Point", "coordinates": [75.804309, 26.916661]}, "properties": {"feature_type": "node", "node_id": 414, "degree": 1, "type": "endpoint", "betweenness": 0.0, "is_critical": false, "is_articulation": false}}, {"type": "Feature", "geometry": {"type": "Point", "coordinates": [75.806625, 26.916647]}, "properties": {"feature_type": "node", "node_id": 415, "degree": 3, "type": "intersection", "betweenness": 0.15515771526001704, "is_critical": true, "is_articulation": false}}, {"type": "Feature", "geometry": {"type": "Point", "coordinates": [75.812023, 26.916616]}, "properties": {"feature_type": "node", "node_id": 416, "degree": 3, "type": "intersection", "betweenness": 0.012902045709171557, "is_critical": false, "is_articulation": true}}, {"type": "Feature", "geometry": {"type": "Point", "coordinates": [75.809928, 26.916574]}, "properties": {"feature_type": "node", "node_id": 417, "degree": 4, "type": "intersection", "betweenness": 0.027100828670632002, "is_critical": false, "is_articulation": false}}, {"type": "Feature", "geometry": {"type": "Point", "coordinates": [75.807269, 26.916571]}, "properties": {"feature_type": "node", "node_id": 418, "degree": 4, "type": "intersection", "betweenness": 0.1279164339398928, "is_critical": true, "is_articulation": true}}, {"type": "Feature", "geometry": {"type": "Point", "coordinates": [75.800823, 26.916536]}, "properties": {"feature_type": "node", "node_id": 419, "degree": 4, "type": "intersection", "betweenness": 0.17634320094854533, "is_critical": true, "is_articulation": false}}, {"type": "Feature", "geometry": {"type": "Point", "coordinates": [75.808275, 26.916475]}, "properties": {"feature_type": "node", "node_id": 420, "degree": 3, "type": "intersection", "betweenness": 0.07105270893964782, "is_critical": false, "is_articulation": true}}, {"type": "Feature", "geometry": {"type": "Point", "coordinates": [75.808859, 26.916418]}, "properties": {"feature_type": "node", "node_id": 421, "degree": 3, "type": "intersection", "betweenness": 0.08100198266879631, "is_critical": false, "is_articulation": false}}, {"type": "Feature", "geometry": {"type": "Point", "coordinates": [75.800742, 26.916428]}, "properties": {"feature_type": "node", "node_id": 422, "degree": 3, "type": "intersection", "betweenness": 0.0, "is_critical": false, "is_articulation": false}}, {"type": "Feature", "geometry": {"type": "Point", "coordinates": [75.800802, 26.916373]}, "properties": {"feature_type": "node", "node_id": 423, "degree": 5, "type": "intersection", "betweenness": 0.17534696703935612, "is_critical": true, "is_articulation": false}}, {"type": "Feature", "geometry": {"type": "Point", "coordinates": [75.811336, 26.916386]}, "properties": {"feature_type": "node", "node_id": 424, "degree": 3, "type": "intersection", "betweenness": 0.014979438385382472, "is_critical": false, "is_articulation": false}}, {"type": "Feature", "geometry": {"type": "Point", "coordinates": [75.798969, 26.91642]}, "properties": {"feature_type": "node", "node_id": 425, "degree": 3, "type": "intersection", "betweenness": 0.045434798940399077, "is_critical": false, "is_articulation": false}}, {"type": "Feature", "geometry": {"type": "Point", "coordinates": [75.809282, 26.916343]}, "properties": {"feature_type": "node", "node_id": 426, "degree": 4, "type": "intersection", "betweenness": 0.10761286023654838, "is_critical": true, "is_articulation": false}}, {"type": "Feature", "geometry": {"type": "Point", "coordinates": [75.803803, 26.916356]}, "properties": {"feature_type": "node", "node_id": 427, "degree": 1, "type": "endpoint", "betweenness": 0.0, "is_critical": false, "is_articulation": false}}, {"type": "Feature", "geometry": {"type": "Point", "coordinates": [75.804226, 26.916318]}, "properties": {"feature_type": "node", "node_id": 429, "degree": 4, "type": "intersection", "betweenness": 0.0074962518740629685, "is_critical": false, "is_articulation": true}}, {"type": "Feature", "geometry": {"type": "Point", "coordinates": [75.809744, 26.916268]}, "properties": {"feature_type": "node", "node_id": 430, "degree": 4, "type": "intersection", "betweenness": 0.06679993336665001, "is_critical": false, "is_articulation": false}}, {"type": "Feature", "geometry": {"type": "Point", "coordinates": [75.79917, 26.916311]}, "properties": {"feature_type": "node", "node_id": 431, "degree": 3, "type": "intersection", "betweenness": 0.04780942861902382, "is_critical": false, "is_articulation": false}}, {"type": "Feature", "geometry": {"type": "Point", "coordinates": [75.809905, 26.916249]}, "properties": {"feature_type": "node", "node_id": 432, "degree": 4, "type": "intersection", "betweenness": 0.031993807018059595, "is_critical": false, "is_articulation": false}}, {"type": "Feature", "geometry": {"type": "Point", "coordinates": [75.798867, 26.916258]}, "properties": {"feature_type": "node", "node_id": 433, "degree": 3, "type": "intersection", "betweenness": 0.0406855395831496, "is_critical": false, "is_articulation": false}}, {"type": "Feature", "geometry": {"type": "Point", "coordinates": [75.81198, 26.916201]}, "properties": {"feature_type": "node", "node_id": 434, "degree": 1, "type": "endpoint", "betweenness": 0.0, "is_critical": false, "is_articulation": false}}, {"type": "Feature", "geometry": {"type": "Point", "coordinates": [75.80068, 26.91623]}, "properties": {"feature_type": "node", "node_id": 435, "degree": 3, "type": "intersection", "betweenness": 0.0, "is_critical": false, "is_articulation": false}}, {"type": "Feature", "geometry": {"type": "Point", "coordinates": [75.800761, 26.916229]}, "properties": {"feature_type": "node", "node_id": 436, "degree": 3, "type": "intersection", "betweenness": 0.17353414795870037, "is_critical": true, "is_articulation": false}}, {"type": "Feature", "geometry": {"type": "Point", "coordinates": [75.814174, 26.916116]}, "properties": {"feature_type": "node", "node_id": 437, "degree": 3, "type": "intersection", "betweenness": 0.002502016965373522, "is_critical": false, "is_articulation": true}}, {"type": "Feature", "geometry": {"type": "Point", "coordinates": [75.815061, 26.916129]}, "properties": {"feature_type": "node", "node_id": 438, "degree": 1, "type": "endpoint", "betweenness": 0.0, "is_critical": false, "is_articulation": false}}, {"type": "Feature", "geometry": {"type": "Point", "coordinates": [75.798726, 26.916132]}, "properties": {"feature_type": "node", "node_id": 439, "degree": 4, "type": "intersection", "betweenness": 0.08137434550698507, "is_critical": false, "is_articulation": false}}, {"type": "Feature", "geometry": {"type": "Point", "coordinates": [75.798907, 26.916186]}, "properties": {"feature_type": "node", "node_id": 440, "degree": 3, "type": "intersection", "betweenness": 0.04146946134775749, "is_critical": false, "is_articulation": false}}, {"type": "Feature", "geometry": {"type": "Point", "coordinates": [75.81357, 26.916084]}, "properties": {"feature_type": "node", "node_id": 441, "degree": 3, "type": "intersection", "betweenness": 0.009021632974362492, "is_critical": false, "is_articulation": false}}, {"type": "Feature", "geometry": {"type": "Point", "coordinates": [75.8007, 26.916139]}, "properties": {"feature_type": "node", "node_id": 442, "degree": 4, "type": "intersection", "betweenness": 0.17422007950273227, "is_critical": true, "is_articulation": false}}, {"type": "Feature", "geometry": {"type": "Point", "coordinates": [75.797578, 26.916139]}, "properties": {"feature_type": "node", "node_id": 443, "degree": 3, "type": "intersection", "betweenness": 0.009632438682619473, "is_critical": false, "is_articulation": true}}, {"type": "Feature", "geometry": {"type": "Point", "coordinates": [75.798564, 26.916061]}, "properties": {"feature_type": "node", "node_id": 444, "degree": 3, "type": "intersection", "betweenness": 0.08100524900948218, "is_critical": false, "is_articulation": false}}, {"type": "Feature", "geometry": {"type": "Point", "coordinates": [75.804183, 26.916047]}, "properties": {"feature_type": "node", "node_id": 445, "degree": 1, "type": "endpoint", "betweenness": 0.0, "is_critical": false, "is_articulation": false}}, {"type": "Feature", "geometry": {"type": "Point", "coordinates": [75.800658, 26.916013]}, "properties": {"feature_type": "node", "node_id": 446, "degree": 4, "type": "intersection", "betweenness": 0.17385751568660113, "is_critical": true, "is_articulation": false}}, {"type": "Feature", "geometry": {"type": "Point", "coordinates": [75.810427, 26.915957]}, "properties": {"feature_type": "node", "node_id": 447, "degree": 1, "type": "endpoint", "betweenness": 0.0, "is_critical": false, "is_articulation": false}}, {"type": "Feature", "geometry": {"type": "Point", "coordinates": [75.798301, 26.915918]}, "properties": {"feature_type": "node", "node_id": 448, "degree": 3, "type": "intersection", "betweenness": 0.09405101370883186, "is_critical": false, "is_articulation": false}}, {"type": "Feature", "geometry": {"type": "Point", "coordinates": [75.800577, 26.915905]}, "properties": {"feature_type": "node", "node_id": 449, "degree": 3, "type": "intersection", "betweenness": 0.0, "is_critical": false, "is_articulation": false}}, {"type": "Feature", "geometry": {"type": "Point", "coordinates": [75.800658, 26.915905]}, "properties": {"feature_type": "node", "node_id": 450, "degree": 3, "type": "intersection", "betweenness": 0.17211328976034856, "is_critical": true, "is_articulation": false}}, {"type": "Feature", "geometry": {"type": "Point", "coordinates": [75.809761, 26.915835]}, "properties": {"feature_type": "node", "node_id": 451, "degree": 3, "type": "intersection", "betweenness": 0.01520481589270724, "is_critical": false, "is_articulation": false}}, {"type": "Feature", "geometry": {"type": "Point", "coordinates": [75.798361, 26.915864]}, "properties": {"feature_type": "node", "node_id": 452, "degree": 3, "type": "intersection", "betweenness": 0.05392401838296538, "is_critical": false, "is_articulation": false}}, {"type": "Feature", "geometry": {"type": "Point", "coordinates": [75.797978, 26.915848]}, "properties": {"feature_type": "node", "node_id": 453, "degree": 3, "type": "intersection", "betweenness": 0.05172577110137741, "is_critical": false, "is_articulation": false}}, {"type": "Feature", "geometry": {"type": "Point", "coordinates": [75.800597, 26.915815]}, "properties": {"feature_type": "node", "node_id": 454, "degree": 4, "type": "intersection", "betweenness": 0.17288741250289888, "is_critical": true, "is_articulation": false}}, {"type": "Feature", "geometry": {"type": "Point", "coordinates": [75.810627, 26.915758]}, "properties": {"feature_type": "node", "node_id": 455, "degree": 3, "type": "intersection", "betweenness": 0.005249009482187011, "is_critical": false, "is_articulation": true}}, {"type": "Feature", "geometry": {"type": "Point", "coordinates": [75.798885, 26.915825]}, "properties": {"feature_type": "node", "node_id": 456, "degree": 3, "type": "intersection", "betweenness": 0.013855817189444493, "is_critical": false, "is_articulation": false}}, {"type": "Feature", "geometry": {"type": "Point", "coordinates": [75.797736, 26.915759]}, "properties": {"feature_type": "node", "node_id": 457, "degree": 3, "type": "intersection", "betweenness": 0.052793864505655666, "is_critical": false, "is_articulation": false}}, {"type": "Feature", "geometry": {"type": "Point", "coordinates": [75.799408, 26.915749]}, "properties": {"feature_type": "node", "node_id": 458, "degree": 3, "type": "intersection", "betweenness": 0.02108422912726643, "is_critical": false, "is_articulation": false}}, {"type": "Feature", "geometry": {"type": "Point", "coordinates": [75.800515, 26.915707]}, "properties": {"feature_type": "node", "node_id": 459, "degree": 3, "type": "intersection", "betweenness": 0.09302864907415573, "is_critical": false, "is_articulation": false}}, {"type": "Feature", "geometry": {"type": "Point", "coordinates": [75.79981, 26.915711]}, "properties": {"feature_type": "node", "node_id": 460, "degree": 3, "type": "intersection", "betweenness": 0.025872684572746305, "is_critical": false, "is_articulation": false}}, {"type": "Feature", "geometry": {"type": "Point", "coordinates": [75.800596, 26.915707]}, "properties": {"feature_type": "node", "node_id": 461, "degree": 3, "type": "intersection", "betweenness": 0.07852609642890972, "is_critical": false, "is_articulation": false}}, {"type": "Feature", "geometry": {"type": "Point", "coordinates": [75.800092, 26.915673]}, "properties": {"feature_type": "node", "node_id": 462, "degree": 3, "type": "intersection", "betweenness": 0.027260879364239446, "is_critical": false, "is_articulation": false}}, {"type": "Feature", "geometry": {"type": "Point", "coordinates": [75.797634, 26.915615]}, "properties": {"feature_type": "node", "node_id": 463, "degree": 3, "type": "intersection", "betweenness": 0.04276946494073225, "is_critical": false, "is_articulation": false}}, {"type": "Feature", "geometry": {"type": "Point", "coordinates": [75.800495, 26.915635]}, "properties": {"feature_type": "node", "node_id": 464, "degree": 4, "type": "intersection", "betweenness": 0.10868748632219837, "is_critical": true, "is_articulation": false}}, {"type": "Feature", "geometry": {"type": "Point", "coordinates": [75.800595, 26.915616]}, "properties": {"feature_type": "node", "node_id": 465, "degree": 4, "type": "intersection", "betweenness": 0.09624926099041982, "is_critical": false, "is_articulation": false}}, {"type": "Feature", "geometry": {"type": "Point", "coordinates": [75.798359, 26.915611]}, "properties": {"feature_type": "node", "node_id": 466, "degree": 3, "type": "intersection", "betweenness": 0.03931367649508579, "is_critical": false, "is_articulation": false}}, {"type": "Feature", "geometry": {"type": "Point", "coordinates": [75.81123, 26.915538]}, "properties": {"feature_type": "node", "node_id": 467, "degree": 4, "type": "intersection", "betweenness": 0.002335433590394345, "is_critical": false, "is_articulation": false}}, {"type": "Feature", "geometry": {"type": "Point", "coordinates": [75.810504, 26.915542]}, "properties": {"feature_type": "node", "node_id": 468, "degree": 3, "type": "intersection", "betweenness": 0.012931442775344353, "is_critical": false, "is_articulation": false}}, {"type": "Feature", "geometry": {"type": "Point", "coordinates": [75.798862, 26.915536]}, "properties": {"feature_type": "node", "node_id": 469, "degree": 3, "type": "intersection", "betweenness": 0.003263074345180351, "is_critical": false, "is_articulation": false}}, {"type": "Feature", "geometry": {"type": "Point", "coordinates": [75.795761, 26.915535]}, "properties": {"feature_type": "node", "node_id": 470, "degree": 3, "type": "intersection", "betweenness": 0.00011432192400531759, "is_critical": false, "is_articulation": false}}, {"type": "Feature", "geometry": {"type": "Point", "coordinates": [75.800534, 26.91549]}, "properties": {"feature_type": "node", "node_id": 471, "degree": 3, "type": "intersection", "betweenness": 0.08995828882944149, "is_critical": false, "is_articulation": false}}, {"type": "Feature", "geometry": {"type": "Point", "coordinates": [75.799003, 26.915499]}, "properties": {"feature_type": "node", "node_id": 472, "degree": 3, "type": "intersection", "betweenness": 0.0044128262666052595, "is_critical": false, "is_articulation": false}}, {"type": "Feature", "geometry": {"type": "Point", "coordinates": [75.800473, 26.915491]}, "properties": {"feature_type": "node", "node_id": 473, "degree": 3, "type": "intersection", "betweenness": 0.10013947274728648, "is_critical": false, "is_articulation": false}}, {"type": "Feature", "geometry": {"type": "Point", "coordinates": [75.801058, 26.915487]}, "properties": {"feature_type": "node", "node_id": 474, "degree": 3, "type": "intersection", "betweenness": 0.026062132332526546, "is_critical": false, "is_articulation": false}}, {"type": "Feature", "geometry": {"type": "Point", "coordinates": [75.809537, 26.915421]}, "properties": {"feature_type": "node", "node_id": 475, "degree": 3, "type": "intersection", "betweenness": 0.0021002570610119775, "is_critical": false, "is_articulation": false}}, {"type": "Feature", "geometry": {"type": "Point", "coordinates": [75.804381, 26.91545]}, "properties": {"feature_type": "node", "node_id": 476, "degree": 1, "type": "endpoint", "betweenness": 0.0, "is_critical": false, "is_articulation": false}}, {"type": "Feature", "geometry": {"type": "Point", "coordinates": [75.799305, 26.915461]}, "properties": {"feature_type": "node", "node_id": 477, "degree": 3, "type": "intersection", "betweenness": 0.006310570205093531, "is_critical": false, "is_articulation": false}}, {"type": "Feature", "geometry": {"type": "Point", "coordinates": [75.805045, 26.915356]}, "properties": {"feature_type": "node", "node_id": 478, "degree": 3, "type": "intersection", "betweenness": 0.002502016965373522, "is_critical": false, "is_articulation": true}}, {"type": "Feature", "geometry": {"type": "Point", "coordinates": [75.800331, 26.915329]}, "properties": {"feature_type": "node", "node_id": 479, "degree": 3, "type": "intersection", "betweenness": 0.0905266321087822, "is_critical": false, "is_articulation": false}}, {"type": "Feature", "geometry": {"type": "Point", "coordinates": [75.795115, 26.91534]}, "properties": {"feature_type": "node", "node_id": 480, "degree": 3, "type": "intersection", "betweenness": 0.025085496467452548, "is_critical": false, "is_articulation": false}}, {"type": "Feature", "geometry": {"type": "Point", "coordinates": [75.798961, 26.915282]}, "properties": {"feature_type": "node", "node_id": 481, "degree": 3, "type": "intersection", "betweenness": 0.003161817783918498, "is_critical": false, "is_articulation": false}}, {"type": "Feature", "geometry": {"type": "Point", "coordinates": [75.805326, 26.915264]}, "properties": {"feature_type": "node", "node_id": 482, "degree": 3, "type": "intersection", "betweenness": 0.004997501249375312, "is_critical": false, "is_articulation": true}}, {"type": "Feature", "geometry": {"type": "Point", "coordinates": [75.800975, 26.915253]}, "properties": {"feature_type": "node", "node_id": 483, "degree": 3, "type": "intersection", "betweenness": 0.07913036945579498, "is_critical": false, "is_articulation": false}}, {"type": "Feature", "geometry": {"type": "Point", "coordinates": [75.799263, 26.915245]}, "properties": {"feature_type": "node", "node_id": 484, "degree": 3, "type": "intersection", "betweenness": 0.005046496359663305, "is_critical": false, "is_articulation": false}}, {"type": "Feature", "geometry": {"type": "Point", "coordinates": [75.798276, 26.915214]}, "properties": {"feature_type": "node", "node_id": 485, "degree": 3, "type": "intersection", "betweenness": 0.03524381600049648, "is_critical": false, "is_articulation": false}}, {"type": "Feature", "geometry": {"type": "Point", "coordinates": [75.799666, 26.915206]}, "properties": {"feature_type": "node", "node_id": 486, "degree": 3, "type": "intersection", "betweenness": 0.005144486580239292, "is_critical": false, "is_articulation": false}}, {"type": "Feature", "geometry": {"type": "Point", "coordinates": [75.810321, 26.915164]}, "properties": {"feature_type": "node", "node_id": 487, "degree": 3, "type": "intersection", "betweenness": 0.006833184714832126, "is_critical": false, "is_articulation": false}}, {"type": "Feature", "geometry": {"type": "Point", "coordinates": [75.797772, 26.915199]}, "properties": {"feature_type": "node", "node_id": 488, "degree": 1, "type": "endpoint", "betweenness": 0.0, "is_critical": false, "is_articulation": false}}, {"type": "Feature", "geometry": {"type": "Point", "coordinates": [75.79612, 26.915154]}, "properties": {"feature_type": "node", "node_id": 489, "degree": 3, "type": "intersection", "betweenness": 0.05154612236365477, "is_critical": false, "is_articulation": false}}, {"type": "Feature", "geometry": {"type": "Point", "coordinates": [75.809252, 26.915043]}, "properties": {"feature_type": "node", "node_id": 490, "degree": 6, "type": "intersection", "betweenness": 0.034342305971197404, "is_critical": false, "is_articulation": true}}, {"type": "Feature", "geometry": {"type": "Point", "coordinates": [75.795878, 26.915083]}, "properties": {"feature_type": "node", "node_id": 491, "degree": 3, "type": "intersection", "betweenness": 0.0459933431976822, "is_critical": false, "is_articulation": false}}, {"type": "Feature", "geometry": {"type": "Point", "coordinates": [75.798799, 26.915067]}, "properties": {"feature_type": "node", "node_id": 492, "degree": 3, "type": "intersection", "betweenness": 0.0060590619722818324, "is_critical": false, "is_articulation": false}}, {"type": "Feature", "geometry": {"type": "Point", "coordinates": [75.803209, 26.915006]}, "properties": {"feature_type": "node", "node_id": 493, "degree": 3, "type": "intersection", "betweenness": 0.02577142801148445, "is_critical": false, "is_articulation": false}}, {"type": "Feature", "geometry": {"type": "Point", "coordinates": [75.796844, 26.915006]}, "properties": {"feature_type": "node", "node_id": 494, "degree": 1, "type": "endpoint", "betweenness": 0.0, "is_critical": false, "is_articulation": false}}, {"type": "Feature", "geometry": {"type": "Point", "coordinates": [75.80915, 26.914863]}, "properties": {"feature_type": "node", "node_id": 495, "degree": 6, "type": "intersection", "betweenness": 0.033715168559511094, "is_critical": false, "is_articulation": true}}, {"type": "Feature", "geometry": {"type": "Point", "coordinates": [75.798798, 26.91494]}, "properties": {"feature_type": "node", "node_id": 496, "degree": 3, "type": "intersection", "betweenness": 0.005552779165972569, "is_critical": false, "is_articulation": false}}, {"type": "Feature", "geometry": {"type": "Point", "coordinates": [75.800006, 26.914952]}, "properties": {"feature_type": "node", "node_id": 497, "degree": 3, "type": "intersection", "betweenness": 0.09098065346411761, "is_critical": false, "is_articulation": false}}, {"type": "Feature", "geometry": {"type": "Point", "coordinates": [75.812897, 26.914878]}, "properties": {"feature_type": "node", "node_id": 498, "degree": 3, "type": "intersection", "betweenness": 0.010174651236473266, "is_critical": false, "is_articulation": false}}, {"type": "Feature", "geometry": {"type": "Point", "coordinates": [75.795293, 26.914942]}, "properties": {"feature_type": "node", "node_id": 499, "degree": 3, "type": "intersection", "betweenness": 0.026953843339768024, "is_critical": false, "is_articulation": false}}, {"type": "Feature", "geometry": {"type": "Point", "coordinates": [75.799139, 26.91483]}, "properties": {"feature_type": "node", "node_id": 500, "degree": 3, "type": "intersection", "betweenness": 0.00903143199642009, "is_critical": false, "is_articulation": false}}, {"type": "Feature", "geometry": {"type": "Point", "coordinates": [75.809028, 26.914702]}, "properties": {"feature_type": "node", "node_id": 501, "degree": 3, "type": "intersection", "betweenness": 0.02943299592034048, "is_critical": false, "is_articulation": false}}, {"type": "Feature", "geometry": {"type": "Point", "coordinates": [75.798071, 26.914728]}, "properties": {"feature_type": "node", "node_id": 502, "degree": 3, "type": "intersection", "betweenness": 0.030765662920173898, "is_critical": false, "is_articulation": false}}, {"type": "Feature", "geometry": {"type": "Point", "coordinates": [75.798716, 26.914724]}, "properties": {"feature_type": "node", "node_id": 503, "degree": 3, "type": "intersection", "betweenness": 0.0031650841246043645, "is_critical": false, "is_articulation": false}}, {"type": "Feature", "geometry": {"type": "Point", "coordinates": [75.809109, 26.914683]}, "properties": {"feature_type": "node", "node_id": 504, "degree": 3, "type": "intersection", "betweenness": 0.0020055331811218574, "is_critical": false, "is_articulation": false}}, {"type": "Feature", "geometry": {"type": "Point", "coordinates": [75.799722, 26.914664]}, "properties": {"feature_type": "node", "node_id": 505, "degree": 3, "type": "intersection", "betweenness": 0.08845250577325715, "is_critical": false, "is_articulation": false}}, {"type": "Feature", "geometry": {"type": "Point", "coordinates": [75.805785, 26.914612]}, "properties": {"feature_type": "node", "node_id": 506, "degree": 3, "type": "intersection", "betweenness": 0.05612226566455334, "is_critical": false, "is_articulation": false}}, {"type": "Feature", "geometry": {"type": "Point", "coordinates": [75.80512, 26.914597]}, "properties": {"feature_type": "node", "node_id": 507, "degree": 3, "type": "intersection", "betweenness": 0.029622443680120722, "is_critical": false, "is_articulation": true}}, {"type": "Feature", "geometry": {"type": "Point", "coordinates": [75.799057, 26.914632]}, "properties": {"feature_type": "node", "node_id": 508, "degree": 3, "type": "intersection", "betweenness": 0.006728661812884407, "is_critical": false, "is_articulation": false}}, {"type": "Feature", "geometry": {"type": "Point", "coordinates": [75.808946, 26.914539]}, "properties": {"feature_type": "node", "node_id": 509, "degree": 3, "type": "intersection", "betweenness": 0.029955610430079077, "is_critical": false, "is_articulation": false}}, {"type": "Feature", "geometry": {"type": "Point", "coordinates": [75.798594, 26.914598]}, "properties": {"feature_type": "node", "node_id": 510, "degree": 3, "type": "intersection", "betweenness": 0.0015482454851005868, "is_critical": false, "is_articulation": false}}, {"type": "Feature", "geometry": {"type": "Point", "coordinates": [75.809027, 26.914521]}, "properties": {"feature_type": "node", "node_id": 511, "degree": 3, "type": "intersection", "betweenness": 0.0010550280415347882, "is_critical": false, "is_articulation": false}}, {"type": "Feature", "geometry": {"type": "Point", "coordinates": [75.796156, 26.91454]}, "properties": {"feature_type": "node", "node_id": 512, "degree": 3, "type": "intersection", "betweenness": 0.033375469128181005, "is_critical": false, "is_articulation": false}}, {"type": "Feature", "geometry": {"type": "Point", "coordinates": [75.805502, 26.914505]}, "properties": {"feature_type": "node", "node_id": 513, "degree": 3, "type": "intersection", "betweenness": 0.056608950426747406, "is_critical": false, "is_articulation": false}}, {"type": "Feature", "geometry": {"type": "Point", "coordinates": [75.796599, 26.914447]}, "properties": {"feature_type": "node", "node_id": 515, "degree": 3, "type": "intersection", "betweenness": 0.031232749638252767, "is_critical": false, "is_articulation": true}}, {"type": "Feature", "geometry": {"type": "Point", "coordinates": [75.805924, 26.914376]}, "properties": {"feature_type": "node", "node_id": 517, "degree": 3, "type": "intersection", "betweenness": 0.05081119570933487, "is_critical": false, "is_articulation": false}}, {"type": "Feature", "geometry": {"type": "Point", "coordinates": [75.798754, 26.914399]}, "properties": {"feature_type": "node", "node_id": 518, "degree": 3, "type": "intersection", "betweenness": 0.0008067861494089556, "is_critical": false, "is_articulation": false}}, {"type": "Feature", "geometry": {"type": "Point", "coordinates": [75.802037, 26.914362]}, "properties": {"feature_type": "node", "node_id": 519, "degree": 3, "type": "intersection", "betweenness": 0.07912057043373738, "is_critical": false, "is_articulation": false}}, {"type": "Feature", "geometry": {"type": "Point", "coordinates": [75.798975, 26.914362]}, "properties": {"feature_type": "node", "node_id": 520, "degree": 3, "type": "intersection", "betweenness": 0.006584942822706294, "is_critical": false, "is_articulation": false}}, {"type": "Feature", "geometry": {"type": "Point", "coordinates": [75.805501, 26.914324]}, "properties": {"feature_type": "node", "node_id": 521, "degree": 3, "type": "intersection", "betweenness": 0.05858835288238234, "is_critical": false, "is_articulation": false}}, {"type": "Feature", "geometry": {"type": "Point", "coordinates": [75.795611, 26.914326]}, "properties": {"feature_type": "node", "node_id": 522, "degree": 3, "type": "intersection", "betweenness": 0.016815121850839287, "is_critical": false, "is_articulation": true}}, {"type": "Feature", "geometry": {"type": "Point", "coordinates": [75.7969, 26.914319]}, "properties": {"feature_type": "node", "node_id": 523, "degree": 3, "type": "intersection", "betweenness": 0.039169957504907676, "is_critical": false, "is_articulation": false}}, {"type": "Feature", "geometry": {"type": "Point", "coordinates": [75.797101, 26.914282]}, "properties": {"feature_type": "node", "node_id": 524, "degree": 3, "type": "intersection", "betweenness": 0.032780995123353356, "is_critical": false, "is_articulation": false}}, {"type": "Feature", "geometry": {"type": "Point", "coordinates": [75.807031, 26.914207]}, "properties": {"feature_type": "node", "node_id": 525, "degree": 4, "type": "intersection", "betweenness": 0.11663122687022501, "is_critical": true, "is_articulation": false}}, {"type": "Feature", "geometry": {"type": "Point", "coordinates": [75.806789, 26.914209]}, "properties": {"feature_type": "node", "node_id": 526, "degree": 3, "type": "intersection", "betweenness": 0.062292383220154623, "is_critical": false, "is_articulation": false}}, {"type": "Feature", "geometry": {"type": "Point", "coordinates": [75.795107, 26.914203]}, "properties": {"feature_type": "node", "node_id": 527, "degree": 3, "type": "intersection", "betweenness": 0.002502016965373522, "is_critical": false, "is_articulation": true}}, {"type": "Feature", "geometry": {"type": "Point", "coordinates": [75.797181, 26.914191]}, "properties": {"feature_type": "node", "node_id": 528, "degree": 3, "type": "intersection", "betweenness": 0.023155089122105614, "is_critical": false, "is_articulation": false}}, {"type": "Feature", "geometry": {"type": "Point", "coordinates": [75.797342, 26.91419]}, "properties": {"feature_type": "node", "node_id": 529, "degree": 3, "type": "intersection", "betweenness": 0.019042766198600045, "is_critical": false, "is_articulation": true}}, {"type": "Feature", "geometry": {"type": "Point", "coordinates": [75.799256, 26.914197]}, "properties": {"feature_type": "node", "node_id": 530, "degree": 3, "type": "intersection", "betweenness": 0.08618239899658013, "is_critical": false, "is_articulation": false}}, {"type": "Feature", "geometry": {"type": "Point", "coordinates": [75.807231, 26.914116]}, "properties": {"feature_type": "node", "node_id": 531, "degree": 3, "type": "intersection", "betweenness": 0.08097585194330939, "is_critical": false, "is_articulation": false}}, {"type": "Feature", "geometry": {"type": "Point", "coordinates": [75.794925, 26.914114]}, "properties": {"feature_type": "node", "node_id": 532, "degree": 1, "type": "endpoint", "betweenness": 0.0, "is_critical": false, "is_articulation": false}}, {"type": "Feature", "geometry": {"type": "Point", "coordinates": [75.797744, 26.914025]}, "properties": {"feature_type": "node", "node_id": 533, "degree": 4, "type": "intersection", "betweenness": 0.04778983057490862, "is_critical": false, "is_articulation": false}}, {"type": "Feature", "geometry": {"type": "Point", "coordinates": [75.802598, 26.914016]}, "properties": {"feature_type": "node", "node_id": 534, "degree": 3, "type": "intersection", "betweenness": 0.07547860056899654, "is_critical": false, "is_articulation": false}}, {"type": "Feature", "geometry": {"type": "Point", "coordinates": [75.796092, 26.913999]}, "properties": {"feature_type": "node", "node_id": 535, "degree": 3, "type": "intersection", "betweenness": 0.0034557884456464577, "is_critical": false, "is_articulation": false}}, {"type": "Feature", "geometry": {"type": "Point", "coordinates": [75.796837, 26.91394]}, "properties": {"feature_type": "node", "node_id": 536, "degree": 3, "type": "intersection", "betweenness": 0.02150885341642904, "is_critical": false, "is_articulation": false}}, {"type": "Feature", "geometry": {"type": "Point", "coordinates": [75.795568, 26.913947]}, "properties": {"feature_type": "node", "node_id": 537, "degree": 3, "type": "intersection", "betweenness": 0.009968871773263695, "is_critical": false, "is_articulation": true}}, {"type": "Feature", "geometry": {"type": "Point", "coordinates": [75.808619, 26.913855]}, "properties": {"feature_type": "node", "node_id": 538, "degree": 4, "type": "intersection", "betweenness": 0.07544920350282375, "is_critical": false, "is_articulation": false}}, {"type": "Feature", "geometry": {"type": "Point", "coordinates": [75.800583, 26.913901]}, "properties": {"feature_type": "node", "node_id": 539, "degree": 1, "type": "endpoint", "betweenness": 0.0, "is_critical": false, "is_articulation": false}}, {"type": "Feature", "geometry": {"type": "Point", "coordinates": [75.802657, 26.913871]}, "properties": {"feature_type": "node", "node_id": 540, "degree": 3, "type": "intersection", "betweenness": 0.09088592958422749, "is_critical": false, "is_articulation": false}}, {"type": "Feature", "geometry": {"type": "Point", "coordinates": [75.80874, 26.913836]}, "properties": {"feature_type": "node", "node_id": 541, "degree": 4, "type": "intersection", "betweenness": 0.03136013692500155, "is_critical": false, "is_articulation": false}}, {"type": "Feature", "geometry": {"type": "Point", "coordinates": [75.794923, 26.913915]}, "properties": {"feature_type": "node", "node_id": 542, "degree": 1, "type": "endpoint", "betweenness": 0.0, "is_critical": false, "is_articulation": false}}, {"type": "Feature", "geometry": {"type": "Point", "coordinates": [75.798246, 26.913878]}, "properties": {"feature_type": "node", "node_id": 543, "degree": 3, "type": "intersection", "betweenness": 0.023498054894121566, "is_critical": false, "is_articulation": false}}, {"type": "Feature", "geometry": {"type": "Point", "coordinates": [75.795003, 26.913806]}, "properties": {"feature_type": "node", "node_id": 544, "degree": 3, "type": "intersection", "betweenness": 0.002502016965373522, "is_critical": false, "is_articulation": true}}, {"type": "Feature", "geometry": {"type": "Point", "coordinates": [75.809625, 26.913669]}, "properties": {"feature_type": "node", "node_id": 545, "degree": 3, "type": "intersection", "betweenness": 0.033117428213997574, "is_critical": false, "is_articulation": false}}, {"type": "Feature", "geometry": {"type": "Point", "coordinates": [75.798708, 26.913677]}, "properties": {"feature_type": "node", "node_id": 546, "degree": 3, "type": "intersection", "betweenness": 0.10468948532269812, "is_critical": true, "is_articulation": false}}, {"type": "Feature", "geometry": {"type": "Point", "coordinates": [75.810269, 26.913539]}, "properties": {"feature_type": "node", "node_id": 547, "degree": 3, "type": "intersection", "betweenness": 0.027861886050438833, "is_critical": false, "is_articulation": false}}, {"type": "Feature", "geometry": {"type": "Point", "coordinates": [75.795526, 26.913623]}, "properties": {"feature_type": "node", "node_id": 548, "degree": 3, "type": "intersection", "betweenness": 0.002502016965373522, "is_critical": false, "is_articulation": true}}, {"type": "Feature", "geometry": {"type": "Point", "coordinates": [75.798687, 26.913569]}, "properties": {"feature_type": "node", "node_id": 549, "degree": 3, "type": "intersection", "betweenness": 0.10588496601372516, "is_critical": true, "is_articulation": false}}, {"type": "Feature", "geometry": {"type": "Point", "coordinates": [75.801205, 26.9135]}, "properties": {"feature_type": "node", "node_id": 550, "degree": 3, "type": "intersection", "betweenness": 0.016798790147409953, "is_critical": false, "is_articulation": false}}, {"type": "Feature", "geometry": {"type": "Point", "coordinates": [75.803219, 26.913471]}, "properties": {"feature_type": "node", "node_id": 551, "degree": 3, "type": "intersection", "betweenness": 0.0887954715452731, "is_critical": false, "is_articulation": false}}, {"type": "Feature", "geometry": {"type": "Point", "coordinates": [75.803662, 26.91345]}, "properties": {"feature_type": "node", "node_id": 552, "degree": 3, "type": "intersection", "betweenness": 0.058072271054015474, "is_critical": false, "is_articulation": false}}, {"type": "Feature", "geometry": {"type": "Point", "coordinates": [75.796028, 26.913439]}, "properties": {"feature_type": "node", "node_id": 553, "degree": 3, "type": "intersection", "betweenness": 0.0033937279726149994, "is_critical": false, "is_articulation": true}}, {"type": "Feature", "geometry": {"type": "Point", "coordinates": [75.79637, 26.913401]}, "properties": {"feature_type": "node", "node_id": 554, "degree": 3, "type": "intersection", "betweenness": 0.004915842732228656, "is_critical": false, "is_articulation": true}}, {"type": "Feature", "geometry": {"type": "Point", "coordinates": [75.796773, 26.913381]}, "properties": {"feature_type": "node", "node_id": 555, "degree": 3, "type": "intersection", "betweenness": 0.024308107384216387, "is_critical": false, "is_articulation": false}}, {"type": "Feature", "geometry": {"type": "Point", "coordinates": [75.806037, 26.913328]}, "properties": {"feature_type": "node", "node_id": 556, "degree": 1, "type": "endpoint", "betweenness": 0.0, "is_critical": false, "is_articulation": false}}, {"type": "Feature", "geometry": {"type": "Point", "coordinates": [75.811999, 26.913276]}, "properties": {"feature_type": "node", "node_id": 557, "degree": 3, "type": "intersection", "betweenness": 0.010867115461876905, "is_critical": false, "is_articulation": false}}, {"type": "Feature", "geometry": {"type": "Point", "coordinates": [75.79492, 26.913373]}, "properties": {"feature_type": "node", "node_id": 558, "degree": 1, "type": "endpoint", "betweenness": 0.0, "is_critical": false, "is_articulation": false}}, {"type": "Feature", "geometry": {"type": "Point", "coordinates": [75.796994, 26.913325]}, "properties": {"feature_type": "node", "node_id": 559, "degree": 3, "type": "intersection", "betweenness": 0.025768161670798585, "is_critical": false, "is_articulation": false}}, {"type": "Feature", "geometry": {"type": "Point", "coordinates": [75.811857, 26.913205]}, "properties": {"feature_type": "node", "node_id": 560, "degree": 4, "type": "intersection", "betweenness": 0.025425195898782633, "is_critical": false, "is_articulation": false}}, {"type": "Feature", "geometry": {"type": "Point", "coordinates": [75.801505, 26.913228]}, "properties": {"feature_type": "node", "node_id": 561, "degree": 3, "type": "intersection", "betweenness": 0.015342002201513622, "is_critical": false, "is_articulation": true}}, {"type": "Feature", "geometry": {"type": "Point", "coordinates": [75.811978, 26.913168]}, "properties": {"feature_type": "node", "node_id": 562, "degree": 4, "type": "intersection", "betweenness": 0.01190581179998236, "is_critical": false, "is_articulation": true}}, {"type": "Feature", "geometry": {"type": "Point", "coordinates": [75.797375, 26.913179]}, "properties": {"feature_type": "node", "node_id": 563, "degree": 3, "type": "intersection", "betweenness": 0.04970390621682622, "is_critical": false, "is_articulation": false}}, {"type": "Feature", "geometry": {"type": "Point", "coordinates": [75.811816, 26.913078]}, "properties": {"feature_type": "node", "node_id": 564, "degree": 3, "type": "intersection", "betweenness": 0.016165120054351906, "is_critical": false, "is_articulation": false}}, {"type": "Feature", "geometry": {"type": "Point", "coordinates": [75.803236, 26.91311]}, "properties": {"feature_type": "node", "node_id": 565, "degree": 3, "type": "intersection", "betweenness": 0.10499978768785541, "is_critical": true, "is_articulation": false}}, {"type": "Feature", "geometry": {"type": "Point", "coordinates": [75.799409, 26.913113]}, "properties": {"feature_type": "node", "node_id": 566, "degree": 3, "type": "intersection", "betweenness": 0.038840057095635185, "is_critical": false, "is_articulation": false}}, {"type": "Feature", "geometry": {"type": "Point", "coordinates": [75.805411, 26.913079]}, "properties": {"feature_type": "node", "node_id": 567, "degree": 3, "type": "intersection", "betweenness": 0.010204048302646061, "is_critical": false, "is_articulation": false}}, {"type": "Feature", "geometry": {"type": "Point", "coordinates": [75.811897, 26.91306]}, "properties": {"feature_type": "node", "node_id": 568, "degree": 3, "type": "intersection", "betweenness": 0.009671634770849868, "is_critical": false, "is_articulation": false}}, {"type": "Feature", "geometry": {"type": "Point", "coordinates": [75.803558, 26.91309]}, "properties": {"feature_type": "node", "node_id": 569, "degree": 3, "type": "intersection", "betweenness": 0.10495405891825328, "is_critical": true, "is_articulation": false}}, {"type": "Feature", "geometry": {"type": "Point", "coordinates": [75.801886, 26.913081]}, "properties": {"feature_type": "node", "node_id": 570, "degree": 3, "type": "intersection", "betweenness": 0.016380698539619078, "is_critical": false, "is_articulation": true}}, {"type": "Feature", "geometry": {"type": "Point", "coordinates": [75.811816, 26.912988]}, "properties": {"feature_type": "node", "node_id": 571, "degree": 3, "type": "intersection", "betweenness": 0.02189754795804712, "is_critical": false, "is_articulation": false}}, {"type": "Feature", "geometry": {"type": "Point", "coordinates": [75.801302, 26.913012]}, "properties": {"feature_type": "node", "node_id": 572, "degree": 1, "type": "endpoint", "betweenness": 0.0, "is_critical": false, "is_articulation": false}}, {"type": "Feature", "geometry": {"type": "Point", "coordinates": [75.799751, 26.912985]}, "properties": {"feature_type": "node", "node_id": 573, "degree": 3, "type": "intersection", "betweenness": 0.03677572978216774, "is_critical": false, "is_articulation": true}}, {"type": "Feature", "geometry": {"type": "Point", "coordinates": [75.797797, 26.91296]}, "properties": {"feature_type": "node", "node_id": 574, "degree": 3, "type": "intersection", "betweenness": 0.11634378888986878, "is_critical": true, "is_articulation": false}}, {"type": "Feature", "geometry": {"type": "Point", "coordinates": [75.795964, 26.912898]}, "properties": {"feature_type": "node", "node_id": 577, "degree": 1, "type": "endpoint", "betweenness": 0.0, "is_critical": false, "is_articulation": false}}, {"type": "Feature", "geometry": {"type": "Point", "coordinates": [75.796326, 26.912878]}, "properties": {"feature_type": "node", "node_id": 578, "degree": 1, "type": "endpoint", "betweenness": 0.0, "is_critical": false, "is_articulation": false}}, {"type": "Feature", "geometry": {"type": "Point", "coordinates": [75.795882, 26.912826]}, "properties": {"feature_type": "node", "node_id": 579, "degree": 1, "type": "endpoint", "betweenness": 0.0, "is_critical": false, "is_articulation": false}}, {"type": "Feature", "geometry": {"type": "Point", "coordinates": [75.808006, 26.912523]}, "properties": {"feature_type": "node", "node_id": 580, "degree": 11, "type": "intersection", "betweenness": 0.04189735197760597, "is_critical": false, "is_articulation": true}}, {"type": "Feature", "geometry": {"type": "Point", "coordinates": [75.800192, 26.912675]}, "properties": {"feature_type": "node", "node_id": 581, "degree": 3, "type": "intersection", "betweenness": 0.0462252533863787, "is_critical": false, "is_articulation": false}}, {"type": "Feature", "geometry": {"type": "Point", "coordinates": [75.802145, 26.912664]}, "properties": {"feature_type": "node", "node_id": 582, "degree": 1, "type": "endpoint", "betweenness": 0.0, "is_critical": false, "is_articulation": false}}, {"type": "Feature", "geometry": {"type": "Point", "coordinates": [75.800433, 26.91262]}, "properties": {"feature_type": "node", "node_id": 583, "degree": 3, "type": "intersection", "betweenness": 0.03671040296845041, "is_critical": false, "is_articulation": false}}, {"type": "Feature", "geometry": {"type": "Point", "coordinates": [75.815055, 26.912554]}, "properties": {"feature_type": "node", "node_id": 584, "degree": 1, "type": "endpoint", "betweenness": 0.0, "is_critical": false, "is_articulation": false}}, {"type": "Feature", "geometry": {"type": "Point", "coordinates": [75.805306, 26.912412]}, "properties": {"feature_type": "node", "node_id": 585, "degree": 3, "type": "intersection", "betweenness": 0.002502016965373522, "is_critical": false, "is_articulation": true}}, {"type": "Feature", "geometry": {"type": "Point", "coordinates": [75.798538, 26.912396]}, "properties": {"feature_type": "node", "node_id": 586, "degree": 1, "type": "endpoint", "betweenness": 0.0, "is_critical": false, "is_articulation": false}}, {"type": "Feature", "geometry": {"type": "Point", "coordinates": [75.806353, 26.912333]}, "properties": {"feature_type": "node", "node_id": 587, "degree": 3, "type": "intersection", "betweenness": 0.02666313901872593, "is_critical": false, "is_articulation": false}}, {"type": "Feature", "geometry": {"type": "Point", "coordinates": [75.794973, 26.912344]}, "properties": {"feature_type": "node", "node_id": 588, "degree": 3, "type": "intersection", "betweenness": 0.0050007675900611784, "is_critical": false, "is_articulation": true}}, {"type": "Feature", "geometry": {"type": "Point", "coordinates": [75.7989, 26.912322]}, "properties": {"feature_type": "node", "node_id": 589, "degree": 3, "type": "intersection", "betweenness": 0.002502016965373522, "is_critical": false, "is_articulation": true}}, {"type": "Feature", "geometry": {"type": "Point", "coordinates": [75.804781, 26.912288]}, "properties": {"feature_type": "node", "node_id": 590, "degree": 3, "type": "intersection", "betweenness": 0.01033470193008071, "is_critical": false, "is_articulation": false}}, {"type": "Feature", "geometry": {"type": "Point", "coordinates": [75.803875, 26.912239]}, "properties": {"feature_type": "node", "node_id": 591, "degree": 3, "type": "intersection", "betweenness": 0.0697200419398144, "is_critical": false, "is_articulation": false}}, {"type": "Feature", "geometry": {"type": "Point", "coordinates": [75.795637, 26.912286]}, "properties": {"feature_type": "node", "node_id": 592, "degree": 1, "type": "endpoint", "betweenness": 0.0, "is_critical": false, "is_articulation": false}}, {"type": "Feature", "geometry": {"type": "Point", "coordinates": [75.804257, 26.912219]}, "properties": {"feature_type": "node", "node_id": 593, "degree": 1, "type": "endpoint", "betweenness": 0.0, "is_critical": false, "is_articulation": false}}, {"type": "Feature", "geometry": {"type": "Point", "coordinates": [75.803955, 26.912166]}, "properties": {"feature_type": "node", "node_id": 594, "degree": 3, "type": "intersection", "betweenness": 0.002502016965373522, "is_critical": false, "is_articulation": true}}, {"type": "Feature", "geometry": {"type": "Point", "coordinates": [75.807822, 26.912144]}, "properties": {"feature_type": "node", "node_id": 595, "degree": 3, "type": "intersection", "betweenness": 0.04048629280131176, "is_critical": false, "is_articulation": false}}, {"type": "Feature", "geometry": {"type": "Point", "coordinates": [75.803874, 26.912167]}, "properties": {"feature_type": "node", "node_id": 596, "degree": 3, "type": "intersection", "betweenness": 0.06892958749383478, "is_critical": false, "is_articulation": false}}, {"type": "Feature", "geometry": {"type": "Point", "coordinates": [75.811406, 26.912016]}, "properties": {"feature_type": "node", "node_id": 597, "degree": 3, "type": "intersection", "betweenness": 0.023093028649074154, "is_critical": false, "is_articulation": false}}, {"type": "Feature", "geometry": {"type": "Point", "coordinates": [75.799825, 26.912045]}, "properties": {"feature_type": "node", "node_id": 598, "degree": 3, "type": "intersection", "betweenness": 0.019767893830862346, "is_critical": false, "is_articulation": true}}, {"type": "Feature", "geometry": {"type": "Point", "coordinates": [75.797931, 26.912038]}, "properties": {"feature_type": "node", "node_id": 599, "degree": 1, "type": "endpoint", "betweenness": 0.0, "is_critical": false, "is_articulation": false}}, {"type": "Feature", "geometry": {"type": "Point", "coordinates": [75.799704, 26.911992]}, "properties": {"feature_type": "node", "node_id": 600, "degree": 3, "type": "intersection", "betweenness": 0.016713865289577433, "is_critical": false, "is_articulation": false}}, {"type": "Feature", "geometry": {"type": "Point", "coordinates": [75.811787, 26.911851]}, "properties": {"feature_type": "node", "node_id": 601, "degree": 3, "type": "intersection", "betweenness": 0.013320137316962433, "is_critical": false, "is_articulation": true}}, {"type": "Feature", "geometry": {"type": "Point", "coordinates": [75.79513, 26.911819]}, "properties": {"feature_type": "node", "node_id": 602, "degree": 3, "type": "intersection", "betweenness": 0.009978670795321293, "is_critical": false, "is_articulation": true}}, {"type": "Feature", "geometry": {"type": "Point", "coordinates": [75.806086, 26.911703]}, "properties": {"feature_type": "node", "node_id": 603, "degree": 3, "type": "intersection", "betweenness": 0.039712170058761466, "is_critical": false, "is_articulation": false}}, {"type": "Feature", "geometry": {"type": "Point", "coordinates": [75.802199, 26.911689]}, "properties": {"feature_type": "node", "node_id": 604, "degree": 4, "type": "intersection", "betweenness": 0.062004945239798395, "is_critical": false, "is_articulation": false}}, {"type": "Feature", "geometry": {"type": "Point", "coordinates": [75.804736, 26.911656]}, "properties": {"feature_type": "node", "node_id": 605, "degree": 3, "type": "intersection", "betweenness": 0.019310606134841077, "is_critical": false, "is_articulation": false}}, {"type": "Feature", "geometry": {"type": "Point", "coordinates": [75.81243, 26.911612]}, "properties": {"feature_type": "node", "node_id": 606, "degree": 3, "type": "intersection", "betweenness": 0.009978670795321293, "is_critical": false, "is_articulation": true}}, {"type": "Feature", "geometry": {"type": "Point", "coordinates": [75.804071, 26.911588]}, "properties": {"feature_type": "node", "node_id": 607, "degree": 4, "type": "intersection", "betweenness": 0.08934421678049863, "is_critical": false, "is_articulation": false}}, {"type": "Feature", "geometry": {"type": "Point", "coordinates": [75.796216, 26.911506]}, "properties": {"feature_type": "node", "node_id": 608, "degree": 3, "type": "intersection", "betweenness": 0.11334202179955773, "is_critical": true, "is_articulation": false}}, {"type": "Feature", "geometry": {"type": "Point", "coordinates": [75.80409, 26.911425]}, "properties": {"feature_type": "node", "node_id": 609, "degree": 3, "type": "intersection", "betweenness": 0.0809170578109638, "is_critical": false, "is_articulation": true}}, {"type": "Feature", "geometry": {"type": "Point", "coordinates": [75.794926, 26.911459]}, "properties": {"feature_type": "node", "node_id": 610, "degree": 1, "type": "endpoint", "betweenness": 0.0, "is_critical": false, "is_articulation": false}}, {"type": "Feature", "geometry": {"type": "Point", "coordinates": [75.795893, 26.911454]}, "properties": {"feature_type": "node", "node_id": 611, "degree": 3, "type": "intersection", "betweenness": 0.014355567314382024, "is_critical": false, "is_articulation": true}}, {"type": "Feature", "geometry": {"type": "Point", "coordinates": [75.799377, 26.911416]}, "properties": {"feature_type": "node", "node_id": 612, "degree": 4, "type": "intersection", "betweenness": 0.014375165358497222, "is_critical": false, "is_articulation": true}}, {"type": "Feature", "geometry": {"type": "Point", "coordinates": [75.813516, 26.911335]}, "properties": {"feature_type": "node", "node_id": 613, "degree": 1, "type": "endpoint", "betweenness": 0.0, "is_critical": false, "is_articulation": false}}, {"type": "Feature", "geometry": {"type": "Point", "coordinates": [75.807413, 26.911334]}, "properties": {"feature_type": "node", "node_id": 614, "degree": 4, "type": "intersection", "betweenness": 0.06551299513641871, "is_critical": false, "is_articulation": false}}, {"type": "Feature", "geometry": {"type": "Point", "coordinates": [75.801169, 26.911334]}, "properties": {"feature_type": "node", "node_id": 615, "degree": 1, "type": "endpoint", "betweenness": 0.0, "is_critical": false, "is_articulation": false}}, {"type": "Feature", "geometry": {"type": "Point", "coordinates": [75.796295, 26.911307]}, "properties": {"feature_type": "node", "node_id": 616, "degree": 3, "type": "intersection", "betweenness": 0.10956286562601052, "is_critical": true, "is_articulation": false}}, {"type": "Feature", "geometry": {"type": "Point", "coordinates": [75.798108, 26.911315]}, "properties": {"feature_type": "node", "node_id": 617, "degree": 1, "type": "endpoint", "betweenness": 0.0, "is_critical": false, "is_articulation": false}}, {"type": "Feature", "geometry": {"type": "Point", "coordinates": [75.81281, 26.911177]}, "properties": {"feature_type": "node", "node_id": 618, "degree": 3, "type": "intersection", "betweenness": 0.0050007675900611784, "is_critical": false, "is_articulation": true}}, {"type": "Feature", "geometry": {"type": "Point", "coordinates": [75.803142, 26.911214]}, "properties": {"feature_type": "node", "node_id": 619, "degree": 3, "type": "intersection", "betweenness": 0.024317906406273987, "is_critical": false, "is_articulation": false}}, {"type": "Feature", "geometry": {"type": "Point", "coordinates": [75.80425, 26.91119]}, "properties": {"feature_type": "node", "node_id": 620, "degree": 3, "type": "intersection", "betweenness": 0.07856202617645425, "is_critical": false, "is_articulation": false}}, {"type": "Feature", "geometry": {"type": "Point", "coordinates": [75.795911, 26.911165]}, "properties": {"feature_type": "node", "node_id": 621, "degree": 3, "type": "intersection", "betweenness": 0.00041155892641914335, "is_critical": false, "is_articulation": false}}, {"type": "Feature", "geometry": {"type": "Point", "coordinates": [75.798409, 26.911151]}, "properties": {"feature_type": "node", "node_id": 622, "degree": 1, "type": "endpoint", "betweenness": 0.0, "is_critical": false, "is_articulation": false}}, {"type": "Feature", "geometry": {"type": "Point", "coordinates": [75.796012, 26.911146]}, "properties": {"feature_type": "node", "node_id": 623, "degree": 3, "type": "intersection", "betweenness": 0.04884812495712928, "is_critical": false, "is_articulation": false}}, {"type": "Feature", "geometry": {"type": "Point", "coordinates": [75.79589, 26.91102]}, "properties": {"feature_type": "node", "node_id": 624, "degree": 6, "type": "intersection", "betweenness": 0.04648002795987627, "is_critical": false, "is_articulation": true}}, {"type": "Feature", "geometry": {"type": "Point", "coordinates": [75.810794, 26.910954]}, "properties": {"feature_type": "node", "node_id": 626, "degree": 3, "type": "intersection", "betweenness": 0.022054332310968698, "is_critical": false, "is_articulation": false}}, {"type": "Feature", "geometry": {"type": "Point", "coordinates": [75.813854, 26.91081]}, "properties": {"feature_type": "node", "node_id": 628, "degree": 1, "type": "endpoint", "betweenness": 0.0, "is_critical": false, "is_articulation": false}}, {"type": "Feature", "geometry": {"type": "Point", "coordinates": [75.797379, 26.910868]}, "properties": {"feature_type": "node", "node_id": 629, "degree": 3, "type": "intersection", "betweenness": 0.07152306199841256, "is_critical": false, "is_articulation": false}}, {"type": "Feature", "geometry": {"type": "Point", "coordinates": [75.795747, 26.910768]}, "properties": {"feature_type": "node", "node_id": 630, "degree": 7, "type": "intersection", "betweenness": 0.04171117055851159, "is_critical": false, "is_articulation": true}}, {"type": "Feature", "geometry": {"type": "Point", "coordinates": [75.812102, 26.91073]}, "properties": {"feature_type": "node", "node_id": 631, "degree": 1, "type": "endpoint", "betweenness": 0.0, "is_critical": false, "is_articulation": false}}, {"type": "Feature", "geometry": {"type": "Point", "coordinates": [75.812585, 26.910727]}, "properties": {"feature_type": "node", "node_id": 632, "degree": 1, "type": "endpoint", "betweenness": 0.0, "is_critical": false, "is_articulation": false}}, {"type": "Feature", "geometry": {"type": "Point", "coordinates": [75.800682, 26.910759]}, "properties": {"feature_type": "node", "node_id": 633, "degree": 1, "type": "endpoint", "betweenness": 0.0, "is_critical": false, "is_articulation": false}}, {"type": "Feature", "geometry": {"type": "Point", "coordinates": [75.797802, 26.910757]}, "properties": {"feature_type": "node", "node_id": 634, "degree": 3, "type": "intersection", "betweenness": 0.018657337997667833, "is_critical": false, "is_articulation": true}}, {"type": "Feature", "geometry": {"type": "Point", "coordinates": [75.804427, 26.910611]}, "properties": {"feature_type": "node", "node_id": 635, "degree": 3, "type": "intersection", "betweenness": 0.06838737493998098, "is_critical": false, "is_articulation": false}}, {"type": "Feature", "geometry": {"type": "Point", "coordinates": [75.795584, 26.910499]}, "properties": {"feature_type": "node", "node_id": 636, "degree": 6, "type": "intersection", "betweenness": 0.027064898923087475, "is_critical": false, "is_articulation": true}}, {"type": "Feature", "geometry": {"type": "Point", "coordinates": [75.798123, 26.910611]}, "properties": {"feature_type": "node", "node_id": 637, "degree": 3, "type": "intersection", "betweenness": 0.019114625693689102, "is_critical": false, "is_articulation": true}}, {"type": "Feature", "geometry": {"type": "Point", "coordinates": [75.81063, 26.910539]}, "properties": {"feature_type": "node", "node_id": 638, "degree": 3, "type": "intersection", "betweenness": 0.018467890237887592, "is_critical": false, "is_articulation": false}}, {"type": "Feature", "geometry": {"type": "Point", "coordinates": [75.795968, 26.910605]}, "properties": {"feature_type": "node", "node_id": 639, "degree": 3, "type": "intersection", "betweenness": 0.007414593356916313, "is_critical": false, "is_articulation": true}}, {"type": "Feature", "geometry": {"type": "Point", "coordinates": [75.803298, 26.910509]}, "properties": {"feature_type": "node", "node_id": 640, "degree": 1, "type": "endpoint", "betweenness": 0.0, "is_critical": false, "is_articulation": false}}, {"type": "Feature", "geometry": {"type": "Point", "coordinates": [75.806964, 26.91047]}, "properties": {"feature_type": "node", "node_id": 641, "degree": 4, "type": "intersection", "betweenness": 0.07394668678732529, "is_critical": false, "is_articulation": false}}, {"type": "Feature", "geometry": {"type": "Point", "coordinates": [75.811072, 26.91041]}, "properties": {"feature_type": "node", "node_id": 642, "degree": 3, "type": "intersection", "betweenness": 0.00856434527834122, "is_critical": false, "is_articulation": true}}, {"type": "Feature", "geometry": {"type": "Point", "coordinates": [75.798705, 26.910373]}, "properties": {"feature_type": "node", "node_id": 643, "degree": 3, "type": "intersection", "betweenness": 0.021074430105208833, "is_critical": false, "is_articulation": false}}, {"type": "Feature", "geometry": {"type": "Point", "coordinates": [75.795217, 26.909905]}, "properties": {"feature_type": "node", "node_id": 644, "degree": 19, "type": "intersection", "betweenness": 0.02241362978641398, "is_critical": false, "is_articulation": true}}, {"type": "Feature", "geometry": {"type": "Point", "coordinates": [75.796992, 26.910166]}, "properties": {"feature_type": "node", "node_id": 645, "degree": 3, "type": "intersection", "betweenness": 0.055041106897531625, "is_critical": false, "is_articulation": false}}, {"type": "Feature", "geometry": {"type": "Point", "coordinates": [75.796347, 26.910097]}, "properties": {"feature_type": "node", "node_id": 646, "degree": 1, "type": "endpoint", "betweenness": 0.0, "is_critical": false, "is_articulation": false}}, {"type": "Feature", "geometry": {"type": "Point", "coordinates": [75.812942, 26.909912]}, "properties": {"feature_type": "node", "node_id": 647, "degree": 1, "type": "endpoint", "betweenness": 0.0, "is_critical": false, "is_articulation": false}}, {"type": "Feature", "geometry": {"type": "Point", "coordinates": [75.794896, 26.909943]}, "properties": {"feature_type": "node", "node_id": 648, "degree": 1, "type": "endpoint", "betweenness": 0.0, "is_critical": false, "is_articulation": false}}, {"type": "Feature", "geometry": {"type": "Point", "coordinates": [75.813263, 26.909838]}, "properties": {"feature_type": "node", "node_id": 649, "degree": 3, "type": "intersection", "betweenness": 7.5125835774923e-05, "is_critical": false, "is_articulation": true}}, {"type": "Feature", "geometry": {"type": "Point", "coordinates": [75.813565, 26.9098]}, "properties": {"feature_type": "node", "node_id": 650, "degree": 3, "type": "intersection", "betweenness": 7.5125835774923e-05, "is_critical": false, "is_articulation": true}}, {"type": "Feature", "geometry": {"type": "Point", "coordinates": [75.797574, 26.909873]}, "properties": {"feature_type": "node", "node_id": 651, "degree": 3, "type": "intersection", "betweenness": 0.04364811058523026, "is_critical": false, "is_articulation": false}}, {"type": "Feature", "geometry": {"type": "Point", "coordinates": [75.795459, 26.909831]}, "properties": {"feature_type": "node", "node_id": 652, "degree": 3, "type": "intersection", "betweenness": 0.0025673437790908467, "is_critical": false, "is_articulation": true}}, {"type": "Feature", "geometry": {"type": "Point", "coordinates": [75.813786, 26.909709]}, "properties": {"feature_type": "node", "node_id": 653, "degree": 3, "type": "intersection", "betweenness": 4.899511028799326e-05, "is_critical": false, "is_articulation": true}}, {"type": "Feature", "geometry": {"type": "Point", "coordinates": [75.796747, 26.909716]}, "properties": {"feature_type": "node", "node_id": 654, "degree": 3, "type": "intersection", "betweenness": 0.011451790444646956, "is_critical": false, "is_articulation": false}}, {"type": "Feature", "geometry": {"type": "Point", "coordinates": [75.811409, 26.909614]}, "properties": {"feature_type": "node", "node_id": 655, "degree": 1, "type": "endpoint", "betweenness": 0.0, "is_critical": false, "is_articulation": false}}, {"type": "Feature", "geometry": {"type": "Point", "coordinates": [75.800633, 26.909549]}, "properties": {"feature_type": "node", "node_id": 656, "degree": 4, "type": "intersection", "betweenness": 0.0612308224972481, "is_critical": false, "is_articulation": false}}, {"type": "Feature", "geometry": {"type": "Point", "coordinates": [75.798478, 26.909525]}, "properties": {"feature_type": "node", "node_id": 657, "degree": 3, "type": "intersection", "betweenness": 0.0037236283818874874, "is_critical": false, "is_articulation": false}}, {"type": "Feature", "geometry": {"type": "Point", "coordinates": [75.797349, 26.909477]}, "properties": {"feature_type": "node", "node_id": 660, "degree": 4, "type": "intersection", "betweenness": 0.03929734479165646, "is_critical": false, "is_articulation": false}}, {"type": "Feature", "geometry": {"type": "Point", "coordinates": [75.810298, 26.909259]}, "properties": {"feature_type": "node", "node_id": 661, "degree": 1, "type": "endpoint", "betweenness": 0.0, "is_critical": false, "is_articulation": false}}, {"type": "Feature", "geometry": {"type": "Point", "coordinates": [75.794931, 26.909329]}, "properties": {"feature_type": "node", "node_id": 662, "degree": 1, "type": "endpoint", "betweenness": 0.0, "is_critical": false, "is_articulation": false}}, {"type": "Feature", "geometry": {"type": "Point", "coordinates": [75.812876, 26.909208]}, "properties": {"feature_type": "node", "node_id": 663, "degree": 3, "type": "intersection", "betweenness": 4.899511028799326e-05, "is_critical": false, "is_articulation": true}}, {"type": "Feature", "geometry": {"type": "Point", "coordinates": [75.796462, 26.909266]}, "properties": {"feature_type": "node", "node_id": 664, "degree": 3, "type": "intersection", "betweenness": 0.010138721488928738, "is_critical": false, "is_articulation": false}}, {"type": "Feature", "geometry": {"type": "Point", "coordinates": [75.81062, 26.909185]}, "properties": {"feature_type": "node", "node_id": 665, "degree": 3, "type": "intersection", "betweenness": 0.0050007675900611784, "is_critical": false, "is_articulation": true}}, {"type": "Feature", "geometry": {"type": "Point", "coordinates": [75.801677, 26.909146]}, "properties": {"feature_type": "node", "node_id": 666, "degree": 3, "type": "intersection", "betweenness": 0.031925213863656404, "is_critical": false, "is_articulation": false}}, {"type": "Feature", "geometry": {"type": "Point", "coordinates": [75.809814, 26.909081]}, "properties": {"feature_type": "node", "node_id": 667, "degree": 3, "type": "intersection", "betweenness": 0.031977475314630265, "is_critical": false, "is_articulation": false}}, {"type": "Feature", "geometry": {"type": "Point", "coordinates": [75.798233, 26.909111]}, "properties": {"feature_type": "node", "node_id": 668, "degree": 4, "type": "intersection", "betweenness": 0.005565844528716034, "is_critical": false, "is_articulation": false}}, {"type": "Feature", "geometry": {"type": "Point", "coordinates": [75.812714, 26.909011]}, "properties": {"feature_type": "node", "node_id": 669, "degree": 1, "type": "endpoint", "betweenness": 0.0, "is_critical": false, "is_articulation": false}}, {"type": "Feature", "geometry": {"type": "Point", "coordinates": [75.797084, 26.909028]}, "properties": {"feature_type": "node", "node_id": 670, "degree": 4, "type": "intersection", "betweenness": 0.031222134031023703, "is_critical": false, "is_articulation": false}}, {"type": "Feature", "geometry": {"type": "Point", "coordinates": [75.814908, 26.908926]}, "properties": {"feature_type": "node", "node_id": 671, "degree": 1, "type": "endpoint", "betweenness": 0.0, "is_critical": false, "is_articulation": false}}, {"type": "Feature", "geometry": {"type": "Point", "coordinates": [75.813277, 26.908899]}, "properties": {"feature_type": "node", "node_id": 672, "degree": 1, "type": "endpoint", "betweenness": 0.0, "is_critical": false, "is_articulation": false}}, {"type": "Feature", "geometry": {"type": "Point", "coordinates": [75.80224, 26.90889]}, "properties": {"feature_type": "node", "node_id": 673, "degree": 4, "type": "intersection", "betweenness": 0.05280692986839913, "is_critical": false, "is_articulation": false}}, {"type": "Feature", "geometry": {"type": "Point", "coordinates": [75.794888, 26.908914]}, "properties": {"feature_type": "node", "node_id": 674, "degree": 1, "type": "endpoint", "betweenness": 0.0, "is_critical": false, "is_articulation": false}}, {"type": "Feature", "geometry": {"type": "Point", "coordinates": [75.800084, 26.908884]}, "properties": {"feature_type": "node", "node_id": 675, "degree": 3, "type": "intersection", "betweenness": 0.045568718908519594, "is_critical": false, "is_articulation": false}}, {"type": "Feature", "geometry": {"type": "Point", "coordinates": [75.812168, 26.908761]}, "properties": {"feature_type": "node", "node_id": 676, "degree": 1, "type": "endpoint", "betweenness": 0.0, "is_critical": false, "is_articulation": false}}, {"type": "Feature", "geometry": {"type": "Point", "coordinates": [75.80967, 26.908703]}, "properties": {"feature_type": "node", "node_id": 677, "degree": 3, "type": "intersection", "betweenness": 0.03324808184143222, "is_critical": false, "is_articulation": false}}, {"type": "Feature", "geometry": {"type": "Point", "coordinates": [75.798008, 26.908661]}, "properties": {"feature_type": "node", "node_id": 678, "degree": 4, "type": "intersection", "betweenness": 0.00583695080564293, "is_critical": false, "is_articulation": false}}, {"type": "Feature", "geometry": {"type": "Point", "coordinates": [75.813536, 26.908536]}, "properties": {"feature_type": "node", "node_id": 679, "degree": 1, "type": "endpoint", "betweenness": 0.0, "is_critical": false, "is_articulation": false}}, {"type": "Feature", "geometry": {"type": "Point", "coordinates": [75.808259, 26.908458]}, "properties": {"feature_type": "node", "node_id": 680, "degree": 1, "type": "endpoint", "betweenness": 0.0, "is_critical": false, "is_articulation": false}}, {"type": "Feature", "geometry": {"type": "Point", "coordinates": [75.81138, 26.908422]}, "properties": {"feature_type": "node", "node_id": 681, "degree": 3, "type": "intersection", "betweenness": 0.02647369125894569, "is_critical": false, "is_articulation": true}}, {"type": "Feature", "geometry": {"type": "Point", "coordinates": [75.799759, 26.908453]}, "properties": {"feature_type": "node", "node_id": 682, "degree": 3, "type": "intersection", "betweenness": 0.0389935751078709, "is_critical": false, "is_articulation": false}}, {"type": "Feature", "geometry": {"type": "Point", "coordinates": [75.798731, 26.908314]}, "properties": {"feature_type": "node", "node_id": 683, "degree": 3, "type": "intersection", "betweenness": 0.005765091310553873, "is_critical": false, "is_articulation": true}}, {"type": "Feature", "geometry": {"type": "Point", "coordinates": [75.812527, 26.908199]}, "properties": {"feature_type": "node", "node_id": 684, "degree": 3, "type": "intersection", "betweenness": 0.02176689433061247, "is_critical": false, "is_articulation": false}}, {"type": "Feature", "geometry": {"type": "Point", "coordinates": [75.794924, 26.908281]}, "properties": {"feature_type": "node", "node_id": 685, "degree": 1, "type": "endpoint", "betweenness": 0.0, "is_critical": false, "is_articulation": false}}, {"type": "Feature", "geometry": {"type": "Point", "coordinates": [75.79583, 26.908168]}, "properties": {"feature_type": "node", "node_id": 686, "degree": 3, "type": "intersection", "betweenness": 0.010667868680039065, "is_critical": false, "is_articulation": false}}, {"type": "Feature", "geometry": {"type": "Point", "coordinates": [75.799193, 26.908131]}, "properties": {"feature_type": "node", "node_id": 687, "degree": 3, "type": "intersection", "betweenness": 0.03627271331654434, "is_critical": false, "is_articulation": false}}, {"type": "Feature", "geometry": {"type": "Point", "coordinates": [75.798367, 26.908099]}, "properties": {"feature_type": "node", "node_id": 688, "degree": 1, "type": "endpoint", "betweenness": 0.0, "is_critical": false, "is_articulation": false}}, {"type": "Feature", "geometry": {"type": "Point", "coordinates": [75.80177, 26.908062]}, "properties": {"feature_type": "node", "node_id": 689, "degree": 3, "type": "intersection", "betweenness": 0.01663873945380251, "is_critical": false, "is_articulation": false}}, {"type": "Feature", "geometry": {"type": "Point", "coordinates": [75.805798, 26.908003]}, "properties": {"feature_type": "node", "node_id": 690, "degree": 3, "type": "intersection", "betweenness": 0.022116392784000155, "is_critical": false, "is_articulation": false}}, {"type": "Feature", "geometry": {"type": "Point", "coordinates": [75.809242, 26.907929]}, "properties": {"feature_type": "node", "node_id": 691, "degree": 3, "type": "intersection", "betweenness": 0.0077477601068746665, "is_critical": false, "is_articulation": false}}, {"type": "Feature", "geometry": {"type": "Point", "coordinates": [75.80908, 26.907894]}, "properties": {"feature_type": "node", "node_id": 692, "degree": 3, "type": "intersection", "betweenness": 0.05389462131679258, "is_critical": false, "is_articulation": false}}, {"type": "Feature", "geometry": {"type": "Point", "coordinates": [75.795647, 26.90797]}, "properties": {"feature_type": "node", "node_id": 693, "degree": 3, "type": "intersection", "betweenness": 0.008234444869068732, "is_critical": false, "is_articulation": true}}, {"type": "Feature", "geometry": {"type": "Point", "coordinates": [75.814478, 26.907845]}, "properties": {"feature_type": "node", "node_id": 694, "degree": 3, "type": "intersection", "betweenness": 0.014682201382968645, "is_critical": false, "is_articulation": false}}, {"type": "Feature", "geometry": {"type": "Point", "coordinates": [75.814558, 26.907844]}, "properties": {"feature_type": "node", "node_id": 695, "degree": 3, "type": "intersection", "betweenness": 0.004773756912393476, "is_critical": false, "is_articulation": true}}, {"type": "Feature", "geometry": {"type": "Point", "coordinates": [75.796412, 26.907894]}, "properties": {"feature_type": "node", "node_id": 696, "degree": 4, "type": "intersection", "betweenness": 0.03221265184401263, "is_critical": false, "is_articulation": false}}, {"type": "Feature", "geometry": {"type": "Point", "coordinates": [75.815061, 26.907769]}, "properties": {"feature_type": "node", "node_id": 697, "degree": 1, "type": "endpoint", "betweenness": 0.0, "is_critical": false, "is_articulation": false}}, {"type": "Feature", "geometry": {"type": "Point", "coordinates": [75.814457, 26.907737]}, "properties": {"feature_type": "node", "node_id": 698, "degree": 3, "type": "intersection", "betweenness": 0.0058287849539282646, "is_critical": false, "is_articulation": false}}, {"type": "Feature", "geometry": {"type": "Point", "coordinates": [75.814537, 26.907736]}, "properties": {"feature_type": "node", "node_id": 699, "degree": 3, "type": "intersection", "betweenness": 0.0025640774384049804, "is_critical": false, "is_articulation": true}}, {"type": "Feature", "geometry": {"type": "Point", "coordinates": [75.804971, 26.907773]}, "properties": {"feature_type": "node", "node_id": 700, "degree": 3, "type": "intersection", "betweenness": 0.022808857009403792, "is_critical": false, "is_articulation": false}}, {"type": "Feature", "geometry": {"type": "Point", "coordinates": [75.809039, 26.907696]}, "properties": {"feature_type": "node", "node_id": 701, "degree": 3, "type": "intersection", "betweenness": 0.04774083546462063, "is_critical": false, "is_articulation": false}}, {"type": "Feature", "geometry": {"type": "Point", "coordinates": [75.8092, 26.907677]}, "properties": {"feature_type": "node", "node_id": 702, "degree": 3, "type": "intersection", "betweenness": 0.008463088717079369, "is_critical": false, "is_articulation": false}}, {"type": "Feature", "geometry": {"type": "Point", "coordinates": [75.795565, 26.907718]}, "properties": {"feature_type": "node", "node_id": 703, "degree": 3, "type": "intersection", "betweenness": 0.004595741345013767, "is_critical": false, "is_articulation": false}}, {"type": "Feature", "geometry": {"type": "Point", "coordinates": [75.800116, 26.90762]}, "properties": {"feature_type": "node", "node_id": 704, "degree": 3, "type": "intersection", "betweenness": 0.007884946415681047, "is_critical": false, "is_articulation": false}}, {"type": "Feature", "geometry": {"type": "Point", "coordinates": [75.81508, 26.907553]}, "properties": {"feature_type": "node", "node_id": 705, "degree": 1, "type": "endpoint", "betweenness": 0.0, "is_critical": false, "is_articulation": false}}, {"type": "Feature", "geometry": {"type": "Point", "coordinates": [75.800296, 26.907529]}, "properties": {"feature_type": "node", "node_id": 706, "degree": 3, "type": "intersection", "betweenness": 0.002544479394289783, "is_critical": false, "is_articulation": true}}, {"type": "Feature", "geometry": {"type": "Point", "coordinates": [75.809279, 26.907478]}, "properties": {"feature_type": "node", "node_id": 707, "degree": 3, "type": "intersection", "betweenness": 0.008760325719493194, "is_critical": false, "is_articulation": false}}, {"type": "Feature", "geometry": {"type": "Point", "coordinates": [75.797316, 26.907528]}, "properties": {"feature_type": "node", "node_id": 708, "degree": 3, "type": "intersection", "betweenness": 0.004642286699787361, "is_critical": false, "is_articulation": false}}, {"type": "Feature", "geometry": {"type": "Point", "coordinates": [75.800538, 26.907473]}, "properties": {"feature_type": "node", "node_id": 709, "degree": 1, "type": "endpoint", "betweenness": 0.0, "is_critical": false, "is_articulation": false}}, {"type": "Feature", "geometry": {"type": "Point", "coordinates": [75.796187, 26.907462]}, "properties": {"feature_type": "node", "node_id": 710, "degree": 4, "type": "intersection", "betweenness": 0.029119427214497326, "is_critical": false, "is_articulation": false}}, {"type": "Feature", "geometry": {"type": "Point", "coordinates": [75.808976, 26.907371]}, "properties": {"feature_type": "node", "node_id": 711, "degree": 3, "type": "intersection", "betweenness": 0.03886618782112212, "is_critical": false, "is_articulation": false}}, {"type": "Feature", "geometry": {"type": "Point", "coordinates": [75.806055, 26.907279]}, "properties": {"feature_type": "node", "node_id": 712, "degree": 3, "type": "intersection", "betweenness": 0.0193759329485584, "is_critical": false, "is_articulation": false}}, {"type": "Feature", "geometry": {"type": "Point", "coordinates": [75.7953, 26.907304]}, "properties": {"feature_type": "node", "node_id": 713, "degree": 3, "type": "intersection", "betweenness": 0.0032696070265520833, "is_critical": false, "is_articulation": false}}, {"type": "Feature", "geometry": {"type": "Point", "coordinates": [75.797677, 26.907309]}, "properties": {"feature_type": "node", "node_id": 714, "degree": 3, "type": "intersection", "betweenness": 0.029050834060094136, "is_critical": false, "is_articulation": false}}, {"type": "Feature", "geometry": {"type": "Point", "coordinates": [75.815057, 26.907119]}, "properties": {"feature_type": "node", "node_id": 715, "degree": 1, "type": "endpoint", "betweenness": 0.0, "is_critical": false, "is_articulation": false}}, {"type": "Feature", "geometry": {"type": "Point", "coordinates": [75.805125, 26.906779]}, "properties": {"feature_type": "node", "node_id": 717, "degree": 3, "type": "intersection", "betweenness": 0.021270410546360804, "is_critical": false, "is_articulation": false}}, {"type": "Feature", "geometry": {"type": "Point", "coordinates": [75.794956, 26.907071]}, "properties": {"feature_type": "node", "node_id": 718, "degree": 1, "type": "endpoint", "betweenness": 0.0, "is_critical": false, "is_articulation": false}}, {"type": "Feature", "geometry": {"type": "Point", "coordinates": [75.806758, 26.907004]}, "properties": {"feature_type": "node", "node_id": 719, "degree": 3, "type": "intersection", "betweenness": 0.013774158672297837, "is_critical": false, "is_articulation": false}}, {"type": "Feature", "geometry": {"type": "Point", "coordinates": [75.812256, 26.906955]}, "properties": {"feature_type": "node", "node_id": 720, "degree": 4, "type": "intersection", "betweenness": 0.010814854010903045, "is_critical": false, "is_articulation": false}}, {"type": "Feature", "geometry": {"type": "Point", "coordinates": [75.795157, 26.907034]}, "properties": {"feature_type": "node", "node_id": 722, "degree": 3, "type": "intersection", "betweenness": 0.0030768929260859765, "is_critical": false, "is_articulation": true}}, {"type": "Feature", "geometry": {"type": "Point", "coordinates": [75.795922, 26.90703]}, "properties": {"feature_type": "node", "node_id": 723, "degree": 4, "type": "intersection", "betweenness": 0.02660434488638034, "is_critical": false, "is_articulation": false}}, {"type": "Feature", "geometry": {"type": "Point", "coordinates": [75.797131, 26.907005]}, "properties": {"feature_type": "node", "node_id": 724, "degree": 3, "type": "intersection", "betweenness": 0.023220415935822938, "is_critical": false, "is_articulation": false}}, {"type": "Feature", "geometry": {"type": "Point", "coordinates": [75.795759, 26.90676]}, "properties": {"feature_type": "node", "node_id": 725, "degree": 4, "type": "intersection", "betweenness": 0.02604253428841135, "is_critical": false, "is_articulation": false}}, {"type": "Feature", "geometry": {"type": "Point", "coordinates": [75.799646, 26.90672]}, "properties": {"feature_type": "node", "node_id": 726, "degree": 3, "type": "intersection", "betweenness": 0.006343233611952193, "is_critical": false, "is_articulation": false}}, {"type": "Feature", "geometry": {"type": "Point", "coordinates": [75.814308, 26.906618]}, "properties": {"feature_type": "node", "node_id": 727, "degree": 3, "type": "intersection", "betweenness": 0.00566383474929202, "is_critical": false, "is_articulation": false}}, {"type": "Feature", "geometry": {"type": "Point", "coordinates": [75.796565, 26.906719]}, "properties": {"feature_type": "node", "node_id": 728, "degree": 3, "type": "intersection", "betweenness": 0.02047342341900945, "is_critical": false, "is_articulation": false}}, {"type": "Feature", "geometry": {"type": "Point", "coordinates": [75.799928, 26.906682]}, "properties": {"feature_type": "node", "node_id": 729, "degree": 3, "type": "intersection", "betweenness": 0.005177149987097954, "is_critical": false, "is_articulation": false}}, {"type": "Feature", "geometry": {"type": "Point", "coordinates": [75.814971, 26.906488]}, "properties": {"feature_type": "node", "node_id": 730, "degree": 3, "type": "intersection", "betweenness": 0.0028449827373894752, "is_critical": false, "is_articulation": true}}, {"type": "Feature", "geometry": {"type": "Point", "coordinates": [75.796362, 26.90654]}, "properties": {"feature_type": "node", "node_id": 732, "degree": 4, "type": "intersection", "betweenness": 0.025137757918426408, "is_critical": false, "is_articulation": false}}, {"type": "Feature", "geometry": {"type": "Point", "coordinates": [75.808083, 26.906473]}, "properties": {"feature_type": "node", "node_id": 733, "degree": 3, "type": "intersection", "betweenness": 0.015358333904942952, "is_critical": false, "is_articulation": true}}, {"type": "Feature", "geometry": {"type": "Point", "coordinates": [75.794912, 26.90653]}, "properties": {"feature_type": "node", "node_id": 734, "degree": 1, "type": "endpoint", "betweenness": 0.0, "is_critical": false, "is_articulation": false}}, {"type": "Feature", "geometry": {"type": "Point", "coordinates": [75.804839, 26.906203]}, "properties": {"feature_type": "node", "node_id": 735, "degree": 3, "type": "intersection", "betweenness": 0.024843787256698446, "is_critical": false, "is_articulation": false}}, {"type": "Feature", "geometry": {"type": "Point", "coordinates": [75.815071, 26.906397]}, "properties": {"feature_type": "node", "node_id": 736, "degree": 1, "type": "endpoint", "betweenness": 0.0, "is_critical": false, "is_articulation": false}}, {"type": "Feature", "geometry": {"type": "Point", "coordinates": [75.808425, 26.906327]}, "properties": {"feature_type": "node", "node_id": 737, "degree": 3, "type": "intersection", "betweenness": 0.044327509447890434, "is_critical": false, "is_articulation": false}}, {"type": "Feature", "geometry": {"type": "Point", "coordinates": [75.800912, 26.906297]}, "properties": {"feature_type": "node", "node_id": 738, "degree": 4, "type": "intersection", "betweenness": 0.009518116758614156, "is_critical": false, "is_articulation": true}}, {"type": "Feature", "geometry": {"type": "Point", "coordinates": [75.795534, 26.906256]}, "properties": {"feature_type": "node", "node_id": 739, "degree": 4, "type": "intersection", "betweenness": 0.02126714420567494, "is_critical": false, "is_articulation": true}}, {"type": "Feature", "geometry": {"type": "Point", "coordinates": [75.811847, 26.906145]}, "properties": {"feature_type": "node", "node_id": 740, "degree": 3, "type": "intersection", "betweenness": 0.004409559925919393, "is_critical": false, "is_articulation": false}}, {"type": "Feature", "geometry": {"type": "Point", "coordinates": [75.797406, 26.906119]}, "properties": {"feature_type": "node", "node_id": 741, "degree": 3, "type": "intersection", "betweenness": 0.007607307457382419, "is_critical": false, "is_articulation": true}}, {"type": "Feature", "geometry": {"type": "Point", "coordinates": [75.796097, 26.906054]}, "properties": {"feature_type": "node", "node_id": 742, "degree": 4, "type": "intersection", "betweenness": 0.02894304481746055, "is_critical": false, "is_articulation": true}}, {"type": "Feature", "geometry": {"type": "Point", "coordinates": [75.794928, 26.90597]}, "properties": {"feature_type": "node", "node_id": 743, "degree": 1, "type": "endpoint", "betweenness": 0.0, "is_critical": false, "is_articulation": false}}, {"type": "Feature", "geometry": {"type": "Point", "coordinates": [75.796539, 26.905889]}, "properties": {"feature_type": "node", "node_id": 745, "degree": 1, "type": "endpoint", "betweenness": 0.0, "is_critical": false, "is_articulation": false}}, {"type": "Feature", "geometry": {"type": "Point", "coordinates": [75.79531, 26.905842]}, "properties": {"feature_type": "node", "node_id": 746, "degree": 4, "type": "intersection", "betweenness": 0.002502016965373522, "is_critical": false, "is_articulation": true}}, {"type": "Feature", "geometry": {"type": "Point", "coordinates": [75.795912, 26.905585]}, "properties": {"feature_type": "node", "node_id": 748, "degree": 4, "type": "intersection", "betweenness": 0.019856085029380733, "is_critical": false, "is_articulation": true}}, {"type": "Feature", "geometry": {"type": "Point", "coordinates": [75.796455, 26.905384]}, "properties": {"feature_type": "node", "node_id": 749, "degree": 1, "type": "endpoint", "betweenness": 0.0, "is_critical": false, "is_articulation": false}}, {"type": "Feature", "geometry": {"type": "Point", "coordinates": [75.811316, 26.905137]}, "properties": {"feature_type": "node", "node_id": 752, "degree": 3, "type": "intersection", "betweenness": 0.03283978925569895, "is_critical": false, "is_articulation": false}}, {"type": "Feature", "geometry": {"type": "Point", "coordinates": [75.812928, 26.905145]}, "properties": {"feature_type": "node", "node_id": 753, "degree": 1, "type": "endpoint", "betweenness": 0.0, "is_critical": false, "is_articulation": false}}, {"type": "Feature", "geometry": {"type": "Point", "coordinates": [75.814558, 26.905064]}, "properties": {"feature_type": "node", "node_id": 754, "degree": 3, "type": "intersection", "betweenness": 0.002299503842849817, "is_critical": false, "is_articulation": false}}, {"type": "Feature", "geometry": {"type": "Point", "coordinates": [75.814739, 26.904972]}, "properties": {"feature_type": "node", "node_id": 756, "degree": 3, "type": "intersection", "betweenness": 0.0050007675900611784, "is_critical": false, "is_articulation": true}}, {"type": "Feature", "geometry": {"type": "Point", "coordinates": [75.795626, 26.905027]}, "properties": {"feature_type": "node", "node_id": 757, "degree": 4, "type": "intersection", "betweenness": 0.014930443275094478, "is_critical": false, "is_articulation": true}}, {"type": "Feature", "geometry": {"type": "Point", "coordinates": [75.804165, 26.904979]}, "properties": {"feature_type": "node", "node_id": 758, "degree": 3, "type": "intersection", "betweenness": 0.023775693852420194, "is_critical": false, "is_articulation": true}}, {"type": "Feature", "geometry": {"type": "Point", "coordinates": [75.815041, 26.904917]}, "properties": {"feature_type": "node", "node_id": 759, "degree": 1, "type": "endpoint", "betweenness": 0.0, "is_critical": false, "is_articulation": false}}, {"type": "Feature", "geometry": {"type": "Point", "coordinates": [75.795302, 26.904722]}, "properties": {"feature_type": "node", "node_id": 761, "degree": 1, "type": "endpoint", "betweenness": 0.0, "is_critical": false, "is_articulation": false}}, {"type": "Feature", "geometry": {"type": "Point", "coordinates": [75.803981, 26.904528]}, "properties": {"feature_type": "node", "node_id": 762, "degree": 3, "type": "intersection", "betweenness": 0.017376932448808273, "is_critical": false, "is_articulation": true}}, {"type": "Feature", "geometry": {"type": "Point", "coordinates": [75.796631, 26.904642]}, "properties": {"feature_type": "node", "node_id": 763, "degree": 1, "type": "endpoint", "betweenness": 0.0, "is_critical": false, "is_articulation": false}}, {"type": "Feature", "geometry": {"type": "Point", "coordinates": [75.812963, 26.904441]}, "properties": {"feature_type": "node", "node_id": 764, "degree": 3, "type": "intersection", "betweenness": 0.029775961692356436, "is_critical": false, "is_articulation": true}}, {"type": "Feature", "geometry": {"type": "Point", "coordinates": [75.794958, 26.904543]}, "properties": {"feature_type": "node", "node_id": 765, "degree": 1, "type": "endpoint", "betweenness": 0.0, "is_critical": false, "is_articulation": false}}, {"type": "Feature", "geometry": {"type": "Point", "coordinates": [75.803879, 26.904349]}, "properties": {"feature_type": "node", "node_id": 766, "degree": 6, "type": "intersection", "betweenness": 0.014930443275094478, "is_critical": false, "is_articulation": true}}, {"type": "Feature", "geometry": {"type": "Point", "coordinates": [75.79536, 26.904397]}, "properties": {"feature_type": "node", "node_id": 767, "degree": 3, "type": "intersection", "betweenness": 0.009978670795321293, "is_critical": false, "is_articulation": true}}, {"type": "Feature", "geometry": {"type": "Point", "coordinates": [75.803777, 26.904169]}, "properties": {"feature_type": "node", "node_id": 768, "degree": 4, "type": "intersection", "betweenness": 0.009968871773263695, "is_critical": false, "is_articulation": true}}, {"type": "Feature", "geometry": {"type": "Point", "coordinates": [75.813906, 26.904002]}, "properties": {"feature_type": "node", "node_id": 769, "degree": 3, "type": "intersection", "betweenness": 0.024980973565504827, "is_critical": false, "is_articulation": false}}, {"type": "Feature", "geometry": {"type": "Point", "coordinates": [75.813987, 26.90402]}, "properties": {"feature_type": "node", "node_id": 770, "degree": 3, "type": "intersection", "betweenness": 0.013545514824287203, "is_critical": false, "is_articulation": false}}, {"type": "Feature", "geometry": {"type": "Point", "coordinates": [75.814047, 26.904001]}, "properties": {"feature_type": "node", "node_id": 771, "degree": 3, "type": "intersection", "betweenness": 0.011213347574578723, "is_critical": false, "is_articulation": false}}, {"type": "Feature", "geometry": {"type": "Point", "coordinates": [75.814248, 26.903946]}, "properties": {"feature_type": "node", "node_id": 772, "degree": 4, "type": "intersection", "betweenness": 0.01093897495696596, "is_critical": false, "is_articulation": false}}, {"type": "Feature", "geometry": {"type": "Point", "coordinates": [75.813966, 26.903912]}, "properties": {"feature_type": "node", "node_id": 773, "degree": 5, "type": "intersection", "betweenness": 0.006624138910936688, "is_critical": false, "is_articulation": false}}, {"type": "Feature", "geometry": {"type": "Point", "coordinates": [75.814369, 26.903927]}, "properties": {"feature_type": "node", "node_id": 774, "degree": 3, "type": "intersection", "betweenness": 0.007486452852005369, "is_critical": false, "is_articulation": true}}, {"type": "Feature", "geometry": {"type": "Point", "coordinates": [75.803614, 26.903953]}, "properties": {"feature_type": "node", "node_id": 775, "degree": 3, "type": "intersection", "betweenness": 0.002502016965373522, "is_critical": false, "is_articulation": true}}, {"type": "Feature", "geometry": {"type": "Point", "coordinates": [75.803695, 26.903934]}, "properties": {"feature_type": "node", "node_id": 776, "degree": 3, "type": "intersection", "betweenness": 0.002502016965373522, "is_critical": false, "is_articulation": true}}, {"type": "Feature", "geometry": {"type": "Point", "coordinates": [75.814227, 26.903838]}, "properties": {"feature_type": "node", "node_id": 777, "degree": 4, "type": "intersection", "betweenness": 0.0049713705238883825, "is_critical": false, "is_articulation": false}}, {"type": "Feature", "geometry": {"type": "Point", "coordinates": [75.814328, 26.903819]}, "properties": {"feature_type": "node", "node_id": 778, "degree": 3, "type": "intersection", "betweenness": 0.0025150823281169872, "is_critical": false, "is_articulation": true}}, {"type": "Feature", "geometry": {"type": "Point", "coordinates": [75.795055, 26.903893]}, "properties": {"feature_type": "node", "node_id": 779, "degree": 3, "type": "intersection", "betweenness": 0.0050007675900611784, "is_critical": false, "is_articulation": true}}, {"type": "Feature", "geometry": {"type": "Point", "coordinates": [75.794893, 26.903876]}, "properties": {"feature_type": "node", "node_id": 780, "degree": 1, "type": "endpoint", "betweenness": 0.0, "is_critical": false, "is_articulation": false}}, {"type": "Feature", "geometry": {"type": "Point", "coordinates": [75.796766, 26.903847]}, "properties": {"feature_type": "node", "node_id": 781, "degree": 1, "type": "endpoint", "betweenness": 0.0, "is_critical": false, "is_articulation": false}}, {"type": "Feature", "geometry": {"type": "Point", "coordinates": [75.814245, 26.903513]}, "properties": {"feature_type": "node", "node_id": 783, "degree": 1, "type": "endpoint", "betweenness": 0.0, "is_critical": false, "is_articulation": false}}, {"type": "Feature", "geometry": {"type": "Point", "coordinates": [75.803531, 26.90352]}, "properties": {"feature_type": "node", "node_id": 784, "degree": 1, "type": "endpoint", "betweenness": 0.0, "is_critical": false, "is_articulation": false}}, {"type": "Feature", "geometry": {"type": "Point", "coordinates": [75.80337, 26.903503]}, "properties": {"feature_type": "node", "node_id": 785, "degree": 1, "type": "endpoint", "betweenness": 0.0, "is_critical": false, "is_articulation": false}}, {"type": "Feature", "geometry": {"type": "Point", "coordinates": [75.795817, 26.903527]}, "properties": {"feature_type": "node", "node_id": 786, "degree": 1, "type": "endpoint", "betweenness": 0.0, "is_critical": false, "is_articulation": false}}, {"type": "Feature", "geometry": {"type": "Point", "coordinates": [75.797529, 26.903518]}, "properties": {"feature_type": "node", "node_id": 788, "degree": 1, "type": "endpoint", "betweenness": 0.0, "is_critical": false, "is_articulation": false}}, {"type": "Feature", "geometry": {"type": "Point", "coordinates": [75.799503, 26.903507]}, "properties": {"feature_type": "node", "node_id": 789, "degree": 1, "type": "endpoint", "betweenness": 0.0, "is_critical": false, "is_articulation": false}}, {"type": "Feature", "geometry": {"type": "Point", "coordinates": [75.79584, 26.921078]}, "properties": {"feature_type": "node", "node_id": 790, "degree": 2, "type": "intersection", "betweenness": 0.0, "is_critical": false, "is_articulation": false}}, {"type": "Feature", "geometry": {"type": "Point", "coordinates": [75.795638, 26.921043]}, "properties": {"feature_type": "node", "node_id": 791, "degree": 2, "type": "intersection", "betweenness": 0.0, "is_critical": false, "is_articulation": false}}, {"type": "Feature", "geometry": {"type": "Point", "coordinates": [75.795193, 26.920847]}, "properties": {"feature_type": "node", "node_id": 792, "degree": 2, "type": "intersection", "betweenness": 0.0, "is_critical": false, "is_articulation": false}}, {"type": "Feature", "geometry": {"type": "Point", "coordinates": [75.795093, 26.920812]}, "properties": {"feature_type": "node", "node_id": 793, "degree": 2, "type": "intersection", "betweenness": 0.0, "is_critical": false, "is_articulation": false}}, {"type": "Feature", "geometry": {"type": "Point", "coordinates": [75.794984, 26.920783]}, "properties": {"feature_type": "node", "node_id": 794, "degree": 2, "type": "intersection", "betweenness": 0.0, "is_critical": false, "is_articulation": false}}, {"type": "Feature", "geometry": {"type": "Point", "coordinates": [75.798101, 26.918989]}, "properties": {"feature_type": "node", "node_id": 795, "degree": 2, "type": "intersection", "betweenness": 0.0, "is_critical": false, "is_articulation": false}}, {"type": "Feature", "geometry": {"type": "Point", "coordinates": [75.798262, 26.918934]}, "properties": {"feature_type": "node", "node_id": 796, "degree": 2, "type": "intersection", "betweenness": 0.0, "is_critical": false, "is_articulation": false}}, {"type": "Feature", "geometry": {"type": "Point", "coordinates": [75.79991, 26.918365]}, "properties": {"feature_type": "node", "node_id": 797, "degree": 2, "type": "intersection", "betweenness": 0.0, "is_critical": false, "is_articulation": false}}, {"type": "Feature", "geometry": {"type": "Point", "coordinates": [75.801297, 26.918014]}, "properties": {"feature_type": "node", "node_id": 798, "degree": 2, "type": "intersection", "betweenness": 0.0, "is_critical": false, "is_articulation": false}}, {"type": "Feature", "geometry": {"type": "Point", "coordinates": [75.804558, 26.91767]}, "properties": {"feature_type": "node", "node_id": 799, "degree": 2, "type": "intersection", "betweenness": 0.0, "is_critical": false, "is_articulation": false}}, {"type": "Feature", "geometry": {"type": "Point", "coordinates": [75.804537, 26.917562]}, "properties": {"feature_type": "node", "node_id": 800, "degree": 2, "type": "intersection", "betweenness": 0.0, "is_critical": false, "is_articulation": false}}, {"type": "Feature", "geometry": {"type": "Point", "coordinates": [75.801173, 26.917527]}, "properties": {"feature_type": "node", "node_id": 801, "degree": 2, "type": "intersection", "betweenness": 0.0, "is_critical": false, "is_articulation": false}}, {"type": "Feature", "geometry": {"type": "Point", "coordinates": [75.802341, 26.917484]}, "properties": {"feature_type": "node", "node_id": 802, "degree": 2, "type": "intersection", "betweenness": 0.0, "is_critical": false, "is_articulation": false}}, {"type": "Feature", "geometry": {"type": "Point", "coordinates": [75.804516, 26.917454]}, "properties": {"feature_type": "node", "node_id": 803, "degree": 2, "type": "intersection", "betweenness": 0.0, "is_critical": false, "is_articulation": false}}, {"type": "Feature", "geometry": {"type": "Point", "coordinates": [75.809252, 26.915061]}, "properties": {"feature_type": "node", "node_id": 804, "degree": 2, "type": "intersection", "betweenness": 0.0, "is_critical": false, "is_articulation": false}}, {"type": "Feature", "geometry": {"type": "Point", "coordinates": [75.809171, 26.914899]}, "properties": {"feature_type": "node", "node_id": 805, "degree": 2, "type": "intersection", "betweenness": 0.0, "is_critical": false, "is_articulation": false}}, {"type": "Feature", "geometry": {"type": "Point", "coordinates": [75.808067, 26.912685]}, "properties": {"feature_type": "node", "node_id": 806, "degree": 2, "type": "intersection", "betweenness": 0.0, "is_critical": false, "is_articulation": false}}, {"type": "Feature", "geometry": {"type": "Point", "coordinates": [75.808087, 26.912594]}, "properties": {"feature_type": "node", "node_id": 807, "degree": 2, "type": "intersection", "betweenness": 0.0, "is_critical": false, "is_articulation": false}}, {"type": "Feature", "geometry": {"type": "Point", "coordinates": [75.808026, 26.912595]}, "properties": {"feature_type": "node", "node_id": 808, "degree": 2, "type": "intersection", "betweenness": 0.0, "is_critical": false, "is_articulation": false}}, {"type": "Feature", "geometry": {"type": "Point", "coordinates": [75.807925, 26.912487]}, "properties": {"feature_type": "node", "node_id": 809, "degree": 2, "type": "intersection", "betweenness": 0.0, "is_critical": false, "is_articulation": false}}, {"type": "Feature", "geometry": {"type": "Point", "coordinates": [75.795939, 26.911085]}, "properties": {"feature_type": "node", "node_id": 810, "degree": 2, "type": "intersection", "betweenness": 0.0, "is_critical": false, "is_articulation": false}}, {"type": "Feature", "geometry": {"type": "Point", "coordinates": [75.795795, 26.910852]}, "properties": {"feature_type": "node", "node_id": 811, "degree": 2, "type": "intersection", "betweenness": 0.0, "is_critical": false, "is_articulation": false}}, {"type": "Feature", "geometry": {"type": "Point", "coordinates": [75.795666, 26.910606]}, "properties": {"feature_type": "node", "node_id": 812, "degree": 2, "type": "intersection", "betweenness": 0.0, "is_critical": false, "is_articulation": false}}, {"type": "Feature", "geometry": {"type": "Point", "coordinates": [75.795502, 26.910337]}, "properties": {"feature_type": "node", "node_id": 813, "degree": 2, "type": "intersection", "betweenness": 0.0, "is_critical": false, "is_articulation": false}}, {"type": "Feature", "geometry": {"type": "Point", "coordinates": [75.7954, 26.91012]}, "properties": {"feature_type": "node", "node_id": 814, "degree": 2, "type": "intersection", "betweenness": 0.0, "is_critical": false, "is_articulation": false}}, {"type": "Feature", "geometry": {"type": "Point", "coordinates": [75.795279, 26.910085]}, "properties": {"feature_type": "node", "node_id": 815, "degree": 2, "type": "intersection", "betweenness": 0.0, "is_critical": false, "is_articulation": false}}, {"type": "Feature", "geometry": {"type": "Point", "coordinates": [75.795237, 26.90985]}, "properties": {"feature_type": "node", "node_id": 816, "degree": 2, "type": "intersection", "betweenness": 0.0, "is_critical": false, "is_articulation": false}}, {"type": "Feature", "geometry": {"type": "Point", "coordinates": [75.795116, 26.909815]}, "properties": {"feature_type": "node", "node_id": 817, "degree": 2, "type": "intersection", "betweenness": 0.0, "is_critical": false, "is_articulation": false}}, {"type": "Feature", "geometry": {"type": "Point", "coordinates": [75.794974, 26.909581]}, "properties": {"feature_type": "node", "node_id": 818, "degree": 2, "type": "intersection", "betweenness": 0.0, "is_critical": false, "is_articulation": false}}, {"type": "Feature", "geometry": {"type": "Point", "coordinates": [75.794953, 26.909473]}, "properties": {"feature_type": "node", "node_id": 819, "degree": 2, "type": "intersection", "betweenness": 0.0, "is_critical": false, "is_articulation": false}}, {"type": "Feature", "geometry": {"type": "Point", "coordinates": [75.803839, 26.904385]}, "properties": {"feature_type": "node", "node_id": 820, "degree": 2, "type": "intersection", "betweenness": 0.0, "is_critical": false, "is_articulation": false}}, {"type": "Feature", "geometry": {"type": "LineString", "coordinates": [[75.810527, 26.9215], [75.810486, 26.921374], [75.810485, 26.921284]]}, "properties": {"feature_type": "edge", "u": 1, "v": 34, "edge_key": 0, "length_m": 25.657, "is_bridged": false, "is_bridge": true, "edge_betweenness": 0.0, "width_m": 8.211}}, {"type": "Feature", "geometry": {"type": "LineString", "coordinates": [[75.811051, 26.921497], [75.811029, 26.921353], [75.811009, 26.921335], [75.811008, 26.921154]]}, "properties": {"feature_type": "edge", "u": 2, "v": 46, "edge_key": 0, "length_m": 39.657, "is_bridged": false, "is_bridge": true, "edge_betweenness": 0.0, "width_m": 8.113}}, {"type": "Feature", "geometry": {"type": "LineString", "coordinates": [[75.811655, 26.921494], [75.811614, 26.921422], [75.811531, 26.921061]]}, "properties": {"feature_type": "edge", "u": 3, "v": 51, "edge_key": 0, "length_m": 52.971, "is_bridged": false, "is_bridge": true, "edge_betweenness": 0.0, "width_m": 8.207}}, {"type": "Feature", "geometry": {"type": "LineString", "coordinates": [[75.813871, 26.921481], [75.81383, 26.921391], [75.813829, 26.921319], [75.813789, 26.921283]]}, "properties": {"feature_type": "edge", "u": 5, "v": 35, "edge_key": 0, "length_m": 25.314, "is_bridged": false, "is_bridge": true, "edge_betweenness": 0.0, "width_m": 7.981}}, {"type": "Feature", "geometry": {"type": "LineString", "coordinates": [[75.814978, 26.921475], [75.814938, 26.921421], [75.814668, 26.920393]]}, "properties": {"feature_type": "edge", "u": 6, "v": 96, "edge_key": 0, "length_m": 132.426, "is_bridged": false, "is_bridge": true, "edge_betweenness": 0.0, "width_m": 8.313}}, {"type": "Feature", "geometry": {"type": "LineString", "coordinates": [[75.806096, 26.921507], [75.806013, 26.921237]]}, "properties": {"feature_type": "edge", "u": 7, "v": 40, "edge_key": 0, "length_m": 32.81, "is_bridged": false, "is_bridge": true, "edge_betweenness": 0.0, "width_m": 8.384}}, {"type": "Feature", "geometry": {"type": "LineString", "coordinates": [[75.807203, 26.921501], [75.807101, 26.921285], [75.807061, 26.921267]]}, "properties": {"feature_type": "edge", "u": 8, "v": 41, "edge_key": 0, "length_m": 32.614, "is_bridged": false, "is_bridge": true, "edge_betweenness": 0.0, "width_m": 8.186}}, {"type": "Feature", "geometry": {"type": "LineString", "coordinates": [[75.807969, 26.921497], [75.807865, 26.921136], [75.807825, 26.921064], [75.807824, 26.92101], [75.807763, 26.920884]]}, "properties": {"feature_type": "edge", "u": 9, "v": 67, "edge_key": 0, "length_m": 76.284, "is_bridged": false, "is_bridge": true, "edge_betweenness": 0.0, "width_m": 8.351}}, {"type": "Feature", "geometry": {"type": "LineString", "coordinates": [[75.808472, 26.921494], [75.808307, 26.920917], [75.808306, 26.920791], [75.808425, 26.920573], [75.808425, 26.920483]]}, "properties": {"feature_type": "edge", "u": 10, "v": 93, "edge_key": 0, "length_m": 123.598, "is_bridged": false, "is_bridge": true, "edge_betweenness": 0.0, "width_m": 8.43}}, {"type": "Feature", "geometry": {"type": "LineString", "coordinates": [[75.808895, 26.921491], [75.808791, 26.921059], [75.808546, 26.920464]]}, "properties": {"feature_type": "edge", "u": 11, "v": 94, "edge_key": 0, "length_m": 127.727, "is_bridged": false, "is_bridge": true, "edge_betweenness": 0.0, "width_m": 8.439}}, {"type": "Feature", "geometry": {"type": "LineString", "coordinates": [[75.809318, 26.921489], [75.809298, 26.921453], [75.809296, 26.9212], [75.809172, 26.920768], [75.809172, 26.920695], [75.809131, 26.920605], [75.80913, 26.920515], [75.809068, 26.920281]]}, "properties": {"feature_type": "edge", "u": 12, "v": 108, "edge_key": 0, "length_m": 143.585, "is_bridged": false, "is_bridge": true, "edge_betweenness": 0.0, "width_m": 8.229}}, {"type": "Feature", "geometry": {"type": "LineString", "coordinates": [[75.804101, 26.921501], [75.80404, 26.921447], [75.80394, 26.921429]]}, "properties": {"feature_type": "edge", "u": 14, "v": 25, "edge_key": 0, "length_m": 19.314, "is_bridged": false, "is_bridge": true, "edge_betweenness": 0.0, "width_m": 9.971}}, {"type": "Feature", "geometry": {"type": "LineString", "coordinates": [[75.805632, 26.921492], [75.805872, 26.921274], [75.806013, 26.921237]]}, "properties": {"feature_type": "edge", "u": 15, "v": 40, "edge_key": 0, "length_m": 49.242, "is_bridged": false, "is_bridge": true, "edge_betweenness": 0.0, "width_m": 8.99}}, {"type": "Feature", "geometry": {"type": "LineString", "coordinates": [[75.809479, 26.92147], [75.80952, 26.921488], [75.809781, 26.921414], [75.810002, 26.921395], [75.810042, 26.921358], [75.810485, 26.921284]]}, "properties": {"feature_type": "edge", "u": 16, "v": 34, "edge_key": 0, "length_m": 109.585, "is_bridged": false, "is_bridge": true, "edge_betweenness": 0.0, "width_m": 8.591}}, {"type": "Feature", "geometry": {"type": "LineString", "coordinates": [[75.801583, 26.921497], [75.801543, 26.921461], [75.801422, 26.921426], [75.801361, 26.921372], [75.801321, 26.921372], [75.800977, 26.92123]]}, "properties": {"feature_type": "edge", "u": 19, "v": 44, "edge_key": 0, "length_m": 72.426, "is_bridged": false, "is_bridge": true, "edge_betweenness": 0.0, "width_m": 8.995}}, {"type": "Feature", "geometry": {"type": "LineString", "coordinates": [[75.807626, 26.921463], [75.807585, 26.921391], [75.807585, 26.921336]]}, "properties": {"feature_type": "edge", "u": 20, "v": 31, "edge_key": 0, "length_m": 15.657, "is_bridged": false, "is_bridge": true, "edge_betweenness": 0.0, "width_m": 10.037}}, {"type": "Feature", "geometry": {"type": "LineString", "coordinates": [[75.80255, 26.921474], [75.802468, 26.92133], [75.802468, 26.921257]]}, "properties": {"feature_type": "edge", "u": 22, "v": 42, "edge_key": 0, "length_m": 27.314, "is_bridged": false, "is_bridge": true, "edge_betweenness": 0.0, "width_m": 8.336}}, {"type": "Feature", "geometry": {"type": "LineString", "coordinates": [[75.800777, 26.921466], [75.800837, 26.921393], [75.800857, 26.921303]]}, "properties": {"feature_type": "edge", "u": 24, "v": 38, "edge_key": 0, "length_m": 20.957, "is_bridged": false, "is_bridge": true, "edge_betweenness": 0.0, "width_m": 8.63}}, {"type": "Feature", "geometry": {"type": "LineString", "coordinates": [[75.80394, 26.921429], [75.803919, 26.921375], [75.803879, 26.921376], [75.803656, 26.921178], [75.803635, 26.921124]]}, "properties": {"feature_type": "edge", "u": 25, "v": 50, "edge_key": 0, "length_m": 47.909, "is_bridged": false, "is_bridge": false, "edge_betweenness": 0.0, "width_m": 18.983}}, {"type": "Feature", "geometry": {"type": "LineString", "coordinates": [[75.80394, 26.921429], [75.803999, 26.921339], [75.805024, 26.9209], [75.805084, 26.920899], [75.805125, 26.920935], [75.805206, 26.921097]]}, "properties": {"feature_type": "edge", "u": 25, "v": 52, "edge_key": 0, "length_m": 166.834, "is_bridged": false, "is_bridge": false, "edge_betweenness": 0.0, "width_m": 8.94}}, {"type": "Feature", "geometry": {"type": "LineString", "coordinates": [[75.795097, 26.921462], [75.795176, 26.921299], [75.795216, 26.921136], [75.795275, 26.921045]]}, "properties": {"feature_type": "edge", "u": 27, "v": 56, "edge_key": 0, "length_m": 52.952, "is_bridged": false, "is_bridge": true, "edge_betweenness": 0.0, "width_m": 9.134}}, {"type": "Feature", "geometry": {"type": "LineString", "coordinates": [[75.796305, 26.921437], [75.796386, 26.921436]]}, "properties": {"feature_type": "edge", "u": 28, "v": 30, "edge_key": 0, "length_m": 8.0, "is_bridged": false, "is_bridge": false, "edge_betweenness": 0.0, "width_m": 11.789}}, {"type": "Feature", "geometry": {"type": "LineString", "coordinates": [[75.796305, 26.921437], [75.796205, 26.921419], [75.796164, 26.921383]]}, "properties": {"feature_type": "edge", "u": 28, "v": 33, "edge_key": 0, "length_m": 15.981, "is_bridged": false, "is_bridge": false, "edge_betweenness": 0.0, "width_m": 15.293}}, {"type": "Feature", "geometry": {"type": "LineString", "coordinates": [[75.796305, 26.921437], [75.796285, 26.921365], [75.796325, 26.92131], [75.796082, 26.921185]]}, "properties": {"feature_type": "edge", "u": 28, "v": 39, "edge_key": 0, "length_m": 43.914, "is_bridged": false, "is_bridge": false, "edge_betweenness": 0.0, "width_m": 6.749}}, {"type": "Feature", "geometry": {"type": "LineString", "coordinates": [[75.796386, 26.921436], [75.796426, 26.921346], [75.796082, 26.921185]]}, "properties": {"feature_type": "edge", "u": 30, "v": 39, "edge_key": 0, "length_m": 50.128, "is_bridged": false, "is_bridge": false, "edge_betweenness": 0.0, "width_m": 5.652}}, {"type": "Feature", "geometry": {"type": "LineString", "coordinates": [[75.796386, 26.921436], [75.796487, 26.921472], [75.796487, 26.921436], [75.796547, 26.921363]]}, "properties": {"feature_type": "edge", "u": 30, "v": 36, "edge_key": 0, "length_m": 25.786, "is_bridged": false, "is_bridge": false, "edge_betweenness": 0.0, "width_m": 8.428}}, {"type": "Feature", "geometry": {"type": "LineString", "coordinates": [[75.807585, 26.921336], [75.807524, 26.921337], [75.807484, 26.921301], [75.80732, 26.920941]]}, "properties": {"feature_type": "edge", "u": 31, "v": 61, "edge_key": 0, "length_m": 58.284, "is_bridged": false, "is_bridge": false, "edge_betweenness": 0.0, "width_m": 8.545}}, {"type": "Feature", "geometry": {"type": "LineString", "coordinates": [[75.807585, 26.921336], [75.807584, 26.92121], [75.807564, 26.921192], [75.807521, 26.920922]]}, "properties": {"feature_type": "edge", "u": 31, "v": 65, "edge_key": 0, "length_m": 48.485, "is_bridged": false, "is_bridge": false, "edge_betweenness": 0.0, "width_m": 8.147}}, {"type": "Feature", "geometry": {"type": "LineString", "coordinates": [[75.796748, 26.92138], [75.796809, 26.92147], [75.79695, 26.921487], [75.79705, 26.921396], [75.79707, 26.921324]]}, "properties": {"feature_type": "edge", "u": 32, "v": 37, "edge_key": 0, "length_m": 49.572, "is_bridged": false, "is_bridge": false, "edge_betweenness": 0.0, "width_m": 10.424}}, {"type": "Feature", "geometry": {"type": "LineString", "coordinates": [[75.796748, 26.92138], [75.796788, 26.921344], [75.796869, 26.921343], [75.796889, 26.921325], [75.79707, 26.921324]]}, "properties": {"feature_type": "edge", "u": 32, "v": 37, "edge_key": 1, "length_m": 34.485, "is_bridged": false, "is_bridge": false, "edge_betweenness": 0.0, "width_m": 9.635}}, {"type": "Feature", "geometry": {"type": "LineString", "coordinates": [[75.796748, 26.92138], [75.796547, 26.921363]]}, "properties": {"feature_type": "edge", "u": 32, "v": 36, "edge_key": 0, "length_m": 20.828, "is_bridged": false, "is_bridge": false, "edge_betweenness": 0.0, "width_m": 17.676}}, {"type": "Feature", "geometry": {"type": "LineString", "coordinates": [[75.796164, 26.921383], [75.796043, 26.921366], [75.795902, 26.921313], [75.795861, 26.921277]]}, "properties": {"feature_type": "edge", "u": 33, "v": 43, "edge_key": 0, "length_m": 34.971, "is_bridged": false, "is_bridge": false, "edge_betweenness": 0.0, "width_m": 14.922}}, {"type": "Feature", "geometry": {"type": "LineString", "coordinates": [[75.796164, 26.921383], [75.796224, 26.921275], [75.796082, 26.921185]]}, "properties": {"feature_type": "edge", "u": 33, "v": 39, "edge_key": 0, "length_m": 31.69, "is_bridged": false, "is_bridge": false, "edge_betweenness": 0.0, "width_m": 6.749}}, {"type": "Feature", "geometry": {"type": "LineString", "coordinates": [[75.810485, 26.921284], [75.810402, 26.920887], [75.810361, 26.920815]]}, "properties": {"feature_type": "edge", "u": 34, "v": 73, "edge_key": 0, "length_m": 56.614, "is_bridged": false, "is_bridge": false, "edge_betweenness": 0.0, "width_m": 8.469}}, {"type": "Feature", "geometry": {"type": "LineString", "coordinates": [[75.810485, 26.921284], [75.810787, 26.921192], [75.811008, 26.921154]]}, "properties": {"feature_type": "edge", "u": 34, "v": 46, "edge_key": 0, "length_m": 57.086, "is_bridged": false, "is_bridge": false, "edge_betweenness": 0.0, "width_m": 8.621}}, {"type": "Feature", "geometry": {"type": "LineString", "coordinates": [[75.813789, 26.921283], [75.813788, 26.921174], [75.813705, 26.920886], [75.813664, 26.920814], [75.813622, 26.920598]]}, "properties": {"feature_type": "edge", "u": 35, "v": 87, "edge_key": 0, "length_m": 82.627, "is_bridged": false, "is_bridge": false, "edge_betweenness": 0.0, "width_m": 8.483}}, {"type": "Feature", "geometry": {"type": "LineString", "coordinates": [[75.813789, 26.921283], [75.813668, 26.921283], [75.813567, 26.92132], [75.813487, 26.921321], [75.813386, 26.921357], [75.813306, 26.921358], [75.813205, 26.921394], [75.812783, 26.921469], [75.812742, 26.921433], [75.812741, 26.921325], [75.812597, 26.92082]]}, "properties": {"feature_type": "edge", "u": 35, "v": 69, "edge_key": 0, "length_m": 187.384, "is_bridged": false, "is_bridge": false, "edge_betweenness": 0.0, "width_m": 8.4}}, {"type": "Feature", "geometry": {"type": "LineString", "coordinates": [[75.796547, 26.921363], [75.796082, 26.921185]]}, "properties": {"feature_type": "edge", "u": 36, "v": 39, "edge_key": 0, "length_m": 50.888, "is_bridged": false, "is_bridge": false, "edge_betweenness": 0.0, "width_m": 14.127}}, {"type": "Feature", "geometry": {"type": "LineString", "coordinates": [[75.79707, 26.921324], [75.79713, 26.921306], [75.797491, 26.920997], [75.797651, 26.920905], [75.797751, 26.920797]]}, "properties": {"feature_type": "edge", "u": 37, "v": 79, "edge_key": 0, "length_m": 92.84, "is_bridged": false, "is_bridge": false, "edge_betweenness": 0.0, "width_m": 9.343}}, {"type": "Feature", "geometry": {"type": "LineString", "coordinates": [[75.800857, 26.921303], [75.800736, 26.921249], [75.800513, 26.921088], [75.800452, 26.921016]]}, "properties": {"feature_type": "edge", "u": 38, "v": 60, "edge_key": 0, "length_m": 54.07, "is_bridged": false, "is_bridge": false, "edge_betweenness": 0.0, "width_m": 9.125}}, {"type": "Feature", "geometry": {"type": "LineString", "coordinates": [[75.800857, 26.921303], [75.800977, 26.92123]]}, "properties": {"feature_type": "edge", "u": 38, "v": 44, "edge_key": 0, "length_m": 14.601, "is_bridged": false, "is_bridge": false, "edge_betweenness": 0.0, "width_m": 9.229}}, {"type": "Feature", "geometry": {"type": "LineString", "coordinates": [[75.796082, 26.921185], [75.795901, 26.921186], [75.795861, 26.921277]]}, "properties": {"feature_type": "edge", "u": 39, "v": 43, "edge_key": 0, "length_m": 29.657, "is_bridged": false, "is_bridge": false, "edge_betweenness": 0.0, "width_m": 6.097}}, {"type": "Feature", "geometry": {"type": "LineString", "coordinates": [[75.796082, 26.921185], [75.7958, 26.921169], [75.79574, 26.921205]]}, "properties": {"feature_type": "edge", "u": 39, "v": 47, "edge_key": 0, "length_m": 35.372, "is_bridged": false, "is_bridge": false, "edge_betweenness": 0.0, "width_m": 4.236}}, {"type": "Feature", "geometry": {"type": "LineString", "coordinates": [[75.796082, 26.921185], [75.79576, 26.921151], [75.79574, 26.921205]]}, "properties": {"feature_type": "edge", "u": 39, "v": 47, "edge_key": 1, "length_m": 39.077, "is_bridged": false, "is_bridge": false, "edge_betweenness": 0.0, "width_m": 4.236}}, {"type": "Feature", "geometry": {"type": "LineString", "coordinates": [[75.796082, 26.921185], [75.795759, 26.921079], [75.795719, 26.921043]]}, "properties": {"feature_type": "edge", "u": 39, "v": 57, "edge_key": 0, "length_m": 39.833, "is_bridged": false, "is_bridge": false, "edge_betweenness": 0.0, "width_m": 10.995}}, {"type": "Feature", "geometry": {"type": "LineString", "coordinates": [[75.796082, 26.921185], [75.79584, 26.921078]]}, "properties": {"feature_type": "edge", "u": 39, "v": 790, "edge_key": 0, "length_m": 26.833, "is_bridged": false, "is_bridge": false, "edge_betweenness": 0.0, "width_m": 1.333}}, {"type": "Feature", "geometry": {"type": "LineString", "coordinates": [[75.79584, 26.921078], [75.796082, 26.921185]]}, "properties": {"feature_type": "edge", "u": 39, "v": 790, "edge_key": 1, "length_m": 26.833, "is_bridged": false, "is_bridge": false, "edge_betweenness": 0.0, "width_m": 1.333}}, {"type": "Feature", "geometry": {"type": "LineString", "coordinates": [[75.806013, 26.921237], [75.80593, 26.920949], [75.80589, 26.920877]]}, "properties": {"feature_type": "edge", "u": 40, "v": 68, "edge_key": 0, "length_m": 44.614, "is_bridged": false, "is_bridge": false, "edge_betweenness": 0.0, "width_m": 8.705}}, {"type": "Feature", "geometry": {"type": "LineString", "coordinates": [[75.806013, 26.921237], [75.806274, 26.921145], [75.806395, 26.921127]]}, "properties": {"feature_type": "edge", "u": 40, "v": 48, "edge_key": 0, "length_m": 42.258, "is_bridged": false, "is_bridge": false, "edge_betweenness": 0.0, "width_m": 8.73}}, {"type": "Feature", "geometry": {"type": "LineString", "coordinates": [[75.807061, 26.921267], [75.80698, 26.921268], [75.806599, 26.921432], [75.806498, 26.921451], [75.806416, 26.921289], [75.806395, 26.921127]]}, "properties": {"feature_type": "edge", "u": 41, "v": 48, "edge_key": 0, "length_m": 104.426, "is_bridged": false, "is_bridge": false, "edge_betweenness": 0.0, "width_m": 8.729}}, {"type": "Feature", "geometry": {"type": "LineString", "coordinates": [[75.807061, 26.921267], [75.80706, 26.921177], [75.806999, 26.921069], [75.806978, 26.920979]]}, "properties": {"feature_type": "edge", "u": 41, "v": 59, "edge_key": 0, "length_m": 35.314, "is_bridged": false, "is_bridge": false, "edge_betweenness": 0.0, "width_m": 8.751}}, {"type": "Feature", "geometry": {"type": "LineString", "coordinates": [[75.802468, 26.921257], [75.802428, 26.921239], [75.802142, 26.920717]]}, "properties": {"feature_type": "edge", "u": 42, "v": 85, "edge_key": 0, "length_m": 74.07, "is_bridged": false, "is_bridge": false, "edge_betweenness": 0.0, "width_m": 9.036}}, {"type": "Feature", "geometry": {"type": "LineString", "coordinates": [[75.802468, 26.921257], [75.80283, 26.921111], [75.80307, 26.920965], [75.80321, 26.920856], [75.80319, 26.920748]]}, "properties": {"feature_type": "edge", "u": 42, "v": 72, "edge_key": 0, "length_m": 104.035, "is_bridged": false, "is_bridge": false, "edge_betweenness": 0.0, "width_m": 8.839}}, {"type": "Feature", "geometry": {"type": "LineString", "coordinates": [[75.795861, 26.921277], [75.795801, 26.921277], [75.79574, 26.921205]]}, "properties": {"feature_type": "edge", "u": 43, "v": 47, "edge_key": 0, "length_m": 16.129, "is_bridged": false, "is_bridge": false, "edge_betweenness": 0.0, "width_m": 14.386}}, {"type": "Feature", "geometry": {"type": "LineString", "coordinates": [[75.800977, 26.92123], [75.800977, 26.921175], [75.801036, 26.921067], [75.801435, 26.920487], [75.801435, 26.920415]]}, "properties": {"feature_type": "edge", "u": 44, "v": 101, "edge_key": 0, "length_m": 109.054, "is_bridged": false, "is_bridge": false, "edge_betweenness": 0.0, "width_m": 8.955}}, {"type": "Feature", "geometry": {"type": "LineString", "coordinates": [[75.804965, 26.921207], [75.805086, 26.92117], [75.805206, 26.921097]]}, "properties": {"feature_type": "edge", "u": 45, "v": 52, "edge_key": 0, "length_m": 28.971, "is_bridged": false, "is_bridge": true, "edge_betweenness": 0.0, "width_m": 8.976}}, {"type": "Feature", "geometry": {"type": "LineString", "coordinates": [[75.811008, 26.921154], [75.81141, 26.921062], [75.811531, 26.921061]]}, "properties": {"feature_type": "edge", "u": 46, "v": 51, "edge_key": 0, "length_m": 56.142, "is_bridged": false, "is_bridge": false, "edge_betweenness": 0.0, "width_m": 8.509}}, {"type": "Feature", "geometry": {"type": "LineString", "coordinates": [[75.79574, 26.921205], [75.795679, 26.921187]]}, "properties": {"feature_type": "edge", "u": 47, "v": 49, "edge_key": 0, "length_m": 6.828, "is_bridged": false, "is_bridge": false, "edge_betweenness": 0.0, "width_m": 10.969}}, {"type": "Feature", "geometry": {"type": "LineString", "coordinates": [[75.806395, 26.921127], [75.806354, 26.921091], [75.806354, 26.921018], [75.806292, 26.920874], [75.806292, 26.920784]]}, "properties": {"feature_type": "edge", "u": 48, "v": 77, "edge_key": 0, "length_m": 42.142, "is_bridged": false, "is_bridge": false, "edge_betweenness": 0.0, "width_m": 8.721}}, {"type": "Feature", "geometry": {"type": "LineString", "coordinates": [[75.806395, 26.921127], [75.806536, 26.921072], [75.806978, 26.920979]]}, "properties": {"feature_type": "edge", "u": 48, "v": 59, "edge_key": 0, "length_m": 63.915, "is_bridged": false, "is_bridge": false, "edge_betweenness": 0.0, "width_m": 8.47}}, {"type": "Feature", "geometry": {"type": "LineString", "coordinates": [[75.795679, 26.921187], [75.795558, 26.921188], [75.795498, 26.921116]]}, "properties": {"feature_type": "edge", "u": 49, "v": 53, "edge_key": 0, "length_m": 22.129, "is_bridged": false, "is_bridge": false, "edge_betweenness": 0.0, "width_m": 14.399}}, {"type": "Feature", "geometry": {"type": "LineString", "coordinates": [[75.795679, 26.921187], [75.795679, 26.921115], [75.795719, 26.921043]]}, "properties": {"feature_type": "edge", "u": 49, "v": 57, "edge_key": 0, "length_m": 17.153, "is_bridged": false, "is_bridge": false, "edge_betweenness": 0.0, "width_m": 10.9}}, {"type": "Feature", "geometry": {"type": "LineString", "coordinates": [[75.803635, 26.921124], [75.803575, 26.921107], [75.80319, 26.920748]]}, "properties": {"feature_type": "edge", "u": 50, "v": 72, "edge_key": 0, "length_m": 61.681, "is_bridged": false, "is_bridge": false, "edge_betweenness": 0.0, "width_m": 18.165}}, {"type": "Feature", "geometry": {"type": "LineString", "coordinates": [[75.803635, 26.921124], [75.803715, 26.921052], [75.803796, 26.921015], [75.804961, 26.920593], [75.805001, 26.920557]]}, "properties": {"feature_type": "edge", "u": 50, "v": 90, "edge_key": 0, "length_m": 161.681, "is_bridged": false, "is_bridge": false, "edge_betweenness": 0.0, "width_m": 8.899}}, {"type": "Feature", "geometry": {"type": "LineString", "coordinates": [[75.811531, 26.921061], [75.811386, 26.920538]]}, "properties": {"feature_type": "edge", "u": 51, "v": 89, "edge_key": 0, "length_m": 63.443, "is_bridged": false, "is_bridge": false, "edge_betweenness": 0.0, "width_m": 8.489}}, {"type": "Feature", "geometry": {"type": "LineString", "coordinates": [[75.811531, 26.921061], [75.811591, 26.921025], [75.811672, 26.921024], [75.811933, 26.92095], [75.812014, 26.92095], [75.812275, 26.920876], [75.812597, 26.92082]]}, "properties": {"feature_type": "edge", "u": 51, "v": 69, "edge_key": 0, "length_m": 116.057, "is_bridged": false, "is_bridge": false, "edge_betweenness": 0.0, "width_m": 8.462}}, {"type": "Feature", "geometry": {"type": "LineString", "coordinates": [[75.805206, 26.921097], [75.805307, 26.921079], [75.805749, 26.920896], [75.80589, 26.920877]]}, "properties": {"feature_type": "edge", "u": 52, "v": 68, "edge_key": 0, "length_m": 77.941, "is_bridged": false, "is_bridge": false, "edge_betweenness": 0.0, "width_m": 8.817}}, {"type": "Feature", "geometry": {"type": "LineString", "coordinates": [[75.795498, 26.921116], [75.795437, 26.921135], [75.795397, 26.921081]]}, "properties": {"feature_type": "edge", "u": 53, "v": 55, "edge_key": 0, "length_m": 13.773, "is_bridged": false, "is_bridge": false, "edge_betweenness": 0.0, "width_m": 12.961}}, {"type": "Feature", "geometry": {"type": "LineString", "coordinates": [[75.795498, 26.921116], [75.795558, 26.92108], [75.795416, 26.920954]]}, "properties": {"feature_type": "edge", "u": 53, "v": 58, "edge_key": 0, "length_m": 27.1, "is_bridged": false, "is_bridge": false, "edge_betweenness": 0.0, "width_m": 5.236}}, {"type": "Feature", "geometry": {"type": "LineString", "coordinates": [[75.795498, 26.921116], [75.795517, 26.921062], [75.795416, 26.920954]]}, "properties": {"feature_type": "edge", "u": 53, "v": 58, "edge_key": 1, "length_m": 22.449, "is_bridged": false, "is_bridge": false, "edge_betweenness": 0.0, "width_m": 5.236}}, {"type": "Feature", "geometry": {"type": "LineString", "coordinates": [[75.809879, 26.921034], [75.809858, 26.920926], [75.809898, 26.92089], [75.81022, 26.920816], [75.810361, 26.920815]]}, "properties": {"feature_type": "edge", "u": 54, "v": 73, "edge_key": 0, "length_m": 67.799, "is_bridged": false, "is_bridge": true, "edge_betweenness": 0.0, "width_m": 8.359}}, {"type": "Feature", "geometry": {"type": "LineString", "coordinates": [[75.795397, 26.921081], [75.795316, 26.921099], [75.795275, 26.921045]]}, "properties": {"feature_type": "edge", "u": 55, "v": 56, "edge_key": 0, "length_m": 15.683, "is_bridged": false, "is_bridge": false, "edge_betweenness": 0.0, "width_m": 13.75}}, {"type": "Feature", "geometry": {"type": "LineString", "coordinates": [[75.795397, 26.921081], [75.795457, 26.921044], [75.795416, 26.920954]]}, "properties": {"feature_type": "edge", "u": 55, "v": 58, "edge_key": 0, "length_m": 18.071, "is_bridged": false, "is_bridge": false, "edge_betweenness": 0.0, "width_m": 5.236}}, {"type": "Feature", "geometry": {"type": "LineString", "coordinates": [[75.795397, 26.921081], [75.795416, 26.920954]]}, "properties": {"feature_type": "edge", "u": 55, "v": 58, "edge_key": 1, "length_m": 14.828, "is_bridged": false, "is_bridge": false, "edge_betweenness": 0.0, "width_m": 5.236}}, {"type": "Feature", "geometry": {"type": "LineString", "coordinates": [[75.795275, 26.921045], [75.795195, 26.921046], [75.795154, 26.920992]]}, "properties": {"feature_type": "edge", "u": 56, "v": 63, "edge_key": 0, "length_m": 15.301, "is_bridged": false, "is_bridge": false, "edge_betweenness": 0.0, "width_m": 13.435}}, {"type": "Feature", "geometry": {"type": "LineString", "coordinates": [[75.795275, 26.921045], [75.795336, 26.921027], [75.795416, 26.920954]]}, "properties": {"feature_type": "edge", "u": 56, "v": 58, "edge_key": 0, "length_m": 17.638, "is_bridged": false, "is_bridge": false, "edge_betweenness": 0.0, "width_m": 5.828}}, {"type": "Feature", "geometry": {"type": "LineString", "coordinates": [[75.795275, 26.921045], [75.795255, 26.920973], [75.795416, 26.920954]]}, "properties": {"feature_type": "edge", "u": 56, "v": 58, "edge_key": 1, "length_m": 24.449, "is_bridged": false, "is_bridge": false, "edge_betweenness": 0.0, "width_m": 5.828}}, {"type": "Feature", "geometry": {"type": "LineString", "coordinates": [[75.795275, 26.921045], [75.795315, 26.920991], [75.795416, 26.920954]]}, "properties": {"feature_type": "edge", "u": 56, "v": 58, "edge_key": 2, "length_m": 17.981, "is_bridged": false, "is_bridge": false, "edge_betweenness": 0.0, "width_m": 6.438}}, {"type": "Feature", "geometry": {"type": "LineString", "coordinates": [[75.795719, 26.921043], [75.795416, 26.920954]]}, "properties": {"feature_type": "edge", "u": 57, "v": 58, "edge_key": 0, "length_m": 31.675, "is_bridged": false, "is_bridge": false, "edge_betweenness": 0.0, "width_m": 9.497}}, {"type": "Feature", "geometry": {"type": "LineString", "coordinates": [[75.795719, 26.921043], [75.795758, 26.920988], [75.795758, 26.920898], [75.795778, 26.92088], [75.795795, 26.920483], [75.795775, 26.920465], [75.795753, 26.920248], [75.79561, 26.919942], [75.79561, 26.919888], [75.795569, 26.919834]]}, "properties": {"feature_type": "edge", "u": 57, "v": 132, "edge_key": 0, "length_m": 145.714, "is_bridged": false, "is_bridge": false, "edge_betweenness": 0.0, "width_m": 8.723}}, {"type": "Feature", "geometry": {"type": "LineString", "coordinates": [[75.795416, 26.920954], [75.795638, 26.921043]]}, "properties": {"feature_type": "edge", "u": 58, "v": 791, "edge_key": 0, "length_m": 24.166, "is_bridged": false, "is_bridge": false, "edge_betweenness": 0.0, "width_m": 4.0}}, {"type": "Feature", "geometry": {"type": "LineString", "coordinates": [[75.795638, 26.921043], [75.795416, 26.920954]]}, "properties": {"feature_type": "edge", "u": 58, "v": 791, "edge_key": 1, "length_m": 24.166, "is_bridged": false, "is_bridge": false, "edge_betweenness": 0.0, "width_m": 4.0}}, {"type": "Feature", "geometry": {"type": "LineString", "coordinates": [[75.795416, 26.920954], [75.795193, 26.920847]]}, "properties": {"feature_type": "edge", "u": 58, "v": 792, "edge_key": 0, "length_m": 25.06, "is_bridged": false, "is_bridge": false, "edge_betweenness": 0.0, "width_m": 4.0}}, {"type": "Feature", "geometry": {"type": "LineString", "coordinates": [[75.795193, 26.920847], [75.795416, 26.920954]]}, "properties": {"feature_type": "edge", "u": 58, "v": 792, "edge_key": 1, "length_m": 25.06, "is_bridged": false, "is_bridge": false, "edge_betweenness": 0.0, "width_m": 4.0}}, {"type": "Feature", "geometry": {"type": "LineString", "coordinates": [[75.795416, 26.920954], [75.795154, 26.920992]]}, "properties": {"feature_type": "edge", "u": 58, "v": 63, "edge_key": 0, "length_m": 26.563, "is_bridged": false, "is_bridge": false, "edge_betweenness": 0.0, "width_m": 5.648}}, {"type": "Feature", "geometry": {"type": "LineString", "coordinates": [[75.795416, 26.920954], [75.795174, 26.920937], [75.795154, 26.920992]]}, "properties": {"feature_type": "edge", "u": 58, "v": 63, "edge_key": 1, "length_m": 30.912, "is_bridged": false, "is_bridge": false, "edge_betweenness": 0.0, "width_m": 5.236}}, {"type": "Feature", "geometry": {"type": "LineString", "coordinates": [[75.795416, 26.920954], [75.795294, 26.920865], [75.795354, 26.92072], [75.795352, 26.920413], [75.79531, 26.920269], [75.795168, 26.920035], [75.795167, 26.919999], [75.795107, 26.919963]]}, "properties": {"feature_type": "edge", "u": 58, "v": 126, "edge_key": 0, "length_m": 128.773, "is_bridged": false, "is_bridge": false, "edge_betweenness": 0.0, "width_m": 8.564}}, {"type": "Feature", "geometry": {"type": "LineString", "coordinates": [[75.795416, 26.920954], [75.795113, 26.920866]]}, "properties": {"feature_type": "edge", "u": 58, "v": 71, "edge_key": 0, "length_m": 31.857, "is_bridged": false, "is_bridge": false, "edge_betweenness": 0.0, "width_m": 6.981}}, {"type": "Feature", "geometry": {"type": "LineString", "coordinates": [[75.806978, 26.920979], [75.806938, 26.920961], [75.806937, 26.920889], [75.806896, 26.920835], [75.806876, 26.920745], [75.806815, 26.920673]]}, "properties": {"feature_type": "edge", "u": 59, "v": 86, "edge_key": 0, "length_m": 41.443, "is_bridged": false, "is_bridge": false, "edge_betweenness": 0.0, "width_m": 8.835}}, {"type": "Feature", "geometry": {"type": "LineString", "coordinates": [[75.806978, 26.920979], [75.80732, 26.920941]]}, "properties": {"feature_type": "edge", "u": 59, "v": 61, "edge_key": 0, "length_m": 35.657, "is_bridged": false, "is_bridge": false, "edge_betweenness": 0.0, "width_m": 8.734}}, {"type": "Feature", "geometry": {"type": "LineString", "coordinates": [[75.800452, 26.921016], [75.800331, 26.921017], [75.80027, 26.920981], [75.800109, 26.920946], [75.800028, 26.920892]]}, "properties": {"feature_type": "edge", "u": 60, "v": 70, "edge_key": 0, "length_m": 47.799, "is_bridged": false, "is_bridge": false, "edge_betweenness": 0.0, "width_m": 8.852}}, {"type": "Feature", "geometry": {"type": "LineString", "coordinates": [[75.800452, 26.921016], [75.80095, 26.920291], [75.80095, 26.920237]]}, "properties": {"feature_type": "edge", "u": 60, "v": 113, "edge_key": 0, "length_m": 106.354, "is_bridged": false, "is_bridge": false, "edge_betweenness": 0.0, "width_m": 9.001}}, {"type": "Feature", "geometry": {"type": "LineString", "coordinates": [[75.80732, 26.920941], [75.80734, 26.920923], [75.807521, 26.920922]]}, "properties": {"feature_type": "edge", "u": 61, "v": 65, "edge_key": 0, "length_m": 20.828, "is_bridged": false, "is_bridge": false, "edge_betweenness": 0.0, "width_m": 8.757}}, {"type": "Feature", "geometry": {"type": "LineString", "coordinates": [[75.795154, 26.920992], [75.795094, 26.92101], [75.795033, 26.920938]]}, "properties": {"feature_type": "edge", "u": 63, "v": 66, "edge_key": 0, "length_m": 16.512, "is_bridged": false, "is_bridge": false, "edge_betweenness": 0.0, "width_m": 12.772}}, {"type": "Feature", "geometry": {"type": "LineString", "coordinates": [[75.797994, 26.920994], [75.797953, 26.920886], [75.797953, 26.920813]]}, "properties": {"feature_type": "edge", "u": 64, "v": 78, "edge_key": 0, "length_m": 21.657, "is_bridged": false, "is_bridge": true, "edge_betweenness": 0.0, "width_m": 7.789}}, {"type": "Feature", "geometry": {"type": "LineString", "coordinates": [[75.807521, 26.920922], [75.807542, 26.920903], [75.807763, 26.920884]]}, "properties": {"feature_type": "edge", "u": 65, "v": 67, "edge_key": 0, "length_m": 25.657, "is_bridged": false, "is_bridge": false, "edge_betweenness": 0.0, "width_m": 8.788}}, {"type": "Feature", "geometry": {"type": "LineString", "coordinates": [[75.795033, 26.920938], [75.795093, 26.920938], [75.795113, 26.920866]]}, "properties": {"feature_type": "edge", "u": 66, "v": 71, "edge_key": 0, "length_m": 14.828, "is_bridged": false, "is_bridge": false, "edge_betweenness": 0.0, "width_m": 6.236}}, {"type": "Feature", "geometry": {"type": "LineString", "coordinates": [[75.795033, 26.920938], [75.795113, 26.920866]]}, "properties": {"feature_type": "edge", "u": 66, "v": 71, "edge_key": 1, "length_m": 11.314, "is_bridged": false, "is_bridge": false, "edge_betweenness": 0.0, "width_m": 6.981}}, {"type": "Feature", "geometry": {"type": "LineString", "coordinates": [[75.795033, 26.920938], [75.794952, 26.920921], [75.794952, 26.920885], [75.795012, 26.92083]]}, "properties": {"feature_type": "edge", "u": 66, "v": 75, "edge_key": 0, "length_m": 21.314, "is_bridged": false, "is_bridge": false, "edge_betweenness": 0.0, "width_m": 6.792}}, {"type": "Feature", "geometry": {"type": "LineString", "coordinates": [[75.795033, 26.920938], [75.795012, 26.92083]]}, "properties": {"feature_type": "edge", "u": 66, "v": 75, "edge_key": 1, "length_m": 12.472, "is_bridged": false, "is_bridge": false, "edge_betweenness": 0.0, "width_m": 6.236}}, {"type": "Feature", "geometry": {"type": "LineString", "coordinates": [[75.807763, 26.920884], [75.807743, 26.920848], [75.807742, 26.920722], [75.807721, 26.920704], [75.807721, 26.92065], [75.807761, 26.920613], [75.808324, 26.920484], [75.808425, 26.920483]]}, "properties": {"feature_type": "edge", "u": 67, "v": 93, "edge_key": 0, "length_m": 104.756, "is_bridged": false, "is_bridge": false, "edge_betweenness": 0.0, "width_m": 8.352}}, {"type": "Feature", "geometry": {"type": "LineString", "coordinates": [[75.80589, 26.920877], [75.805869, 26.920768], [75.805725, 26.920444], [75.805725, 26.92039], [75.805684, 26.920354], [75.805544, 26.920373], [75.805122, 26.920538], [75.805001, 26.920557]]}, "properties": {"feature_type": "edge", "u": 68, "v": 90, "edge_key": 0, "length_m": 143.041, "is_bridged": false, "is_bridge": false, "edge_betweenness": 0.0, "width_m": 8.714}}, {"type": "Feature", "geometry": {"type": "LineString", "coordinates": [[75.812597, 26.92082], [75.812534, 26.920532], [75.812473, 26.920369]]}, "properties": {"feature_type": "edge", "u": 69, "v": 102, "edge_key": 0, "length_m": 54.614, "is_bridged": false, "is_bridge": false, "edge_betweenness": 0.0, "width_m": 8.413}}, {"type": "Feature", "geometry": {"type": "LineString", "coordinates": [[75.812597, 26.92082], [75.813079, 26.920709], [75.81316, 26.920709], [75.81326, 26.920672], [75.813341, 26.920671], [75.813441, 26.920635], [75.813522, 26.920634], [75.813622, 26.920598]]}, "properties": {"feature_type": "edge", "u": 69, "v": 87, "edge_key": 0, "length_m": 111.229, "is_bridged": false, "is_bridge": false, "edge_betweenness": 0.0, "width_m": 8.488}}, {"type": "Feature", "geometry": {"type": "LineString", "coordinates": [[75.800028, 26.920892], [75.799948, 26.920892], [75.799665, 26.920786], [75.799564, 26.920768], [75.799503, 26.920714]]}, "properties": {"feature_type": "edge", "u": 70, "v": 84, "edge_key": 0, "length_m": 61.1, "is_bridged": false, "is_bridge": false, "edge_betweenness": 0.0, "width_m": 8.778}}, {"type": "Feature", "geometry": {"type": "LineString", "coordinates": [[75.800028, 26.920892], [75.800088, 26.920765], [75.800247, 26.920548], [75.800267, 26.920457]]}, "properties": {"feature_type": "edge", "u": 70, "v": 98, "edge_key": 0, "length_m": 57.229, "is_bridged": false, "is_bridge": false, "edge_betweenness": 0.0, "width_m": 9.22}}, {"type": "Feature", "geometry": {"type": "LineString", "coordinates": [[75.795113, 26.920866], [75.795012, 26.92083]]}, "properties": {"feature_type": "edge", "u": 71, "v": 75, "edge_key": 0, "length_m": 11.211, "is_bridged": false, "is_bridge": false, "edge_betweenness": 0.0, "width_m": 8.63}}, {"type": "Feature", "geometry": {"type": "LineString", "coordinates": [[75.795113, 26.920866], [75.795093, 26.920812]]}, "properties": {"feature_type": "edge", "u": 71, "v": 793, "edge_key": 0, "length_m": 6.325, "is_bridged": false, "is_bridge": false, "edge_betweenness": 0.0, "width_m": 7.296}}, {"type": "Feature", "geometry": {"type": "LineString", "coordinates": [[75.795093, 26.920812], [75.795113, 26.920866]]}, "properties": {"feature_type": "edge", "u": 71, "v": 793, "edge_key": 1, "length_m": 6.325, "is_bridged": false, "is_bridge": false, "edge_betweenness": 0.0, "width_m": 7.296}}, {"type": "Feature", "geometry": {"type": "LineString", "coordinates": [[75.80319, 26.920748], [75.802784, 26.920353], [75.802703, 26.920335]]}, "properties": {"feature_type": "edge", "u": 72, "v": 106, "edge_key": 0, "length_m": 69.397, "is_bridged": false, "is_bridge": false, "edge_betweenness": 0.0, "width_m": 16.686}}, {"type": "Feature", "geometry": {"type": "LineString", "coordinates": [[75.810361, 26.920815], [75.81036, 26.920707], [75.810278, 26.920436], [75.810277, 26.920328]]}, "properties": {"feature_type": "edge", "u": 73, "v": 104, "edge_key": 0, "length_m": 57.314, "is_bridged": false, "is_bridge": false, "edge_betweenness": 0.0, "width_m": 8.582}}, {"type": "Feature", "geometry": {"type": "LineString", "coordinates": [[75.795012, 26.92083], [75.794972, 26.920794], [75.794984, 26.920783]]}, "properties": {"feature_type": "edge", "u": 75, "v": 794, "edge_key": 0, "length_m": 7.405, "is_bridged": false, "is_bridge": false, "edge_betweenness": 0.0, "width_m": 6.472}}, {"type": "Feature", "geometry": {"type": "LineString", "coordinates": [[75.794984, 26.920783], [75.795012, 26.92083]]}, "properties": {"feature_type": "edge", "u": 75, "v": 794, "edge_key": 1, "length_m": 7.405, "is_bridged": false, "is_bridge": false, "edge_betweenness": 0.0, "width_m": 6.472}}, {"type": "Feature", "geometry": {"type": "LineString", "coordinates": [[75.801841, 26.920828], [75.802021, 26.920754], [75.802061, 26.920718], [75.802142, 26.920717]]}, "properties": {"feature_type": "edge", "u": 76, "v": 85, "edge_key": 0, "length_m": 34.971, "is_bridged": false, "is_bridge": true, "edge_betweenness": 0.0, "width_m": 8.976}}, {"type": "Feature", "geometry": {"type": "LineString", "coordinates": [[75.806292, 26.920784], [75.806553, 26.920728], [75.806694, 26.920673], [75.806815, 26.920673]]}, "properties": {"feature_type": "edge", "u": 77, "v": 86, "edge_key": 0, "length_m": 56.971, "is_bridged": false, "is_bridge": false, "edge_betweenness": 0.0, "width_m": 8.538}}, {"type": "Feature", "geometry": {"type": "LineString", "coordinates": [[75.806292, 26.920784], [75.806231, 26.920676], [75.806086, 26.920153]]}, "properties": {"feature_type": "edge", "u": 77, "v": 116, "edge_key": 0, "length_m": 77.928, "is_bridged": false, "is_bridge": false, "edge_betweenness": 0.0, "width_m": 8.576}}, {"type": "Feature", "geometry": {"type": "LineString", "coordinates": [[75.797953, 26.920813], [75.797932, 26.920741]]}, "properties": {"feature_type": "edge", "u": 78, "v": 82, "edge_key": 0, "length_m": 8.472, "is_bridged": false, "is_bridge": false, "edge_betweenness": 0.0, "width_m": 5.886}}, {"type": "Feature", "geometry": {"type": "LineString", "coordinates": [[75.797953, 26.920813], [75.797993, 26.920795], [75.798275, 26.920812], [75.798335, 26.920775], [75.798396, 26.920775], [75.798375, 26.920739], [75.798395, 26.920612], [75.798756, 26.920448]]}, "properties": {"feature_type": "edge", "u": 78, "v": 100, "edge_key": 0, "length_m": 109.714, "is_bridged": false, "is_bridge": false, "edge_betweenness": 0.0, "width_m": 8.619}}, {"type": "Feature", "geometry": {"type": "LineString", "coordinates": [[75.797751, 26.920797], [75.797812, 26.920796], [75.797852, 26.92076], [75.797932, 26.920741]]}, "properties": {"feature_type": "edge", "u": 79, "v": 82, "edge_key": 0, "length_m": 20.485, "is_bridged": false, "is_bridge": false, "edge_betweenness": 0.0, "width_m": 8.533}}, {"type": "Feature", "geometry": {"type": "LineString", "coordinates": [[75.797751, 26.920797], [75.79769, 26.920743], [75.797527, 26.920455], [75.797527, 26.920401]]}, "properties": {"feature_type": "edge", "u": 79, "v": 103, "edge_key": 0, "length_m": 53.113, "is_bridged": false, "is_bridge": false, "edge_betweenness": 0.0, "width_m": 9.099}}, {"type": "Feature", "geometry": {"type": "LineString", "coordinates": [[75.815073, 26.920679], [75.815033, 26.920608]]}, "properties": {"feature_type": "edge", "u": 81, "v": 88, "edge_key": 0, "length_m": 9.657, "is_bridged": false, "is_bridge": true, "edge_betweenness": 0.0, "width_m": 8.189}}, {"type": "Feature", "geometry": {"type": "LineString", "coordinates": [[75.797932, 26.920741], [75.798012, 26.920651], [75.798293, 26.920486], [75.798574, 26.920286], [75.798694, 26.920231]]}, "properties": {"feature_type": "edge", "u": 82, "v": 114, "edge_key": 0, "length_m": 99.655, "is_bridged": false, "is_bridge": false, "edge_betweenness": 0.0, "width_m": 8.93}}, {"type": "Feature", "geometry": {"type": "LineString", "coordinates": [[75.799242, 26.920752], [75.799443, 26.920697], [75.799503, 26.920714]]}, "properties": {"feature_type": "edge", "u": 83, "v": 84, "edge_key": 0, "length_m": 28.957, "is_bridged": false, "is_bridge": true, "edge_betweenness": 0.0, "width_m": 9.101}}, {"type": "Feature", "geometry": {"type": "LineString", "coordinates": [[75.799503, 26.920714], [75.799503, 26.920678], [75.799563, 26.920642], [75.799905, 26.92055], [75.800146, 26.920458], [75.800267, 26.920457]]}, "properties": {"feature_type": "edge", "u": 84, "v": 98, "edge_key": 0, "length_m": 89.941, "is_bridged": false, "is_bridge": false, "edge_betweenness": 0.0, "width_m": 8.625}}, {"type": "Feature", "geometry": {"type": "LineString", "coordinates": [[75.802142, 26.920717], [75.802182, 26.920663], [75.802503, 26.920499], [75.802703, 26.920335]]}, "properties": {"feature_type": "edge", "u": 85, "v": 106, "edge_key": 0, "length_m": 74.212, "is_bridged": false, "is_bridge": false, "edge_betweenness": 0.0, "width_m": 9.61}}, {"type": "Feature", "geometry": {"type": "LineString", "coordinates": [[75.806815, 26.920673], [75.806794, 26.920565], [75.806609, 26.920078], [75.806569, 26.92006]]}, "properties": {"feature_type": "edge", "u": 86, "v": 119, "edge_key": 0, "length_m": 78.4, "is_bridged": false, "is_bridge": false, "edge_betweenness": 0.0, "width_m": 8.5}}, {"type": "Feature", "geometry": {"type": "LineString", "coordinates": [[75.813622, 26.920598], [75.813582, 26.92058], [75.813581, 26.920471], [75.813417, 26.919967], [75.813416, 26.919895], [75.813396, 26.919877], [75.813395, 26.919804], [75.813354, 26.919714], [75.813271, 26.919336]]}, "properties": {"feature_type": "edge", "u": 87, "v": 174, "edge_key": 0, "length_m": 154.542, "is_bridged": false, "is_bridge": false, "edge_betweenness": 0.0, "width_m": 8.559}}, {"type": "Feature", "geometry": {"type": "LineString", "coordinates": [[75.813622, 26.920598], [75.813703, 26.920597], [75.813803, 26.92056], [75.813884, 26.92056], [75.813985, 26.920523], [75.814065, 26.920523], [75.814166, 26.920486], [75.814246, 26.920486], [75.814347, 26.920449], [75.814668, 26.920393]]}, "properties": {"feature_type": "edge", "u": 87, "v": 96, "edge_key": 0, "length_m": 112.756, "is_bridged": false, "is_bridge": false, "edge_betweenness": 0.0, "width_m": 8.458}}, {"type": "Feature", "geometry": {"type": "LineString", "coordinates": [[75.811386, 26.920538], [75.811265, 26.920539], [75.810783, 26.920668], [75.810682, 26.920669], [75.810621, 26.920579], [75.810538, 26.920272]]}, "properties": {"feature_type": "edge", "u": 89, "v": 110, "edge_key": 0, "length_m": 125.598, "is_bridged": false, "is_bridge": false, "edge_betweenness": 0.0, "width_m": 8.431}}, {"type": "Feature", "geometry": {"type": "LineString", "coordinates": [[75.811386, 26.920538], [75.811262, 26.920033], [75.811221, 26.919997]]}, "properties": {"feature_type": "edge", "u": 89, "v": 121, "edge_key": 0, "length_m": 66.271, "is_bridged": false, "is_bridge": false, "edge_betweenness": 0.0, "width_m": 8.457}}, {"type": "Feature", "geometry": {"type": "LineString", "coordinates": [[75.805001, 26.920557], [75.804755, 26.919962], [75.804714, 26.919782], [75.804467, 26.919115]]}, "properties": {"feature_type": "edge", "u": 90, "v": 215, "edge_key": 0, "length_m": 181.539, "is_bridged": false, "is_bridge": false, "edge_betweenness": 0.0, "width_m": 8.572}}, {"type": "Feature", "geometry": {"type": "LineString", "coordinates": [[75.796884, 26.920585], [75.796801, 26.920296], [75.79676, 26.920224], [75.79676, 26.92017], [75.796719, 26.920098], [75.796719, 26.920044], [75.796678, 26.919972], [75.796678, 26.919918], [75.796637, 26.919846], [75.796636, 26.919792], [75.796596, 26.91972], [75.796575, 26.919593], [75.796534, 26.919539]]}, "properties": {"feature_type": "edge", "u": 91, "v": 155, "edge_key": 0, "length_m": 129.638, "is_bridged": false, "is_bridge": true, "edge_betweenness": 0.0, "width_m": 8.356}}, {"type": "Feature", "geometry": {"type": "LineString", "coordinates": [[75.809432, 26.920513], [75.809328, 26.920099], [75.809288, 26.920027]]}, "properties": {"feature_type": "edge", "u": 92, "v": 120, "edge_key": 0, "length_m": 59.799, "is_bridged": false, "is_bridge": true, "edge_betweenness": 0.0, "width_m": 8.093}}, {"type": "Feature", "geometry": {"type": "LineString", "coordinates": [[75.808425, 26.920483], [75.808546, 26.920464]]}, "properties": {"feature_type": "edge", "u": 93, "v": 94, "edge_key": 0, "length_m": 12.472, "is_bridged": false, "is_bridge": false, "edge_betweenness": 0.0, "width_m": 10.177}}, {"type": "Feature", "geometry": {"type": "LineString", "coordinates": [[75.808546, 26.920464], [75.808626, 26.920428], [75.808827, 26.920408], [75.809028, 26.920281], [75.809068, 26.920281]]}, "properties": {"feature_type": "edge", "u": 94, "v": 108, "edge_key": 0, "length_m": 60.284, "is_bridged": false, "is_bridge": false, "edge_betweenness": 0.0, "width_m": 8.998}}, {"type": "Feature", "geometry": {"type": "LineString", "coordinates": [[75.812171, 26.920443], [75.812232, 26.920443], [75.812392, 26.92037], [75.812473, 26.920369]]}, "properties": {"feature_type": "edge", "u": 95, "v": 102, "edge_key": 0, "length_m": 33.314, "is_bridged": false, "is_bridge": true, "edge_betweenness": 0.0, "width_m": 8.3}}, {"type": "Feature", "geometry": {"type": "LineString", "coordinates": [[75.814668, 26.920393], [75.814628, 26.920303], [75.814606, 26.920141], [75.814565, 26.92005], [75.814565, 26.919978], [75.814524, 26.919888], [75.814502, 26.919726], [75.814462, 26.919636], [75.81444, 26.919473], [75.814337, 26.919113]]}, "properties": {"feature_type": "edge", "u": 96, "v": 200, "edge_key": 0, "length_m": 154.395, "is_bridged": false, "is_bridge": false, "edge_betweenness": 0.0, "width_m": 8.425}}, {"type": "Feature", "geometry": {"type": "LineString", "coordinates": [[75.814668, 26.920393], [75.815091, 26.9203]]}, "properties": {"feature_type": "edge", "u": 96, "v": 105, "edge_key": 0, "length_m": 45.786, "is_bridged": false, "is_bridge": true, "edge_betweenness": 0.0, "width_m": 8.531}}, {"type": "Feature", "geometry": {"type": "LineString", "coordinates": [[75.803268, 26.920476], [75.803349, 26.920476], [75.803831, 26.920329], [75.803891, 26.920292]]}, "properties": {"feature_type": "edge", "u": 97, "v": 111, "edge_key": 0, "length_m": 70.284, "is_bridged": false, "is_bridge": true, "edge_betweenness": 0.0, "width_m": 8.384}}, {"type": "Feature", "geometry": {"type": "LineString", "coordinates": [[75.800267, 26.920457], [75.800327, 26.920403], [75.800728, 26.920238], [75.800809, 26.920238], [75.800829, 26.920219], [75.80093, 26.920219], [75.80095, 26.920237]]}, "properties": {"feature_type": "edge", "u": 98, "v": 113, "edge_key": 0, "length_m": 79.598, "is_bridged": false, "is_bridge": false, "edge_betweenness": 0.0, "width_m": 8.994}}, {"type": "Feature", "geometry": {"type": "LineString", "coordinates": [[75.809895, 26.920402], [75.810277, 26.920328]]}, "properties": {"feature_type": "edge", "u": 99, "v": 104, "edge_key": 0, "length_m": 40.957, "is_bridged": false, "is_bridge": true, "edge_betweenness": 0.0, "width_m": 8.423}}, {"type": "Feature", "geometry": {"type": "LineString", "coordinates": [[75.798756, 26.920448], [75.798817, 26.920465], [75.798937, 26.920429], [75.798997, 26.920392], [75.799098, 26.920374], [75.799158, 26.920337], [75.799259, 26.920319], [75.799319, 26.920282], [75.799419, 26.920263], [75.79948, 26.920227], [75.800545, 26.919878], [75.800585, 26.919842], [75.800584, 26.919751], [75.800522, 26.919589]]}, "properties": {"feature_type": "edge", "u": 100, "v": 148, "edge_key": 0, "length_m": 241.48, "is_bridged": false, "is_bridge": false, "edge_betweenness": 0.0, "width_m": 8.524}}, {"type": "Feature", "geometry": {"type": "LineString", "coordinates": [[75.798756, 26.920448], [75.798735, 26.920303], [75.798694, 26.920231]]}, "properties": {"feature_type": "edge", "u": 100, "v": 114, "edge_key": 0, "length_m": 26.129, "is_bridged": false, "is_bridge": false, "edge_betweenness": 0.0, "width_m": 9.211}}, {"type": "Feature", "geometry": {"type": "LineString", "coordinates": [[75.801435, 26.920415], [75.801111, 26.920254], [75.80095, 26.920237]]}, "properties": {"feature_type": "edge", "u": 101, "v": 113, "edge_key": 0, "length_m": 55.928, "is_bridged": false, "is_bridge": false, "edge_betweenness": 0.0, "width_m": 8.78}}, {"type": "Feature", "geometry": {"type": "LineString", "coordinates": [[75.801435, 26.920415], [75.801475, 26.920414], [75.801535, 26.92036], [75.801555, 26.920269]]}, "properties": {"feature_type": "edge", "u": 101, "v": 112, "edge_key": 0, "length_m": 22.957, "is_bridged": false, "is_bridge": true, "edge_betweenness": 0.0, "width_m": 9.074}}, {"type": "Feature", "geometry": {"type": "LineString", "coordinates": [[75.812473, 26.920369], [75.812451, 26.920207], [75.81241, 26.920117], [75.81241, 26.920045], [75.812369, 26.919955], [75.812286, 26.919558], [75.812224, 26.919396]]}, "properties": {"feature_type": "edge", "u": 102, "v": 167, "edge_key": 0, "length_m": 117.941, "is_bridged": false, "is_bridge": false, "edge_betweenness": 0.0, "width_m": 8.363}}, {"type": "Feature", "geometry": {"type": "LineString", "coordinates": [[75.797527, 26.920401], [75.797628, 26.920382], [75.797828, 26.92029], [75.797929, 26.920236], [75.797989, 26.920163]]}, "properties": {"feature_type": "edge", "u": 103, "v": 117, "edge_key": 0, "length_m": 57.585, "is_bridged": false, "is_bridge": false, "edge_betweenness": 0.0, "width_m": 8.941}}, {"type": "Feature", "geometry": {"type": "LineString", "coordinates": [[75.797527, 26.920401], [75.797486, 26.920365], [75.797364, 26.920131], [75.7972, 26.919734], [75.7972, 26.91968]]}, "properties": {"feature_type": "edge", "u": 103, "v": 143, "edge_key": 0, "length_m": 93.255, "is_bridged": false, "is_bridge": false, "edge_betweenness": 0.0, "width_m": 8.795}}, {"type": "Feature", "geometry": {"type": "LineString", "coordinates": [[75.810277, 26.920328], [75.810236, 26.920292], [75.810236, 26.920202], [75.810195, 26.920112], [75.810153, 26.919877], [75.810008, 26.919391]]}, "properties": {"feature_type": "edge", "u": 104, "v": 166, "edge_key": 0, "length_m": 114.413, "is_bridged": false, "is_bridge": false, "edge_betweenness": 0.0, "width_m": 8.421}}, {"type": "Feature", "geometry": {"type": "LineString", "coordinates": [[75.810277, 26.920328], [75.810417, 26.920273], [75.810538, 26.920272]]}, "properties": {"feature_type": "edge", "u": 104, "v": 110, "edge_key": 0, "length_m": 28.129, "is_bridged": false, "is_bridge": false, "edge_betweenness": 0.0, "width_m": 8.946}}, {"type": "Feature", "geometry": {"type": "LineString", "coordinates": [[75.802703, 26.920335], [75.802682, 26.920245], [75.802561, 26.920137], [75.802297, 26.919832], [75.802114, 26.919616], [75.802093, 26.919562]]}, "properties": {"feature_type": "edge", "u": 106, "v": 149, "edge_key": 0, "length_m": 110.349, "is_bridged": false, "is_bridge": false, "edge_betweenness": 0.0, "width_m": 16.003}}, {"type": "Feature", "geometry": {"type": "LineString", "coordinates": [[75.804415, 26.920325], [75.804374, 26.920199], [75.804334, 26.920181]]}, "properties": {"feature_type": "edge", "u": 107, "v": 115, "edge_key": 0, "length_m": 20.129, "is_bridged": false, "is_bridge": true, "edge_betweenness": 0.0, "width_m": 8.42}}, {"type": "Feature", "geometry": {"type": "LineString", "coordinates": [[75.809068, 26.920281], [75.809068, 26.920227], [75.809127, 26.920154], [75.809147, 26.920064]]}, "properties": {"feature_type": "edge", "u": 108, "v": 118, "edge_key": 0, "length_m": 27.314, "is_bridged": false, "is_bridge": false, "edge_betweenness": 0.0, "width_m": 9.966}}, {"type": "Feature", "geometry": {"type": "LineString", "coordinates": [[75.805966, 26.920298], [75.805925, 26.92019], [75.806005, 26.920154], [75.806086, 26.920153]]}, "properties": {"feature_type": "edge", "u": 109, "v": 116, "edge_key": 0, "length_m": 31.314, "is_bridged": false, "is_bridge": true, "edge_betweenness": 0.0, "width_m": 8.709}}, {"type": "Feature", "geometry": {"type": "LineString", "coordinates": [[75.810538, 26.920272], [75.810578, 26.920218], [75.810739, 26.920145], [75.81098, 26.920071], [75.81108, 26.920016], [75.811221, 26.919997]]}, "properties": {"feature_type": "edge", "u": 110, "v": 121, "edge_key": 0, "length_m": 81.242, "is_bridged": false, "is_bridge": false, "edge_betweenness": 0.0, "width_m": 8.834}}, {"type": "Feature", "geometry": {"type": "LineString", "coordinates": [[75.803891, 26.920292], [75.803952, 26.920292], [75.804273, 26.920182], [75.804334, 26.920181]]}, "properties": {"feature_type": "edge", "u": 111, "v": 115, "edge_key": 0, "length_m": 48.971, "is_bridged": false, "is_bridge": false, "edge_betweenness": 0.0, "width_m": 8.676}}, {"type": "Feature", "geometry": {"type": "LineString", "coordinates": [[75.803891, 26.920292], [75.803829, 26.920076], [75.803768, 26.91995], [75.803768, 26.919896]]}, "properties": {"feature_type": "edge", "u": 111, "v": 127, "edge_key": 0, "length_m": 48.971, "is_bridged": false, "is_bridge": false, "edge_betweenness": 0.0, "width_m": 8.633}}, {"type": "Feature", "geometry": {"type": "LineString", "coordinates": [[75.801555, 26.920269], [75.801474, 26.920252], [75.801433, 26.920216], [75.801351, 26.919982], [75.80125, 26.919982], [75.80115, 26.920019]]}, "properties": {"feature_type": "edge", "u": 112, "v": 124, "edge_key": 0, "length_m": 65.1, "is_bridged": false, "is_bridge": true, "edge_betweenness": 0.0, "width_m": 8.725}}, {"type": "Feature", "geometry": {"type": "LineString", "coordinates": [[75.801555, 26.920269], [75.801635, 26.920215], [75.801914, 26.91978], [75.802093, 26.919562]]}, "properties": {"feature_type": "edge", "u": 112, "v": 149, "edge_key": 0, "length_m": 100.737, "is_bridged": false, "is_bridge": true, "edge_betweenness": 0.0, "width_m": 9.366}}, {"type": "Feature", "geometry": {"type": "LineString", "coordinates": [[75.798694, 26.920231], [75.798694, 26.920195], [75.798774, 26.920087], [75.798834, 26.92005]]}, "properties": {"feature_type": "edge", "u": 114, "v": 122, "edge_key": 0, "length_m": 26.614, "is_bridged": false, "is_bridge": false, "edge_betweenness": 0.0, "width_m": 9.457}}, {"type": "Feature", "geometry": {"type": "LineString", "coordinates": [[75.804334, 26.920181], [75.804333, 26.920091], [75.80423, 26.919821], [75.80419, 26.919785]]}, "properties": {"feature_type": "edge", "u": 115, "v": 134, "edge_key": 0, "length_m": 49.799, "is_bridged": false, "is_bridge": false, "edge_betweenness": 0.0, "width_m": 8.472}}, {"type": "Feature", "geometry": {"type": "LineString", "coordinates": [[75.806086, 26.920153], [75.806347, 26.92008], [75.806569, 26.92006]]}, "properties": {"feature_type": "edge", "u": 116, "v": 119, "edge_key": 0, "length_m": 52.142, "is_bridged": false, "is_bridge": false, "edge_betweenness": 0.0, "width_m": 8.591}}, {"type": "Feature", "geometry": {"type": "LineString", "coordinates": [[75.797989, 26.920163], [75.798089, 26.920145], [75.79833, 26.919999], [75.79839, 26.919926], [75.798388, 26.919746], [75.798245, 26.919349]]}, "properties": {"feature_type": "edge", "u": 117, "v": 183, "edge_key": 0, "length_m": 121.74, "is_bridged": false, "is_bridge": false, "edge_betweenness": 0.0, "width_m": 8.713}}, {"type": "Feature", "geometry": {"type": "LineString", "coordinates": [[75.797989, 26.920163], [75.797988, 26.920109], [75.797743, 26.919587], [75.797742, 26.919515]]}, "properties": {"feature_type": "edge", "u": 117, "v": 158, "edge_key": 0, "length_m": 81.941, "is_bridged": false, "is_bridge": false, "edge_betweenness": 0.0, "width_m": 8.594}}, {"type": "Feature", "geometry": {"type": "LineString", "coordinates": [[75.809147, 26.920064], [75.809107, 26.920046], [75.809023, 26.919649]]}, "properties": {"feature_type": "edge", "u": 118, "v": 139, "edge_key": 0, "length_m": 51.786, "is_bridged": false, "is_bridge": false, "edge_betweenness": 0.0, "width_m": 8.205}}, {"type": "Feature", "geometry": {"type": "LineString", "coordinates": [[75.809147, 26.920064], [75.809187, 26.920063], [75.809227, 26.920027], [75.809288, 26.920027]]}, "properties": {"feature_type": "edge", "u": 118, "v": 120, "edge_key": 0, "length_m": 15.657, "is_bridged": false, "is_bridge": false, "edge_betweenness": 0.0, "width_m": 8.944}}, {"type": "Feature", "geometry": {"type": "LineString", "coordinates": [[75.806569, 26.92006], [75.806568, 26.91997], [75.806527, 26.919898], [75.806527, 26.919844], [75.806383, 26.919502], [75.806383, 26.919447], [75.80624, 26.919105], [75.806239, 26.919051], [75.806157, 26.918835]]}, "properties": {"feature_type": "edge", "u": 119, "v": 251, "edge_key": 0, "length_m": 152.569, "is_bridged": false, "is_bridge": false, "edge_betweenness": 0.0, "width_m": 8.472}}, {"type": "Feature", "geometry": {"type": "LineString", "coordinates": [[75.809288, 26.920027], [75.809287, 26.919936]]}, "properties": {"feature_type": "edge", "u": 120, "v": 125, "edge_key": 0, "length_m": 10.0, "is_bridged": false, "is_bridge": false, "edge_betweenness": 0.0, "width_m": 11.236}}, {"type": "Feature", "geometry": {"type": "LineString", "coordinates": [[75.811221, 26.919997], [75.81122, 26.919871], [75.811159, 26.919709], [75.811158, 26.919637]]}, "properties": {"feature_type": "edge", "u": 121, "v": 140, "edge_key": 0, "length_m": 42.485, "is_bridged": false, "is_bridge": false, "edge_betweenness": 0.0, "width_m": 8.423}}, {"type": "Feature", "geometry": {"type": "LineString", "coordinates": [[75.798834, 26.92005], [75.798995, 26.920067], [75.799236, 26.919976], [75.799457, 26.91992], [75.799517, 26.919884], [75.799678, 26.919847], [75.799738, 26.91981], [75.799899, 26.919773], [75.79996, 26.919737], [75.800181, 26.919681], [75.800241, 26.919645], [75.800422, 26.91959], [75.800522, 26.919589]]}, "properties": {"feature_type": "edge", "u": 122, "v": 148, "edge_key": 0, "length_m": 190.368, "is_bridged": false, "is_bridge": false, "edge_betweenness": 0.0, "width_m": 8.455}}, {"type": "Feature", "geometry": {"type": "LineString", "coordinates": [[75.798834, 26.92005], [75.798852, 26.919761]]}, "properties": {"feature_type": "edge", "u": 122, "v": 135, "edge_key": 0, "length_m": 32.828, "is_bridged": false, "is_bridge": false, "edge_betweenness": 0.0, "width_m": 8.252}}, {"type": "Feature", "geometry": {"type": "LineString", "coordinates": [[75.794946, 26.920054], [75.794986, 26.92], [75.795107, 26.919963]]}, "properties": {"feature_type": "edge", "u": 123, "v": 126, "edge_key": 0, "length_m": 20.306, "is_bridged": false, "is_bridge": true, "edge_betweenness": 0.0, "width_m": 9.32}}, {"type": "Feature", "geometry": {"type": "LineString", "coordinates": [[75.809287, 26.919936], [75.809327, 26.919936], [75.809728, 26.919573], [75.809747, 26.919518]]}, "properties": {"feature_type": "edge", "u": 125, "v": 153, "edge_key": 0, "length_m": 67.041, "is_bridged": false, "is_bridge": false, "edge_betweenness": 0.0, "width_m": 9.131}}, {"type": "Feature", "geometry": {"type": "LineString", "coordinates": [[75.809287, 26.919936], [75.809246, 26.919864], [75.809184, 26.91963]]}, "properties": {"feature_type": "edge", "u": 125, "v": 142, "edge_key": 0, "length_m": 37.43, "is_bridged": false, "is_bridge": false, "edge_betweenness": 0.0, "width_m": 8.693}}, {"type": "Feature", "geometry": {"type": "LineString", "coordinates": [[75.795107, 26.919963], [75.794966, 26.919964], [75.794945, 26.919946]]}, "properties": {"feature_type": "edge", "u": 126, "v": 128, "edge_key": 0, "length_m": 16.828, "is_bridged": false, "is_bridge": true, "edge_betweenness": 0.0, "width_m": 9.848}}, {"type": "Feature", "geometry": {"type": "LineString", "coordinates": [[75.795107, 26.919963], [75.795308, 26.919889], [75.795569, 26.919834]]}, "properties": {"feature_type": "edge", "u": 126, "v": 132, "edge_key": 0, "length_m": 49.722, "is_bridged": false, "is_bridge": false, "edge_betweenness": 0.0, "width_m": 13.469}}, {"type": "Feature", "geometry": {"type": "LineString", "coordinates": [[75.803768, 26.919896], [75.803727, 26.919842], [75.803665, 26.919643], [75.803542, 26.919373]]}, "properties": {"feature_type": "edge", "u": 127, "v": 180, "edge_key": 0, "length_m": 67.113, "is_bridged": false, "is_bridge": true, "edge_betweenness": 0.0, "width_m": 8.646}}, {"type": "Feature", "geometry": {"type": "LineString", "coordinates": [[75.803768, 26.919896], [75.804129, 26.919785], [75.80419, 26.919785]]}, "properties": {"feature_type": "edge", "u": 127, "v": 134, "edge_key": 0, "length_m": 46.614, "is_bridged": false, "is_bridge": false, "edge_betweenness": 0.0, "width_m": 8.685}}, {"type": "Feature", "geometry": {"type": "LineString", "coordinates": [[75.807111, 26.919804], [75.807153, 26.920021], [75.807233, 26.920075], [75.807414, 26.920019], [75.807495, 26.920019], [75.807837, 26.919927], [75.807917, 26.919926], [75.8084, 26.919815], [75.80848, 26.91976], [75.808499, 26.919652]]}, "properties": {"feature_type": "edge", "u": 130, "v": 138, "edge_key": 0, "length_m": 187.054, "is_bridged": false, "is_bridge": false, "edge_betweenness": 0.0, "width_m": 8.381}}, {"type": "Feature", "geometry": {"type": "LineString", "coordinates": [[75.807111, 26.919804], [75.807049, 26.919642], [75.807049, 26.91957]]}, "properties": {"feature_type": "edge", "u": 130, "v": 146, "edge_key": 0, "length_m": 28.485, "is_bridged": false, "is_bridge": false, "edge_betweenness": 0.0, "width_m": 8.926}}, {"type": "Feature", "geometry": {"type": "LineString", "coordinates": [[75.807111, 26.919804], [75.807211, 26.919804], [75.807453, 26.91973], [75.808337, 26.919527], [75.808458, 26.919526]]}, "properties": {"feature_type": "edge", "u": 130, "v": 147, "edge_key": 0, "length_m": 146.426, "is_bridged": false, "is_bridge": false, "edge_betweenness": 0.0, "width_m": 8.465}}, {"type": "Feature", "geometry": {"type": "LineString", "coordinates": [[75.808621, 26.919796], [75.80858, 26.919652]]}, "properties": {"feature_type": "edge", "u": 131, "v": 141, "edge_key": 0, "length_m": 17.657, "is_bridged": false, "is_bridge": true, "edge_betweenness": 0.0, "width_m": 8.315}}, {"type": "Feature", "geometry": {"type": "LineString", "coordinates": [[75.795569, 26.919834], [75.795629, 26.919779]]}, "properties": {"feature_type": "edge", "u": 132, "v": 136, "edge_key": 0, "length_m": 8.944, "is_bridged": false, "is_bridge": false, "edge_betweenness": 0.0, "width_m": 22.216}}, {"type": "Feature", "geometry": {"type": "LineString", "coordinates": [[75.805539, 26.919795], [75.805478, 26.919687], [75.805478, 26.919633], [75.805437, 26.919561], [75.805272, 26.919002]]}, "properties": {"feature_type": "edge", "u": 133, "v": 232, "edge_key": 0, "length_m": 98.77, "is_bridged": false, "is_bridge": true, "edge_betweenness": 0.0, "width_m": 8.462}}, {"type": "Feature", "geometry": {"type": "LineString", "coordinates": [[75.80419, 26.919785], [75.804169, 26.919659], [75.804005, 26.919244], [75.804004, 26.919154]]}, "properties": {"feature_type": "edge", "u": 134, "v": 206, "edge_key": 0, "length_m": 77.1, "is_bridged": false, "is_bridge": true, "edge_betweenness": 0.0, "width_m": 8.514}}, {"type": "Feature", "geometry": {"type": "LineString", "coordinates": [[75.798852, 26.919761], [75.798932, 26.919761], [75.799133, 26.919687], [75.799194, 26.919687], [75.799817, 26.919485], [75.799714, 26.919196], [75.799489, 26.918728], [75.799448, 26.91862], [75.799447, 26.91853]]}, "properties": {"feature_type": "edge", "u": 135, "v": 275, "edge_key": 0, "length_m": 229.338, "is_bridged": false, "is_bridge": false, "edge_betweenness": 0.0, "width_m": 8.492}}, {"type": "Feature", "geometry": {"type": "LineString", "coordinates": [[75.798852, 26.919761], [75.798831, 26.919617], [75.798728, 26.919401], [75.798687, 26.919256], [75.798647, 26.919221]]}, "properties": {"feature_type": "edge", "u": 135, "v": 201, "edge_key": 0, "length_m": 68.284, "is_bridged": false, "is_bridge": false, "edge_betweenness": 0.0, "width_m": 8.504}}, {"type": "Feature", "geometry": {"type": "LineString", "coordinates": [[75.795629, 26.919779], [75.79571, 26.919779], [75.795971, 26.919687]]}, "properties": {"feature_type": "edge", "u": 136, "v": 137, "edge_key": 0, "length_m": 36.745, "is_bridged": false, "is_bridge": false, "edge_betweenness": 0.0, "width_m": 16.702}}, {"type": "Feature", "geometry": {"type": "LineString", "coordinates": [[75.795629, 26.919779], [75.795629, 26.919725], [75.795688, 26.919616], [75.795688, 26.919508], [75.795667, 26.91949], [75.795667, 26.919364], [75.795585, 26.91922], [75.795584, 26.919129]]}, "properties": {"feature_type": "edge", "u": 136, "v": 219, "edge_key": 0, "length_m": 78.627, "is_bridged": false, "is_bridge": false, "edge_betweenness": 0.0, "width_m": 9.442}}, {"type": "Feature", "geometry": {"type": "LineString", "coordinates": [[75.795971, 26.919687], [75.796092, 26.919704], [75.796293, 26.919631]]}, "properties": {"feature_type": "edge", "u": 137, "v": 144, "edge_key": 0, "length_m": 33.706, "is_bridged": false, "is_bridge": false, "edge_betweenness": 0.0, "width_m": 6.667}}, {"type": "Feature", "geometry": {"type": "LineString", "coordinates": [[75.795971, 26.919687], [75.796071, 26.919614], [75.796172, 26.919578]]}, "properties": {"feature_type": "edge", "u": 137, "v": 152, "edge_key": 0, "length_m": 23.751, "is_bridged": false, "is_bridge": false, "edge_betweenness": 0.0, "width_m": 7.472}}, {"type": "Feature", "geometry": {"type": "LineString", "coordinates": [[75.808499, 26.919652], [75.80858, 26.919652]]}, "properties": {"feature_type": "edge", "u": 138, "v": 141, "edge_key": 0, "length_m": 8.0, "is_bridged": false, "is_bridge": false, "edge_betweenness": 0.0, "width_m": 8.315}}, {"type": "Feature", "geometry": {"type": "LineString", "coordinates": [[75.808499, 26.919652], [75.808458, 26.919526]]}, "properties": {"feature_type": "edge", "u": 138, "v": 147, "edge_key": 0, "length_m": 15.075, "is_bridged": false, "is_bridge": false, "edge_betweenness": 0.0, "width_m": 8.828}}, {"type": "Feature", "geometry": {"type": "LineString", "coordinates": [[75.809023, 26.919649], [75.809184, 26.91963]]}, "properties": {"feature_type": "edge", "u": 139, "v": 142, "edge_key": 0, "length_m": 16.828, "is_bridged": false, "is_bridge": false, "edge_betweenness": 0.0, "width_m": 8.743}}, {"type": "Feature", "geometry": {"type": "LineString", "coordinates": [[75.809023, 26.919649], [75.808879, 26.919144], [75.808878, 26.919072], [75.808775, 26.918766], [75.808775, 26.918693], [75.808692, 26.918459], [75.808692, 26.918369]]}, "properties": {"feature_type": "edge", "u": 139, "v": 290, "edge_key": 0, "length_m": 155.255, "is_bridged": false, "is_bridge": false, "edge_betweenness": 0.0, "width_m": 8.367}}, {"type": "Feature", "geometry": {"type": "LineString", "coordinates": [[75.811158, 26.919637], [75.811138, 26.919619], [75.811136, 26.919348], [75.811116, 26.91933], [75.811113, 26.919023]]}, "properties": {"feature_type": "edge", "u": 140, "v": 221, "edge_key": 0, "length_m": 69.657, "is_bridged": false, "is_bridge": false, "edge_betweenness": 0.0, "width_m": 8.352}}, {"type": "Feature", "geometry": {"type": "LineString", "coordinates": [[75.811158, 26.919637], [75.811239, 26.919636], [75.811299, 26.9196], [75.81144, 26.919581], [75.811882, 26.919452], [75.812224, 26.919396]]}, "properties": {"feature_type": "edge", "u": 140, "v": 167, "edge_key": 0, "length_m": 116.77, "is_bridged": false, "is_bridge": false, "edge_betweenness": 0.0, "width_m": 8.472}}, {"type": "Feature", "geometry": {"type": "LineString", "coordinates": [[75.80858, 26.919652], [75.808579, 26.919579], [75.808559, 26.919561]]}, "properties": {"feature_type": "edge", "u": 141, "v": 150, "edge_key": 0, "length_m": 10.828, "is_bridged": false, "is_bridge": false, "edge_betweenness": 0.0, "width_m": 8.567}}, {"type": "Feature", "geometry": {"type": "LineString", "coordinates": [[75.809184, 26.91963], [75.809244, 26.919594]]}, "properties": {"feature_type": "edge", "u": 142, "v": 145, "edge_key": 0, "length_m": 7.657, "is_bridged": false, "is_bridge": false, "edge_betweenness": 0.0, "width_m": 10.893}}, {"type": "Feature", "geometry": {"type": "LineString", "coordinates": [[75.7972, 26.91968], [75.797561, 26.91957], [75.797622, 26.919533], [75.797742, 26.919515]]}, "properties": {"feature_type": "edge", "u": 143, "v": 158, "edge_key": 0, "length_m": 61.1, "is_bridged": false, "is_bridge": false, "edge_betweenness": 0.0, "width_m": 8.724}}, {"type": "Feature", "geometry": {"type": "LineString", "coordinates": [[75.7972, 26.91968], [75.797159, 26.919644], [75.797057, 26.919392]]}, "properties": {"feature_type": "edge", "u": 143, "v": 178, "edge_key": 0, "length_m": 37.443, "is_bridged": false, "is_bridge": false, "edge_betweenness": 0.0, "width_m": 9.281}}, {"type": "Feature", "geometry": {"type": "LineString", "coordinates": [[75.796293, 26.919631], [75.796132, 26.91965], [75.796172, 26.919578]]}, "properties": {"feature_type": "edge", "u": 144, "v": 152, "edge_key": 0, "length_m": 25.336, "is_bridged": false, "is_bridge": false, "edge_betweenness": 0.0, "width_m": 6.236}}, {"type": "Feature", "geometry": {"type": "LineString", "coordinates": [[75.796293, 26.919631], [75.796192, 26.919632], [75.796172, 26.919578]]}, "properties": {"feature_type": "edge", "u": 144, "v": 152, "edge_key": 1, "length_m": 16.472, "is_bridged": false, "is_bridge": false, "edge_betweenness": 0.0, "width_m": 6.236}}, {"type": "Feature", "geometry": {"type": "LineString", "coordinates": [[75.796293, 26.919631], [75.796172, 26.919578]]}, "properties": {"feature_type": "edge", "u": 144, "v": 152, "edge_key": 2, "length_m": 13.416, "is_bridged": false, "is_bridge": false, "edge_betweenness": 0.0, "width_m": 6.981}}, {"type": "Feature", "geometry": {"type": "LineString", "coordinates": [[75.796293, 26.919631], [75.796333, 26.919559]]}, "properties": {"feature_type": "edge", "u": 144, "v": 154, "edge_key": 0, "length_m": 8.944, "is_bridged": false, "is_bridge": false, "edge_betweenness": 0.0, "width_m": 5.333}}, {"type": "Feature", "geometry": {"type": "LineString", "coordinates": [[75.796293, 26.919631], [75.796373, 26.919576], [75.796333, 26.919559]]}, "properties": {"feature_type": "edge", "u": 144, "v": 154, "edge_key": 1, "length_m": 14.472, "is_bridged": false, "is_bridge": false, "edge_betweenness": 0.0, "width_m": 5.333}}, {"type": "Feature", "geometry": {"type": "LineString", "coordinates": [[75.796293, 26.919631], [75.796534, 26.919539]]}, "properties": {"feature_type": "edge", "u": 144, "v": 155, "edge_key": 0, "length_m": 26.185, "is_bridged": false, "is_bridge": false, "edge_betweenness": 0.0, "width_m": 7.219}}, {"type": "Feature", "geometry": {"type": "LineString", "coordinates": [[75.796293, 26.919631], [75.796433, 26.919558], [75.796413, 26.919522]]}, "properties": {"feature_type": "edge", "u": 144, "v": 157, "edge_key": 0, "length_m": 20.597, "is_bridged": false, "is_bridge": false, "edge_betweenness": 0.0, "width_m": 5.886}}, {"type": "Feature", "geometry": {"type": "LineString", "coordinates": [[75.809244, 26.919594], [75.809325, 26.919593], [75.809425, 26.919556]]}, "properties": {"feature_type": "edge", "u": 145, "v": 151, "edge_key": 0, "length_m": 19.657, "is_bridged": false, "is_bridge": false, "edge_betweenness": 0.0, "width_m": 9.252}}, {"type": "Feature", "geometry": {"type": "LineString", "coordinates": [[75.809244, 26.919594], [75.809224, 26.919576], [75.809202, 26.919377], [75.809162, 26.919287], [75.809181, 26.919251]]}, "properties": {"feature_type": "edge", "u": 145, "v": 189, "edge_key": 0, "length_m": 42.142, "is_bridged": false, "is_bridge": true, "edge_betweenness": 0.0, "width_m": 8.436}}, {"type": "Feature", "geometry": {"type": "LineString", "coordinates": [[75.807049, 26.91957], [75.806987, 26.919372], [75.807047, 26.919281], [75.807368, 26.919225], [75.807469, 26.919188], [75.807549, 26.919188], [75.80765, 26.919151]]}, "properties": {"feature_type": "edge", "u": 146, "v": 207, "edge_key": 0, "length_m": 102.77, "is_bridged": false, "is_bridge": false, "edge_betweenness": 0.0, "width_m": 8.487}}, {"type": "Feature", "geometry": {"type": "LineString", "coordinates": [[75.807049, 26.91957], [75.807149, 26.919569], [75.808275, 26.91931], [75.808417, 26.919327]]}, "properties": {"feature_type": "edge", "u": 146, "v": 173, "edge_key": 0, "length_m": 147.844, "is_bridged": false, "is_bridge": false, "edge_betweenness": 0.0, "width_m": 8.403}}, {"type": "Feature", "geometry": {"type": "LineString", "coordinates": [[75.808458, 26.919526], [75.808559, 26.919561]]}, "properties": {"feature_type": "edge", "u": 147, "v": 150, "edge_key": 0, "length_m": 11.211, "is_bridged": false, "is_bridge": false, "edge_betweenness": 0.0, "width_m": 8.086}}, {"type": "Feature", "geometry": {"type": "LineString", "coordinates": [[75.808458, 26.919526], [75.808498, 26.919489], [75.808539, 26.919489]]}, "properties": {"feature_type": "edge", "u": 147, "v": 156, "edge_key": 0, "length_m": 9.657, "is_bridged": false, "is_bridge": false, "edge_betweenness": 0.0, "width_m": 6.99}}, {"type": "Feature", "geometry": {"type": "LineString", "coordinates": [[75.808458, 26.919526], [75.808417, 26.919327]]}, "properties": {"feature_type": "edge", "u": 147, "v": 173, "edge_key": 0, "length_m": 22.492, "is_bridged": false, "is_bridge": false, "edge_betweenness": 0.0, "width_m": 8.71}}, {"type": "Feature", "geometry": {"type": "LineString", "coordinates": [[75.800522, 26.919589], [75.800583, 26.919535], [75.800864, 26.919443], [75.801005, 26.919424]]}, "properties": {"feature_type": "edge", "u": 148, "v": 169, "edge_key": 0, "length_m": 56.271, "is_bridged": false, "is_bridge": false, "edge_betweenness": 0.0, "width_m": 8.599}}, {"type": "Feature", "geometry": {"type": "LineString", "coordinates": [[75.802093, 26.919562], [75.802032, 26.91949], [75.802032, 26.919436]]}, "properties": {"feature_type": "edge", "u": 149, "v": 164, "edge_key": 0, "length_m": 16.485, "is_bridged": false, "is_bridge": false, "edge_betweenness": 0.0, "width_m": 16.145}}, {"type": "Feature", "geometry": {"type": "LineString", "coordinates": [[75.802093, 26.919562], [75.802153, 26.919453]]}, "properties": {"feature_type": "edge", "u": 149, "v": 160, "edge_key": 0, "length_m": 13.625, "is_bridged": false, "is_bridge": false, "edge_betweenness": 0.0, "width_m": 10.359}}, {"type": "Feature", "geometry": {"type": "LineString", "coordinates": [[75.808559, 26.919561], [75.808539, 26.919489]]}, "properties": {"feature_type": "edge", "u": 150, "v": 156, "edge_key": 0, "length_m": 8.828, "is_bridged": false, "is_bridge": false, "edge_betweenness": 0.0, "width_m": 7.65}}, {"type": "Feature", "geometry": {"type": "LineString", "coordinates": [[75.809425, 26.919556], [75.809506, 26.919556], [75.809606, 26.919519], [75.809747, 26.919518]]}, "properties": {"feature_type": "edge", "u": 151, "v": 153, "edge_key": 0, "length_m": 33.657, "is_bridged": false, "is_bridge": false, "edge_betweenness": 0.0, "width_m": 8.536}}, {"type": "Feature", "geometry": {"type": "LineString", "coordinates": [[75.809425, 26.919556], [75.809424, 26.91943], [75.809342, 26.919196]]}, "properties": {"feature_type": "edge", "u": 151, "v": 195, "edge_key": 0, "length_m": 43.314, "is_bridged": false, "is_bridge": true, "edge_betweenness": 0.0, "width_m": 8.355}}, {"type": "Feature", "geometry": {"type": "LineString", "coordinates": [[75.796172, 26.919578], [75.796091, 26.91956], [75.79605, 26.919434], [75.795826, 26.919182], [75.795584, 26.919129]]}, "properties": {"feature_type": "edge", "u": 152, "v": 219, "edge_key": 0, "length_m": 87.145, "is_bridged": false, "is_bridge": false, "edge_betweenness": 0.0, "width_m": 8.831}}, {"type": "Feature", "geometry": {"type": "LineString", "coordinates": [[75.796172, 26.919578], [75.796333, 26.919559]]}, "properties": {"feature_type": "edge", "u": 152, "v": 154, "edge_key": 0, "length_m": 16.198, "is_bridged": false, "is_bridge": false, "edge_betweenness": 0.0, "width_m": 6.981}}, {"type": "Feature", "geometry": {"type": "LineString", "coordinates": [[75.809747, 26.919518], [75.809808, 26.919518], [75.809888, 26.919445], [75.810008, 26.919391]]}, "properties": {"feature_type": "edge", "u": 153, "v": 166, "edge_key": 0, "length_m": 31.443, "is_bridged": false, "is_bridge": false, "edge_betweenness": 0.0, "width_m": 9.318}}, {"type": "Feature", "geometry": {"type": "LineString", "coordinates": [[75.796333, 26.919559], [75.796373, 26.919522], [75.796413, 26.919522]]}, "properties": {"feature_type": "edge", "u": 154, "v": 157, "edge_key": 0, "length_m": 9.657, "is_bridged": false, "is_bridge": false, "edge_betweenness": 0.0, "width_m": 5.886}}, {"type": "Feature", "geometry": {"type": "LineString", "coordinates": [[75.796534, 26.919539], [75.796554, 26.919485]]}, "properties": {"feature_type": "edge", "u": 155, "v": 161, "edge_key": 0, "length_m": 6.472, "is_bridged": false, "is_bridge": false, "edge_betweenness": 0.0, "width_m": 4.552}}, {"type": "Feature", "geometry": {"type": "LineString", "coordinates": [[75.796534, 26.919539], [75.796594, 26.919503], [75.796554, 26.919485]]}, "properties": {"feature_type": "edge", "u": 155, "v": 161, "edge_key": 1, "length_m": 11.683, "is_bridged": false, "is_bridge": false, "edge_betweenness": 0.0, "width_m": 4.552}}, {"type": "Feature", "geometry": {"type": "LineString", "coordinates": [[75.796534, 26.919539], [75.796493, 26.919485], [75.796554, 26.919485]]}, "properties": {"feature_type": "edge", "u": 155, "v": 161, "edge_key": 2, "length_m": 13.211, "is_bridged": false, "is_bridge": false, "edge_betweenness": 0.0, "width_m": 5.886}}, {"type": "Feature", "geometry": {"type": "LineString", "coordinates": [[75.796534, 26.919539], [75.796635, 26.919539], [75.796655, 26.919521]]}, "properties": {"feature_type": "edge", "u": 155, "v": 159, "edge_key": 0, "length_m": 12.828, "is_bridged": false, "is_bridge": false, "edge_betweenness": 0.0, "width_m": 7.534}}, {"type": "Feature", "geometry": {"type": "LineString", "coordinates": [[75.796534, 26.919539], [75.796433, 26.919504], [75.796413, 26.919522]]}, "properties": {"feature_type": "edge", "u": 155, "v": 157, "edge_key": 0, "length_m": 13.599, "is_bridged": false, "is_bridge": false, "edge_betweenness": 0.0, "width_m": 6.438}}, {"type": "Feature", "geometry": {"type": "LineString", "coordinates": [[75.808539, 26.919489], [75.808538, 26.919381], [75.808518, 26.919363]]}, "properties": {"feature_type": "edge", "u": 156, "v": 177, "edge_key": 0, "length_m": 14.828, "is_bridged": false, "is_bridge": false, "edge_betweenness": 0.0, "width_m": 7.935}}, {"type": "Feature", "geometry": {"type": "LineString", "coordinates": [[75.797742, 26.919515], [75.797782, 26.919478], [75.798084, 26.919368], [75.798245, 26.919349]]}, "properties": {"feature_type": "edge", "u": 158, "v": 183, "edge_key": 0, "length_m": 57.456, "is_bridged": false, "is_bridge": false, "edge_betweenness": 0.0, "width_m": 8.567}}, {"type": "Feature", "geometry": {"type": "LineString", "coordinates": [[75.796655, 26.919521], [75.796715, 26.919502]]}, "properties": {"feature_type": "edge", "u": 159, "v": 162, "edge_key": 0, "length_m": 6.828, "is_bridged": false, "is_bridge": false, "edge_betweenness": 0.0, "width_m": 8.63}}, {"type": "Feature", "geometry": {"type": "LineString", "coordinates": [[75.796655, 26.919521], [75.796634, 26.919449]]}, "properties": {"feature_type": "edge", "u": 159, "v": 168, "edge_key": 0, "length_m": 8.472, "is_bridged": false, "is_bridge": false, "edge_betweenness": 0.0, "width_m": 6.2}}, {"type": "Feature", "geometry": {"type": "LineString", "coordinates": [[75.802153, 26.919453], [75.802234, 26.919471], [75.802254, 26.919453]]}, "properties": {"feature_type": "edge", "u": 160, "v": 165, "edge_key": 0, "length_m": 11.075, "is_bridged": false, "is_bridge": false, "edge_betweenness": 0.0, "width_m": 6.981}}, {"type": "Feature", "geometry": {"type": "LineString", "coordinates": [[75.802153, 26.919453], [75.802193, 26.919435], [75.802193, 26.919399]]}, "properties": {"feature_type": "edge", "u": 160, "v": 172, "edge_key": 0, "length_m": 8.472, "is_bridged": false, "is_bridge": false, "edge_betweenness": 0.0, "width_m": 4.552}}, {"type": "Feature", "geometry": {"type": "LineString", "coordinates": [[75.802153, 26.919453], [75.802153, 26.919399], [75.802193, 26.919399]]}, "properties": {"feature_type": "edge", "u": 160, "v": 172, "edge_key": 1, "length_m": 10.0, "is_bridged": false, "is_bridge": false, "edge_betweenness": 0.0, "width_m": 5.886}}, {"type": "Feature", "geometry": {"type": "LineString", "coordinates": [[75.802153, 26.919453], [75.802092, 26.919418], [75.802032, 26.919436]]}, "properties": {"feature_type": "edge", "u": 160, "v": 164, "edge_key": 0, "length_m": 14.04, "is_bridged": false, "is_bridge": false, "edge_betweenness": 0.0, "width_m": 10.55}}, {"type": "Feature", "geometry": {"type": "LineString", "coordinates": [[75.796554, 26.919485], [75.796594, 26.919449], [75.796634, 26.919449]]}, "properties": {"feature_type": "edge", "u": 161, "v": 168, "edge_key": 0, "length_m": 9.657, "is_bridged": false, "is_bridge": false, "edge_betweenness": 0.0, "width_m": 5.886}}, {"type": "Feature", "geometry": {"type": "LineString", "coordinates": [[75.796715, 26.919502], [75.796775, 26.919484]]}, "properties": {"feature_type": "edge", "u": 162, "v": 163, "edge_key": 0, "length_m": 6.828, "is_bridged": false, "is_bridge": false, "edge_betweenness": 0.0, "width_m": 8.63}}, {"type": "Feature", "geometry": {"type": "LineString", "coordinates": [[75.796715, 26.919502], [75.796694, 26.91943]]}, "properties": {"feature_type": "edge", "u": 162, "v": 171, "edge_key": 0, "length_m": 8.472, "is_bridged": false, "is_bridge": false, "edge_betweenness": 0.0, "width_m": 6.2}}, {"type": "Feature", "geometry": {"type": "LineString", "coordinates": [[75.796775, 26.919484], [75.796936, 26.919429], [75.797037, 26.919428], [75.797057, 26.919392]]}, "properties": {"feature_type": "edge", "u": 163, "v": 178, "edge_key": 0, "length_m": 32.601, "is_bridged": false, "is_bridge": false, "edge_betweenness": 0.0, "width_m": 8.602}}, {"type": "Feature", "geometry": {"type": "LineString", "coordinates": [[75.796775, 26.919484], [75.796755, 26.919412]]}, "properties": {"feature_type": "edge", "u": 163, "v": 175, "edge_key": 0, "length_m": 8.472, "is_bridged": false, "is_bridge": false, "edge_betweenness": 0.0, "width_m": 6.2}}, {"type": "Feature", "geometry": {"type": "LineString", "coordinates": [[75.802032, 26.919436], [75.801931, 26.919364], [75.801829, 26.919166], [75.801788, 26.919149]]}, "properties": {"feature_type": "edge", "u": 164, "v": 213, "edge_key": 0, "length_m": 43.572, "is_bridged": false, "is_bridge": false, "edge_betweenness": 0.0, "width_m": 15.628}}, {"type": "Feature", "geometry": {"type": "LineString", "coordinates": [[75.802254, 26.919453], [75.802374, 26.919416]]}, "properties": {"feature_type": "edge", "u": 165, "v": 170, "edge_key": 0, "length_m": 12.944, "is_bridged": false, "is_bridge": false, "edge_betweenness": 0.0, "width_m": 8.63}}, {"type": "Feature", "geometry": {"type": "LineString", "coordinates": [[75.802254, 26.919453], [75.802253, 26.919381]]}, "properties": {"feature_type": "edge", "u": 165, "v": 176, "edge_key": 0, "length_m": 8.0, "is_bridged": false, "is_bridge": false, "edge_betweenness": 0.0, "width_m": 6.2}}, {"type": "Feature", "geometry": {"type": "LineString", "coordinates": [[75.810008, 26.919391], [75.810008, 26.919354], [75.810128, 26.919173]]}, "properties": {"feature_type": "edge", "u": 166, "v": 199, "edge_key": 0, "length_m": 28.971, "is_bridged": false, "is_bridge": false, "edge_betweenness": 0.0, "width_m": 9.12}}, {"type": "Feature", "geometry": {"type": "LineString", "coordinates": [[75.812224, 26.919396], [75.812204, 26.91936], [75.812203, 26.919233], [75.8121, 26.918891], [75.812099, 26.918801]]}, "properties": {"feature_type": "edge", "u": 167, "v": 252, "edge_key": 0, "length_m": 70.614, "is_bridged": false, "is_bridge": false, "edge_betweenness": 0.0, "width_m": 8.514}}, {"type": "Feature", "geometry": {"type": "LineString", "coordinates": [[75.796634, 26.919449], [75.796694, 26.91943]]}, "properties": {"feature_type": "edge", "u": 168, "v": 171, "edge_key": 0, "length_m": 6.828, "is_bridged": false, "is_bridge": false, "edge_betweenness": 0.0, "width_m": 6.438}}, {"type": "Feature", "geometry": {"type": "LineString", "coordinates": [[75.801005, 26.919424], [75.801005, 26.919478], [75.801108, 26.91973], [75.801189, 26.919784], [75.801269, 26.919783], [75.801369, 26.919711], [75.801369, 26.919602], [75.801266, 26.919332]]}, "properties": {"feature_type": "edge", "u": 169, "v": 184, "edge_key": 0, "length_m": 116.083, "is_bridged": false, "is_bridge": false, "edge_betweenness": 0.0, "width_m": 8.669}}, {"type": "Feature", "geometry": {"type": "LineString", "coordinates": [[75.801005, 26.919424], [75.801025, 26.919388], [75.801266, 26.919332]]}, "properties": {"feature_type": "edge", "u": 169, "v": 184, "edge_key": 1, "length_m": 30.601, "is_bridged": false, "is_bridge": false, "edge_betweenness": 0.0, "width_m": 8.793}}, {"type": "Feature", "geometry": {"type": "LineString", "coordinates": [[75.802374, 26.919416], [75.802314, 26.919398], [75.802314, 26.919362]]}, "properties": {"feature_type": "edge", "u": 170, "v": 179, "edge_key": 0, "length_m": 10.325, "is_bridged": false, "is_bridge": false, "edge_betweenness": 0.0, "width_m": 6.2}}, {"type": "Feature", "geometry": {"type": "LineString", "coordinates": [[75.802374, 26.919416], [75.802374, 26.919344]]}, "properties": {"feature_type": "edge", "u": 170, "v": 181, "edge_key": 0, "length_m": 8.0, "is_bridged": false, "is_bridge": false, "edge_betweenness": 0.0, "width_m": 6.2}}, {"type": "Feature", "geometry": {"type": "LineString", "coordinates": [[75.802374, 26.919416], [75.802495, 26.919379], [75.802615, 26.919306]]}, "properties": {"feature_type": "edge", "u": 170, "v": 182, "edge_key": 0, "length_m": 27.193, "is_bridged": false, "is_bridge": false, "edge_betweenness": 0.0, "width_m": 7.472}}, {"type": "Feature", "geometry": {"type": "LineString", "coordinates": [[75.802374, 26.919416], [75.802434, 26.919362], [75.802434, 26.919325]]}, "properties": {"feature_type": "edge", "u": 170, "v": 185, "edge_key": 0, "length_m": 12.485, "is_bridged": false, "is_bridge": false, "edge_betweenness": 0.0, "width_m": 6.2}}, {"type": "Feature", "geometry": {"type": "LineString", "coordinates": [[75.796694, 26.91943], [75.796755, 26.919412]]}, "properties": {"feature_type": "edge", "u": 171, "v": 175, "edge_key": 0, "length_m": 6.828, "is_bridged": false, "is_bridge": false, "edge_betweenness": 0.0, "width_m": 6.438}}, {"type": "Feature", "geometry": {"type": "LineString", "coordinates": [[75.802193, 26.919399], [75.802253, 26.919381]]}, "properties": {"feature_type": "edge", "u": 172, "v": 176, "edge_key": 0, "length_m": 6.828, "is_bridged": false, "is_bridge": false, "edge_betweenness": 0.0, "width_m": 6.438}}, {"type": "Feature", "geometry": {"type": "LineString", "coordinates": [[75.808417, 26.919327], [75.808518, 26.919363]]}, "properties": {"feature_type": "edge", "u": 173, "v": 177, "edge_key": 0, "length_m": 11.211, "is_bridged": false, "is_bridge": false, "edge_betweenness": 0.0, "width_m": 7.296}}, {"type": "Feature", "geometry": {"type": "LineString", "coordinates": [[75.808417, 26.919327], [75.808436, 26.919291], [75.808497, 26.919291]]}, "properties": {"feature_type": "edge", "u": 173, "v": 186, "edge_key": 0, "length_m": 10.472, "is_bridged": false, "is_bridge": false, "edge_betweenness": 0.0, "width_m": 7.064}}, {"type": "Feature", "geometry": {"type": "LineString", "coordinates": [[75.808417, 26.919327], [75.808376, 26.919274], [75.808375, 26.919111]]}, "properties": {"feature_type": "edge", "u": 173, "v": 212, "edge_key": 0, "length_m": 25.211, "is_bridged": false, "is_bridge": false, "edge_betweenness": 0.0, "width_m": 8.283}}, {"type": "Feature", "geometry": {"type": "LineString", "coordinates": [[75.813271, 26.919336], [75.813029, 26.919301], [75.812867, 26.919194]]}, "properties": {"feature_type": "edge", "u": 174, "v": 192, "edge_key": 0, "length_m": 46.627, "is_bridged": false, "is_bridge": true, "edge_betweenness": 0.0, "width_m": 8.96}}, {"type": "Feature", "geometry": {"type": "LineString", "coordinates": [[75.813271, 26.919336], [75.813392, 26.919335], [75.813492, 26.919298], [75.814156, 26.919186], [75.814297, 26.919149], [75.814337, 26.919113]]}, "properties": {"feature_type": "edge", "u": 174, "v": 200, "edge_key": 0, "length_m": 115.941, "is_bridged": false, "is_bridge": false, "edge_betweenness": 0.0, "width_m": 8.482}}, {"type": "Feature", "geometry": {"type": "LineString", "coordinates": [[75.813271, 26.919336], [75.813188, 26.918957], [75.813167, 26.918939], [75.813167, 26.918867], [75.813126, 26.918777], [75.813105, 26.918614]]}, "properties": {"feature_type": "edge", "u": 174, "v": 264, "edge_key": 0, "length_m": 86.271, "is_bridged": false, "is_bridge": false, "edge_betweenness": 0.0, "width_m": 8.492}}, {"type": "Feature", "geometry": {"type": "LineString", "coordinates": [[75.796755, 26.919412], [75.796774, 26.919376], [75.796955, 26.91932], [75.797036, 26.91932]]}, "properties": {"feature_type": "edge", "u": 175, "v": 187, "edge_key": 0, "length_m": 32.957, "is_bridged": false, "is_bridge": false, "edge_betweenness": 0.0, "width_m": 8.474}}, {"type": "Feature", "geometry": {"type": "LineString", "coordinates": [[75.802253, 26.919381], [75.802314, 26.919362]]}, "properties": {"feature_type": "edge", "u": 176, "v": 179, "edge_key": 0, "length_m": 6.828, "is_bridged": false, "is_bridge": false, "edge_betweenness": 0.0, "width_m": 6.438}}, {"type": "Feature", "geometry": {"type": "LineString", "coordinates": [[75.808518, 26.919363], [75.808497, 26.919291]]}, "properties": {"feature_type": "edge", "u": 177, "v": 186, "edge_key": 0, "length_m": 8.828, "is_bridged": false, "is_bridge": false, "edge_betweenness": 0.0, "width_m": 7.65}}, {"type": "Feature", "geometry": {"type": "LineString", "coordinates": [[75.797057, 26.919392], [75.797036, 26.91932]]}, "properties": {"feature_type": "edge", "u": 178, "v": 187, "edge_key": 0, "length_m": 8.472, "is_bridged": false, "is_bridge": false, "edge_betweenness": 0.0, "width_m": 10.654}}, {"type": "Feature", "geometry": {"type": "LineString", "coordinates": [[75.797057, 26.919392], [75.797318, 26.9193]]}, "properties": {"feature_type": "edge", "u": 178, "v": 190, "edge_key": 0, "length_m": 29.786, "is_bridged": false, "is_bridge": false, "edge_betweenness": 0.0, "width_m": 8.866}}, {"type": "Feature", "geometry": {"type": "LineString", "coordinates": [[75.802314, 26.919362], [75.802374, 26.919344]]}, "properties": {"feature_type": "edge", "u": 179, "v": 181, "edge_key": 0, "length_m": 6.828, "is_bridged": false, "is_bridge": false, "edge_betweenness": 0.0, "width_m": 6.438}}, {"type": "Feature", "geometry": {"type": "LineString", "coordinates": [[75.802374, 26.919344], [75.802434, 26.919325]]}, "properties": {"feature_type": "edge", "u": 181, "v": 185, "edge_key": 0, "length_m": 6.828, "is_bridged": false, "is_bridge": false, "edge_betweenness": 0.0, "width_m": 6.438}}, {"type": "Feature", "geometry": {"type": "LineString", "coordinates": [[75.802615, 26.919306], [75.802454, 26.919307], [75.802434, 26.919325]]}, "properties": {"feature_type": "edge", "u": 182, "v": 185, "edge_key": 0, "length_m": 18.828, "is_bridged": false, "is_bridge": false, "edge_betweenness": 0.0, "width_m": 6.414}}, {"type": "Feature", "geometry": {"type": "LineString", "coordinates": [[75.802615, 26.919306], [75.802776, 26.919305], [75.802857, 26.919269]]}, "properties": {"feature_type": "edge", "u": 182, "v": 188, "edge_key": 0, "length_m": 24.944, "is_bridged": false, "is_bridge": false, "edge_betweenness": 0.0, "width_m": 7.236}}, {"type": "Feature", "geometry": {"type": "LineString", "coordinates": [[75.802615, 26.919306], [75.802756, 26.919215], [75.802816, 26.919215]]}, "properties": {"feature_type": "edge", "u": 182, "v": 193, "edge_key": 0, "length_m": 23.205, "is_bridged": false, "is_bridge": false, "edge_betweenness": 0.0, "width_m": 6.65}}, {"type": "Feature", "geometry": {"type": "LineString", "coordinates": [[75.798245, 26.919349], [75.798305, 26.919295], [75.798546, 26.919221], [75.798647, 26.919221]]}, "properties": {"feature_type": "edge", "u": 183, "v": 201, "edge_key": 0, "length_m": 46.614, "is_bridged": false, "is_bridge": false, "edge_betweenness": 0.0, "width_m": 8.519}}, {"type": "Feature", "geometry": {"type": "LineString", "coordinates": [[75.801266, 26.919332], [75.801306, 26.919296], [75.801788, 26.919149]]}, "properties": {"feature_type": "edge", "u": 184, "v": 213, "edge_key": 0, "length_m": 59.928, "is_bridged": false, "is_bridge": false, "edge_betweenness": 0.0, "width_m": 9.025}}, {"type": "Feature", "geometry": {"type": "LineString", "coordinates": [[75.808497, 26.919291], [75.808496, 26.919183], [75.808455, 26.919111]]}, "properties": {"feature_type": "edge", "u": 186, "v": 216, "edge_key": 0, "length_m": 21.657, "is_bridged": false, "is_bridge": false, "edge_betweenness": 0.0, "width_m": 7.626}}, {"type": "Feature", "geometry": {"type": "LineString", "coordinates": [[75.797036, 26.91932], [75.797056, 26.919284], [75.797156, 26.919247], [75.797297, 26.919228]]}, "properties": {"feature_type": "edge", "u": 187, "v": 196, "edge_key": 0, "length_m": 30.957, "is_bridged": false, "is_bridge": false, "edge_betweenness": 0.0, "width_m": 8.583}}, {"type": "Feature", "geometry": {"type": "LineString", "coordinates": [[75.802857, 26.919269], [75.802816, 26.919251], [75.802816, 26.919215]]}, "properties": {"feature_type": "edge", "u": 188, "v": 193, "edge_key": 0, "length_m": 8.472, "is_bridged": false, "is_bridge": false, "edge_betweenness": 0.0, "width_m": 5.886}}, {"type": "Feature", "geometry": {"type": "LineString", "coordinates": [[75.802857, 26.919269], [75.802937, 26.91925]]}, "properties": {"feature_type": "edge", "u": 188, "v": 191, "edge_key": 0, "length_m": 8.828, "is_bridged": false, "is_bridge": false, "edge_betweenness": 0.0, "width_m": 8.315}}, {"type": "Feature", "geometry": {"type": "LineString", "coordinates": [[75.802857, 26.919269], [75.802876, 26.919197]]}, "properties": {"feature_type": "edge", "u": 188, "v": 198, "edge_key": 0, "length_m": 8.472, "is_bridged": false, "is_bridge": false, "edge_betweenness": 0.0, "width_m": 5.886}}, {"type": "Feature", "geometry": {"type": "LineString", "coordinates": [[75.797318, 26.9193], [75.797479, 26.919245]]}, "properties": {"feature_type": "edge", "u": 190, "v": 197, "edge_key": 0, "length_m": 18.485, "is_bridged": false, "is_bridge": false, "edge_betweenness": 0.0, "width_m": 8.59}}, {"type": "Feature", "geometry": {"type": "LineString", "coordinates": [[75.797318, 26.9193], [75.797297, 26.919228]]}, "properties": {"feature_type": "edge", "u": 190, "v": 196, "edge_key": 0, "length_m": 8.472, "is_bridged": false, "is_bridge": false, "edge_betweenness": 0.0, "width_m": 6.2}}, {"type": "Feature", "geometry": {"type": "LineString", "coordinates": [[75.802937, 26.91925], [75.803058, 26.919214]]}, "properties": {"feature_type": "edge", "u": 191, "v": 194, "edge_key": 0, "length_m": 12.944, "is_bridged": false, "is_bridge": false, "edge_betweenness": 0.0, "width_m": 8.315}}, {"type": "Feature", "geometry": {"type": "LineString", "coordinates": [[75.802937, 26.91925], [75.802937, 26.919178]]}, "properties": {"feature_type": "edge", "u": 191, "v": 202, "edge_key": 0, "length_m": 8.0, "is_bridged": false, "is_bridge": false, "edge_betweenness": 0.0, "width_m": 6.2}}, {"type": "Feature", "geometry": {"type": "LineString", "coordinates": [[75.802816, 26.919215], [75.802876, 26.919197]]}, "properties": {"feature_type": "edge", "u": 193, "v": 198, "edge_key": 0, "length_m": 6.828, "is_bridged": false, "is_bridge": false, "edge_betweenness": 0.0, "width_m": 6.438}}, {"type": "Feature", "geometry": {"type": "LineString", "coordinates": [[75.803058, 26.919214], [75.802997, 26.91916]]}, "properties": {"feature_type": "edge", "u": 194, "v": 205, "edge_key": 0, "length_m": 8.944, "is_bridged": false, "is_bridge": false, "edge_betweenness": 0.0, "width_m": 5.886}}, {"type": "Feature", "geometry": {"type": "LineString", "coordinates": [[75.803058, 26.919214], [75.803138, 26.919195]]}, "properties": {"feature_type": "edge", "u": 194, "v": 203, "edge_key": 0, "length_m": 8.828, "is_bridged": false, "is_bridge": false, "edge_betweenness": 0.0, "width_m": 8.315}}, {"type": "Feature", "geometry": {"type": "LineString", "coordinates": [[75.803058, 26.919214], [75.803078, 26.919177], [75.803057, 26.919141]]}, "properties": {"feature_type": "edge", "u": 194, "v": 211, "edge_key": 0, "length_m": 8.944, "is_bridged": false, "is_bridge": false, "edge_betweenness": 0.0, "width_m": 5.886}}, {"type": "Feature", "geometry": {"type": "LineString", "coordinates": [[75.797297, 26.919228], [75.797317, 26.919192], [75.797458, 26.919173]]}, "properties": {"feature_type": "edge", "u": 196, "v": 208, "edge_key": 0, "length_m": 19.301, "is_bridged": false, "is_bridge": false, "edge_betweenness": 0.0, "width_m": 7.768}}, {"type": "Feature", "geometry": {"type": "LineString", "coordinates": [[75.797479, 26.919245], [75.797579, 26.919209]]}, "properties": {"feature_type": "edge", "u": 197, "v": 204, "edge_key": 0, "length_m": 11.301, "is_bridged": false, "is_bridge": false, "edge_betweenness": 0.0, "width_m": 8.567}}, {"type": "Feature", "geometry": {"type": "LineString", "coordinates": [[75.797479, 26.919245], [75.797458, 26.919173]]}, "properties": {"feature_type": "edge", "u": 197, "v": 208, "edge_key": 0, "length_m": 8.472, "is_bridged": false, "is_bridge": false, "edge_betweenness": 0.0, "width_m": 6.2}}, {"type": "Feature", "geometry": {"type": "LineString", "coordinates": [[75.802876, 26.919197], [75.802937, 26.919178]]}, "properties": {"feature_type": "edge", "u": 198, "v": 202, "edge_key": 0, "length_m": 6.828, "is_bridged": false, "is_bridge": false, "edge_betweenness": 0.0, "width_m": 6.438}}, {"type": "Feature", "geometry": {"type": "LineString", "coordinates": [[75.810128, 26.919173], [75.811113, 26.919023]]}, "properties": {"feature_type": "edge", "u": 199, "v": 221, "edge_key": 0, "length_m": 104.271, "is_bridged": false, "is_bridge": false, "edge_betweenness": 0.0, "width_m": 8.409}}, {"type": "Feature", "geometry": {"type": "LineString", "coordinates": [[75.810128, 26.919173], [75.810167, 26.918992]]}, "properties": {"feature_type": "edge", "u": 199, "v": 228, "edge_key": 0, "length_m": 21.657, "is_bridged": false, "is_bridge": false, "edge_betweenness": 0.0, "width_m": 8.42}}, {"type": "Feature", "geometry": {"type": "LineString", "coordinates": [[75.814337, 26.919113], [75.814316, 26.91895], [75.814295, 26.918933], [75.814295, 26.91886], [75.814254, 26.91877], [75.814171, 26.918392]]}, "properties": {"feature_type": "edge", "u": 200, "v": 283, "edge_key": 0, "length_m": 85.767, "is_bridged": false, "is_bridge": false, "edge_betweenness": 0.0, "width_m": 8.441}}, {"type": "Feature", "geometry": {"type": "LineString", "coordinates": [[75.814337, 26.919113], [75.814417, 26.919058], [75.814558, 26.919039], [75.814638, 26.919003], [75.81496, 26.918929], [75.81498, 26.918911], [75.81498, 26.918838], [75.814938, 26.918694], [75.815059, 26.918657]]}, "properties": {"feature_type": "edge", "u": 200, "v": 261, "edge_key": 0, "length_m": 112.426, "is_bridged": false, "is_bridge": true, "edge_betweenness": 0.0, "width_m": 8.486}}, {"type": "Feature", "geometry": {"type": "LineString", "coordinates": [[75.798647, 26.919221], [75.798626, 26.919112], [75.798544, 26.91895], [75.798563, 26.918842]]}, "properties": {"feature_type": "edge", "u": 201, "v": 250, "edge_key": 0, "length_m": 46.032, "is_bridged": false, "is_bridge": false, "edge_betweenness": 0.0, "width_m": 8.434}}, {"type": "Feature", "geometry": {"type": "LineString", "coordinates": [[75.802937, 26.919178], [75.802997, 26.91916]]}, "properties": {"feature_type": "edge", "u": 202, "v": 205, "edge_key": 0, "length_m": 6.828, "is_bridged": false, "is_bridge": false, "edge_betweenness": 0.0, "width_m": 6.438}}, {"type": "Feature", "geometry": {"type": "LineString", "coordinates": [[75.803138, 26.919195], [75.803741, 26.919029]]}, "properties": {"feature_type": "edge", "u": 203, "v": 231, "edge_key": 0, "length_m": 67.456, "is_bridged": false, "is_bridge": false, "edge_betweenness": 0.0, "width_m": 8.409}}, {"type": "Feature", "geometry": {"type": "LineString", "coordinates": [[75.803138, 26.919195], [75.803118, 26.919123]]}, "properties": {"feature_type": "edge", "u": 203, "v": 214, "edge_key": 0, "length_m": 8.472, "is_bridged": false, "is_bridge": false, "edge_betweenness": 0.0, "width_m": 6.2}}, {"type": "Feature", "geometry": {"type": "LineString", "coordinates": [[75.797579, 26.919209], [75.797639, 26.91919]]}, "properties": {"feature_type": "edge", "u": 204, "v": 209, "edge_key": 0, "length_m": 6.828, "is_bridged": false, "is_bridge": false, "edge_betweenness": 0.0, "width_m": 8.63}}, {"type": "Feature", "geometry": {"type": "LineString", "coordinates": [[75.797579, 26.919209], [75.797558, 26.919136]]}, "properties": {"feature_type": "edge", "u": 204, "v": 217, "edge_key": 0, "length_m": 8.472, "is_bridged": false, "is_bridge": false, "edge_betweenness": 0.0, "width_m": 6.2}}, {"type": "Feature", "geometry": {"type": "LineString", "coordinates": [[75.802997, 26.91916], [75.803057, 26.919141]]}, "properties": {"feature_type": "edge", "u": 205, "v": 211, "edge_key": 0, "length_m": 6.828, "is_bridged": false, "is_bridge": false, "edge_betweenness": 0.0, "width_m": 6.438}}, {"type": "Feature", "geometry": {"type": "LineString", "coordinates": [[75.804004, 26.919154], [75.803964, 26.919136], [75.803922, 26.918992]]}, "properties": {"feature_type": "edge", "u": 206, "v": 234, "edge_key": 0, "length_m": 21.773, "is_bridged": false, "is_bridge": false, "edge_betweenness": 0.0, "width_m": 9.095}}, {"type": "Feature", "geometry": {"type": "LineString", "coordinates": [[75.804004, 26.919154], [75.804125, 26.919153], [75.804286, 26.919116], [75.804467, 26.919115]]}, "properties": {"feature_type": "edge", "u": 206, "v": 215, "edge_key": 0, "length_m": 47.657, "is_bridged": false, "is_bridge": false, "edge_betweenness": 0.0, "width_m": 8.43}}, {"type": "Feature", "geometry": {"type": "LineString", "coordinates": [[75.80765, 26.919151], [75.807831, 26.919132], [75.808213, 26.91904], [75.808354, 26.919039]]}, "properties": {"feature_type": "edge", "u": 207, "v": 223, "edge_key": 0, "length_m": 74.971, "is_bridged": false, "is_bridge": false, "edge_betweenness": 0.0, "width_m": 8.375}}, {"type": "Feature", "geometry": {"type": "LineString", "coordinates": [[75.80765, 26.919151], [75.807649, 26.919007], [75.807628, 26.918953], [75.807568, 26.918899], [75.807386, 26.9189], [75.807205, 26.918955], [75.807185, 26.918937]]}, "properties": {"feature_type": "edge", "u": 207, "v": 240, "edge_key": 0, "length_m": 72.627, "is_bridged": false, "is_bridge": true, "edge_betweenness": 0.0, "width_m": 8.415}}, {"type": "Feature", "geometry": {"type": "LineString", "coordinates": [[75.797458, 26.919173], [75.797478, 26.919137], [75.797558, 26.919136]]}, "properties": {"feature_type": "edge", "u": 208, "v": 217, "edge_key": 0, "length_m": 12.472, "is_bridged": false, "is_bridge": false, "edge_betweenness": 0.0, "width_m": 7.252}}, {"type": "Feature", "geometry": {"type": "LineString", "coordinates": [[75.797639, 26.91919], [75.79774, 26.919153]]}, "properties": {"feature_type": "edge", "u": 209, "v": 218, "edge_key": 0, "length_m": 11.301, "is_bridged": false, "is_bridge": false, "edge_betweenness": 0.0, "width_m": 8.567}}, {"type": "Feature", "geometry": {"type": "LineString", "coordinates": [[75.797639, 26.91919], [75.797619, 26.919118]]}, "properties": {"feature_type": "edge", "u": 209, "v": 220, "edge_key": 0, "length_m": 8.472, "is_bridged": false, "is_bridge": false, "edge_betweenness": 0.0, "width_m": 6.2}}, {"type": "Feature", "geometry": {"type": "LineString", "coordinates": [[75.800217, 26.919176], [75.800278, 26.919175], [75.800338, 26.919139], [75.800439, 26.91912], [75.800599, 26.919047], [75.8007, 26.919028], [75.80086, 26.918955], [75.800961, 26.918937], [75.801122, 26.918863], [75.801222, 26.918845], [75.801624, 26.918698]]}, "properties": {"feature_type": "edge", "u": 210, "v": 263, "edge_key": 0, "length_m": 161.183, "is_bridged": false, "is_bridge": true, "edge_betweenness": 0.0, "width_m": 8.588}}, {"type": "Feature", "geometry": {"type": "LineString", "coordinates": [[75.803057, 26.919141], [75.803118, 26.919123]]}, "properties": {"feature_type": "edge", "u": 211, "v": 214, "edge_key": 0, "length_m": 6.828, "is_bridged": false, "is_bridge": false, "edge_betweenness": 0.0, "width_m": 6.438}}, {"type": "Feature", "geometry": {"type": "LineString", "coordinates": [[75.808375, 26.919111], [75.808354, 26.919039]]}, "properties": {"feature_type": "edge", "u": 212, "v": 223, "edge_key": 0, "length_m": 8.828, "is_bridged": false, "is_bridge": false, "edge_betweenness": 0.0, "width_m": 8.708}}, {"type": "Feature", "geometry": {"type": "LineString", "coordinates": [[75.808375, 26.919111], [75.808455, 26.919111]]}, "properties": {"feature_type": "edge", "u": 212, "v": 216, "edge_key": 0, "length_m": 8.0, "is_bridged": false, "is_bridge": false, "edge_betweenness": 0.0, "width_m": 6.2}}, {"type": "Feature", "geometry": {"type": "LineString", "coordinates": [[75.801788, 26.919149], [75.801767, 26.919022], [75.801665, 26.918752], [75.801624, 26.918698]]}, "properties": {"feature_type": "edge", "u": 213, "v": 263, "edge_key": 0, "length_m": 56.271, "is_bridged": false, "is_bridge": false, "edge_betweenness": 0.0, "width_m": 13.21}}, {"type": "Feature", "geometry": {"type": "LineString", "coordinates": [[75.803118, 26.919123], [75.803158, 26.919087], [75.803459, 26.918995], [75.80362, 26.918958], [75.803721, 26.918957]]}, "properties": {"feature_type": "edge", "u": 214, "v": 238, "edge_key": 0, "length_m": 67.456, "is_bridged": false, "is_bridge": false, "edge_betweenness": 0.0, "width_m": 8.253}}, {"type": "Feature", "geometry": {"type": "LineString", "coordinates": [[75.804467, 26.919115], [75.804487, 26.919097], [75.804608, 26.919096], [75.804628, 26.919078], [75.804729, 26.919078], [75.80489, 26.919041]]}, "properties": {"feature_type": "edge", "u": 215, "v": 226, "edge_key": 0, "length_m": 44.957, "is_bridged": false, "is_bridge": false, "edge_betweenness": 0.0, "width_m": 8.495}}, {"type": "Feature", "geometry": {"type": "LineString", "coordinates": [[75.808455, 26.919111], [75.808455, 26.919038], [75.808435, 26.91902]]}, "properties": {"feature_type": "edge", "u": 216, "v": 227, "edge_key": 0, "length_m": 10.828, "is_bridged": false, "is_bridge": false, "edge_betweenness": 0.0, "width_m": 7.909}}, {"type": "Feature", "geometry": {"type": "LineString", "coordinates": [[75.797558, 26.919136], [75.797619, 26.919118]]}, "properties": {"feature_type": "edge", "u": 217, "v": 220, "edge_key": 0, "length_m": 6.828, "is_bridged": false, "is_bridge": false, "edge_betweenness": 0.0, "width_m": 6.438}}, {"type": "Feature", "geometry": {"type": "LineString", "coordinates": [[75.79774, 26.919153], [75.79784, 26.919117]]}, "properties": {"feature_type": "edge", "u": 218, "v": 222, "edge_key": 0, "length_m": 11.301, "is_bridged": false, "is_bridge": false, "edge_betweenness": 0.0, "width_m": 8.567}}, {"type": "Feature", "geometry": {"type": "LineString", "coordinates": [[75.79774, 26.919153], [75.797719, 26.919081]]}, "properties": {"feature_type": "edge", "u": 218, "v": 224, "edge_key": 0, "length_m": 8.472, "is_bridged": false, "is_bridge": false, "edge_betweenness": 0.0, "width_m": 6.2}}, {"type": "Feature", "geometry": {"type": "LineString", "coordinates": [[75.795584, 26.919129], [75.795523, 26.919076], [75.795216, 26.918319], [75.795012, 26.917905], [75.79499, 26.917652], [75.79503, 26.917598]]}, "properties": {"feature_type": "edge", "u": 219, "v": 365, "edge_key": 0, "length_m": 196.497, "is_bridged": false, "is_bridge": false, "edge_betweenness": 0.0, "width_m": 8.658}}, {"type": "Feature", "geometry": {"type": "LineString", "coordinates": [[75.797619, 26.919118], [75.797639, 26.919082], [75.797719, 26.919081]]}, "properties": {"feature_type": "edge", "u": 220, "v": 224, "edge_key": 0, "length_m": 12.472, "is_bridged": false, "is_bridge": false, "edge_betweenness": 0.0, "width_m": 7.252}}, {"type": "Feature", "geometry": {"type": "LineString", "coordinates": [[75.811113, 26.919023], [75.811072, 26.918843]]}, "properties": {"feature_type": "edge", "u": 221, "v": 248, "edge_key": 0, "length_m": 21.301, "is_bridged": false, "is_bridge": false, "edge_betweenness": 0.0, "width_m": 9.187}}, {"type": "Feature", "geometry": {"type": "LineString", "coordinates": [[75.811113, 26.919023], [75.811837, 26.918856], [75.811918, 26.918856], [75.812099, 26.918801]]}, "properties": {"feature_type": "edge", "u": 221, "v": 252, "edge_key": 0, "length_m": 107.229, "is_bridged": false, "is_bridge": false, "edge_betweenness": 0.0, "width_m": 8.545}}, {"type": "Feature", "geometry": {"type": "LineString", "coordinates": [[75.79784, 26.919117], [75.7979, 26.919098]]}, "properties": {"feature_type": "edge", "u": 222, "v": 225, "edge_key": 0, "length_m": 6.828, "is_bridged": false, "is_bridge": false, "edge_betweenness": 0.0, "width_m": 8.63}}, {"type": "Feature", "geometry": {"type": "LineString", "coordinates": [[75.79784, 26.919117], [75.79782, 26.919045]]}, "properties": {"feature_type": "edge", "u": 222, "v": 229, "edge_key": 0, "length_m": 8.472, "is_bridged": false, "is_bridge": false, "edge_betweenness": 0.0, "width_m": 6.2}}, {"type": "Feature", "geometry": {"type": "LineString", "coordinates": [[75.808354, 26.919039], [75.808435, 26.91902]]}, "properties": {"feature_type": "edge", "u": 223, "v": 227, "edge_key": 0, "length_m": 8.828, "is_bridged": false, "is_bridge": false, "edge_betweenness": 0.0, "width_m": 8.708}}, {"type": "Feature", "geometry": {"type": "LineString", "coordinates": [[75.797719, 26.919081], [75.797739, 26.919045], [75.79782, 26.919045]]}, "properties": {"feature_type": "edge", "u": 224, "v": 229, "edge_key": 0, "length_m": 12.472, "is_bridged": false, "is_bridge": false, "edge_betweenness": 0.0, "width_m": 7.252}}, {"type": "Feature", "geometry": {"type": "LineString", "coordinates": [[75.7979, 26.919098], [75.798001, 26.919062]]}, "properties": {"feature_type": "edge", "u": 225, "v": 230, "edge_key": 0, "length_m": 11.301, "is_bridged": false, "is_bridge": false, "edge_betweenness": 0.0, "width_m": 8.567}}, {"type": "Feature", "geometry": {"type": "LineString", "coordinates": [[75.7979, 26.919098], [75.79788, 26.919026]]}, "properties": {"feature_type": "edge", "u": 225, "v": 233, "edge_key": 0, "length_m": 8.472, "is_bridged": false, "is_bridge": false, "edge_betweenness": 0.0, "width_m": 6.2}}, {"type": "Feature", "geometry": {"type": "LineString", "coordinates": [[75.80489, 26.919041], [75.805091, 26.919021], [75.805111, 26.919003], [75.805272, 26.919002]]}, "properties": {"feature_type": "edge", "u": 226, "v": 232, "edge_key": 0, "length_m": 39.657, "is_bridged": false, "is_bridge": false, "edge_betweenness": 0.0, "width_m": 8.341}}, {"type": "Feature", "geometry": {"type": "LineString", "coordinates": [[75.80489, 26.919041], [75.804889, 26.91895], [75.804828, 26.918824], [75.804827, 26.91877], [75.804766, 26.918716]]}, "properties": {"feature_type": "edge", "u": 226, "v": 259, "edge_key": 0, "length_m": 40.971, "is_bridged": false, "is_bridge": false, "edge_betweenness": 0.0, "width_m": 9.254}}, {"type": "Feature", "geometry": {"type": "LineString", "coordinates": [[75.808435, 26.91902], [75.808413, 26.91884], [75.80831, 26.918534], [75.80831, 26.918443]]}, "properties": {"feature_type": "edge", "u": 227, "v": 282, "edge_key": 0, "length_m": 68.971, "is_bridged": false, "is_bridge": true, "edge_betweenness": 0.0, "width_m": 8.563}}, {"type": "Feature", "geometry": {"type": "LineString", "coordinates": [[75.810167, 26.918992], [75.811072, 26.918843]]}, "properties": {"feature_type": "edge", "u": 228, "v": 248, "edge_key": 0, "length_m": 96.627, "is_bridged": false, "is_bridge": false, "edge_betweenness": 0.0, "width_m": 8.333}}, {"type": "Feature", "geometry": {"type": "LineString", "coordinates": [[75.810167, 26.918992], [75.809919, 26.918127]]}, "properties": {"feature_type": "edge", "u": 228, "v": 317, "edge_key": 0, "length_m": 105.941, "is_bridged": false, "is_bridge": false, "edge_betweenness": 0.0, "width_m": 8.498}}, {"type": "Feature", "geometry": {"type": "LineString", "coordinates": [[75.79782, 26.919045], [75.79788, 26.919026]]}, "properties": {"feature_type": "edge", "u": 229, "v": 233, "edge_key": 0, "length_m": 6.828, "is_bridged": false, "is_bridge": false, "edge_betweenness": 0.0, "width_m": 6.438}}, {"type": "Feature", "geometry": {"type": "LineString", "coordinates": [[75.798001, 26.919062], [75.798041, 26.919043], [75.798061, 26.918989]]}, "properties": {"feature_type": "edge", "u": 230, "v": 235, "edge_key": 0, "length_m": 10.797, "is_bridged": false, "is_bridge": false, "edge_betweenness": 0.0, "width_m": 5.648}}, {"type": "Feature", "geometry": {"type": "LineString", "coordinates": [[75.798001, 26.919062], [75.79798, 26.91899]]}, "properties": {"feature_type": "edge", "u": 230, "v": 236, "edge_key": 0, "length_m": 8.472, "is_bridged": false, "is_bridge": false, "edge_betweenness": 0.0, "width_m": 6.2}}, {"type": "Feature", "geometry": {"type": "LineString", "coordinates": [[75.803741, 26.919029], [75.803922, 26.918992]]}, "properties": {"feature_type": "edge", "u": 231, "v": 234, "edge_key": 0, "length_m": 19.301, "is_bridged": false, "is_bridge": false, "edge_betweenness": 0.0, "width_m": 8.817}}, {"type": "Feature", "geometry": {"type": "LineString", "coordinates": [[75.803741, 26.919029], [75.803721, 26.918957]]}, "properties": {"feature_type": "edge", "u": 231, "v": 238, "edge_key": 0, "length_m": 8.472, "is_bridged": false, "is_bridge": false, "edge_betweenness": 0.0, "width_m": 6.2}}, {"type": "Feature", "geometry": {"type": "LineString", "coordinates": [[75.805272, 26.919002], [75.805352, 26.918966], [75.805533, 26.918947], [75.805614, 26.91891]]}, "properties": {"feature_type": "edge", "u": 232, "v": 244, "edge_key": 0, "length_m": 38.142, "is_bridged": false, "is_bridge": false, "edge_betweenness": 0.0, "width_m": 8.815}}, {"type": "Feature", "geometry": {"type": "LineString", "coordinates": [[75.79788, 26.919026], [75.7979, 26.91899], [75.79798, 26.91899]]}, "properties": {"feature_type": "edge", "u": 233, "v": 236, "edge_key": 0, "length_m": 12.472, "is_bridged": false, "is_bridge": false, "edge_betweenness": 0.0, "width_m": 7.252}}, {"type": "Feature", "geometry": {"type": "LineString", "coordinates": [[75.803922, 26.918992], [75.803902, 26.91892]]}, "properties": {"feature_type": "edge", "u": 234, "v": 242, "edge_key": 0, "length_m": 8.472, "is_bridged": false, "is_bridge": false, "edge_betweenness": 0.0, "width_m": 9.55}}, {"type": "Feature", "geometry": {"type": "LineString", "coordinates": [[75.803922, 26.918992], [75.804023, 26.918937]]}, "properties": {"feature_type": "edge", "u": 234, "v": 239, "edge_key": 0, "length_m": 11.683, "is_bridged": false, "is_bridge": false, "edge_betweenness": 0.0, "width_m": 9.864}}, {"type": "Feature", "geometry": {"type": "LineString", "coordinates": [[75.798061, 26.918989], [75.798142, 26.919025], [75.798162, 26.919007]]}, "properties": {"feature_type": "edge", "u": 235, "v": 237, "edge_key": 0, "length_m": 11.773, "is_bridged": false, "is_bridge": false, "edge_betweenness": 0.0, "width_m": 5.648}}, {"type": "Feature", "geometry": {"type": "LineString", "coordinates": [[75.798061, 26.918989], [75.798101, 26.918989]]}, "properties": {"feature_type": "edge", "u": 235, "v": 795, "edge_key": 0, "length_m": 4.0, "is_bridged": false, "is_bridge": false, "edge_betweenness": 0.0, "width_m": 1.333}}, {"type": "Feature", "geometry": {"type": "LineString", "coordinates": [[75.798101, 26.918989], [75.798061, 26.918989]]}, "properties": {"feature_type": "edge", "u": 235, "v": 795, "edge_key": 1, "length_m": 4.0, "is_bridged": false, "is_bridge": false, "edge_betweenness": 0.0, "width_m": 1.333}}, {"type": "Feature", "geometry": {"type": "LineString", "coordinates": [[75.798061, 26.918989], [75.798, 26.918971], [75.79798, 26.91899]]}, "properties": {"feature_type": "edge", "u": 235, "v": 236, "edge_key": 0, "length_m": 9.153, "is_bridged": false, "is_bridge": false, "edge_betweenness": 0.0, "width_m": 4.552}}, {"type": "Feature", "geometry": {"type": "LineString", "coordinates": [[75.798061, 26.918989], [75.798101, 26.918935], [75.798141, 26.918935]]}, "properties": {"feature_type": "edge", "u": 235, "v": 243, "edge_key": 0, "length_m": 11.211, "is_bridged": false, "is_bridge": false, "edge_betweenness": 0.0, "width_m": 4.552}}, {"type": "Feature", "geometry": {"type": "LineString", "coordinates": [[75.798162, 26.919007], [75.798202, 26.918988], [75.798222, 26.918934]]}, "properties": {"feature_type": "edge", "u": 237, "v": 241, "edge_key": 0, "length_m": 10.797, "is_bridged": false, "is_bridge": false, "edge_betweenness": 0.0, "width_m": 5.648}}, {"type": "Feature", "geometry": {"type": "LineString", "coordinates": [[75.798162, 26.919007], [75.798141, 26.918935]]}, "properties": {"feature_type": "edge", "u": 237, "v": 243, "edge_key": 0, "length_m": 8.472, "is_bridged": false, "is_bridge": false, "edge_betweenness": 0.0, "width_m": 6.2}}, {"type": "Feature", "geometry": {"type": "LineString", "coordinates": [[75.803721, 26.918957], [75.803761, 26.918921], [75.803902, 26.91892]]}, "properties": {"feature_type": "edge", "u": 238, "v": 242, "edge_key": 0, "length_m": 19.657, "is_bridged": false, "is_bridge": false, "edge_betweenness": 0.0, "width_m": 7.845}}, {"type": "Feature", "geometry": {"type": "LineString", "coordinates": [[75.804023, 26.918937], [75.804002, 26.918883]]}, "properties": {"feature_type": "edge", "u": 239, "v": 246, "edge_key": 0, "length_m": 6.828, "is_bridged": false, "is_bridge": false, "edge_betweenness": 0.0, "width_m": 5.886}}, {"type": "Feature", "geometry": {"type": "LineString", "coordinates": [[75.804023, 26.918937], [75.804123, 26.918919], [75.804223, 26.918846]]}, "properties": {"feature_type": "edge", "u": 239, "v": 247, "edge_key": 0, "length_m": 23.052, "is_bridged": false, "is_bridge": false, "edge_betweenness": 0.0, "width_m": 6.236}}, {"type": "Feature", "geometry": {"type": "LineString", "coordinates": [[75.804023, 26.918937], [75.804063, 26.918901], [75.804062, 26.918865]]}, "properties": {"feature_type": "edge", "u": 239, "v": 249, "edge_key": 0, "length_m": 9.657, "is_bridged": false, "is_bridge": false, "edge_betweenness": 0.0, "width_m": 5.886}}, {"type": "Feature", "geometry": {"type": "LineString", "coordinates": [[75.798222, 26.918934], [75.798302, 26.918952], [75.798362, 26.918915]]}, "properties": {"feature_type": "edge", "u": 241, "v": 245, "edge_key": 0, "length_m": 15.457, "is_bridged": false, "is_bridge": false, "edge_betweenness": 0.0, "width_m": 4.552}}, {"type": "Feature", "geometry": {"type": "LineString", "coordinates": [[75.798222, 26.918934], [75.798262, 26.91888], [75.798362, 26.918915]]}, "properties": {"feature_type": "edge", "u": 241, "v": 245, "edge_key": 1, "length_m": 17.981, "is_bridged": false, "is_bridge": false, "edge_betweenness": 0.0, "width_m": 4.552}}, {"type": "Feature", "geometry": {"type": "LineString", "coordinates": [[75.798222, 26.918934], [75.798262, 26.918934]]}, "properties": {"feature_type": "edge", "u": 241, "v": 796, "edge_key": 0, "length_m": 4.0, "is_bridged": false, "is_bridge": false, "edge_betweenness": 0.0, "width_m": 1.333}}, {"type": "Feature", "geometry": {"type": "LineString", "coordinates": [[75.798262, 26.918934], [75.798222, 26.918934]]}, "properties": {"feature_type": "edge", "u": 241, "v": 796, "edge_key": 1, "length_m": 4.0, "is_bridged": false, "is_bridge": false, "edge_betweenness": 0.0, "width_m": 1.333}}, {"type": "Feature", "geometry": {"type": "LineString", "coordinates": [[75.798222, 26.918934], [75.798161, 26.918916], [75.798141, 26.918935]]}, "properties": {"feature_type": "edge", "u": 241, "v": 243, "edge_key": 0, "length_m": 9.153, "is_bridged": false, "is_bridge": false, "edge_betweenness": 0.0, "width_m": 4.552}}, {"type": "Feature", "geometry": {"type": "LineString", "coordinates": [[75.803902, 26.91892], [75.803922, 26.918884], [75.804002, 26.918883]]}, "properties": {"feature_type": "edge", "u": 242, "v": 246, "edge_key": 0, "length_m": 12.472, "is_bridged": false, "is_bridge": false, "edge_betweenness": 0.0, "width_m": 7.72}}, {"type": "Feature", "geometry": {"type": "LineString", "coordinates": [[75.805614, 26.91891], [75.805755, 26.918909], [75.805775, 26.918891], [75.806157, 26.918835]]}, "properties": {"feature_type": "edge", "u": 244, "v": 251, "edge_key": 0, "length_m": 57.314, "is_bridged": false, "is_bridge": false, "edge_betweenness": 0.0, "width_m": 8.49}}, {"type": "Feature", "geometry": {"type": "LineString", "coordinates": [[75.805614, 26.91891], [75.805593, 26.918892], [75.805593, 26.918766], [75.805572, 26.918748], [75.805529, 26.918369], [75.805509, 26.918351]]}, "properties": {"feature_type": "edge", "u": 244, "v": 297, "edge_key": 0, "length_m": 66.142, "is_bridged": false, "is_bridge": false, "edge_betweenness": 0.0, "width_m": 8.384}}, {"type": "Feature", "geometry": {"type": "LineString", "coordinates": [[75.798362, 26.918915], [75.798382, 26.918861]]}, "properties": {"feature_type": "edge", "u": 245, "v": 253, "edge_key": 0, "length_m": 6.472, "is_bridged": false, "is_bridge": false, "edge_betweenness": 0.0, "width_m": 4.552}}, {"type": "Feature", "geometry": {"type": "LineString", "coordinates": [[75.798362, 26.918915], [75.798423, 26.918879], [75.798382, 26.918861]]}, "properties": {"feature_type": "edge", "u": 245, "v": 253, "edge_key": 1, "length_m": 11.683, "is_bridged": false, "is_bridge": false, "edge_betweenness": 0.0, "width_m": 4.552}}, {"type": "Feature", "geometry": {"type": "LineString", "coordinates": [[75.798362, 26.918915], [75.798322, 26.918861], [75.798382, 26.918861]]}, "properties": {"feature_type": "edge", "u": 245, "v": 253, "edge_key": 2, "length_m": 13.211, "is_bridged": false, "is_bridge": false, "edge_betweenness": 0.0, "width_m": 5.886}}, {"type": "Feature", "geometry": {"type": "LineString", "coordinates": [[75.798362, 26.918915], [75.798483, 26.918915], [75.798563, 26.918842]]}, "properties": {"feature_type": "edge", "u": 245, "v": 250, "edge_key": 0, "length_m": 23.314, "is_bridged": false, "is_bridge": false, "edge_betweenness": 0.0, "width_m": 6.414}}, {"type": "Feature", "geometry": {"type": "LineString", "coordinates": [[75.804002, 26.918883], [75.804062, 26.918865]]}, "properties": {"feature_type": "edge", "u": 246, "v": 249, "edge_key": 0, "length_m": 6.828, "is_bridged": false, "is_bridge": false, "edge_betweenness": 0.0, "width_m": 6.438}}, {"type": "Feature", "geometry": {"type": "LineString", "coordinates": [[75.804223, 26.918846], [75.804082, 26.918847], [75.804062, 26.918865]]}, "properties": {"feature_type": "edge", "u": 247, "v": 249, "edge_key": 0, "length_m": 16.828, "is_bridged": false, "is_bridge": false, "edge_betweenness": 0.0, "width_m": 5.414}}, {"type": "Feature", "geometry": {"type": "LineString", "coordinates": [[75.804223, 26.918846], [75.804465, 26.91879], [75.804666, 26.918717], [75.804766, 26.918716]]}, "properties": {"feature_type": "edge", "u": 247, "v": 259, "edge_key": 0, "length_m": 57.448, "is_bridged": false, "is_bridge": false, "edge_betweenness": 0.0, "width_m": 12.098}}, {"type": "Feature", "geometry": {"type": "LineString", "coordinates": [[75.811072, 26.918843], [75.811172, 26.918806], [75.811354, 26.918787], [75.811454, 26.91875], [75.811535, 26.91875], [75.811635, 26.918713], [75.812057, 26.918638]]}, "properties": {"feature_type": "edge", "u": 248, "v": 262, "edge_key": 0, "length_m": 106.756, "is_bridged": false, "is_bridge": false, "edge_betweenness": 0.0, "width_m": 8.413}}, {"type": "Feature", "geometry": {"type": "LineString", "coordinates": [[75.798563, 26.918842], [75.798422, 26.918825], [75.798382, 26.918861]]}, "properties": {"feature_type": "edge", "u": 250, "v": 253, "edge_key": 0, "length_m": 19.903, "is_bridged": false, "is_bridge": false, "edge_betweenness": 0.0, "width_m": 7.376}}, {"type": "Feature", "geometry": {"type": "LineString", "coordinates": [[75.798563, 26.918842], [75.798664, 26.918823], [75.798664, 26.918787]]}, "properties": {"feature_type": "edge", "u": 250, "v": 255, "edge_key": 0, "length_m": 14.198, "is_bridged": false, "is_bridge": false, "edge_betweenness": 0.0, "width_m": 4.0}}, {"type": "Feature", "geometry": {"type": "LineString", "coordinates": [[75.798563, 26.918842], [75.798664, 26.918787]]}, "properties": {"feature_type": "edge", "u": 250, "v": 255, "edge_key": 1, "length_m": 11.683, "is_bridged": false, "is_bridge": false, "edge_betweenness": 0.0, "width_m": 2.667}}, {"type": "Feature", "geometry": {"type": "LineString", "coordinates": [[75.798563, 26.918842], [75.798563, 26.91877], [75.798664, 26.918787]]}, "properties": {"feature_type": "edge", "u": 250, "v": 255, "edge_key": 2, "length_m": 18.246, "is_bridged": false, "is_bridge": false, "edge_betweenness": 0.0, "width_m": 5.236}}, {"type": "Feature", "geometry": {"type": "LineString", "coordinates": [[75.806157, 26.918835], [75.806116, 26.918727], [75.806115, 26.918618], [75.806095, 26.9186], [75.806011, 26.918095]]}, "properties": {"feature_type": "edge", "u": 251, "v": 324, "edge_key": 0, "length_m": 87.443, "is_bridged": false, "is_bridge": false, "edge_betweenness": 0.0, "width_m": 8.295}}, {"type": "Feature", "geometry": {"type": "LineString", "coordinates": [[75.806157, 26.918835], [75.806559, 26.918742], [75.80664, 26.918742], [75.80674, 26.918705]]}, "properties": {"feature_type": "edge", "u": 251, "v": 260, "edge_key": 0, "length_m": 63.443, "is_bridged": false, "is_bridge": false, "edge_betweenness": 0.0, "width_m": 8.456}}, {"type": "Feature", "geometry": {"type": "LineString", "coordinates": [[75.812099, 26.918801], [75.812058, 26.918783], [75.812057, 26.918638]]}, "properties": {"feature_type": "edge", "u": 252, "v": 262, "edge_key": 0, "length_m": 20.472, "is_bridged": false, "is_bridge": false, "edge_betweenness": 0.0, "width_m": 9.243}}, {"type": "Feature", "geometry": {"type": "LineString", "coordinates": [[75.812099, 26.918801], [75.812521, 26.918726], [75.812702, 26.918671], [75.812783, 26.91867], [75.812964, 26.918615], [75.813105, 26.918614]]}, "properties": {"feature_type": "edge", "u": 252, "v": 264, "edge_key": 0, "length_m": 108.284, "is_bridged": false, "is_bridge": false, "edge_betweenness": 0.0, "width_m": 8.432}}, {"type": "Feature", "geometry": {"type": "LineString", "coordinates": [[75.798664, 26.918787], [75.798765, 26.918805], [75.798785, 26.918786]]}, "properties": {"feature_type": "edge", "u": 255, "v": 256, "edge_key": 0, "length_m": 13.026, "is_bridged": false, "is_bridge": false, "edge_betweenness": 0.0, "width_m": 5.648}}, {"type": "Feature", "geometry": {"type": "LineString", "coordinates": [[75.798664, 26.918787], [75.798724, 26.918769], [75.798724, 26.918733]]}, "properties": {"feature_type": "edge", "u": 255, "v": 257, "edge_key": 0, "length_m": 10.325, "is_bridged": false, "is_bridge": false, "edge_betweenness": 0.0, "width_m": 3.219}}, {"type": "Feature", "geometry": {"type": "LineString", "coordinates": [[75.798664, 26.918787], [75.798683, 26.918733], [75.798724, 26.918733]]}, "properties": {"feature_type": "edge", "u": 255, "v": 257, "edge_key": 1, "length_m": 10.325, "is_bridged": false, "is_bridge": false, "edge_betweenness": 0.0, "width_m": 4.552}}, {"type": "Feature", "geometry": {"type": "LineString", "coordinates": [[75.798785, 26.918786], [75.798865, 26.918732]]}, "properties": {"feature_type": "edge", "u": 256, "v": 258, "edge_key": 0, "length_m": 10.129, "is_bridged": false, "is_bridge": false, "edge_betweenness": 0.0, "width_m": 6.981}}, {"type": "Feature", "geometry": {"type": "LineString", "coordinates": [[75.798785, 26.918786], [75.798784, 26.91875], [75.798865, 26.918732]]}, "properties": {"feature_type": "edge", "u": 256, "v": 258, "edge_key": 1, "length_m": 12.246, "is_bridged": false, "is_bridge": false, "edge_betweenness": 0.0, "width_m": 5.648}}, {"type": "Feature", "geometry": {"type": "LineString", "coordinates": [[75.798724, 26.918733], [75.798744, 26.918714], [75.798865, 26.918732]]}, "properties": {"feature_type": "edge", "u": 257, "v": 258, "edge_key": 0, "length_m": 14.994, "is_bridged": false, "is_bridge": false, "edge_betweenness": 0.0, "width_m": 5.886}}, {"type": "Feature", "geometry": {"type": "LineString", "coordinates": [[75.798865, 26.918732], [75.798884, 26.918678]]}, "properties": {"feature_type": "edge", "u": 258, "v": 265, "edge_key": 0, "length_m": 6.828, "is_bridged": false, "is_bridge": false, "edge_betweenness": 0.0, "width_m": 4.552}}, {"type": "Feature", "geometry": {"type": "LineString", "coordinates": [[75.798865, 26.918732], [75.798844, 26.918678], [75.798884, 26.918678]]}, "properties": {"feature_type": "edge", "u": 258, "v": 265, "edge_key": 1, "length_m": 10.325, "is_bridged": false, "is_bridge": false, "edge_betweenness": 0.0, "width_m": 5.886}}, {"type": "Feature", "geometry": {"type": "LineString", "coordinates": [[75.798865, 26.918732], [75.798985, 26.918713], [75.798985, 26.918677]]}, "properties": {"feature_type": "edge", "u": 258, "v": 266, "edge_key": 0, "length_m": 16.166, "is_bridged": false, "is_bridge": false, "edge_betweenness": 0.0, "width_m": 4.0}}, {"type": "Feature", "geometry": {"type": "LineString", "coordinates": [[75.798865, 26.918732], [75.798985, 26.918677]]}, "properties": {"feature_type": "edge", "u": 258, "v": 266, "edge_key": 1, "length_m": 13.416, "is_bridged": false, "is_bridge": false, "edge_betweenness": 0.0, "width_m": 2.667}}, {"type": "Feature", "geometry": {"type": "LineString", "coordinates": [[75.804766, 26.918716], [75.804745, 26.918608]]}, "properties": {"feature_type": "edge", "u": 259, "v": 267, "edge_key": 0, "length_m": 12.325, "is_bridged": false, "is_bridge": false, "edge_betweenness": 0.0, "width_m": 15.285}}, {"type": "Feature", "geometry": {"type": "LineString", "coordinates": [[75.80674, 26.918705], [75.807284, 26.91863], [75.807364, 26.918593]]}, "properties": {"feature_type": "edge", "u": 260, "v": 272, "edge_key": 0, "length_m": 66.971, "is_bridged": false, "is_bridge": false, "edge_betweenness": 0.0, "width_m": 8.427}}, {"type": "Feature", "geometry": {"type": "LineString", "coordinates": [[75.80674, 26.918705], [75.806719, 26.918507], [75.806657, 26.918308], [75.806656, 26.918218], [75.806636, 26.9182], [75.806573, 26.917857]]}, "properties": {"feature_type": "edge", "u": 260, "v": 346, "edge_key": 0, "length_m": 100.627, "is_bridged": false, "is_bridge": false, "edge_betweenness": 0.0, "width_m": 8.298}}, {"type": "Feature", "geometry": {"type": "LineString", "coordinates": [[75.812057, 26.918638], [75.812017, 26.918621], [75.812016, 26.918512], [75.811954, 26.918278]]}, "properties": {"feature_type": "edge", "u": 262, "v": 299, "edge_key": 0, "length_m": 44.957, "is_bridged": false, "is_bridge": false, "edge_betweenness": 0.0, "width_m": 8.763}}, {"type": "Feature", "geometry": {"type": "LineString", "coordinates": [[75.812057, 26.918638], [75.812781, 26.918472], [75.812862, 26.918471], [75.813123, 26.918398], [75.813304, 26.918378]]}, "properties": {"feature_type": "edge", "u": 262, "v": 286, "edge_key": 0, "length_m": 135.242, "is_bridged": false, "is_bridge": false, "edge_betweenness": 0.0, "width_m": 8.409}}, {"type": "Feature", "geometry": {"type": "LineString", "coordinates": [[75.801624, 26.918698], [75.801582, 26.918518], [75.801501, 26.918338], [75.8015, 26.918211], [75.801479, 26.918175]]}, "properties": {"feature_type": "edge", "u": 263, "v": 316, "edge_key": 0, "length_m": 63.086, "is_bridged": false, "is_bridge": false, "edge_betweenness": 0.0, "width_m": 14.319}}, {"type": "Feature", "geometry": {"type": "LineString", "coordinates": [[75.813105, 26.918614], [75.813145, 26.918578], [75.813225, 26.918578], [75.813326, 26.918541]]}, "properties": {"feature_type": "edge", "u": 264, "v": 273, "edge_key": 0, "length_m": 25.314, "is_bridged": false, "is_bridge": false, "edge_betweenness": 0.0, "width_m": 9.064}}, {"type": "Feature", "geometry": {"type": "LineString", "coordinates": [[75.798884, 26.918678], [75.798905, 26.918659], [75.798985, 26.918677]]}, "properties": {"feature_type": "edge", "u": 265, "v": 266, "edge_key": 0, "length_m": 11.075, "is_bridged": false, "is_bridge": false, "edge_betweenness": 0.0, "width_m": 4.552}}, {"type": "Feature", "geometry": {"type": "LineString", "coordinates": [[75.798985, 26.918677], [75.799106, 26.918676], [75.799126, 26.918622]]}, "properties": {"feature_type": "edge", "u": 266, "v": 268, "edge_key": 0, "length_m": 18.325, "is_bridged": false, "is_bridge": false, "edge_betweenness": 0.0, "width_m": 4.236}}, {"type": "Feature", "geometry": {"type": "LineString", "coordinates": [[75.798985, 26.918677], [75.799046, 26.918659], [75.799045, 26.918622]]}, "properties": {"feature_type": "edge", "u": 266, "v": 269, "edge_key": 0, "length_m": 10.325, "is_bridged": false, "is_bridge": false, "edge_betweenness": 0.0, "width_m": 3.219}}, {"type": "Feature", "geometry": {"type": "LineString", "coordinates": [[75.798985, 26.918677], [75.799005, 26.918623], [75.799045, 26.918622]]}, "properties": {"feature_type": "edge", "u": 266, "v": 269, "edge_key": 1, "length_m": 10.325, "is_bridged": false, "is_bridge": false, "edge_betweenness": 0.0, "width_m": 4.552}}, {"type": "Feature", "geometry": {"type": "LineString", "coordinates": [[75.804745, 26.918608], [75.804806, 26.918626], [75.804907, 26.918607], [75.805027, 26.918552], [75.805107, 26.918462], [75.805429, 26.918351], [75.805509, 26.918351]]}, "properties": {"feature_type": "edge", "u": 267, "v": 297, "edge_key": 0, "length_m": 89.923, "is_bridged": false, "is_bridge": false, "edge_betweenness": 0.0, "width_m": 8.726}}, {"type": "Feature", "geometry": {"type": "LineString", "coordinates": [[75.804745, 26.918608], [75.804664, 26.918536], [75.804664, 26.918482]]}, "properties": {"feature_type": "edge", "u": 267, "v": 280, "edge_key": 0, "length_m": 17.314, "is_bridged": false, "is_bridge": false, "edge_betweenness": 0.0, "width_m": 9.247}}, {"type": "Feature", "geometry": {"type": "LineString", "coordinates": [[75.804745, 26.918608], [75.804765, 26.918554], [75.804745, 26.918482]]}, "properties": {"feature_type": "edge", "u": 267, "v": 281, "edge_key": 0, "length_m": 15.153, "is_bridged": false, "is_bridge": false, "edge_betweenness": 0.0, "width_m": 9.247}}, {"type": "Feature", "geometry": {"type": "LineString", "coordinates": [[75.799126, 26.918622], [75.799186, 26.918658], [75.799207, 26.91864]]}, "properties": {"feature_type": "edge", "u": 268, "v": 270, "edge_key": 0, "length_m": 10.04, "is_bridged": false, "is_bridge": false, "edge_betweenness": 0.0, "width_m": 5.648}}, {"type": "Feature", "geometry": {"type": "LineString", "coordinates": [[75.799126, 26.918622], [75.799065, 26.918604], [75.799045, 26.918622]]}, "properties": {"feature_type": "edge", "u": 268, "v": 269, "edge_key": 0, "length_m": 9.153, "is_bridged": false, "is_bridge": false, "edge_betweenness": 0.0, "width_m": 4.552}}, {"type": "Feature", "geometry": {"type": "LineString", "coordinates": [[75.799126, 26.918622], [75.799146, 26.918568], [75.799206, 26.918567]]}, "properties": {"feature_type": "edge", "u": 268, "v": 276, "edge_key": 0, "length_m": 12.325, "is_bridged": false, "is_bridge": false, "edge_betweenness": 0.0, "width_m": 5.65}}, {"type": "Feature", "geometry": {"type": "LineString", "coordinates": [[75.799207, 26.91864], [75.799267, 26.918621], [75.799307, 26.918567]]}, "properties": {"feature_type": "edge", "u": 270, "v": 274, "edge_key": 0, "length_m": 13.683, "is_bridged": false, "is_bridge": false, "edge_betweenness": 0.0, "width_m": 7.472}}, {"type": "Feature", "geometry": {"type": "LineString", "coordinates": [[75.799207, 26.91864], [75.799206, 26.918567]]}, "properties": {"feature_type": "edge", "u": 270, "v": 276, "edge_key": 0, "length_m": 8.0, "is_bridged": false, "is_bridge": false, "edge_betweenness": 0.0, "width_m": 6.2}}, {"type": "Feature", "geometry": {"type": "LineString", "coordinates": [[75.803396, 26.918616], [75.803517, 26.918615], [75.803537, 26.918597], [75.803839, 26.918559], [75.803859, 26.918541], [75.803858, 26.918451], [75.803898, 26.918414], [75.803999, 26.918414], [75.80416, 26.918377], [75.80418, 26.918359], [75.804159, 26.918268], [75.804139, 26.91825], [75.804018, 26.918251], [75.803998, 26.918269], [75.803756, 26.918289], [75.803736, 26.918307], [75.803636, 26.918307], [75.803374, 26.918363], [75.803314, 26.918345]]}, "properties": {"feature_type": "edge", "u": 271, "v": 298, "edge_key": 0, "length_m": 196.912, "is_bridged": false, "is_bridge": true, "edge_betweenness": 0.0, "width_m": 8.364}}, {"type": "Feature", "geometry": {"type": "LineString", "coordinates": [[75.807364, 26.918593], [75.807485, 26.918592], [75.807807, 26.918518]]}, "properties": {"feature_type": "edge", "u": 272, "v": 277, "edge_key": 0, "length_m": 47.314, "is_bridged": false, "is_bridge": false, "edge_betweenness": 0.0, "width_m": 8.493}}, {"type": "Feature", "geometry": {"type": "LineString", "coordinates": [[75.807364, 26.918593], [75.807323, 26.918521], [75.807116, 26.917746]]}, "properties": {"feature_type": "edge", "u": 272, "v": 350, "edge_key": 0, "length_m": 103.941, "is_bridged": false, "is_bridge": false, "edge_betweenness": 0.0, "width_m": 8.442}}, {"type": "Feature", "geometry": {"type": "LineString", "coordinates": [[75.813326, 26.918541], [75.813406, 26.91854], [75.813507, 26.918504], [75.813949, 26.918429], [75.81403, 26.918392]]}, "properties": {"feature_type": "edge", "u": 273, "v": 287, "edge_key": 0, "length_m": 76.627, "is_bridged": false, "is_bridge": false, "edge_betweenness": 0.0, "width_m": 8.506}}, {"type": "Feature", "geometry": {"type": "LineString", "coordinates": [[75.813326, 26.918541], [75.813304, 26.918378]]}, "properties": {"feature_type": "edge", "u": 273, "v": 286, "edge_key": 0, "length_m": 18.828, "is_bridged": false, "is_bridge": false, "edge_betweenness": 0.0, "width_m": 9.064}}, {"type": "Feature", "geometry": {"type": "LineString", "coordinates": [[75.799307, 26.918567], [75.799408, 26.918584], [75.799447, 26.91853]]}, "properties": {"feature_type": "edge", "u": 274, "v": 275, "edge_key": 0, "length_m": 17.409, "is_bridged": false, "is_bridge": false, "edge_betweenness": 0.0, "width_m": 5.648}}, {"type": "Feature", "geometry": {"type": "LineString", "coordinates": [[75.799307, 26.918567], [75.799226, 26.918549], [75.799206, 26.918567]]}, "properties": {"feature_type": "edge", "u": 274, "v": 276, "edge_key": 0, "length_m": 11.075, "is_bridged": false, "is_bridge": false, "edge_betweenness": 0.0, "width_m": 5.886}}, {"type": "Feature", "geometry": {"type": "LineString", "coordinates": [[75.799307, 26.918567], [75.799367, 26.918548], [75.799367, 26.918512]]}, "properties": {"feature_type": "edge", "u": 274, "v": 278, "edge_key": 0, "length_m": 10.325, "is_bridged": false, "is_bridge": false, "edge_betweenness": 0.0, "width_m": 4.552}}, {"type": "Feature", "geometry": {"type": "LineString", "coordinates": [[75.799307, 26.918567], [75.799306, 26.918513], [75.799367, 26.918512]]}, "properties": {"feature_type": "edge", "u": 274, "v": 278, "edge_key": 1, "length_m": 12.0, "is_bridged": false, "is_bridge": false, "edge_betweenness": 0.0, "width_m": 6.65}}, {"type": "Feature", "geometry": {"type": "LineString", "coordinates": [[75.799447, 26.91853], [75.799508, 26.918548], [75.799568, 26.918511]]}, "properties": {"feature_type": "edge", "u": 275, "v": 279, "edge_key": 0, "length_m": 13.536, "is_bridged": false, "is_bridge": false, "edge_betweenness": 0.0, "width_m": 6.667}}, {"type": "Feature", "geometry": {"type": "LineString", "coordinates": [[75.799447, 26.91853], [75.799387, 26.918494], [75.799367, 26.918512]]}, "properties": {"feature_type": "edge", "u": 275, "v": 278, "edge_key": 0, "length_m": 10.04, "is_bridged": false, "is_bridge": false, "edge_betweenness": 0.0, "width_m": 5.886}}, {"type": "Feature", "geometry": {"type": "LineString", "coordinates": [[75.799447, 26.91853], [75.799467, 26.918458], [75.799528, 26.918457]]}, "properties": {"feature_type": "edge", "u": 275, "v": 284, "edge_key": 0, "length_m": 14.246, "is_bridged": false, "is_bridge": false, "edge_betweenness": 0.0, "width_m": 6.65}}, {"type": "Feature", "geometry": {"type": "LineString", "coordinates": [[75.807807, 26.918518], [75.807887, 26.918518], [75.808189, 26.918444], [75.80831, 26.918443]]}, "properties": {"feature_type": "edge", "u": 277, "v": 282, "edge_key": 0, "length_m": 53.314, "is_bridged": false, "is_bridge": false, "edge_betweenness": 0.0, "width_m": 8.453}}, {"type": "Feature", "geometry": {"type": "LineString", "coordinates": [[75.807807, 26.918518], [75.807806, 26.91841], [75.807599, 26.917725], [75.807599, 26.917653], [75.807579, 26.917635], [75.807398, 26.917654], [75.807156, 26.91771], [75.807116, 26.917746]]}, "properties": {"feature_type": "edge", "u": 277, "v": 350, "edge_key": 0, "length_m": 158.083, "is_bridged": false, "is_bridge": false, "edge_betweenness": 0.0, "width_m": 8.512}}, {"type": "Feature", "geometry": {"type": "LineString", "coordinates": [[75.799568, 26.918511], [75.799528, 26.918493], [75.799528, 26.918457]]}, "properties": {"feature_type": "edge", "u": 279, "v": 284, "edge_key": 0, "length_m": 8.472, "is_bridged": false, "is_bridge": false, "edge_betweenness": 0.0, "width_m": 5.886}}, {"type": "Feature", "geometry": {"type": "LineString", "coordinates": [[75.799568, 26.918511], [75.799628, 26.918493], [75.799628, 26.918457]]}, "properties": {"feature_type": "edge", "u": 279, "v": 285, "edge_key": 0, "length_m": 10.325, "is_bridged": false, "is_bridge": false, "edge_betweenness": 0.0, "width_m": 5.333}}, {"type": "Feature", "geometry": {"type": "LineString", "coordinates": [[75.799568, 26.918511], [75.799628, 26.918457]]}, "properties": {"feature_type": "edge", "u": 279, "v": 285, "edge_key": 1, "length_m": 8.944, "is_bridged": false, "is_bridge": false, "edge_betweenness": 0.0, "width_m": 4.0}}, {"type": "Feature", "geometry": {"type": "LineString", "coordinates": [[75.804664, 26.918482], [75.804745, 26.918482]]}, "properties": {"feature_type": "edge", "u": 280, "v": 281, "edge_key": 0, "length_m": 8.0, "is_bridged": false, "is_bridge": false, "edge_betweenness": 0.0, "width_m": 7.296}}, {"type": "Feature", "geometry": {"type": "LineString", "coordinates": [[75.804664, 26.918482], [75.804643, 26.91841], [75.804703, 26.918356]]}, "properties": {"feature_type": "edge", "u": 280, "v": 293, "edge_key": 0, "length_m": 16.957, "is_bridged": false, "is_bridge": false, "edge_betweenness": 0.0, "width_m": 10.003}}, {"type": "Feature", "geometry": {"type": "LineString", "coordinates": [[75.804745, 26.918482], [75.804744, 26.918428], [75.804703, 26.918356]]}, "properties": {"feature_type": "edge", "u": 281, "v": 293, "edge_key": 0, "length_m": 15.153, "is_bridged": false, "is_bridge": false, "edge_betweenness": 0.0, "width_m": 9.851}}, {"type": "Feature", "geometry": {"type": "LineString", "coordinates": [[75.80831, 26.918443], [75.80839, 26.918407], [75.808531, 26.918388]]}, "properties": {"feature_type": "edge", "u": 282, "v": 289, "edge_key": 0, "length_m": 24.129, "is_bridged": false, "is_bridge": false, "edge_betweenness": 0.0, "width_m": 8.343}}, {"type": "Feature", "geometry": {"type": "LineString", "coordinates": [[75.814171, 26.918392], [75.81403, 26.918392]]}, "properties": {"feature_type": "edge", "u": 283, "v": 287, "edge_key": 0, "length_m": 14.0, "is_bridged": false, "is_bridge": false, "edge_betweenness": 0.0, "width_m": 9.653}}, {"type": "Feature", "geometry": {"type": "LineString", "coordinates": [[75.814171, 26.918392], [75.814231, 26.918355]]}, "properties": {"feature_type": "edge", "u": 283, "v": 291, "edge_key": 0, "length_m": 7.657, "is_bridged": false, "is_bridge": false, "edge_betweenness": 0.0, "width_m": 10.721}}, {"type": "Feature", "geometry": {"type": "LineString", "coordinates": [[75.799528, 26.918457], [75.799548, 26.918439], [75.799628, 26.918457]]}, "properties": {"feature_type": "edge", "u": 284, "v": 285, "edge_key": 0, "length_m": 11.075, "is_bridged": false, "is_bridge": false, "edge_betweenness": 0.0, "width_m": 4.552}}, {"type": "Feature", "geometry": {"type": "LineString", "coordinates": [[75.799628, 26.918457], [75.799729, 26.918474], [75.799789, 26.918438]]}, "properties": {"feature_type": "edge", "u": 285, "v": 288, "edge_key": 0, "length_m": 17.409, "is_bridged": false, "is_bridge": false, "edge_betweenness": 0.0, "width_m": 5.333}}, {"type": "Feature", "geometry": {"type": "LineString", "coordinates": [[75.799628, 26.918457], [75.799689, 26.918438], [75.799688, 26.918402]]}, "properties": {"feature_type": "edge", "u": 285, "v": 292, "edge_key": 0, "length_m": 10.325, "is_bridged": false, "is_bridge": false, "edge_betweenness": 0.0, "width_m": 3.219}}, {"type": "Feature", "geometry": {"type": "LineString", "coordinates": [[75.799628, 26.918457], [75.799648, 26.918402], [75.799688, 26.918402]]}, "properties": {"feature_type": "edge", "u": 285, "v": 292, "edge_key": 1, "length_m": 10.325, "is_bridged": false, "is_bridge": false, "edge_betweenness": 0.0, "width_m": 4.552}}, {"type": "Feature", "geometry": {"type": "LineString", "coordinates": [[75.813304, 26.918378], [75.813385, 26.918342], [75.813465, 26.918341], [75.813727, 26.918268], [75.813988, 26.91823]]}, "properties": {"feature_type": "edge", "u": 286, "v": 303, "edge_key": 0, "length_m": 74.627, "is_bridged": false, "is_bridge": false, "edge_betweenness": 0.0, "width_m": 8.556}}, {"type": "Feature", "geometry": {"type": "LineString", "coordinates": [[75.81403, 26.918392], [75.814009, 26.918374], [75.813988, 26.91823]]}, "properties": {"feature_type": "edge", "u": 287, "v": 303, "edge_key": 0, "length_m": 19.301, "is_bridged": false, "is_bridge": false, "edge_betweenness": 0.0, "width_m": 9.022}}, {"type": "Feature", "geometry": {"type": "LineString", "coordinates": [[75.799789, 26.918438], [75.799749, 26.91842], [75.799769, 26.918384]]}, "properties": {"feature_type": "edge", "u": 288, "v": 294, "edge_key": 0, "length_m": 8.944, "is_bridged": false, "is_bridge": false, "edge_betweenness": 0.0, "width_m": 5.333}}, {"type": "Feature", "geometry": {"type": "LineString", "coordinates": [[75.799789, 26.918438], [75.799809, 26.918401], [75.799769, 26.918384]]}, "properties": {"feature_type": "edge", "u": 288, "v": 294, "edge_key": 1, "length_m": 8.944, "is_bridged": false, "is_bridge": false, "edge_betweenness": 0.0, "width_m": 5.333}}, {"type": "Feature", "geometry": {"type": "LineString", "coordinates": [[75.799789, 26.918438], [75.79985, 26.918419], [75.799869, 26.918365]]}, "properties": {"feature_type": "edge", "u": 288, "v": 295, "edge_key": 0, "length_m": 12.649, "is_bridged": false, "is_bridge": false, "edge_betweenness": 0.0, "width_m": 5.333}}, {"type": "Feature", "geometry": {"type": "LineString", "coordinates": [[75.808531, 26.918388], [75.808692, 26.918369]]}, "properties": {"feature_type": "edge", "u": 289, "v": 290, "edge_key": 0, "length_m": 16.472, "is_bridged": false, "is_bridge": false, "edge_betweenness": 0.0, "width_m": 8.706}}, {"type": "Feature", "geometry": {"type": "LineString", "coordinates": [[75.808531, 26.918388], [75.808509, 26.918189], [75.808386, 26.917865], [75.808344, 26.917558]]}, "properties": {"feature_type": "edge", "u": 289, "v": 361, "edge_key": 0, "length_m": 99.456, "is_bridged": false, "is_bridge": false, "edge_betweenness": 0.0, "width_m": 8.404}}, {"type": "Feature", "geometry": {"type": "LineString", "coordinates": [[75.808692, 26.918369], [75.809013, 26.918295], [75.809215, 26.918276], [75.809275, 26.918239]]}, "properties": {"feature_type": "edge", "u": 290, "v": 307, "edge_key": 0, "length_m": 63.799, "is_bridged": false, "is_bridge": false, "edge_betweenness": 0.0, "width_m": 8.496}}, {"type": "Feature", "geometry": {"type": "LineString", "coordinates": [[75.814231, 26.918355], [75.814492, 26.918317], [75.814573, 26.918281]]}, "properties": {"feature_type": "edge", "u": 291, "v": 300, "edge_key": 0, "length_m": 37.314, "is_bridged": false, "is_bridge": false, "edge_betweenness": 0.0, "width_m": 8.668}}, {"type": "Feature", "geometry": {"type": "LineString", "coordinates": [[75.814231, 26.918355], [75.81423, 26.918193]]}, "properties": {"feature_type": "edge", "u": 291, "v": 308, "edge_key": 0, "length_m": 18.0, "is_bridged": false, "is_bridge": false, "edge_betweenness": 0.0, "width_m": 8.65}}, {"type": "Feature", "geometry": {"type": "LineString", "coordinates": [[75.799688, 26.918402], [75.799769, 26.918384]]}, "properties": {"feature_type": "edge", "u": 292, "v": 294, "edge_key": 0, "length_m": 8.828, "is_bridged": false, "is_bridge": false, "edge_betweenness": 0.0, "width_m": 5.886}}, {"type": "Feature", "geometry": {"type": "LineString", "coordinates": [[75.804703, 26.918356], [75.804623, 26.91832], [75.804602, 26.918248]]}, "properties": {"feature_type": "edge", "u": 293, "v": 306, "edge_key": 0, "length_m": 17.981, "is_bridged": false, "is_bridge": false, "edge_betweenness": 0.0, "width_m": 9.385}}, {"type": "Feature", "geometry": {"type": "LineString", "coordinates": [[75.804703, 26.918356], [75.804945, 26.918282], [75.805023, 26.918029], [75.805083, 26.917956], [75.805365, 26.917882]]}, "properties": {"feature_type": "edge", "u": 293, "v": 345, "edge_key": 0, "length_m": 100.07, "is_bridged": false, "is_bridge": false, "edge_betweenness": 0.0, "width_m": 8.72}}, {"type": "Feature", "geometry": {"type": "LineString", "coordinates": [[75.804703, 26.918356], [75.804703, 26.918265], [75.804683, 26.918247]]}, "properties": {"feature_type": "edge", "u": 293, "v": 309, "edge_key": 0, "length_m": 12.828, "is_bridged": false, "is_bridge": false, "edge_betweenness": 0.0, "width_m": 9.662}}, {"type": "Feature", "geometry": {"type": "LineString", "coordinates": [[75.799769, 26.918384], [75.799809, 26.918347], [75.799869, 26.918365]]}, "properties": {"feature_type": "edge", "u": 294, "v": 295, "edge_key": 0, "length_m": 11.981, "is_bridged": false, "is_bridge": false, "edge_betweenness": 0.0, "width_m": 4.0}}, {"type": "Feature", "geometry": {"type": "LineString", "coordinates": [[75.799869, 26.918365], [75.79995, 26.918401], [75.79997, 26.918382]]}, "properties": {"feature_type": "edge", "u": 295, "v": 296, "edge_key": 0, "length_m": 11.773, "is_bridged": false, "is_bridge": false, "edge_betweenness": 0.0, "width_m": 5.648}}, {"type": "Feature", "geometry": {"type": "LineString", "coordinates": [[75.799869, 26.918365], [75.79991, 26.918365]]}, "properties": {"feature_type": "edge", "u": 295, "v": 797, "edge_key": 0, "length_m": 4.0, "is_bridged": false, "is_bridge": false, "edge_betweenness": 0.0, "width_m": 1.333}}, {"type": "Feature", "geometry": {"type": "LineString", "coordinates": [[75.79991, 26.918365], [75.799869, 26.918365]]}, "properties": {"feature_type": "edge", "u": 295, "v": 797, "edge_key": 1, "length_m": 4.0, "is_bridged": false, "is_bridge": false, "edge_betweenness": 0.0, "width_m": 1.333}}, {"type": "Feature", "geometry": {"type": "LineString", "coordinates": [[75.799869, 26.918365], [75.799909, 26.918311], [75.799949, 26.91831]]}, "properties": {"feature_type": "edge", "u": 295, "v": 302, "edge_key": 0, "length_m": 11.211, "is_bridged": false, "is_bridge": false, "edge_betweenness": 0.0, "width_m": 4.552}}, {"type": "Feature", "geometry": {"type": "LineString", "coordinates": [[75.799869, 26.918365], [75.799828, 26.918293], [75.799808, 26.918185], [75.799481, 26.917573], [75.799481, 26.917537], [75.799175, 26.916961], [75.799174, 26.916924], [75.799113, 26.916816], [75.799073, 26.916799]]}, "properties": {"feature_type": "edge", "u": 295, "v": 407, "edge_key": 0, "length_m": 206.411, "is_bridged": false, "is_bridge": false, "edge_betweenness": 0.0, "width_m": 8.55}}, {"type": "Feature", "geometry": {"type": "LineString", "coordinates": [[75.79997, 26.918382], [75.80003, 26.918328]]}, "properties": {"feature_type": "edge", "u": 296, "v": 301, "edge_key": 0, "length_m": 8.944, "is_bridged": false, "is_bridge": false, "edge_betweenness": 0.0, "width_m": 6.981}}, {"type": "Feature", "geometry": {"type": "LineString", "coordinates": [[75.79997, 26.918382], [75.799949, 26.91831]]}, "properties": {"feature_type": "edge", "u": 296, "v": 302, "edge_key": 0, "length_m": 8.472, "is_bridged": false, "is_bridge": false, "edge_betweenness": 0.0, "width_m": 6.2}}, {"type": "Feature", "geometry": {"type": "LineString", "coordinates": [[75.805509, 26.918351], [75.805467, 26.918062], [75.805426, 26.917954], [75.805365, 26.917882]]}, "properties": {"feature_type": "edge", "u": 297, "v": 345, "edge_key": 0, "length_m": 57.799, "is_bridged": false, "is_bridge": false, "edge_betweenness": 0.0, "width_m": 8.644}}, {"type": "Feature", "geometry": {"type": "LineString", "coordinates": [[75.811954, 26.918278], [75.811632, 26.918334], [75.810627, 26.918574], [75.810546, 26.918575], [75.810485, 26.918503], [75.810341, 26.918034]]}, "properties": {"feature_type": "edge", "u": 299, "v": 325, "edge_key": 0, "length_m": 220.679, "is_bridged": false, "is_bridge": false, "edge_betweenness": 0.0, "width_m": 8.533}}, {"type": "Feature", "geometry": {"type": "LineString", "coordinates": [[75.811954, 26.918278], [75.812276, 26.918186]]}, "properties": {"feature_type": "edge", "u": 299, "v": 311, "edge_key": 0, "length_m": 36.142, "is_bridged": false, "is_bridge": false, "edge_betweenness": 0.0, "width_m": 8.693}}, {"type": "Feature", "geometry": {"type": "LineString", "coordinates": [[75.814573, 26.918281], [75.814754, 26.918262], [75.815055, 26.918188]]}, "properties": {"feature_type": "edge", "u": 300, "v": 310, "edge_key": 0, "length_m": 52.142, "is_bridged": false, "is_bridge": true, "edge_betweenness": 0.0, "width_m": 8.453}}, {"type": "Feature", "geometry": {"type": "LineString", "coordinates": [[75.814573, 26.918281], [75.814551, 26.918119]]}, "properties": {"feature_type": "edge", "u": 300, "v": 315, "edge_key": 0, "length_m": 18.828, "is_bridged": false, "is_bridge": false, "edge_betweenness": 0.0, "width_m": 9.064}}, {"type": "Feature", "geometry": {"type": "LineString", "coordinates": [[75.80003, 26.918328], [75.800131, 26.918327], [75.800151, 26.918273]]}, "properties": {"feature_type": "edge", "u": 301, "v": 304, "edge_key": 0, "length_m": 16.325, "is_bridged": false, "is_bridge": false, "edge_betweenness": 0.0, "width_m": 5.236}}, {"type": "Feature", "geometry": {"type": "LineString", "coordinates": [[75.80003, 26.918328], [75.80007, 26.91831], [75.80007, 26.918274]]}, "properties": {"feature_type": "edge", "u": 301, "v": 305, "edge_key": 0, "length_m": 8.472, "is_bridged": false, "is_bridge": false, "edge_betweenness": 0.0, "width_m": 4.552}}, {"type": "Feature", "geometry": {"type": "LineString", "coordinates": [[75.80003, 26.918328], [75.80003, 26.918274], [75.80007, 26.918274]]}, "properties": {"feature_type": "edge", "u": 301, "v": 305, "edge_key": 1, "length_m": 10.0, "is_bridged": false, "is_bridge": false, "edge_betweenness": 0.0, "width_m": 5.886}}, {"type": "Feature", "geometry": {"type": "LineString", "coordinates": [[75.80003, 26.918328], [75.799969, 26.918292], [75.799949, 26.91831]]}, "properties": {"feature_type": "edge", "u": 301, "v": 302, "edge_key": 0, "length_m": 10.04, "is_bridged": false, "is_bridge": false, "edge_betweenness": 0.0, "width_m": 5.886}}, {"type": "Feature", "geometry": {"type": "LineString", "coordinates": [[75.813988, 26.91823], [75.814069, 26.918194], [75.81423, 26.918193]]}, "properties": {"feature_type": "edge", "u": 303, "v": 308, "edge_key": 0, "length_m": 25.657, "is_bridged": false, "is_bridge": false, "edge_betweenness": 0.0, "width_m": 8.67}}, {"type": "Feature", "geometry": {"type": "LineString", "coordinates": [[75.800151, 26.918273], [75.80009, 26.918255], [75.80007, 26.918274]]}, "properties": {"feature_type": "edge", "u": 304, "v": 305, "edge_key": 0, "length_m": 9.153, "is_bridged": false, "is_bridge": false, "edge_betweenness": 0.0, "width_m": 4.552}}, {"type": "Feature", "geometry": {"type": "LineString", "coordinates": [[75.800151, 26.918273], [75.800311, 26.918218]]}, "properties": {"feature_type": "edge", "u": 304, "v": 312, "edge_key": 0, "length_m": 17.478, "is_bridged": false, "is_bridge": false, "edge_betweenness": 0.0, "width_m": 8.358}}, {"type": "Feature", "geometry": {"type": "LineString", "coordinates": [[75.804602, 26.918248], [75.804683, 26.918247]]}, "properties": {"feature_type": "edge", "u": 306, "v": 309, "edge_key": 0, "length_m": 8.0, "is_bridged": false, "is_bridge": false, "edge_betweenness": 0.0, "width_m": 8.315}}, {"type": "Feature", "geometry": {"type": "LineString", "coordinates": [[75.804602, 26.918248], [75.804581, 26.91814]]}, "properties": {"feature_type": "edge", "u": 306, "v": 319, "edge_key": 0, "length_m": 12.828, "is_bridged": false, "is_bridge": false, "edge_betweenness": 0.0, "width_m": 8.0}}, {"type": "Feature", "geometry": {"type": "LineString", "coordinates": [[75.809275, 26.918239], [75.809396, 26.918238], [75.809919, 26.918127]]}, "properties": {"feature_type": "edge", "u": 307, "v": 317, "edge_key": 0, "length_m": 68.614, "is_bridged": false, "is_bridge": false, "edge_betweenness": 0.0, "width_m": 8.57}}, {"type": "Feature", "geometry": {"type": "LineString", "coordinates": [[75.809275, 26.918239], [75.809255, 26.918221], [75.809254, 26.918131], [75.809213, 26.918041], [75.809213, 26.917969], [75.809172, 26.917879], [75.809171, 26.917806], [75.80913, 26.917716], [75.80913, 26.917644], [75.809089, 26.917554], [75.809026, 26.917266]]}, "properties": {"feature_type": "edge", "u": 307, "v": 381, "edge_key": 0, "length_m": 117.941, "is_bridged": false, "is_bridge": false, "edge_betweenness": 0.0, "width_m": 8.385}}, {"type": "Feature", "geometry": {"type": "LineString", "coordinates": [[75.81423, 26.918193], [75.81425, 26.918156], [75.81433, 26.918156], [75.814431, 26.918119], [75.814551, 26.918119]]}, "properties": {"feature_type": "edge", "u": 308, "v": 315, "edge_key": 0, "length_m": 36.129, "is_bridged": false, "is_bridge": false, "edge_betweenness": 0.0, "width_m": 8.443}}, {"type": "Feature", "geometry": {"type": "LineString", "coordinates": [[75.804683, 26.918247], [75.804662, 26.918139]]}, "properties": {"feature_type": "edge", "u": 309, "v": 320, "edge_key": 0, "length_m": 12.472, "is_bridged": false, "is_bridge": false, "edge_betweenness": 0.0, "width_m": 9.04}}, {"type": "Feature", "geometry": {"type": "LineString", "coordinates": [[75.812276, 26.918186], [75.812376, 26.918185], [75.812477, 26.918149], [75.812557, 26.918148], [75.812819, 26.918074], [75.812899, 26.918074], [75.81308, 26.918019], [75.813161, 26.918018], [75.813643, 26.917907], [75.813663, 26.917889], [75.813662, 26.917744], [75.81358, 26.917456]]}, "properties": {"feature_type": "edge", "u": 311, "v": 370, "edge_key": 0, "length_m": 202.212, "is_bridged": false, "is_bridge": false, "edge_betweenness": 0.0, "width_m": 8.439}}, {"type": "Feature", "geometry": {"type": "LineString", "coordinates": [[75.812276, 26.918186], [75.812131, 26.917645]]}, "properties": {"feature_type": "edge", "u": 311, "v": 357, "edge_key": 0, "length_m": 65.086, "is_bridged": false, "is_bridge": false, "edge_betweenness": 0.0, "width_m": 8.75}}, {"type": "Feature", "geometry": {"type": "LineString", "coordinates": [[75.800311, 26.918218], [75.800352, 26.918254], [75.800392, 26.918236]]}, "properties": {"feature_type": "edge", "u": 312, "v": 313, "edge_key": 0, "length_m": 10.485, "is_bridged": false, "is_bridge": false, "edge_betweenness": 0.0, "width_m": 6.472}}, {"type": "Feature", "geometry": {"type": "LineString", "coordinates": [[75.800311, 26.918218], [75.800331, 26.918164], [75.800392, 26.918163]]}, "properties": {"feature_type": "edge", "u": 312, "v": 318, "edge_key": 0, "length_m": 12.828, "is_bridged": false, "is_bridge": false, "edge_betweenness": 0.0, "width_m": 6.12}}, {"type": "Feature", "geometry": {"type": "LineString", "coordinates": [[75.800392, 26.918236], [75.800493, 26.918199]]}, "properties": {"feature_type": "edge", "u": 313, "v": 314, "edge_key": 0, "length_m": 11.211, "is_bridged": false, "is_bridge": false, "edge_betweenness": 0.0, "width_m": 8.315}}, {"type": "Feature", "geometry": {"type": "LineString", "coordinates": [[75.800392, 26.918236], [75.800392, 26.918163]]}, "properties": {"feature_type": "edge", "u": 313, "v": 318, "edge_key": 0, "length_m": 8.0, "is_bridged": false, "is_bridge": false, "edge_betweenness": 0.0, "width_m": 6.2}}, {"type": "Feature", "geometry": {"type": "LineString", "coordinates": [[75.800493, 26.918199], [75.800452, 26.918181], [75.800472, 26.918145]]}, "properties": {"feature_type": "edge", "u": 314, "v": 321, "edge_key": 0, "length_m": 8.944, "is_bridged": false, "is_bridge": false, "edge_betweenness": 0.0, "width_m": 5.333}}, {"type": "Feature", "geometry": {"type": "LineString", "coordinates": [[75.800493, 26.918199], [75.800512, 26.918163], [75.800472, 26.918145]]}, "properties": {"feature_type": "edge", "u": 314, "v": 321, "edge_key": 1, "length_m": 8.944, "is_bridged": false, "is_bridge": false, "edge_betweenness": 0.0, "width_m": 5.333}}, {"type": "Feature", "geometry": {"type": "LineString", "coordinates": [[75.800493, 26.918199], [75.800553, 26.918181], [75.800573, 26.918144]]}, "properties": {"feature_type": "edge", "u": 314, "v": 322, "edge_key": 0, "length_m": 10.797, "is_bridged": false, "is_bridge": false, "edge_betweenness": 0.0, "width_m": 6.667}}, {"type": "Feature", "geometry": {"type": "LineString", "coordinates": [[75.814551, 26.918119], [75.814612, 26.918082], [75.815054, 26.918007]]}, "properties": {"feature_type": "edge", "u": 315, "v": 328, "edge_key": 0, "length_m": 54.971, "is_bridged": false, "is_bridge": true, "edge_betweenness": 0.0, "width_m": 8.509}}, {"type": "Feature", "geometry": {"type": "LineString", "coordinates": [[75.801479, 26.918175], [75.80152, 26.918175], [75.80158, 26.918102], [75.801579, 26.918048], [75.801639, 26.917922], [75.801638, 26.917849]]}, "properties": {"feature_type": "edge", "u": 316, "v": 347, "edge_key": 0, "length_m": 44.971, "is_bridged": false, "is_bridge": false, "edge_betweenness": 0.0, "width_m": 9.121}}, {"type": "Feature", "geometry": {"type": "LineString", "coordinates": [[75.801479, 26.918175], [75.801378, 26.918049], [75.801317, 26.918032]]}, "properties": {"feature_type": "edge", "u": 316, "v": 334, "edge_key": 0, "length_m": 24.467, "is_bridged": false, "is_bridge": false, "edge_betweenness": 0.0, "width_m": 15.948}}, {"type": "Feature", "geometry": {"type": "LineString", "coordinates": [[75.809919, 26.918127], [75.809878, 26.918091], [75.809878, 26.918019], [75.809775, 26.917749], [75.809734, 26.917695], [75.809611, 26.917334], [75.80957, 26.91728], [75.809508, 26.917064]]}, "properties": {"feature_type": "edge", "u": 317, "v": 387, "edge_key": 0, "length_m": 134.569, "is_bridged": false, "is_bridge": false, "edge_betweenness": 0.0, "width_m": 8.652}}, {"type": "Feature", "geometry": {"type": "LineString", "coordinates": [[75.809919, 26.918127], [75.810341, 26.918034]]}, "properties": {"feature_type": "edge", "u": 317, "v": 325, "edge_key": 0, "length_m": 45.43, "is_bridged": false, "is_bridge": false, "edge_betweenness": 0.0, "width_m": 8.831}}, {"type": "Feature", "geometry": {"type": "LineString", "coordinates": [[75.800392, 26.918163], [75.800472, 26.918145]]}, "properties": {"feature_type": "edge", "u": 318, "v": 321, "edge_key": 0, "length_m": 8.828, "is_bridged": false, "is_bridge": false, "edge_betweenness": 0.0, "width_m": 5.886}}, {"type": "Feature", "geometry": {"type": "LineString", "coordinates": [[75.804581, 26.91814], [75.804662, 26.918139]]}, "properties": {"feature_type": "edge", "u": 319, "v": 320, "edge_key": 0, "length_m": 8.0, "is_bridged": false, "is_bridge": false, "edge_betweenness": 0.0, "width_m": 9.105}}, {"type": "Feature", "geometry": {"type": "LineString", "coordinates": [[75.804581, 26.91814], [75.80456, 26.918031]]}, "properties": {"feature_type": "edge", "u": 319, "v": 331, "edge_key": 0, "length_m": 12.828, "is_bridged": false, "is_bridge": false, "edge_betweenness": 0.0, "width_m": 8.0}}, {"type": "Feature", "geometry": {"type": "LineString", "coordinates": [[75.804662, 26.918139], [75.804641, 26.918031]]}, "properties": {"feature_type": "edge", "u": 320, "v": 332, "edge_key": 0, "length_m": 12.472, "is_bridged": false, "is_bridge": false, "edge_betweenness": 0.0, "width_m": 9.514}}, {"type": "Feature", "geometry": {"type": "LineString", "coordinates": [[75.800472, 26.918145], [75.800512, 26.918109], [75.800573, 26.918144]]}, "properties": {"feature_type": "edge", "u": 321, "v": 322, "edge_key": 0, "length_m": 12.868, "is_bridged": false, "is_bridge": false, "edge_betweenness": 0.0, "width_m": 5.333}}, {"type": "Feature", "geometry": {"type": "LineString", "coordinates": [[75.800573, 26.918144], [75.800653, 26.918162], [75.800714, 26.918125]]}, "properties": {"feature_type": "edge", "u": 322, "v": 323, "edge_key": 0, "length_m": 15.457, "is_bridged": false, "is_bridge": false, "edge_betweenness": 0.0, "width_m": 6.667}}, {"type": "Feature", "geometry": {"type": "LineString", "coordinates": [[75.800573, 26.918144], [75.800633, 26.91809]]}, "properties": {"feature_type": "edge", "u": 322, "v": 326, "edge_key": 0, "length_m": 8.944, "is_bridged": false, "is_bridge": false, "edge_betweenness": 0.0, "width_m": 4.0}}, {"type": "Feature", "geometry": {"type": "LineString", "coordinates": [[75.800573, 26.918144], [75.800572, 26.91809], [75.800633, 26.91809]]}, "properties": {"feature_type": "edge", "u": 322, "v": 326, "edge_key": 1, "length_m": 12.0, "is_bridged": false, "is_bridge": false, "edge_betweenness": 0.0, "width_m": 5.333}}, {"type": "Feature", "geometry": {"type": "LineString", "coordinates": [[75.800714, 26.918125], [75.800633, 26.91809]]}, "properties": {"feature_type": "edge", "u": 323, "v": 326, "edge_key": 0, "length_m": 8.944, "is_bridged": false, "is_bridge": false, "edge_betweenness": 0.0, "width_m": 5.333}}, {"type": "Feature", "geometry": {"type": "LineString", "coordinates": [[75.800714, 26.918125], [75.800774, 26.918107], [75.800794, 26.918071]]}, "properties": {"feature_type": "edge", "u": 323, "v": 327, "edge_key": 0, "length_m": 10.797, "is_bridged": false, "is_bridge": false, "edge_betweenness": 0.0, "width_m": 6.667}}, {"type": "Feature", "geometry": {"type": "LineString", "coordinates": [[75.800714, 26.918125], [75.800733, 26.918089], [75.800713, 26.918053]]}, "properties": {"feature_type": "edge", "u": 323, "v": 329, "edge_key": 0, "length_m": 8.944, "is_bridged": false, "is_bridge": false, "edge_betweenness": 0.0, "width_m": 5.886}}, {"type": "Feature", "geometry": {"type": "LineString", "coordinates": [[75.806011, 26.918095], [75.806313, 26.918057], [75.806393, 26.918021]]}, "properties": {"feature_type": "edge", "u": 324, "v": 335, "edge_key": 0, "length_m": 41.314, "is_bridged": false, "is_bridge": true, "edge_betweenness": 0.0, "width_m": 8.125}}, {"type": "Feature", "geometry": {"type": "LineString", "coordinates": [[75.806011, 26.918095], [75.805948, 26.917735], [75.805928, 26.917717], [75.805927, 26.917626], [75.805907, 26.917608], [75.805864, 26.917284], [75.805844, 26.917266], [75.805843, 26.917175], [75.805823, 26.917157], [75.805822, 26.917067], [75.805802, 26.917049], [75.80578, 26.916815]]}, "properties": {"feature_type": "edge", "u": 324, "v": 403, "edge_key": 0, "length_m": 151.113, "is_bridged": false, "is_bridge": false, "edge_betweenness": 0.0, "width_m": 8.202}}, {"type": "Feature", "geometry": {"type": "LineString", "coordinates": [[75.810341, 26.918034], [75.812131, 26.917645]]}, "properties": {"feature_type": "edge", "u": 325, "v": 357, "edge_key": 0, "length_m": 194.684, "is_bridged": false, "is_bridge": false, "edge_betweenness": 0.0, "width_m": 8.495}}, {"type": "Feature", "geometry": {"type": "LineString", "coordinates": [[75.810341, 26.918034], [75.8103, 26.917944], [75.8103, 26.917872], [75.810259, 26.917782], [75.810196, 26.917475]]}, "properties": {"feature_type": "edge", "u": 325, "v": 369, "edge_key": 0, "length_m": 67.295, "is_bridged": false, "is_bridge": false, "edge_betweenness": 0.0, "width_m": 8.515}}, {"type": "Feature", "geometry": {"type": "LineString", "coordinates": [[75.800633, 26.91809], [75.800673, 26.918053], [75.800713, 26.918053]]}, "properties": {"feature_type": "edge", "u": 326, "v": 329, "edge_key": 0, "length_m": 9.657, "is_bridged": false, "is_bridge": false, "edge_betweenness": 0.0, "width_m": 5.886}}, {"type": "Feature", "geometry": {"type": "LineString", "coordinates": [[75.800794, 26.918071], [75.800874, 26.918088], [75.800894, 26.91807]]}, "properties": {"feature_type": "edge", "u": 327, "v": 330, "edge_key": 0, "length_m": 11.075, "is_bridged": false, "is_bridge": false, "edge_betweenness": 0.0, "width_m": 6.981}}, {"type": "Feature", "geometry": {"type": "LineString", "coordinates": [[75.800794, 26.918071], [75.800854, 26.918016]]}, "properties": {"feature_type": "edge", "u": 327, "v": 336, "edge_key": 0, "length_m": 8.944, "is_bridged": false, "is_bridge": false, "edge_betweenness": 0.0, "width_m": 4.0}}, {"type": "Feature", "geometry": {"type": "LineString", "coordinates": [[75.800794, 26.918071], [75.800793, 26.918017], [75.800854, 26.918016]]}, "properties": {"feature_type": "edge", "u": 327, "v": 336, "edge_key": 1, "length_m": 12.0, "is_bridged": false, "is_bridge": false, "edge_betweenness": 0.0, "width_m": 5.333}}, {"type": "Feature", "geometry": {"type": "LineString", "coordinates": [[75.800794, 26.918071], [75.800733, 26.918035], [75.800713, 26.918053]]}, "properties": {"feature_type": "edge", "u": 327, "v": 329, "edge_key": 0, "length_m": 10.04, "is_bridged": false, "is_bridge": false, "edge_betweenness": 0.0, "width_m": 5.886}}, {"type": "Feature", "geometry": {"type": "LineString", "coordinates": [[75.800894, 26.91807], [75.800955, 26.918052]]}, "properties": {"feature_type": "edge", "u": 330, "v": 333, "edge_key": 0, "length_m": 6.828, "is_bridged": false, "is_bridge": false, "edge_betweenness": 0.0, "width_m": 8.63}}, {"type": "Feature", "geometry": {"type": "LineString", "coordinates": [[75.800894, 26.91807], [75.800894, 26.918034], [75.800854, 26.918016]]}, "properties": {"feature_type": "edge", "u": 330, "v": 336, "edge_key": 0, "length_m": 8.472, "is_bridged": false, "is_bridge": false, "edge_betweenness": 0.0, "width_m": 5.648}}, {"type": "Feature", "geometry": {"type": "LineString", "coordinates": [[75.80456, 26.918031], [75.804641, 26.918031]]}, "properties": {"feature_type": "edge", "u": 331, "v": 332, "edge_key": 0, "length_m": 8.0, "is_bridged": false, "is_bridge": false, "edge_betweenness": 0.0, "width_m": 9.105}}, {"type": "Feature", "geometry": {"type": "LineString", "coordinates": [[75.80456, 26.918031], [75.804539, 26.917923]]}, "properties": {"feature_type": "edge", "u": 331, "v": 341, "edge_key": 0, "length_m": 12.828, "is_bridged": false, "is_bridge": false, "edge_betweenness": 0.0, "width_m": 8.0}}, {"type": "Feature", "geometry": {"type": "LineString", "coordinates": [[75.804641, 26.918031], [75.80462, 26.917923]]}, "properties": {"feature_type": "edge", "u": 332, "v": 342, "edge_key": 0, "length_m": 12.472, "is_bridged": false, "is_bridge": false, "edge_betweenness": 0.0, "width_m": 9.514}}, {"type": "Feature", "geometry": {"type": "LineString", "coordinates": [[75.800955, 26.918052], [75.801015, 26.918033]]}, "properties": {"feature_type": "edge", "u": 333, "v": 337, "edge_key": 0, "length_m": 6.828, "is_bridged": false, "is_bridge": false, "edge_betweenness": 0.0, "width_m": 8.63}}, {"type": "Feature", "geometry": {"type": "LineString", "coordinates": [[75.800955, 26.918052], [75.800934, 26.91798]]}, "properties": {"feature_type": "edge", "u": 333, "v": 339, "edge_key": 0, "length_m": 8.472, "is_bridged": false, "is_bridge": false, "edge_betweenness": 0.0, "width_m": 6.2}}, {"type": "Feature", "geometry": {"type": "LineString", "coordinates": [[75.801317, 26.918032], [75.801237, 26.91805], [75.801196, 26.918014]]}, "properties": {"feature_type": "edge", "u": 334, "v": 338, "edge_key": 0, "length_m": 13.903, "is_bridged": false, "is_bridge": false, "edge_betweenness": 0.0, "width_m": 8.315}}, {"type": "Feature", "geometry": {"type": "LineString", "coordinates": [[75.801317, 26.918032], [75.801297, 26.918014]]}, "properties": {"feature_type": "edge", "u": 334, "v": 798, "edge_key": 0, "length_m": 2.828, "is_bridged": false, "is_bridge": false, "edge_betweenness": 0.0, "width_m": 4.0}}, {"type": "Feature", "geometry": {"type": "LineString", "coordinates": [[75.801297, 26.918014], [75.801317, 26.918032]]}, "properties": {"feature_type": "edge", "u": 334, "v": 798, "edge_key": 1, "length_m": 2.828, "is_bridged": false, "is_bridge": false, "edge_betweenness": 0.0, "width_m": 4.0}}, {"type": "Feature", "geometry": {"type": "LineString", "coordinates": [[75.801317, 26.918032], [75.801357, 26.917995], [75.801357, 26.917941], [75.801236, 26.917906]]}, "properties": {"feature_type": "edge", "u": 334, "v": 343, "edge_key": 0, "length_m": 24.306, "is_bridged": false, "is_bridge": false, "edge_betweenness": 0.0, "width_m": 12.134}}, {"type": "Feature", "geometry": {"type": "LineString", "coordinates": [[75.800854, 26.918016], [75.800894, 26.91798], [75.800934, 26.91798]]}, "properties": {"feature_type": "edge", "u": 336, "v": 339, "edge_key": 0, "length_m": 9.657, "is_bridged": false, "is_bridge": false, "edge_betweenness": 0.0, "width_m": 5.886}}, {"type": "Feature", "geometry": {"type": "LineString", "coordinates": [[75.801015, 26.918033], [75.801156, 26.918033], [75.801196, 26.918014]]}, "properties": {"feature_type": "edge", "u": 337, "v": 338, "edge_key": 0, "length_m": 18.472, "is_bridged": false, "is_bridge": false, "edge_betweenness": 0.0, "width_m": 11.618}}, {"type": "Feature", "geometry": {"type": "LineString", "coordinates": [[75.801015, 26.918033], [75.800994, 26.917961]]}, "properties": {"feature_type": "edge", "u": 337, "v": 340, "edge_key": 0, "length_m": 8.472, "is_bridged": false, "is_bridge": false, "edge_betweenness": 0.0, "width_m": 6.2}}, {"type": "Feature", "geometry": {"type": "LineString", "coordinates": [[75.801196, 26.918014], [75.801236, 26.91796], [75.801236, 26.917906]]}, "properties": {"feature_type": "edge", "u": 338, "v": 343, "edge_key": 0, "length_m": 13.301, "is_bridged": false, "is_bridge": false, "edge_betweenness": 0.0, "width_m": 8.064}}, {"type": "Feature", "geometry": {"type": "LineString", "coordinates": [[75.801196, 26.918014], [75.801155, 26.917924], [75.801236, 26.917906]]}, "properties": {"feature_type": "edge", "u": 338, "v": 343, "edge_key": 1, "length_m": 19.399, "is_bridged": false, "is_bridge": false, "edge_betweenness": 0.0, "width_m": 5.131}}, {"type": "Feature", "geometry": {"type": "LineString", "coordinates": [[75.800934, 26.91798], [75.800994, 26.917961]]}, "properties": {"feature_type": "edge", "u": 339, "v": 340, "edge_key": 0, "length_m": 6.828, "is_bridged": false, "is_bridge": false, "edge_betweenness": 0.0, "width_m": 6.438}}, {"type": "Feature", "geometry": {"type": "LineString", "coordinates": [[75.800994, 26.917961], [75.801054, 26.917907], [75.801236, 26.917906]]}, "properties": {"feature_type": "edge", "u": 340, "v": 343, "edge_key": 0, "length_m": 27.301, "is_bridged": false, "is_bridge": false, "edge_betweenness": 0.0, "width_m": 7.143}}, {"type": "Feature", "geometry": {"type": "LineString", "coordinates": [[75.804539, 26.917923], [75.80462, 26.917923]]}, "properties": {"feature_type": "edge", "u": 341, "v": 342, "edge_key": 0, "length_m": 8.0, "is_bridged": false, "is_bridge": false, "edge_betweenness": 0.0, "width_m": 9.105}}, {"type": "Feature", "geometry": {"type": "LineString", "coordinates": [[75.804539, 26.917923], [75.804518, 26.917833], [75.804558, 26.917779]]}, "properties": {"feature_type": "edge", "u": 341, "v": 349, "edge_key": 0, "length_m": 18.04, "is_bridged": false, "is_bridge": false, "edge_betweenness": 0.0, "width_m": 6.667}}, {"type": "Feature", "geometry": {"type": "LineString", "coordinates": [[75.80462, 26.917923], [75.804619, 26.91785], [75.804558, 26.917779]]}, "properties": {"feature_type": "edge", "u": 342, "v": 349, "edge_key": 0, "length_m": 18.04, "is_bridged": false, "is_bridge": false, "edge_betweenness": 0.0, "width_m": 7.534}}, {"type": "Feature", "geometry": {"type": "LineString", "coordinates": [[75.801236, 26.917906], [75.801437, 26.917905], [75.801537, 26.91785], [75.801638, 26.917849]]}, "properties": {"feature_type": "edge", "u": 343, "v": 347, "edge_key": 0, "length_m": 42.485, "is_bridged": false, "is_bridge": false, "edge_betweenness": 0.0, "width_m": 8.688}}, {"type": "Feature", "geometry": {"type": "LineString", "coordinates": [[75.801236, 26.917906], [75.801114, 26.917852], [75.801114, 26.917798], [75.801154, 26.917762], [75.801174, 26.917671]]}, "properties": {"feature_type": "edge", "u": 343, "v": 352, "edge_key": 0, "length_m": 35.271, "is_bridged": false, "is_bridge": false, "edge_betweenness": 0.0, "width_m": 8.09}}, {"type": "Feature", "geometry": {"type": "LineString", "coordinates": [[75.801236, 26.917906], [75.801276, 26.917851], [75.801235, 26.917816], [75.801174, 26.917671]]}, "properties": {"feature_type": "edge", "u": 343, "v": 352, "edge_key": 1, "length_m": 30.284, "is_bridged": false, "is_bridge": false, "edge_betweenness": 0.0, "width_m": 9.145}}, {"type": "Feature", "geometry": {"type": "LineString", "coordinates": [[75.801236, 26.917906], [75.801336, 26.917851], [75.801336, 26.917815]]}, "properties": {"feature_type": "edge", "u": 343, "v": 348, "edge_key": 0, "length_m": 15.662, "is_bridged": false, "is_bridge": false, "edge_betweenness": 0.0, "width_m": 10.141}}, {"type": "Feature", "geometry": {"type": "LineString", "coordinates": [[75.796785, 26.917949], [75.796662, 26.917643], [75.796641, 26.917535]]}, "properties": {"feature_type": "edge", "u": 344, "v": 371, "edge_key": 0, "length_m": 51.799, "is_bridged": false, "is_bridge": true, "edge_betweenness": 0.0, "width_m": 8.34}}, {"type": "Feature", "geometry": {"type": "LineString", "coordinates": [[75.805365, 26.917882], [75.805343, 26.917702]]}, "properties": {"feature_type": "edge", "u": 345, "v": 353, "edge_key": 0, "length_m": 20.828, "is_bridged": false, "is_bridge": false, "edge_betweenness": 0.0, "width_m": 9.252}}, {"type": "Feature", "geometry": {"type": "LineString", "coordinates": [[75.806573, 26.917857], [75.806674, 26.917857], [75.806935, 26.917765], [75.807116, 26.917746]]}, "properties": {"feature_type": "edge", "u": 346, "v": 350, "edge_key": 0, "length_m": 58.971, "is_bridged": false, "is_bridge": false, "edge_betweenness": 0.0, "width_m": 8.563}}, {"type": "Feature", "geometry": {"type": "LineString", "coordinates": [[75.806573, 26.917857], [75.806491, 26.917569], [75.80649, 26.917479], [75.80657, 26.917442], [75.806812, 26.917405], [75.806892, 26.91735], [75.806872, 26.917332], [75.806871, 26.917206], [75.806767, 26.916827], [75.806746, 26.916647]]}, "properties": {"feature_type": "edge", "u": 346, "v": 412, "edge_key": 0, "length_m": 174.555, "is_bridged": false, "is_bridge": false, "edge_betweenness": 0.0, "width_m": 8.508}}, {"type": "Feature", "geometry": {"type": "LineString", "coordinates": [[75.801638, 26.917849], [75.801738, 26.917777], [75.801859, 26.91774], [75.80216, 26.917594]]}, "properties": {"feature_type": "edge", "u": 347, "v": 363, "edge_key": 0, "length_m": 63.598, "is_bridged": false, "is_bridge": false, "edge_betweenness": 0.0, "width_m": 9.342}}, {"type": "Feature", "geometry": {"type": "LineString", "coordinates": [[75.801336, 26.917815], [75.801477, 26.917778], [75.801536, 26.917705]]}, "properties": {"feature_type": "edge", "u": 348, "v": 355, "edge_key": 0, "length_m": 25.43, "is_bridged": false, "is_bridge": false, "edge_betweenness": 0.0, "width_m": 9.514}}, {"type": "Feature", "geometry": {"type": "LineString", "coordinates": [[75.801336, 26.917815], [75.801294, 26.917653]]}, "properties": {"feature_type": "edge", "u": 348, "v": 354, "edge_key": 0, "length_m": 18.67, "is_bridged": false, "is_bridge": false, "edge_betweenness": 0.0, "width_m": 9.947}}, {"type": "Feature", "geometry": {"type": "LineString", "coordinates": [[75.804558, 26.917779], [75.80474, 26.917778], [75.80478, 26.917759]]}, "properties": {"feature_type": "edge", "u": 349, "v": 351, "edge_key": 0, "length_m": 22.472, "is_bridged": false, "is_bridge": false, "edge_betweenness": 0.0, "width_m": 7.689}}, {"type": "Feature", "geometry": {"type": "LineString", "coordinates": [[75.804558, 26.917779], [75.804517, 26.91767]]}, "properties": {"feature_type": "edge", "u": 349, "v": 356, "edge_key": 0, "length_m": 12.649, "is_bridged": false, "is_bridge": false, "edge_betweenness": 0.0, "width_m": 5.333}}, {"type": "Feature", "geometry": {"type": "LineString", "coordinates": [[75.80478, 26.917759], [75.805021, 26.91774], [75.805162, 26.917703], [75.805343, 26.917702]]}, "properties": {"feature_type": "edge", "u": 351, "v": 353, "edge_key": 0, "length_m": 58.485, "is_bridged": false, "is_bridge": false, "edge_betweenness": 0.0, "width_m": 8.298}}, {"type": "Feature", "geometry": {"type": "LineString", "coordinates": [[75.80478, 26.917759], [75.804779, 26.917651]]}, "properties": {"feature_type": "edge", "u": 351, "v": 358, "edge_key": 0, "length_m": 12.0, "is_bridged": false, "is_bridge": false, "edge_betweenness": 0.0, "width_m": 8.378}}, {"type": "Feature", "geometry": {"type": "LineString", "coordinates": [[75.801174, 26.917671], [75.801255, 26.917743], [75.801294, 26.917653]]}, "properties": {"feature_type": "edge", "u": 352, "v": 354, "edge_key": 0, "length_m": 22.084, "is_bridged": false, "is_bridge": false, "edge_betweenness": 0.0, "width_m": 9.105}}, {"type": "Feature", "geometry": {"type": "LineString", "coordinates": [[75.801174, 26.917671], [75.801234, 26.917689], [75.801294, 26.917653]]}, "properties": {"feature_type": "edge", "u": 352, "v": 354, "edge_key": 1, "length_m": 13.773, "is_bridged": false, "is_bridge": false, "edge_betweenness": 0.0, "width_m": 7.394}}, {"type": "Feature", "geometry": {"type": "LineString", "coordinates": [[75.801174, 26.917671], [75.801234, 26.917617], [75.801294, 26.917653]]}, "properties": {"feature_type": "edge", "u": 352, "v": 354, "edge_key": 2, "length_m": 15.696, "is_bridged": false, "is_bridge": false, "edge_betweenness": 0.0, "width_m": 7.828}}, {"type": "Feature", "geometry": {"type": "LineString", "coordinates": [[75.801174, 26.917671], [75.801133, 26.917563], [75.801132, 26.917473]]}, "properties": {"feature_type": "edge", "u": 352, "v": 367, "edge_key": 0, "length_m": 22.649, "is_bridged": false, "is_bridge": false, "edge_betweenness": 0.0, "width_m": 8.0}}, {"type": "Feature", "geometry": {"type": "LineString", "coordinates": [[75.801174, 26.917671], [75.801193, 26.917581], [75.801233, 26.917563]]}, "properties": {"feature_type": "edge", "u": 352, "v": 366, "edge_key": 0, "length_m": 14.67, "is_bridged": false, "is_bridge": false, "edge_betweenness": 0.0, "width_m": 7.219}}, {"type": "Feature", "geometry": {"type": "LineString", "coordinates": [[75.805343, 26.917702], [75.805403, 26.917557], [75.805382, 26.917413], [75.805441, 26.91734], [75.805562, 26.917303]]}, "properties": {"feature_type": "edge", "u": 353, "v": 380, "edge_key": 0, "length_m": 59.1, "is_bridged": false, "is_bridge": false, "edge_betweenness": 0.0, "width_m": 8.586}}, {"type": "Feature", "geometry": {"type": "LineString", "coordinates": [[75.801294, 26.917653], [75.801415, 26.917634], [75.801536, 26.917705]]}, "properties": {"feature_type": "edge", "u": 354, "v": 355, "edge_key": 0, "length_m": 27.786, "is_bridged": false, "is_bridge": false, "edge_betweenness": 0.0, "width_m": 9.082}}, {"type": "Feature", "geometry": {"type": "LineString", "coordinates": [[75.801294, 26.917653], [75.801274, 26.917581], [75.801233, 26.917563]]}, "properties": {"feature_type": "edge", "u": 354, "v": 366, "edge_key": 0, "length_m": 12.718, "is_bridged": false, "is_bridge": false, "edge_betweenness": 0.0, "width_m": 9.657}}, {"type": "Feature", "geometry": {"type": "LineString", "coordinates": [[75.801536, 26.917705], [75.801637, 26.917705], [75.802059, 26.917522], [75.802139, 26.917521]]}, "properties": {"feature_type": "edge", "u": 355, "v": 368, "edge_key": 0, "length_m": 68.284, "is_bridged": false, "is_bridge": false, "edge_betweenness": 0.0, "width_m": 9.023}}, {"type": "Feature", "geometry": {"type": "LineString", "coordinates": [[75.804517, 26.91767], [75.804558, 26.91767]]}, "properties": {"feature_type": "edge", "u": 356, "v": 799, "edge_key": 0, "length_m": 4.0, "is_bridged": false, "is_bridge": false, "edge_betweenness": 0.0, "width_m": 4.0}}, {"type": "Feature", "geometry": {"type": "LineString", "coordinates": [[75.804558, 26.91767], [75.804517, 26.91767]]}, "properties": {"feature_type": "edge", "u": 356, "v": 799, "edge_key": 1, "length_m": 4.0, "is_bridged": false, "is_bridge": false, "edge_betweenness": 0.0, "width_m": 4.0}}, {"type": "Feature", "geometry": {"type": "LineString", "coordinates": [[75.804517, 26.91767], [75.804496, 26.917562]]}, "properties": {"feature_type": "edge", "u": 356, "v": 360, "edge_key": 0, "length_m": 12.325, "is_bridged": false, "is_bridge": false, "edge_betweenness": 0.0, "width_m": 6.667}}, {"type": "Feature", "geometry": {"type": "LineString", "coordinates": [[75.812131, 26.917645], [75.812111, 26.917609], [75.812088, 26.917248], [75.812007, 26.917176], [75.811926, 26.917141], [75.811644, 26.91716], [75.810377, 26.917456], [75.810196, 26.917475]]}, "properties": {"feature_type": "edge", "u": 357, "v": 369, "edge_key": 0, "length_m": 253.183, "is_bridged": false, "is_bridge": false, "edge_betweenness": 0.0, "width_m": 8.343}}, {"type": "Feature", "geometry": {"type": "LineString", "coordinates": [[75.812131, 26.917645], [75.812352, 26.917589], [75.812533, 26.91757], [75.812634, 26.917534], [75.812956, 26.917496], [75.812976, 26.917478], [75.813097, 26.917477], [75.813117, 26.917459], [75.81358, 26.917456]]}, "properties": {"feature_type": "edge", "u": 357, "v": 370, "edge_key": 0, "length_m": 151.928, "is_bridged": false, "is_bridge": false, "edge_betweenness": 0.0, "width_m": 8.297}}, {"type": "Feature", "geometry": {"type": "LineString", "coordinates": [[75.804779, 26.917651], [75.8049, 26.91765], [75.80496, 26.917614], [75.804939, 26.917542], [75.804778, 26.917543]]}, "properties": {"feature_type": "edge", "u": 358, "v": 364, "edge_key": 0, "length_m": 44.485, "is_bridged": false, "is_bridge": false, "edge_betweenness": 0.0, "width_m": 8.563}}, {"type": "Feature", "geometry": {"type": "LineString", "coordinates": [[75.804779, 26.917651], [75.804778, 26.917543]]}, "properties": {"feature_type": "edge", "u": 358, "v": 364, "edge_key": 1, "length_m": 12.0, "is_bridged": false, "is_bridge": false, "edge_betweenness": 0.0, "width_m": 9.496}}, {"type": "Feature", "geometry": {"type": "LineString", "coordinates": [[75.804496, 26.917562], [75.804537, 26.917562]]}, "properties": {"feature_type": "edge", "u": 360, "v": 800, "edge_key": 0, "length_m": 4.0, "is_bridged": false, "is_bridge": false, "edge_betweenness": 0.0, "width_m": 4.0}}, {"type": "Feature", "geometry": {"type": "LineString", "coordinates": [[75.804537, 26.917562], [75.804496, 26.917562]]}, "properties": {"feature_type": "edge", "u": 360, "v": 800, "edge_key": 1, "length_m": 4.0, "is_bridged": false, "is_bridge": false, "edge_betweenness": 0.0, "width_m": 4.0}}, {"type": "Feature", "geometry": {"type": "LineString", "coordinates": [[75.804496, 26.917562], [75.804475, 26.917454]]}, "properties": {"feature_type": "edge", "u": 360, "v": 373, "edge_key": 0, "length_m": 12.325, "is_bridged": false, "is_bridge": false, "edge_betweenness": 0.0, "width_m": 6.667}}, {"type": "Feature", "geometry": {"type": "LineString", "coordinates": [[75.808344, 26.917558], [75.808102, 26.917524], [75.807919, 26.917398]]}, "properties": {"feature_type": "edge", "u": 361, "v": 375, "edge_key": 0, "length_m": 49.456, "is_bridged": false, "is_bridge": true, "edge_betweenness": 0.0, "width_m": 8.73}}, {"type": "Feature", "geometry": {"type": "LineString", "coordinates": [[75.808344, 26.917558], [75.808625, 26.917466], [75.808664, 26.917358], [75.808725, 26.917321], [75.808926, 26.917266], [75.809026, 26.917266]]}, "properties": {"feature_type": "edge", "u": 361, "v": 381, "edge_key": 0, "length_m": 85.585, "is_bridged": false, "is_bridge": false, "edge_betweenness": 0.0, "width_m": 8.657}}, {"type": "Feature", "geometry": {"type": "LineString", "coordinates": [[75.80216, 26.917594], [75.802241, 26.917575], [75.80232, 26.917484]]}, "properties": {"feature_type": "edge", "u": 363, "v": 372, "edge_key": 0, "length_m": 21.34, "is_bridged": false, "is_bridge": false, "edge_betweenness": 0.0, "width_m": 7.262}}, {"type": "Feature", "geometry": {"type": "LineString", "coordinates": [[75.80216, 26.917594], [75.802139, 26.917521]]}, "properties": {"feature_type": "edge", "u": 363, "v": 368, "edge_key": 0, "length_m": 8.472, "is_bridged": false, "is_bridge": false, "edge_betweenness": 0.0, "width_m": 6.2}}, {"type": "Feature", "geometry": {"type": "LineString", "coordinates": [[75.804778, 26.917543], [75.804738, 26.917507], [75.804654, 26.917002]]}, "properties": {"feature_type": "edge", "u": 364, "v": 391, "edge_key": 0, "length_m": 64.971, "is_bridged": false, "is_bridge": false, "edge_betweenness": 0.0, "width_m": 8.535}}, {"type": "Feature", "geometry": {"type": "LineString", "coordinates": [[75.79503, 26.917598], [75.796218, 26.917609], [75.796238, 26.917591], [75.796399, 26.91759], [75.79656, 26.917535], [75.796641, 26.917535]]}, "properties": {"feature_type": "edge", "u": 365, "v": 371, "edge_key": 0, "length_m": 164.142, "is_bridged": false, "is_bridge": false, "edge_betweenness": 0.0, "width_m": 8.156}}, {"type": "Feature", "geometry": {"type": "LineString", "coordinates": [[75.79503, 26.917598], [75.795026, 26.917128], [75.795046, 26.91711], [75.795064, 26.916767]]}, "properties": {"feature_type": "edge", "u": 365, "v": 408, "edge_key": 0, "length_m": 93.657, "is_bridged": false, "is_bridge": false, "edge_betweenness": 0.0, "width_m": 8.189}}, {"type": "Feature", "geometry": {"type": "LineString", "coordinates": [[75.801233, 26.917563], [75.801233, 26.917527], [75.801132, 26.917473]]}, "properties": {"feature_type": "edge", "u": 366, "v": 367, "edge_key": 0, "length_m": 15.662, "is_bridged": false, "is_bridge": false, "edge_betweenness": 0.0, "width_m": 5.886}}, {"type": "Feature", "geometry": {"type": "LineString", "coordinates": [[75.801132, 26.917473], [75.801173, 26.917527]]}, "properties": {"feature_type": "edge", "u": 367, "v": 801, "edge_key": 0, "length_m": 7.211, "is_bridged": false, "is_bridge": false, "edge_betweenness": 0.0, "width_m": 4.0}}, {"type": "Feature", "geometry": {"type": "LineString", "coordinates": [[75.801173, 26.917527], [75.801132, 26.917473]]}, "properties": {"feature_type": "edge", "u": 367, "v": 801, "edge_key": 1, "length_m": 7.211, "is_bridged": false, "is_bridge": false, "edge_betweenness": 0.0, "width_m": 4.0}}, {"type": "Feature", "geometry": {"type": "LineString", "coordinates": [[75.801132, 26.917473], [75.801192, 26.917437], [75.801172, 26.917419]]}, "properties": {"feature_type": "edge", "u": 367, "v": 376, "edge_key": 0, "length_m": 10.04, "is_bridged": false, "is_bridge": false, "edge_betweenness": 0.0, "width_m": 5.886}}, {"type": "Feature", "geometry": {"type": "LineString", "coordinates": [[75.801132, 26.917473], [75.801132, 26.917437], [75.801172, 26.917419]]}, "properties": {"feature_type": "edge", "u": 367, "v": 376, "edge_key": 1, "length_m": 8.472, "is_bridged": false, "is_bridge": false, "edge_betweenness": 0.0, "width_m": 4.552}}, {"type": "Feature", "geometry": {"type": "LineString", "coordinates": [[75.801132, 26.917473], [75.801111, 26.917383], [75.801151, 26.917365]]}, "properties": {"feature_type": "edge", "u": 367, "v": 377, "edge_key": 0, "length_m": 14.67, "is_bridged": false, "is_bridge": false, "edge_betweenness": 0.0, "width_m": 4.552}}, {"type": "Feature", "geometry": {"type": "LineString", "coordinates": [[75.801132, 26.917473], [75.801051, 26.917347], [75.80105, 26.917311]]}, "properties": {"feature_type": "edge", "u": 367, "v": 379, "edge_key": 0, "length_m": 20.125, "is_bridged": false, "is_bridge": false, "edge_betweenness": 0.0, "width_m": 6.981}}, {"type": "Feature", "geometry": {"type": "LineString", "coordinates": [[75.802139, 26.917521], [75.802199, 26.917467], [75.80232, 26.917484]]}, "properties": {"feature_type": "edge", "u": 368, "v": 372, "edge_key": 0, "length_m": 21.547, "is_bridged": false, "is_bridge": false, "edge_betweenness": 0.0, "width_m": 6.927}}, {"type": "Feature", "geometry": {"type": "LineString", "coordinates": [[75.810196, 26.917475], [75.810155, 26.917367], [75.810092, 26.917025], [75.810051, 26.916953]]}, "properties": {"feature_type": "edge", "u": 369, "v": 392, "edge_key": 0, "length_m": 63.443, "is_bridged": false, "is_bridge": false, "edge_betweenness": 0.0, "width_m": 8.326}}, {"type": "Feature", "geometry": {"type": "LineString", "coordinates": [[75.81358, 26.917456], [75.813615, 26.916788]]}, "properties": {"feature_type": "edge", "u": 370, "v": 400, "edge_key": 0, "length_m": 75.657, "is_bridged": false, "is_bridge": false, "edge_betweenness": 0.0, "width_m": 8.263}}, {"type": "Feature", "geometry": {"type": "LineString", "coordinates": [[75.796641, 26.917535], [75.796681, 26.917498], [75.796862, 26.917443], [75.796982, 26.91737]]}, "properties": {"feature_type": "edge", "u": 371, "v": 378, "edge_key": 0, "length_m": 41.456, "is_bridged": false, "is_bridge": false, "edge_betweenness": 0.0, "width_m": 9.077}}, {"type": "Feature", "geometry": {"type": "LineString", "coordinates": [[75.80232, 26.917484], [75.802381, 26.917502], [75.802421, 26.91743]]}, "properties": {"feature_type": "edge", "u": 372, "v": 374, "edge_key": 0, "length_m": 15.269, "is_bridged": false, "is_bridge": false, "edge_betweenness": 0.0, "width_m": 4.867}}, {"type": "Feature", "geometry": {"type": "LineString", "coordinates": [[75.80232, 26.917484], [75.80234, 26.91743], [75.802421, 26.91743]]}, "properties": {"feature_type": "edge", "u": 372, "v": 374, "edge_key": 1, "length_m": 14.325, "is_bridged": false, "is_bridge": false, "edge_betweenness": 0.0, "width_m": 4.552}}, {"type": "Feature", "geometry": {"type": "LineString", "coordinates": [[75.80232, 26.917484], [75.802341, 26.917484]]}, "properties": {"feature_type": "edge", "u": 372, "v": 802, "edge_key": 0, "length_m": 2.0, "is_bridged": false, "is_bridge": false, "edge_betweenness": 0.0, "width_m": 1.333}}, {"type": "Feature", "geometry": {"type": "LineString", "coordinates": [[75.802341, 26.917484], [75.80232, 26.917484]]}, "properties": {"feature_type": "edge", "u": 372, "v": 802, "edge_key": 1, "length_m": 2.0, "is_bridged": false, "is_bridge": false, "edge_betweenness": 0.0, "width_m": 1.333}}, {"type": "Feature", "geometry": {"type": "LineString", "coordinates": [[75.804475, 26.917454], [75.804516, 26.917454]]}, "properties": {"feature_type": "edge", "u": 373, "v": 803, "edge_key": 0, "length_m": 4.0, "is_bridged": false, "is_bridge": false, "edge_betweenness": 0.0, "width_m": 4.0}}, {"type": "Feature", "geometry": {"type": "LineString", "coordinates": [[75.804516, 26.917454], [75.804475, 26.917454]]}, "properties": {"feature_type": "edge", "u": 373, "v": 803, "edge_key": 1, "length_m": 4.0, "is_bridged": false, "is_bridge": false, "edge_betweenness": 0.0, "width_m": 4.0}}, {"type": "Feature", "geometry": {"type": "LineString", "coordinates": [[75.804475, 26.917454], [75.804474, 26.91731], [75.804454, 26.917292], [75.804412, 26.917039]]}, "properties": {"feature_type": "edge", "u": 373, "v": 389, "edge_key": 0, "length_m": 48.485, "is_bridged": false, "is_bridge": false, "edge_betweenness": 0.0, "width_m": 15.5}}, {"type": "Feature", "geometry": {"type": "LineString", "coordinates": [[75.802421, 26.91743], [75.802642, 26.917338], [75.802903, 26.917282], [75.802983, 26.917246], [75.803285, 26.917208], [75.803406, 26.917171], [75.803507, 26.917171], [75.803527, 26.917152], [75.803627, 26.917152], [75.803647, 26.917134], [75.803748, 26.917133], [75.803768, 26.917115], [75.803869, 26.917114], [75.80411, 26.917059], [75.804211, 26.917058], [75.804231, 26.91704], [75.804412, 26.917039]]}, "properties": {"feature_type": "edge", "u": 374, "v": 389, "edge_key": 0, "length_m": 214.684, "is_bridged": false, "is_bridge": false, "edge_betweenness": 0.0, "width_m": 8.642}}, {"type": "Feature", "geometry": {"type": "LineString", "coordinates": [[75.802421, 26.91743], [75.80244, 26.917357], [75.802359, 26.917304], [75.801694, 26.917217], [75.801391, 26.917129], [75.801209, 26.917039], [75.801028, 26.917022]]}, "properties": {"feature_type": "edge", "u": 374, "v": 390, "edge_key": 0, "length_m": 163.986, "is_bridged": false, "is_bridge": false, "edge_betweenness": 0.0, "width_m": 8.767}}, {"type": "Feature", "geometry": {"type": "LineString", "coordinates": [[75.801172, 26.917419], [75.801151, 26.917365]]}, "properties": {"feature_type": "edge", "u": 376, "v": 377, "edge_key": 0, "length_m": 6.828, "is_bridged": false, "is_bridge": false, "edge_betweenness": 0.0, "width_m": 6.438}}, {"type": "Feature", "geometry": {"type": "LineString", "coordinates": [[75.801151, 26.917365], [75.801131, 26.917311]]}, "properties": {"feature_type": "edge", "u": 377, "v": 382, "edge_key": 0, "length_m": 6.828, "is_bridged": false, "is_bridge": false, "edge_betweenness": 0.0, "width_m": 6.438}}, {"type": "Feature", "geometry": {"type": "LineString", "coordinates": [[75.796982, 26.91737], [75.797083, 26.91737], [75.797344, 26.917278], [75.797404, 26.917277], [75.797766, 26.917167], [75.797806, 26.917131]]}, "properties": {"feature_type": "edge", "u": 378, "v": 388, "edge_key": 0, "length_m": 92.77, "is_bridged": false, "is_bridge": false, "edge_betweenness": 0.0, "width_m": 8.686}}, {"type": "Feature", "geometry": {"type": "LineString", "coordinates": [[75.796982, 26.91737], [75.7969, 26.917154], [75.796614, 26.916578], [75.796491, 26.916253], [75.796407, 26.915766], [75.796346, 26.915713], [75.796184, 26.915641], [75.796083, 26.915624], [75.795861, 26.915535], [75.795761, 26.915535]]}, "properties": {"feature_type": "edge", "u": 378, "v": 470, "edge_key": 0, "length_m": 275.966, "is_bridged": false, "is_bridge": false, "edge_betweenness": 0.0, "width_m": 8.519}}, {"type": "Feature", "geometry": {"type": "LineString", "coordinates": [[75.80105, 26.917311], [75.80103, 26.917257]]}, "properties": {"feature_type": "edge", "u": 379, "v": 383, "edge_key": 0, "length_m": 6.828, "is_bridged": false, "is_bridge": false, "edge_betweenness": 0.0, "width_m": 8.63}}, {"type": "Feature", "geometry": {"type": "LineString", "coordinates": [[75.80105, 26.917311], [75.801131, 26.917311]]}, "properties": {"feature_type": "edge", "u": 379, "v": 382, "edge_key": 0, "length_m": 8.0, "is_bridged": false, "is_bridge": false, "edge_betweenness": 0.0, "width_m": 6.2}}, {"type": "Feature", "geometry": {"type": "LineString", "coordinates": [[75.805562, 26.917303], [75.805703, 26.917285], [75.805723, 26.917266], [75.805722, 26.917158], [75.805702, 26.91714], [75.805541, 26.917141]]}, "properties": {"feature_type": "edge", "u": 380, "v": 386, "edge_key": 0, "length_m": 48.485, "is_bridged": false, "is_bridge": false, "edge_betweenness": 0.0, "width_m": 8.516}}, {"type": "Feature", "geometry": {"type": "LineString", "coordinates": [[75.805562, 26.917303], [75.805541, 26.917141]]}, "properties": {"feature_type": "edge", "u": 380, "v": 386, "edge_key": 1, "length_m": 18.828, "is_bridged": false, "is_bridge": false, "edge_betweenness": 0.0, "width_m": 8.118}}, {"type": "Feature", "geometry": {"type": "LineString", "coordinates": [[75.809026, 26.917266], [75.808964, 26.916995], [75.808902, 26.916851], [75.808859, 26.916418]]}, "properties": {"feature_type": "edge", "u": 381, "v": 421, "edge_key": 0, "length_m": 100.271, "is_bridged": false, "is_bridge": false, "edge_betweenness": 0.0, "width_m": 8.318}}, {"type": "Feature", "geometry": {"type": "LineString", "coordinates": [[75.801131, 26.917311], [75.80111, 26.917256]]}, "properties": {"feature_type": "edge", "u": 382, "v": 384, "edge_key": 0, "length_m": 6.828, "is_bridged": false, "is_bridge": false, "edge_betweenness": 0.0, "width_m": 6.438}}, {"type": "Feature", "geometry": {"type": "LineString", "coordinates": [[75.80103, 26.917257], [75.80111, 26.917256]]}, "properties": {"feature_type": "edge", "u": 383, "v": 384, "edge_key": 0, "length_m": 8.0, "is_bridged": false, "is_bridge": false, "edge_betweenness": 0.0, "width_m": 6.2}}, {"type": "Feature", "geometry": {"type": "LineString", "coordinates": [[75.80103, 26.917257], [75.801009, 26.917203], [75.801049, 26.917149]]}, "properties": {"feature_type": "edge", "u": 383, "v": 385, "edge_key": 0, "length_m": 13.683, "is_bridged": false, "is_bridge": false, "edge_betweenness": 0.0, "width_m": 7.472}}, {"type": "Feature", "geometry": {"type": "LineString", "coordinates": [[75.80111, 26.917256], [75.80111, 26.917202], [75.801049, 26.917149]]}, "properties": {"feature_type": "edge", "u": 384, "v": 385, "edge_key": 0, "length_m": 14.485, "is_bridged": false, "is_bridge": false, "edge_betweenness": 0.0, "width_m": 6.65}}, {"type": "Feature", "geometry": {"type": "LineString", "coordinates": [[75.801049, 26.917149], [75.801028, 26.917022]]}, "properties": {"feature_type": "edge", "u": 385, "v": 390, "edge_key": 0, "length_m": 14.246, "is_bridged": false, "is_bridge": false, "edge_betweenness": 0.0, "width_m": 11.0}}, {"type": "Feature", "geometry": {"type": "LineString", "coordinates": [[75.805541, 26.917141], [75.805498, 26.916852]]}, "properties": {"feature_type": "edge", "u": 386, "v": 399, "edge_key": 0, "length_m": 33.657, "is_bridged": false, "is_bridge": false, "edge_betweenness": 0.0, "width_m": 8.347}}, {"type": "Feature", "geometry": {"type": "LineString", "coordinates": [[75.809508, 26.917064], [75.80993, 26.916953], [75.810051, 26.916953]]}, "properties": {"feature_type": "edge", "u": 387, "v": 392, "edge_key": 0, "length_m": 58.614, "is_bridged": false, "is_bridge": false, "edge_betweenness": 0.0, "width_m": 8.517}}, {"type": "Feature", "geometry": {"type": "LineString", "coordinates": [[75.809508, 26.917064], [75.809468, 26.91701], [75.809467, 26.916956], [75.809303, 26.916506], [75.809282, 26.916343]]}, "properties": {"feature_type": "edge", "u": 387, "v": 426, "edge_key": 0, "length_m": 88.756, "is_bridged": false, "is_bridge": false, "edge_betweenness": 0.0, "width_m": 8.526}}, {"type": "Feature", "geometry": {"type": "LineString", "coordinates": [[75.797806, 26.917131], [75.797967, 26.917112], [75.798168, 26.917038], [75.798228, 26.917038], [75.798289, 26.917002]]}, "properties": {"feature_type": "edge", "u": 388, "v": 393, "edge_key": 0, "length_m": 53.799, "is_bridged": false, "is_bridge": false, "edge_betweenness": 0.0, "width_m": 8.746}}, {"type": "Feature", "geometry": {"type": "LineString", "coordinates": [[75.797806, 26.917131], [75.797601, 26.916681], [75.797578, 26.916139]]}, "properties": {"feature_type": "edge", "u": 388, "v": 443, "edge_key": 0, "length_m": 119.113, "is_bridged": false, "is_bridge": false, "edge_betweenness": 0.0, "width_m": 8.502}}, {"type": "Feature", "geometry": {"type": "LineString", "coordinates": [[75.804412, 26.917039], [75.804472, 26.917003], [75.804654, 26.917002]]}, "properties": {"feature_type": "edge", "u": 389, "v": 391, "edge_key": 0, "length_m": 25.301, "is_bridged": false, "is_bridge": false, "edge_betweenness": 0.0, "width_m": 9.564}}, {"type": "Feature", "geometry": {"type": "LineString", "coordinates": [[75.801028, 26.917022], [75.800988, 26.917004], [75.800927, 26.916914]]}, "properties": {"feature_type": "edge", "u": 390, "v": 396, "edge_key": 0, "length_m": 16.601, "is_bridged": false, "is_bridge": false, "edge_betweenness": 0.0, "width_m": 20.202}}, {"type": "Feature", "geometry": {"type": "LineString", "coordinates": [[75.804654, 26.917002], [75.804694, 26.916965]]}, "properties": {"feature_type": "edge", "u": 391, "v": 394, "edge_key": 0, "length_m": 5.657, "is_bridged": false, "is_bridge": false, "edge_betweenness": 0.0, "width_m": 11.314}}, {"type": "Feature", "geometry": {"type": "LineString", "coordinates": [[75.810051, 26.916953], [75.810009, 26.9167], [75.809969, 26.916646]]}, "properties": {"feature_type": "edge", "u": 392, "v": 413, "edge_key": 0, "length_m": 37.314, "is_bridged": false, "is_bridge": false, "edge_betweenness": 0.0, "width_m": 10.3}}, {"type": "Feature", "geometry": {"type": "LineString", "coordinates": [[75.798289, 26.917002], [75.798369, 26.917001], [75.799012, 26.916799], [75.799073, 26.916799]]}, "properties": {"feature_type": "edge", "u": 393, "v": 407, "edge_key": 0, "length_m": 87.113, "is_bridged": false, "is_bridge": false, "edge_betweenness": 0.0, "width_m": 8.599}}, {"type": "Feature", "geometry": {"type": "LineString", "coordinates": [[75.798289, 26.917002], [75.798227, 26.916858], [75.798103, 26.916407], [75.798062, 26.916335], [75.797979, 26.91601], [75.797939, 26.915938], [75.797938, 26.915884], [75.797978, 26.915848]]}, "properties": {"feature_type": "edge", "u": 393, "v": 453, "edge_key": 0, "length_m": 143.74, "is_bridged": false, "is_bridge": false, "edge_betweenness": 0.0, "width_m": 8.598}}, {"type": "Feature", "geometry": {"type": "LineString", "coordinates": [[75.804694, 26.916965], [75.804895, 26.916946], [75.804995, 26.916909]]}, "properties": {"feature_type": "edge", "u": 394, "v": 397, "edge_key": 0, "length_m": 32.485, "is_bridged": false, "is_bridge": false, "edge_betweenness": 0.0, "width_m": 8.631}}, {"type": "Feature", "geometry": {"type": "LineString", "coordinates": [[75.804694, 26.916965], [75.804693, 26.916821], [75.804672, 26.916803], [75.804651, 26.916659]]}, "properties": {"feature_type": "edge", "u": 394, "v": 411, "edge_key": 0, "length_m": 35.657, "is_bridged": false, "is_bridge": false, "edge_betweenness": 0.0, "width_m": 8.384}}, {"type": "Feature", "geometry": {"type": "LineString", "coordinates": [[75.807654, 26.916912], [75.807372, 26.91695], [75.807332, 26.916878], [75.807309, 26.916607], [75.807269, 26.916571]]}, "properties": {"feature_type": "edge", "u": 395, "v": 418, "edge_key": 0, "length_m": 75.799, "is_bridged": false, "is_bridge": true, "edge_betweenness": 0.0, "width_m": 8.108}}, {"type": "Feature", "geometry": {"type": "LineString", "coordinates": [[75.800927, 26.916914], [75.800806, 26.916915], [75.800725, 26.916898], [75.800685, 26.916862]]}, "properties": {"feature_type": "edge", "u": 396, "v": 402, "edge_key": 0, "length_m": 26.485, "is_bridged": false, "is_bridge": false, "edge_betweenness": 0.0, "width_m": 17.958}}, {"type": "Feature", "geometry": {"type": "LineString", "coordinates": [[75.800927, 26.916914], [75.800905, 26.91677], [75.800865, 26.91668]]}, "properties": {"feature_type": "edge", "u": 396, "v": 409, "edge_key": 0, "length_m": 27.242, "is_bridged": false, "is_bridge": false, "edge_betweenness": 0.0, "width_m": 15.482}}, {"type": "Feature", "geometry": {"type": "LineString", "coordinates": [[75.804995, 26.916909], [75.805136, 26.916909], [75.805156, 26.91689], [75.805498, 26.916852]]}, "properties": {"feature_type": "edge", "u": 397, "v": 399, "edge_key": 0, "length_m": 52.485, "is_bridged": false, "is_bridge": false, "edge_betweenness": 0.0, "width_m": 8.473}}, {"type": "Feature", "geometry": {"type": "LineString", "coordinates": [[75.804995, 26.916909], [75.804995, 26.916819], [75.804933, 26.916621], [75.804651, 26.916659]]}, "properties": {"feature_type": "edge", "u": 397, "v": 411, "edge_key": 0, "length_m": 64.142, "is_bridged": false, "is_bridge": false, "edge_betweenness": 0.0, "width_m": 8.522}}, {"type": "Feature", "geometry": {"type": "LineString", "coordinates": [[75.815066, 26.916852], [75.814804, 26.916853], [75.814784, 26.916835], [75.814139, 26.916803]]}, "properties": {"feature_type": "edge", "u": 398, "v": 401, "edge_key": 0, "length_m": 94.485, "is_bridged": false, "is_bridge": true, "edge_betweenness": 0.0, "width_m": 8.062}}, {"type": "Feature", "geometry": {"type": "LineString", "coordinates": [[75.805498, 26.916852], [75.805659, 26.916815], [75.80578, 26.916815]]}, "properties": {"feature_type": "edge", "u": 399, "v": 403, "edge_key": 0, "length_m": 29.301, "is_bridged": false, "is_bridge": false, "edge_betweenness": 0.0, "width_m": 8.545}}, {"type": "Feature", "geometry": {"type": "LineString", "coordinates": [[75.813615, 26.916788], [75.814139, 26.916803]]}, "properties": {"feature_type": "edge", "u": 400, "v": 401, "edge_key": 0, "length_m": 52.828, "is_bridged": false, "is_bridge": false, "edge_betweenness": 0.0, "width_m": 8.208}}, {"type": "Feature", "geometry": {"type": "LineString", "coordinates": [[75.813615, 26.916788], [75.813535, 26.91677], [75.813212, 26.916772], [75.813192, 26.916754], [75.81289, 26.916756], [75.81287, 26.916738], [75.812547, 26.91674], [75.812527, 26.916722], [75.812406, 26.916722], [75.812084, 26.916652], [75.812023, 26.916616]]}, "properties": {"feature_type": "edge", "u": 400, "v": 416, "edge_key": 0, "length_m": 166.284, "is_bridged": false, "is_bridge": false, "edge_betweenness": 0.0, "width_m": 8.212}}, {"type": "Feature", "geometry": {"type": "LineString", "coordinates": [[75.813615, 26.916788], [75.813612, 26.9163], [75.813592, 26.916282], [75.81357, 26.916084]]}, "properties": {"feature_type": "edge", "u": 400, "v": 441, "edge_key": 0, "length_m": 79.657, "is_bridged": false, "is_bridge": false, "edge_betweenness": 0.0, "width_m": 8.299}}, {"type": "Feature", "geometry": {"type": "LineString", "coordinates": [[75.814139, 26.916803], [75.814174, 26.916116]]}, "properties": {"feature_type": "edge", "u": 401, "v": 437, "edge_key": 0, "length_m": 77.657, "is_bridged": false, "is_bridge": false, "edge_betweenness": 0.0, "width_m": 8.166}}, {"type": "Feature", "geometry": {"type": "LineString", "coordinates": [[75.800685, 26.916862], [75.800764, 26.916735], [75.800865, 26.91668]]}, "properties": {"feature_type": "edge", "u": 402, "v": 409, "edge_key": 0, "length_m": 29.443, "is_bridged": false, "is_bridge": false, "edge_betweenness": 0.0, "width_m": 10.538}}, {"type": "Feature", "geometry": {"type": "LineString", "coordinates": [[75.800685, 26.916862], [75.800503, 26.916827], [75.799392, 26.916381], [75.79917, 26.916311]]}, "properties": {"feature_type": "edge", "u": 402, "v": 431, "edge_key": 0, "length_m": 174.03, "is_bridged": false, "is_bridge": false, "edge_betweenness": 0.0, "width_m": 16.023}}, {"type": "Feature", "geometry": {"type": "LineString", "coordinates": [[75.80578, 26.916815], [75.8058, 26.916796], [75.806203, 26.91674], [75.806625, 26.916647]]}, "properties": {"feature_type": "edge", "u": 403, "v": 415, "edge_key": 0, "length_m": 91.456, "is_bridged": false, "is_bridge": false, "edge_betweenness": 0.0, "width_m": 8.335}}, {"type": "Feature", "geometry": {"type": "LineString", "coordinates": [[75.797119, 26.916864], [75.797078, 26.916738], [75.797077, 26.916593], [75.797097, 26.916575], [75.797116, 26.916412], [75.797236, 26.916303], [75.797297, 26.916285], [75.797457, 26.916176], [75.797578, 26.916139]]}, "properties": {"feature_type": "edge", "u": 404, "v": 443, "edge_key": 0, "length_m": 111.384, "is_bridged": false, "is_bridge": true, "edge_betweenness": 0.0, "width_m": 8.575}}, {"type": "Feature", "geometry": {"type": "LineString", "coordinates": [[75.808398, 26.916782], [75.808358, 26.9168], [75.808298, 26.916782], [75.808275, 26.916475]]}, "properties": {"feature_type": "edge", "u": 406, "v": 420, "edge_key": 0, "length_m": 46.485, "is_bridged": false, "is_bridge": true, "edge_betweenness": 0.0, "width_m": 8.279}}, {"type": "Feature", "geometry": {"type": "LineString", "coordinates": [[75.799073, 26.916799], [75.799052, 26.916672], [75.79897, 26.916528], [75.798969, 26.91642]]}, "properties": {"feature_type": "edge", "u": 407, "v": 425, "edge_key": 0, "length_m": 46.142, "is_bridged": false, "is_bridge": false, "edge_betweenness": 0.0, "width_m": 8.943}}, {"type": "Feature", "geometry": {"type": "LineString", "coordinates": [[75.795064, 26.916767], [75.794903, 26.91675]]}, "properties": {"feature_type": "edge", "u": 408, "v": 410, "edge_key": 0, "length_m": 16.828, "is_bridged": false, "is_bridge": true, "edge_betweenness": 0.0, "width_m": 7.914}}, {"type": "Feature", "geometry": {"type": "LineString", "coordinates": [[75.795064, 26.916767], [75.795669, 26.916782], [75.795749, 26.916727], [75.795748, 26.916637], [75.795768, 26.916619], [75.795761, 26.915535]]}, "properties": {"feature_type": "edge", "u": 408, "v": 470, "edge_key": 0, "length_m": 204.142, "is_bridged": false, "is_bridge": false, "edge_betweenness": 0.0, "width_m": 8.1}}, {"type": "Feature", "geometry": {"type": "LineString", "coordinates": [[75.795064, 26.916767], [75.795075, 26.915395], [75.795115, 26.91534]]}, "properties": {"feature_type": "edge", "u": 408, "v": 480, "edge_key": 0, "length_m": 160.485, "is_bridged": false, "is_bridge": false, "edge_betweenness": 0.0, "width_m": 8.132}}, {"type": "Feature", "geometry": {"type": "LineString", "coordinates": [[75.800865, 26.91668], [75.800784, 26.916626], [75.800783, 26.916572], [75.800823, 26.916536]]}, "properties": {"feature_type": "edge", "u": 409, "v": 419, "edge_key": 0, "length_m": 21.696, "is_bridged": false, "is_bridge": false, "edge_betweenness": 0.0, "width_m": 6.894}}, {"type": "Feature", "geometry": {"type": "LineString", "coordinates": [[75.800865, 26.91668], [75.800884, 26.916572], [75.800823, 26.916536]]}, "properties": {"feature_type": "edge", "u": 409, "v": 419, "edge_key": 1, "length_m": 19.457, "is_bridged": false, "is_bridge": false, "edge_betweenness": 0.0, "width_m": 5.789}}, {"type": "Feature", "geometry": {"type": "LineString", "coordinates": [[75.804651, 26.916659], [75.804588, 26.916352], [75.804548, 26.916262], [75.804306, 26.916281], [75.804226, 26.916318]]}, "properties": {"feature_type": "edge", "u": 411, "v": 429, "edge_key": 0, "length_m": 81.915, "is_bridged": false, "is_bridge": true, "edge_betweenness": 0.0, "width_m": 8.319}}, {"type": "Feature", "geometry": {"type": "LineString", "coordinates": [[75.806746, 26.916647], [75.806625, 26.916647]]}, "properties": {"feature_type": "edge", "u": 412, "v": 415, "edge_key": 0, "length_m": 12.0, "is_bridged": false, "is_bridge": false, "edge_betweenness": 0.0, "width_m": 9.652}}, {"type": "Feature", "geometry": {"type": "LineString", "coordinates": [[75.806746, 26.916647], [75.807269, 26.916571]]}, "properties": {"feature_type": "edge", "u": 412, "v": 418, "edge_key": 0, "length_m": 55.314, "is_bridged": false, "is_bridge": false, "edge_betweenness": 0.0, "width_m": 8.374}}, {"type": "Feature", "geometry": {"type": "LineString", "coordinates": [[75.809969, 26.916646], [75.809908, 26.91661], [75.809928, 26.916574]]}, "properties": {"feature_type": "edge", "u": 413, "v": 417, "edge_key": 0, "length_m": 12.129, "is_bridged": false, "is_bridge": false, "edge_betweenness": 0.0, "width_m": 8.508}}, {"type": "Feature", "geometry": {"type": "LineString", "coordinates": [[75.809969, 26.916646], [75.809988, 26.916574], [75.809928, 26.916574]]}, "properties": {"feature_type": "edge", "u": 413, "v": 417, "edge_key": 1, "length_m": 14.828, "is_bridged": false, "is_bridge": false, "edge_betweenness": 0.0, "width_m": 8.818}}, {"type": "Feature", "geometry": {"type": "LineString", "coordinates": [[75.804309, 26.916661], [75.804226, 26.91639], [75.804226, 26.916318]]}, "properties": {"feature_type": "edge", "u": 414, "v": 429, "edge_key": 0, "length_m": 41.314, "is_bridged": false, "is_bridge": true, "edge_betweenness": 0.0, "width_m": 8.423}}, {"type": "Feature", "geometry": {"type": "LineString", "coordinates": [[75.806625, 26.916647], [75.806604, 26.916539], [75.806337, 26.915854], [75.80597, 26.915116], [75.805928, 26.914972], [75.805785, 26.914666], [75.805785, 26.914612]]}, "properties": {"feature_type": "edge", "u": 415, "v": 506, "edge_key": 0, "length_m": 259.609, "is_bridged": false, "is_bridge": false, "edge_betweenness": 0.0, "width_m": 8.584}}, {"type": "Feature", "geometry": {"type": "LineString", "coordinates": [[75.812023, 26.916616], [75.811962, 26.916617], [75.811538, 26.916457], [75.811377, 26.916421], [75.811336, 26.916386]]}, "properties": {"feature_type": "edge", "u": 416, "v": 424, "edge_key": 0, "length_m": 78.77, "is_bridged": false, "is_bridge": false, "edge_betweenness": 0.0, "width_m": 8.852}}, {"type": "Feature", "geometry": {"type": "LineString", "coordinates": [[75.812023, 26.916616], [75.812142, 26.916345], [75.812141, 26.916255], [75.81208, 26.916219], [75.81198, 26.916201]]}, "properties": {"feature_type": "edge", "u": 416, "v": 434, "edge_key": 0, "length_m": 63.456, "is_bridged": false, "is_bridge": true, "edge_betweenness": 0.0, "width_m": 8.649}}, {"type": "Feature", "geometry": {"type": "LineString", "coordinates": [[75.809928, 26.916574], [75.809867, 26.916557], [75.809765, 26.916358], [75.809744, 26.916268]]}, "properties": {"feature_type": "edge", "u": 417, "v": 430, "edge_key": 0, "length_m": 43.295, "is_bridged": false, "is_bridge": false, "edge_betweenness": 0.0, "width_m": 8.594}}, {"type": "Feature", "geometry": {"type": "LineString", "coordinates": [[75.809928, 26.916574], [75.809967, 26.916484], [75.809906, 26.916322], [75.809905, 26.916249]]}, "properties": {"feature_type": "edge", "u": 417, "v": 432, "edge_key": 0, "length_m": 39.696, "is_bridged": false, "is_bridge": false, "edge_betweenness": 0.0, "width_m": 8.311}}, {"type": "Feature", "geometry": {"type": "LineString", "coordinates": [[75.807269, 26.916571], [75.807712, 26.916533], [75.807732, 26.916515], [75.807893, 26.916514], [75.807913, 26.916495], [75.808074, 26.916495], [75.808094, 26.916476], [75.808275, 26.916475]]}, "properties": {"feature_type": "edge", "u": 418, "v": 420, "edge_key": 0, "length_m": 104.142, "is_bridged": false, "is_bridge": false, "edge_betweenness": 0.0, "width_m": 8.191}}, {"type": "Feature", "geometry": {"type": "LineString", "coordinates": [[75.807269, 26.916571], [75.807249, 26.916535], [75.807226, 26.916247], [75.807206, 26.916229], [75.807205, 26.916102], [75.807185, 26.916084], [75.807184, 26.915958], [75.807164, 26.91594], [75.807163, 26.915814], [75.807143, 26.915796], [75.807142, 26.915669], [75.807121, 26.915651], [75.807121, 26.915525], [75.8071, 26.915507], [75.807099, 26.915363], [75.807079, 26.915345], [75.807055, 26.914875], [75.807035, 26.914857], [75.807034, 26.914641], [75.807013, 26.914623], [75.807012, 26.914406], [75.806992, 26.914388], [75.806991, 26.914244], [75.807031, 26.914207]]}, "properties": {"feature_type": "edge", "u": 418, "v": 525, "edge_key": 0, "length_m": 274.07, "is_bridged": false, "is_bridge": false, "edge_betweenness": 0.0, "width_m": 8.163}}, {"type": "Feature", "geometry": {"type": "LineString", "coordinates": [[75.800823, 26.916536], [75.800763, 26.9165], [75.800742, 26.916428]]}, "properties": {"feature_type": "edge", "u": 419, "v": 422, "edge_key": 0, "length_m": 16.04, "is_bridged": false, "is_bridge": false, "edge_betweenness": 0.0, "width_m": 6.778}}, {"type": "Feature", "geometry": {"type": "LineString", "coordinates": [[75.800823, 26.916536], [75.800843, 26.916464], [75.800802, 26.916373]]}, "properties": {"feature_type": "edge", "u": 419, "v": 423, "edge_key": 0, "length_m": 19.095, "is_bridged": false, "is_bridge": false, "edge_betweenness": 0.0, "width_m": 5.414}}, {"type": "Feature", "geometry": {"type": "LineString", "coordinates": [[75.808275, 26.916475], [75.808295, 26.916457], [75.808618, 26.916437], [75.808638, 26.916419], [75.808859, 26.916418]]}, "properties": {"feature_type": "edge", "u": 420, "v": 421, "edge_key": 0, "length_m": 60.485, "is_bridged": false, "is_bridge": false, "edge_betweenness": 0.0, "width_m": 8.31}}, {"type": "Feature", "geometry": {"type": "LineString", "coordinates": [[75.808859, 26.916418], [75.80896, 26.916381], [75.809282, 26.916343]]}, "properties": {"feature_type": "edge", "u": 421, "v": 426, "edge_key": 0, "length_m": 44.957, "is_bridged": false, "is_bridge": false, "edge_betweenness": 0.0, "width_m": 8.383}}, {"type": "Feature", "geometry": {"type": "LineString", "coordinates": [[75.800742, 26.916428], [75.800721, 26.916374], [75.800802, 26.916373]]}, "properties": {"feature_type": "edge", "u": 422, "v": 423, "edge_key": 0, "length_m": 14.828, "is_bridged": false, "is_bridge": false, "edge_betweenness": 0.0, "width_m": 7.909}}, {"type": "Feature", "geometry": {"type": "LineString", "coordinates": [[75.800742, 26.916428], [75.800802, 26.916428], [75.800802, 26.916373]]}, "properties": {"feature_type": "edge", "u": 422, "v": 423, "edge_key": 1, "length_m": 12.0, "is_bridged": false, "is_bridge": false, "edge_betweenness": 0.0, "width_m": 6.064}}, {"type": "Feature", "geometry": {"type": "LineString", "coordinates": [[75.800802, 26.916373], [75.800701, 26.916302], [75.80068, 26.91623]]}, "properties": {"feature_type": "edge", "u": 423, "v": 435, "edge_key": 0, "length_m": 21.635, "is_bridged": false, "is_bridge": false, "edge_betweenness": 0.0, "width_m": 7.909}}, {"type": "Feature", "geometry": {"type": "LineString", "coordinates": [[75.800802, 26.916373], [75.800761, 26.916229]]}, "properties": {"feature_type": "edge", "u": 423, "v": 436, "edge_key": 0, "length_m": 17.026, "is_bridged": false, "is_bridge": false, "edge_betweenness": 0.0, "width_m": 7.909}}, {"type": "Feature", "geometry": {"type": "LineString", "coordinates": [[75.811336, 26.916386], [75.811256, 26.916386], [75.811094, 26.916333], [75.810933, 26.916316], [75.810731, 26.916263], [75.809905, 26.916249]]}, "properties": {"feature_type": "edge", "u": 424, "v": 432, "edge_key": 0, "length_m": 148.627, "is_bridged": false, "is_bridge": false, "edge_betweenness": 0.0, "width_m": 8.289}}, {"type": "Feature", "geometry": {"type": "LineString", "coordinates": [[75.811336, 26.916386], [75.811312, 26.915736], [75.81127, 26.915591], [75.81123, 26.915538]]}, "properties": {"feature_type": "edge", "u": 424, "v": 467, "edge_key": 0, "length_m": 97.786, "is_bridged": false, "is_bridge": false, "edge_betweenness": 0.0, "width_m": 8.377}}, {"type": "Feature", "geometry": {"type": "LineString", "coordinates": [[75.798969, 26.91642], [75.798909, 26.916402], [75.798868, 26.91633], [75.798867, 26.916258]]}, "properties": {"feature_type": "edge", "u": 425, "v": 433, "edge_key": 0, "length_m": 24.485, "is_bridged": false, "is_bridge": false, "edge_betweenness": 0.0, "width_m": 9.392}}, {"type": "Feature", "geometry": {"type": "LineString", "coordinates": [[75.798969, 26.91642], [75.79907, 26.916347], [75.79915, 26.916347], [75.79917, 26.916311]]}, "properties": {"feature_type": "edge", "u": 425, "v": 431, "edge_key": 0, "length_m": 25.43, "is_bridged": false, "is_bridge": false, "edge_betweenness": 0.0, "width_m": 9.243}}, {"type": "Feature", "geometry": {"type": "LineString", "coordinates": [[75.809282, 26.916343], [75.809241, 26.916325], [75.809241, 26.916253], [75.8092, 26.916163], [75.809058, 26.916019], [75.808208, 26.915519], [75.808005, 26.915339], [75.807904, 26.915232], [75.807538, 26.914728], [75.807152, 26.914297], [75.807031, 26.914207]]}, "properties": {"feature_type": "edge", "u": 426, "v": 525, "edge_key": 0, "length_m": 347.988, "is_bridged": false, "is_bridge": false, "edge_betweenness": 0.0, "width_m": 9.029}}, {"type": "Feature", "geometry": {"type": "LineString", "coordinates": [[75.809282, 26.916343], [75.809744, 26.916268]]}, "properties": {"feature_type": "edge", "u": 426, "v": 430, "edge_key": 0, "length_m": 48.957, "is_bridged": false, "is_bridge": false, "edge_betweenness": 0.0, "width_m": 8.534}}, {"type": "Feature", "geometry": {"type": "LineString", "coordinates": [[75.803803, 26.916356], [75.803843, 26.916374], [75.804085, 26.916319], [75.804226, 26.916318]]}, "properties": {"feature_type": "edge", "u": 427, "v": 429, "edge_key": 0, "length_m": 45.314, "is_bridged": false, "is_bridge": true, "edge_betweenness": 0.0, "width_m": 8.293}}, {"type": "Feature", "geometry": {"type": "LineString", "coordinates": [[75.804226, 26.916318], [75.804184, 26.916174], [75.804183, 26.916047]]}, "properties": {"feature_type": "edge", "u": 429, "v": 445, "edge_key": 0, "length_m": 31.301, "is_bridged": false, "is_bridge": true, "edge_betweenness": 0.0, "width_m": 8.347}}, {"type": "Feature", "geometry": {"type": "LineString", "coordinates": [[75.809744, 26.916268], [75.809704, 26.91625], [75.809683, 26.916142], [75.809396, 26.915512], [75.809294, 26.915224], [75.809233, 26.915134], [75.809252, 26.915043]]}, "properties": {"feature_type": "edge", "u": 430, "v": 490, "edge_key": 0, "length_m": 157.851, "is_bridged": false, "is_bridge": false, "edge_betweenness": 0.0, "width_m": 8.486}}, {"type": "Feature", "geometry": {"type": "LineString", "coordinates": [[75.809744, 26.916268], [75.809905, 26.916249]]}, "properties": {"feature_type": "edge", "u": 430, "v": 432, "edge_key": 0, "length_m": 16.472, "is_bridged": false, "is_bridge": false, "edge_betweenness": 0.0, "width_m": 9.069}}, {"type": "Feature", "geometry": {"type": "LineString", "coordinates": [[75.79917, 26.916311], [75.799109, 26.916239], [75.799028, 26.916203], [75.798907, 26.916186]]}, "properties": {"feature_type": "edge", "u": 431, "v": 440, "edge_key": 0, "length_m": 32.614, "is_bridged": false, "is_bridge": false, "edge_betweenness": 0.0, "width_m": 9.422}}, {"type": "Feature", "geometry": {"type": "LineString", "coordinates": [[75.809905, 26.916249], [75.809865, 26.916232], [75.809864, 26.916159], [75.809762, 26.915925], [75.809761, 26.915835]]}, "properties": {"feature_type": "edge", "u": 432, "v": 451, "edge_key": 0, "length_m": 52.614, "is_bridged": false, "is_bridge": false, "edge_betweenness": 0.0, "width_m": 8.637}}, {"type": "Feature", "geometry": {"type": "LineString", "coordinates": [[75.798867, 26.916258], [75.798787, 26.91624], [75.798746, 26.916205], [75.798726, 26.916132]]}, "properties": {"feature_type": "edge", "u": 433, "v": 439, "edge_key": 0, "length_m": 22.731, "is_bridged": false, "is_bridge": false, "edge_betweenness": 0.0, "width_m": 8.005}}, {"type": "Feature", "geometry": {"type": "LineString", "coordinates": [[75.798867, 26.916258], [75.798907, 26.916186]]}, "properties": {"feature_type": "edge", "u": 433, "v": 440, "edge_key": 0, "length_m": 9.657, "is_bridged": false, "is_bridge": false, "edge_betweenness": 0.0, "width_m": 9.178}}, {"type": "Feature", "geometry": {"type": "LineString", "coordinates": [[75.80068, 26.91623], [75.80066, 26.916176], [75.8007, 26.916139]]}, "properties": {"feature_type": "edge", "u": 435, "v": 442, "edge_key": 0, "length_m": 12.485, "is_bridged": false, "is_bridge": false, "edge_betweenness": 0.0, "width_m": 6.778}}, {"type": "Feature", "geometry": {"type": "LineString", "coordinates": [[75.80068, 26.91623], [75.800761, 26.916229]]}, "properties": {"feature_type": "edge", "u": 435, "v": 436, "edge_key": 0, "length_m": 8.0, "is_bridged": false, "is_bridge": false, "edge_betweenness": 0.0, "width_m": 7.296}}, {"type": "Feature", "geometry": {"type": "LineString", "coordinates": [[75.800761, 26.916229], [75.80076, 26.916175], [75.8007, 26.916139]]}, "properties": {"feature_type": "edge", "u": 436, "v": 442, "edge_key": 0, "length_m": 13.211, "is_bridged": false, "is_bridge": false, "edge_betweenness": 0.0, "width_m": 6.472}}, {"type": "Feature", "geometry": {"type": "LineString", "coordinates": [[75.814174, 26.916116], [75.815061, 26.916129]]}, "properties": {"feature_type": "edge", "u": 437, "v": 438, "edge_key": 0, "length_m": 88.828, "is_bridged": false, "is_bridge": true, "edge_betweenness": 0.0, "width_m": 8.118}}, {"type": "Feature", "geometry": {"type": "LineString", "coordinates": [[75.814174, 26.916116], [75.81357, 26.916084]]}, "properties": {"feature_type": "edge", "u": 437, "v": 441, "edge_key": 0, "length_m": 61.657, "is_bridged": false, "is_bridge": false, "edge_betweenness": 0.0, "width_m": 8.294}}, {"type": "Feature", "geometry": {"type": "LineString", "coordinates": [[75.798726, 26.916132], [75.798806, 26.916114], [75.798907, 26.916186]]}, "properties": {"feature_type": "edge", "u": 439, "v": 440, "edge_key": 0, "length_m": 21.638, "is_bridged": false, "is_bridge": false, "edge_betweenness": 0.0, "width_m": 8.208}}, {"type": "Feature", "geometry": {"type": "LineString", "coordinates": [[75.798726, 26.916132], [75.798645, 26.916151], [75.798564, 26.916061]]}, "properties": {"feature_type": "edge", "u": 439, "v": 444, "edge_key": 0, "length_m": 21.075, "is_bridged": false, "is_bridge": false, "edge_betweenness": 0.0, "width_m": 5.236}}, {"type": "Feature", "geometry": {"type": "LineString", "coordinates": [[75.798726, 26.916132], [75.798685, 26.916079], [75.798564, 26.916061]]}, "properties": {"feature_type": "edge", "u": 439, "v": 444, "edge_key": 1, "length_m": 19.377, "is_bridged": false, "is_bridge": false, "edge_betweenness": 0.0, "width_m": 4.0}}, {"type": "Feature", "geometry": {"type": "LineString", "coordinates": [[75.81357, 26.916084], [75.813529, 26.916048], [75.813529, 26.916012], [75.81308, 26.915202], [75.81308, 26.915166], [75.812937, 26.914914], [75.812897, 26.914878]]}, "properties": {"feature_type": "edge", "u": 441, "v": 498, "edge_key": 0, "length_m": 161.338, "is_bridged": false, "is_bridge": false, "edge_betweenness": 0.0, "width_m": 8.814}}, {"type": "Feature", "geometry": {"type": "LineString", "coordinates": [[75.8007, 26.916139], [75.800618, 26.916068], [75.800658, 26.916013]]}, "properties": {"feature_type": "edge", "u": 442, "v": 446, "edge_key": 0, "length_m": 19.696, "is_bridged": false, "is_bridge": false, "edge_betweenness": 0.0, "width_m": 5.648}}, {"type": "Feature", "geometry": {"type": "LineString", "coordinates": [[75.8007, 26.916139], [75.800719, 26.916049], [75.800658, 26.916013]]}, "properties": {"feature_type": "edge", "u": 442, "v": 446, "edge_key": 1, "length_m": 17.536, "is_bridged": false, "is_bridge": false, "edge_betweenness": 0.0, "width_m": 4.989}}, {"type": "Feature", "geometry": {"type": "LineString", "coordinates": [[75.797578, 26.916139], [75.797597, 26.916012], [75.797657, 26.915922], [75.797696, 26.915795], [75.797736, 26.915759]]}, "properties": {"feature_type": "edge", "u": 443, "v": 457, "edge_key": 0, "length_m": 48.627, "is_bridged": false, "is_bridge": false, "edge_betweenness": 0.0, "width_m": 9.235}}, {"type": "Feature", "geometry": {"type": "LineString", "coordinates": [[75.798564, 26.916061], [75.798362, 26.91599], [75.798301, 26.915918]]}, "properties": {"feature_type": "edge", "u": 444, "v": 448, "edge_key": 0, "length_m": 32.435, "is_bridged": false, "is_bridge": false, "edge_betweenness": 0.0, "width_m": 15.196}}, {"type": "Feature", "geometry": {"type": "LineString", "coordinates": [[75.800658, 26.916013], [75.800598, 26.915977], [75.800577, 26.915905]]}, "properties": {"feature_type": "edge", "u": 446, "v": 449, "edge_key": 0, "length_m": 16.04, "is_bridged": false, "is_bridge": false, "edge_betweenness": 0.0, "width_m": 6.778}}, {"type": "Feature", "geometry": {"type": "LineString", "coordinates": [[75.800658, 26.916013], [75.800678, 26.915959], [75.800658, 26.915905]]}, "properties": {"feature_type": "edge", "u": 446, "v": 450, "edge_key": 0, "length_m": 13.153, "is_bridged": false, "is_bridge": false, "edge_betweenness": 0.0, "width_m": 6.778}}, {"type": "Feature", "geometry": {"type": "LineString", "coordinates": [[75.810427, 26.915957], [75.810627, 26.915794], [75.810627, 26.915758]]}, "properties": {"feature_type": "edge", "u": 447, "v": 455, "edge_key": 0, "length_m": 31.456, "is_bridged": false, "is_bridge": true, "edge_betweenness": 0.0, "width_m": 9.063}}, {"type": "Feature", "geometry": {"type": "LineString", "coordinates": [[75.798301, 26.915918], [75.798221, 26.915919], [75.798039, 26.915847], [75.797978, 26.915848]]}, "properties": {"feature_type": "edge", "u": 448, "v": 453, "edge_key": 0, "length_m": 35.314, "is_bridged": false, "is_bridge": false, "edge_betweenness": 0.0, "width_m": 17.35}}, {"type": "Feature", "geometry": {"type": "LineString", "coordinates": [[75.798301, 26.915918], [75.798361, 26.915864]]}, "properties": {"feature_type": "edge", "u": 448, "v": 452, "edge_key": 0, "length_m": 8.485, "is_bridged": false, "is_bridge": false, "edge_betweenness": 0.0, "width_m": 11.595}}, {"type": "Feature", "geometry": {"type": "LineString", "coordinates": [[75.800577, 26.915905], [75.800658, 26.915905]]}, "properties": {"feature_type": "edge", "u": 449, "v": 450, "edge_key": 0, "length_m": 8.0, "is_bridged": false, "is_bridge": false, "edge_betweenness": 0.0, "width_m": 7.296}}, {"type": "Feature", "geometry": {"type": "LineString", "coordinates": [[75.800577, 26.915905], [75.800557, 26.915851], [75.800597, 26.915815]]}, "properties": {"feature_type": "edge", "u": 449, "v": 454, "edge_key": 0, "length_m": 12.129, "is_bridged": false, "is_bridge": false, "edge_betweenness": 0.0, "width_m": 6.472}}, {"type": "Feature", "geometry": {"type": "LineString", "coordinates": [[75.800658, 26.915905], [75.800657, 26.915851], [75.800597, 26.915815]]}, "properties": {"feature_type": "edge", "u": 450, "v": 454, "edge_key": 0, "length_m": 13.211, "is_bridged": false, "is_bridge": false, "edge_betweenness": 0.0, "width_m": 6.472}}, {"type": "Feature", "geometry": {"type": "LineString", "coordinates": [[75.809761, 26.915835], [75.809721, 26.915817], [75.80966, 26.915709], [75.809659, 26.915673], [75.809537, 26.915475], [75.809537, 26.915421]]}, "properties": {"feature_type": "edge", "u": 451, "v": 475, "edge_key": 0, "length_m": 55.928, "is_bridged": false, "is_bridge": false, "edge_betweenness": 0.0, "width_m": 9.119}}, {"type": "Feature", "geometry": {"type": "LineString", "coordinates": [[75.809761, 26.915835], [75.810424, 26.915542], [75.810504, 26.915542]]}, "properties": {"feature_type": "edge", "u": 451, "v": 468, "edge_key": 0, "length_m": 86.899, "is_bridged": false, "is_bridge": false, "edge_betweenness": 0.0, "width_m": 8.853}}, {"type": "Feature", "geometry": {"type": "LineString", "coordinates": [[75.798361, 26.915864], [75.798885, 26.915825]]}, "properties": {"feature_type": "edge", "u": 452, "v": 456, "edge_key": 0, "length_m": 53.657, "is_bridged": false, "is_bridge": false, "edge_betweenness": 0.0, "width_m": 8.113}}, {"type": "Feature", "geometry": {"type": "LineString", "coordinates": [[75.798361, 26.915864], [75.798359, 26.915611]]}, "properties": {"feature_type": "edge", "u": 452, "v": 466, "edge_key": 0, "length_m": 28.0, "is_bridged": false, "is_bridge": false, "edge_betweenness": 0.0, "width_m": 8.073}}, {"type": "Feature", "geometry": {"type": "LineString", "coordinates": [[75.797978, 26.915848], [75.797918, 26.915794], [75.797817, 26.915758], [75.797736, 26.915759]]}, "properties": {"feature_type": "edge", "u": 453, "v": 457, "edge_key": 0, "length_m": 28.142, "is_bridged": false, "is_bridge": false, "edge_betweenness": 0.0, "width_m": 16.434}}, {"type": "Feature", "geometry": {"type": "LineString", "coordinates": [[75.800597, 26.915815], [75.800536, 26.915779], [75.800515, 26.915707]]}, "properties": {"feature_type": "edge", "u": 454, "v": 459, "edge_key": 0, "length_m": 16.04, "is_bridged": false, "is_bridge": false, "edge_betweenness": 0.0, "width_m": 6.778}}, {"type": "Feature", "geometry": {"type": "LineString", "coordinates": [[75.800597, 26.915815], [75.800616, 26.915761], [75.800596, 26.915707]]}, "properties": {"feature_type": "edge", "u": 454, "v": 461, "edge_key": 0, "length_m": 13.153, "is_bridged": false, "is_bridge": false, "edge_betweenness": 0.0, "width_m": 6.778}}, {"type": "Feature", "geometry": {"type": "LineString", "coordinates": [[75.810627, 26.915758], [75.810748, 26.915757], [75.811149, 26.915574], [75.81121, 26.915574], [75.81123, 26.915538]]}, "properties": {"feature_type": "edge", "u": 455, "v": 467, "edge_key": 0, "length_m": 70.756, "is_bridged": false, "is_bridge": false, "edge_betweenness": 0.0, "width_m": 8.926}}, {"type": "Feature", "geometry": {"type": "LineString", "coordinates": [[75.810627, 26.915758], [75.810545, 26.91556], [75.810504, 26.915542]]}, "properties": {"feature_type": "edge", "u": 455, "v": 468, "edge_key": 0, "length_m": 29.786, "is_bridged": false, "is_bridge": false, "edge_betweenness": 0.0, "width_m": 8.63}}, {"type": "Feature", "geometry": {"type": "LineString", "coordinates": [[75.798885, 26.915825], [75.799368, 26.915786], [75.799408, 26.915749]]}, "properties": {"feature_type": "edge", "u": 456, "v": 458, "edge_key": 0, "length_m": 55.314, "is_bridged": false, "is_bridge": false, "edge_betweenness": 0.0, "width_m": 8.379}}, {"type": "Feature", "geometry": {"type": "LineString", "coordinates": [[75.798885, 26.915825], [75.798862, 26.915536]]}, "properties": {"feature_type": "edge", "u": 456, "v": 469, "edge_key": 0, "length_m": 32.828, "is_bridged": false, "is_bridge": false, "edge_betweenness": 0.0, "width_m": 8.347}}, {"type": "Feature", "geometry": {"type": "LineString", "coordinates": [[75.797736, 26.915759], [75.797634, 26.915615]]}, "properties": {"feature_type": "edge", "u": 457, "v": 463, "edge_key": 0, "length_m": 19.073, "is_bridged": false, "is_bridge": false, "edge_betweenness": 0.0, "width_m": 15.07}}, {"type": "Feature", "geometry": {"type": "LineString", "coordinates": [[75.799408, 26.915749], [75.799428, 26.915767], [75.799529, 26.915767], [75.799549, 26.915749], [75.79971, 26.915748], [75.79981, 26.915711]]}, "properties": {"feature_type": "edge", "u": 458, "v": 460, "edge_key": 0, "length_m": 43.314, "is_bridged": false, "is_bridge": false, "edge_betweenness": 0.0, "width_m": 8.502}}, {"type": "Feature", "geometry": {"type": "LineString", "coordinates": [[75.799408, 26.915749], [75.799387, 26.915731], [75.799387, 26.915641], [75.799346, 26.915497], [75.799305, 26.915461]]}, "properties": {"feature_type": "edge", "u": 458, "v": 477, "edge_key": 0, "length_m": 36.142, "is_bridged": false, "is_bridge": false, "edge_betweenness": 0.0, "width_m": 8.607}}, {"type": "Feature", "geometry": {"type": "LineString", "coordinates": [[75.800515, 26.915707], [75.800596, 26.915707]]}, "properties": {"feature_type": "edge", "u": 459, "v": 461, "edge_key": 0, "length_m": 8.0, "is_bridged": false, "is_bridge": false, "edge_betweenness": 0.0, "width_m": 7.296}}, {"type": "Feature", "geometry": {"type": "LineString", "coordinates": [[75.800515, 26.915707], [75.800495, 26.915635]]}, "properties": {"feature_type": "edge", "u": 459, "v": 464, "edge_key": 0, "length_m": 8.472, "is_bridged": false, "is_bridge": false, "edge_betweenness": 0.0, "width_m": 10.179}}, {"type": "Feature", "geometry": {"type": "LineString", "coordinates": [[75.79981, 26.915711], [75.799891, 26.915729], [75.800092, 26.915673]]}, "properties": {"feature_type": "edge", "u": 460, "v": 462, "edge_key": 0, "length_m": 31.314, "is_bridged": false, "is_bridge": false, "edge_betweenness": 0.0, "width_m": 9.444}}, {"type": "Feature", "geometry": {"type": "LineString", "coordinates": [[75.79981, 26.915711], [75.79979, 26.915693], [75.799768, 26.915477], [75.799687, 26.915314], [75.799666, 26.915206]]}, "properties": {"feature_type": "edge", "u": 460, "v": 486, "edge_key": 0, "length_m": 61.799, "is_bridged": false, "is_bridge": false, "edge_betweenness": 0.0, "width_m": 8.623}}, {"type": "Feature", "geometry": {"type": "LineString", "coordinates": [[75.800596, 26.915707], [75.800595, 26.915616]]}, "properties": {"feature_type": "edge", "u": 461, "v": 465, "edge_key": 0, "length_m": 10.0, "is_bridged": false, "is_bridge": false, "edge_betweenness": 0.0, "width_m": 9.634}}, {"type": "Feature", "geometry": {"type": "LineString", "coordinates": [[75.800092, 26.915673], [75.800153, 26.915691], [75.800173, 26.915673], [75.800495, 26.915635]]}, "properties": {"feature_type": "edge", "u": 462, "v": 464, "edge_key": 0, "length_m": 42.601, "is_bridged": false, "is_bridge": false, "edge_betweenness": 0.0, "width_m": 8.555}}, {"type": "Feature", "geometry": {"type": "LineString", "coordinates": [[75.800092, 26.915673], [75.800112, 26.915619], [75.800212, 26.91551], [75.800271, 26.915383], [75.800331, 26.915329]]}, "properties": {"feature_type": "edge", "u": 462, "v": 479, "edge_key": 0, "length_m": 47.585, "is_bridged": false, "is_bridge": false, "edge_betweenness": 0.0, "width_m": 9.647}}, {"type": "Feature", "geometry": {"type": "LineString", "coordinates": [[75.797634, 26.915615], [75.797594, 26.915651], [75.797534, 26.915652], [75.79719, 26.915509], [75.796141, 26.91519], [75.79612, 26.915154]]}, "properties": {"feature_type": "edge", "u": 463, "v": 489, "edge_key": 0, "length_m": 175.668, "is_bridged": false, "is_bridge": false, "edge_betweenness": 0.0, "width_m": 15.957}}, {"type": "Feature", "geometry": {"type": "LineString", "coordinates": [[75.797634, 26.915615], [75.797654, 26.915543], [75.797633, 26.915471], [75.797306, 26.914786], [75.797101, 26.914282]]}, "properties": {"feature_type": "edge", "u": 463, "v": 524, "edge_key": 0, "length_m": 170.614, "is_bridged": false, "is_bridge": false, "edge_betweenness": 0.0, "width_m": 8.572}}, {"type": "Feature", "geometry": {"type": "LineString", "coordinates": [[75.800495, 26.915635], [75.800454, 26.915599], [75.800453, 26.915509], [75.800473, 26.915491]]}, "properties": {"feature_type": "edge", "u": 464, "v": 473, "edge_key": 0, "length_m": 18.485, "is_bridged": false, "is_bridge": false, "edge_betweenness": 0.0, "width_m": 12.233}}, {"type": "Feature", "geometry": {"type": "LineString", "coordinates": [[75.800495, 26.915635], [75.800595, 26.915616]]}, "properties": {"feature_type": "edge", "u": 464, "v": 465, "edge_key": 0, "length_m": 10.472, "is_bridged": false, "is_bridge": false, "edge_betweenness": 0.0, "width_m": 11.414}}, {"type": "Feature", "geometry": {"type": "LineString", "coordinates": [[75.800595, 26.915616], [75.800555, 26.91558], [75.800534, 26.91549]]}, "properties": {"feature_type": "edge", "u": 465, "v": 471, "edge_key": 0, "length_m": 16.129, "is_bridged": false, "is_bridge": false, "edge_betweenness": 0.0, "width_m": 9.864}}, {"type": "Feature", "geometry": {"type": "LineString", "coordinates": [[75.800595, 26.915616], [75.800877, 26.915542], [75.800957, 26.915542], [75.801058, 26.915487]]}, "properties": {"feature_type": "edge", "u": 465, "v": 474, "edge_key": 0, "length_m": 51.443, "is_bridged": false, "is_bridge": false, "edge_betweenness": 0.0, "width_m": 8.836}}, {"type": "Feature", "geometry": {"type": "LineString", "coordinates": [[75.798359, 26.915611], [75.79852, 26.915592], [75.798721, 26.915537], [75.798862, 26.915536]]}, "properties": {"feature_type": "edge", "u": 466, "v": 469, "edge_key": 0, "length_m": 53.314, "is_bridged": false, "is_bridge": false, "edge_betweenness": 0.0, "width_m": 8.374}}, {"type": "Feature", "geometry": {"type": "LineString", "coordinates": [[75.798359, 26.915611], [75.798358, 26.915485], [75.798297, 26.91534], [75.798276, 26.915214]]}, "properties": {"feature_type": "edge", "u": 466, "v": 485, "edge_key": 0, "length_m": 47.314, "is_bridged": false, "is_bridge": false, "edge_betweenness": 0.0, "width_m": 8.383}}, {"type": "Feature", "geometry": {"type": "LineString", "coordinates": [[75.81123, 26.915538], [75.811209, 26.915447], [75.810719, 26.914547], [75.810269, 26.913539]]}, "properties": {"feature_type": "edge", "u": 467, "v": 547, "edge_key": 0, "length_m": 260.223, "is_bridged": false, "is_bridge": false, "edge_betweenness": 0.0, "width_m": 8.716}}, {"type": "Feature", "geometry": {"type": "LineString", "coordinates": [[75.81123, 26.915538], [75.811812, 26.915299], [75.811852, 26.915299], [75.811993, 26.915226], [75.812033, 26.915226], [75.812173, 26.915153], [75.812214, 26.915153], [75.812354, 26.91508], [75.812395, 26.915079], [75.812535, 26.915006], [75.812575, 26.915006], [75.812716, 26.914933], [75.812897, 26.914878]]}, "properties": {"feature_type": "edge", "u": 467, "v": 498, "edge_key": 0, "length_m": 195.467, "is_bridged": false, "is_bridge": false, "edge_betweenness": 0.0, "width_m": 8.793}}, {"type": "Feature", "geometry": {"type": "LineString", "coordinates": [[75.810504, 26.915542], [75.810463, 26.915397], [75.810361, 26.915199], [75.810321, 26.915164]]}, "properties": {"feature_type": "edge", "u": 468, "v": 487, "edge_key": 0, "length_m": 49.1, "is_bridged": false, "is_bridge": false, "edge_betweenness": 0.0, "width_m": 8.585}}, {"type": "Feature", "geometry": {"type": "LineString", "coordinates": [[75.798862, 26.915536], [75.799003, 26.915499]]}, "properties": {"feature_type": "edge", "u": 469, "v": 472, "edge_key": 0, "length_m": 15.301, "is_bridged": false, "is_bridge": false, "edge_betweenness": 0.0, "width_m": 12.659}}, {"type": "Feature", "geometry": {"type": "LineString", "coordinates": [[75.795761, 26.915535], [75.79574, 26.915499], [75.79568, 26.9155], [75.795115, 26.91534]]}, "properties": {"feature_type": "edge", "u": 470, "v": 480, "edge_key": 0, "length_m": 73.928, "is_bridged": false, "is_bridge": false, "edge_betweenness": 0.0, "width_m": 8.472}}, {"type": "Feature", "geometry": {"type": "LineString", "coordinates": [[75.800534, 26.91549], [75.800473, 26.915491]]}, "properties": {"feature_type": "edge", "u": 471, "v": 473, "edge_key": 0, "length_m": 6.0, "is_bridged": false, "is_bridge": false, "edge_betweenness": 0.0, "width_m": 15.677}}, {"type": "Feature", "geometry": {"type": "LineString", "coordinates": [[75.800534, 26.91549], [75.800895, 26.915253], [75.800975, 26.915253]]}, "properties": {"feature_type": "edge", "u": 471, "v": 483, "edge_key": 0, "length_m": 54.77, "is_bridged": false, "is_bridge": false, "edge_betweenness": 0.0, "width_m": 9.177}}, {"type": "Feature", "geometry": {"type": "LineString", "coordinates": [[75.799003, 26.915499], [75.799144, 26.915498], [75.799184, 26.915462], [75.799305, 26.915461]]}, "properties": {"feature_type": "edge", "u": 472, "v": 477, "edge_key": 0, "length_m": 31.657, "is_bridged": false, "is_bridge": false, "edge_betweenness": 0.0, "width_m": 12.488}}, {"type": "Feature", "geometry": {"type": "LineString", "coordinates": [[75.799003, 26.915499], [75.798961, 26.915282]]}, "properties": {"feature_type": "edge", "u": 472, "v": 481, "edge_key": 0, "length_m": 25.657, "is_bridged": false, "is_bridge": false, "edge_betweenness": 0.0, "width_m": 9.685}}, {"type": "Feature", "geometry": {"type": "LineString", "coordinates": [[75.800473, 26.915491], [75.800412, 26.915419], [75.800412, 26.915383], [75.800331, 26.915329]]}, "properties": {"feature_type": "edge", "u": 473, "v": 479, "edge_key": 0, "length_m": 24.614, "is_bridged": false, "is_bridge": false, "edge_betweenness": 0.0, "width_m": 15.668}}, {"type": "Feature", "geometry": {"type": "LineString", "coordinates": [[75.801058, 26.915487], [75.801199, 26.915486], [75.803129, 26.915042], [75.803209, 26.915006]]}, "properties": {"feature_type": "edge", "u": 474, "v": 493, "edge_key": 0, "length_m": 235.539, "is_bridged": false, "is_bridge": false, "edge_betweenness": 0.0, "width_m": 8.384}}, {"type": "Feature", "geometry": {"type": "LineString", "coordinates": [[75.801058, 26.915487], [75.800975, 26.915253]]}, "properties": {"feature_type": "edge", "u": 474, "v": 483, "edge_key": 0, "length_m": 29.314, "is_bridged": false, "is_bridge": false, "edge_betweenness": 0.0, "width_m": 8.648}}, {"type": "Feature", "geometry": {"type": "LineString", "coordinates": [[75.809537, 26.915421], [75.809496, 26.915403], [75.809496, 26.915367], [75.809333, 26.915061], [75.809252, 26.915043]]}, "properties": {"feature_type": "edge", "u": 475, "v": 490, "edge_key": 0, "length_m": 57.346, "is_bridged": false, "is_bridge": false, "edge_betweenness": 0.0, "width_m": 8.462}}, {"type": "Feature", "geometry": {"type": "LineString", "coordinates": [[75.809537, 26.915421], [75.809939, 26.915292], [75.810099, 26.915219], [75.8102, 26.9152], [75.81026, 26.915164], [75.810321, 26.915164]]}, "properties": {"feature_type": "edge", "u": 475, "v": 487, "edge_key": 0, "length_m": 89.598, "is_bridged": false, "is_bridge": false, "edge_betweenness": 0.0, "width_m": 8.677}}, {"type": "Feature", "geometry": {"type": "LineString", "coordinates": [[75.804381, 26.91545], [75.804401, 26.915468], [75.804823, 26.915358], [75.804944, 26.915357], [75.804964, 26.915339], [75.805045, 26.915356]]}, "properties": {"feature_type": "edge", "u": 476, "v": 478, "edge_key": 0, "length_m": 73.1, "is_bridged": false, "is_bridge": true, "edge_betweenness": 0.0, "width_m": 8.676}}, {"type": "Feature", "geometry": {"type": "LineString", "coordinates": [[75.799305, 26.915461], [75.799304, 26.915353], [75.799263, 26.915245]]}, "properties": {"feature_type": "edge", "u": 477, "v": 484, "edge_key": 0, "length_m": 25.301, "is_bridged": false, "is_bridge": false, "edge_betweenness": 0.0, "width_m": 8.645}}, {"type": "Feature", "geometry": {"type": "LineString", "coordinates": [[75.805045, 26.915356], [75.805065, 26.915392], [75.805307, 26.915463], [75.805388, 26.915463], [75.805408, 26.915444], [75.805407, 26.915354], [75.805366, 26.915282], [75.805326, 26.915264]]}, "properties": {"feature_type": "edge", "u": 478, "v": 482, "edge_key": 0, "length_m": 66.743, "is_bridged": false, "is_bridge": false, "edge_betweenness": 0.0, "width_m": 8.561}}, {"type": "Feature", "geometry": {"type": "LineString", "coordinates": [[75.805045, 26.915356], [75.805064, 26.915302], [75.805225, 26.915265], [75.805326, 26.915264]]}, "properties": {"feature_type": "edge", "u": 478, "v": 482, "edge_key": 1, "length_m": 34.485, "is_bridged": false, "is_bridge": false, "edge_betweenness": 0.0, "width_m": 8.722}}, {"type": "Feature", "geometry": {"type": "LineString", "coordinates": [[75.800331, 26.915329], [75.800331, 26.915275], [75.800229, 26.915131], [75.800067, 26.914969], [75.800006, 26.914952]]}, "properties": {"feature_type": "edge", "u": 479, "v": 497, "edge_key": 0, "length_m": 57.242, "is_bridged": false, "is_bridge": false, "edge_betweenness": 0.0, "width_m": 15.644}}, {"type": "Feature", "geometry": {"type": "LineString", "coordinates": [[75.795115, 26.91534], [75.795114, 26.915268], [75.795173, 26.915105], [75.795293, 26.914942]]}, "properties": {"feature_type": "edge", "u": 480, "v": 499, "edge_key": 0, "length_m": 51.456, "is_bridged": false, "is_bridge": false, "edge_betweenness": 0.0, "width_m": 9.167}}, {"type": "Feature", "geometry": {"type": "LineString", "coordinates": [[75.798961, 26.915282], [75.7989, 26.915229], [75.798859, 26.915121], [75.798799, 26.915067]]}, "properties": {"feature_type": "edge", "u": 481, "v": 492, "edge_key": 0, "length_m": 30.627, "is_bridged": false, "is_bridge": false, "edge_betweenness": 0.0, "width_m": 9.269}}, {"type": "Feature", "geometry": {"type": "LineString", "coordinates": [[75.798961, 26.915282], [75.799122, 26.915245], [75.799263, 26.915245]]}, "properties": {"feature_type": "edge", "u": 481, "v": 484, "edge_key": 0, "length_m": 31.657, "is_bridged": false, "is_bridge": false, "edge_betweenness": 0.0, "width_m": 8.792}}, {"type": "Feature", "geometry": {"type": "LineString", "coordinates": [[75.805326, 26.915264], [75.805325, 26.915156], [75.80512, 26.914652], [75.80512, 26.914597]]}, "properties": {"feature_type": "edge", "u": 482, "v": 507, "edge_key": 0, "length_m": 82.284, "is_bridged": false, "is_bridge": true, "edge_betweenness": 0.0, "width_m": 8.538}}, {"type": "Feature", "geometry": {"type": "LineString", "coordinates": [[75.800975, 26.915253], [75.800975, 26.915217], [75.801035, 26.915162], [75.801336, 26.91498], [75.801697, 26.914707], [75.802017, 26.914417], [75.802037, 26.914362]]}, "properties": {"feature_type": "edge", "u": 483, "v": 519, "edge_key": 0, "length_m": 150.923, "is_bridged": false, "is_bridge": false, "edge_betweenness": 0.0, "width_m": 9.73}}, {"type": "Feature", "geometry": {"type": "LineString", "coordinates": [[75.799263, 26.915245], [75.799303, 26.915208], [75.799404, 26.915208], [75.799424, 26.91519], [75.799625, 26.915188], [75.799666, 26.915206]]}, "properties": {"feature_type": "edge", "u": 484, "v": 486, "edge_key": 0, "length_m": 42.957, "is_bridged": false, "is_bridge": false, "edge_betweenness": 0.0, "width_m": 8.72}}, {"type": "Feature", "geometry": {"type": "LineString", "coordinates": [[75.798276, 26.915214], [75.798072, 26.9148], [75.798071, 26.914728]]}, "properties": {"feature_type": "edge", "u": 485, "v": 502, "edge_key": 0, "length_m": 62.284, "is_bridged": false, "is_bridge": false, "edge_betweenness": 0.0, "width_m": 8.77}}, {"type": "Feature", "geometry": {"type": "LineString", "coordinates": [[75.798276, 26.915214], [75.798799, 26.915067]]}, "properties": {"feature_type": "edge", "u": 485, "v": 492, "edge_key": 0, "length_m": 58.627, "is_bridged": false, "is_bridge": false, "edge_betweenness": 0.0, "width_m": 8.753}}, {"type": "Feature", "geometry": {"type": "LineString", "coordinates": [[75.799666, 26.915206], [75.799847, 26.915169], [75.799927, 26.915096], [75.799946, 26.915024], [75.800006, 26.914952]]}, "properties": {"feature_type": "edge", "u": 486, "v": 497, "edge_key": 0, "length_m": 50.284, "is_bridged": false, "is_bridge": false, "edge_betweenness": 0.0, "width_m": 9.301}}, {"type": "Feature", "geometry": {"type": "LineString", "coordinates": [[75.810321, 26.915164], [75.810279, 26.915019], [75.810198, 26.914893], [75.810136, 26.914731], [75.809626, 26.913741], [75.809625, 26.913669]]}, "properties": {"feature_type": "edge", "u": 487, "v": 545, "edge_key": 0, "length_m": 193.81, "is_bridged": false, "is_bridge": false, "edge_betweenness": 0.0, "width_m": 8.685}}, {"type": "Feature", "geometry": {"type": "LineString", "coordinates": [[75.797772, 26.915199], [75.797342, 26.91419]]}, "properties": {"feature_type": "edge", "u": 488, "v": 529, "edge_key": 0, "length_m": 129.397, "is_bridged": false, "is_bridge": true, "edge_betweenness": 0.0, "width_m": 8.599}}, {"type": "Feature", "geometry": {"type": "LineString", "coordinates": [[75.79612, 26.915154], [75.79602, 26.915155], [75.795899, 26.915119], [75.795878, 26.915083]]}, "properties": {"feature_type": "edge", "u": 489, "v": 491, "edge_key": 0, "length_m": 28.129, "is_bridged": false, "is_bridge": false, "edge_betweenness": 0.0, "width_m": 16.024}}, {"type": "Feature", "geometry": {"type": "LineString", "coordinates": [[75.79612, 26.915154], [75.79614, 26.915136], [75.796159, 26.914883], [75.796179, 26.914865], [75.796156, 26.91454]]}, "properties": {"feature_type": "edge", "u": 489, "v": 512, "edge_key": 0, "length_m": 71.314, "is_bridged": false, "is_bridge": false, "edge_betweenness": 0.0, "width_m": 8.595}}, {"type": "Feature", "geometry": {"type": "LineString", "coordinates": [[75.809252, 26.915043], [75.809252, 26.915061]]}, "properties": {"feature_type": "edge", "u": 490, "v": 804, "edge_key": 0, "length_m": 2.0, "is_bridged": false, "is_bridge": false, "edge_betweenness": 0.0, "width_m": 1.333}}, {"type": "Feature", "geometry": {"type": "LineString", "coordinates": [[75.809252, 26.915061], [75.809252, 26.915043]]}, "properties": {"feature_type": "edge", "u": 490, "v": 804, "edge_key": 1, "length_m": 2.0, "is_bridged": false, "is_bridge": false, "edge_betweenness": 0.0, "width_m": 1.333}}, {"type": "Feature", "geometry": {"type": "LineString", "coordinates": [[75.809252, 26.915043], [75.809171, 26.915008], [75.80915, 26.914863]]}, "properties": {"feature_type": "edge", "u": 490, "v": 495, "edge_key": 0, "length_m": 25.773, "is_bridged": false, "is_bridge": false, "edge_betweenness": 0.0, "width_m": 6.69}}, {"type": "Feature", "geometry": {"type": "LineString", "coordinates": [[75.809252, 26.915043], [75.809272, 26.914971], [75.809251, 26.914899], [75.80915, 26.914863]]}, "properties": {"feature_type": "edge", "u": 490, "v": 495, "edge_key": 1, "length_m": 27.845, "is_bridged": false, "is_bridge": false, "edge_betweenness": 0.0, "width_m": 6.556}}, {"type": "Feature", "geometry": {"type": "LineString", "coordinates": [[75.795878, 26.915083], [75.795777, 26.915084], [75.795495, 26.914977], [75.795374, 26.914942], [75.795293, 26.914942]]}, "properties": {"feature_type": "edge", "u": 491, "v": 499, "edge_key": 0, "length_m": 64.627, "is_bridged": false, "is_bridge": false, "edge_betweenness": 0.0, "width_m": 16.228}}, {"type": "Feature", "geometry": {"type": "LineString", "coordinates": [[75.795878, 26.915083], [75.795898, 26.915065], [75.795876, 26.914704], [75.795835, 26.914668], [75.795633, 26.914597], [75.795631, 26.914344], [75.795611, 26.914326]]}, "properties": {"feature_type": "edge", "u": 491, "v": 522, "edge_key": 0, "length_m": 103.456, "is_bridged": false, "is_bridge": false, "edge_betweenness": 0.0, "width_m": 8.778}}, {"type": "Feature", "geometry": {"type": "LineString", "coordinates": [[75.798799, 26.915067], [75.798798, 26.91494]]}, "properties": {"feature_type": "edge", "u": 492, "v": 496, "edge_key": 0, "length_m": 14.0, "is_bridged": false, "is_bridge": false, "edge_betweenness": 0.0, "width_m": 9.45}}, {"type": "Feature", "geometry": {"type": "LineString", "coordinates": [[75.803209, 26.915006], [75.80329, 26.915005], [75.804999, 26.914598], [75.80512, 26.914597]]}, "properties": {"feature_type": "edge", "u": 493, "v": 507, "edge_key": 0, "length_m": 208.225, "is_bridged": false, "is_bridge": false, "edge_betweenness": 0.0, "width_m": 8.392}}, {"type": "Feature", "geometry": {"type": "LineString", "coordinates": [[75.803209, 26.915006], [75.803209, 26.914897], [75.803085, 26.914519], [75.802598, 26.914016]]}, "properties": {"feature_type": "edge", "u": 493, "v": 534, "edge_key": 0, "length_m": 134.853, "is_bridged": false, "is_bridge": false, "edge_betweenness": 0.0, "width_m": 8.842}}, {"type": "Feature", "geometry": {"type": "LineString", "coordinates": [[75.796844, 26.915006], [75.796783, 26.914916], [75.796599, 26.914447]]}, "properties": {"feature_type": "edge", "u": 494, "v": 515, "edge_key": 0, "length_m": 71.941, "is_bridged": false, "is_bridge": true, "edge_betweenness": 0.0, "width_m": 8.698}}, {"type": "Feature", "geometry": {"type": "LineString", "coordinates": [[75.80915, 26.914863], [75.809171, 26.914899]]}, "properties": {"feature_type": "edge", "u": 495, "v": 805, "edge_key": 0, "length_m": 4.472, "is_bridged": false, "is_bridge": false, "edge_betweenness": 0.0, "width_m": 4.0}}, {"type": "Feature", "geometry": {"type": "LineString", "coordinates": [[75.809171, 26.914899], [75.80915, 26.914863]]}, "properties": {"feature_type": "edge", "u": 495, "v": 805, "edge_key": 1, "length_m": 4.472, "is_bridged": false, "is_bridge": false, "edge_betweenness": 0.0, "width_m": 4.0}}, {"type": "Feature", "geometry": {"type": "LineString", "coordinates": [[75.80915, 26.914863], [75.809069, 26.91481], [75.809028, 26.914702]]}, "properties": {"feature_type": "edge", "u": 495, "v": 501, "edge_key": 0, "length_m": 23.301, "is_bridged": false, "is_bridge": false, "edge_betweenness": 0.0, "width_m": 7.833}}, {"type": "Feature", "geometry": {"type": "LineString", "coordinates": [[75.80915, 26.914863], [75.809169, 26.914737], [75.809109, 26.914683]]}, "properties": {"feature_type": "edge", "u": 495, "v": 504, "edge_key": 0, "length_m": 23.499, "is_bridged": false, "is_bridge": false, "edge_betweenness": 0.0, "width_m": 7.499}}, {"type": "Feature", "geometry": {"type": "LineString", "coordinates": [[75.798798, 26.91494], [75.798878, 26.91494], [75.799139, 26.91483]]}, "properties": {"feature_type": "edge", "u": 496, "v": 500, "edge_key": 0, "length_m": 38.971, "is_bridged": false, "is_bridge": false, "edge_betweenness": 0.0, "width_m": 8.611}}, {"type": "Feature", "geometry": {"type": "LineString", "coordinates": [[75.798798, 26.91494], [75.798737, 26.914868], [75.798716, 26.914724]]}, "properties": {"feature_type": "edge", "u": 496, "v": 503, "edge_key": 0, "length_m": 27.314, "is_bridged": false, "is_bridge": false, "edge_betweenness": 0.0, "width_m": 8.515}}, {"type": "Feature", "geometry": {"type": "LineString", "coordinates": [[75.800006, 26.914952], [75.799986, 26.914879], [75.799884, 26.914772], [75.799783, 26.914682], [75.799722, 26.914664]]}, "properties": {"feature_type": "edge", "u": 497, "v": 505, "edge_key": 0, "length_m": 45.585, "is_bridged": false, "is_bridge": false, "edge_betweenness": 0.0, "width_m": 16.022}}, {"type": "Feature", "geometry": {"type": "LineString", "coordinates": [[75.812897, 26.914878], [75.812876, 26.914806], [75.811999, 26.913276]]}, "properties": {"feature_type": "edge", "u": 498, "v": 557, "edge_key": 0, "length_m": 214.095, "is_bridged": false, "is_bridge": false, "edge_betweenness": 0.0, "width_m": 9.374}}, {"type": "Feature", "geometry": {"type": "LineString", "coordinates": [[75.795293, 26.914942], [75.795212, 26.914888], [75.79499, 26.914835], [75.79495, 26.9148], [75.794949, 26.914673], [75.794989, 26.914601], [75.794988, 26.91451], [75.795048, 26.914438], [75.795107, 26.914275], [75.795107, 26.914203]]}, "properties": {"feature_type": "edge", "u": 499, "v": 527, "edge_key": 0, "length_m": 112.899, "is_bridged": false, "is_bridge": false, "edge_betweenness": 0.0, "width_m": 11.521}}, {"type": "Feature", "geometry": {"type": "LineString", "coordinates": [[75.799139, 26.91483], [75.7992, 26.91483], [75.799622, 26.914701], [75.799682, 26.914701], [75.799722, 26.914664]]}, "properties": {"feature_type": "edge", "u": 500, "v": 505, "edge_key": 0, "length_m": 65.456, "is_bridged": false, "is_bridge": false, "edge_betweenness": 0.0, "width_m": 8.772}}, {"type": "Feature", "geometry": {"type": "LineString", "coordinates": [[75.799139, 26.91483], [75.799118, 26.914686], [75.799057, 26.914632]]}, "properties": {"feature_type": "edge", "u": 500, "v": 508, "edge_key": 0, "length_m": 26.129, "is_bridged": false, "is_bridge": false, "edge_betweenness": 0.0, "width_m": 8.601}}, {"type": "Feature", "geometry": {"type": "LineString", "coordinates": [[75.809028, 26.914702], [75.808946, 26.914539]]}, "properties": {"feature_type": "edge", "u": 501, "v": 509, "edge_key": 0, "length_m": 20.957, "is_bridged": false, "is_bridge": false, "edge_betweenness": 0.0, "width_m": 8.734}}, {"type": "Feature", "geometry": {"type": "LineString", "coordinates": [[75.809028, 26.914702], [75.809109, 26.914683]]}, "properties": {"feature_type": "edge", "u": 501, "v": 504, "edge_key": 0, "length_m": 8.472, "is_bridged": false, "is_bridge": false, "edge_betweenness": 0.0, "width_m": 6.2}}, {"type": "Feature", "geometry": {"type": "LineString", "coordinates": [[75.798071, 26.914728], [75.79801, 26.914674], [75.797949, 26.914494], [75.797744, 26.91408], [75.797744, 26.914025]]}, "properties": {"feature_type": "edge", "u": 502, "v": 533, "edge_key": 0, "length_m": 92.07, "is_bridged": false, "is_bridge": false, "edge_betweenness": 0.0, "width_m": 8.785}}, {"type": "Feature", "geometry": {"type": "LineString", "coordinates": [[75.798071, 26.914728], [75.798433, 26.914617], [75.798594, 26.914598]]}, "properties": {"feature_type": "edge", "u": 502, "v": 510, "edge_key": 0, "length_m": 57.799, "is_bridged": false, "is_bridge": false, "edge_betweenness": 0.0, "width_m": 8.548}}, {"type": "Feature", "geometry": {"type": "LineString", "coordinates": [[75.798716, 26.914724], [75.798655, 26.914688], [75.798594, 26.914598]]}, "properties": {"feature_type": "edge", "u": 503, "v": 510, "edge_key": 0, "length_m": 19.786, "is_bridged": false, "is_bridge": false, "edge_betweenness": 0.0, "width_m": 8.708}}, {"type": "Feature", "geometry": {"type": "LineString", "coordinates": [[75.798716, 26.914724], [75.798937, 26.914669], [75.798997, 26.914632], [75.799057, 26.914632]]}, "properties": {"feature_type": "edge", "u": 503, "v": 508, "edge_key": 0, "length_m": 38.142, "is_bridged": false, "is_bridge": false, "edge_betweenness": 0.0, "width_m": 8.531}}, {"type": "Feature", "geometry": {"type": "LineString", "coordinates": [[75.809109, 26.914683], [75.809088, 26.914575], [75.809027, 26.914521]]}, "properties": {"feature_type": "edge", "u": 504, "v": 511, "edge_key": 0, "length_m": 22.129, "is_bridged": false, "is_bridge": false, "edge_betweenness": 0.0, "width_m": 7.899}}, {"type": "Feature", "geometry": {"type": "LineString", "coordinates": [[75.799722, 26.914664], [75.799702, 26.914592], [75.79956, 26.914448], [75.799256, 26.914197]]}, "properties": {"feature_type": "edge", "u": 505, "v": 530, "edge_key": 0, "length_m": 71.513, "is_bridged": false, "is_bridge": false, "edge_betweenness": 0.0, "width_m": 15.872}}, {"type": "Feature", "geometry": {"type": "LineString", "coordinates": [[75.805785, 26.914612], [75.805644, 26.914594], [75.805502, 26.914505]]}, "properties": {"feature_type": "edge", "u": 506, "v": 513, "edge_key": 0, "length_m": 32.614, "is_bridged": false, "is_bridge": false, "edge_betweenness": 0.0, "width_m": 8.654}}, {"type": "Feature", "geometry": {"type": "LineString", "coordinates": [[75.805785, 26.914612], [75.805905, 26.914503], [75.805924, 26.914376]]}, "properties": {"feature_type": "edge", "u": 506, "v": 517, "edge_key": 0, "length_m": 32.614, "is_bridged": false, "is_bridge": false, "edge_betweenness": 0.0, "width_m": 8.726}}, {"type": "Feature", "geometry": {"type": "LineString", "coordinates": [[75.80512, 26.914597], [75.80514, 26.914561], [75.805381, 26.914506], [75.805502, 26.914505]]}, "properties": {"feature_type": "edge", "u": 507, "v": 513, "edge_key": 0, "length_m": 42.957, "is_bridged": false, "is_bridge": false, "edge_betweenness": 0.0, "width_m": 8.373}}, {"type": "Feature", "geometry": {"type": "LineString", "coordinates": [[75.799057, 26.914632], [75.799057, 26.914542], [75.798975, 26.914362]]}, "properties": {"feature_type": "edge", "u": 508, "v": 520, "edge_key": 0, "length_m": 32.957, "is_bridged": false, "is_bridge": false, "edge_betweenness": 0.0, "width_m": 8.758}}, {"type": "Feature", "geometry": {"type": "LineString", "coordinates": [[75.808946, 26.914539], [75.80862, 26.913927], [75.808619, 26.913855]]}, "properties": {"feature_type": "edge", "u": 509, "v": 538, "edge_key": 0, "length_m": 89.255, "is_bridged": false, "is_bridge": false, "edge_betweenness": 0.0, "width_m": 8.758}}, {"type": "Feature", "geometry": {"type": "LineString", "coordinates": [[75.808946, 26.914539], [75.809027, 26.914521]]}, "properties": {"feature_type": "edge", "u": 509, "v": 511, "edge_key": 0, "length_m": 8.472, "is_bridged": false, "is_bridge": false, "edge_betweenness": 0.0, "width_m": 6.2}}, {"type": "Feature", "geometry": {"type": "LineString", "coordinates": [[75.798594, 26.914598], [75.798593, 26.91449], [75.798694, 26.914453], [75.798754, 26.914399]]}, "properties": {"feature_type": "edge", "u": 510, "v": 518, "edge_key": 0, "length_m": 32.142, "is_bridged": false, "is_bridge": false, "edge_betweenness": 0.0, "width_m": 8.709}}, {"type": "Feature", "geometry": {"type": "LineString", "coordinates": [[75.809027, 26.914521], [75.809026, 26.914449], [75.808781, 26.913999], [75.80874, 26.913909], [75.80874, 26.913836]]}, "properties": {"feature_type": "edge", "u": 511, "v": 541, "edge_key": 0, "length_m": 87.598, "is_bridged": false, "is_bridge": false, "edge_betweenness": 0.0, "width_m": 8.639}}, {"type": "Feature", "geometry": {"type": "LineString", "coordinates": [[75.796156, 26.91454], [75.796257, 26.914539], [75.796458, 26.914466], [75.796599, 26.914447]]}, "properties": {"feature_type": "edge", "u": 512, "v": 515, "edge_key": 0, "length_m": 47.786, "is_bridged": false, "is_bridge": false, "edge_betweenness": 0.0, "width_m": 8.536}}, {"type": "Feature", "geometry": {"type": "LineString", "coordinates": [[75.796156, 26.91454], [75.796092, 26.913999]]}, "properties": {"feature_type": "edge", "u": 512, "v": 535, "edge_key": 0, "length_m": 62.485, "is_bridged": false, "is_bridge": false, "edge_betweenness": 0.0, "width_m": 8.163}}, {"type": "Feature", "geometry": {"type": "LineString", "coordinates": [[75.805502, 26.914505], [75.805501, 26.914324]]}, "properties": {"feature_type": "edge", "u": 513, "v": 521, "edge_key": 0, "length_m": 20.0, "is_bridged": false, "is_bridge": false, "edge_betweenness": 0.0, "width_m": 8.473}}, {"type": "Feature", "geometry": {"type": "LineString", "coordinates": [[75.796599, 26.914447], [75.796639, 26.914411], [75.796739, 26.914392], [75.7969, 26.914319]]}, "properties": {"feature_type": "edge", "u": 515, "v": 523, "edge_key": 0, "length_m": 35.799, "is_bridged": false, "is_bridge": false, "edge_betweenness": 0.0, "width_m": 9.279}}, {"type": "Feature", "geometry": {"type": "LineString", "coordinates": [[75.805924, 26.914376], [75.806045, 26.914376], [75.806065, 26.914357], [75.806648, 26.914264], [75.806789, 26.914209]]}, "properties": {"feature_type": "edge", "u": 517, "v": 526, "edge_key": 0, "length_m": 93.456, "is_bridged": false, "is_bridge": false, "edge_betweenness": 0.0, "width_m": 8.45}}, {"type": "Feature", "geometry": {"type": "LineString", "coordinates": [[75.805924, 26.914376], [75.805903, 26.914322], [75.805782, 26.914233], [75.805641, 26.914233], [75.805501, 26.914324]]}, "properties": {"feature_type": "edge", "u": 517, "v": 521, "edge_key": 0, "length_m": 54.4, "is_bridged": false, "is_bridge": false, "edge_betweenness": 0.0, "width_m": 8.902}}, {"type": "Feature", "geometry": {"type": "LineString", "coordinates": [[75.798754, 26.914399], [75.798975, 26.914362]]}, "properties": {"feature_type": "edge", "u": 518, "v": 520, "edge_key": 0, "length_m": 23.301, "is_bridged": false, "is_bridge": false, "edge_betweenness": 0.0, "width_m": 9.008}}, {"type": "Feature", "geometry": {"type": "LineString", "coordinates": [[75.798754, 26.914399], [75.798712, 26.914255], [75.798672, 26.914201], [75.79845, 26.914238], [75.798369, 26.914184], [75.798246, 26.913878]]}, "properties": {"feature_type": "edge", "u": 518, "v": 543, "edge_key": 0, "length_m": 98.07, "is_bridged": false, "is_bridge": false, "edge_betweenness": 0.0, "width_m": 8.648}}, {"type": "Feature", "geometry": {"type": "LineString", "coordinates": [[75.802037, 26.914362], [75.802137, 26.914326], [75.802477, 26.914053], [75.802538, 26.914016], [75.802598, 26.914016]]}, "properties": {"feature_type": "edge", "u": 519, "v": 534, "edge_key": 0, "length_m": 71.74, "is_bridged": false, "is_bridge": false, "edge_betweenness": 0.0, "width_m": 9.31}}, {"type": "Feature", "geometry": {"type": "LineString", "coordinates": [[75.802037, 26.914362], [75.801286, 26.913608], [75.801205, 26.9135]]}, "properties": {"feature_type": "edge", "u": 519, "v": 550, "edge_key": 0, "length_m": 129.52, "is_bridged": false, "is_bridge": false, "edge_betweenness": 0.0, "width_m": 8.969}}, {"type": "Feature", "geometry": {"type": "LineString", "coordinates": [[75.798975, 26.914362], [75.798995, 26.914325], [75.799196, 26.914252], [75.799256, 26.914197]]}, "properties": {"feature_type": "edge", "u": 520, "v": 530, "edge_key": 0, "length_m": 36.271, "is_bridged": false, "is_bridge": false, "edge_betweenness": 0.0, "width_m": 9.57}}, {"type": "Feature", "geometry": {"type": "LineString", "coordinates": [[75.805501, 26.914324], [75.804349, 26.913771], [75.804308, 26.913735], [75.804126, 26.913664], [75.804086, 26.913628], [75.803904, 26.913557], [75.803863, 26.913521], [75.803662, 26.91345]]}, "properties": {"feature_type": "edge", "u": 521, "v": 552, "edge_key": 0, "length_m": 222.593, "is_bridged": false, "is_bridge": false, "edge_betweenness": 0.0, "width_m": 8.825}}, {"type": "Feature", "geometry": {"type": "LineString", "coordinates": [[75.795611, 26.914326], [75.79549, 26.914309], [75.795207, 26.914202], [75.795107, 26.914203]]}, "properties": {"feature_type": "edge", "u": 522, "v": 527, "edge_key": 0, "length_m": 55.799, "is_bridged": false, "is_bridge": false, "edge_betweenness": 0.0, "width_m": 8.745}}, {"type": "Feature", "geometry": {"type": "LineString", "coordinates": [[75.795611, 26.914326], [75.795609, 26.914092], [75.795568, 26.913947]]}, "properties": {"feature_type": "edge", "u": 522, "v": 537, "edge_key": 0, "length_m": 43.657, "is_bridged": false, "is_bridge": true, "edge_betweenness": 0.0, "width_m": 8.672}}, {"type": "Feature", "geometry": {"type": "LineString", "coordinates": [[75.7969, 26.914319], [75.797101, 26.914282]]}, "properties": {"feature_type": "edge", "u": 523, "v": 524, "edge_key": 0, "length_m": 21.301, "is_bridged": false, "is_bridge": false, "edge_betweenness": 0.0, "width_m": 9.415}}, {"type": "Feature", "geometry": {"type": "LineString", "coordinates": [[75.7969, 26.914319], [75.79688, 26.914301], [75.796857, 26.913976], [75.796837, 26.91394]]}, "properties": {"feature_type": "edge", "u": 523, "v": 536, "edge_key": 0, "length_m": 44.129, "is_bridged": false, "is_bridge": false, "edge_betweenness": 0.0, "width_m": 8.438}}, {"type": "Feature", "geometry": {"type": "LineString", "coordinates": [[75.797101, 26.914282], [75.797181, 26.914191]]}, "properties": {"feature_type": "edge", "u": 524, "v": 528, "edge_key": 0, "length_m": 13.773, "is_bridged": false, "is_bridge": false, "edge_betweenness": 0.0, "width_m": 9.367}}, {"type": "Feature", "geometry": {"type": "LineString", "coordinates": [[75.807031, 26.914207], [75.80699, 26.91419], [75.806789, 26.914209]]}, "properties": {"feature_type": "edge", "u": 525, "v": 526, "edge_key": 0, "length_m": 25.301, "is_bridged": false, "is_bridge": false, "edge_betweenness": 0.0, "width_m": 9.612}}, {"type": "Feature", "geometry": {"type": "LineString", "coordinates": [[75.807031, 26.914207], [75.807091, 26.914153], [75.807171, 26.914152], [75.807231, 26.914116]]}, "properties": {"feature_type": "edge", "u": 525, "v": 531, "edge_key": 0, "length_m": 24.142, "is_bridged": false, "is_bridge": false, "edge_betweenness": 0.0, "width_m": 9.815}}, {"type": "Feature", "geometry": {"type": "LineString", "coordinates": [[75.806789, 26.914209], [75.806768, 26.914155], [75.806667, 26.914047], [75.805938, 26.913564], [75.805675, 26.913312], [75.805573, 26.913186], [75.805411, 26.913079]]}, "properties": {"feature_type": "edge", "u": 526, "v": 567, "edge_key": 0, "length_m": 194.775, "is_bridged": false, "is_bridge": false, "edge_betweenness": 0.0, "width_m": 8.987}}, {"type": "Feature", "geometry": {"type": "LineString", "coordinates": [[75.795107, 26.914203], [75.795086, 26.914167], [75.794985, 26.914149], [75.794925, 26.914114]]}, "properties": {"feature_type": "edge", "u": 527, "v": 532, "edge_key": 0, "length_m": 22.957, "is_bridged": false, "is_bridge": true, "edge_betweenness": 0.0, "width_m": 8.567}}, {"type": "Feature", "geometry": {"type": "LineString", "coordinates": [[75.797181, 26.914191], [75.797342, 26.91419]]}, "properties": {"feature_type": "edge", "u": 528, "v": 529, "edge_key": 0, "length_m": 16.0, "is_bridged": false, "is_bridge": false, "edge_betweenness": 0.0, "width_m": 8.878}}, {"type": "Feature", "geometry": {"type": "LineString", "coordinates": [[75.797181, 26.914191], [75.796994, 26.913325]]}, "properties": {"feature_type": "edge", "u": 528, "v": 559, "edge_key": 0, "length_m": 103.1, "is_bridged": false, "is_bridge": false, "edge_betweenness": 0.0, "width_m": 8.332}}, {"type": "Feature", "geometry": {"type": "LineString", "coordinates": [[75.797342, 26.91419], [75.797402, 26.914136], [75.797744, 26.914025]]}, "properties": {"feature_type": "edge", "u": 529, "v": 533, "edge_key": 0, "length_m": 47.915, "is_bridged": false, "is_bridge": false, "edge_betweenness": 0.0, "width_m": 8.87}}, {"type": "Feature", "geometry": {"type": "LineString", "coordinates": [[75.799256, 26.914197], [75.799235, 26.914143], [75.798809, 26.91373], [75.798708, 26.913677]]}, "properties": {"feature_type": "edge", "u": 530, "v": 546, "edge_key": 0, "length_m": 81.998, "is_bridged": false, "is_bridge": false, "edge_betweenness": 0.0, "width_m": 16.704}}, {"type": "Feature", "geometry": {"type": "LineString", "coordinates": [[75.807231, 26.914116], [75.807372, 26.914115], [75.807473, 26.914078], [75.807553, 26.914078], [75.807654, 26.914041], [75.807835, 26.914022], [75.807935, 26.913986], [75.808016, 26.913985], [75.808116, 26.913948], [75.808197, 26.913948], [75.808297, 26.913911], [75.808619, 26.913855]]}, "properties": {"feature_type": "edge", "u": 531, "v": 538, "edge_key": 0, "length_m": 149.094, "is_bridged": false, "is_bridge": false, "edge_betweenness": 0.0, "width_m": 8.42}}, {"type": "Feature", "geometry": {"type": "LineString", "coordinates": [[75.807231, 26.914116], [75.80719, 26.91399], [75.807129, 26.9139], [75.807129, 26.913864], [75.807068, 26.913774], [75.807068, 26.913738], [75.807006, 26.913648], [75.807006, 26.913612], [75.806945, 26.913522], [75.806945, 26.913486], [75.806884, 26.913396], [75.806638, 26.912855], [75.806557, 26.912729], [75.806434, 26.912441], [75.806353, 26.912333]]}, "properties": {"feature_type": "edge", "u": 531, "v": 587, "edge_key": 0, "length_m": 233.622, "is_bridged": false, "is_bridge": false, "edge_betweenness": 0.0, "width_m": 8.682}}, {"type": "Feature", "geometry": {"type": "LineString", "coordinates": [[75.797744, 26.914025], [75.797703, 26.91399], [75.797662, 26.913845], [75.797621, 26.913791], [75.797375, 26.913179]]}, "properties": {"feature_type": "edge", "u": 533, "v": 563, "edge_key": 0, "length_m": 108.912, "is_bridged": false, "is_bridge": false, "edge_betweenness": 0.0, "width_m": 8.645}}, {"type": "Feature", "geometry": {"type": "LineString", "coordinates": [[75.797744, 26.914025], [75.798166, 26.913879], [75.798246, 26.913878]]}, "properties": {"feature_type": "edge", "u": 533, "v": 543, "edge_key": 0, "length_m": 56.271, "is_bridged": false, "is_bridge": false, "edge_betweenness": 0.0, "width_m": 8.843}}, {"type": "Feature", "geometry": {"type": "LineString", "coordinates": [[75.802598, 26.914016], [75.802657, 26.913871]]}, "properties": {"feature_type": "edge", "u": 534, "v": 540, "edge_key": 0, "length_m": 18.485, "is_bridged": false, "is_bridge": false, "edge_betweenness": 0.0, "width_m": 9.719}}, {"type": "Feature", "geometry": {"type": "LineString", "coordinates": [[75.796092, 26.913999], [75.796294, 26.913997], [75.796314, 26.913979], [75.796837, 26.91394]]}, "properties": {"feature_type": "edge", "u": 535, "v": 536, "edge_key": 0, "length_m": 76.485, "is_bridged": false, "is_bridge": false, "edge_betweenness": 0.0, "width_m": 8.249}}, {"type": "Feature", "geometry": {"type": "LineString", "coordinates": [[75.796092, 26.913999], [75.796072, 26.913963], [75.796071, 26.913818], [75.79605, 26.9138], [75.796049, 26.913638], [75.796029, 26.91362], [75.796028, 26.913439]]}, "properties": {"feature_type": "edge", "u": 535, "v": 553, "edge_key": 0, "length_m": 64.129, "is_bridged": false, "is_bridge": false, "edge_betweenness": 0.0, "width_m": 8.291}}, {"type": "Feature", "geometry": {"type": "LineString", "coordinates": [[75.796837, 26.91394], [75.796836, 26.913796], [75.796816, 26.913778], [75.796815, 26.913615], [75.796794, 26.913597], [75.796773, 26.913381]]}, "properties": {"feature_type": "edge", "u": 536, "v": 555, "edge_key": 0, "length_m": 64.485, "is_bridged": false, "is_bridge": false, "edge_betweenness": 0.0, "width_m": 8.347}}, {"type": "Feature", "geometry": {"type": "LineString", "coordinates": [[75.795568, 26.913947], [75.795488, 26.913948], [75.795003, 26.913806]]}, "properties": {"feature_type": "edge", "u": 537, "v": 544, "edge_key": 0, "length_m": 62.627, "is_bridged": false, "is_bridge": false, "edge_betweenness": 0.0, "width_m": 8.666}}, {"type": "Feature", "geometry": {"type": "LineString", "coordinates": [[75.795568, 26.913947], [75.795567, 26.913749], [75.795526, 26.913623]]}, "properties": {"feature_type": "edge", "u": 537, "v": 548, "edge_key": 0, "length_m": 37.657, "is_bridged": false, "is_bridge": false, "edge_betweenness": 0.0, "width_m": 8.341}}, {"type": "Feature", "geometry": {"type": "LineString", "coordinates": [[75.808619, 26.913855], [75.808559, 26.913837], [75.808538, 26.913729], [75.808047, 26.912757], [75.808006, 26.912523]]}, "properties": {"feature_type": "edge", "u": 538, "v": 580, "edge_key": 0, "length_m": 173.396, "is_bridged": false, "is_bridge": false, "edge_betweenness": 0.0, "width_m": 8.553}}, {"type": "Feature", "geometry": {"type": "LineString", "coordinates": [[75.808619, 26.913855], [75.80874, 26.913836]]}, "properties": {"feature_type": "edge", "u": 538, "v": 541, "edge_key": 0, "length_m": 12.325, "is_bridged": false, "is_bridge": false, "edge_betweenness": 0.0, "width_m": 9.657}}, {"type": "Feature", "geometry": {"type": "LineString", "coordinates": [[75.800583, 26.913901], [75.799792, 26.913075], [75.799751, 26.912985]]}, "properties": {"feature_type": "edge", "u": 539, "v": 573, "edge_key": 0, "length_m": 135.609, "is_bridged": false, "is_bridge": true, "edge_betweenness": 0.0, "width_m": 8.996}}, {"type": "Feature", "geometry": {"type": "LineString", "coordinates": [[75.802657, 26.913871], [75.802718, 26.913871], [75.802778, 26.913834], [75.803219, 26.913471]]}, "properties": {"feature_type": "edge", "u": 540, "v": 551, "edge_key": 0, "length_m": 74.225, "is_bridged": false, "is_bridge": false, "edge_betweenness": 0.0, "width_m": 9.334}}, {"type": "Feature", "geometry": {"type": "LineString", "coordinates": [[75.802657, 26.913871], [75.802211, 26.91344], [75.801886, 26.913081]]}, "properties": {"feature_type": "edge", "u": 540, "v": 570, "edge_key": 0, "length_m": 119.48, "is_bridged": false, "is_bridge": false, "edge_betweenness": 0.0, "width_m": 9.214}}, {"type": "Feature", "geometry": {"type": "LineString", "coordinates": [[75.80874, 26.913836], [75.808679, 26.913819], [75.808638, 26.913675], [75.808577, 26.913585], [75.808577, 26.913548], [75.808516, 26.913459], [75.808515, 26.913422], [75.808454, 26.913333], [75.808209, 26.912792], [75.808148, 26.912684], [75.808006, 26.912523]]}, "properties": {"feature_type": "edge", "u": 541, "v": 580, "edge_key": 0, "length_m": 176.667, "is_bridged": false, "is_bridge": false, "edge_betweenness": 0.0, "width_m": 8.601}}, {"type": "Feature", "geometry": {"type": "LineString", "coordinates": [[75.80874, 26.913836], [75.808861, 26.9138], [75.809625, 26.913669]]}, "properties": {"feature_type": "edge", "u": 541, "v": 545, "edge_key": 0, "length_m": 94.743, "is_bridged": false, "is_bridge": false, "edge_betweenness": 0.0, "width_m": 8.418}}, {"type": "Feature", "geometry": {"type": "LineString", "coordinates": [[75.794923, 26.913915], [75.794943, 26.913861], [75.795003, 26.913806]]}, "properties": {"feature_type": "edge", "u": 542, "v": 544, "edge_key": 0, "length_m": 15.314, "is_bridged": false, "is_bridge": true, "edge_betweenness": 0.0, "width_m": 9.111}}, {"type": "Feature", "geometry": {"type": "LineString", "coordinates": [[75.798246, 26.913878], [75.798266, 26.913842], [75.798588, 26.91375], [75.798708, 26.913677]]}, "properties": {"feature_type": "edge", "u": 543, "v": 546, "edge_key": 0, "length_m": 55.928, "is_bridged": false, "is_bridge": false, "edge_betweenness": 0.0, "width_m": 9.11}}, {"type": "Feature", "geometry": {"type": "LineString", "coordinates": [[75.795003, 26.913806], [75.795003, 26.913752], [75.795083, 26.913697], [75.795526, 26.913623]]}, "properties": {"feature_type": "edge", "u": 544, "v": 548, "edge_key": 0, "length_m": 63.799, "is_bridged": false, "is_bridge": false, "edge_betweenness": 0.0, "width_m": 8.771}}, {"type": "Feature", "geometry": {"type": "LineString", "coordinates": [[75.809625, 26.913669], [75.810148, 26.913539], [75.810269, 26.913539]]}, "properties": {"feature_type": "edge", "u": 545, "v": 547, "edge_key": 0, "length_m": 69.799, "is_bridged": false, "is_bridge": false, "edge_betweenness": 0.0, "width_m": 8.473}}, {"type": "Feature", "geometry": {"type": "LineString", "coordinates": [[75.798708, 26.913677], [75.798687, 26.913569]]}, "properties": {"feature_type": "edge", "u": 546, "v": 549, "edge_key": 0, "length_m": 12.472, "is_bridged": false, "is_bridge": false, "edge_betweenness": 0.0, "width_m": 15.977}}, {"type": "Feature", "geometry": {"type": "LineString", "coordinates": [[75.810269, 26.913539], [75.810409, 26.913484], [75.81059, 26.913465], [75.810691, 26.913428], [75.810771, 26.913428], [75.810872, 26.913391], [75.810952, 26.91339], [75.811053, 26.913354], [75.811133, 26.913353], [75.811153, 26.913335], [75.811234, 26.913335], [75.811334, 26.913298], [75.811415, 26.913297], [75.811515, 26.913261], [75.811857, 26.913205]]}, "properties": {"feature_type": "edge", "u": 547, "v": 560, "edge_key": 0, "length_m": 172.555, "is_bridged": false, "is_bridge": false, "edge_betweenness": 0.0, "width_m": 8.394}}, {"type": "Feature", "geometry": {"type": "LineString", "coordinates": [[75.795526, 26.913623], [75.795524, 26.913388], [75.795483, 26.913298], [75.795081, 26.913354], [75.795061, 26.913372], [75.79496, 26.913373], [75.79494, 26.913391], [75.79492, 26.913373]]}, "properties": {"feature_type": "edge", "u": 548, "v": 558, "edge_key": 0, "length_m": 98.627, "is_bridged": false, "is_bridge": true, "edge_betweenness": 0.0, "width_m": 8.226}}, {"type": "Feature", "geometry": {"type": "LineString", "coordinates": [[75.798687, 26.913569], [75.798587, 26.913551], [75.797878, 26.912977], [75.797797, 26.91296]]}, "properties": {"feature_type": "edge", "u": 549, "v": 574, "edge_key": 0, "length_m": 116.167, "is_bridged": false, "is_bridge": false, "edge_betweenness": 0.0, "width_m": 16.032}}, {"type": "Feature", "geometry": {"type": "LineString", "coordinates": [[75.798687, 26.913569], [75.798747, 26.913514], [75.799349, 26.913186], [75.799409, 26.913113]]}, "properties": {"feature_type": "edge", "u": 549, "v": 566, "edge_key": 0, "length_m": 93.526, "is_bridged": false, "is_bridge": false, "edge_betweenness": 0.0, "width_m": 9.192}}, {"type": "Feature", "geometry": {"type": "LineString", "coordinates": [[75.801205, 26.9135], [75.801103, 26.913429], [75.800454, 26.912692], [75.800433, 26.91262]]}, "properties": {"feature_type": "edge", "u": 550, "v": 583, "edge_key": 0, "length_m": 130.652, "is_bridged": false, "is_bridge": false, "edge_betweenness": 0.0, "width_m": 8.92}}, {"type": "Feature", "geometry": {"type": "LineString", "coordinates": [[75.801205, 26.9135], [75.801224, 26.913446], [75.801445, 26.9133], [75.801505, 26.913228]]}, "properties": {"feature_type": "edge", "u": 550, "v": 561, "edge_key": 0, "length_m": 45.081, "is_bridged": false, "is_bridge": false, "edge_betweenness": 0.0, "width_m": 8.576}}, {"type": "Feature", "geometry": {"type": "LineString", "coordinates": [[75.803219, 26.913471], [75.803279, 26.91347], [75.8034, 26.913524], [75.803481, 26.913523], [75.803601, 26.913451], [75.803662, 26.91345]]}, "properties": {"feature_type": "edge", "u": 551, "v": 552, "edge_key": 0, "length_m": 49.799, "is_bridged": false, "is_bridge": false, "edge_betweenness": 0.0, "width_m": 8.652}}, {"type": "Feature", "geometry": {"type": "LineString", "coordinates": [[75.803219, 26.913471], [75.803218, 26.913399], [75.803177, 26.913345], [75.803177, 26.913254], [75.803237, 26.913164], [75.803236, 26.91311]]}, "properties": {"feature_type": "edge", "u": 551, "v": 565, "edge_key": 0, "length_m": 44.142, "is_bridged": false, "is_bridge": false, "edge_betweenness": 0.0, "width_m": 8.622}}, {"type": "Feature", "geometry": {"type": "LineString", "coordinates": [[75.803662, 26.91345], [75.80368, 26.913251], [75.803639, 26.913161], [75.803558, 26.91309]]}, "properties": {"feature_type": "edge", "u": 552, "v": 569, "edge_key": 0, "length_m": 45.799, "is_bridged": false, "is_bridge": false, "edge_betweenness": 0.0, "width_m": 9.204}}, {"type": "Feature", "geometry": {"type": "LineString", "coordinates": [[75.796028, 26.913439], [75.796008, 26.913421], [75.795964, 26.912898]]}, "properties": {"feature_type": "edge", "u": 553, "v": 577, "edge_key": 0, "length_m": 62.485, "is_bridged": false, "is_bridge": true, "edge_betweenness": 0.0, "width_m": 8.19}}, {"type": "Feature", "geometry": {"type": "LineString", "coordinates": [[75.796028, 26.913439], [75.796169, 26.913438], [75.796189, 26.91342], [75.79637, 26.913401]]}, "properties": {"feature_type": "edge", "u": 553, "v": 554, "edge_key": 0, "length_m": 35.657, "is_bridged": false, "is_bridge": false, "edge_betweenness": 0.0, "width_m": 8.368}}, {"type": "Feature", "geometry": {"type": "LineString", "coordinates": [[75.79637, 26.913401], [75.796773, 26.913381]]}, "properties": {"feature_type": "edge", "u": 554, "v": 555, "edge_key": 0, "length_m": 40.828, "is_bridged": false, "is_bridge": false, "edge_betweenness": 0.0, "width_m": 8.224}}, {"type": "Feature", "geometry": {"type": "LineString", "coordinates": [[75.79637, 26.913401], [75.796326, 26.912878]]}, "properties": {"feature_type": "edge", "u": 554, "v": 578, "edge_key": 0, "length_m": 59.657, "is_bridged": false, "is_bridge": true, "edge_betweenness": 0.0, "width_m": 8.13}}, {"type": "Feature", "geometry": {"type": "LineString", "coordinates": [[75.796773, 26.913381], [75.796873, 26.913326], [75.796994, 26.913325]]}, "properties": {"feature_type": "edge", "u": 555, "v": 559, "edge_key": 0, "length_m": 24.485, "is_bridged": false, "is_bridge": false, "edge_betweenness": 0.0, "width_m": 9.075}}, {"type": "Feature", "geometry": {"type": "LineString", "coordinates": [[75.806037, 26.913328], [75.805591, 26.912897], [75.805347, 26.912556], [75.805306, 26.912484], [75.805306, 26.912412]]}, "properties": {"feature_type": "edge", "u": 556, "v": 585, "edge_key": 0, "length_m": 131.823, "is_bridged": false, "is_bridge": true, "edge_betweenness": 0.0, "width_m": 8.991}}, {"type": "Feature", "geometry": {"type": "LineString", "coordinates": [[75.811999, 26.913276], [75.811939, 26.913276], [75.811857, 26.913205]]}, "properties": {"feature_type": "edge", "u": 557, "v": 560, "edge_key": 0, "length_m": 18.129, "is_bridged": false, "is_bridge": false, "edge_betweenness": 0.0, "width_m": 9.542}}, {"type": "Feature", "geometry": {"type": "LineString", "coordinates": [[75.811999, 26.913276], [75.811978, 26.913168]]}, "properties": {"feature_type": "edge", "u": 557, "v": 562, "edge_key": 0, "length_m": 12.472, "is_bridged": false, "is_bridge": false, "edge_betweenness": 0.0, "width_m": 9.781}}, {"type": "Feature", "geometry": {"type": "LineString", "coordinates": [[75.796994, 26.913325], [75.797034, 26.913271], [75.797295, 26.913179], [75.797375, 26.913179]]}, "properties": {"feature_type": "edge", "u": 559, "v": 563, "edge_key": 0, "length_m": 45.443, "is_bridged": false, "is_bridge": false, "edge_betweenness": 0.0, "width_m": 8.971}}, {"type": "Feature", "geometry": {"type": "LineString", "coordinates": [[75.811857, 26.913205], [75.811978, 26.913168]]}, "properties": {"feature_type": "edge", "u": 560, "v": 562, "edge_key": 0, "length_m": 12.944, "is_bridged": false, "is_bridge": false, "edge_betweenness": 0.0, "width_m": 10.237}}, {"type": "Feature", "geometry": {"type": "LineString", "coordinates": [[75.811857, 26.913205], [75.811817, 26.913169], [75.811816, 26.913078]]}, "properties": {"feature_type": "edge", "u": 560, "v": 564, "edge_key": 0, "length_m": 15.657, "is_bridged": false, "is_bridge": false, "edge_betweenness": 0.0, "width_m": 8.932}}, {"type": "Feature", "geometry": {"type": "LineString", "coordinates": [[75.801505, 26.913228], [75.801565, 26.913227], [75.801746, 26.913118], [75.801826, 26.913081], [75.801886, 26.913081]]}, "properties": {"feature_type": "edge", "u": 561, "v": 570, "edge_key": 0, "length_m": 44.627, "is_bridged": false, "is_bridge": false, "edge_betweenness": 0.0, "width_m": 9.22}}, {"type": "Feature", "geometry": {"type": "LineString", "coordinates": [[75.801505, 26.913228], [75.801423, 26.91312], [75.801302, 26.913012]]}, "properties": {"feature_type": "edge", "u": 561, "v": 572, "edge_key": 0, "length_m": 31.928, "is_bridged": false, "is_bridge": true, "edge_betweenness": 0.0, "width_m": 8.984}}, {"type": "Feature", "geometry": {"type": "LineString", "coordinates": [[75.811978, 26.913168], [75.815055, 26.912554]]}, "properties": {"feature_type": "edge", "u": 562, "v": 584, "edge_key": 0, "length_m": 332.834, "is_bridged": false, "is_bridge": true, "edge_betweenness": 0.0, "width_m": 8.31}}, {"type": "Feature", "geometry": {"type": "LineString", "coordinates": [[75.811978, 26.913168], [75.811897, 26.91306]]}, "properties": {"feature_type": "edge", "u": 562, "v": 568, "edge_key": 0, "length_m": 15.314, "is_bridged": false, "is_bridge": false, "edge_betweenness": 0.0, "width_m": 8.542}}, {"type": "Feature", "geometry": {"type": "LineString", "coordinates": [[75.797375, 26.913179], [75.797395, 26.913143], [75.797556, 26.913088], [75.797797, 26.91296]]}, "properties": {"feature_type": "edge", "u": 563, "v": 574, "edge_key": 0, "length_m": 52.756, "is_bridged": false, "is_bridge": false, "edge_betweenness": 0.0, "width_m": 9.383}}, {"type": "Feature", "geometry": {"type": "LineString", "coordinates": [[75.811816, 26.913078], [75.811897, 26.91306]]}, "properties": {"feature_type": "edge", "u": 564, "v": 568, "edge_key": 0, "length_m": 8.472, "is_bridged": false, "is_bridge": false, "edge_betweenness": 0.0, "width_m": 6.2}}, {"type": "Feature", "geometry": {"type": "LineString", "coordinates": [[75.811816, 26.913078], [75.811796, 26.913043], [75.811816, 26.912988]]}, "properties": {"feature_type": "edge", "u": 564, "v": 571, "edge_key": 0, "length_m": 11.301, "is_bridged": false, "is_bridge": false, "edge_betweenness": 0.0, "width_m": 8.989}}, {"type": "Feature", "geometry": {"type": "LineString", "coordinates": [[75.803236, 26.91311], [75.803558, 26.91309]]}, "properties": {"feature_type": "edge", "u": 565, "v": 569, "edge_key": 0, "length_m": 32.828, "is_bridged": false, "is_bridge": false, "edge_betweenness": 0.0, "width_m": 8.88}}, {"type": "Feature", "geometry": {"type": "LineString", "coordinates": [[75.803236, 26.91311], [75.803195, 26.913019], [75.802524, 26.91212], [75.80226, 26.911725], [75.802199, 26.911689]]}, "properties": {"feature_type": "edge", "u": 565, "v": 604, "edge_key": 0, "length_m": 200.709, "is_bridged": false, "is_bridge": false, "edge_betweenness": 0.0, "width_m": 8.899}}, {"type": "Feature", "geometry": {"type": "LineString", "coordinates": [[75.799409, 26.913113], [75.79947, 26.913113], [75.79965, 26.913003], [75.799751, 26.912985]]}, "properties": {"feature_type": "edge", "u": 566, "v": 573, "edge_key": 0, "length_m": 39.443, "is_bridged": false, "is_bridge": false, "edge_betweenness": 0.0, "width_m": 9.047}}, {"type": "Feature", "geometry": {"type": "LineString", "coordinates": [[75.799409, 26.913113], [75.799307, 26.912933], [75.798962, 26.912466], [75.7989, 26.912322]]}, "properties": {"feature_type": "edge", "u": 566, "v": 589, "edge_key": 0, "length_m": 108.354, "is_bridged": false, "is_bridge": false, "edge_betweenness": 0.0, "width_m": 8.856}}, {"type": "Feature", "geometry": {"type": "LineString", "coordinates": [[75.805411, 26.913079], [75.805351, 26.913116], [75.805169, 26.913062], [75.804624, 26.912777], [75.804583, 26.912705], [75.804582, 26.912632], [75.804741, 26.912325], [75.804781, 26.912288]]}, "properties": {"feature_type": "edge", "u": 567, "v": 590, "edge_key": 0, "length_m": 159.338, "is_bridged": false, "is_bridge": false, "edge_betweenness": 0.0, "width_m": 8.626}}, {"type": "Feature", "geometry": {"type": "LineString", "coordinates": [[75.805411, 26.913079], [75.805431, 26.913025], [75.80539, 26.912971], [75.804903, 26.912378], [75.804781, 26.912288]]}, "properties": {"feature_type": "edge", "u": 567, "v": 590, "edge_key": 1, "length_m": 116.006, "is_bridged": false, "is_bridge": false, "edge_betweenness": 0.0, "width_m": 8.768}}, {"type": "Feature", "geometry": {"type": "LineString", "coordinates": [[75.811897, 26.91306], [75.811896, 26.913024], [75.811816, 26.912988]]}, "properties": {"feature_type": "edge", "u": 568, "v": 571, "edge_key": 0, "length_m": 13.301, "is_bridged": false, "is_bridge": false, "edge_betweenness": 0.0, "width_m": 8.709}}, {"type": "Feature", "geometry": {"type": "LineString", "coordinates": [[75.803558, 26.91309], [75.803795, 26.91242], [75.803795, 26.912366], [75.803875, 26.912239]]}, "properties": {"feature_type": "edge", "u": 569, "v": 591, "edge_key": 0, "length_m": 106.395, "is_bridged": false, "is_bridge": false, "edge_betweenness": 0.0, "width_m": 8.597}}, {"type": "Feature", "geometry": {"type": "LineString", "coordinates": [[75.801886, 26.913081], [75.801946, 26.913009], [75.802207, 26.912845], [75.802207, 26.912772], [75.802145, 26.912664]]}, "properties": {"feature_type": "edge", "u": 570, "v": 582, "edge_key": 0, "length_m": 66.07, "is_bridged": false, "is_bridge": true, "edge_betweenness": 0.0, "width_m": 8.7}}, {"type": "Feature", "geometry": {"type": "LineString", "coordinates": [[75.811816, 26.912988], [75.811774, 26.912808], [75.811427, 26.912142], [75.811406, 26.912016]]}, "properties": {"feature_type": "edge", "u": 571, "v": 597, "edge_key": 0, "length_m": 124.569, "is_bridged": false, "is_bridge": false, "edge_betweenness": 0.0, "width_m": 9.143}}, {"type": "Feature", "geometry": {"type": "LineString", "coordinates": [[75.799751, 26.912985], [75.799811, 26.912912], [75.800152, 26.91273], [75.800192, 26.912675]]}, "properties": {"feature_type": "edge", "u": 573, "v": 581, "edge_key": 0, "length_m": 59.714, "is_bridged": false, "is_bridge": false, "edge_betweenness": 0.0, "width_m": 8.862}}, {"type": "Feature", "geometry": {"type": "LineString", "coordinates": [[75.797797, 26.91296], [75.797797, 26.912924], [75.796216, 26.911506]]}, "properties": {"feature_type": "edge", "u": 574, "v": 608, "edge_key": 0, "length_m": 226.261, "is_bridged": false, "is_bridge": false, "edge_betweenness": 0.0, "width_m": 16.938}}, {"type": "Feature", "geometry": {"type": "LineString", "coordinates": [[75.795882, 26.912826], [75.794997, 26.912939], [75.794973, 26.912344]]}, "properties": {"feature_type": "edge", "u": 579, "v": 588, "edge_key": 0, "length_m": 159.799, "is_bridged": false, "is_bridge": true, "edge_betweenness": 0.0, "width_m": 8.125}}, {"type": "Feature", "geometry": {"type": "LineString", "coordinates": [[75.808006, 26.912523], [75.808067, 26.912685]]}, "properties": {"feature_type": "edge", "u": 580, "v": 806, "edge_key": 0, "length_m": 18.974, "is_bridged": false, "is_bridge": false, "edge_betweenness": 0.0, "width_m": 1.333}}, {"type": "Feature", "geometry": {"type": "LineString", "coordinates": [[75.808067, 26.912685], [75.808006, 26.912523]]}, "properties": {"feature_type": "edge", "u": 580, "v": 806, "edge_key": 1, "length_m": 18.974, "is_bridged": false, "is_bridge": false, "edge_betweenness": 0.0, "width_m": 1.333}}, {"type": "Feature", "geometry": {"type": "LineString", "coordinates": [[75.808006, 26.912523], [75.808087, 26.912594]]}, "properties": {"feature_type": "edge", "u": 580, "v": 807, "edge_key": 0, "length_m": 11.314, "is_bridged": false, "is_bridge": false, "edge_betweenness": 0.0, "width_m": 2.667}}, {"type": "Feature", "geometry": {"type": "LineString", "coordinates": [[75.808087, 26.912594], [75.808006, 26.912523]]}, "properties": {"feature_type": "edge", "u": 580, "v": 807, "edge_key": 1, "length_m": 11.314, "is_bridged": false, "is_bridge": false, "edge_betweenness": 0.0, "width_m": 2.667}}, {"type": "Feature", "geometry": {"type": "LineString", "coordinates": [[75.808006, 26.912523], [75.808026, 26.912595]]}, "properties": {"feature_type": "edge", "u": 580, "v": 808, "edge_key": 0, "length_m": 8.246, "is_bridged": false, "is_bridge": false, "edge_betweenness": 0.0, "width_m": 1.333}}, {"type": "Feature", "geometry": {"type": "LineString", "coordinates": [[75.808026, 26.912595], [75.808006, 26.912523]]}, "properties": {"feature_type": "edge", "u": 580, "v": 808, "edge_key": 1, "length_m": 8.246, "is_bridged": false, "is_bridge": false, "edge_betweenness": 0.0, "width_m": 1.333}}, {"type": "Feature", "geometry": {"type": "LineString", "coordinates": [[75.808006, 26.912523], [75.807925, 26.912487]]}, "properties": {"feature_type": "edge", "u": 580, "v": 809, "edge_key": 0, "length_m": 8.944, "is_bridged": false, "is_bridge": false, "edge_betweenness": 0.0, "width_m": 2.981}}, {"type": "Feature", "geometry": {"type": "LineString", "coordinates": [[75.807925, 26.912487], [75.808006, 26.912523]]}, "properties": {"feature_type": "edge", "u": 580, "v": 809, "edge_key": 1, "length_m": 8.944, "is_bridged": false, "is_bridge": false, "edge_betweenness": 0.0, "width_m": 2.981}}, {"type": "Feature", "geometry": {"type": "LineString", "coordinates": [[75.808006, 26.912523], [75.807842, 26.912235], [75.807822, 26.912144]]}, "properties": {"feature_type": "edge", "u": 580, "v": 595, "edge_key": 0, "length_m": 47.124, "is_bridged": false, "is_bridge": false, "edge_betweenness": 0.0, "width_m": 15.023}}, {"type": "Feature", "geometry": {"type": "LineString", "coordinates": [[75.800192, 26.912675], [75.800433, 26.91262]]}, "properties": {"feature_type": "edge", "u": 581, "v": 583, "edge_key": 0, "length_m": 26.485, "is_bridged": false, "is_bridge": false, "edge_betweenness": 0.0, "width_m": 9.094}}, {"type": "Feature", "geometry": {"type": "LineString", "coordinates": [[75.800192, 26.912675], [75.799988, 26.912333], [75.799886, 26.912208], [75.799825, 26.9121], [75.799825, 26.912045]]}, "properties": {"feature_type": "edge", "u": 581, "v": 598, "edge_key": 0, "length_m": 84.555, "is_bridged": false, "is_bridge": false, "edge_betweenness": 0.0, "width_m": 9.021}}, {"type": "Feature", "geometry": {"type": "LineString", "coordinates": [[75.800433, 26.91262], [75.800493, 26.912547], [75.801336, 26.912127], [75.801797, 26.911872], [75.801938, 26.911817], [75.802118, 26.911707], [75.802199, 26.911689]]}, "properties": {"feature_type": "edge", "u": 583, "v": 604, "edge_key": 0, "length_m": 219.065, "is_bridged": false, "is_bridge": false, "edge_betweenness": 0.0, "width_m": 8.947}}, {"type": "Feature", "geometry": {"type": "LineString", "coordinates": [[75.805306, 26.912412], [75.805266, 26.912412], [75.805205, 26.912358], [75.805042, 26.912124], [75.804758, 26.911783], [75.804736, 26.911656]]}, "properties": {"feature_type": "edge", "u": 585, "v": 605, "edge_key": 0, "length_m": 109.539, "is_bridged": false, "is_bridge": false, "edge_betweenness": 0.0, "width_m": 9.016}}, {"type": "Feature", "geometry": {"type": "LineString", "coordinates": [[75.805306, 26.912412], [75.806353, 26.912333]]}, "properties": {"feature_type": "edge", "u": 585, "v": 587, "edge_key": 0, "length_m": 107.314, "is_bridged": false, "is_bridge": false, "edge_betweenness": 0.0, "width_m": 8.158}}, {"type": "Feature", "geometry": {"type": "LineString", "coordinates": [[75.798538, 26.912396], [75.798599, 26.912396], [75.798799, 26.912322], [75.7989, 26.912322]]}, "properties": {"feature_type": "edge", "u": 586, "v": 589, "edge_key": 0, "length_m": 39.314, "is_bridged": false, "is_bridge": true, "edge_betweenness": 0.0, "width_m": 8.25}}, {"type": "Feature", "geometry": {"type": "LineString", "coordinates": [[75.806353, 26.912333], [75.806311, 26.912189], [75.806087, 26.911757], [75.806086, 26.911703]]}, "properties": {"feature_type": "edge", "u": 587, "v": 603, "edge_key": 0, "length_m": 80.413, "is_bridged": false, "is_bridge": false, "edge_betweenness": 0.0, "width_m": 8.694}}, {"type": "Feature", "geometry": {"type": "LineString", "coordinates": [[75.794973, 26.912344], [75.795557, 26.912322], [75.795637, 26.912286]]}, "properties": {"feature_type": "edge", "u": 588, "v": 592, "edge_key": 0, "length_m": 68.485, "is_bridged": false, "is_bridge": true, "edge_betweenness": 0.0, "width_m": 8.172}}, {"type": "Feature", "geometry": {"type": "LineString", "coordinates": [[75.794973, 26.912344], [75.794952, 26.912308], [75.79493, 26.911947], [75.79497, 26.91191], [75.79509, 26.911874], [75.79513, 26.911819]]}, "properties": {"feature_type": "edge", "u": 588, "v": 602, "edge_key": 0, "length_m": 71.915, "is_bridged": false, "is_bridge": true, "edge_betweenness": 0.0, "width_m": 8.34}}, {"type": "Feature", "geometry": {"type": "LineString", "coordinates": [[75.7989, 26.912322], [75.79892, 26.912285], [75.799, 26.912249], [75.799704, 26.911992]]}, "properties": {"feature_type": "edge", "u": 589, "v": 600, "edge_key": 0, "length_m": 95.371, "is_bridged": false, "is_bridge": false, "edge_betweenness": 0.0, "width_m": 8.614}}, {"type": "Feature", "geometry": {"type": "LineString", "coordinates": [[75.804781, 26.912288], [75.80472, 26.91218], [75.804314, 26.911785], [75.804071, 26.911588]]}, "properties": {"feature_type": "edge", "u": 590, "v": 607, "edge_key": 0, "length_m": 108.167, "is_bridged": false, "is_bridge": false, "edge_betweenness": 0.0, "width_m": 9.498}}, {"type": "Feature", "geometry": {"type": "LineString", "coordinates": [[75.803875, 26.912239], [75.803935, 26.912239], [75.803955, 26.912166]]}, "properties": {"feature_type": "edge", "u": 591, "v": 594, "edge_key": 0, "length_m": 14.828, "is_bridged": false, "is_bridge": false, "edge_betweenness": 0.0, "width_m": 6.92}}, {"type": "Feature", "geometry": {"type": "LineString", "coordinates": [[75.803875, 26.912239], [75.803854, 26.912185], [75.803874, 26.912167]]}, "properties": {"feature_type": "edge", "u": 591, "v": 596, "edge_key": 0, "length_m": 9.153, "is_bridged": false, "is_bridge": false, "edge_betweenness": 0.0, "width_m": 6.981}}, {"type": "Feature", "geometry": {"type": "LineString", "coordinates": [[75.804257, 26.912219], [75.804075, 26.912166], [75.803955, 26.912166]]}, "properties": {"feature_type": "edge", "u": 593, "v": 594, "edge_key": 0, "length_m": 32.485, "is_bridged": false, "is_bridge": true, "edge_betweenness": 0.0, "width_m": 8.221}}, {"type": "Feature", "geometry": {"type": "LineString", "coordinates": [[75.803955, 26.912166], [75.803874, 26.912167]]}, "properties": {"feature_type": "edge", "u": 594, "v": 596, "edge_key": 0, "length_m": 8.0, "is_bridged": false, "is_bridge": false, "edge_betweenness": 0.0, "width_m": 6.2}}, {"type": "Feature", "geometry": {"type": "LineString", "coordinates": [[75.807822, 26.912144], [75.807761, 26.912073], [75.80776, 26.912036], [75.807454, 26.911424], [75.807454, 26.91137], [75.807413, 26.911334]]}, "properties": {"feature_type": "edge", "u": 595, "v": 614, "edge_key": 0, "length_m": 106.569, "is_bridged": false, "is_bridge": false, "edge_betweenness": 0.0, "width_m": 17.003}}, {"type": "Feature", "geometry": {"type": "LineString", "coordinates": [[75.807822, 26.912144], [75.807922, 26.912126], [75.808665, 26.911797], [75.808705, 26.911796], [75.808926, 26.911687], [75.808966, 26.911686], [75.809187, 26.911577], [75.809227, 26.911577], [75.809408, 26.911485], [75.809448, 26.911485], [75.80977, 26.911339], [75.80995, 26.911284], [75.810272, 26.911137], [75.810452, 26.911082], [75.810734, 26.910954], [75.810794, 26.910954]]}, "properties": {"feature_type": "edge", "u": 595, "v": 626, "edge_key": 0, "length_m": 349.491, "is_bridged": false, "is_bridge": false, "edge_betweenness": 0.0, "width_m": 8.761}}, {"type": "Feature", "geometry": {"type": "LineString", "coordinates": [[75.803874, 26.912167], [75.803933, 26.91195], [75.804012, 26.911769], [75.804012, 26.911715], [75.804071, 26.911588]]}, "properties": {"feature_type": "edge", "u": 596, "v": 607, "edge_key": 0, "length_m": 71.928, "is_bridged": false, "is_bridge": false, "edge_betweenness": 0.0, "width_m": 8.607}}, {"type": "Feature", "geometry": {"type": "LineString", "coordinates": [[75.811406, 26.912016], [75.811345, 26.91198], [75.811345, 26.911944], [75.8111, 26.911512], [75.8111, 26.911476], [75.810875, 26.91108], [75.810875, 26.911044], [75.810834, 26.910972], [75.810794, 26.910954]]}, "properties": {"feature_type": "edge", "u": 597, "v": 626, "edge_key": 0, "length_m": 144.483, "is_bridged": false, "is_bridge": false, "edge_betweenness": 0.0, "width_m": 8.763}}, {"type": "Feature", "geometry": {"type": "LineString", "coordinates": [[75.811406, 26.912016], [75.811727, 26.911905], [75.811787, 26.911851]]}, "properties": {"feature_type": "edge", "u": 597, "v": 601, "edge_key": 0, "length_m": 45.456, "is_bridged": false, "is_bridge": false, "edge_betweenness": 0.0, "width_m": 8.932}}, {"type": "Feature", "geometry": {"type": "LineString", "coordinates": [[75.799825, 26.912045], [75.799744, 26.911992], [75.799704, 26.911992]]}, "properties": {"feature_type": "edge", "u": 598, "v": 600, "edge_key": 0, "length_m": 14.129, "is_bridged": false, "is_bridge": false, "edge_betweenness": 0.0, "width_m": 9.84}}, {"type": "Feature", "geometry": {"type": "LineString", "coordinates": [[75.799825, 26.912045], [75.801169, 26.911334]]}, "properties": {"feature_type": "edge", "u": 598, "v": 615, "edge_key": 0, "length_m": 165.952, "is_bridged": false, "is_bridge": true, "edge_betweenness": 0.0, "width_m": 8.976}}, {"type": "Feature", "geometry": {"type": "LineString", "coordinates": [[75.797931, 26.912038], [75.798474, 26.9118], [75.798514, 26.9118], [75.798815, 26.911654], [75.798855, 26.911654], [75.799196, 26.911489], [75.799337, 26.911452], [75.799377, 26.911416]]}, "properties": {"feature_type": "edge", "u": 599, "v": 612, "edge_key": 0, "length_m": 172.167, "is_bridged": false, "is_bridge": true, "edge_betweenness": 0.0, "width_m": 8.747}}, {"type": "Feature", "geometry": {"type": "LineString", "coordinates": [[75.799704, 26.911992], [75.799703, 26.91192], [75.799377, 26.911416]]}, "properties": {"feature_type": "edge", "u": 600, "v": 612, "edge_key": 0, "length_m": 76.899, "is_bridged": false, "is_bridge": false, "edge_betweenness": 0.0, "width_m": 8.851}}, {"type": "Feature", "geometry": {"type": "LineString", "coordinates": [[75.811787, 26.911851], [75.811868, 26.91185], [75.811968, 26.911814], [75.812069, 26.911759], [75.81239, 26.911649], [75.81243, 26.911612]]}, "properties": {"feature_type": "edge", "u": 601, "v": 606, "edge_key": 0, "length_m": 74.77, "is_bridged": false, "is_bridge": true, "edge_betweenness": 0.0, "width_m": 8.935}}, {"type": "Feature", "geometry": {"type": "LineString", "coordinates": [[75.811787, 26.911851], [75.811767, 26.911833], [75.811767, 26.911761], [75.811379, 26.911023], [75.811112, 26.910428], [75.811072, 26.91041]]}, "properties": {"feature_type": "edge", "u": 601, "v": 642, "edge_key": 0, "length_m": 189.81, "is_bridged": false, "is_bridge": false, "edge_betweenness": 0.0, "width_m": 8.667}}, {"type": "Feature", "geometry": {"type": "LineString", "coordinates": [[75.79513, 26.911819], [75.795191, 26.911819], [75.795311, 26.911764], [75.795592, 26.911618], [75.795833, 26.911454], [75.795893, 26.911454]]}, "properties": {"feature_type": "edge", "u": 602, "v": 611, "edge_key": 0, "length_m": 92.569, "is_bridged": false, "is_bridge": true, "edge_betweenness": 0.0, "width_m": 9.04}}, {"type": "Feature", "geometry": {"type": "LineString", "coordinates": [[75.79513, 26.911819], [75.79513, 26.911783], [75.794926, 26.911459]]}, "properties": {"feature_type": "edge", "u": 602, "v": 610, "edge_key": 0, "length_m": 48.284, "is_bridged": false, "is_bridge": true, "edge_betweenness": 0.0, "width_m": 8.708}}, {"type": "Feature", "geometry": {"type": "LineString", "coordinates": [[75.806086, 26.911703], [75.805099, 26.911709], [75.805079, 26.911691], [75.804777, 26.911674], [75.804736, 26.911656]]}, "properties": {"feature_type": "edge", "u": 603, "v": 605, "edge_key": 0, "length_m": 136.129, "is_bridged": false, "is_bridge": false, "edge_betweenness": 0.0, "width_m": 8.146}}, {"type": "Feature", "geometry": {"type": "LineString", "coordinates": [[75.806086, 26.911703], [75.806187, 26.911666], [75.806388, 26.911647], [75.80671, 26.911555], [75.80685, 26.911536], [75.807272, 26.911389], [75.807353, 26.911389], [75.807413, 26.911334]]}, "properties": {"feature_type": "edge", "u": 603, "v": 614, "edge_key": 0, "length_m": 148.569, "is_bridged": false, "is_bridge": false, "edge_betweenness": 0.0, "width_m": 8.624}}, {"type": "Feature", "geometry": {"type": "LineString", "coordinates": [[75.802199, 26.911689], [75.802138, 26.911563], [75.800979, 26.910035], [75.800958, 26.909981], [75.800714, 26.909675], [75.800694, 26.909603], [75.800633, 26.909549]]}, "properties": {"feature_type": "edge", "u": 604, "v": 656, "edge_key": 0, "length_m": 301.433, "is_bridged": false, "is_bridge": false, "edge_betweenness": 0.0, "width_m": 8.989}}, {"type": "Feature", "geometry": {"type": "LineString", "coordinates": [[75.802199, 26.911689], [75.802259, 26.911634], [75.803142, 26.911214]]}, "properties": {"feature_type": "edge", "u": 604, "v": 619, "edge_key": 0, "length_m": 115.539, "is_bridged": false, "is_bridge": false, "edge_betweenness": 0.0, "width_m": 9.044}}, {"type": "Feature", "geometry": {"type": "LineString", "coordinates": [[75.804736, 26.911656], [75.804493, 26.911459], [75.80431, 26.911226], [75.80425, 26.91119]]}, "properties": {"feature_type": "edge", "u": 605, "v": 620, "edge_key": 0, "length_m": 74.225, "is_bridged": false, "is_bridge": false, "edge_betweenness": 0.0, "width_m": 9.416}}, {"type": "Feature", "geometry": {"type": "LineString", "coordinates": [[75.81243, 26.911612], [75.812491, 26.911612], [75.812631, 26.911557], [75.812812, 26.91152], [75.812872, 26.911465], [75.812871, 26.911357], [75.81281, 26.911231], [75.81281, 26.911177]]}, "properties": {"feature_type": "edge", "u": 606, "v": 618, "edge_key": 0, "length_m": 85.113, "is_bridged": false, "is_bridge": true, "edge_betweenness": 0.0, "width_m": 8.574}}, {"type": "Feature", "geometry": {"type": "LineString", "coordinates": [[75.81243, 26.911612], [75.81243, 26.911558], [75.812286, 26.911216], [75.812286, 26.911162], [75.812142, 26.910783], [75.812102, 26.91073]]}, "properties": {"feature_type": "edge", "u": 606, "v": 631, "edge_key": 0, "length_m": 111.255, "is_bridged": false, "is_bridge": true, "edge_betweenness": 0.0, "width_m": 8.415}}, {"type": "Feature", "geometry": {"type": "LineString", "coordinates": [[75.804071, 26.911588], [75.804031, 26.91157], [75.80387, 26.911571], [75.803649, 26.911663], [75.803528, 26.911663], [75.803447, 26.911592], [75.803223, 26.911286], [75.803142, 26.911214]]}, "properties": {"feature_type": "edge", "u": 607, "v": 619, "edge_key": 0, "length_m": 124.354, "is_bridged": false, "is_bridge": false, "edge_betweenness": 0.0, "width_m": 8.802}}, {"type": "Feature", "geometry": {"type": "LineString", "coordinates": [[75.804071, 26.911588], [75.804091, 26.911552], [75.80409, 26.911425]]}, "properties": {"feature_type": "edge", "u": 607, "v": 609, "edge_key": 0, "length_m": 18.472, "is_bridged": false, "is_bridge": false, "edge_betweenness": 0.0, "width_m": 10.146}}, {"type": "Feature", "geometry": {"type": "LineString", "coordinates": [[75.796216, 26.911506], [75.796014, 26.911507], [75.795893, 26.911454]]}, "properties": {"feature_type": "edge", "u": 608, "v": 611, "edge_key": 0, "length_m": 34.129, "is_bridged": false, "is_bridge": false, "edge_betweenness": 0.0, "width_m": 9.676}}, {"type": "Feature", "geometry": {"type": "LineString", "coordinates": [[75.796216, 26.911506], [75.796295, 26.911307]]}, "properties": {"feature_type": "edge", "u": 608, "v": 616, "edge_key": 0, "length_m": 24.957, "is_bridged": false, "is_bridge": false, "edge_betweenness": 0.0, "width_m": 9.377}}, {"type": "Feature", "geometry": {"type": "LineString", "coordinates": [[75.80409, 26.911425], [75.804009, 26.91139], [75.803298, 26.910509]]}, "properties": {"feature_type": "edge", "u": 609, "v": 640, "edge_key": 0, "length_m": 136.296, "is_bridged": false, "is_bridge": true, "edge_betweenness": 0.0, "width_m": 8.909}}, {"type": "Feature", "geometry": {"type": "LineString", "coordinates": [[75.80409, 26.911425], [75.80415, 26.911389], [75.80419, 26.911244], [75.80425, 26.91119]]}, "properties": {"feature_type": "edge", "u": 609, "v": 620, "edge_key": 0, "length_m": 34.258, "is_bridged": false, "is_bridge": false, "edge_betweenness": 0.0, "width_m": 8.893}}, {"type": "Feature", "geometry": {"type": "LineString", "coordinates": [[75.795893, 26.911454], [75.795852, 26.911328], [75.795912, 26.911219], [75.795911, 26.911165]]}, "properties": {"feature_type": "edge", "u": 611, "v": 621, "edge_key": 0, "length_m": 35.786, "is_bridged": false, "is_bridge": false, "edge_betweenness": 0.0, "width_m": 8.378}}, {"type": "Feature", "geometry": {"type": "LineString", "coordinates": [[75.799377, 26.911416], [75.799337, 26.911398], [75.799296, 26.91129], [75.798807, 26.910571], [75.798705, 26.910373]]}, "properties": {"feature_type": "edge", "u": 612, "v": 643, "edge_key": 0, "length_m": 143.797, "is_bridged": false, "is_bridge": false, "edge_betweenness": 0.0, "width_m": 8.972}}, {"type": "Feature", "geometry": {"type": "LineString", "coordinates": [[75.799377, 26.911416], [75.800682, 26.910759]]}, "properties": {"feature_type": "edge", "u": 612, "v": 633, "edge_key": 0, "length_m": 159.823, "is_bridged": false, "is_bridge": true, "edge_betweenness": 0.0, "width_m": 8.986}}, {"type": "Feature", "geometry": {"type": "LineString", "coordinates": [[75.813516, 26.911335], [75.813454, 26.911119], [75.813373, 26.911029], [75.813292, 26.91103], [75.81289, 26.911176], [75.81281, 26.911177]]}, "properties": {"feature_type": "edge", "u": 613, "v": 618, "edge_key": 0, "length_m": 102.426, "is_bridged": false, "is_bridge": true, "edge_betweenness": 0.0, "width_m": 8.394}}, {"type": "Feature", "geometry": {"type": "LineString", "coordinates": [[75.807413, 26.911334], [75.807694, 26.911224], [75.808176, 26.910951], [75.808596, 26.910623], [75.808996, 26.91026], [75.809316, 26.909897], [75.809655, 26.909425], [75.809754, 26.909154], [75.809814, 26.909081]]}, "properties": {"feature_type": "edge", "u": 614, "v": 667, "edge_key": 0, "length_m": 370.486, "is_bridged": false, "is_bridge": false, "edge_betweenness": 0.0, "width_m": 9.107}}, {"type": "Feature", "geometry": {"type": "LineString", "coordinates": [[75.807413, 26.911334], [75.807127, 26.910794], [75.807127, 26.910758], [75.807005, 26.91056], [75.807004, 26.910488], [75.806964, 26.91047]]}, "properties": {"feature_type": "edge", "u": 614, "v": 641, "edge_key": 0, "length_m": 114.684, "is_bridged": false, "is_bridge": false, "edge_betweenness": 0.0, "width_m": 16.865}}, {"type": "Feature", "geometry": {"type": "LineString", "coordinates": [[75.796295, 26.911307], [75.796254, 26.911235], [75.796173, 26.911163], [75.796012, 26.911146]]}, "properties": {"feature_type": "edge", "u": 616, "v": 623, "edge_key": 0, "length_m": 37.799, "is_bridged": false, "is_bridge": false, "edge_betweenness": 0.0, "width_m": 9.077}}, {"type": "Feature", "geometry": {"type": "LineString", "coordinates": [[75.796295, 26.911307], [75.796416, 26.911288], [75.796556, 26.911215], [75.796918, 26.911087], [75.796998, 26.911014], [75.797078, 26.911014], [75.797239, 26.910959], [75.797359, 26.910904], [75.797379, 26.910868]]}, "properties": {"feature_type": "edge", "u": 616, "v": 629, "edge_key": 0, "length_m": 129.513, "is_bridged": false, "is_bridge": false, "edge_betweenness": 0.0, "width_m": 12.693}}, {"type": "Feature", "geometry": {"type": "LineString", "coordinates": [[75.798108, 26.911315], [75.797802, 26.910757]]}, "properties": {"feature_type": "edge", "u": 617, "v": 634, "edge_key": 0, "length_m": 74.426, "is_bridged": false, "is_bridge": true, "edge_betweenness": 0.0, "width_m": 8.832}}, {"type": "Feature", "geometry": {"type": "LineString", "coordinates": [[75.81281, 26.911177], [75.812769, 26.911141], [75.812625, 26.910763], [75.812585, 26.910727]]}, "properties": {"feature_type": "edge", "u": 618, "v": 632, "edge_key": 0, "length_m": 59.113, "is_bridged": false, "is_bridge": true, "edge_betweenness": 0.0, "width_m": 8.491}}, {"type": "Feature", "geometry": {"type": "LineString", "coordinates": [[75.803142, 26.911214], [75.803101, 26.911124], [75.802939, 26.910926], [75.802918, 26.910872], [75.801779, 26.909344], [75.801678, 26.909182], [75.801677, 26.909146]]}, "properties": {"feature_type": "edge", "u": 619, "v": 666, "edge_key": 0, "length_m": 289.647, "is_bridged": false, "is_bridge": false, "edge_betweenness": 0.0, "width_m": 8.897}}, {"type": "Feature", "geometry": {"type": "LineString", "coordinates": [[75.80425, 26.91119], [75.804249, 26.911118], [75.804388, 26.910738], [75.804427, 26.910683], [75.804427, 26.910611]]}, "properties": {"feature_type": "edge", "u": 620, "v": 635, "edge_key": 0, "length_m": 71.456, "is_bridged": false, "is_bridge": false, "edge_betweenness": 0.0, "width_m": 8.754}}, {"type": "Feature", "geometry": {"type": "LineString", "coordinates": [[75.795911, 26.911165], [75.795992, 26.911164], [75.796012, 26.911146]]}, "properties": {"feature_type": "edge", "u": 621, "v": 623, "edge_key": 0, "length_m": 10.828, "is_bridged": false, "is_bridge": false, "edge_betweenness": 0.0, "width_m": 10.314}}, {"type": "Feature", "geometry": {"type": "LineString", "coordinates": [[75.795911, 26.911165], [75.79589, 26.91102]]}, "properties": {"feature_type": "edge", "u": 621, "v": 624, "edge_key": 0, "length_m": 16.166, "is_bridged": false, "is_bridge": false, "edge_betweenness": 0.0, "width_m": 6.981}}, {"type": "Feature", "geometry": {"type": "LineString", "coordinates": [[75.798409, 26.911151], [75.798123, 26.910611]]}, "properties": {"feature_type": "edge", "u": 622, "v": 637, "edge_key": 0, "length_m": 71.242, "is_bridged": false, "is_bridge": true, "edge_betweenness": 0.0, "width_m": 9.023}}, {"type": "Feature", "geometry": {"type": "LineString", "coordinates": [[75.796012, 26.911146], [75.796011, 26.911092], [75.79589, 26.91102]]}, "properties": {"feature_type": "edge", "u": 623, "v": 624, "edge_key": 0, "length_m": 20.49, "is_bridged": false, "is_bridge": false, "edge_betweenness": 0.0, "width_m": 8.24}}, {"type": "Feature", "geometry": {"type": "LineString", "coordinates": [[75.79589, 26.91102], [75.795939, 26.911085]]}, "properties": {"feature_type": "edge", "u": 624, "v": 810, "edge_key": 0, "length_m": 10.129, "is_bridged": false, "is_bridge": false, "edge_betweenness": 0.0, "width_m": 4.0}}, {"type": "Feature", "geometry": {"type": "LineString", "coordinates": [[75.795939, 26.911085], [75.795951, 26.911074], [75.79589, 26.91102]]}, "properties": {"feature_type": "edge", "u": 624, "v": 810, "edge_key": 1, "length_m": 10.129, "is_bridged": false, "is_bridge": false, "edge_betweenness": 0.0, "width_m": 4.0}}, {"type": "Feature", "geometry": {"type": "LineString", "coordinates": [[75.79589, 26.91102], [75.795789, 26.910949], [75.795747, 26.910768]]}, "properties": {"feature_type": "edge", "u": 624, "v": 630, "edge_key": 0, "length_m": 33.799, "is_bridged": false, "is_bridge": false, "edge_betweenness": 0.0, "width_m": 6.825}}, {"type": "Feature", "geometry": {"type": "LineString", "coordinates": [[75.79589, 26.91102], [75.795909, 26.91093], [75.795869, 26.910858], [75.795747, 26.910768]]}, "properties": {"feature_type": "edge", "u": 624, "v": 630, "edge_key": 1, "length_m": 35.49, "is_bridged": false, "is_bridge": false, "edge_betweenness": 0.0, "width_m": 6.972}}, {"type": "Feature", "geometry": {"type": "LineString", "coordinates": [[75.810794, 26.910954], [75.810753, 26.91081], [75.810651, 26.910648], [75.81063, 26.910539]]}, "properties": {"feature_type": "edge", "u": 626, "v": 638, "edge_key": 0, "length_m": 52.271, "is_bridged": false, "is_bridge": false, "edge_betweenness": 0.0, "width_m": 8.709}}, {"type": "Feature", "geometry": {"type": "LineString", "coordinates": [[75.813854, 26.91081], [75.813565, 26.9098]]}, "properties": {"feature_type": "edge", "u": 628, "v": 650, "edge_key": 0, "length_m": 123.598, "is_bridged": false, "is_bridge": true, "edge_betweenness": 0.0, "width_m": 8.308}}, {"type": "Feature", "geometry": {"type": "LineString", "coordinates": [[75.797379, 26.910868], [75.796992, 26.91022], [75.796992, 26.910166]]}, "properties": {"feature_type": "edge", "u": 629, "v": 645, "edge_key": 0, "length_m": 93.74, "is_bridged": false, "is_bridge": false, "edge_betweenness": 0.0, "width_m": 9.003}}, {"type": "Feature", "geometry": {"type": "LineString", "coordinates": [[75.797379, 26.910868], [75.79756, 26.91083], [75.797701, 26.910757], [75.797802, 26.910757]]}, "properties": {"feature_type": "edge", "u": 629, "v": 634, "edge_key": 0, "length_m": 46.971, "is_bridged": false, "is_bridge": false, "edge_betweenness": 0.0, "width_m": 13.116}}, {"type": "Feature", "geometry": {"type": "LineString", "coordinates": [[75.795747, 26.910768], [75.795795, 26.910852]]}, "properties": {"feature_type": "edge", "u": 630, "v": 811, "edge_key": 0, "length_m": 11.799, "is_bridged": false, "is_bridge": false, "edge_betweenness": 0.0, "width_m": 2.0}}, {"type": "Feature", "geometry": {"type": "LineString", "coordinates": [[75.795795, 26.910852], [75.795808, 26.91084], [75.795747, 26.910768]]}, "properties": {"feature_type": "edge", "u": 630, "v": 811, "edge_key": 1, "length_m": 11.799, "is_bridged": false, "is_bridge": false, "edge_betweenness": 0.0, "width_m": 2.0}}, {"type": "Feature", "geometry": {"type": "LineString", "coordinates": [[75.795747, 26.910768], [75.795888, 26.910714], [75.795968, 26.910641], [75.795968, 26.910605]]}, "properties": {"feature_type": "edge", "u": 630, "v": 639, "edge_key": 0, "length_m": 31.086, "is_bridged": false, "is_bridge": false, "edge_betweenness": 0.0, "width_m": 8.567}}, {"type": "Feature", "geometry": {"type": "LineString", "coordinates": [[75.795747, 26.910768], [75.795626, 26.910679], [75.795584, 26.910499]]}, "properties": {"feature_type": "edge", "u": 630, "v": 636, "edge_key": 0, "length_m": 36.074, "is_bridged": false, "is_bridge": false, "edge_betweenness": 0.0, "width_m": 5.178}}, {"type": "Feature", "geometry": {"type": "LineString", "coordinates": [[75.795747, 26.910768], [75.795726, 26.910624], [75.795584, 26.910499]]}, "properties": {"feature_type": "edge", "u": 630, "v": 636, "edge_key": 1, "length_m": 36.627, "is_bridged": false, "is_bridge": false, "edge_betweenness": 0.0, "width_m": 5.805}}, {"type": "Feature", "geometry": {"type": "LineString", "coordinates": [[75.797802, 26.910757], [75.797841, 26.910702], [75.798123, 26.910611]]}, "properties": {"feature_type": "edge", "u": 634, "v": 637, "edge_key": 0, "length_m": 39.086, "is_bridged": false, "is_bridge": false, "edge_betweenness": 0.0, "width_m": 13.735}}, {"type": "Feature", "geometry": {"type": "LineString", "coordinates": [[75.804427, 26.910611], [75.804386, 26.910575], [75.804326, 26.910575], [75.804084, 26.910505], [75.80366, 26.910326], [75.803275, 26.910058], [75.802626, 26.909466], [75.802342, 26.909088], [75.80224, 26.90889]]}, "properties": {"feature_type": "edge", "u": 635, "v": 673, "edge_key": 0, "length_m": 311.575, "is_bridged": false, "is_bridge": false, "edge_betweenness": 0.0, "width_m": 8.972}}, {"type": "Feature", "geometry": {"type": "LineString", "coordinates": [[75.804427, 26.910611], [75.804528, 26.91061], [75.805032, 26.910734], [75.805213, 26.910733], [75.805234, 26.910751], [75.805858, 26.910747], [75.805878, 26.910729], [75.80614, 26.91071], [75.806482, 26.910635], [75.806763, 26.910525], [75.806904, 26.910507], [75.806964, 26.91047]]}, "properties": {"feature_type": "edge", "u": 635, "v": 641, "edge_key": 0, "length_m": 270.698, "is_bridged": false, "is_bridge": false, "edge_betweenness": 0.0, "width_m": 8.352}}, {"type": "Feature", "geometry": {"type": "LineString", "coordinates": [[75.795584, 26.910499], [75.795666, 26.910606]]}, "properties": {"feature_type": "edge", "u": 636, "v": 812, "edge_key": 0, "length_m": 14.422, "is_bridged": false, "is_bridge": false, "edge_betweenness": 0.0, "width_m": 1.333}}, {"type": "Feature", "geometry": {"type": "LineString", "coordinates": [[75.795666, 26.910606], [75.795584, 26.910499]]}, "properties": {"feature_type": "edge", "u": 636, "v": 812, "edge_key": 1, "length_m": 14.422, "is_bridged": false, "is_bridge": false, "edge_betweenness": 0.0, "width_m": 1.333}}, {"type": "Feature", "geometry": {"type": "LineString", "coordinates": [[75.795584, 26.910499], [75.795463, 26.910391], [75.795217, 26.909905]]}, "properties": {"feature_type": "edge", "u": 636, "v": 644, "edge_key": 0, "length_m": 76.064, "is_bridged": false, "is_bridge": false, "edge_betweenness": 0.0, "width_m": 4.315}}, {"type": "Feature", "geometry": {"type": "LineString", "coordinates": [[75.795584, 26.910499], [75.795563, 26.910354], [75.795217, 26.909905]]}, "properties": {"feature_type": "edge", "u": 636, "v": 644, "edge_key": 1, "length_m": 76.642, "is_bridged": false, "is_bridge": false, "edge_betweenness": 0.0, "width_m": 5.472}}, {"type": "Feature", "geometry": {"type": "LineString", "coordinates": [[75.798123, 26.910611], [75.798283, 26.910519], [75.798324, 26.910519], [75.798605, 26.910391], [75.798705, 26.910373]]}, "properties": {"feature_type": "edge", "u": 637, "v": 643, "edge_key": 0, "length_m": 68.413, "is_bridged": false, "is_bridge": false, "edge_betweenness": 0.0, "width_m": 14.043}}, {"type": "Feature", "geometry": {"type": "LineString", "coordinates": [[75.81063, 26.910539], [75.810589, 26.910522], [75.810508, 26.910378], [75.810508, 26.910341], [75.810181, 26.909747], [75.810181, 26.909711], [75.810079, 26.909549], [75.809977, 26.909315], [75.809875, 26.909135], [75.809814, 26.909081]]}, "properties": {"feature_type": "edge", "u": 638, "v": 667, "edge_key": 0, "length_m": 195.952, "is_bridged": false, "is_bridge": false, "edge_betweenness": 0.0, "width_m": 8.803}}, {"type": "Feature", "geometry": {"type": "LineString", "coordinates": [[75.81063, 26.910539], [75.810831, 26.910484], [75.810992, 26.910411], [75.811072, 26.91041]]}, "properties": {"feature_type": "edge", "u": 638, "v": 642, "edge_key": 0, "length_m": 49.799, "is_bridged": false, "is_bridge": false, "edge_betweenness": 0.0, "width_m": 8.697}}, {"type": "Feature", "geometry": {"type": "LineString", "coordinates": [[75.795968, 26.910605], [75.79554, 26.909903], [75.795459, 26.909831]]}, "properties": {"feature_type": "edge", "u": 639, "v": 652, "edge_key": 0, "length_m": 107.526, "is_bridged": false, "is_bridge": false, "edge_betweenness": 0.0, "width_m": 8.863}}, {"type": "Feature", "geometry": {"type": "LineString", "coordinates": [[75.795968, 26.910605], [75.796008, 26.910605], [75.796048, 26.910568], [75.796429, 26.910404], [75.796489, 26.910349], [75.796489, 26.910295], [75.796347, 26.910097]]}, "properties": {"feature_type": "edge", "u": 639, "v": 646, "edge_key": 0, "length_m": 97.397, "is_bridged": false, "is_bridge": true, "edge_betweenness": 0.0, "width_m": 9.203}}, {"type": "Feature", "geometry": {"type": "LineString", "coordinates": [[75.806964, 26.91047], [75.807285, 26.910324], [75.807786, 26.909996], [75.808306, 26.909505], [75.808745, 26.908907], [75.808784, 26.908762], [75.808824, 26.908708], [75.808903, 26.908455], [75.809002, 26.908237], [75.809041, 26.907966], [75.80908, 26.907894]]}, "properties": {"feature_type": "edge", "u": 641, "v": 692, "edge_key": 0, "length_m": 388.674, "is_bridged": false, "is_bridge": false, "edge_betweenness": 0.0, "width_m": 8.984}}, {"type": "Feature", "geometry": {"type": "LineString", "coordinates": [[75.806964, 26.91047], [75.806759, 26.91002], [75.806698, 26.90993], [75.806698, 26.909894], [75.806637, 26.909804], [75.806636, 26.909768], [75.806575, 26.909678], [75.806575, 26.909642], [75.806514, 26.909552], [75.806514, 26.909516], [75.806453, 26.909426], [75.806412, 26.9093], [75.806289, 26.909084], [75.806146, 26.908741], [75.806023, 26.908525], [75.80588, 26.908183], [75.805819, 26.908093], [75.805798, 26.908003]]}, "properties": {"feature_type": "edge", "u": 641, "v": 690, "edge_key": 0, "length_m": 320.864, "is_bridged": false, "is_bridge": false, "edge_betweenness": 0.0, "width_m": 15.232}}, {"type": "Feature", "geometry": {"type": "LineString", "coordinates": [[75.811072, 26.91041], [75.811051, 26.910302], [75.810969, 26.91014], [75.810784, 26.9096], [75.810682, 26.909402], [75.81062, 26.909185]]}, "properties": {"feature_type": "edge", "u": 642, "v": 665, "edge_key": 0, "length_m": 153.869, "is_bridged": false, "is_bridge": true, "edge_betweenness": 0.0, "width_m": 8.591}}, {"type": "Feature", "geometry": {"type": "LineString", "coordinates": [[75.798705, 26.910373], [75.798826, 26.9103], [75.798866, 26.910299], [75.799046, 26.910208], [75.799087, 26.910208], [75.800251, 26.909714], [75.800472, 26.90964], [75.800633, 26.909549]]}, "properties": {"feature_type": "edge", "u": 643, "v": 656, "edge_key": 0, "length_m": 229.279, "is_bridged": false, "is_bridge": false, "edge_betweenness": 0.0, "width_m": 14.691}}, {"type": "Feature", "geometry": {"type": "LineString", "coordinates": [[75.795217, 26.909905], [75.795502, 26.910337]]}, "properties": {"feature_type": "edge", "u": 644, "v": 813, "edge_key": 0, "length_m": 55.57, "is_bridged": false, "is_bridge": false, "edge_betweenness": 0.0, "width_m": 4.0}}, {"type": "Feature", "geometry": {"type": "LineString", "coordinates": [[75.795502, 26.910337], [75.795217, 26.909905]]}, "properties": {"feature_type": "edge", "u": 644, "v": 813, "edge_key": 1, "length_m": 55.57, "is_bridged": false, "is_bridge": false, "edge_betweenness": 0.0, "width_m": 4.0}}, {"type": "Feature", "geometry": {"type": "LineString", "coordinates": [[75.795217, 26.909905], [75.7954, 26.91012]]}, "properties": {"feature_type": "edge", "u": 644, "v": 814, "edge_key": 0, "length_m": 30.0, "is_bridged": false, "is_bridge": false, "edge_betweenness": 0.0, "width_m": 4.552}}, {"type": "Feature", "geometry": {"type": "LineString", "coordinates": [[75.7954, 26.91012], [75.795217, 26.909905]]}, "properties": {"feature_type": "edge", "u": 644, "v": 814, "edge_key": 1, "length_m": 30.0, "is_bridged": false, "is_bridge": false, "edge_betweenness": 0.0, "width_m": 4.552}}, {"type": "Feature", "geometry": {"type": "LineString", "coordinates": [[75.795217, 26.909905], [75.795279, 26.910085]]}, "properties": {"feature_type": "edge", "u": 644, "v": 815, "edge_key": 0, "length_m": 20.881, "is_bridged": false, "is_bridge": false, "edge_betweenness": 0.0, "width_m": 5.648}}, {"type": "Feature", "geometry": {"type": "LineString", "coordinates": [[75.795279, 26.910085], [75.795217, 26.909905]]}, "properties": {"feature_type": "edge", "u": 644, "v": 815, "edge_key": 1, "length_m": 20.881, "is_bridged": false, "is_bridge": false, "edge_betweenness": 0.0, "width_m": 5.648}}, {"type": "Feature", "geometry": {"type": "LineString", "coordinates": [[75.795217, 26.909905], [75.795237, 26.90985]]}, "properties": {"feature_type": "edge", "u": 644, "v": 816, "edge_key": 0, "length_m": 6.325, "is_bridged": false, "is_bridge": false, "edge_betweenness": 0.0, "width_m": 4.552}}, {"type": "Feature", "geometry": {"type": "LineString", "coordinates": [[75.795237, 26.90985], [75.795217, 26.909905]]}, "properties": {"feature_type": "edge", "u": 644, "v": 816, "edge_key": 1, "length_m": 6.325, "is_bridged": false, "is_bridge": false, "edge_betweenness": 0.0, "width_m": 4.552}}, {"type": "Feature", "geometry": {"type": "LineString", "coordinates": [[75.795217, 26.909905], [75.795116, 26.909815]]}, "properties": {"feature_type": "edge", "u": 644, "v": 817, "edge_key": 0, "length_m": 14.142, "is_bridged": false, "is_bridge": false, "edge_betweenness": 0.0, "width_m": 5.648}}, {"type": "Feature", "geometry": {"type": "LineString", "coordinates": [[75.795116, 26.909815], [75.795217, 26.909905]]}, "properties": {"feature_type": "edge", "u": 644, "v": 817, "edge_key": 1, "length_m": 14.142, "is_bridged": false, "is_bridge": false, "edge_betweenness": 0.0, "width_m": 5.648}}, {"type": "Feature", "geometry": {"type": "LineString", "coordinates": [[75.795217, 26.909905], [75.794974, 26.909581]]}, "properties": {"feature_type": "edge", "u": 644, "v": 818, "edge_key": 0, "length_m": 43.267, "is_bridged": false, "is_bridge": false, "edge_betweenness": 0.0, "width_m": 5.648}}, {"type": "Feature", "geometry": {"type": "LineString", "coordinates": [[75.794974, 26.909581], [75.795217, 26.909905]]}, "properties": {"feature_type": "edge", "u": 644, "v": 818, "edge_key": 1, "length_m": 43.267, "is_bridged": false, "is_bridge": false, "edge_betweenness": 0.0, "width_m": 5.648}}, {"type": "Feature", "geometry": {"type": "LineString", "coordinates": [[75.795217, 26.909905], [75.794953, 26.909473]]}, "properties": {"feature_type": "edge", "u": 644, "v": 819, "edge_key": 0, "length_m": 54.589, "is_bridged": false, "is_bridge": false, "edge_betweenness": 0.0, "width_m": 4.0}}, {"type": "Feature", "geometry": {"type": "LineString", "coordinates": [[75.794953, 26.909473], [75.795217, 26.909905]]}, "properties": {"feature_type": "edge", "u": 644, "v": 819, "edge_key": 1, "length_m": 54.589, "is_bridged": false, "is_bridge": false, "edge_betweenness": 0.0, "width_m": 4.0}}, {"type": "Feature", "geometry": {"type": "LineString", "coordinates": [[75.795217, 26.909905], [75.795137, 26.909869], [75.794956, 26.909942], [75.794896, 26.909943]]}, "properties": {"feature_type": "edge", "u": 644, "v": 648, "edge_key": 0, "length_m": 36.258, "is_bridged": false, "is_bridge": true, "edge_betweenness": 0.0, "width_m": 8.165}}, {"type": "Feature", "geometry": {"type": "LineString", "coordinates": [[75.795217, 26.909905], [75.795459, 26.909831]]}, "properties": {"feature_type": "edge", "u": 644, "v": 652, "edge_key": 0, "length_m": 26.683, "is_bridged": false, "is_bridge": false, "edge_betweenness": 0.0, "width_m": 8.504}}, {"type": "Feature", "geometry": {"type": "LineString", "coordinates": [[75.795217, 26.909905], [75.794931, 26.909329]]}, "properties": {"feature_type": "edge", "u": 644, "v": 662, "edge_key": 0, "length_m": 70.795, "is_bridged": false, "is_bridge": true, "edge_betweenness": 0.0, "width_m": 7.968}}, {"type": "Feature", "geometry": {"type": "LineString", "coordinates": [[75.796992, 26.910166], [75.796931, 26.91013], [75.796931, 26.910094], [75.796747, 26.909788], [75.796747, 26.909716]]}, "properties": {"feature_type": "edge", "u": 645, "v": 654, "edge_key": 0, "length_m": 60.756, "is_bridged": false, "is_bridge": false, "edge_betweenness": 0.0, "width_m": 8.888}}, {"type": "Feature", "geometry": {"type": "LineString", "coordinates": [[75.796992, 26.910166], [75.797032, 26.910165], [75.797534, 26.909928], [75.797574, 26.909873]]}, "properties": {"feature_type": "edge", "u": 645, "v": 651, "edge_key": 0, "length_m": 72.07, "is_bridged": false, "is_bridge": false, "edge_betweenness": 0.0, "width_m": 8.781}}, {"type": "Feature", "geometry": {"type": "LineString", "coordinates": [[75.812942, 26.909912], [75.812962, 26.90993], [75.813263, 26.909838]]}, "properties": {"feature_type": "edge", "u": 647, "v": 649, "edge_key": 0, "length_m": 36.971, "is_bridged": false, "is_bridge": true, "edge_betweenness": 0.0, "width_m": 8.569}}, {"type": "Feature", "geometry": {"type": "LineString", "coordinates": [[75.813263, 26.909838], [75.813344, 26.909838], [75.813444, 26.909801], [75.813565, 26.9098]]}, "properties": {"feature_type": "edge", "u": 649, "v": 650, "edge_key": 0, "length_m": 31.657, "is_bridged": false, "is_bridge": true, "edge_betweenness": 0.0, "width_m": 9.023}}, {"type": "Feature", "geometry": {"type": "LineString", "coordinates": [[75.813263, 26.909838], [75.813243, 26.90982], [75.813242, 26.90973], [75.81318, 26.909514], [75.812897, 26.909299], [75.812876, 26.909208]]}, "properties": {"feature_type": "edge", "u": 649, "v": 663, "edge_key": 0, "length_m": 88.083, "is_bridged": false, "is_bridge": true, "edge_betweenness": 0.0, "width_m": 8.855}}, {"type": "Feature", "geometry": {"type": "LineString", "coordinates": [[75.813565, 26.9098], [75.813585, 26.909764], [75.813726, 26.909745], [75.813786, 26.909709]]}, "properties": {"feature_type": "edge", "u": 650, "v": 653, "edge_key": 0, "length_m": 26.957, "is_bridged": false, "is_bridge": true, "edge_betweenness": 0.0, "width_m": 9.003}}, {"type": "Feature", "geometry": {"type": "LineString", "coordinates": [[75.797574, 26.909873], [75.797715, 26.909855], [75.797855, 26.909782], [75.797895, 26.909781], [75.798357, 26.90958], [75.798397, 26.90958], [75.798478, 26.909525]]}, "properties": {"feature_type": "edge", "u": 651, "v": 657, "edge_key": 0, "length_m": 105.74, "is_bridged": false, "is_bridge": false, "edge_betweenness": 0.0, "width_m": 8.948}}, {"type": "Feature", "geometry": {"type": "LineString", "coordinates": [[75.797574, 26.909873], [75.797574, 26.909837], [75.797349, 26.909477]]}, "properties": {"feature_type": "edge", "u": 651, "v": 660, "edge_key": 0, "length_m": 52.756, "is_bridged": false, "is_bridge": false, "edge_betweenness": 0.0, "width_m": 8.896}}, {"type": "Feature", "geometry": {"type": "LineString", "coordinates": [[75.795459, 26.909831], [75.795438, 26.909741], [75.795255, 26.909471], [75.79501, 26.909039], [75.794949, 26.908949], [75.794888, 26.908914]]}, "properties": {"feature_type": "edge", "u": 652, "v": 674, "edge_key": 0, "length_m": 126.011, "is_bridged": false, "is_bridge": true, "edge_betweenness": 0.0, "width_m": 8.668}}, {"type": "Feature", "geometry": {"type": "LineString", "coordinates": [[75.813786, 26.909709], [75.813745, 26.909619], [75.813703, 26.909348], [75.8136, 26.908969], [75.813599, 26.908879], [75.813516, 26.908591], [75.813536, 26.908536]]}, "properties": {"feature_type": "edge", "u": 653, "v": 679, "edge_key": 0, "length_m": 141.598, "is_bridged": false, "is_bridge": true, "edge_betweenness": 0.0, "width_m": 8.261}}, {"type": "Feature", "geometry": {"type": "LineString", "coordinates": [[75.813786, 26.909709], [75.813867, 26.909708], [75.814993, 26.909449], [75.815013, 26.909431], [75.815012, 26.909322], [75.81495, 26.909106], [75.814949, 26.909016], [75.814908, 26.908926]]}, "properties": {"feature_type": "edge", "u": 653, "v": 671, "edge_key": 0, "length_m": 194.569, "is_bridged": false, "is_bridge": true, "edge_betweenness": 0.0, "width_m": 8.371}}, {"type": "Feature", "geometry": {"type": "LineString", "coordinates": [[75.796747, 26.909716], [75.796666, 26.909662], [75.796543, 26.909428], [75.796483, 26.909356], [75.796462, 26.909266]]}, "properties": {"feature_type": "edge", "u": 654, "v": 664, "edge_key": 0, "length_m": 62.413, "is_bridged": false, "is_bridge": false, "edge_betweenness": 0.0, "width_m": 9.067}}, {"type": "Feature", "geometry": {"type": "LineString", "coordinates": [[75.796747, 26.909716], [75.797349, 26.909477]]}, "properties": {"feature_type": "edge", "u": 654, "v": 660, "edge_key": 0, "length_m": 70.057, "is_bridged": false, "is_bridge": false, "edge_betweenness": 0.0, "width_m": 8.893}}, {"type": "Feature", "geometry": {"type": "LineString", "coordinates": [[75.811409, 26.909614], [75.811305, 26.909253], [75.811265, 26.909181], [75.811264, 26.909127], [75.811183, 26.909001], [75.811082, 26.909002], [75.810922, 26.909075], [75.81066, 26.909149], [75.81062, 26.909185]]}, "properties": {"feature_type": "edge", "u": 655, "v": 665, "edge_key": 0, "length_m": 141.397, "is_bridged": false, "is_bridge": true, "edge_betweenness": 0.0, "width_m": 8.576}}, {"type": "Feature", "geometry": {"type": "LineString", "coordinates": [[75.800633, 26.909549], [75.800593, 26.909531], [75.800572, 26.909477], [75.800145, 26.90892], [75.800084, 26.908884]]}, "properties": {"feature_type": "edge", "u": 656, "v": 675, "edge_key": 0, "length_m": 97.998, "is_bridged": false, "is_bridge": false, "edge_betweenness": 0.0, "width_m": 9.215}}, {"type": "Feature", "geometry": {"type": "LineString", "coordinates": [[75.800633, 26.909549], [75.800814, 26.909494], [75.801577, 26.909147], [75.801677, 26.909146]]}, "properties": {"feature_type": "edge", "u": 656, "v": 666, "edge_key": 0, "length_m": 121.869, "is_bridged": false, "is_bridge": false, "edge_betweenness": 0.0, "width_m": 13.771}}, {"type": "Feature", "geometry": {"type": "LineString", "coordinates": [[75.798478, 26.909525], [75.798578, 26.909507], [75.799984, 26.908903], [75.800084, 26.908884]]}, "properties": {"feature_type": "edge", "u": 657, "v": 675, "edge_key": 0, "length_m": 188.995, "is_bridged": false, "is_bridge": false, "edge_betweenness": 0.0, "width_m": 8.784}}, {"type": "Feature", "geometry": {"type": "LineString", "coordinates": [[75.798478, 26.909525], [75.798273, 26.909129], [75.798233, 26.909111]]}, "properties": {"feature_type": "edge", "u": 657, "v": 668, "edge_key": 0, "length_m": 56.756, "is_bridged": false, "is_bridge": false, "edge_betweenness": 0.0, "width_m": 9.147}}, {"type": "Feature", "geometry": {"type": "LineString", "coordinates": [[75.797349, 26.909477], [75.798092, 26.909148], [75.798233, 26.909111]]}, "properties": {"feature_type": "edge", "u": 660, "v": 668, "edge_key": 0, "length_m": 104.212, "is_bridged": false, "is_bridge": false, "edge_betweenness": 0.0, "width_m": 8.862}}, {"type": "Feature", "geometry": {"type": "LineString", "coordinates": [[75.797349, 26.909477], [75.797309, 26.909442], [75.797309, 26.909405], [75.797084, 26.909028]]}, "properties": {"feature_type": "edge", "u": 660, "v": 670, "edge_key": 0, "length_m": 60.413, "is_bridged": false, "is_bridge": false, "edge_betweenness": 0.0, "width_m": 9.214}}, {"type": "Feature", "geometry": {"type": "LineString", "coordinates": [[75.810298, 26.909259], [75.81062, 26.909185]]}, "properties": {"feature_type": "edge", "u": 661, "v": 665, "edge_key": 0, "length_m": 34.957, "is_bridged": false, "is_bridge": true, "edge_betweenness": 0.0, "width_m": 8.277}}, {"type": "Feature", "geometry": {"type": "LineString", "coordinates": [[75.812876, 26.909208], [75.812815, 26.909173], [75.812754, 26.909047], [75.812714, 26.909011]]}, "properties": {"feature_type": "edge", "u": 663, "v": 669, "edge_key": 0, "length_m": 29.443, "is_bridged": false, "is_bridge": true, "edge_betweenness": 0.0, "width_m": 9.318}}, {"type": "Feature", "geometry": {"type": "LineString", "coordinates": [[75.812876, 26.909208], [75.813077, 26.909135], [75.813237, 26.90899], [75.813277, 26.908899]]}, "properties": {"feature_type": "edge", "u": 663, "v": 672, "edge_key": 0, "length_m": 57.242, "is_bridged": false, "is_bridge": true, "edge_betweenness": 0.0, "width_m": 8.913}}, {"type": "Feature", "geometry": {"type": "LineString", "coordinates": [[75.796462, 26.909266], [75.796421, 26.909248], [75.796075, 26.908636], [75.796034, 26.9086], [75.79583, 26.90824], [75.79583, 26.908168]]}, "properties": {"feature_type": "edge", "u": 664, "v": 686, "edge_key": 0, "length_m": 148.497, "is_bridged": false, "is_bridge": false, "edge_betweenness": 0.0, "width_m": 8.925}}, {"type": "Feature", "geometry": {"type": "LineString", "coordinates": [[75.796462, 26.909266], [75.796502, 26.909266], [75.796863, 26.909101], [75.797084, 26.909028]]}, "properties": {"feature_type": "edge", "u": 664, "v": 670, "edge_key": 0, "length_m": 72.413, "is_bridged": false, "is_bridge": false, "edge_betweenness": 0.0, "width_m": 8.981}}, {"type": "Feature", "geometry": {"type": "LineString", "coordinates": [[75.801677, 26.909146], [75.801717, 26.909092], [75.80224, 26.90889]]}, "properties": {"feature_type": "edge", "u": 666, "v": 673, "edge_key": 0, "length_m": 68.057, "is_bridged": false, "is_bridge": false, "edge_betweenness": 0.0, "width_m": 12.625}}, {"type": "Feature", "geometry": {"type": "LineString", "coordinates": [[75.809814, 26.909081], [75.809793, 26.908973], [75.809691, 26.908811], [75.80967, 26.908703]]}, "properties": {"feature_type": "edge", "u": 667, "v": 677, "edge_key": 0, "length_m": 47.799, "is_bridged": false, "is_bridge": false, "edge_betweenness": 0.0, "width_m": 9.21}}, {"type": "Feature", "geometry": {"type": "LineString", "coordinates": [[75.798233, 26.909111], [75.798008, 26.908661]]}, "properties": {"feature_type": "edge", "u": 668, "v": 678, "edge_key": 0, "length_m": 58.4, "is_bridged": false, "is_bridge": false, "edge_betweenness": 0.0, "width_m": 8.872}}, {"type": "Feature", "geometry": {"type": "LineString", "coordinates": [[75.798233, 26.909111], [75.798353, 26.909038], [75.798394, 26.909038], [75.798574, 26.908947], [75.798615, 26.908947], [75.799639, 26.908508], [75.799679, 26.908507], [75.799759, 26.908453]]}, "properties": {"feature_type": "edge", "u": 668, "v": 682, "edge_key": 0, "length_m": 181.823, "is_bridged": false, "is_bridge": false, "edge_betweenness": 0.0, "width_m": 8.86}}, {"type": "Feature", "geometry": {"type": "LineString", "coordinates": [[75.797084, 26.909028], [75.797868, 26.908698], [75.798008, 26.908661]]}, "properties": {"feature_type": "edge", "u": 670, "v": 678, "edge_key": 0, "length_m": 107.856, "is_bridged": false, "is_bridge": false, "edge_betweenness": 0.0, "width_m": 8.931}}, {"type": "Feature", "geometry": {"type": "LineString", "coordinates": [[75.797084, 26.909028], [75.797044, 26.908992], [75.797044, 26.908937], [75.796554, 26.908092], [75.796514, 26.908056], [75.796473, 26.907948], [75.796412, 26.907894]]}, "properties": {"feature_type": "edge", "u": 670, "v": 696, "edge_key": 0, "length_m": 153.338, "is_bridged": false, "is_bridge": false, "edge_betweenness": 0.0, "width_m": 8.95}}, {"type": "Feature", "geometry": {"type": "LineString", "coordinates": [[75.80224, 26.90889], [75.80228, 26.908854], [75.80242, 26.908817], [75.802561, 26.908744], [75.802601, 26.908743], [75.802741, 26.90867], [75.802782, 26.90867], [75.803324, 26.908432], [75.803364, 26.908432], [75.803505, 26.908359], [75.803545, 26.908359], [75.803906, 26.908194], [75.803947, 26.908194], [75.804087, 26.908121], [75.804449, 26.907993], [75.80471, 26.907865], [75.804971, 26.907773]]}, "properties": {"feature_type": "edge", "u": 673, "v": 700, "edge_key": 0, "length_m": 322.178, "is_bridged": false, "is_bridge": false, "edge_betweenness": 0.0, "width_m": 14.019}}, {"type": "Feature", "geometry": {"type": "LineString", "coordinates": [[75.80224, 26.90889], [75.801852, 26.908188], [75.801852, 26.908152], [75.801811, 26.90808], [75.80177, 26.908062]]}, "properties": {"feature_type": "edge", "u": 673, "v": 689, "edge_key": 0, "length_m": 111.423, "is_bridged": false, "is_bridge": false, "edge_betweenness": 0.0, "width_m": 8.902}}, {"type": "Feature", "geometry": {"type": "LineString", "coordinates": [[75.800084, 26.908884], [75.800064, 26.908812], [75.799942, 26.908614], [75.799759, 26.908453]]}, "properties": {"feature_type": "edge", "u": 675, "v": 682, "edge_key": 0, "length_m": 62.07, "is_bridged": false, "is_bridge": false, "edge_betweenness": 0.0, "width_m": 8.904}}, {"type": "Feature", "geometry": {"type": "LineString", "coordinates": [[75.812168, 26.908761], [75.811947, 26.908835], [75.811566, 26.909017], [75.811505, 26.908963], [75.811442, 26.908675], [75.811381, 26.908513], [75.81138, 26.908422]]}, "properties": {"feature_type": "edge", "u": 676, "v": 681, "edge_key": 0, "length_m": 145.054, "is_bridged": false, "is_bridge": true, "edge_betweenness": 0.0, "width_m": 8.555}}, {"type": "Feature", "geometry": {"type": "LineString", "coordinates": [[75.80967, 26.908703], [75.80963, 26.908685], [75.809589, 26.908613], [75.809302, 26.907983], [75.809242, 26.907929]]}, "properties": {"feature_type": "edge", "u": 677, "v": 691, "edge_key": 0, "length_m": 104.212, "is_bridged": false, "is_bridge": false, "edge_betweenness": 0.0, "width_m": 8.881}}, {"type": "Feature", "geometry": {"type": "LineString", "coordinates": [[75.80967, 26.908703], [75.809972, 26.908665], [75.810193, 26.90861], [75.810294, 26.908609], [75.810515, 26.908554], [75.810616, 26.908553], [75.810837, 26.908498], [75.810938, 26.908497], [75.811159, 26.908442], [75.81138, 26.908422]]}, "properties": {"feature_type": "edge", "u": 677, "v": 681, "edge_key": 0, "length_m": 182.426, "is_bridged": false, "is_bridge": false, "edge_betweenness": 0.0, "width_m": 8.287}}, {"type": "Feature", "geometry": {"type": "LineString", "coordinates": [[75.798008, 26.908661], [75.797968, 26.908643], [75.797968, 26.908607], [75.797866, 26.908427], [75.797825, 26.908391], [75.797316, 26.907528]]}, "properties": {"feature_type": "edge", "u": 678, "v": 708, "edge_key": 0, "length_m": 154.982, "is_bridged": false, "is_bridge": false, "edge_betweenness": 0.0, "width_m": 8.906}}, {"type": "Feature", "geometry": {"type": "LineString", "coordinates": [[75.798008, 26.908661], [75.798048, 26.908625], [75.798089, 26.908625], [75.798691, 26.908368], [75.798731, 26.908314]]}, "properties": {"feature_type": "edge", "u": 678, "v": 683, "edge_key": 0, "length_m": 88.555, "is_bridged": false, "is_bridge": false, "edge_betweenness": 0.0, "width_m": 8.988}}, {"type": "Feature", "geometry": {"type": "LineString", "coordinates": [[75.808259, 26.908458], [75.808317, 26.908151], [75.808356, 26.908061], [75.808355, 26.907916], [75.808375, 26.907898], [75.808374, 26.907754], [75.808394, 26.907735], [75.808371, 26.907284], [75.808247, 26.906815], [75.808083, 26.906473]]}, "properties": {"feature_type": "edge", "u": 680, "v": 733, "edge_key": 0, "length_m": 237.869, "is_bridged": false, "is_bridge": true, "edge_betweenness": 0.0, "width_m": 8.311}}, {"type": "Feature", "geometry": {"type": "LineString", "coordinates": [[75.81138, 26.908422], [75.811481, 26.908386], [75.811581, 26.908385], [75.811903, 26.908311], [75.812326, 26.908255], [75.812527, 26.908199]]}, "properties": {"feature_type": "edge", "u": 681, "v": 684, "edge_key": 0, "length_m": 123.941, "is_bridged": false, "is_bridge": false, "edge_betweenness": 0.0, "width_m": 8.285}}, {"type": "Feature", "geometry": {"type": "LineString", "coordinates": [[75.799759, 26.908453], [75.799698, 26.908381], [75.799334, 26.908166], [75.799193, 26.908131]]}, "properties": {"feature_type": "edge", "u": 682, "v": 687, "edge_key": 0, "length_m": 72.083, "is_bridged": false, "is_bridge": false, "edge_betweenness": 0.0, "width_m": 9.185}}, {"type": "Feature", "geometry": {"type": "LineString", "coordinates": [[75.798731, 26.908314], [75.798872, 26.908295], [75.799052, 26.908204], [75.799133, 26.908185], [75.799193, 26.908131]]}, "properties": {"feature_type": "edge", "u": 683, "v": 687, "edge_key": 0, "length_m": 54.284, "is_bridged": false, "is_bridge": false, "edge_betweenness": 0.0, "width_m": 8.923}}, {"type": "Feature", "geometry": {"type": "LineString", "coordinates": [[75.798731, 26.908314], [75.798367, 26.908099]]}, "properties": {"feature_type": "edge", "u": 683, "v": 688, "edge_key": 0, "length_m": 45.941, "is_bridged": false, "is_bridge": true, "edge_betweenness": 0.0, "width_m": 8.957}}, {"type": "Feature", "geometry": {"type": "LineString", "coordinates": [[75.812527, 26.908199], [75.812647, 26.908199], [75.81307, 26.908106], [75.81317, 26.908105], [75.81319, 26.908087], [75.813593, 26.908031], [75.814015, 26.907938], [75.814116, 26.907937], [75.814136, 26.907919], [75.814417, 26.907881], [75.814478, 26.907845]]}, "properties": {"feature_type": "edge", "u": 684, "v": 694, "edge_key": 0, "length_m": 209.74, "is_bridged": false, "is_bridge": false, "edge_betweenness": 0.0, "width_m": 8.302}}, {"type": "Feature", "geometry": {"type": "LineString", "coordinates": [[75.812527, 26.908199], [75.812526, 26.908073], [75.812505, 26.908055], [75.812505, 26.907983], [75.812485, 26.907965], [75.812484, 26.907892], [75.812464, 26.907875], [75.812463, 26.907802], [75.812443, 26.907784], [75.812442, 26.907712], [75.812422, 26.907694], [75.812422, 26.907622], [75.812401, 26.907604], [75.812401, 26.907532], [75.812381, 26.907514], [75.81238, 26.907442], [75.81236, 26.907424], [75.812359, 26.907352], [75.812339, 26.907334], [75.812256, 26.906955]]}, "properties": {"feature_type": "edge", "u": 684, "v": 720, "edge_key": 0, "length_m": 148.413, "is_bridged": false, "is_bridge": false, "edge_betweenness": 0.0, "width_m": 8.393}}, {"type": "Feature", "geometry": {"type": "LineString", "coordinates": [[75.794924, 26.908281], [75.795005, 26.908263], [75.795406, 26.908044], [75.795647, 26.90797]]}, "properties": {"feature_type": "edge", "u": 685, "v": 693, "edge_key": 0, "length_m": 86.083, "is_bridged": false, "is_bridge": true, "edge_betweenness": 0.0, "width_m": 8.823}}, {"type": "Feature", "geometry": {"type": "LineString", "coordinates": [[75.79583, 26.908168], [75.795749, 26.908114], [75.795708, 26.908024], [75.795647, 26.90797]]}, "properties": {"feature_type": "edge", "u": 686, "v": 693, "edge_key": 0, "length_m": 30.271, "is_bridged": false, "is_bridge": false, "edge_betweenness": 0.0, "width_m": 9.239}}, {"type": "Feature", "geometry": {"type": "LineString", "coordinates": [[75.79583, 26.908168], [75.796352, 26.90793], [75.796392, 26.90793], [75.796412, 26.907894]]}, "properties": {"feature_type": "edge", "u": 686, "v": 696, "edge_key": 0, "length_m": 70.885, "is_bridged": false, "is_bridge": false, "edge_betweenness": 0.0, "width_m": 9.121}}, {"type": "Feature", "geometry": {"type": "LineString", "coordinates": [[75.799193, 26.908131], [75.799112, 26.908041], [75.798849, 26.907916], [75.797858, 26.907362], [75.797677, 26.907309]]}, "properties": {"feature_type": "edge", "u": 687, "v": 714, "edge_key": 0, "length_m": 188.923, "is_bridged": false, "is_bridge": false, "edge_betweenness": 0.0, "width_m": 8.966}}, {"type": "Feature", "geometry": {"type": "LineString", "coordinates": [[75.80177, 26.908062], [75.80165, 26.908081], [75.800947, 26.908356], [75.800786, 26.908375], [75.800765, 26.908357], [75.800604, 26.90834], [75.800503, 26.908286], [75.800361, 26.908142], [75.800157, 26.907764], [75.800116, 26.90762]]}, "properties": {"feature_type": "edge", "u": 689, "v": 704, "edge_key": 0, "length_m": 233.966, "is_bridged": false, "is_bridge": false, "edge_betweenness": 0.0, "width_m": 8.708}}, {"type": "Feature", "geometry": {"type": "LineString", "coordinates": [[75.80177, 26.908062], [75.80175, 26.907954], [75.801668, 26.907828], [75.801668, 26.907792], [75.801586, 26.907666], [75.801525, 26.907504], [75.801443, 26.907378], [75.801382, 26.907216], [75.8013, 26.90709], [75.801239, 26.906928], [75.800912, 26.906297]]}, "properties": {"feature_type": "edge", "u": 689, "v": 738, "edge_key": 0, "length_m": 230.081, "is_bridged": false, "is_bridge": false, "edge_betweenness": 0.0, "width_m": 8.72}}, {"type": "Feature", "geometry": {"type": "LineString", "coordinates": [[75.805798, 26.908003], [75.805637, 26.908022], [75.805617, 26.90804], [75.805436, 26.908041], [75.805194, 26.907952], [75.804971, 26.907773]]}, "properties": {"feature_type": "edge", "u": 690, "v": 700, "edge_key": 0, "length_m": 96.083, "is_bridged": false, "is_bridge": false, "edge_betweenness": 0.0, "width_m": 9.154}}, {"type": "Feature", "geometry": {"type": "LineString", "coordinates": [[75.805798, 26.908003], [75.806018, 26.907785], [75.806078, 26.907658], [75.806097, 26.907478], [75.806076, 26.90746], [75.806055, 26.907279]]}, "properties": {"feature_type": "edge", "u": 690, "v": 712, "edge_key": 0, "length_m": 95.255, "is_bridged": false, "is_bridge": false, "edge_betweenness": 0.0, "width_m": 9.162}}, {"type": "Feature", "geometry": {"type": "LineString", "coordinates": [[75.809242, 26.907929], [75.809141, 26.90793], [75.80908, 26.907894]]}, "properties": {"feature_type": "edge", "u": 691, "v": 692, "edge_key": 0, "length_m": 17.211, "is_bridged": false, "is_bridge": false, "edge_betweenness": 0.0, "width_m": 7.886}}, {"type": "Feature", "geometry": {"type": "LineString", "coordinates": [[75.809242, 26.907929], [75.8092, 26.907785], [75.8092, 26.907677]]}, "properties": {"feature_type": "edge", "u": 691, "v": 702, "edge_key": 0, "length_m": 29.301, "is_bridged": false, "is_bridge": false, "edge_betweenness": 0.0, "width_m": 8.728}}, {"type": "Feature", "geometry": {"type": "LineString", "coordinates": [[75.80908, 26.907894], [75.809039, 26.907696]]}, "properties": {"feature_type": "edge", "u": 692, "v": 701, "edge_key": 0, "length_m": 23.153, "is_bridged": false, "is_bridge": false, "edge_betweenness": 0.0, "width_m": 8.315}}, {"type": "Feature", "geometry": {"type": "LineString", "coordinates": [[75.795647, 26.90797], [75.795626, 26.90788], [75.795565, 26.90779], [75.795565, 26.907718]]}, "properties": {"feature_type": "edge", "u": 693, "v": 703, "edge_key": 0, "length_m": 31.314, "is_bridged": false, "is_bridge": false, "edge_betweenness": 0.0, "width_m": 9.612}}, {"type": "Feature", "geometry": {"type": "LineString", "coordinates": [[75.814478, 26.907845], [75.814558, 26.907844]]}, "properties": {"feature_type": "edge", "u": 694, "v": 695, "edge_key": 0, "length_m": 8.0, "is_bridged": false, "is_bridge": false, "edge_betweenness": 0.0, "width_m": 9.893}}, {"type": "Feature", "geometry": {"type": "LineString", "coordinates": [[75.814478, 26.907845], [75.814457, 26.907827], [75.814457, 26.907737]]}, "properties": {"feature_type": "edge", "u": 694, "v": 698, "edge_key": 0, "length_m": 12.828, "is_bridged": false, "is_bridge": false, "edge_betweenness": 0.0, "width_m": 8.71}}, {"type": "Feature", "geometry": {"type": "LineString", "coordinates": [[75.814558, 26.907844], [75.815061, 26.907769]]}, "properties": {"feature_type": "edge", "u": 695, "v": 697, "edge_key": 0, "length_m": 53.314, "is_bridged": false, "is_bridge": true, "edge_betweenness": 0.0, "width_m": 8.321}}, {"type": "Feature", "geometry": {"type": "LineString", "coordinates": [[75.814558, 26.907844], [75.814558, 26.907754], [75.814537, 26.907736]]}, "properties": {"feature_type": "edge", "u": 695, "v": 699, "edge_key": 0, "length_m": 12.828, "is_bridged": false, "is_bridge": false, "edge_betweenness": 0.0, "width_m": 8.162}}, {"type": "Feature", "geometry": {"type": "LineString", "coordinates": [[75.796412, 26.907894], [75.796492, 26.907875], [75.797235, 26.907528], [75.797316, 26.907528]]}, "properties": {"feature_type": "edge", "u": 696, "v": 708, "edge_key": 0, "length_m": 106.212, "is_bridged": false, "is_bridge": false, "edge_betweenness": 0.0, "width_m": 9.039}}, {"type": "Feature", "geometry": {"type": "LineString", "coordinates": [[75.796412, 26.907894], [75.796391, 26.907822], [75.796187, 26.907462]]}, "properties": {"feature_type": "edge", "u": 696, "v": 710, "edge_key": 0, "length_m": 56.4, "is_bridged": false, "is_bridge": false, "edge_betweenness": 0.0, "width_m": 9.225}}, {"type": "Feature", "geometry": {"type": "LineString", "coordinates": [[75.814457, 26.907737], [75.814537, 26.907736]]}, "properties": {"feature_type": "edge", "u": 698, "v": 699, "edge_key": 0, "length_m": 8.0, "is_bridged": false, "is_bridge": false, "edge_betweenness": 0.0, "width_m": 6.2}}, {"type": "Feature", "geometry": {"type": "LineString", "coordinates": [[75.814457, 26.907737], [75.814436, 26.907701], [75.814435, 26.907574], [75.814415, 26.907556], [75.814393, 26.907268], [75.814373, 26.90725], [75.81435, 26.906961], [75.81433, 26.906943], [75.814308, 26.906618]]}, "properties": {"feature_type": "edge", "u": 698, "v": 727, "edge_key": 0, "length_m": 129.443, "is_bridged": false, "is_bridge": false, "edge_betweenness": 0.0, "width_m": 8.178}}, {"type": "Feature", "geometry": {"type": "LineString", "coordinates": [[75.814537, 26.907736], [75.814537, 26.907646], [75.814577, 26.90761], [75.814778, 26.90759], [75.814798, 26.907572], [75.81504, 26.907571], [75.81508, 26.907553]]}, "properties": {"feature_type": "edge", "u": 699, "v": 705, "edge_key": 0, "length_m": 68.142, "is_bridged": false, "is_bridge": true, "edge_betweenness": 0.0, "width_m": 8.045}}, {"type": "Feature", "geometry": {"type": "LineString", "coordinates": [[75.804971, 26.907773], [75.804949, 26.907593], [75.804929, 26.907575], [75.804948, 26.907394], [75.805047, 26.907213], [75.805207, 26.907067], [75.805125, 26.906779]]}, "properties": {"feature_type": "edge", "u": 700, "v": 717, "edge_key": 0, "length_m": 124.24, "is_bridged": false, "is_bridge": false, "edge_betweenness": 0.0, "width_m": 8.944}}, {"type": "Feature", "geometry": {"type": "LineString", "coordinates": [[75.809039, 26.907696], [75.808917, 26.907624], [75.808876, 26.907534], [75.808976, 26.907371]]}, "properties": {"feature_type": "edge", "u": 701, "v": 711, "edge_key": 0, "length_m": 48.756, "is_bridged": false, "is_bridge": false, "edge_betweenness": 0.0, "width_m": 9.014}}, {"type": "Feature", "geometry": {"type": "LineString", "coordinates": [[75.809039, 26.907696], [75.8092, 26.907677]]}, "properties": {"feature_type": "edge", "u": 701, "v": 702, "edge_key": 0, "length_m": 16.828, "is_bridged": false, "is_bridge": false, "edge_betweenness": 0.0, "width_m": 9.315}}, {"type": "Feature", "geometry": {"type": "LineString", "coordinates": [[75.8092, 26.907677], [75.809239, 26.907604], [75.809239, 26.907532], [75.809279, 26.907478]]}, "properties": {"feature_type": "edge", "u": 702, "v": 707, "edge_key": 0, "length_m": 24.957, "is_bridged": false, "is_bridge": false, "edge_betweenness": 0.0, "width_m": 10.099}}, {"type": "Feature", "geometry": {"type": "LineString", "coordinates": [[75.795565, 26.907718], [75.795484, 26.907664], [75.7953, 26.907358], [75.7953, 26.907304]]}, "properties": {"feature_type": "edge", "u": 703, "v": 713, "edge_key": 0, "length_m": 57.585, "is_bridged": false, "is_bridge": false, "edge_betweenness": 0.0, "width_m": 9.057}}, {"type": "Feature", "geometry": {"type": "LineString", "coordinates": [[75.795565, 26.907718], [75.795605, 26.907718], [75.796107, 26.90748], [75.796187, 26.907462]]}, "properties": {"feature_type": "edge", "u": 703, "v": 710, "edge_key": 0, "length_m": 73.242, "is_bridged": false, "is_bridge": false, "edge_betweenness": 0.0, "width_m": 9.005}}, {"type": "Feature", "geometry": {"type": "LineString", "coordinates": [[75.800116, 26.90762], [75.800075, 26.907602], [75.800035, 26.90753], [75.800034, 26.907494], [75.799647, 26.906774], [75.799646, 26.90672]]}, "properties": {"feature_type": "edge", "u": 704, "v": 726, "edge_key": 0, "length_m": 119.869, "is_bridged": false, "is_bridge": false, "edge_betweenness": 0.0, "width_m": 8.821}}, {"type": "Feature", "geometry": {"type": "LineString", "coordinates": [[75.800116, 26.90762], [75.800256, 26.907565], [75.800296, 26.907529]]}, "properties": {"feature_type": "edge", "u": 704, "v": 706, "edge_key": 0, "length_m": 21.786, "is_bridged": false, "is_bridge": false, "edge_betweenness": 0.0, "width_m": 9.284}}, {"type": "Feature", "geometry": {"type": "LineString", "coordinates": [[75.800296, 26.907529], [75.800538, 26.907473]]}, "properties": {"feature_type": "edge", "u": 706, "v": 709, "edge_key": 0, "length_m": 26.485, "is_bridged": false, "is_bridge": true, "edge_betweenness": 0.0, "width_m": 8.472}}, {"type": "Feature", "geometry": {"type": "LineString", "coordinates": [[75.800296, 26.907529], [75.800296, 26.907457], [75.80003, 26.906934], [75.799928, 26.906682]]}, "properties": {"feature_type": "edge", "u": 706, "v": 729, "edge_key": 0, "length_m": 108.912, "is_bridged": false, "is_bridge": false, "edge_betweenness": 0.0, "width_m": 8.708}}, {"type": "Feature", "geometry": {"type": "LineString", "coordinates": [[75.809279, 26.907478], [75.8095, 26.907458], [75.80952, 26.90744], [75.809601, 26.90744], [75.809621, 26.907421], [75.809701, 26.907421], [75.809721, 26.907403], [75.809802, 26.907402], [75.809822, 26.907384], [75.809902, 26.907384], [75.809922, 26.907366], [75.810003, 26.907365], [75.810023, 26.907347], [75.810104, 26.907346], [75.810124, 26.907328], [75.810204, 26.907328], [75.810224, 26.90731], [75.810305, 26.907309], [75.810325, 26.907291], [75.810405, 26.907291], [75.810425, 26.907272], [75.810506, 26.907272], [75.810526, 26.907254], [75.810606, 26.907253], [75.810626, 26.907235], [75.810707, 26.907235], [75.810727, 26.907216], [75.810808, 26.907216], [75.81133, 26.907105], [75.812155, 26.906992], [75.812256, 26.906955]]}, "properties": {"feature_type": "edge", "u": 707, "v": 720, "edge_key": 0, "length_m": 318.84, "is_bridged": false, "is_bridge": false, "edge_betweenness": 0.0, "width_m": 8.585}}, {"type": "Feature", "geometry": {"type": "LineString", "coordinates": [[75.809279, 26.907478], [75.809218, 26.907406], [75.809137, 26.90737], [75.808976, 26.907371]]}, "properties": {"feature_type": "edge", "u": 707, "v": 711, "edge_key": 0, "length_m": 36.142, "is_bridged": false, "is_bridge": false, "edge_betweenness": 0.0, "width_m": 9.842}}, {"type": "Feature", "geometry": {"type": "LineString", "coordinates": [[75.797316, 26.907528], [75.797355, 26.907473], [75.797617, 26.907363], [75.797677, 26.907309]]}, "properties": {"feature_type": "edge", "u": 708, "v": 714, "edge_key": 0, "length_m": 46.756, "is_bridged": false, "is_bridge": false, "edge_betweenness": 0.0, "width_m": 9.355}}, {"type": "Feature", "geometry": {"type": "LineString", "coordinates": [[75.796187, 26.907462], [75.796147, 26.907444], [75.796147, 26.907408], [75.795922, 26.90703]]}, "properties": {"feature_type": "edge", "u": 710, "v": 723, "edge_key": 0, "length_m": 59.229, "is_bridged": false, "is_bridge": false, "edge_betweenness": 0.0, "width_m": 9.096}}, {"type": "Feature", "geometry": {"type": "LineString", "coordinates": [[75.796187, 26.907462], [75.796227, 26.907425], [75.797071, 26.907059], [75.797131, 26.907005]]}, "properties": {"feature_type": "edge", "u": 710, "v": 724, "edge_key": 0, "length_m": 114.711, "is_bridged": false, "is_bridge": false, "edge_betweenness": 0.0, "width_m": 8.947}}, {"type": "Feature", "geometry": {"type": "LineString", "coordinates": [[75.808976, 26.907371], [75.808955, 26.907299], [75.808833, 26.907101], [75.808833, 26.907065], [75.808425, 26.906327]]}, "properties": {"feature_type": "edge", "u": 711, "v": 737, "edge_key": 0, "length_m": 138.368, "is_bridged": false, "is_bridge": false, "edge_betweenness": 0.0, "width_m": 8.828}}, {"type": "Feature", "geometry": {"type": "LineString", "coordinates": [[75.806055, 26.907279], [75.805771, 26.907046], [75.80565, 26.907011], [75.805388, 26.907012], [75.805308, 26.907031], [75.805125, 26.906779]]}, "properties": {"feature_type": "edge", "u": 712, "v": 717, "edge_key": 0, "length_m": 121.357, "is_bridged": false, "is_bridge": false, "edge_betweenness": 0.0, "width_m": 8.491}}, {"type": "Feature", "geometry": {"type": "LineString", "coordinates": [[75.806055, 26.907279], [75.806678, 26.907059], [75.806758, 26.907004]]}, "properties": {"feature_type": "edge", "u": 712, "v": 719, "edge_key": 0, "length_m": 82.426, "is_bridged": false, "is_bridge": false, "edge_betweenness": 0.0, "width_m": 8.762}}, {"type": "Feature", "geometry": {"type": "LineString", "coordinates": [[75.7953, 26.907304], [75.795239, 26.90725], [75.795157, 26.907034]]}, "properties": {"feature_type": "edge", "u": 713, "v": 722, "edge_key": 0, "length_m": 36.614, "is_bridged": false, "is_bridge": false, "edge_betweenness": 0.0, "width_m": 9.143}}, {"type": "Feature", "geometry": {"type": "LineString", "coordinates": [[75.7953, 26.907304], [75.795922, 26.90703]]}, "properties": {"feature_type": "edge", "u": 713, "v": 723, "edge_key": 0, "length_m": 73.714, "is_bridged": false, "is_bridge": false, "edge_betweenness": 0.0, "width_m": 8.981}}, {"type": "Feature", "geometry": {"type": "LineString", "coordinates": [[75.797677, 26.907309], [75.797555, 26.907201], [75.797252, 26.90704], [75.797131, 26.907005]]}, "properties": {"feature_type": "edge", "u": 714, "v": 724, "edge_key": 0, "length_m": 68.899, "is_bridged": false, "is_bridge": false, "edge_betweenness": 0.0, "width_m": 9.261}}, {"type": "Feature", "geometry": {"type": "LineString", "coordinates": [[75.815057, 26.907119], [75.815034, 26.906831], [75.815014, 26.906813], [75.815013, 26.906686], [75.814993, 26.906668], [75.814971, 26.906488]]}, "properties": {"feature_type": "edge", "u": 715, "v": 730, "edge_key": 0, "length_m": 72.81, "is_bridged": false, "is_bridge": true, "edge_betweenness": 0.0, "width_m": 8.209}}, {"type": "Feature", "geometry": {"type": "LineString", "coordinates": [[75.805125, 26.906779], [75.804839, 26.906203]]}, "properties": {"feature_type": "edge", "u": 717, "v": 735, "edge_key": 0, "length_m": 70.034, "is_bridged": false, "is_bridge": false, "edge_betweenness": 0.0, "width_m": 7.768}}, {"type": "Feature", "geometry": {"type": "LineString", "coordinates": [[75.794956, 26.907071], [75.795157, 26.907034]]}, "properties": {"feature_type": "edge", "u": 718, "v": 722, "edge_key": 0, "length_m": 21.657, "is_bridged": false, "is_bridge": true, "edge_betweenness": 0.0, "width_m": 12.854}}, {"type": "Feature", "geometry": {"type": "LineString", "coordinates": [[75.806758, 26.907004], [75.806818, 26.907004], [75.807882, 26.906529], [75.808083, 26.906473]]}, "properties": {"feature_type": "edge", "u": 719, "v": 733, "edge_key": 0, "length_m": 155.668, "is_bridged": false, "is_bridge": false, "edge_betweenness": 0.0, "width_m": 8.773}}, {"type": "Feature", "geometry": {"type": "LineString", "coordinates": [[75.806758, 26.907004], [75.806758, 26.906968], [75.806534, 26.906681], [75.80625, 26.906448], [75.806069, 26.906394], [75.805927, 26.906323], [75.805766, 26.906288], [75.805363, 26.90629], [75.805082, 26.906382], [75.805001, 26.906382], [75.804839, 26.906203]]}, "properties": {"feature_type": "edge", "u": 719, "v": 735, "edge_key": 0, "length_m": 245.093, "is_bridged": false, "is_bridge": false, "edge_betweenness": 0.0, "width_m": 8.549}}, {"type": "Feature", "geometry": {"type": "LineString", "coordinates": [[75.812256, 26.906955], [75.812377, 26.906954], [75.812598, 26.906899], [75.812698, 26.906898], [75.81292, 26.906843], [75.81302, 26.906842], [75.813241, 26.906787], [75.813342, 26.906786], [75.813563, 26.906731], [75.813664, 26.90673], [75.813785, 26.906693], [75.813885, 26.906693], [75.814106, 26.906637], [75.814308, 26.906618]]}, "properties": {"feature_type": "edge", "u": 720, "v": 727, "edge_key": 0, "length_m": 218.912, "is_bridged": false, "is_bridge": false, "edge_betweenness": 0.0, "width_m": 8.336}}, {"type": "Feature", "geometry": {"type": "LineString", "coordinates": [[75.812256, 26.906955], [75.812215, 26.906919], [75.812215, 26.906865], [75.811868, 26.906253], [75.811847, 26.906145]]}, "properties": {"feature_type": "edge", "u": 720, "v": 740, "edge_key": 0, "length_m": 106.569, "is_bridged": false, "is_bridge": false, "edge_betweenness": 0.0, "width_m": 8.908}}, {"type": "Feature", "geometry": {"type": "LineString", "coordinates": [[75.795157, 26.907034], [75.795197, 26.906998], [75.795538, 26.906851], [75.795579, 26.906851], [75.795679, 26.906796], [75.79574, 26.906796], [75.795759, 26.90676]]}, "properties": {"feature_type": "edge", "u": 722, "v": 725, "edge_key": 0, "length_m": 73.242, "is_bridged": false, "is_bridge": false, "edge_betweenness": 0.0, "width_m": 9.016}}, {"type": "Feature", "geometry": {"type": "LineString", "coordinates": [[75.795922, 26.90703], [75.795882, 26.906994], [75.795881, 26.90694], [75.795759, 26.90676]]}, "properties": {"feature_type": "edge", "u": 723, "v": 725, "edge_key": 0, "length_m": 36.271, "is_bridged": false, "is_bridge": false, "edge_betweenness": 0.0, "width_m": 9.204}}, {"type": "Feature", "geometry": {"type": "LineString", "coordinates": [[75.795922, 26.90703], [75.795962, 26.906993], [75.796003, 26.906993], [75.796565, 26.906719]]}, "properties": {"feature_type": "edge", "u": 723, "v": 728, "edge_key": 0, "length_m": 78.083, "is_bridged": false, "is_bridge": false, "edge_betweenness": 0.0, "width_m": 9.008}}, {"type": "Feature", "geometry": {"type": "LineString", "coordinates": [[75.797131, 26.907005], [75.797009, 26.906915], [75.796807, 26.906826], [75.796666, 26.906737], [75.796565, 26.906719]]}, "properties": {"feature_type": "edge", "u": 724, "v": 728, "edge_key": 0, "length_m": 69.255, "is_bridged": false, "is_bridge": false, "edge_betweenness": 0.0, "width_m": 9.098}}, {"type": "Feature", "geometry": {"type": "LineString", "coordinates": [[75.795759, 26.90676], [75.795534, 26.906256]]}, "properties": {"feature_type": "edge", "u": 725, "v": 739, "edge_key": 0, "length_m": 64.253, "is_bridged": false, "is_bridge": false, "edge_betweenness": 0.0, "width_m": 8.924}}, {"type": "Feature", "geometry": {"type": "LineString", "coordinates": [[75.795759, 26.90676], [75.796021, 26.906668], [75.796161, 26.906595], [75.796362, 26.90654]]}, "properties": {"feature_type": "edge", "u": 725, "v": 732, "edge_key": 0, "length_m": 69.081, "is_bridged": false, "is_bridge": false, "edge_betweenness": 0.0, "width_m": 8.973}}, {"type": "Feature", "geometry": {"type": "LineString", "coordinates": [[75.799646, 26.90672], [75.799062, 26.906723], [75.798901, 26.906688], [75.798619, 26.906672], [75.798215, 26.906547], [75.797932, 26.906405], [75.797467, 26.906118], [75.797406, 26.906119]]}, "properties": {"feature_type": "edge", "u": 726, "v": 741, "edge_key": 0, "length_m": 250.167, "is_bridged": false, "is_bridge": false, "edge_betweenness": 0.0, "width_m": 8.474}}, {"type": "Feature", "geometry": {"type": "LineString", "coordinates": [[75.799646, 26.90672], [75.799807, 26.906683], [75.799928, 26.906682]]}, "properties": {"feature_type": "edge", "u": 726, "v": 729, "edge_key": 0, "length_m": 29.657, "is_bridged": false, "is_bridge": false, "edge_betweenness": 0.0, "width_m": 8.853}}, {"type": "Feature", "geometry": {"type": "LineString", "coordinates": [[75.814308, 26.906618], [75.814328, 26.9066], [75.814971, 26.906488]]}, "properties": {"feature_type": "edge", "u": 727, "v": 730, "edge_key": 0, "length_m": 71.443, "is_bridged": false, "is_bridge": false, "edge_betweenness": 0.0, "width_m": 8.43}}, {"type": "Feature", "geometry": {"type": "LineString", "coordinates": [[75.796565, 26.906719], [75.796362, 26.90654]]}, "properties": {"feature_type": "edge", "u": 728, "v": 732, "edge_key": 0, "length_m": 29.456, "is_bridged": false, "is_bridge": false, "edge_betweenness": 0.0, "width_m": 9.473}}, {"type": "Feature", "geometry": {"type": "LineString", "coordinates": [[75.799928, 26.906682], [75.799968, 26.906646], [75.800229, 26.906572], [75.800912, 26.906297]]}, "properties": {"feature_type": "edge", "u": 729, "v": 738, "edge_key": 0, "length_m": 115.041, "is_bridged": false, "is_bridge": false, "edge_betweenness": 0.0, "width_m": 8.828}}, {"type": "Feature", "geometry": {"type": "LineString", "coordinates": [[75.814971, 26.906488], [75.81495, 26.906289], [75.814846, 26.905911], [75.814806, 26.905839], [75.814619, 26.905154], [75.814558, 26.905064]]}, "properties": {"feature_type": "edge", "u": 730, "v": 754, "edge_key": 0, "length_m": 174.569, "is_bridged": false, "is_bridge": false, "edge_betweenness": 0.0, "width_m": 8.403}}, {"type": "Feature", "geometry": {"type": "LineString", "coordinates": [[75.796362, 26.90654], [75.796301, 26.906504], [75.796097, 26.906054]]}, "properties": {"feature_type": "edge", "u": 732, "v": 742, "edge_key": 0, "length_m": 65.139, "is_bridged": false, "is_bridge": false, "edge_betweenness": 0.0, "width_m": 8.975}}, {"type": "Feature", "geometry": {"type": "LineString", "coordinates": [[75.796362, 26.90654], [75.796482, 26.906467], [75.796523, 26.906467], [75.796623, 26.906412], [75.796663, 26.906412], [75.796764, 26.906357], [75.796804, 26.906357], [75.796904, 26.906302], [75.797406, 26.906119]]}, "properties": {"feature_type": "edge", "u": 732, "v": 741, "edge_key": 0, "length_m": 122.698, "is_bridged": false, "is_bridge": false, "edge_betweenness": 0.0, "width_m": 8.758}}, {"type": "Feature", "geometry": {"type": "LineString", "coordinates": [[75.808083, 26.906473], [75.808103, 26.906437], [75.808264, 26.906364], [75.808425, 26.906327]]}, "properties": {"feature_type": "edge", "u": 733, "v": 737, "edge_key": 0, "length_m": 41.443, "is_bridged": false, "is_bridge": false, "edge_betweenness": 0.0, "width_m": 9.041}}, {"type": "Feature", "geometry": {"type": "LineString", "coordinates": [[75.794912, 26.90653], [75.795213, 26.906402], [75.795253, 26.906402], [75.795434, 26.90631], [75.795515, 26.90631], [75.795534, 26.906256]]}, "properties": {"feature_type": "edge", "u": 734, "v": 739, "edge_key": 0, "length_m": 76.266, "is_bridged": false, "is_bridge": true, "edge_betweenness": 0.0, "width_m": 8.59}}, {"type": "Feature", "geometry": {"type": "LineString", "coordinates": [[75.804165, 26.904979], [75.804226, 26.905015], [75.804267, 26.905087], [75.804267, 26.905123], [75.804369, 26.905285], [75.804369, 26.905321], [75.804451, 26.905447], [75.804451, 26.905483], [75.804532, 26.905609], [75.804635, 26.905843], [75.804839, 26.906203]]}, "properties": {"feature_type": "edge", "u": 735, "v": 758, "edge_key": 0, "length_m": 158.871, "is_bridged": false, "is_bridge": false, "edge_betweenness": 0.0, "width_m": 13.252}}, {"type": "Feature", "geometry": {"type": "LineString", "coordinates": [[75.815071, 26.906397], [75.815029, 26.906126], [75.814823, 26.905423], [75.814822, 26.905351], [75.81474, 26.905063], [75.814739, 26.904972]]}, "properties": {"feature_type": "edge", "u": 736, "v": 756, "edge_key": 0, "length_m": 171.255, "is_bridged": false, "is_bridge": true, "edge_betweenness": 0.0, "width_m": 8.341}}, {"type": "Feature", "geometry": {"type": "LineString", "coordinates": [[75.808425, 26.906327], [75.808445, 26.906291], [75.809669, 26.90576], [75.80985, 26.905705], [75.811176, 26.905155], [75.811316, 26.905137]]}, "properties": {"feature_type": "edge", "u": 737, "v": 752, "edge_key": 0, "length_m": 342.663, "is_bridged": false, "is_bridge": false, "edge_betweenness": 0.0, "width_m": 8.725}}, {"type": "Feature", "geometry": {"type": "LineString", "coordinates": [[75.800912, 26.906297], [75.802017, 26.905858], [75.802057, 26.905858], [75.802157, 26.905803], [75.802198, 26.905803], [75.802298, 26.905748], [75.802338, 26.905748], [75.803764, 26.905144], [75.804125, 26.905015], [75.804165, 26.904979]]}, "properties": {"feature_type": "edge", "u": 738, "v": 758, "edge_key": 0, "length_m": 383.29, "is_bridged": false, "is_bridge": false, "edge_betweenness": 0.0, "width_m": 8.797}}, {"type": "Feature", "geometry": {"type": "LineString", "coordinates": [[75.800912, 26.906297], [75.800872, 26.906262], [75.800871, 26.906207], [75.80081, 26.906117], [75.80081, 26.906081], [75.800095, 26.904731], [75.800095, 26.904695], [75.799503, 26.903507]]}, "properties": {"feature_type": "edge", "u": 738, "v": 789, "edge_key": 0, "length_m": 367.161, "is_bridged": false, "is_bridge": true, "edge_betweenness": 0.0, "width_m": 8.688}}, {"type": "Feature", "geometry": {"type": "LineString", "coordinates": [[75.795534, 26.906256], [75.795655, 26.906237], [75.795836, 26.906146], [75.796097, 26.906054]]}, "properties": {"feature_type": "edge", "u": 739, "v": 742, "edge_key": 0, "length_m": 64.756, "is_bridged": false, "is_bridge": false, "edge_betweenness": 0.0, "width_m": 8.837}}, {"type": "Feature", "geometry": {"type": "LineString", "coordinates": [[75.795534, 26.906256], [75.795494, 26.90622], [75.795494, 26.906184], [75.79531, 26.905842]]}, "properties": {"feature_type": "edge", "u": 739, "v": 746, "edge_key": 0, "length_m": 54.756, "is_bridged": false, "is_bridge": false, "edge_betweenness": 0.0, "width_m": 8.855}}, {"type": "Feature", "geometry": {"type": "LineString", "coordinates": [[75.811847, 26.906145], [75.811807, 26.906127], [75.811746, 26.906019], [75.811745, 26.905983], [75.811541, 26.905623], [75.811541, 26.905587], [75.811378, 26.905299], [75.811316, 26.905137]]}, "properties": {"feature_type": "edge", "u": 740, "v": 752, "edge_key": 0, "length_m": 134.354, "is_bridged": false, "is_bridge": false, "edge_betweenness": 0.0, "width_m": 8.717}}, {"type": "Feature", "geometry": {"type": "LineString", "coordinates": [[75.811847, 26.906145], [75.81247, 26.905888], [75.81251, 26.905888], [75.81265, 26.905815], [75.812691, 26.905815], [75.812831, 26.905742], [75.812871, 26.905742], [75.813012, 26.905669], [75.813052, 26.905668], [75.813193, 26.905595], [75.813233, 26.905595], [75.813373, 26.905522], [75.813414, 26.905522], [75.813554, 26.905449], [75.813594, 26.905448], [75.813735, 26.905375], [75.813775, 26.905375], [75.813916, 26.905302], [75.813956, 26.905302], [75.814096, 26.905229], [75.814137, 26.905229], [75.814277, 26.905156], [75.814317, 26.905155], [75.814458, 26.905082], [75.814538, 26.905082], [75.814558, 26.905064]]}, "properties": {"feature_type": "edge", "u": 740, "v": 754, "edge_key": 0, "length_m": 318.521, "is_bridged": false, "is_bridge": false, "edge_betweenness": 0.0, "width_m": 8.705}}, {"type": "Feature", "geometry": {"type": "LineString", "coordinates": [[75.797406, 26.906119], [75.797406, 26.906064], [75.797203, 26.905849], [75.797081, 26.905633], [75.796999, 26.905399], [75.796998, 26.905254], [75.796977, 26.905236], [75.796956, 26.90502], [75.796976, 26.905002], [75.797012, 26.904424], [75.79709, 26.904116], [75.797249, 26.903808], [75.797309, 26.903736], [75.797328, 26.903627], [75.797389, 26.903627], [75.797529, 26.903518]]}, "properties": {"feature_type": "edge", "u": 741, "v": 788, "edge_key": 0, "length_m": 334.936, "is_bridged": false, "is_bridge": true, "edge_betweenness": 0.0, "width_m": 8.568}}, {"type": "Feature", "geometry": {"type": "LineString", "coordinates": [[75.796097, 26.906054], [75.796539, 26.905889]]}, "properties": {"feature_type": "edge", "u": 742, "v": 745, "edge_key": 0, "length_m": 51.1, "is_bridged": false, "is_bridge": true, "edge_betweenness": 0.0, "width_m": 8.769}}, {"type": "Feature", "geometry": {"type": "LineString", "coordinates": [[75.796097, 26.906054], [75.796056, 26.906018], [75.796056, 26.905946], [75.795912, 26.905585]]}, "properties": {"feature_type": "edge", "u": 742, "v": 748, "edge_key": 0, "length_m": 58.952, "is_bridged": false, "is_bridge": false, "edge_betweenness": 0.0, "width_m": 8.702}}, {"type": "Feature", "geometry": {"type": "LineString", "coordinates": [[75.794928, 26.90597], [75.795029, 26.905951], [75.795129, 26.905897], [75.79531, 26.905842]]}, "properties": {"feature_type": "edge", "u": 743, "v": 746, "edge_key": 0, "length_m": 43.443, "is_bridged": false, "is_bridge": true, "edge_betweenness": 0.0, "width_m": 8.841}}, {"type": "Feature", "geometry": {"type": "LineString", "coordinates": [[75.79531, 26.905842], [75.795772, 26.90564], [75.795892, 26.905622], [75.795912, 26.905585]]}, "properties": {"feature_type": "edge", "u": 746, "v": 748, "edge_key": 0, "length_m": 72.057, "is_bridged": false, "is_bridge": false, "edge_betweenness": 0.0, "width_m": 9.018}}, {"type": "Feature", "geometry": {"type": "LineString", "coordinates": [[75.79531, 26.905842], [75.795269, 26.905806], [75.795269, 26.905751], [75.795024, 26.905338], [75.795024, 26.905301], [75.795064, 26.905247], [75.795426, 26.905119], [75.795526, 26.905064], [75.795607, 26.905063], [75.795626, 26.905027]]}, "properties": {"feature_type": "edge", "u": 746, "v": 757, "edge_key": 0, "length_m": 145.655, "is_bridged": false, "is_bridge": false, "edge_betweenness": 0.0, "width_m": 8.849}}, {"type": "Feature", "geometry": {"type": "LineString", "coordinates": [[75.795912, 26.905585], [75.796274, 26.905457], [75.796414, 26.905384], [75.796455, 26.905384]]}, "properties": {"feature_type": "edge", "u": 748, "v": 749, "edge_key": 0, "length_m": 62.756, "is_bridged": false, "is_bridge": true, "edge_betweenness": 0.0, "width_m": 8.802}}, {"type": "Feature", "geometry": {"type": "LineString", "coordinates": [[75.795912, 26.905585], [75.795688, 26.905135], [75.795687, 26.905099], [75.795626, 26.905027]]}, "properties": {"feature_type": "edge", "u": 748, "v": 757, "edge_key": 0, "length_m": 73.242, "is_bridged": false, "is_bridge": false, "edge_betweenness": 0.0, "width_m": 8.908}}, {"type": "Feature", "geometry": {"type": "LineString", "coordinates": [[75.811316, 26.905137], [75.811356, 26.905082], [75.811397, 26.905082], [75.812882, 26.904441], [75.812963, 26.904441]]}, "properties": {"feature_type": "edge", "u": 752, "v": 764, "edge_key": 0, "length_m": 196.296, "is_bridged": false, "is_bridge": false, "edge_betweenness": 0.0, "width_m": 8.743}}, {"type": "Feature", "geometry": {"type": "LineString", "coordinates": [[75.812928, 26.905145], [75.812988, 26.905145], [75.813249, 26.905035], [75.813249, 26.904963], [75.812984, 26.904513], [75.812963, 26.904441]]}, "properties": {"feature_type": "edge", "u": 753, "v": 764, "edge_key": 0, "length_m": 113.856, "is_bridged": false, "is_bridge": true, "edge_betweenness": 0.0, "width_m": 8.619}}, {"type": "Feature", "geometry": {"type": "LineString", "coordinates": [[75.814558, 26.905064], [75.814558, 26.904955], [75.814496, 26.904811], [75.814248, 26.903946]]}, "properties": {"feature_type": "edge", "u": 754, "v": 772, "edge_key": 0, "length_m": 135.923, "is_bridged": false, "is_bridge": false, "edge_betweenness": 0.0, "width_m": 8.537}}, {"type": "Feature", "geometry": {"type": "LineString", "coordinates": [[75.814739, 26.904972], [75.81486, 26.904936], [75.815041, 26.904917]]}, "properties": {"feature_type": "edge", "u": 756, "v": 759, "edge_key": 0, "length_m": 32.129, "is_bridged": false, "is_bridge": true, "edge_betweenness": 0.0, "width_m": 8.456}}, {"type": "Feature", "geometry": {"type": "LineString", "coordinates": [[75.814739, 26.904972], [75.814698, 26.904918], [75.814698, 26.904864], [75.814657, 26.904792], [75.814657, 26.904738], [75.814616, 26.904666], [75.814616, 26.904612], [75.814575, 26.90454], [75.81441, 26.903981], [75.814369, 26.903927]]}, "properties": {"feature_type": "edge", "u": 756, "v": 774, "edge_key": 0, "length_m": 130.555, "is_bridged": false, "is_bridge": true, "edge_betweenness": 0.0, "width_m": 8.476}}, {"type": "Feature", "geometry": {"type": "LineString", "coordinates": [[75.795626, 26.905027], [75.796631, 26.904642]]}, "properties": {"feature_type": "edge", "u": 757, "v": 763, "edge_key": 0, "length_m": 117.041, "is_bridged": false, "is_bridge": true, "edge_betweenness": 0.0, "width_m": 8.716}}, {"type": "Feature", "geometry": {"type": "LineString", "coordinates": [[75.795626, 26.905027], [75.795606, 26.904937], [75.795361, 26.904487], [75.79536, 26.904397]]}, "properties": {"feature_type": "edge", "u": 757, "v": 767, "edge_key": 0, "length_m": 80.413, "is_bridged": false, "is_bridge": true, "edge_betweenness": 0.0, "width_m": 8.803}}, {"type": "Feature", "geometry": {"type": "LineString", "coordinates": [[75.804165, 26.904979], [75.804165, 26.904889], [75.803981, 26.904528]]}, "properties": {"feature_type": "edge", "u": 758, "v": 762, "edge_key": 0, "length_m": 55.44, "is_bridged": false, "is_bridge": true, "edge_betweenness": 0.0, "width_m": 13.421}}, {"type": "Feature", "geometry": {"type": "LineString", "coordinates": [[75.795302, 26.904722], [75.795099, 26.904489], [75.795039, 26.904489], [75.794958, 26.904543]]}, "properties": {"feature_type": "edge", "u": 761, "v": 765, "edge_key": 0, "length_m": 50.77, "is_bridged": false, "is_bridge": true, "edge_betweenness": 0.0, "width_m": 8.854}}, {"type": "Feature", "geometry": {"type": "LineString", "coordinates": [[75.803981, 26.904528], [75.80388, 26.904457], [75.803879, 26.904349]]}, "properties": {"feature_type": "edge", "u": 762, "v": 766, "edge_key": 0, "length_m": 24.828, "is_bridged": false, "is_bridge": false, "edge_betweenness": 0.0, "width_m": 5.236}}, {"type": "Feature", "geometry": {"type": "LineString", "coordinates": [[75.803981, 26.904528], [75.80396, 26.90442], [75.803879, 26.904349]]}, "properties": {"feature_type": "edge", "u": 762, "v": 766, "edge_key": 1, "length_m": 23.479, "is_bridged": false, "is_bridge": false, "edge_betweenness": 0.0, "width_m": 4.0}}, {"type": "Feature", "geometry": {"type": "LineString", "coordinates": [[75.812963, 26.904441], [75.812983, 26.904405], [75.813906, 26.904002]]}, "properties": {"feature_type": "edge", "u": 764, "v": 769, "edge_key": 0, "length_m": 114.252, "is_bridged": false, "is_bridge": false, "edge_betweenness": 0.0, "width_m": 8.887}}, {"type": "Feature", "geometry": {"type": "LineString", "coordinates": [[75.803879, 26.904349], [75.803839, 26.904385]]}, "properties": {"feature_type": "edge", "u": 766, "v": 820, "edge_key": 0, "length_m": 5.657, "is_bridged": false, "is_bridge": false, "edge_betweenness": 0.0, "width_m": 2.981}}, {"type": "Feature", "geometry": {"type": "LineString", "coordinates": [[75.803839, 26.904385], [75.803879, 26.904349]]}, "properties": {"feature_type": "edge", "u": 766, "v": 820, "edge_key": 1, "length_m": 5.657, "is_bridged": false, "is_bridge": false, "edge_betweenness": 0.0, "width_m": 2.981}}, {"type": "Feature", "geometry": {"type": "LineString", "coordinates": [[75.803879, 26.904349], [75.803778, 26.904259], [75.803777, 26.904169]]}, "properties": {"feature_type": "edge", "u": 766, "v": 768, "edge_key": 0, "length_m": 24.142, "is_bridged": false, "is_bridge": false, "edge_betweenness": 0.0, "width_m": 4.236}}, {"type": "Feature", "geometry": {"type": "LineString", "coordinates": [[75.803879, 26.904349], [75.803858, 26.904222], [75.803777, 26.904169]]}, "properties": {"feature_type": "edge", "u": 766, "v": 768, "edge_key": 1, "length_m": 24.142, "is_bridged": false, "is_bridge": false, "edge_betweenness": 0.0, "width_m": 2.667}}, {"type": "Feature", "geometry": {"type": "LineString", "coordinates": [[75.79536, 26.904397], [75.7953, 26.904379], [75.795055, 26.903929], [75.795055, 26.903893]]}, "properties": {"feature_type": "edge", "u": 767, "v": 779, "edge_key": 0, "length_m": 70.77, "is_bridged": false, "is_bridge": true, "edge_betweenness": 0.0, "width_m": 8.765}}, {"type": "Feature", "geometry": {"type": "LineString", "coordinates": [[75.79536, 26.904397], [75.795501, 26.90436], [75.795641, 26.904287], [75.795682, 26.904287], [75.796766, 26.903847]]}, "properties": {"feature_type": "edge", "u": 767, "v": 781, "edge_key": 0, "length_m": 164.853, "is_bridged": false, "is_bridge": true, "edge_betweenness": 0.0, "width_m": 8.661}}, {"type": "Feature", "geometry": {"type": "LineString", "coordinates": [[75.803777, 26.904169], [75.803676, 26.904097], [75.803614, 26.903953]]}, "properties": {"feature_type": "edge", "u": 768, "v": 775, "edge_key": 0, "length_m": 30.935, "is_bridged": false, "is_bridge": false, "edge_betweenness": 0.0, "width_m": 7.531}}, {"type": "Feature", "geometry": {"type": "LineString", "coordinates": [[75.803777, 26.904169], [75.803776, 26.904042], [75.803735, 26.903952], [75.803695, 26.903934]]}, "properties": {"feature_type": "edge", "u": 768, "v": 776, "edge_key": 0, "length_m": 30.129, "is_bridged": false, "is_bridge": false, "edge_betweenness": 0.0, "width_m": 7.27}}, {"type": "Feature", "geometry": {"type": "LineString", "coordinates": [[75.813906, 26.904002], [75.813947, 26.904038], [75.813987, 26.90402]]}, "properties": {"feature_type": "edge", "u": 769, "v": 770, "edge_key": 0, "length_m": 10.485, "is_bridged": false, "is_bridge": false, "edge_betweenness": 0.0, "width_m": 6.472}}, {"type": "Feature", "geometry": {"type": "LineString", "coordinates": [[75.813906, 26.904002], [75.813886, 26.903948], [75.813966, 26.903912]]}, "properties": {"feature_type": "edge", "u": 769, "v": 773, "edge_key": 0, "length_m": 15.478, "is_bridged": false, "is_bridge": false, "edge_betweenness": 0.0, "width_m": 7.405}}, {"type": "Feature", "geometry": {"type": "LineString", "coordinates": [[75.813987, 26.90402], [75.814047, 26.904001]]}, "properties": {"feature_type": "edge", "u": 770, "v": 771, "edge_key": 0, "length_m": 6.828, "is_bridged": false, "is_bridge": false, "edge_betweenness": 0.0, "width_m": 8.63}}, {"type": "Feature", "geometry": {"type": "LineString", "coordinates": [[75.813987, 26.90402], [75.813966, 26.903912]]}, "properties": {"feature_type": "edge", "u": 770, "v": 773, "edge_key": 0, "length_m": 12.828, "is_bridged": false, "is_bridge": false, "edge_betweenness": 0.0, "width_m": 5.65}}, {"type": "Feature", "geometry": {"type": "LineString", "coordinates": [[75.814047, 26.904001], [75.814248, 26.903946]]}, "properties": {"feature_type": "edge", "u": 771, "v": 772, "edge_key": 0, "length_m": 21.773, "is_bridged": false, "is_bridge": false, "edge_betweenness": 0.0, "width_m": 8.936}}, {"type": "Feature", "geometry": {"type": "LineString", "coordinates": [[75.814047, 26.904001], [75.814047, 26.903965], [75.813966, 26.903912]]}, "properties": {"feature_type": "edge", "u": 771, "v": 773, "edge_key": 0, "length_m": 14.0, "is_bridged": false, "is_bridge": false, "edge_betweenness": 0.0, "width_m": 6.2}}, {"type": "Feature", "geometry": {"type": "LineString", "coordinates": [[75.814248, 26.903946], [75.814227, 26.903838]]}, "properties": {"feature_type": "edge", "u": 772, "v": 777, "edge_key": 0, "length_m": 12.472, "is_bridged": false, "is_bridge": false, "edge_betweenness": 0.0, "width_m": 10.325}}, {"type": "Feature", "geometry": {"type": "LineString", "coordinates": [[75.814248, 26.903946], [75.814369, 26.903927]]}, "properties": {"feature_type": "edge", "u": 772, "v": 774, "edge_key": 0, "length_m": 12.472, "is_bridged": false, "is_bridge": false, "edge_betweenness": 0.0, "width_m": 9.308}}, {"type": "Feature", "geometry": {"type": "LineString", "coordinates": [[75.813966, 26.903912], [75.814227, 26.903838]]}, "properties": {"feature_type": "edge", "u": 773, "v": 777, "edge_key": 0, "length_m": 28.375, "is_bridged": false, "is_bridge": false, "edge_betweenness": 0.0, "width_m": 8.608}}, {"type": "Feature", "geometry": {"type": "LineString", "coordinates": [[75.813966, 26.903912], [75.813925, 26.903822], [75.814084, 26.903532], [75.814145, 26.903549], [75.814227, 26.903838]]}, "properties": {"feature_type": "edge", "u": 773, "v": 777, "edge_key": 1, "length_m": 91.21, "is_bridged": false, "is_bridge": false, "edge_betweenness": 0.0, "width_m": 8.589}}, {"type": "Feature", "geometry": {"type": "LineString", "coordinates": [[75.814369, 26.903927], [75.814328, 26.903819]]}, "properties": {"feature_type": "edge", "u": 774, "v": 778, "edge_key": 0, "length_m": 13.301, "is_bridged": false, "is_bridge": false, "edge_betweenness": 0.0, "width_m": 8.63}}, {"type": "Feature", "geometry": {"type": "LineString", "coordinates": [[75.803614, 26.903953], [75.80337, 26.903503]]}, "properties": {"feature_type": "edge", "u": 775, "v": 785, "edge_key": 0, "length_m": 59.941, "is_bridged": false, "is_bridge": true, "edge_betweenness": 0.0, "width_m": 8.726}}, {"type": "Feature", "geometry": {"type": "LineString", "coordinates": [[75.803614, 26.903953], [75.803695, 26.903934]]}, "properties": {"feature_type": "edge", "u": 775, "v": 776, "edge_key": 0, "length_m": 8.472, "is_bridged": false, "is_bridge": false, "edge_betweenness": 0.0, "width_m": 6.2}}, {"type": "Feature", "geometry": {"type": "LineString", "coordinates": [[75.803695, 26.903934], [75.803694, 26.903862], [75.803552, 26.90361], [75.803531, 26.90352]]}, "properties": {"feature_type": "edge", "u": 776, "v": 784, "edge_key": 0, "length_m": 52.627, "is_bridged": false, "is_bridge": true, "edge_betweenness": 0.0, "width_m": 8.514}}, {"type": "Feature", "geometry": {"type": "LineString", "coordinates": [[75.814227, 26.903838], [75.814328, 26.903819]]}, "properties": {"feature_type": "edge", "u": 777, "v": 778, "edge_key": 0, "length_m": 10.472, "is_bridged": false, "is_bridge": false, "edge_betweenness": 0.0, "width_m": 9.634}}, {"type": "Feature", "geometry": {"type": "LineString", "coordinates": [[75.814328, 26.903819], [75.814307, 26.903675], [75.814245, 26.903513]]}, "properties": {"feature_type": "edge", "u": 778, "v": 783, "edge_key": 0, "length_m": 37.314, "is_bridged": false, "is_bridge": true, "edge_betweenness": 0.0, "width_m": 8.513}}, {"type": "Feature", "geometry": {"type": "LineString", "coordinates": [[75.795055, 26.903893], [75.794893, 26.903876]]}, "properties": {"feature_type": "edge", "u": 779, "v": 780, "edge_key": 0, "length_m": 16.828, "is_bridged": false, "is_bridge": true, "edge_betweenness": 0.0, "width_m": 7.914}}, {"type": "Feature", "geometry": {"type": "LineString", "coordinates": [[75.795055, 26.903893], [75.795094, 26.903802], [75.795757, 26.903528], [75.795817, 26.903527]]}, "properties": {"feature_type": "edge", "u": 779, "v": 786, "edge_key": 0, "length_m": 96.083, "is_bridged": false, "is_bridge": true, "edge_betweenness": 0.0, "width_m": 8.669}}], "meta": {"heal": {"connectivity_ratio_pct": 0.0, "components_before": 5, "components_after": 5, "bridges_added": 0, "bridges_rejected_crossing": 0, "bridges_rejected_corridor": 0}, "simplify": {"nodes_before": 821, "nodes_after": 784, "node_reduction_pct": 4.5, "stubs_pruned": 18, "nodes_collapsed": 19}, "polyline": {"vertices_before": 27642, "vertices_after": 4553, "vertex_reduction_pct": 83.5}, "coordinate_frame": {"coordinates": "wgs84", "crs": "EPSG:4326", "axis_order": "x,y", "length_unit": "metre"}}}