{"type": "FeatureCollection", "features": [{"type": "Feature", "geometry": {"type": "Point", "coordinates": [88.362457, 22.561493]}, "properties": {"feature_type": "node", "node_id": 0, "degree": 1, "type": "endpoint", "betweenness": 0.0, "is_critical": false, "is_articulation": false}}, {"type": "Feature", "geometry": {"type": "Point", "coordinates": [88.362885, 22.56149]}, "properties": {"feature_type": "node", "node_id": 1, "degree": 1, "type": "endpoint", "betweenness": 0.0, "is_critical": false, "is_articulation": false}}, {"type": "Feature", "geometry": {"type": "Point", "coordinates": [88.360259, 22.561494]}, "properties": {"feature_type": "node", "node_id": 2, "degree": 1, "type": "endpoint", "betweenness": 0.0, "is_critical": false, "is_articulation": false}}, {"type": "Feature", "geometry": {"type": "Point", "coordinates": [88.353977, 22.561511]}, "properties": {"feature_type": "node", "node_id": 3, "degree": 1, "type": "endpoint", "betweenness": 0.0, "is_critical": false, "is_articulation": false}}, {"type": "Feature", "geometry": {"type": "Point", "coordinates": [88.357983, 22.561477]}, "properties": {"feature_type": "node", "node_id": 4, "degree": 1, "type": "endpoint", "betweenness": 0.0, "is_critical": false, "is_articulation": false}}, {"type": "Feature", "geometry": {"type": "Point", "coordinates": [88.355008, 22.561484]}, "properties": {"feature_type": "node", "node_id": 5, "degree": 1, "type": "endpoint", "betweenness": 0.0, "is_critical": false, "is_articulation": false}}, {"type": "Feature", "geometry": {"type": "Point", "coordinates": [88.356563, 22.561471]}, "properties": {"feature_type": "node", "node_id": 6, "degree": 1, "type": "endpoint", "betweenness": 0.0, "is_critical": false, "is_articulation": false}}, {"type": "Feature", "geometry": {"type": "Point", "coordinates": [88.357497, 22.561463]}, "properties": {"feature_type": "node", "node_id": 7, "degree": 1, "type": "endpoint", "betweenness": 0.0, "is_critical": false, "is_articulation": false}}, {"type": "Feature", "geometry": {"type": "Point", "coordinates": [88.350729, 22.561502]}, "properties": {"feature_type": "node", "node_id": 8, "degree": 1, "type": "endpoint", "betweenness": 0.0, "is_critical": false, "is_articulation": false}}, {"type": "Feature", "geometry": {"type": "Point", "coordinates": [88.352304, 22.561489]}, "properties": {"feature_type": "node", "node_id": 9, "degree": 1, "type": "endpoint", "betweenness": 0.0, "is_critical": false, "is_articulation": false}}, {"type": "Feature", "geometry": {"type": "Point", "coordinates": [88.353354, 22.56148]}, "properties": {"feature_type": "node", "node_id": 10, "degree": 1, "type": "endpoint", "betweenness": 0.0, "is_critical": false, "is_articulation": false}}, {"type": "Feature", "geometry": {"type": "Point", "coordinates": [88.358411, 22.561419]}, "properties": {"feature_type": "node", "node_id": 11, "degree": 3, "type": "intersection", "betweenness": 0.009399428573770961, "is_critical": false, "is_articulation": true}}, {"type": "Feature", "geometry": {"type": "Point", "coordinates": [88.349465, 22.561494]}, "properties": {"feature_type": "node", "node_id": 12, "degree": 1, "type": "endpoint", "betweenness": 0.0, "is_critical": false, "is_articulation": false}}, {"type": "Feature", "geometry": {"type": "Point", "coordinates": [88.350884, 22.561483]}, "properties": {"feature_type": "node", "node_id": 13, "degree": 1, "type": "endpoint", "betweenness": 0.0, "is_critical": false, "is_articulation": false}}, {"type": "Feature", "geometry": {"type": "Point", "coordinates": [88.346761, 22.561481]}, "properties": {"feature_type": "node", "node_id": 14, "degree": 1, "type": "endpoint", "betweenness": 0.0, "is_critical": false, "is_articulation": false}}, {"type": "Feature", "geometry": {"type": "Point", "coordinates": [88.348006, 22.561471]}, "properties": {"feature_type": "node", "node_id": 15, "degree": 1, "type": "endpoint", "betweenness": 0.0, "is_critical": false, "is_articulation": false}}, {"type": "Feature", "geometry": {"type": "Point", "coordinates": [88.346625, 22.561464]}, "properties": {"feature_type": "node", "node_id": 16, "degree": 1, "type": "endpoint", "betweenness": 0.0, "is_critical": false, "is_articulation": false}}, {"type": "Feature", "geometry": {"type": "Point", "coordinates": [88.358818, 22.561325]}, "properties": {"feature_type": "node", "node_id": 17, "degree": 3, "type": "intersection", "betweenness": 0.006796446827436657, "is_critical": false, "is_articulation": false}}, {"type": "Feature", "geometry": {"type": "Point", "coordinates": [88.355103, 22.561266]}, "properties": {"feature_type": "node", "node_id": 18, "degree": 3, "type": "intersection", "betweenness": 0.0026070809301867994, "is_critical": false, "is_articulation": true}}, {"type": "Feature", "geometry": {"type": "Point", "coordinates": [88.356892, 22.561233]}, "properties": {"feature_type": "node", "node_id": 19, "degree": 1, "type": "endpoint", "betweenness": 0.0, "is_critical": false, "is_articulation": false}}, {"type": "Feature", "geometry": {"type": "Point", "coordinates": [88.359361, 22.561194]}, "properties": {"feature_type": "node", "node_id": 20, "degree": 3, "type": "intersection", "betweenness": 0.0036482736287205214, "is_critical": false, "is_articulation": false}}, {"type": "Feature", "geometry": {"type": "Point", "coordinates": [88.359904, 22.561027]}, "properties": {"feature_type": "node", "node_id": 21, "degree": 3, "type": "intersection", "betweenness": 0.006677570495714303, "is_critical": false, "is_articulation": false}}, {"type": "Feature", "geometry": {"type": "Point", "coordinates": [88.358757, 22.561001]}, "properties": {"feature_type": "node", "node_id": 22, "degree": 3, "type": "intersection", "betweenness": 0.0032219585080610447, "is_critical": false, "is_articulation": true}}, {"type": "Feature", "geometry": {"type": "Point", "coordinates": [88.360118, 22.560989]}, "properties": {"feature_type": "node", "node_id": 23, "degree": 3, "type": "intersection", "betweenness": 0.0051895667572586296, "is_critical": false, "is_articulation": true}}, {"type": "Feature", "geometry": {"type": "Point", "coordinates": [88.355139, 22.560977]}, "properties": {"feature_type": "node", "node_id": 24, "degree": 3, "type": "intersection", "betweenness": 0.00515677328643867, "is_critical": false, "is_articulation": false}}, {"type": "Feature", "geometry": {"type": "Point", "coordinates": [88.348233, 22.560836]}, "properties": {"feature_type": "node", "node_id": 25, "degree": 6, "type": "intersection", "betweenness": 0.0052100626765211044, "is_critical": false, "is_articulation": true}}, {"type": "Feature", "geometry": {"type": "Point", "coordinates": [88.364745, 22.560769]}, "properties": {"feature_type": "node", "node_id": 26, "degree": 1, "type": "endpoint", "betweenness": 0.0, "is_critical": false, "is_articulation": false}}, {"type": "Feature", "geometry": {"type": "Point", "coordinates": [88.353834, 22.560825]}, "properties": {"feature_type": "node", "node_id": 27, "degree": 4, "type": "intersection", "betweenness": 0.007989309328512693, "is_critical": false, "is_articulation": true}}, {"type": "Feature", "geometry": {"type": "Point", "coordinates": [88.35926, 22.560762]}, "properties": {"feature_type": "node", "node_id": 28, "degree": 3, "type": "intersection", "betweenness": 0.003074387889371226, "is_critical": false, "is_articulation": false}}, {"type": "Feature", "geometry": {"type": "Point", "coordinates": [88.360718, 22.560731]}, "properties": {"feature_type": "node", "node_id": 29, "degree": 3, "type": "intersection", "betweenness": 0.004603383466351849, "is_critical": false, "is_articulation": false}}, {"type": "Feature", "geometry": {"type": "Point", "coordinates": [88.360193, 22.560718]}, "properties": {"feature_type": "node", "node_id": 30, "degree": 1, "type": "endpoint", "betweenness": 0.0, "is_critical": false, "is_articulation": false}}, {"type": "Feature", "geometry": {"type": "Point", "coordinates": [88.354125, 22.560751]}, "properties": {"feature_type": "node", "node_id": 31, "degree": 3, "type": "intersection", "betweenness": 0.007157175006456214, "is_critical": false, "is_articulation": false}}, {"type": "Feature", "geometry": {"type": "Point", "coordinates": [88.348641, 22.560779]}, "properties": {"feature_type": "node", "node_id": 32, "degree": 1, "type": "endpoint", "betweenness": 0.0, "is_critical": false, "is_articulation": false}}, {"type": "Feature", "geometry": {"type": "Point", "coordinates": [88.350644, 22.560744]}, "properties": {"feature_type": "node", "node_id": 33, "degree": 3, "type": "intersection", "betweenness": 0.0026070809301867994, "is_critical": false, "is_articulation": true}}, {"type": "Feature", "geometry": {"type": "Point", "coordinates": [88.350799, 22.560725]}, "properties": {"feature_type": "node", "node_id": 34, "degree": 4, "type": "intersection", "betweenness": 0.007189968477276174, "is_critical": false, "is_articulation": true}}, {"type": "Feature", "geometry": {"type": "Point", "coordinates": [88.348309, 22.560709]}, "properties": {"feature_type": "node", "node_id": 35, "degree": 3, "type": "intersection", "betweenness": 0.0, "is_critical": false, "is_articulation": false}}, {"type": "Feature", "geometry": {"type": "Point", "coordinates": [88.354513, 22.560639]}, "properties": {"feature_type": "node", "node_id": 36, "degree": 3, "type": "intersection", "betweenness": 0.008042598718595128, "is_critical": false, "is_articulation": false}}, {"type": "Feature", "geometry": {"type": "Point", "coordinates": [88.362895, 22.56055]}, "properties": {"feature_type": "node", "node_id": 37, "degree": 3, "type": "intersection", "betweenness": 0.0052100626765211044, "is_critical": false, "is_articulation": true}}, {"type": "Feature", "geometry": {"type": "Point", "coordinates": [88.348308, 22.560601]}, "properties": {"feature_type": "node", "node_id": 38, "degree": 6, "type": "intersection", "betweenness": 0.010379133514517259, "is_critical": false, "is_articulation": true}}, {"type": "Feature", "geometry": {"type": "Point", "coordinates": [88.35212, 22.560569]}, "properties": {"feature_type": "node", "node_id": 39, "degree": 3, "type": "intersection", "betweenness": 0.0026070809301867994, "is_critical": false, "is_articulation": true}}, {"type": "Feature", "geometry": {"type": "Point", "coordinates": [88.355037, 22.560526]}, "properties": {"feature_type": "node", "node_id": 40, "degree": 3, "type": "intersection", "betweenness": 0.02562809744579854, "is_critical": false, "is_articulation": false}}, {"type": "Feature", "geometry": {"type": "Point", "coordinates": [88.348366, 22.560546]}, "properties": {"feature_type": "node", "node_id": 41, "degree": 4, "type": "intersection", "betweenness": 0.012891933216096675, "is_critical": false, "is_articulation": false}}, {"type": "Feature", "geometry": {"type": "Point", "coordinates": [88.354978, 22.560491]}, "properties": {"feature_type": "node", "node_id": 42, "degree": 3, "type": "intersection", "betweenness": 0.02456640882800234, "is_critical": false, "is_articulation": false}}, {"type": "Feature", "geometry": {"type": "Point", "coordinates": [88.355834, 22.560483]}, "properties": {"feature_type": "node", "node_id": 43, "degree": 1, "type": "endpoint", "betweenness": 0.0, "is_critical": false, "is_articulation": false}}, {"type": "Feature", "geometry": {"type": "Point", "coordinates": [88.360074, 22.56043]}, "properties": {"feature_type": "node", "node_id": 44, "degree": 3, "type": "intersection", "betweenness": 0.0026234776655967794, "is_critical": false, "is_articulation": true}}, {"type": "Feature", "geometry": {"type": "Point", "coordinates": [88.361474, 22.5604]}, "properties": {"feature_type": "node", "node_id": 45, "degree": 3, "type": "intersection", "betweenness": 0.004976409196928891, "is_critical": false, "is_articulation": false}}, {"type": "Feature", "geometry": {"type": "Point", "coordinates": [88.348307, 22.560511]}, "properties": {"feature_type": "node", "node_id": 46, "degree": 3, "type": "intersection", "betweenness": 4.9190206229939615e-05, "is_critical": false, "is_articulation": false}}, {"type": "Feature", "geometry": {"type": "Point", "coordinates": [88.348404, 22.560474]}, "properties": {"feature_type": "node", "node_id": 47, "degree": 3, "type": "intersection", "betweenness": 0.015449823940053535, "is_critical": false, "is_articulation": false}}, {"type": "Feature", "geometry": {"type": "Point", "coordinates": [88.36227, 22.560339]}, "properties": {"feature_type": "node", "node_id": 48, "degree": 4, "type": "intersection", "betweenness": 0.010391431066074744, "is_critical": false, "is_articulation": true}}, {"type": "Feature", "geometry": {"type": "Point", "coordinates": [88.348326, 22.560456]}, "properties": {"feature_type": "node", "node_id": 49, "degree": 3, "type": "intersection", "betweenness": 0.002609130522113047, "is_critical": false, "is_articulation": false}}, {"type": "Feature", "geometry": {"type": "Point", "coordinates": [88.348423, 22.560419]}, "properties": {"feature_type": "node", "node_id": 50, "degree": 3, "type": "intersection", "betweenness": 0.017993367520526663, "is_critical": false, "is_articulation": false}}, {"type": "Feature", "geometry": {"type": "Point", "coordinates": [88.361745, 22.560325]}, "properties": {"feature_type": "node", "node_id": 51, "degree": 3, "type": "intersection", "betweenness": 0.004095084668642473, "is_critical": false, "is_articulation": false}}, {"type": "Feature", "geometry": {"type": "Point", "coordinates": [88.360539, 22.560317]}, "properties": {"feature_type": "node", "node_id": 52, "degree": 3, "type": "intersection", "betweenness": 0.00452139978930195, "is_critical": false, "is_articulation": false}}, {"type": "Feature", "geometry": {"type": "Point", "coordinates": [88.348345, 22.560402]}, "properties": {"feature_type": "node", "node_id": 53, "degree": 3, "type": "intersection", "betweenness": 0.0051444757348811845, "is_critical": false, "is_articulation": false}}, {"type": "Feature", "geometry": {"type": "Point", "coordinates": [88.359644, 22.560289]}, "properties": {"feature_type": "node", "node_id": 54, "degree": 3, "type": "intersection", "betweenness": 0.005906923931445249, "is_critical": false, "is_articulation": false}}, {"type": "Feature", "geometry": {"type": "Point", "coordinates": [88.348423, 22.560347]}, "properties": {"feature_type": "node", "node_id": 55, "degree": 4, "type": "intersection", "betweenness": 0.028226980008280347, "is_critical": false, "is_articulation": true}}, {"type": "Feature", "geometry": {"type": "Point", "coordinates": [88.348578, 22.56031]}, "properties": {"feature_type": "node", "node_id": 56, "degree": 3, "type": "intersection", "betweenness": 0.0331541989989793, "is_critical": false, "is_articulation": true}}, {"type": "Feature", "geometry": {"type": "Point", "coordinates": [88.359974, 22.560196]}, "properties": {"feature_type": "node", "node_id": 57, "degree": 4, "type": "intersection", "betweenness": 0.00769006890728056, "is_critical": false, "is_articulation": false}}, {"type": "Feature", "geometry": {"type": "Point", "coordinates": [88.361316, 22.560148]}, "properties": {"feature_type": "node", "node_id": 58, "degree": 3, "type": "intersection", "betweenness": 0.005902824747592753, "is_critical": false, "is_articulation": false}}, {"type": "Feature", "geometry": {"type": "Point", "coordinates": [88.361432, 22.560147]}, "properties": {"feature_type": "node", "node_id": 59, "degree": 3, "type": "intersection", "betweenness": 0.0037425548573279056, "is_critical": false, "is_articulation": false}}, {"type": "Feature", "geometry": {"type": "Point", "coordinates": [88.357134, 22.560129]}, "properties": {"feature_type": "node", "node_id": 60, "degree": 3, "type": "intersection", "betweenness": 0.004960012461518911, "is_critical": false, "is_articulation": true}}, {"type": "Feature", "geometry": {"type": "Point", "coordinates": [88.360459, 22.560047]}, "properties": {"feature_type": "node", "node_id": 61, "degree": 4, "type": "intersection", "betweenness": 0.007399026853753417, "is_critical": false, "is_articulation": false}}, {"type": "Feature", "geometry": {"type": "Point", "coordinates": [88.348381, 22.560113]}, "properties": {"feature_type": "node", "node_id": 62, "degree": 3, "type": "intersection", "betweenness": 0.002656271136416739, "is_critical": false, "is_articulation": true}}, {"type": "Feature", "geometry": {"type": "Point", "coordinates": [88.348576, 22.560111]}, "properties": {"feature_type": "node", "node_id": 63, "degree": 3, "type": "intersection", "betweenness": 0.03560551094277129, "is_critical": false, "is_articulation": false}}, {"type": "Feature", "geometry": {"type": "Point", "coordinates": [88.348459, 22.560094]}, "properties": {"feature_type": "node", "node_id": 64, "degree": 3, "type": "intersection", "betweenness": 0.00510758308020873, "is_critical": false, "is_articulation": false}}, {"type": "Feature", "geometry": {"type": "Point", "coordinates": [88.360789, 22.559972]}, "properties": {"feature_type": "node", "node_id": 65, "degree": 4, "type": "intersection", "betweenness": 0.0018159384466552707, "is_critical": false, "is_articulation": false}}, {"type": "Feature", "geometry": {"type": "Point", "coordinates": [88.353748, 22.559977]}, "properties": {"feature_type": "node", "node_id": 66, "degree": 3, "type": "intersection", "betweenness": 0.006784149275879172, "is_critical": false, "is_articulation": true}}, {"type": "Feature", "geometry": {"type": "Point", "coordinates": [88.355732, 22.559942]}, "properties": {"feature_type": "node", "node_id": 67, "degree": 3, "type": "intersection", "betweenness": 0.023279265098318923, "is_critical": false, "is_articulation": true}}, {"type": "Feature", "geometry": {"type": "Point", "coordinates": [88.359854, 22.559889]}, "properties": {"feature_type": "node", "node_id": 68, "degree": 3, "type": "intersection", "betweenness": 0.009694569811150598, "is_critical": false, "is_articulation": false}}, {"type": "Feature", "geometry": {"type": "Point", "coordinates": [88.354292, 22.559918]}, "properties": {"feature_type": "node", "node_id": 69, "degree": 1, "type": "endpoint", "betweenness": 0.0, "is_critical": false, "is_articulation": false}}, {"type": "Feature", "geometry": {"type": "Point", "coordinates": [88.361118, 22.559861]}, "properties": {"feature_type": "node", "node_id": 70, "degree": 3, "type": "intersection", "betweenness": 0.009801148591315468, "is_critical": false, "is_articulation": false}}, {"type": "Feature", "geometry": {"type": "Point", "coordinates": [88.358026, 22.559869]}, "properties": {"feature_type": "node", "node_id": 71, "degree": 3, "type": "intersection", "betweenness": 0.010903829047636614, "is_critical": false, "is_articulation": false}}, {"type": "Feature", "geometry": {"type": "Point", "coordinates": [88.364521, 22.559778]}, "properties": {"feature_type": "node", "node_id": 72, "degree": 1, "type": "endpoint", "betweenness": 0.0, "is_critical": false, "is_articulation": false}}, {"type": "Feature", "geometry": {"type": "Point", "coordinates": [88.364735, 22.559758]}, "properties": {"feature_type": "node", "node_id": 73, "degree": 1, "type": "endpoint", "betweenness": 0.0, "is_critical": false, "is_articulation": false}}, {"type": "Feature", "geometry": {"type": "Point", "coordinates": [88.360301, 22.559777]}, "properties": {"feature_type": "node", "node_id": 74, "degree": 3, "type": "intersection", "betweenness": 0.014396333689962328, "is_critical": false, "is_articulation": false}}, {"type": "Feature", "geometry": {"type": "Point", "coordinates": [88.361973, 22.559763]}, "properties": {"feature_type": "node", "node_id": 75, "degree": 4, "type": "intersection", "betweenness": 0.016540206844817197, "is_critical": false, "is_articulation": false}}, {"type": "Feature", "geometry": {"type": "Point", "coordinates": [88.359794, 22.559727]}, "properties": {"feature_type": "node", "node_id": 76, "degree": 3, "type": "intersection", "betweenness": 0.005902824747592753, "is_critical": false, "is_articulation": false}}, {"type": "Feature", "geometry": {"type": "Point", "coordinates": [88.34865, 22.559767]}, "properties": {"feature_type": "node", "node_id": 77, "degree": 3, "type": "intersection", "betweenness": 0.04567310648449893, "is_critical": false, "is_articulation": true}}, {"type": "Feature", "geometry": {"type": "Point", "coordinates": [88.350653, 22.559732]}, "properties": {"feature_type": "node", "node_id": 78, "degree": 3, "type": "intersection", "betweenness": 0.012826346274456755, "is_critical": false, "is_articulation": false}}, {"type": "Feature", "geometry": {"type": "Point", "coordinates": [88.356624, 22.559682]}, "properties": {"feature_type": "node", "node_id": 79, "degree": 1, "type": "endpoint", "betweenness": 0.0, "is_critical": false, "is_articulation": false}}, {"type": "Feature", "geometry": {"type": "Point", "coordinates": [88.360279, 22.559597]}, "properties": {"feature_type": "node", "node_id": 80, "degree": 4, "type": "intersection", "betweenness": 0.02464429332119975, "is_critical": false, "is_articulation": false}}, {"type": "Feature", "geometry": {"type": "Point", "coordinates": [88.345985, 22.559681]}, "properties": {"feature_type": "node", "node_id": 81, "degree": 3, "type": "intersection", "betweenness": 0.00021548043117948547, "is_critical": false, "is_articulation": true}}, {"type": "Feature", "geometry": {"type": "Point", "coordinates": [88.360609, 22.55954]}, "properties": {"feature_type": "node", "node_id": 82, "degree": 3, "type": "intersection", "betweenness": 0.004730458165779193, "is_critical": false, "is_articulation": true}}, {"type": "Feature", "geometry": {"type": "Point", "coordinates": [88.346062, 22.559662]}, "properties": {"feature_type": "node", "node_id": 83, "degree": 3, "type": "intersection", "betweenness": 0.00021712010472048346, "is_critical": false, "is_articulation": true}}, {"type": "Feature", "geometry": {"type": "Point", "coordinates": [88.361037, 22.559518]}, "properties": {"feature_type": "node", "node_id": 84, "degree": 3, "type": "intersection", "betweenness": 0.011588392751003275, "is_critical": false, "is_articulation": false}}, {"type": "Feature", "geometry": {"type": "Point", "coordinates": [88.345965, 22.559627]}, "properties": {"feature_type": "node", "node_id": 85, "degree": 3, "type": "intersection", "betweenness": 0.0003904472619501456, "is_critical": false, "is_articulation": false}}, {"type": "Feature", "geometry": {"type": "Point", "coordinates": [88.360784, 22.559502]}, "properties": {"feature_type": "node", "node_id": 86, "degree": 1, "type": "endpoint", "betweenness": 0.0, "is_critical": false, "is_articulation": false}}, {"type": "Feature", "geometry": {"type": "Point", "coordinates": [88.346043, 22.559608]}, "properties": {"feature_type": "node", "node_id": 87, "degree": 3, "type": "intersection", "betweenness": 0.00039639107853626333, "is_critical": false, "is_articulation": false}}, {"type": "Feature", "geometry": {"type": "Point", "coordinates": [88.345945, 22.559573]}, "properties": {"feature_type": "node", "node_id": 88, "degree": 3, "type": "intersection", "betweenness": 0.0005510669492370734, "is_critical": false, "is_articulation": false}}, {"type": "Feature", "geometry": {"type": "Point", "coordinates": [88.351993, 22.559522]}, "properties": {"feature_type": "node", "node_id": 89, "degree": 3, "type": "intersection", "betweenness": 0.01024795963123742, "is_critical": false, "is_articulation": false}}, {"type": "Feature", "geometry": {"type": "Point", "coordinates": [88.362281, 22.559435]}, "properties": {"feature_type": "node", "node_id": 90, "degree": 3, "type": "intersection", "betweenness": 0.002803841755106558, "is_critical": false, "is_articulation": false}}, {"type": "Feature", "geometry": {"type": "Point", "coordinates": [88.346023, 22.559554]}, "properties": {"feature_type": "node", "node_id": 91, "degree": 3, "type": "intersection", "betweenness": 0.0005637060994489329, "is_critical": false, "is_articulation": false}}, {"type": "Feature", "geometry": {"type": "Point", "coordinates": [88.345925, 22.559519]}, "properties": {"feature_type": "node", "node_id": 92, "degree": 3, "type": "intersection", "betweenness": 0.0006918739145702758, "is_critical": false, "is_articulation": false}}, {"type": "Feature", "geometry": {"type": "Point", "coordinates": [88.346003, 22.5595]}, "properties": {"feature_type": "node", "node_id": 93, "degree": 3, "type": "intersection", "betweenness": 0.0007146243849516228, "is_critical": false, "is_articulation": false}}, {"type": "Feature", "geometry": {"type": "Point", "coordinates": [88.360238, 22.559344]}, "properties": {"feature_type": "node", "node_id": 94, "degree": 4, "type": "intersection", "betweenness": 0.029182089845911675, "is_critical": false, "is_articulation": false}}, {"type": "Feature", "geometry": {"type": "Point", "coordinates": [88.345905, 22.559465]}, "properties": {"feature_type": "node", "node_id": 95, "degree": 3, "type": "intersection", "betweenness": 0.0008115017633322537, "is_critical": false, "is_articulation": false}}, {"type": "Feature", "geometry": {"type": "Point", "coordinates": [88.358546, 22.559359]}, "properties": {"feature_type": "node", "node_id": 96, "degree": 1, "type": "endpoint", "betweenness": 0.0, "is_critical": false, "is_articulation": false}}, {"type": "Feature", "geometry": {"type": "Point", "coordinates": [88.345983, 22.559446]}, "properties": {"feature_type": "node", "node_id": 97, "degree": 3, "type": "intersection", "betweenness": 0.000850512329661831, "is_critical": false, "is_articulation": false}}, {"type": "Feature", "geometry": {"type": "Point", "coordinates": [88.352692, 22.55939]}, "properties": {"feature_type": "node", "node_id": 98, "degree": 3, "type": "intersection", "betweenness": 0.019512115137876047, "is_critical": false, "is_articulation": false}}, {"type": "Feature", "geometry": {"type": "Point", "coordinates": [88.359654, 22.559313]}, "properties": {"feature_type": "node", "node_id": 99, "degree": 3, "type": "intersection", "betweenness": 0.009961016761562773, "is_critical": false, "is_articulation": false}}, {"type": "Feature", "geometry": {"type": "Point", "coordinates": [88.345865, 22.559357]}, "properties": {"feature_type": "node", "node_id": 100, "degree": 5, "type": "intersection", "betweenness": 0.0013568298551758344, "is_critical": false, "is_articulation": false}}, {"type": "Feature", "geometry": {"type": "Point", "coordinates": [88.361696, 22.559278]}, "properties": {"feature_type": "node", "node_id": 101, "degree": 3, "type": "intersection", "betweenness": 0.01925796573902136, "is_critical": false, "is_articulation": false}}, {"type": "Feature", "geometry": {"type": "Point", "coordinates": [88.358973, 22.559283]}, "properties": {"feature_type": "node", "node_id": 102, "degree": 3, "type": "intersection", "betweenness": 0.022484023430934898, "is_critical": false, "is_articulation": false}}, {"type": "Feature", "geometry": {"type": "Point", "coordinates": [88.345963, 22.559392]}, "properties": {"feature_type": "node", "node_id": 103, "degree": 3, "type": "intersection", "betweenness": 0.0009592090214838225, "is_critical": false, "is_articulation": false}}, {"type": "Feature", "geometry": {"type": "Point", "coordinates": [88.356503, 22.559286]}, "properties": {"feature_type": "node", "node_id": 104, "degree": 3, "type": "intersection", "betweenness": 0.025943734602440652, "is_critical": false, "is_articulation": true}}, {"type": "Feature", "geometry": {"type": "Point", "coordinates": [88.359323, 22.559262]}, "properties": {"feature_type": "node", "node_id": 105, "degree": 3, "type": "intersection", "betweenness": 0.016158982746535162, "is_critical": false, "is_articulation": false}}, {"type": "Feature", "geometry": {"type": "Point", "coordinates": [88.36049, 22.559234]}, "properties": {"feature_type": "node", "node_id": 106, "degree": 3, "type": "intersection", "betweenness": 0.002070087845509959, "is_critical": false, "is_articulation": false}}, {"type": "Feature", "geometry": {"type": "Point", "coordinates": [88.360956, 22.559212]}, "properties": {"feature_type": "node", "node_id": 107, "degree": 3, "type": "intersection", "betweenness": 0.03353542309726133, "is_critical": false, "is_articulation": false}}, {"type": "Feature", "geometry": {"type": "Point", "coordinates": [88.345943, 22.559338]}, "properties": {"feature_type": "node", "node_id": 108, "degree": 3, "type": "intersection", "betweenness": 0.0006599686002516899, "is_critical": false, "is_articulation": false}}, {"type": "Feature", "geometry": {"type": "Point", "coordinates": [88.353663, 22.559255]}, "properties": {"feature_type": "node", "node_id": 109, "degree": 3, "type": "intersection", "betweenness": 0.021721575234370835, "is_critical": false, "is_articulation": false}}, {"type": "Feature", "geometry": {"type": "Point", "coordinates": [88.350474, 22.559264]}, "properties": {"feature_type": "node", "node_id": 110, "degree": 3, "type": "intersection", "betweenness": 0.003057991153961246, "is_critical": false, "is_articulation": false}}, {"type": "Feature", "geometry": {"type": "Point", "coordinates": [88.362181, 22.559147]}, "properties": {"feature_type": "node", "node_id": 111, "degree": 3, "type": "intersection", "betweenness": 0.0028653295128939827, "is_critical": false, "is_articulation": false}}, {"type": "Feature", "geometry": {"type": "Point", "coordinates": [88.345923, 22.559284]}, "properties": {"feature_type": "node", "node_id": 112, "degree": 3, "type": "intersection", "betweenness": 0.0009879033084512873, "is_critical": false, "is_articulation": false}}, {"type": "Feature", "geometry": {"type": "Point", "coordinates": [88.35059, 22.559245]}, "properties": {"feature_type": "node", "node_id": 113, "degree": 3, "type": "intersection", "betweenness": 0.010625084545666956, "is_critical": false, "is_articulation": false}}, {"type": "Feature", "geometry": {"type": "Point", "coordinates": [88.360567, 22.559143]}, "properties": {"feature_type": "node", "node_id": 114, "degree": 3, "type": "intersection", "betweenness": 0.002184864993379818, "is_critical": false, "is_articulation": false}}, {"type": "Feature", "geometry": {"type": "Point", "coordinates": [88.361539, 22.559153]}, "properties": {"feature_type": "node", "node_id": 115, "degree": 3, "type": "intersection", "betweenness": 0.03148583117101385, "is_critical": false, "is_articulation": false}}, {"type": "Feature", "geometry": {"type": "Point", "coordinates": [88.360489, 22.559125]}, "properties": {"feature_type": "node", "node_id": 116, "degree": 3, "type": "intersection", "betweenness": 0.004595185098646859, "is_critical": false, "is_articulation": false}}, {"type": "Feature", "geometry": {"type": "Point", "coordinates": [88.364728, 22.559089]}, "properties": {"feature_type": "node", "node_id": 117, "degree": 1, "type": "endpoint", "betweenness": 0.0, "is_critical": false, "is_articulation": false}}, {"type": "Feature", "geometry": {"type": "Point", "coordinates": [88.356813, 22.55912]}, "properties": {"feature_type": "node", "node_id": 118, "degree": 3, "type": "intersection", "betweenness": 0.03235895733159528, "is_critical": false, "is_articulation": false}}, {"type": "Feature", "geometry": {"type": "Point", "coordinates": [88.360625, 22.559106]}, "properties": {"feature_type": "node", "node_id": 119, "degree": 3, "type": "intersection", "betweenness": 0.030432340920922642, "is_critical": false, "is_articulation": false}}, {"type": "Feature", "geometry": {"type": "Point", "coordinates": [88.35479, 22.559083]}, "properties": {"feature_type": "node", "node_id": 120, "degree": 3, "type": "intersection", "betweenness": 0.02794823550631069, "is_critical": false, "is_articulation": false}}, {"type": "Feature", "geometry": {"type": "Point", "coordinates": [88.350588, 22.559064]}, "properties": {"feature_type": "node", "node_id": 121, "degree": 4, "type": "intersection", "betweenness": 0.014306151645207437, "is_critical": false, "is_articulation": true}}, {"type": "Feature", "geometry": {"type": "Point", "coordinates": [88.361246, 22.559011]}, "properties": {"feature_type": "node", "node_id": 122, "degree": 1, "type": "endpoint", "betweenness": 0.0, "is_critical": false, "is_articulation": false}}, {"type": "Feature", "geometry": {"type": "Point", "coordinates": [88.361518, 22.558972]}, "properties": {"feature_type": "node", "node_id": 123, "degree": 4, "type": "intersection", "betweenness": 0.02249222179863989, "is_critical": false, "is_articulation": true}}, {"type": "Feature", "geometry": {"type": "Point", "coordinates": [88.355003, 22.559045]}, "properties": {"feature_type": "node", "node_id": 124, "degree": 1, "type": "endpoint", "betweenness": 0.0, "is_critical": false, "is_articulation": false}}, {"type": "Feature", "geometry": {"type": "Point", "coordinates": [88.355198, 22.559044]}, "properties": {"feature_type": "node", "node_id": 125, "degree": 1, "type": "endpoint", "betweenness": 0.0, "is_critical": false, "is_articulation": false}}, {"type": "Feature", "geometry": {"type": "Point", "coordinates": [88.350452, 22.559047]}, "properties": {"feature_type": "node", "node_id": 126, "degree": 3, "type": "intersection", "betweenness": 0.004709962246516718, "is_critical": false, "is_articulation": false}}, {"type": "Feature", "geometry": {"type": "Point", "coordinates": [88.360506, 22.558945]}, "properties": {"feature_type": "node", "node_id": 127, "degree": 3, "type": "intersection", "betweenness": 0.036917249775569684, "is_critical": false, "is_articulation": false}}, {"type": "Feature", "geometry": {"type": "Point", "coordinates": [88.345765, 22.559069]}, "properties": {"feature_type": "node", "node_id": 128, "degree": 3, "type": "intersection", "betweenness": 0.0011746894526633081, "is_critical": false, "is_articulation": false}}, {"type": "Feature", "geometry": {"type": "Point", "coordinates": [88.345843, 22.55905]}, "properties": {"feature_type": "node", "node_id": 129, "degree": 3, "type": "intersection", "betweenness": 0.001077607115090052, "is_critical": false, "is_articulation": false}}, {"type": "Feature", "geometry": {"type": "Point", "coordinates": [88.351113, 22.559006]}, "properties": {"feature_type": "node", "node_id": 130, "degree": 1, "type": "endpoint", "betweenness": 0.0, "is_critical": false, "is_articulation": false}}, {"type": "Feature", "geometry": {"type": "Point", "coordinates": [88.345745, 22.559015]}, "properties": {"feature_type": "node", "node_id": 131, "degree": 3, "type": "intersection", "betweenness": 0.0012475182857759686, "is_critical": false, "is_articulation": false}}, {"type": "Feature", "geometry": {"type": "Point", "coordinates": [88.36037, 22.55891]}, "properties": {"feature_type": "node", "node_id": 132, "degree": 3, "type": "intersection", "betweenness": 0.06694787067894782, "is_critical": false, "is_articulation": false}}, {"type": "Feature", "geometry": {"type": "Point", "coordinates": [88.345823, 22.558996]}, "properties": {"feature_type": "node", "node_id": 133, "degree": 3, "type": "intersection", "betweenness": 0.0011438089343078458, "is_critical": false, "is_articulation": false}}, {"type": "Feature", "geometry": {"type": "Point", "coordinates": [88.362353, 22.558839]}, "properties": {"feature_type": "node", "node_id": 135, "degree": 3, "type": "intersection", "betweenness": 0.0065873884509594135, "is_critical": false, "is_articulation": false}}, {"type": "Feature", "geometry": {"type": "Point", "coordinates": [88.345725, 22.558961]}, "properties": {"feature_type": "node", "node_id": 136, "degree": 3, "type": "intersection", "betweenness": 0.0012957520157736598, "is_critical": false, "is_articulation": false}}, {"type": "Feature", "geometry": {"type": "Point", "coordinates": [88.36105, 22.558832]}, "properties": {"feature_type": "node", "node_id": 137, "degree": 1, "type": "endpoint", "betweenness": 0.0, "is_critical": false, "is_articulation": false}}, {"type": "Feature", "geometry": {"type": "Point", "coordinates": [88.345803, 22.558942]}, "properties": {"feature_type": "node", "node_id": 138, "degree": 3, "type": "intersection", "betweenness": 0.0011987379979312787, "is_critical": false, "is_articulation": false}}, {"type": "Feature", "geometry": {"type": "Point", "coordinates": [88.361225, 22.558812]}, "properties": {"feature_type": "node", "node_id": 139, "degree": 3, "type": "intersection", "betweenness": 0.008145078314907501, "is_critical": false, "is_articulation": true}}, {"type": "Feature", "geometry": {"type": "Point", "coordinates": [88.361458, 22.55881]}, "properties": {"feature_type": "node", "node_id": 140, "degree": 3, "type": "intersection", "betweenness": 0.02062709314575468, "is_critical": false, "is_articulation": false}}, {"type": "Feature", "geometry": {"type": "Point", "coordinates": [88.345705, 22.558907]}, "properties": {"feature_type": "node", "node_id": 141, "degree": 3, "type": "intersection", "betweenness": 0.0013193906426563803, "is_critical": false, "is_articulation": false}}, {"type": "Feature", "geometry": {"type": "Point", "coordinates": [88.35259, 22.558849]}, "properties": {"feature_type": "node", "node_id": 142, "degree": 3, "type": "intersection", "betweenness": 0.011231763755836212, "is_critical": false, "is_articulation": true}}, {"type": "Feature", "geometry": {"type": "Point", "coordinates": [88.360291, 22.558802]}, "properties": {"feature_type": "node", "node_id": 143, "degree": 3, "type": "intersection", "betweenness": 0.06894827239896537, "is_critical": false, "is_articulation": false}}, {"type": "Feature", "geometry": {"type": "Point", "coordinates": [88.350431, 22.558849]}, "properties": {"feature_type": "node", "node_id": 144, "degree": 3, "type": "intersection", "betweenness": 0.0067493062131329645, "is_critical": false, "is_articulation": false}}, {"type": "Feature", "geometry": {"type": "Point", "coordinates": [88.345783, 22.558888]}, "properties": {"feature_type": "node", "node_id": 145, "degree": 3, "type": "intersection", "betweenness": 0.0012427359046147245, "is_critical": false, "is_articulation": false}}, {"type": "Feature", "geometry": {"type": "Point", "coordinates": [88.350547, 22.558848]}, "properties": {"feature_type": "node", "node_id": 146, "degree": 3, "type": "intersection", "betweenness": 0.016134387643420192, "is_critical": false, "is_articulation": false}}, {"type": "Feature", "geometry": {"type": "Point", "coordinates": [88.345685, 22.558853]}, "properties": {"feature_type": "node", "node_id": 147, "degree": 3, "type": "intersection", "betweenness": 0.0013163845744978842, "is_critical": false, "is_articulation": false}}, {"type": "Feature", "geometry": {"type": "Point", "coordinates": [88.36276, 22.558727]}, "properties": {"feature_type": "node", "node_id": 148, "degree": 3, "type": "intersection", "betweenness": 0.00703829867473386, "is_critical": false, "is_articulation": false}}, {"type": "Feature", "geometry": {"type": "Point", "coordinates": [88.352939, 22.558792]}, "properties": {"feature_type": "node", "node_id": 149, "degree": 1, "type": "endpoint", "betweenness": 0.0, "is_critical": false, "is_articulation": false}}, {"type": "Feature", "geometry": {"type": "Point", "coordinates": [88.345763, 22.558834]}, "properties": {"feature_type": "node", "node_id": 150, "degree": 3, "type": "intersection", "betweenness": 0.0012809266341738026, "is_critical": false, "is_articulation": false}}, {"type": "Feature", "geometry": {"type": "Point", "coordinates": [88.345625, 22.558672]}, "properties": {"feature_type": "node", "node_id": 151, "degree": 8, "type": "intersection", "betweenness": 0.001549491496243098, "is_critical": false, "is_articulation": false}}, {"type": "Feature", "geometry": {"type": "Point", "coordinates": [88.363109, 22.558634]}, "properties": {"feature_type": "node", "node_id": 152, "degree": 3, "type": "intersection", "betweenness": 0.00764087870105062, "is_critical": false, "is_articulation": false}}, {"type": "Feature", "geometry": {"type": "Point", "coordinates": [88.345743, 22.55878]}, "properties": {"feature_type": "node", "node_id": 153, "degree": 3, "type": "intersection", "betweenness": 0.001274846178125935, "is_critical": false, "is_articulation": false}}, {"type": "Feature", "geometry": {"type": "Point", "coordinates": [88.363051, 22.558634]}, "properties": {"feature_type": "node", "node_id": 154, "degree": 3, "type": "intersection", "betweenness": 0.005111682264061225, "is_critical": false, "is_articulation": false}}, {"type": "Feature", "geometry": {"type": "Point", "coordinates": [88.345723, 22.558726]}, "properties": {"feature_type": "node", "node_id": 155, "degree": 3, "type": "intersection", "betweenness": 0.0010370935146812269, "is_critical": false, "is_articulation": false}}, {"type": "Feature", "geometry": {"type": "Point", "coordinates": [88.350409, 22.55865]}, "properties": {"feature_type": "node", "node_id": 156, "degree": 3, "type": "intersection", "betweenness": 0.008099987292530057, "is_critical": false, "is_articulation": false}}, {"type": "Feature", "geometry": {"type": "Point", "coordinates": [88.350526, 22.558649]}, "properties": {"feature_type": "node", "node_id": 157, "degree": 3, "type": "intersection", "betweenness": 0.02018643088161147, "is_critical": false, "is_articulation": false}}, {"type": "Feature", "geometry": {"type": "Point", "coordinates": [88.345703, 22.558672]}, "properties": {"feature_type": "node", "node_id": 158, "degree": 3, "type": "intersection", "betweenness": 0.0009961016761562771, "is_critical": false, "is_articulation": false}}, {"type": "Feature", "geometry": {"type": "Point", "coordinates": [88.345683, 22.558618]}, "properties": {"feature_type": "node", "node_id": 159, "degree": 3, "type": "intersection", "betweenness": 0.0009961016761562771, "is_critical": false, "is_articulation": false}}, {"type": "Feature", "geometry": {"type": "Point", "coordinates": [88.350525, 22.558559]}, "properties": {"feature_type": "node", "node_id": 160, "degree": 3, "type": "intersection", "betweenness": 0.03863070862591258, "is_critical": false, "is_articulation": false}}, {"type": "Feature", "geometry": {"type": "Point", "coordinates": [88.345663, 22.558564]}, "properties": {"feature_type": "node", "node_id": 161, "degree": 3, "type": "intersection", "betweenness": 0.001008399227713762, "is_critical": false, "is_articulation": false}}, {"type": "Feature", "geometry": {"type": "Point", "coordinates": [88.363515, 22.558377]}, "properties": {"feature_type": "node", "node_id": 162, "degree": 3, "type": "intersection", "betweenness": 0.00509938471250374, "is_critical": false, "is_articulation": true}}, {"type": "Feature", "geometry": {"type": "Point", "coordinates": [88.360287, 22.558386]}, "properties": {"feature_type": "node", "node_id": 163, "degree": 3, "type": "intersection", "betweenness": 0.07434689753270123, "is_critical": true, "is_articulation": false}}, {"type": "Feature", "geometry": {"type": "Point", "coordinates": [88.345643, 22.55851]}, "properties": {"feature_type": "node", "node_id": 164, "degree": 3, "type": "intersection", "betweenness": 0.0014921029223081683, "is_critical": false, "is_articulation": false}}, {"type": "Feature", "geometry": {"type": "Point", "coordinates": [88.350485, 22.558451]}, "properties": {"feature_type": "node", "node_id": 165, "degree": 3, "type": "intersection", "betweenness": 0.031137400543551776, "is_critical": false, "is_articulation": false}}, {"type": "Feature", "geometry": {"type": "Point", "coordinates": [88.363262, 22.558343]}, "properties": {"feature_type": "node", "node_id": 166, "degree": 3, "type": "intersection", "betweenness": 0.014560301044062127, "is_critical": false, "is_articulation": false}}, {"type": "Feature", "geometry": {"type": "Point", "coordinates": [88.350407, 22.558452]}, "properties": {"feature_type": "node", "node_id": 167, "degree": 3, "type": "intersection", "betweenness": 0.008657476296469372, "is_critical": false, "is_articulation": false}}, {"type": "Feature", "geometry": {"type": "Point", "coordinates": [88.356903, 22.558379]}, "properties": {"feature_type": "node", "node_id": 168, "degree": 3, "type": "intersection", "betweenness": 0.031854757717738394, "is_critical": false, "is_articulation": false}}, {"type": "Feature", "geometry": {"type": "Point", "coordinates": [88.345545, 22.558456]}, "properties": {"feature_type": "node", "node_id": 169, "degree": 3, "type": "intersection", "betweenness": 0.0008982678215433972, "is_critical": false, "is_articulation": false}}, {"type": "Feature", "geometry": {"type": "Point", "coordinates": [88.362639, 22.558312]}, "properties": {"feature_type": "node", "node_id": 170, "degree": 3, "type": "intersection", "betweenness": 0.005870031276772794, "is_critical": false, "is_articulation": false}}, {"type": "Feature", "geometry": {"type": "Point", "coordinates": [88.345623, 22.558456]}, "properties": {"feature_type": "node", "node_id": 171, "degree": 3, "type": "intersection", "betweenness": 0.0014424344779621044, "is_critical": false, "is_articulation": false}}, {"type": "Feature", "geometry": {"type": "Point", "coordinates": [88.3598, 22.558318]}, "properties": {"feature_type": "node", "node_id": 172, "degree": 3, "type": "intersection", "betweenness": 0.05267451250456034, "is_critical": false, "is_articulation": false}}, {"type": "Feature", "geometry": {"type": "Point", "coordinates": [88.363942, 22.558283]}, "properties": {"feature_type": "node", "node_id": 173, "degree": 3, "type": "intersection", "betweenness": 0.0026070809301867994, "is_critical": false, "is_articulation": true}}, {"type": "Feature", "geometry": {"type": "Point", "coordinates": [88.345525, 22.558402]}, "properties": {"feature_type": "node", "node_id": 174, "degree": 3, "type": "intersection", "betweenness": 0.0008422456422259662, "is_critical": false, "is_articulation": false}}, {"type": "Feature", "geometry": {"type": "Point", "coordinates": [88.364623, 22.558259]}, "properties": {"feature_type": "node", "node_id": 175, "degree": 1, "type": "endpoint", "betweenness": 0.0, "is_critical": false, "is_articulation": false}}, {"type": "Feature", "geometry": {"type": "Point", "coordinates": [88.345603, 22.558402]}, "properties": {"feature_type": "node", "node_id": 176, "degree": 3, "type": "intersection", "betweenness": 0.0013505444399353418, "is_critical": false, "is_articulation": false}}, {"type": "Feature", "geometry": {"type": "Point", "coordinates": [88.35766, 22.558264]}, "properties": {"feature_type": "node", "node_id": 177, "degree": 4, "type": "intersection", "betweenness": 0.03975798418534869, "is_critical": false, "is_articulation": false}}, {"type": "Feature", "geometry": {"type": "Point", "coordinates": [88.345505, 22.558348]}, "properties": {"feature_type": "node", "node_id": 178, "degree": 3, "type": "intersection", "betweenness": 0.0007575291759410701, "is_critical": false, "is_articulation": false}}, {"type": "Feature", "geometry": {"type": "Point", "coordinates": [88.345583, 22.558348]}, "properties": {"feature_type": "node", "node_id": 179, "degree": 3, "type": "intersection", "betweenness": 0.001255580014019209, "is_critical": false, "is_articulation": false}}, {"type": "Feature", "geometry": {"type": "Point", "coordinates": [88.352467, 22.558272]}, "properties": {"feature_type": "node", "node_id": 180, "degree": 3, "type": "intersection", "betweenness": 0.027952334690163186, "is_critical": false, "is_articulation": false}}, {"type": "Feature", "geometry": {"type": "Point", "coordinates": [88.345485, 22.558294]}, "properties": {"feature_type": "node", "node_id": 181, "degree": 3, "type": "intersection", "betweenness": 0.0006454848173062076, "is_critical": false, "is_articulation": false}}, {"type": "Feature", "geometry": {"type": "Point", "coordinates": [88.345563, 22.558294]}, "properties": {"feature_type": "node", "node_id": 182, "degree": 3, "type": "intersection", "betweenness": 0.0011537836150155838, "is_critical": false, "is_articulation": false}}, {"type": "Feature", "geometry": {"type": "Point", "coordinates": [88.350425, 22.558235]}, "properties": {"feature_type": "node", "node_id": 183, "degree": 3, "type": "intersection", "betweenness": 0.04036056421166545, "is_critical": false, "is_articulation": false}}, {"type": "Feature", "geometry": {"type": "Point", "coordinates": [88.345465, 22.55824]}, "properties": {"feature_type": "node", "node_id": 184, "degree": 3, "type": "intersection", "betweenness": 0.0005047461717038803, "is_critical": false, "is_articulation": false}}, {"type": "Feature", "geometry": {"type": "Point", "coordinates": [88.345543, 22.55824]}, "properties": {"feature_type": "node", "node_id": 185, "degree": 3, "type": "intersection", "betweenness": 0.0010489128281225874, "is_critical": false, "is_articulation": false}}, {"type": "Feature", "geometry": {"type": "Point", "coordinates": [88.352933, 22.558178]}, "properties": {"feature_type": "node", "node_id": 186, "degree": 3, "type": "intersection", "betweenness": 0.02033195190837504, "is_critical": false, "is_articulation": false}}, {"type": "Feature", "geometry": {"type": "Point", "coordinates": [88.350404, 22.558145]}, "properties": {"feature_type": "node", "node_id": 187, "degree": 4, "type": "intersection", "betweenness": 0.04214780837135326, "is_critical": false, "is_articulation": true}}, {"type": "Feature", "geometry": {"type": "Point", "coordinates": [88.345405, 22.55806]}, "properties": {"feature_type": "node", "node_id": 188, "degree": 8, "type": "intersection", "betweenness": 0.0003730257305770421, "is_critical": false, "is_articulation": false}}, {"type": "Feature", "geometry": {"type": "Point", "coordinates": [88.345523, 22.558186]}, "properties": {"feature_type": "node", "node_id": 189, "degree": 3, "type": "intersection", "betweenness": 0.0009018204475488929, "is_critical": false, "is_articulation": false}}, {"type": "Feature", "geometry": {"type": "Point", "coordinates": [88.358708, 22.558039]}, "properties": {"feature_type": "node", "node_id": 190, "degree": 3, "type": "intersection", "betweenness": 0.036716389766797426, "is_critical": false, "is_articulation": false}}, {"type": "Feature", "geometry": {"type": "Point", "coordinates": [88.363259, 22.557982]}, "properties": {"feature_type": "node", "node_id": 192, "degree": 3, "type": "intersection", "betweenness": 0.016892736656131762, "is_critical": false, "is_articulation": false}}, {"type": "Feature", "geometry": {"type": "Point", "coordinates": [88.345503, 22.558132]}, "properties": {"feature_type": "node", "node_id": 193, "degree": 3, "type": "intersection", "betweenness": 0.0007091588064816294, "is_critical": false, "is_articulation": false}}, {"type": "Feature", "geometry": {"type": "Point", "coordinates": [88.363103, 22.557983]}, "properties": {"feature_type": "node", "node_id": 194, "degree": 3, "type": "intersection", "betweenness": 0.01713868768728146, "is_critical": false, "is_articulation": true}}, {"type": "Feature", "geometry": {"type": "Point", "coordinates": [88.345483, 22.558078]}, "properties": {"feature_type": "node", "node_id": 195, "degree": 3, "type": "intersection", "betweenness": 0.0005492906362343257, "is_critical": false, "is_articulation": false}}, {"type": "Feature", "geometry": {"type": "Point", "coordinates": [88.359019, 22.557964]}, "properties": {"feature_type": "node", "node_id": 196, "degree": 3, "type": "intersection", "betweenness": 0.06604605023139892, "is_critical": false, "is_articulation": false}}, {"type": "Feature", "geometry": {"type": "Point", "coordinates": [88.345463, 22.558023]}, "properties": {"feature_type": "node", "node_id": 198, "degree": 3, "type": "intersection", "betweenness": 0.00040172001754450686, "is_critical": false, "is_articulation": false}}, {"type": "Feature", "geometry": {"type": "Point", "coordinates": [88.359524, 22.557905]}, "properties": {"feature_type": "node", "node_id": 199, "degree": 1, "type": "endpoint", "betweenness": 0.0, "is_critical": false, "is_articulation": false}}, {"type": "Feature", "geometry": {"type": "Point", "coordinates": [88.360146, 22.557882]}, "properties": {"feature_type": "node", "node_id": 200, "degree": 3, "type": "intersection", "betweenness": 0.02816139306664043, "is_critical": false, "is_articulation": true}}, {"type": "Feature", "geometry": {"type": "Point", "coordinates": [88.350383, 22.557928]}, "properties": {"feature_type": "node", "node_id": 201, "degree": 4, "type": "intersection", "betweenness": 0.04282007452316244, "is_critical": false, "is_articulation": true}}, {"type": "Feature", "geometry": {"type": "Point", "coordinates": [88.35472, 22.55791]}, "properties": {"feature_type": "node", "node_id": 202, "degree": 3, "type": "intersection", "betweenness": 0.040376960947075435, "is_critical": false, "is_articulation": false}}, {"type": "Feature", "geometry": {"type": "Point", "coordinates": [88.345443, 22.557969]}, "properties": {"feature_type": "node", "node_id": 203, "degree": 3, "type": "intersection", "betweenness": 0.00029924042123213266, "is_critical": false, "is_articulation": false}}, {"type": "Feature", "geometry": {"type": "Point", "coordinates": [88.362401, 22.557809]}, "properties": {"feature_type": "node", "node_id": 204, "degree": 3, "type": "intersection", "betweenness": 0.0245172186217724, "is_critical": false, "is_articulation": false}}, {"type": "Feature", "geometry": {"type": "Point", "coordinates": [88.363062, 22.557785]}, "properties": {"feature_type": "node", "node_id": 205, "degree": 1, "type": "endpoint", "betweenness": 0.0, "is_critical": false, "is_articulation": false}}, {"type": "Feature", "geometry": {"type": "Point", "coordinates": [88.345423, 22.557915]}, "properties": {"feature_type": "node", "node_id": 206, "degree": 3, "type": "intersection", "betweenness": 0.00018856245721476852, "is_critical": false, "is_articulation": false}}, {"type": "Feature", "geometry": {"type": "Point", "coordinates": [88.361409, 22.557745]}, "properties": {"feature_type": "node", "node_id": 207, "degree": 3, "type": "intersection", "betweenness": 0.030834060938467148, "is_critical": false, "is_articulation": false}}, {"type": "Feature", "geometry": {"type": "Point", "coordinates": [88.36207, 22.557739]}, "properties": {"feature_type": "node", "node_id": 208, "degree": 3, "type": "intersection", "betweenness": 0.019237469819758886, "is_critical": false, "is_articulation": false}}, {"type": "Feature", "geometry": {"type": "Point", "coordinates": [88.363567, 22.557726]}, "properties": {"feature_type": "node", "node_id": 209, "degree": 3, "type": "intersection", "betweenness": 0.007542498288590741, "is_critical": false, "is_articulation": false}}, {"type": "Feature", "geometry": {"type": "Point", "coordinates": [88.358997, 22.557729]}, "properties": {"feature_type": "node", "node_id": 210, "degree": 3, "type": "intersection", "betweenness": 0.06547626367590212, "is_critical": false, "is_articulation": true}}, {"type": "Feature", "geometry": {"type": "Point", "coordinates": [88.359405, 22.557744]}, "properties": {"feature_type": "node", "node_id": 211, "degree": 1, "type": "endpoint", "betweenness": 0.0, "is_critical": false, "is_articulation": false}}, {"type": "Feature", "geometry": {"type": "Point", "coordinates": [88.345344, 22.557772]}, "properties": {"feature_type": "node", "node_id": 212, "degree": 3, "type": "intersection", "betweenness": 0.0002049591926247484, "is_critical": false, "is_articulation": true}}, {"type": "Feature", "geometry": {"type": "Point", "coordinates": [88.360805, 22.557696]}, "properties": {"feature_type": "node", "node_id": 213, "degree": 3, "type": "intersection", "betweenness": 0.029501826186406285, "is_critical": false, "is_articulation": false}}, {"type": "Feature", "geometry": {"type": "Point", "coordinates": [88.35923, 22.557709]}, "properties": {"feature_type": "node", "node_id": 214, "degree": 3, "type": "intersection", "betweenness": 0.0052100626765211044, "is_critical": false, "is_articulation": true}}, {"type": "Feature", "geometry": {"type": "Point", "coordinates": [88.361291, 22.557673]}, "properties": {"feature_type": "node", "node_id": 215, "degree": 3, "type": "intersection", "betweenness": 0.03302712429955196, "is_critical": false, "is_articulation": false}}, {"type": "Feature", "geometry": {"type": "Point", "coordinates": [88.361155, 22.557657]}, "properties": {"feature_type": "node", "node_id": 216, "degree": 3, "type": "intersection", "betweenness": 0.020508216814032323, "is_critical": false, "is_articulation": false}}, {"type": "Feature", "geometry": {"type": "Point", "coordinates": [88.360416, 22.557645]}, "properties": {"feature_type": "node", "node_id": 217, "degree": 3, "type": "intersection", "betweenness": 0.05764682251763673, "is_critical": false, "is_articulation": false}}, {"type": "Feature", "geometry": {"type": "Point", "coordinates": [88.361757, 22.557615]}, "properties": {"feature_type": "node", "node_id": 218, "degree": 3, "type": "intersection", "betweenness": 0.016450024800062305, "is_critical": false, "is_articulation": false}}, {"type": "Feature", "geometry": {"type": "Point", "coordinates": [88.363566, 22.5576]}, "properties": {"feature_type": "node", "node_id": 219, "degree": 3, "type": "intersection", "betweenness": 0.0078007468712979235, "is_critical": false, "is_articulation": false}}, {"type": "Feature", "geometry": {"type": "Point", "coordinates": [88.361348, 22.557492]}, "properties": {"feature_type": "node", "node_id": 220, "degree": 3, "type": "intersection", "betweenness": 0.018540608564834738, "is_critical": false, "is_articulation": false}}, {"type": "Feature", "geometry": {"type": "Point", "coordinates": [88.359247, 22.557492]}, "properties": {"feature_type": "node", "node_id": 221, "degree": 1, "type": "endpoint", "betweenness": 0.0, "is_critical": false, "is_articulation": false}}, {"type": "Feature", "geometry": {"type": "Point", "coordinates": [88.359733, 22.55747]}, "properties": {"feature_type": "node", "node_id": 222, "degree": 1, "type": "endpoint", "betweenness": 0.0, "is_critical": false, "is_articulation": false}}, {"type": "Feature", "geometry": {"type": "Point", "coordinates": [88.360433, 22.557446]}, "properties": {"feature_type": "node", "node_id": 223, "degree": 3, "type": "intersection", "betweenness": 0.07328520891490503, "is_critical": true, "is_articulation": false}}, {"type": "Feature", "geometry": {"type": "Point", "coordinates": [88.36123, 22.557403]}, "properties": {"feature_type": "node", "node_id": 224, "degree": 3, "type": "intersection", "betweenness": 0.021184582149693994, "is_critical": false, "is_articulation": false}}, {"type": "Feature", "geometry": {"type": "Point", "coordinates": [88.362339, 22.557376]}, "properties": {"feature_type": "node", "node_id": 225, "degree": 3, "type": "intersection", "betweenness": 0.016343446019897435, "is_critical": false, "is_articulation": false}}, {"type": "Feature", "geometry": {"type": "Point", "coordinates": [88.355862, 22.557394]}, "properties": {"feature_type": "node", "node_id": 226, "degree": 1, "type": "endpoint", "betweenness": 0.0, "is_critical": false, "is_articulation": false}}, {"type": "Feature", "geometry": {"type": "Point", "coordinates": [88.345263, 22.557447]}, "properties": {"feature_type": "node", "node_id": 227, "degree": 1, "type": "endpoint", "betweenness": 0.0, "is_critical": false, "is_articulation": false}}, {"type": "Feature", "geometry": {"type": "Point", "coordinates": [88.363096, 22.557297]}, "properties": {"feature_type": "node", "node_id": 228, "degree": 1, "type": "endpoint", "betweenness": 0.0, "is_critical": false, "is_articulation": false}}, {"type": "Feature", "geometry": {"type": "Point", "coordinates": [88.363427, 22.557276]}, "properties": {"feature_type": "node", "node_id": 229, "degree": 3, "type": "intersection", "betweenness": 0.010559497604027038, "is_critical": false, "is_articulation": true}}, {"type": "Feature", "geometry": {"type": "Point", "coordinates": [88.359672, 22.557199]}, "properties": {"feature_type": "node", "node_id": 230, "degree": 3, "type": "intersection", "betweenness": 0.05646215838426569, "is_critical": false, "is_articulation": true}}, {"type": "Feature", "geometry": {"type": "Point", "coordinates": [88.358914, 22.55717]}, "properties": {"feature_type": "node", "node_id": 231, "degree": 3, "type": "intersection", "betweenness": 0.11888043090620656, "is_critical": true, "is_articulation": false}}, {"type": "Feature", "geometry": {"type": "Point", "coordinates": [88.359769, 22.557181]}, "properties": {"feature_type": "node", "node_id": 232, "degree": 3, "type": "intersection", "betweenness": 0.05559313140753675, "is_critical": false, "is_articulation": true}}, {"type": "Feature", "geometry": {"type": "Point", "coordinates": [88.360041, 22.55716]}, "properties": {"feature_type": "node", "node_id": 233, "degree": 3, "type": "intersection", "betweenness": 0.05367471336456911, "is_critical": false, "is_articulation": false}}, {"type": "Feature", "geometry": {"type": "Point", "coordinates": [88.364047, 22.557108]}, "properties": {"feature_type": "node", "node_id": 234, "degree": 3, "type": "intersection", "betweenness": 0.0026070809301867994, "is_critical": false, "is_articulation": true}}, {"type": "Feature", "geometry": {"type": "Point", "coordinates": [88.360819, 22.557081]}, "properties": {"feature_type": "node", "node_id": 235, "degree": 3, "type": "intersection", "betweenness": 0.04583707383859873, "is_critical": false, "is_articulation": false}}, {"type": "Feature", "geometry": {"type": "Point", "coordinates": [88.361284, 22.556969]}, "properties": {"feature_type": "node", "node_id": 236, "degree": 3, "type": "intersection", "betweenness": 0.0395079339703465, "is_critical": false, "is_articulation": false}}, {"type": "Feature", "geometry": {"type": "Point", "coordinates": [88.35403, 22.557012]}, "properties": {"feature_type": "node", "node_id": 237, "degree": 1, "type": "endpoint", "betweenness": 0.0, "is_critical": false, "is_articulation": false}}, {"type": "Feature", "geometry": {"type": "Point", "coordinates": [88.364745, 22.556885]}, "properties": {"feature_type": "node", "node_id": 238, "degree": 1, "type": "endpoint", "betweenness": 0.0, "is_critical": false, "is_articulation": false}}, {"type": "Feature", "geometry": {"type": "Point", "coordinates": [88.363364, 22.556879]}, "properties": {"feature_type": "node", "node_id": 239, "degree": 3, "type": "intersection", "betweenness": 0.01217047685805756, "is_critical": false, "is_articulation": false}}, {"type": "Feature", "geometry": {"type": "Point", "coordinates": [88.361925, 22.556819]}, "properties": {"feature_type": "node", "node_id": 240, "degree": 3, "type": "intersection", "betweenness": 0.03450692967030264, "is_critical": false, "is_articulation": false}}, {"type": "Feature", "geometry": {"type": "Point", "coordinates": [88.354651, 22.556826]}, "properties": {"feature_type": "node", "node_id": 241, "degree": 4, "type": "intersection", "betweenness": 0.13010809547819027, "is_critical": true, "is_articulation": false}}, {"type": "Feature", "geometry": {"type": "Point", "coordinates": [88.362235, 22.556744]}, "properties": {"feature_type": "node", "node_id": 242, "degree": 4, "type": "intersection", "betweenness": 0.0831724403671229, "is_critical": true, "is_articulation": false}}, {"type": "Feature", "geometry": {"type": "Point", "coordinates": [88.354923, 22.556788]}, "properties": {"feature_type": "node", "node_id": 243, "degree": 3, "type": "intersection", "betweenness": 0.11634303610151218, "is_critical": true, "is_articulation": true}}, {"type": "Feature", "geometry": {"type": "Point", "coordinates": [88.362721, 22.556686]}, "properties": {"feature_type": "node", "node_id": 244, "degree": 4, "type": "intersection", "betweenness": 0.04465650888908018, "is_critical": false, "is_articulation": false}}, {"type": "Feature", "geometry": {"type": "Point", "coordinates": [88.363615, 22.55666]}, "properties": {"feature_type": "node", "node_id": 245, "degree": 3, "type": "intersection", "betweenness": 0.025021418235629284, "is_critical": false, "is_articulation": false}}, {"type": "Feature", "geometry": {"type": "Point", "coordinates": [88.363362, 22.556644]}, "properties": {"feature_type": "node", "node_id": 246, "degree": 3, "type": "intersection", "betweenness": 0.027480928547126266, "is_critical": false, "is_articulation": false}}, {"type": "Feature", "geometry": {"type": "Point", "coordinates": [88.35391, 22.556652]}, "properties": {"feature_type": "node", "node_id": 247, "degree": 3, "type": "intersection", "betweenness": 0.09055916966931883, "is_critical": true, "is_articulation": true}}, {"type": "Feature", "geometry": {"type": "Point", "coordinates": [88.360561, 22.556596]}, "properties": {"feature_type": "node", "node_id": 248, "degree": 3, "type": "intersection", "betweenness": 0.031838360982328416, "is_critical": false, "is_articulation": false}}, {"type": "Feature", "geometry": {"type": "Point", "coordinates": [88.363653, 22.556588]}, "properties": {"feature_type": "node", "node_id": 249, "degree": 3, "type": "intersection", "betweenness": 0.018020012215567878, "is_critical": false, "is_articulation": false}}, {"type": "Feature", "geometry": {"type": "Point", "coordinates": [88.35284, 22.556625]}, "properties": {"feature_type": "node", "node_id": 250, "degree": 3, "type": "intersection", "betweenness": 0.09257186894089386, "is_critical": true, "is_articulation": false}}, {"type": "Feature", "geometry": {"type": "Point", "coordinates": [88.356612, 22.556521]}, "properties": {"feature_type": "node", "node_id": 251, "degree": 4, "type": "intersection", "betweenness": 0.13695783169570938, "is_critical": true, "is_articulation": false}}, {"type": "Feature", "geometry": {"type": "Point", "coordinates": [88.359509, 22.55646]}, "properties": {"feature_type": "node", "node_id": 252, "degree": 1, "type": "endpoint", "betweenness": 0.0, "is_critical": false, "is_articulation": false}}, {"type": "Feature", "geometry": {"type": "Point", "coordinates": [88.363827, 22.556406]}, "properties": {"feature_type": "node", "node_id": 253, "degree": 3, "type": "intersection", "betweenness": 0.012924726686916634, "is_critical": false, "is_articulation": false}}, {"type": "Feature", "geometry": {"type": "Point", "coordinates": [88.357272, 22.556389]}, "properties": {"feature_type": "node", "node_id": 254, "degree": 4, "type": "intersection", "betweenness": 0.11583063811995031, "is_critical": true, "is_articulation": false}}, {"type": "Feature", "geometry": {"type": "Point", "coordinates": [88.363962, 22.55635]}, "properties": {"feature_type": "node", "node_id": 255, "degree": 3, "type": "intersection", "betweenness": 0.007772052584330459, "is_critical": false, "is_articulation": true}}, {"type": "Feature", "geometry": {"type": "Point", "coordinates": [88.356513, 22.556287]}, "properties": {"feature_type": "node", "node_id": 256, "degree": 3, "type": "intersection", "betweenness": 0.037245184483769275, "is_critical": false, "is_articulation": false}}, {"type": "Feature", "geometry": {"type": "Point", "coordinates": [88.364719, 22.556217]}, "properties": {"feature_type": "node", "node_id": 257, "degree": 1, "type": "endpoint", "betweenness": 0.0, "is_critical": false, "is_articulation": false}}, {"type": "Feature", "geometry": {"type": "Point", "coordinates": [88.35865, 22.556124]}, "properties": {"feature_type": "node", "node_id": 258, "degree": 3, "type": "intersection", "betweenness": 0.13435484994937508, "is_critical": true, "is_articulation": false}}, {"type": "Feature", "geometry": {"type": "Point", "coordinates": [88.363493, 22.556065]}, "properties": {"feature_type": "node", "node_id": 259, "degree": 3, "type": "intersection", "betweenness": 5.738857393492955e-05, "is_critical": false, "is_articulation": false}}, {"type": "Feature", "geometry": {"type": "Point", "coordinates": [88.362598, 22.556055]}, "properties": {"feature_type": "node", "node_id": 260, "degree": 3, "type": "intersection", "betweenness": 0.0026070809301867994, "is_critical": false, "is_articulation": true}}, {"type": "Feature", "geometry": {"type": "Point", "coordinates": [88.363687, 22.556045]}, "properties": {"feature_type": "node", "node_id": 261, "degree": 3, "type": "intersection", "betweenness": 6.148775778742451e-05, "is_critical": false, "is_articulation": false}}, {"type": "Feature", "geometry": {"type": "Point", "coordinates": [88.362228, 22.556058]}, "properties": {"feature_type": "node", "node_id": 262, "degree": 1, "type": "endpoint", "betweenness": 0.0, "is_critical": false, "is_articulation": false}}, {"type": "Feature", "geometry": {"type": "Point", "coordinates": [88.35721, 22.556046]}, "properties": {"feature_type": "node", "node_id": 263, "degree": 4, "type": "intersection", "betweenness": 0.030829961754614655, "is_critical": false, "is_articulation": false}}, {"type": "Feature", "geometry": {"type": "Point", "coordinates": [88.363881, 22.55599]}, "properties": {"feature_type": "node", "node_id": 264, "degree": 3, "type": "intersection", "betweenness": 0.0026070809301867994, "is_critical": false, "is_articulation": true}}, {"type": "Feature", "geometry": {"type": "Point", "coordinates": [88.350189, 22.556051]}, "properties": {"feature_type": "node", "node_id": 265, "degree": 3, "type": "intersection", "betweenness": 0.08827182507962664, "is_critical": true, "is_articulation": true}}, {"type": "Feature", "geometry": {"type": "Point", "coordinates": [88.358863, 22.55596]}, "properties": {"feature_type": "node", "node_id": 266, "degree": 3, "type": "intersection", "betweenness": 0.0632135141893249, "is_critical": false, "is_articulation": false}}, {"type": "Feature", "geometry": {"type": "Point", "coordinates": [88.350189, 22.555979]}, "properties": {"feature_type": "node", "node_id": 267, "degree": 3, "type": "intersection", "betweenness": 0.16425019778562086, "is_critical": true, "is_articulation": false}}, {"type": "Feature", "geometry": {"type": "Point", "coordinates": [88.363859, 22.555791]}, "properties": {"feature_type": "node", "node_id": 268, "degree": 1, "type": "endpoint", "betweenness": 0.0, "is_critical": false, "is_articulation": false}}, {"type": "Feature", "geometry": {"type": "Point", "coordinates": [88.345287, 22.555929]}, "properties": {"feature_type": "node", "node_id": 269, "degree": 1, "type": "endpoint", "betweenness": 0.0, "is_critical": false, "is_articulation": false}}, {"type": "Feature", "geometry": {"type": "Point", "coordinates": [88.352735, 22.555849]}, "properties": {"feature_type": "node", "node_id": 270, "degree": 3, "type": "intersection", "betweenness": 0.1015080897393329, "is_critical": true, "is_articulation": false}}, {"type": "Feature", "geometry": {"type": "Point", "coordinates": [88.353493, 22.555806]}, "properties": {"feature_type": "node", "node_id": 271, "degree": 3, "type": "intersection", "betweenness": 0.012486114014699672, "is_critical": false, "is_articulation": false}}, {"type": "Feature", "geometry": {"type": "Point", "coordinates": [88.354407, 22.555799]}, "properties": {"feature_type": "node", "node_id": 272, "degree": 3, "type": "intersection", "betweenness": 0.011367036822968546, "is_critical": false, "is_articulation": false}}, {"type": "Feature", "geometry": {"type": "Point", "coordinates": [88.356312, 22.555692]}, "properties": {"feature_type": "node", "node_id": 273, "degree": 3, "type": "intersection", "betweenness": 0.023406339797746267, "is_critical": false, "is_articulation": false}}, {"type": "Feature", "geometry": {"type": "Point", "coordinates": [88.358062, 22.555587]}, "properties": {"feature_type": "node", "node_id": 274, "degree": 3, "type": "intersection", "betweenness": 0.018802956331394418, "is_critical": false, "is_articulation": false}}, {"type": "Feature", "geometry": {"type": "Point", "coordinates": [88.356311, 22.555512]}, "properties": {"feature_type": "node", "node_id": 275, "degree": 3, "type": "intersection", "betweenness": 0.018024111399420374, "is_critical": false, "is_articulation": false}}, {"type": "Feature", "geometry": {"type": "Point", "coordinates": [88.364712, 22.555459]}, "properties": {"feature_type": "node", "node_id": 276, "degree": 1, "type": "endpoint", "betweenness": 0.0, "is_critical": false, "is_articulation": false}}, {"type": "Feature", "geometry": {"type": "Point", "coordinates": [88.360414, 22.555441]}, "properties": {"feature_type": "node", "node_id": 277, "degree": 4, "type": "intersection", "betweenness": 0.05282208312325016, "is_critical": false, "is_articulation": false}}, {"type": "Feature", "geometry": {"type": "Point", "coordinates": [88.350086, 22.555456]}, "properties": {"feature_type": "node", "node_id": 278, "degree": 4, "type": "intersection", "betweenness": 0.14531196838709412, "is_critical": true, "is_articulation": true}}, {"type": "Feature", "geometry": {"type": "Point", "coordinates": [88.354229, 22.555439]}, "properties": {"feature_type": "node", "node_id": 279, "degree": 3, "type": "intersection", "betweenness": 0.022672585888149667, "is_critical": false, "is_articulation": false}}, {"type": "Feature", "geometry": {"type": "Point", "coordinates": [88.357068, 22.555397]}, "properties": {"feature_type": "node", "node_id": 280, "degree": 4, "type": "intersection", "betweenness": 0.01564658476497329, "is_critical": false, "is_articulation": true}}, {"type": "Feature", "geometry": {"type": "Point", "coordinates": [88.350105, 22.555365]}, "properties": {"feature_type": "node", "node_id": 281, "degree": 3, "type": "intersection", "betweenness": 0.14473398346389232, "is_critical": true, "is_articulation": false}}, {"type": "Feature", "geometry": {"type": "Point", "coordinates": [88.350046, 22.555275]}, "properties": {"feature_type": "node", "node_id": 282, "degree": 3, "type": "intersection", "betweenness": 0.1002824337674369, "is_critical": true, "is_articulation": true}}, {"type": "Feature", "geometry": {"type": "Point", "coordinates": [88.345262, 22.555316]}, "properties": {"feature_type": "node", "node_id": 283, "degree": 1, "type": "endpoint", "betweenness": 0.0, "is_critical": false, "is_articulation": false}}, {"type": "Feature", "geometry": {"type": "Point", "coordinates": [88.357689, 22.555211]}, "properties": {"feature_type": "node", "node_id": 284, "degree": 1, "type": "endpoint", "betweenness": 0.0, "is_critical": false, "is_articulation": false}}, {"type": "Feature", "geometry": {"type": "Point", "coordinates": [88.364728, 22.555151]}, "properties": {"feature_type": "node", "node_id": 285, "degree": 1, "type": "endpoint", "betweenness": 0.0, "is_critical": false, "is_articulation": false}}, {"type": "Feature", "geometry": {"type": "Point", "coordinates": [88.361538, 22.555088]}, "properties": {"feature_type": "node", "node_id": 286, "degree": 4, "type": "intersection", "betweenness": 0.09653577972625649, "is_critical": true, "is_articulation": false}}, {"type": "Feature", "geometry": {"type": "Point", "coordinates": [88.350045, 22.555167]}, "properties": {"feature_type": "node", "node_id": 287, "degree": 3, "type": "intersection", "betweenness": 0.09977823415358002, "is_critical": true, "is_articulation": false}}, {"type": "Feature", "geometry": {"type": "Point", "coordinates": [88.3502, 22.55513]}, "properties": {"feature_type": "node", "node_id": 288, "degree": 4, "type": "intersection", "betweenness": 0.09020254067415177, "is_critical": true, "is_articulation": false}}, {"type": "Feature", "geometry": {"type": "Point", "coordinates": [88.358718, 22.555112]}, "properties": {"feature_type": "node", "node_id": 289, "degree": 3, "type": "intersection", "betweenness": 0.06034408549257842, "is_critical": false, "is_articulation": false}}, {"type": "Feature", "geometry": {"type": "Point", "coordinates": [88.354108, 22.555061]}, "properties": {"feature_type": "node", "node_id": 290, "degree": 3, "type": "intersection", "betweenness": 0.027439936708601315, "is_critical": false, "is_articulation": false}}, {"type": "Feature", "geometry": {"type": "Point", "coordinates": [88.350024, 22.555059]}, "properties": {"feature_type": "node", "node_id": 291, "degree": 3, "type": "intersection", "betweenness": 0.10306577960328098, "is_critical": true, "is_articulation": false}}, {"type": "Feature", "geometry": {"type": "Point", "coordinates": [88.35016, 22.555058]}, "properties": {"feature_type": "node", "node_id": 292, "degree": 3, "type": "intersection", "betweenness": 0.049190206229939616, "is_critical": false, "is_articulation": false}}, {"type": "Feature", "geometry": {"type": "Point", "coordinates": [88.36212, 22.554939]}, "properties": {"feature_type": "node", "node_id": 293, "degree": 3, "type": "intersection", "betweenness": 0.04147554221954409, "is_critical": false, "is_articulation": false}}, {"type": "Feature", "geometry": {"type": "Point", "coordinates": [88.357414, 22.55496]}, "properties": {"feature_type": "node", "node_id": 294, "degree": 1, "type": "endpoint", "betweenness": 0.0, "is_critical": false, "is_articulation": false}}, {"type": "Feature", "geometry": {"type": "Point", "coordinates": [88.350004, 22.554969]}, "properties": {"feature_type": "node", "node_id": 295, "degree": 3, "type": "intersection", "betweenness": 0.1015818750486778, "is_critical": true, "is_articulation": false}}, {"type": "Feature", "geometry": {"type": "Point", "coordinates": [88.35014, 22.554968]}, "properties": {"feature_type": "node", "node_id": 296, "degree": 3, "type": "intersection", "betweenness": 0.040967243421834706, "is_critical": false, "is_articulation": false}}, {"type": "Feature", "geometry": {"type": "Point", "coordinates": [88.357919, 22.554902]}, "properties": {"feature_type": "node", "node_id": 297, "degree": 3, "type": "intersection", "betweenness": 0.003189165037241085, "is_critical": false, "is_articulation": true}}, {"type": "Feature", "geometry": {"type": "Point", "coordinates": [88.362625, 22.554826]}, "properties": {"feature_type": "node", "node_id": 299, "degree": 3, "type": "intersection", "betweenness": 0.023463728371681196, "is_critical": false, "is_articulation": false}}, {"type": "Feature", "geometry": {"type": "Point", "coordinates": [88.349984, 22.554897]}, "properties": {"feature_type": "node", "node_id": 300, "degree": 3, "type": "intersection", "betweenness": 0.10015125988415706, "is_critical": true, "is_articulation": false}}, {"type": "Feature", "geometry": {"type": "Point", "coordinates": [88.35012, 22.554895]}, "properties": {"feature_type": "node", "node_id": 301, "degree": 3, "type": "intersection", "betweenness": 0.03945874376411656, "is_critical": false, "is_articulation": false}}, {"type": "Feature", "geometry": {"type": "Point", "coordinates": [88.358657, 22.554787]}, "properties": {"feature_type": "node", "node_id": 302, "degree": 3, "type": "intersection", "betweenness": 0.06037277977954589, "is_critical": false, "is_articulation": false}}, {"type": "Feature", "geometry": {"type": "Point", "coordinates": [88.359921, 22.554759]}, "properties": {"feature_type": "node", "node_id": 304, "degree": 3, "type": "intersection", "betweenness": 0.01085053965755418, "is_critical": false, "is_articulation": false}}, {"type": "Feature", "geometry": {"type": "Point", "coordinates": [88.349963, 22.554806]}, "properties": {"feature_type": "node", "node_id": 305, "degree": 3, "type": "intersection", "betweenness": 0.09878213247742373, "is_critical": true, "is_articulation": false}}, {"type": "Feature", "geometry": {"type": "Point", "coordinates": [88.360212, 22.55472]}, "properties": {"feature_type": "node", "node_id": 306, "degree": 3, "type": "intersection", "betweenness": 0.027226779148271575, "is_critical": false, "is_articulation": false}}, {"type": "Feature", "geometry": {"type": "Point", "coordinates": [88.3501, 22.554805]}, "properties": {"feature_type": "node", "node_id": 307, "degree": 3, "type": "intersection", "betweenness": 0.038019930231890826, "is_critical": false, "is_articulation": false}}, {"type": "Feature", "geometry": {"type": "Point", "coordinates": [88.359006, 22.554694]}, "properties": {"feature_type": "node", "node_id": 308, "degree": 3, "type": "intersection", "betweenness": 0.019114494304184035, "is_critical": false, "is_articulation": false}}, {"type": "Feature", "geometry": {"type": "Point", "coordinates": [88.349943, 22.554734]}, "properties": {"feature_type": "node", "node_id": 309, "degree": 3, "type": "intersection", "betweenness": 0.09739660833528044, "is_critical": true, "is_articulation": false}}, {"type": "Feature", "geometry": {"type": "Point", "coordinates": [88.350079, 22.554733]}, "properties": {"feature_type": "node", "node_id": 310, "degree": 3, "type": "intersection", "betweenness": 0.0366590011928625, "is_critical": false, "is_articulation": false}}, {"type": "Feature", "geometry": {"type": "Point", "coordinates": [88.361261, 22.554585]}, "properties": {"feature_type": "node", "node_id": 311, "degree": 3, "type": "intersection", "betweenness": 0.055412767318026974, "is_critical": false, "is_articulation": false}}, {"type": "Feature", "geometry": {"type": "Point", "coordinates": [88.349923, 22.554644]}, "properties": {"feature_type": "node", "node_id": 312, "degree": 3, "type": "intersection", "betweenness": 0.09598648909002216, "is_critical": true, "is_articulation": false}}, {"type": "Feature", "geometry": {"type": "Point", "coordinates": [88.350059, 22.554643]}, "properties": {"feature_type": "node", "node_id": 313, "degree": 3, "type": "intersection", "betweenness": 0.03529807215383417, "is_critical": false, "is_articulation": false}}, {"type": "Feature", "geometry": {"type": "Point", "coordinates": [88.363594, 22.554529]}, "properties": {"feature_type": "node", "node_id": 314, "degree": 3, "type": "intersection", "betweenness": 0.02607490848572049, "is_critical": false, "is_articulation": false}}, {"type": "Feature", "geometry": {"type": "Point", "coordinates": [88.349903, 22.554572]}, "properties": {"feature_type": "node", "node_id": 315, "degree": 3, "type": "intersection", "betweenness": 0.09455177474164893, "is_critical": true, "is_articulation": false}}, {"type": "Feature", "geometry": {"type": "Point", "coordinates": [88.361163, 22.554495]}, "properties": {"feature_type": "node", "node_id": 316, "degree": 3, "type": "intersection", "betweenness": 0.07305565461916531, "is_critical": true, "is_articulation": false}}, {"type": "Feature", "geometry": {"type": "Point", "coordinates": [88.350039, 22.554571]}, "properties": {"feature_type": "node", "node_id": 317, "degree": 3, "type": "intersection", "betweenness": 0.034010928424150745, "is_critical": false, "is_articulation": false}}, {"type": "Feature", "geometry": {"type": "Point", "coordinates": [88.36196, 22.554452]}, "properties": {"feature_type": "node", "node_id": 318, "degree": 4, "type": "intersection", "betweenness": 0.018835749802214377, "is_critical": false, "is_articulation": false}}, {"type": "Feature", "geometry": {"type": "Point", "coordinates": [88.364332, 22.554414]}, "properties": {"feature_type": "node", "node_id": 319, "degree": 4, "type": "intersection", "betweenness": 0.025123897831941657, "is_critical": false, "is_articulation": true}}, {"type": "Feature", "geometry": {"type": "Point", "coordinates": [88.364429, 22.554413]}, "properties": {"feature_type": "node", "node_id": 320, "degree": 3, "type": "intersection", "betweenness": 0.0026070809301867994, "is_critical": false, "is_articulation": true}}, {"type": "Feature", "geometry": {"type": "Point", "coordinates": [88.356864, 22.554423]}, "properties": {"feature_type": "node", "node_id": 321, "degree": 3, "type": "intersection", "betweenness": 0.016954224413919187, "is_critical": false, "is_articulation": false}}, {"type": "Feature", "geometry": {"type": "Point", "coordinates": [88.349979, 22.554427]}, "properties": {"feature_type": "node", "node_id": 322, "degree": 4, "type": "intersection", "betweenness": 0.033182893285946764, "is_critical": false, "is_articulation": true}}, {"type": "Feature", "geometry": {"type": "Point", "coordinates": [88.361919, 22.554308]}, "properties": {"feature_type": "node", "node_id": 323, "degree": 3, "type": "intersection", "betweenness": 0.024873847616939466, "is_critical": false, "is_articulation": false}}, {"type": "Feature", "geometry": {"type": "Point", "coordinates": [88.349901, 22.554373]}, "properties": {"feature_type": "node", "node_id": 324, "degree": 3, "type": "intersection", "betweenness": 0.12476275973453685, "is_critical": true, "is_articulation": false}}, {"type": "Feature", "geometry": {"type": "Point", "coordinates": [88.362093, 22.554198]}, "properties": {"feature_type": "node", "node_id": 325, "degree": 3, "type": "intersection", "betweenness": 0.02161089727035347, "is_critical": false, "is_articulation": false}}, {"type": "Feature", "geometry": {"type": "Point", "coordinates": [88.3499, 22.554247]}, "properties": {"feature_type": "node", "node_id": 326, "degree": 6, "type": "intersection", "betweenness": 0.1244717176810097, "is_critical": true, "is_articulation": true}}, {"type": "Feature", "geometry": {"type": "Point", "coordinates": [88.362715, 22.554085]}, "properties": {"feature_type": "node", "node_id": 327, "degree": 3, "type": "intersection", "betweenness": 0.004304143045119716, "is_critical": false, "is_articulation": false}}, {"type": "Feature", "geometry": {"type": "Point", "coordinates": [88.362053, 22.554054]}, "properties": {"feature_type": "node", "node_id": 328, "degree": 3, "type": "intersection", "betweenness": 0.017126390135723975, "is_critical": false, "is_articulation": true}}, {"type": "Feature", "geometry": {"type": "Point", "coordinates": [88.356783, 22.554081]}, "properties": {"feature_type": "node", "node_id": 329, "degree": 3, "type": "intersection", "betweenness": 0.035953941570233364, "is_critical": false, "is_articulation": false}}, {"type": "Feature", "geometry": {"type": "Point", "coordinates": [88.362266, 22.553998]}, "properties": {"feature_type": "node", "node_id": 330, "degree": 1, "type": "endpoint", "betweenness": 0.0, "is_critical": false, "is_articulation": false}}, {"type": "Feature", "geometry": {"type": "Point", "coordinates": [88.351395, 22.554054]}, "properties": {"feature_type": "node", "node_id": 331, "degree": 3, "type": "intersection", "betweenness": 0.08601727396075441, "is_critical": true, "is_articulation": false}}, {"type": "Feature", "geometry": {"type": "Point", "coordinates": [88.356782, 22.553972]}, "properties": {"feature_type": "node", "node_id": 332, "degree": 3, "type": "intersection", "betweenness": 0.03697463834950461, "is_critical": false, "is_articulation": false}}, {"type": "Feature", "geometry": {"type": "Point", "coordinates": [88.35365, 22.553944]}, "properties": {"feature_type": "node", "node_id": 333, "degree": 3, "type": "intersection", "betweenness": 0.04351693577808658, "is_critical": false, "is_articulation": false}}, {"type": "Feature", "geometry": {"type": "Point", "coordinates": [88.364072, 22.553694]}, "properties": {"feature_type": "node", "node_id": 334, "degree": 4, "type": "intersection", "betweenness": 0.020717275190509567, "is_critical": false, "is_articulation": false}}, {"type": "Feature", "geometry": {"type": "Point", "coordinates": [88.36415, 22.553693]}, "properties": {"feature_type": "node", "node_id": 335, "degree": 3, "type": "intersection", "betweenness": 0.0011969616849285306, "is_critical": false, "is_articulation": false}}, {"type": "Feature", "geometry": {"type": "Point", "coordinates": [88.36413, 22.553639]}, "properties": {"feature_type": "node", "node_id": 336, "degree": 3, "type": "intersection", "betweenness": 0.007726961561953015, "is_critical": false, "is_articulation": false}}, {"type": "Feature", "geometry": {"type": "Point", "coordinates": [88.349739, 22.553724]}, "properties": {"feature_type": "node", "node_id": 337, "degree": 4, "type": "intersection", "betweenness": 0.11970436686055805, "is_critical": true, "is_articulation": true}}, {"type": "Feature", "geometry": {"type": "Point", "coordinates": [88.359696, 22.553641]}, "properties": {"feature_type": "node", "node_id": 338, "degree": 3, "type": "intersection", "betweenness": 0.07850756914298362, "is_critical": true, "is_articulation": false}}, {"type": "Feature", "geometry": {"type": "Point", "coordinates": [88.364032, 22.553604]}, "properties": {"feature_type": "node", "node_id": 339, "degree": 3, "type": "intersection", "betweenness": 0.011301654840521091, "is_critical": false, "is_articulation": false}}, {"type": "Feature", "geometry": {"type": "Point", "coordinates": [88.358898, 22.553629]}, "properties": {"feature_type": "node", "node_id": 340, "degree": 4, "type": "intersection", "betweenness": 0.0922070415780218, "is_critical": true, "is_articulation": false}}, {"type": "Feature", "geometry": {"type": "Point", "coordinates": [88.358159, 22.553617]}, "properties": {"feature_type": "node", "node_id": 341, "degree": 4, "type": "intersection", "betweenness": 0.1271689806559514, "is_critical": true, "is_articulation": false}}, {"type": "Feature", "geometry": {"type": "Point", "coordinates": [88.35991, 22.553621]}, "properties": {"feature_type": "node", "node_id": 342, "degree": 3, "type": "intersection", "betweenness": 0.07187918885349927, "is_critical": true, "is_articulation": false}}, {"type": "Feature", "geometry": {"type": "Point", "coordinates": [88.360473, 22.553616]}, "properties": {"feature_type": "node", "node_id": 343, "degree": 3, "type": "intersection", "betweenness": 0.06503765100368517, "is_critical": false, "is_articulation": true}}, {"type": "Feature", "geometry": {"type": "Point", "coordinates": [88.360823, 22.553595]}, "properties": {"feature_type": "node", "node_id": 344, "degree": 4, "type": "intersection", "betweenness": 0.110792741165234, "is_critical": true, "is_articulation": false}}, {"type": "Feature", "geometry": {"type": "Point", "coordinates": [88.361446, 22.55359]}, "properties": {"feature_type": "node", "node_id": 345, "degree": 3, "type": "intersection", "betweenness": 0.03165389770896614, "is_critical": false, "is_articulation": false}}, {"type": "Feature", "geometry": {"type": "Point", "coordinates": [88.36411, 22.553585]}, "properties": {"feature_type": "node", "node_id": 346, "degree": 3, "type": "intersection", "betweenness": 0.00781488905558903, "is_critical": false, "is_articulation": false}}, {"type": "Feature", "geometry": {"type": "Point", "coordinates": [88.3497, 22.553671]}, "properties": {"feature_type": "node", "node_id": 347, "degree": 3, "type": "intersection", "betweenness": 0.11648240835249701, "is_critical": true, "is_articulation": false}}, {"type": "Feature", "geometry": {"type": "Point", "coordinates": [88.364012, 22.55355]}, "properties": {"feature_type": "node", "node_id": 348, "degree": 3, "type": "intersection", "betweenness": 0.012272409896522994, "is_critical": false, "is_articulation": false}}, {"type": "Feature", "geometry": {"type": "Point", "coordinates": [88.356973, 22.553591]}, "properties": {"feature_type": "node", "node_id": 349, "degree": 3, "type": "intersection", "betweenness": 0.1090751831310386, "is_critical": true, "is_articulation": false}}, {"type": "Feature", "geometry": {"type": "Point", "coordinates": [88.36409, 22.553531]}, "properties": {"feature_type": "node", "node_id": 350, "degree": 3, "type": "intersection", "betweenness": 0.007661921178160009, "is_critical": false, "is_articulation": false}}, {"type": "Feature", "geometry": {"type": "Point", "coordinates": [88.363992, 22.553496]}, "properties": {"feature_type": "node", "node_id": 351, "degree": 3, "type": "intersection", "betweenness": 0.013818963644338184, "is_critical": false, "is_articulation": false}}, {"type": "Feature", "geometry": {"type": "Point", "coordinates": [88.349621, 22.553545]}, "properties": {"feature_type": "node", "node_id": 352, "degree": 5, "type": "intersection", "betweenness": 0.10623444872125959, "is_critical": true, "is_articulation": true}}, {"type": "Feature", "geometry": {"type": "Point", "coordinates": [88.36407, 22.553477]}, "properties": {"feature_type": "node", "node_id": 353, "degree": 3, "type": "intersection", "betweenness": 0.007432571841612943, "is_critical": false, "is_articulation": false}}, {"type": "Feature", "geometry": {"type": "Point", "coordinates": [88.356544, 22.553505]}, "properties": {"feature_type": "node", "node_id": 354, "degree": 3, "type": "intersection", "betweenness": 0.12072916282368179, "is_critical": true, "is_articulation": false}}, {"type": "Feature", "geometry": {"type": "Point", "coordinates": [88.363972, 22.553442]}, "properties": {"feature_type": "node", "node_id": 355, "degree": 3, "type": "intersection", "betweenness": 0.015858444250416277, "is_critical": false, "is_articulation": false}}, {"type": "Feature", "geometry": {"type": "Point", "coordinates": [88.356485, 22.553487]}, "properties": {"feature_type": "node", "node_id": 356, "degree": 3, "type": "intersection", "betweenness": 0.12105299834802889, "is_critical": true, "is_articulation": false}}, {"type": "Feature", "geometry": {"type": "Point", "coordinates": [88.36405, 22.553423]}, "properties": {"feature_type": "node", "node_id": 357, "degree": 3, "type": "intersection", "betweenness": 0.006851717489714406, "is_critical": false, "is_articulation": false}}, {"type": "Feature", "geometry": {"type": "Point", "coordinates": [88.361716, 22.553425]}, "properties": {"feature_type": "node", "node_id": 358, "degree": 3, "type": "intersection", "betweenness": 0.03711401060048944, "is_critical": false, "is_articulation": false}}, {"type": "Feature", "geometry": {"type": "Point", "coordinates": [88.363953, 22.553388]}, "properties": {"feature_type": "node", "node_id": 359, "degree": 3, "type": "intersection", "betweenness": 0.018619722813187817, "is_critical": false, "is_articulation": false}}, {"type": "Feature", "geometry": {"type": "Point", "coordinates": [88.349776, 22.553507]}, "properties": {"feature_type": "node", "node_id": 360, "degree": 3, "type": "intersection", "betweenness": 0.00770646564269054, "is_critical": false, "is_articulation": false}}, {"type": "Feature", "geometry": {"type": "Point", "coordinates": [88.36403, 22.553369]}, "properties": {"feature_type": "node", "node_id": 361, "degree": 3, "type": "intersection", "betweenness": 0.005789550633802033, "is_critical": false, "is_articulation": false}}, {"type": "Feature", "geometry": {"type": "Point", "coordinates": [88.361716, 22.553353]}, "properties": {"feature_type": "node", "node_id": 362, "degree": 3, "type": "intersection", "betweenness": 0.034146201491283085, "is_critical": false, "is_articulation": false}}, {"type": "Feature", "geometry": {"type": "Point", "coordinates": [88.363933, 22.553334]}, "properties": {"feature_type": "node", "node_id": 363, "degree": 3, "type": "intersection", "betweenness": 0.022834298691130593, "is_critical": false, "is_articulation": false}}, {"type": "Feature", "geometry": {"type": "Point", "coordinates": [88.360588, 22.553362]}, "properties": {"feature_type": "node", "node_id": 364, "degree": 1, "type": "endpoint", "betweenness": 0.0, "is_critical": false, "is_articulation": false}}, {"type": "Feature", "geometry": {"type": "Point", "coordinates": [88.349619, 22.553418]}, "properties": {"feature_type": "node", "node_id": 365, "degree": 3, "type": "intersection", "betweenness": 0.10431193149443944, "is_critical": true, "is_articulation": false}}, {"type": "Feature", "geometry": {"type": "Point", "coordinates": [88.36401, 22.553315]}, "properties": {"feature_type": "node", "node_id": 366, "degree": 3, "type": "intersection", "betweenness": 0.003996226018066406, "is_critical": false, "is_articulation": false}}, {"type": "Feature", "geometry": {"type": "Point", "coordinates": [88.349716, 22.553399]}, "properties": {"feature_type": "node", "node_id": 367, "degree": 3, "type": "intersection", "betweenness": 0.006464412935384564, "is_critical": false, "is_articulation": false}}, {"type": "Feature", "geometry": {"type": "Point", "coordinates": [88.353372, 22.553369]}, "properties": {"feature_type": "node", "node_id": 368, "degree": 3, "type": "intersection", "betweenness": 0.05372390357079905, "is_critical": false, "is_articulation": false}}, {"type": "Feature", "geometry": {"type": "Point", "coordinates": [88.34956, 22.553347]}, "properties": {"feature_type": "node", "node_id": 369, "degree": 4, "type": "intersection", "betweenness": 0.10366016126189274, "is_critical": true, "is_articulation": true}}, {"type": "Feature", "geometry": {"type": "Point", "coordinates": [88.360606, 22.553199]}, "properties": {"feature_type": "node", "node_id": 370, "degree": 3, "type": "intersection", "betweenness": 0.05253104106972301, "is_critical": false, "is_articulation": false}}, {"type": "Feature", "geometry": {"type": "Point", "coordinates": [88.362103, 22.553169]}, "properties": {"feature_type": "node", "node_id": 371, "degree": 3, "type": "intersection", "betweenness": 0.026677488512037252, "is_critical": false, "is_articulation": false}}, {"type": "Feature", "geometry": {"type": "Point", "coordinates": [88.359847, 22.55317]}, "properties": {"feature_type": "node", "node_id": 372, "degree": 3, "type": "intersection", "betweenness": 0.006583289267106918, "is_critical": false, "is_articulation": false}}, {"type": "Feature", "geometry": {"type": "Point", "coordinates": [88.359477, 22.553173]}, "properties": {"feature_type": "node", "node_id": 374, "degree": 1, "type": "endpoint", "betweenness": 0.0, "is_critical": false, "is_articulation": false}}, {"type": "Feature", "geometry": {"type": "Point", "coordinates": [88.360994, 22.55316]}, "properties": {"feature_type": "node", "node_id": 375, "degree": 1, "type": "endpoint", "betweenness": 0.0, "is_critical": false, "is_articulation": false}}, {"type": "Feature", "geometry": {"type": "Point", "coordinates": [88.36008, 22.553113]}, "properties": {"feature_type": "node", "node_id": 376, "degree": 3, "type": "intersection", "betweenness": 4.9190206229939615e-05, "is_critical": false, "is_articulation": false}}, {"type": "Feature", "geometry": {"type": "Point", "coordinates": [88.349519, 22.553148]}, "properties": {"feature_type": "node", "node_id": 377, "degree": 7, "type": "intersection", "betweenness": 0.10365606207804025, "is_critical": true, "is_articulation": true}}, {"type": "Feature", "geometry": {"type": "Point", "coordinates": [88.349636, 22.553129]}, "properties": {"feature_type": "node", "node_id": 378, "degree": 6, "type": "intersection", "betweenness": 0.0052100626765211044, "is_critical": false, "is_articulation": true}}, {"type": "Feature", "geometry": {"type": "Point", "coordinates": [88.358737, 22.553016]}, "properties": {"feature_type": "node", "node_id": 379, "degree": 3, "type": "intersection", "betweenness": 0.016859943185311803, "is_critical": false, "is_articulation": false}}, {"type": "Feature", "geometry": {"type": "Point", "coordinates": [88.362353, 22.55295]}, "properties": {"feature_type": "node", "node_id": 380, "degree": 3, "type": "intersection", "betweenness": 0.026829158314579566, "is_critical": false, "is_articulation": false}}, {"type": "Feature", "geometry": {"type": "Point", "coordinates": [88.349499, 22.553022]}, "properties": {"feature_type": "node", "node_id": 381, "degree": 4, "type": "intersection", "betweenness": 0.09903628187627843, "is_critical": true, "is_articulation": true}}, {"type": "Feature", "geometry": {"type": "Point", "coordinates": [88.349556, 22.552931]}, "properties": {"feature_type": "node", "node_id": 382, "degree": 4, "type": "intersection", "betweenness": 0.09641280421068164, "is_critical": true, "is_articulation": true}}, {"type": "Feature", "geometry": {"type": "Point", "coordinates": [88.359338, 22.552867]}, "properties": {"feature_type": "node", "node_id": 383, "degree": 3, "type": "intersection", "betweenness": 0.013240363843558747, "is_critical": false, "is_articulation": true}}, {"type": "Feature", "geometry": {"type": "Point", "coordinates": [88.363733, 22.552812]}, "properties": {"feature_type": "node", "node_id": 384, "degree": 3, "type": "intersection", "betweenness": 0.02491074027161192, "is_critical": false, "is_articulation": false}}, {"type": "Feature", "geometry": {"type": "Point", "coordinates": [88.359766, 22.552827]}, "properties": {"feature_type": "node", "node_id": 385, "degree": 3, "type": "intersection", "betweenness": 0.0033900250460133386, "is_critical": false, "is_articulation": false}}, {"type": "Feature", "geometry": {"type": "Point", "coordinates": [88.360505, 22.552821]}, "properties": {"feature_type": "node", "node_id": 386, "degree": 3, "type": "intersection", "betweenness": 0.052789289652430196, "is_critical": false, "is_articulation": false}}, {"type": "Feature", "geometry": {"type": "Point", "coordinates": [88.363811, 22.552793]}, "properties": {"feature_type": "node", "node_id": 387, "degree": 3, "type": "intersection", "betweenness": 0.0013076396489458948, "is_critical": false, "is_articulation": false}}, {"type": "Feature", "geometry": {"type": "Point", "coordinates": [88.360815, 22.552782]}, "properties": {"feature_type": "node", "node_id": 389, "degree": 3, "type": "intersection", "betweenness": 0.0036154801579005615, "is_critical": false, "is_articulation": true}}, {"type": "Feature", "geometry": {"type": "Point", "coordinates": [88.349516, 22.552769]}, "properties": {"feature_type": "node", "node_id": 391, "degree": 4, "type": "intersection", "betweenness": 0.0937565330742649, "is_critical": true, "is_articulation": true}}, {"type": "Feature", "geometry": {"type": "Point", "coordinates": [88.36167, 22.552666]}, "properties": {"feature_type": "node", "node_id": 392, "degree": 3, "type": "intersection", "betweenness": 0.006665272944156818, "is_critical": false, "is_articulation": false}}, {"type": "Feature", "geometry": {"type": "Point", "coordinates": [88.361514, 22.552668]}, "properties": {"feature_type": "node", "node_id": 393, "degree": 3, "type": "intersection", "betweenness": 0.005890527196035269, "is_critical": false, "is_articulation": false}}, {"type": "Feature", "geometry": {"type": "Point", "coordinates": [88.362272, 22.552607]}, "properties": {"feature_type": "node", "node_id": 394, "degree": 3, "type": "intersection", "betweenness": 0.0015904833347680474, "is_critical": false, "is_articulation": false}}, {"type": "Feature", "geometry": {"type": "Point", "coordinates": [88.352801, 22.552633]}, "properties": {"feature_type": "node", "node_id": 395, "degree": 3, "type": "intersection", "betweenness": 0.08182380887965206, "is_critical": true, "is_articulation": false}}, {"type": "Feature", "geometry": {"type": "Point", "coordinates": [88.357896, 22.552572]}, "properties": {"feature_type": "node", "node_id": 396, "degree": 4, "type": "intersection", "betweenness": 0.031026722579534413, "is_critical": false, "is_articulation": true}}, {"type": "Feature", "geometry": {"type": "Point", "coordinates": [88.352956, 22.552577]}, "properties": {"feature_type": "node", "node_id": 397, "degree": 3, "type": "intersection", "betweenness": 0.0986509585941439, "is_critical": true, "is_articulation": false}}, {"type": "Feature", "geometry": {"type": "Point", "coordinates": [88.359723, 22.552484]}, "properties": {"feature_type": "node", "node_id": 399, "degree": 4, "type": "intersection", "betweenness": 0.014277457358239973, "is_critical": false, "is_articulation": true}}, {"type": "Feature", "geometry": {"type": "Point", "coordinates": [88.356067, 22.552497]}, "properties": {"feature_type": "node", "node_id": 400, "degree": 4, "type": "intersection", "betweenness": 0.12325835926067119, "is_critical": true, "is_articulation": false}}, {"type": "Feature", "geometry": {"type": "Point", "coordinates": [88.357526, 22.552485]}, "properties": {"feature_type": "node", "node_id": 401, "degree": 1, "type": "endpoint", "betweenness": 0.0, "is_critical": false, "is_articulation": false}}, {"type": "Feature", "geometry": {"type": "Point", "coordinates": [88.358634, 22.552421]}, "properties": {"feature_type": "node", "node_id": 402, "degree": 3, "type": "intersection", "betweenness": 0.0030866854409287107, "is_critical": false, "is_articulation": false}}, {"type": "Feature", "geometry": {"type": "Point", "coordinates": [88.363553, 22.552361]}, "properties": {"feature_type": "node", "node_id": 403, "degree": 4, "type": "intersection", "betweenness": 0.04263971043365265, "is_critical": false, "is_articulation": false}}, {"type": "Feature", "geometry": {"type": "Point", "coordinates": [88.360403, 22.552352]}, "properties": {"feature_type": "node", "node_id": 404, "degree": 4, "type": "intersection", "betweenness": 0.0597087119954417, "is_critical": false, "is_articulation": true}}, {"type": "Feature", "geometry": {"type": "Point", "coordinates": [88.36367, 22.552324]}, "properties": {"feature_type": "node", "node_id": 405, "degree": 4, "type": "intersection", "betweenness": 0.009932322474595308, "is_critical": false, "is_articulation": true}}, {"type": "Feature", "geometry": {"type": "Point", "coordinates": [88.356319, 22.552368]}, "properties": {"feature_type": "node", "node_id": 406, "degree": 3, "type": "intersection", "betweenness": 0.025587105607273588, "is_critical": false, "is_articulation": false}}, {"type": "Feature", "geometry": {"type": "Point", "coordinates": [88.36472, 22.552279]}, "properties": {"feature_type": "node", "node_id": 407, "degree": 1, "type": "endpoint", "betweenness": 0.0, "is_critical": false, "is_articulation": false}}, {"type": "Feature", "geometry": {"type": "Point", "coordinates": [88.359702, 22.552268]}, "properties": {"feature_type": "node", "node_id": 408, "degree": 1, "type": "endpoint", "betweenness": 0.0, "is_critical": false, "is_articulation": false}}, {"type": "Feature", "geometry": {"type": "Point", "coordinates": [88.357912, 22.552174]}, "properties": {"feature_type": "node", "node_id": 409, "degree": 3, "type": "intersection", "betweenness": 0.0346217068181725, "is_critical": false, "is_articulation": false}}, {"type": "Feature", "geometry": {"type": "Point", "coordinates": [88.360906, 22.552131]}, "properties": {"feature_type": "node", "node_id": 410, "degree": 3, "type": "intersection", "betweenness": 0.062459264360465824, "is_critical": false, "is_articulation": false}}, {"type": "Feature", "geometry": {"type": "Point", "coordinates": [88.358611, 22.552114]}, "properties": {"feature_type": "node", "node_id": 411, "degree": 3, "type": "intersection", "betweenness": 0.004640276121024304, "is_critical": false, "is_articulation": true}}, {"type": "Feature", "geometry": {"type": "Point", "coordinates": [88.361489, 22.55209]}, "properties": {"feature_type": "node", "node_id": 412, "degree": 3, "type": "intersection", "betweenness": 0.004943615726108931, "is_critical": false, "is_articulation": false}}, {"type": "Feature", "geometry": {"type": "Point", "coordinates": [88.363589, 22.552054]}, "properties": {"feature_type": "node", "node_id": 413, "degree": 3, "type": "intersection", "betweenness": 0.01089972986378412, "is_critical": false, "is_articulation": true}}, {"type": "Feature", "geometry": {"type": "Point", "coordinates": [88.359213, 22.552001]}, "properties": {"feature_type": "node", "node_id": 414, "degree": 1, "type": "endpoint", "betweenness": 0.0, "is_critical": false, "is_articulation": false}}, {"type": "Feature", "geometry": {"type": "Point", "coordinates": [88.355808, 22.551867]}, "properties": {"feature_type": "node", "node_id": 415, "degree": 3, "type": "intersection", "betweenness": 0.10469725477657398, "is_critical": true, "is_articulation": false}}, {"type": "Feature", "geometry": {"type": "Point", "coordinates": [88.356196, 22.551791]}, "properties": {"feature_type": "node", "node_id": 416, "degree": 3, "type": "intersection", "betweenness": 0.0005615881877918105, "is_critical": false, "is_articulation": false}}, {"type": "Feature", "geometry": {"type": "Point", "coordinates": [88.357965, 22.551704]}, "properties": {"feature_type": "node", "node_id": 418, "degree": 3, "type": "intersection", "betweenness": 0.05290816598415255, "is_critical": false, "is_articulation": false}}, {"type": "Feature", "geometry": {"type": "Point", "coordinates": [88.36028, 22.551721]}, "properties": {"feature_type": "node", "node_id": 419, "degree": 1, "type": "endpoint", "betweenness": 0.0, "is_critical": false, "is_articulation": false}}, {"type": "Feature", "geometry": {"type": "Point", "coordinates": [88.364733, 22.551683]}, "properties": {"feature_type": "node", "node_id": 420, "degree": 1, "type": "endpoint", "betweenness": 0.0, "is_critical": false, "is_articulation": false}}, {"type": "Feature", "geometry": {"type": "Point", "coordinates": [88.349214, 22.551742]}, "properties": {"feature_type": "node", "node_id": 421, "degree": 5, "type": "intersection", "betweenness": 0.0918053215604773, "is_critical": true, "is_articulation": true}}, {"type": "Feature", "geometry": {"type": "Point", "coordinates": [88.359151, 22.551604]}, "properties": {"feature_type": "node", "node_id": 422, "degree": 1, "type": "endpoint", "betweenness": 0.0, "is_critical": false, "is_articulation": false}}, {"type": "Feature", "geometry": {"type": "Point", "coordinates": [88.349154, 22.55158]}, "properties": {"feature_type": "node", "node_id": 423, "degree": 3, "type": "intersection", "betweenness": 0.05233837942865575, "is_critical": false, "is_articulation": false}}, {"type": "Feature", "geometry": {"type": "Point", "coordinates": [88.349232, 22.551579]}, "properties": {"feature_type": "node", "node_id": 424, "degree": 3, "type": "intersection", "betweenness": 0.03594574320252837, "is_critical": false, "is_articulation": false}}, {"type": "Feature", "geometry": {"type": "Point", "coordinates": [88.349134, 22.55149]}, "properties": {"feature_type": "node", "node_id": 425, "degree": 3, "type": "intersection", "betweenness": 0.0518915683887338, "is_critical": false, "is_articulation": false}}, {"type": "Feature", "geometry": {"type": "Point", "coordinates": [88.349212, 22.551489]}, "properties": {"feature_type": "node", "node_id": 426, "degree": 3, "type": "intersection", "betweenness": 0.035097212145061916, "is_critical": false, "is_articulation": false}}, {"type": "Feature", "geometry": {"type": "Point", "coordinates": [88.358195, 22.551323]}, "properties": {"feature_type": "node", "node_id": 427, "degree": 3, "type": "intersection", "betweenness": 0.048058831486651, "is_critical": false, "is_articulation": true}}, {"type": "Feature", "geometry": {"type": "Point", "coordinates": [88.349113, 22.551381]}, "properties": {"feature_type": "node", "node_id": 428, "degree": 3, "type": "intersection", "betweenness": 0.05168660919610905, "is_critical": false, "is_articulation": false}}, {"type": "Feature", "geometry": {"type": "Point", "coordinates": [88.349191, 22.551381]}, "properties": {"feature_type": "node", "node_id": 429, "degree": 3, "type": "intersection", "betweenness": 0.03436755741931781, "is_critical": false, "is_articulation": false}}, {"type": "Feature", "geometry": {"type": "Point", "coordinates": [88.349093, 22.551273]}, "properties": {"feature_type": "node", "node_id": 430, "degree": 3, "type": "intersection", "betweenness": 0.05134637693635197, "is_critical": false, "is_articulation": false}}, {"type": "Feature", "geometry": {"type": "Point", "coordinates": [88.35553, 22.551219]}, "properties": {"feature_type": "node", "node_id": 431, "degree": 3, "type": "intersection", "betweenness": 0.10741911285463063, "is_critical": true, "is_articulation": false}}, {"type": "Feature", "geometry": {"type": "Point", "coordinates": [88.358583, 22.551211]}, "properties": {"feature_type": "node", "node_id": 432, "degree": 3, "type": "intersection", "betweenness": 0.0417870801923337, "is_critical": false, "is_articulation": true}}, {"type": "Feature", "geometry": {"type": "Point", "coordinates": [88.349171, 22.551272]}, "properties": {"feature_type": "node", "node_id": 433, "degree": 3, "type": "intersection", "betweenness": 0.033383753294719015, "is_critical": false, "is_articulation": false}}, {"type": "Feature", "geometry": {"type": "Point", "coordinates": [88.358894, 22.551173]}, "properties": {"feature_type": "node", "node_id": 434, "degree": 3, "type": "intersection", "betweenness": 0.039991637664940904, "is_critical": false, "is_articulation": true}}, {"type": "Feature", "geometry": {"type": "Point", "coordinates": [88.364299, 22.551091]}, "properties": {"feature_type": "node", "node_id": 435, "degree": 3, "type": "intersection", "betweenness": 0.0052100626765211044, "is_critical": false, "is_articulation": true}}, {"type": "Feature", "geometry": {"type": "Point", "coordinates": [88.349072, 22.551183]}, "properties": {"feature_type": "node", "node_id": 437, "degree": 3, "type": "intersection", "betweenness": 0.050747896093887704, "is_critical": false, "is_articulation": false}}, {"type": "Feature", "geometry": {"type": "Point", "coordinates": [88.34915, 22.551164]}, "properties": {"feature_type": "node", "node_id": 439, "degree": 3, "type": "intersection", "betweenness": 0.03254751978881004, "is_critical": false, "is_articulation": false}}, {"type": "Feature", "geometry": {"type": "Point", "coordinates": [88.359262, 22.551079]}, "properties": {"feature_type": "node", "node_id": 440, "degree": 3, "type": "intersection", "betweenness": 0.046410959577948024, "is_critical": false, "is_articulation": false}}, {"type": "Feature", "geometry": {"type": "Point", "coordinates": [88.364726, 22.550924]}, "properties": {"feature_type": "node", "node_id": 441, "degree": 1, "type": "endpoint", "betweenness": 0.0, "is_critical": false, "is_articulation": false}}, {"type": "Feature", "geometry": {"type": "Point", "coordinates": [88.354205, 22.550959]}, "properties": {"feature_type": "node", "node_id": 442, "degree": 3, "type": "intersection", "betweenness": 0.06259043824374566, "is_critical": false, "is_articulation": false}}, {"type": "Feature", "geometry": {"type": "Point", "coordinates": [88.356071, 22.550943]}, "properties": {"feature_type": "node", "node_id": 443, "degree": 3, "type": "intersection", "betweenness": 0.012768957700521825, "is_critical": false, "is_articulation": false}}, {"type": "Feature", "geometry": {"type": "Point", "coordinates": [88.360602, 22.550887]}, "properties": {"feature_type": "node", "node_id": 444, "degree": 3, "type": "intersection", "betweenness": 0.07653586170993354, "is_critical": true, "is_articulation": false}}, {"type": "Feature", "geometry": {"type": "Point", "coordinates": [88.357121, 22.550826]}, "properties": {"feature_type": "node", "node_id": 445, "degree": 1, "type": "endpoint", "betweenness": 0.0, "is_critical": false, "is_articulation": false}}, {"type": "Feature", "geometry": {"type": "Point", "coordinates": [88.357723, 22.550821]}, "properties": {"feature_type": "node", "node_id": 446, "degree": 1, "type": "endpoint", "betweenness": 0.0, "is_critical": false, "is_articulation": false}}, {"type": "Feature", "geometry": {"type": "Point", "coordinates": [88.358482, 22.550815]}, "properties": {"feature_type": "node", "node_id": 447, "degree": 1, "type": "endpoint", "betweenness": 0.0, "is_critical": false, "is_articulation": false}}, {"type": "Feature", "geometry": {"type": "Point", "coordinates": [88.360932, 22.550794]}, "properties": {"feature_type": "node", "node_id": 448, "degree": 3, "type": "intersection", "betweenness": 0.06737828498345978, "is_critical": false, "is_articulation": true}}, {"type": "Feature", "geometry": {"type": "Point", "coordinates": [88.364744, 22.550762]}, "properties": {"feature_type": "node", "node_id": 449, "degree": 1, "type": "endpoint", "betweenness": 0.0, "is_critical": false, "is_articulation": false}}, {"type": "Feature", "geometry": {"type": "Point", "coordinates": [88.354359, 22.550795]}, "properties": {"feature_type": "node", "node_id": 450, "degree": 3, "type": "intersection", "betweenness": 0.08819803977028173, "is_critical": true, "is_articulation": false}}, {"type": "Feature", "geometry": {"type": "Point", "coordinates": [88.357937, 22.550765]}, "properties": {"feature_type": "node", "node_id": 451, "degree": 3, "type": "intersection", "betweenness": 0.0052100626765211044, "is_critical": false, "is_articulation": true}}, {"type": "Feature", "geometry": {"type": "Point", "coordinates": [88.361146, 22.550756]}, "properties": {"feature_type": "node", "node_id": 452, "degree": 3, "type": "intersection", "betweenness": 0.08202056970457182, "is_critical": true, "is_articulation": false}}, {"type": "Feature", "geometry": {"type": "Point", "coordinates": [88.354125, 22.550743]}, "properties": {"feature_type": "node", "node_id": 453, "degree": 3, "type": "intersection", "betweenness": 0.04354153088120155, "is_critical": false, "is_articulation": false}}, {"type": "Feature", "geometry": {"type": "Point", "coordinates": [88.35815, 22.550673]}, "properties": {"feature_type": "node", "node_id": 454, "degree": 1, "type": "endpoint", "betweenness": 0.0, "is_critical": false, "is_articulation": false}}, {"type": "Feature", "geometry": {"type": "Point", "coordinates": [88.356535, 22.550596]}, "properties": {"feature_type": "node", "node_id": 455, "degree": 3, "type": "intersection", "betweenness": 0.011752360105103074, "is_critical": false, "is_articulation": true}}, {"type": "Feature", "geometry": {"type": "Point", "coordinates": [88.362796, 22.550489]}, "properties": {"feature_type": "node", "node_id": 456, "degree": 4, "type": "intersection", "betweenness": 0.03511770806432439, "is_critical": false, "is_articulation": false}}, {"type": "Feature", "geometry": {"type": "Point", "coordinates": [88.362893, 22.550488]}, "properties": {"feature_type": "node", "node_id": 457, "degree": 3, "type": "intersection", "betweenness": 0.011432623764608466, "is_critical": false, "is_articulation": false}}, {"type": "Feature", "geometry": {"type": "Point", "coordinates": [88.35035, 22.550522]}, "properties": {"feature_type": "node", "node_id": 458, "degree": 3, "type": "intersection", "betweenness": 0.00937483347065599, "is_critical": false, "is_articulation": true}}, {"type": "Feature", "geometry": {"type": "Point", "coordinates": [88.36474, 22.550382]}, "properties": {"feature_type": "node", "node_id": 459, "degree": 1, "type": "endpoint", "betweenness": 0.0, "is_critical": false, "is_articulation": false}}, {"type": "Feature", "geometry": {"type": "Point", "coordinates": [88.359275, 22.550374]}, "properties": {"feature_type": "node", "node_id": 460, "degree": 3, "type": "intersection", "betweenness": 0.030829961754614655, "is_critical": false, "is_articulation": true}}, {"type": "Feature", "geometry": {"type": "Point", "coordinates": [88.360694, 22.55029]}, "properties": {"feature_type": "node", "node_id": 461, "degree": 1, "type": "endpoint", "betweenness": 0.0, "is_critical": false, "is_articulation": false}}, {"type": "Feature", "geometry": {"type": "Point", "coordinates": [88.351261, 22.550298]}, "properties": {"feature_type": "node", "node_id": 462, "degree": 1, "type": "endpoint", "betweenness": 0.0, "is_critical": false, "is_articulation": false}}, {"type": "Feature", "geometry": {"type": "Point", "coordinates": [88.359662, 22.550173]}, "properties": {"feature_type": "node", "node_id": 463, "degree": 3, "type": "intersection", "betweenness": 0.029673991908211073, "is_critical": false, "is_articulation": true}}, {"type": "Feature", "geometry": {"type": "Point", "coordinates": [88.355013, 22.550139]}, "properties": {"feature_type": "node", "node_id": 464, "degree": 4, "type": "intersection", "betweenness": 0.14850933179204018, "is_critical": true, "is_articulation": false}}, {"type": "Feature", "geometry": {"type": "Point", "coordinates": [88.348808, 22.550029]}, "properties": {"feature_type": "node", "node_id": 465, "degree": 3, "type": "intersection", "betweenness": 0.05056548241245168, "is_critical": false, "is_articulation": false}}, {"type": "Feature", "geometry": {"type": "Point", "coordinates": [88.348886, 22.55001]}, "properties": {"feature_type": "node", "node_id": 466, "degree": 3, "type": "intersection", "betweenness": 0.034599161306983775, "is_critical": false, "is_articulation": false}}, {"type": "Feature", "geometry": {"type": "Point", "coordinates": [88.353903, 22.549968]}, "properties": {"feature_type": "node", "node_id": 467, "degree": 3, "type": "intersection", "betweenness": 0.04207812224586085, "is_critical": false, "is_articulation": false}}, {"type": "Feature", "geometry": {"type": "Point", "coordinates": [88.359018, 22.549925]}, "properties": {"feature_type": "node", "node_id": 468, "degree": 1, "type": "endpoint", "betweenness": 0.0, "is_critical": false, "is_articulation": false}}, {"type": "Feature", "geometry": {"type": "Point", "coordinates": [88.360515, 22.549894]}, "properties": {"feature_type": "node", "node_id": 469, "degree": 1, "type": "endpoint", "betweenness": 0.0, "is_critical": false, "is_articulation": false}}, {"type": "Feature", "geometry": {"type": "Point", "coordinates": [88.360981, 22.549854]}, "properties": {"feature_type": "node", "node_id": 470, "degree": 3, "type": "intersection", "betweenness": 0.07604805883148665, "is_critical": true, "is_articulation": true}}, {"type": "Feature", "geometry": {"type": "Point", "coordinates": [88.348768, 22.549867]}, "properties": {"feature_type": "node", "node_id": 471, "degree": 3, "type": "intersection", "betweenness": 0.04861017171481158, "is_critical": false, "is_articulation": false}}, {"type": "Feature", "geometry": {"type": "Point", "coordinates": [88.348846, 22.549848]}, "properties": {"feature_type": "node", "node_id": 472, "degree": 3, "type": "intersection", "betweenness": 0.03819004636176937, "is_critical": false, "is_articulation": false}}, {"type": "Feature", "geometry": {"type": "Point", "coordinates": [88.348748, 22.549777]}, "properties": {"feature_type": "node", "node_id": 473, "degree": 3, "type": "intersection", "betweenness": 0.04579198281622129, "is_critical": false, "is_articulation": false}}, {"type": "Feature", "geometry": {"type": "Point", "coordinates": [88.348825, 22.549776]}, "properties": {"feature_type": "node", "node_id": 474, "degree": 3, "type": "intersection", "betweenness": 0.03912670987206447, "is_critical": false, "is_articulation": false}}, {"type": "Feature", "geometry": {"type": "Point", "coordinates": [88.360921, 22.549674]}, "properties": {"feature_type": "node", "node_id": 475, "degree": 3, "type": "intersection", "betweenness": 0.08132780763350016, "is_critical": true, "is_articulation": false}}, {"type": "Feature", "geometry": {"type": "Point", "coordinates": [88.348727, 22.549705]}, "properties": {"feature_type": "node", "node_id": 476, "degree": 3, "type": "intersection", "betweenness": 0.04583707383859873, "is_critical": false, "is_articulation": false}}, {"type": "Feature", "geometry": {"type": "Point", "coordinates": [88.348805, 22.549704]}, "properties": {"feature_type": "node", "node_id": 477, "degree": 3, "type": "intersection", "betweenness": 0.04117220261445946, "is_critical": false, "is_articulation": false}}, {"type": "Feature", "geometry": {"type": "Point", "coordinates": [88.361912, 22.549575]}, "properties": {"feature_type": "node", "node_id": 478, "degree": 1, "type": "endpoint", "betweenness": 0.0, "is_critical": false, "is_articulation": false}}, {"type": "Feature", "geometry": {"type": "Point", "coordinates": [88.348707, 22.549633]}, "properties": {"feature_type": "node", "node_id": 479, "degree": 3, "type": "intersection", "betweenness": 0.04782517800705879, "is_critical": false, "is_articulation": false}}, {"type": "Feature", "geometry": {"type": "Point", "coordinates": [88.348805, 22.549632]}, "properties": {"feature_type": "node", "node_id": 480, "degree": 4, "type": "intersection", "betweenness": 0.07952826592225487, "is_critical": true, "is_articulation": false}}, {"type": "Feature", "geometry": {"type": "Point", "coordinates": [88.359422, 22.549542]}, "properties": {"feature_type": "node", "node_id": 481, "degree": 3, "type": "intersection", "betweenness": 0.05950375280281695, "is_critical": false, "is_articulation": false}}, {"type": "Feature", "geometry": {"type": "Point", "coordinates": [88.362417, 22.549481]}, "properties": {"feature_type": "node", "node_id": 482, "degree": 3, "type": "intersection", "betweenness": 0.009899529003775347, "is_critical": false, "is_articulation": false}}, {"type": "Feature", "geometry": {"type": "Point", "coordinates": [88.348687, 22.54956]}, "properties": {"feature_type": "node", "node_id": 483, "degree": 3, "type": "intersection", "betweenness": 0.045869867309418694, "is_critical": false, "is_articulation": false}}, {"type": "Feature", "geometry": {"type": "Point", "coordinates": [88.362533, 22.549444]}, "properties": {"feature_type": "node", "node_id": 484, "degree": 4, "type": "intersection", "betweenness": 0.006907124791454021, "is_critical": false, "is_articulation": true}}, {"type": "Feature", "geometry": {"type": "Point", "coordinates": [88.348765, 22.549542]}, "properties": {"feature_type": "node", "node_id": 485, "degree": 3, "type": "intersection", "betweenness": 0.0501781095383909, "is_critical": false, "is_articulation": false}}, {"type": "Feature", "geometry": {"type": "Point", "coordinates": [88.361288, 22.5494]}, "properties": {"feature_type": "node", "node_id": 486, "degree": 3, "type": "intersection", "betweenness": 0.05325249742776213, "is_critical": false, "is_articulation": false}}, {"type": "Feature", "geometry": {"type": "Point", "coordinates": [88.348667, 22.549488]}, "properties": {"feature_type": "node", "node_id": 487, "degree": 3, "type": "intersection", "betweenness": 0.043939151714893564, "is_critical": false, "is_articulation": false}}, {"type": "Feature", "geometry": {"type": "Point", "coordinates": [88.348745, 22.54947]}, "properties": {"feature_type": "node", "node_id": 488, "degree": 3, "type": "intersection", "betweenness": 0.048251493127718266, "is_critical": false, "is_articulation": false}}, {"type": "Feature", "geometry": {"type": "Point", "coordinates": [88.348647, 22.549416]}, "properties": {"feature_type": "node", "node_id": 489, "degree": 3, "type": "intersection", "betweenness": 0.04209861816512332, "is_critical": false, "is_articulation": false}}, {"type": "Feature", "geometry": {"type": "Point", "coordinates": [88.348724, 22.549398]}, "properties": {"feature_type": "node", "node_id": 490, "degree": 3, "type": "intersection", "betweenness": 0.04647654651958794, "is_critical": false, "is_articulation": false}}, {"type": "Feature", "geometry": {"type": "Point", "coordinates": [88.361559, 22.549289]}, "properties": {"feature_type": "node", "node_id": 491, "degree": 3, "type": "intersection", "betweenness": 0.04839906374640809, "is_critical": false, "is_articulation": true}}, {"type": "Feature", "geometry": {"type": "Point", "coordinates": [88.348627, 22.549326]}, "properties": {"feature_type": "node", "node_id": 492, "degree": 3, "type": "intersection", "betweenness": 0.05487577423335013, "is_critical": false, "is_articulation": false}}, {"type": "Feature", "geometry": {"type": "Point", "coordinates": [88.349988, 22.549315]}, "properties": {"feature_type": "node", "node_id": 493, "degree": 3, "type": "intersection", "betweenness": 0.06709954048149012, "is_critical": false, "is_articulation": false}}, {"type": "Feature", "geometry": {"type": "Point", "coordinates": [88.348704, 22.549325]}, "properties": {"feature_type": "node", "node_id": 494, "degree": 3, "type": "intersection", "betweenness": 0.044701599911457626, "is_critical": false, "is_articulation": false}}, {"type": "Feature", "geometry": {"type": "Point", "coordinates": [88.358777, 22.549223]}, "properties": {"feature_type": "node", "node_id": 495, "degree": 3, "type": "intersection", "betweenness": 0.05383048235096392, "is_critical": false, "is_articulation": false}}, {"type": "Feature", "geometry": {"type": "Point", "coordinates": [88.348606, 22.549254]}, "properties": {"feature_type": "node", "node_id": 496, "degree": 3, "type": "intersection", "betweenness": 0.05312221170098367, "is_critical": false, "is_articulation": false}}, {"type": "Feature", "geometry": {"type": "Point", "coordinates": [88.36043, 22.549154]}, "properties": {"feature_type": "node", "node_id": 497, "degree": 3, "type": "intersection", "betweenness": 0.05218670962611344, "is_critical": false, "is_articulation": false}}, {"type": "Feature", "geometry": {"type": "Point", "coordinates": [88.362063, 22.549141]}, "properties": {"feature_type": "node", "node_id": 498, "degree": 1, "type": "endpoint", "betweenness": 0.0, "is_critical": false, "is_articulation": false}}, {"type": "Feature", "geometry": {"type": "Point", "coordinates": [88.348684, 22.549235]}, "properties": {"feature_type": "node", "node_id": 499, "degree": 3, "type": "intersection", "betweenness": 0.028477405981802362, "is_critical": false, "is_articulation": false}}, {"type": "Feature", "geometry": {"type": "Point", "coordinates": [88.361149, 22.549112]}, "properties": {"feature_type": "node", "node_id": 500, "degree": 3, "type": "intersection", "betweenness": 0.0023611298990371017, "is_critical": false, "is_articulation": false}}, {"type": "Feature", "geometry": {"type": "Point", "coordinates": [88.348586, 22.549182]}, "properties": {"feature_type": "node", "node_id": 501, "degree": 3, "type": "intersection", "betweenness": 0.05119508289232948, "is_critical": false, "is_articulation": false}}, {"type": "Feature", "geometry": {"type": "Point", "coordinates": [88.361479, 22.549055]}, "properties": {"feature_type": "node", "node_id": 502, "degree": 3, "type": "intersection", "betweenness": 0.04519760115760951, "is_critical": false, "is_articulation": false}}, {"type": "Feature", "geometry": {"type": "Point", "coordinates": [88.348664, 22.549163]}, "properties": {"feature_type": "node", "node_id": 503, "degree": 3, "type": "intersection", "betweenness": 0.026774878288399435, "is_critical": false, "is_articulation": false}}, {"type": "Feature", "geometry": {"type": "Point", "coordinates": [88.348566, 22.54911]}, "properties": {"feature_type": "node", "node_id": 504, "degree": 3, "type": "intersection", "betweenness": 0.04936035651968358, "is_critical": false, "is_articulation": false}}, {"type": "Feature", "geometry": {"type": "Point", "coordinates": [88.350628, 22.549111]}, "properties": {"feature_type": "node", "node_id": 505, "degree": 3, "type": "intersection", "betweenness": 0.06705035027526018, "is_critical": false, "is_articulation": false}}, {"type": "Feature", "geometry": {"type": "Point", "coordinates": [88.348644, 22.549091]}, "properties": {"feature_type": "node", "node_id": 506, "degree": 3, "type": "intersection", "betweenness": 0.02501974440222286, "is_critical": false, "is_articulation": false}}, {"type": "Feature", "geometry": {"type": "Point", "coordinates": [88.348546, 22.549038]}, "properties": {"feature_type": "node", "node_id": 507, "degree": 3, "type": "intersection", "betweenness": 0.0476011234496545, "is_critical": false, "is_articulation": false}}, {"type": "Feature", "geometry": {"type": "Point", "coordinates": [88.348624, 22.549019]}, "properties": {"feature_type": "node", "node_id": 508, "degree": 3, "type": "intersection", "betweenness": 0.02323694102504192, "is_critical": false, "is_articulation": false}}, {"type": "Feature", "geometry": {"type": "Point", "coordinates": [88.348526, 22.548966]}, "properties": {"feature_type": "node", "node_id": 509, "degree": 3, "type": "intersection", "betweenness": 0.045910210110500345, "is_critical": false, "is_articulation": false}}, {"type": "Feature", "geometry": {"type": "Point", "coordinates": [88.348603, 22.548947]}, "properties": {"feature_type": "node", "node_id": 510, "degree": 3, "type": "intersection", "betweenness": 0.021421856575022585, "is_critical": false, "is_articulation": false}}, {"type": "Feature", "geometry": {"type": "Point", "coordinates": [88.351287, 22.548924]}, "properties": {"feature_type": "node", "node_id": 511, "degree": 3, "type": "intersection", "betweenness": 0.06486958446573286, "is_critical": false, "is_articulation": false}}, {"type": "Feature", "geometry": {"type": "Point", "coordinates": [88.362116, 22.548616]}, "properties": {"feature_type": "node", "node_id": 512, "degree": 11, "type": "intersection", "betweenness": 0.058847883386417756, "is_critical": false, "is_articulation": false}}, {"type": "Feature", "geometry": {"type": "Point", "coordinates": [88.364744, 22.548793]}, "properties": {"feature_type": "node", "node_id": 513, "degree": 1, "type": "endpoint", "betweenness": 0.0, "is_critical": false, "is_articulation": false}}, {"type": "Feature", "geometry": {"type": "Point", "coordinates": [88.348506, 22.548894]}, "properties": {"feature_type": "node", "node_id": 514, "degree": 3, "type": "intersection", "betweenness": 0.04414821009137081, "is_critical": false, "is_articulation": false}}, {"type": "Feature", "geometry": {"type": "Point", "coordinates": [88.362254, 22.548796]}, "properties": {"feature_type": "node", "node_id": 515, "degree": 3, "type": "intersection", "betweenness": 0.005648675348738066, "is_critical": false, "is_articulation": false}}, {"type": "Feature", "geometry": {"type": "Point", "coordinates": [88.35152, 22.548868]}, "properties": {"feature_type": "node", "node_id": 516, "degree": 3, "type": "intersection", "betweenness": 0.07099786432521285, "is_critical": false, "is_articulation": false}}, {"type": "Feature", "geometry": {"type": "Point", "coordinates": [88.360251, 22.548777]}, "properties": {"feature_type": "node", "node_id": 517, "degree": 3, "type": "intersection", "betweenness": 0.027562912224176166, "is_critical": false, "is_articulation": false}}, {"type": "Feature", "geometry": {"type": "Point", "coordinates": [88.348583, 22.548875]}, "properties": {"feature_type": "node", "node_id": 518, "degree": 3, "type": "intersection", "betweenness": 0.019618693918040917, "is_critical": false, "is_articulation": false}}, {"type": "Feature", "geometry": {"type": "Point", "coordinates": [88.361398, 22.548749]}, "properties": {"feature_type": "node", "node_id": 519, "degree": 1, "type": "endpoint", "betweenness": 0.0, "is_critical": false, "is_articulation": false}}, {"type": "Feature", "geometry": {"type": "Point", "coordinates": [88.362234, 22.548742]}, "properties": {"feature_type": "node", "node_id": 520, "degree": 3, "type": "intersection", "betweenness": 0.0009346139183688527, "is_critical": false, "is_articulation": false}}, {"type": "Feature", "geometry": {"type": "Point", "coordinates": [88.348486, 22.548821]}, "properties": {"feature_type": "node", "node_id": 521, "degree": 3, "type": "intersection", "betweenness": 0.042307676541600565, "is_critical": false, "is_articulation": false}}, {"type": "Feature", "geometry": {"type": "Point", "coordinates": [88.348563, 22.548803]}, "properties": {"feature_type": "node", "node_id": 522, "degree": 3, "type": "intersection", "betweenness": 0.01788063996458305, "is_critical": false, "is_articulation": false}}, {"type": "Feature", "geometry": {"type": "Point", "coordinates": [88.358325, 22.548703]}, "properties": {"feature_type": "node", "node_id": 523, "degree": 3, "type": "intersection", "betweenness": 0.07857315608462355, "is_critical": true, "is_articulation": false}}, {"type": "Feature", "geometry": {"type": "Point", "coordinates": [88.358442, 22.548702]}, "properties": {"feature_type": "node", "node_id": 524, "degree": 3, "type": "intersection", "betweenness": 0.0861115551893618, "is_critical": true, "is_articulation": false}}, {"type": "Feature", "geometry": {"type": "Point", "coordinates": [88.362214, 22.548688]}, "properties": {"feature_type": "node", "node_id": 525, "degree": 3, "type": "intersection", "betweenness": 0.0013486314874708444, "is_critical": false, "is_articulation": false}}, {"type": "Feature", "geometry": {"type": "Point", "coordinates": [88.348465, 22.548749]}, "properties": {"feature_type": "node", "node_id": 526, "degree": 3, "type": "intersection", "betweenness": 0.040450746256420346, "is_critical": false, "is_articulation": false}}, {"type": "Feature", "geometry": {"type": "Point", "coordinates": [88.362194, 22.548634]}, "properties": {"feature_type": "node", "node_id": 527, "degree": 3, "type": "intersection", "betweenness": 0.002131575603297383, "is_critical": false, "is_articulation": false}}, {"type": "Feature", "geometry": {"type": "Point", "coordinates": [88.348543, 22.548731]}, "properties": {"feature_type": "node", "node_id": 528, "degree": 3, "type": "intersection", "betweenness": 0.016142586011125185, "is_critical": false, "is_articulation": false}}, {"type": "Feature", "geometry": {"type": "Point", "coordinates": [88.348445, 22.548677]}, "properties": {"feature_type": "node", "node_id": 529, "degree": 3, "type": "intersection", "betweenness": 0.038573320051977646, "is_critical": false, "is_articulation": false}}, {"type": "Feature", "geometry": {"type": "Point", "coordinates": [88.360852, 22.548573]}, "properties": {"feature_type": "node", "node_id": 530, "degree": 3, "type": "intersection", "betweenness": 0.013322347520608645, "is_critical": false, "is_articulation": false}}, {"type": "Feature", "geometry": {"type": "Point", "coordinates": [88.362174, 22.54858]}, "properties": {"feature_type": "node", "node_id": 531, "degree": 3, "type": "intersection", "betweenness": 0.002926817270681407, "is_critical": false, "is_articulation": false}}, {"type": "Feature", "geometry": {"type": "Point", "coordinates": [88.348523, 22.548659]}, "properties": {"feature_type": "node", "node_id": 532, "degree": 3, "type": "intersection", "betweenness": 0.014404532057667317, "is_critical": false, "is_articulation": false}}, {"type": "Feature", "geometry": {"type": "Point", "coordinates": [88.35247, 22.548607]}, "properties": {"feature_type": "node", "node_id": 533, "degree": 3, "type": "intersection", "betweenness": 0.0736377387262196, "is_critical": true, "is_articulation": true}}, {"type": "Feature", "geometry": {"type": "Point", "coordinates": [88.362154, 22.548526]}, "properties": {"feature_type": "node", "node_id": 534, "degree": 3, "type": "intersection", "betweenness": 0.0041811675295448675, "is_critical": false, "is_articulation": false}}, {"type": "Feature", "geometry": {"type": "Point", "coordinates": [88.348425, 22.548605]}, "properties": {"feature_type": "node", "node_id": 535, "degree": 3, "type": "intersection", "betweenness": 0.03668359629597747, "is_critical": false, "is_articulation": false}}, {"type": "Feature", "geometry": {"type": "Point", "coordinates": [88.348503, 22.548586]}, "properties": {"feature_type": "node", "node_id": 536, "degree": 3, "type": "intersection", "betweenness": 0.01266647810420945, "is_critical": false, "is_articulation": false}}, {"type": "Feature", "geometry": {"type": "Point", "coordinates": [88.352723, 22.548551]}, "properties": {"feature_type": "node", "node_id": 537, "degree": 3, "type": "intersection", "betweenness": 0.07594148005132177, "is_critical": true, "is_articulation": true}}, {"type": "Feature", "geometry": {"type": "Point", "coordinates": [88.362134, 22.548472]}, "properties": {"feature_type": "node", "node_id": 538, "degree": 3, "type": "intersection", "betweenness": 0.005431418604555833, "is_critical": false, "is_articulation": false}}, {"type": "Feature", "geometry": {"type": "Point", "coordinates": [88.348405, 22.548533]}, "properties": {"feature_type": "node", "node_id": 539, "degree": 3, "type": "intersection", "betweenness": 0.0347815749884198, "is_critical": false, "is_articulation": false}}, {"type": "Feature", "geometry": {"type": "Point", "coordinates": [88.361259, 22.548407]}, "properties": {"feature_type": "node", "node_id": 540, "degree": 3, "type": "intersection", "betweenness": 0.010920225783046595, "is_critical": false, "is_articulation": true}}, {"type": "Feature", "geometry": {"type": "Point", "coordinates": [88.362114, 22.548418]}, "properties": {"feature_type": "node", "node_id": 541, "degree": 3, "type": "intersection", "betweenness": 0.0066734713118618075, "is_critical": false, "is_articulation": false}}, {"type": "Feature", "geometry": {"type": "Point", "coordinates": [88.348483, 22.548514]}, "properties": {"feature_type": "node", "node_id": 542, "degree": 3, "type": "intersection", "betweenness": 0.010928424150751584, "is_critical": false, "is_articulation": false}}, {"type": "Feature", "geometry": {"type": "Point", "coordinates": [88.348385, 22.548461]}, "properties": {"feature_type": "node", "node_id": 543, "degree": 3, "type": "intersection", "betweenness": 0.03285905776159966, "is_critical": false, "is_articulation": false}}, {"type": "Feature", "geometry": {"type": "Point", "coordinates": [88.351399, 22.548454]}, "properties": {"feature_type": "node", "node_id": 544, "degree": 3, "type": "intersection", "betweenness": 0.012953420973884099, "is_critical": false, "is_articulation": true}}, {"type": "Feature", "geometry": {"type": "Point", "coordinates": [88.362035, 22.548274]}, "properties": {"feature_type": "node", "node_id": 545, "degree": 3, "type": "intersection", "betweenness": 0.05618341388229603, "is_critical": false, "is_articulation": false}}, {"type": "Feature", "geometry": {"type": "Point", "coordinates": [88.348462, 22.548442]}, "properties": {"feature_type": "node", "node_id": 546, "degree": 3, "type": "intersection", "betweenness": 0.009190370197293718, "is_critical": false, "is_articulation": false}}, {"type": "Feature", "geometry": {"type": "Point", "coordinates": [88.360188, 22.548344]}, "properties": {"feature_type": "node", "node_id": 547, "degree": 3, "type": "intersection", "betweenness": 0.01674926522129444, "is_critical": false, "is_articulation": false}}, {"type": "Feature", "geometry": {"type": "Point", "coordinates": [88.348365, 22.548389]}, "properties": {"feature_type": "node", "node_id": 548, "degree": 3, "type": "intersection", "betweenness": 0.030911945431664554, "is_critical": false, "is_articulation": false}}, {"type": "Feature", "geometry": {"type": "Point", "coordinates": [88.353479, 22.548364]}, "properties": {"feature_type": "node", "node_id": 549, "degree": 3, "type": "intersection", "betweenness": 0.0835741603846674, "is_critical": true, "is_articulation": false}}, {"type": "Feature", "geometry": {"type": "Point", "coordinates": [88.348442, 22.54837]}, "properties": {"feature_type": "node", "node_id": 550, "degree": 3, "type": "intersection", "betweenness": 0.007448217059983357, "is_critical": false, "is_articulation": false}}, {"type": "Feature", "geometry": {"type": "Point", "coordinates": [88.351087, 22.54833]}, "properties": {"feature_type": "node", "node_id": 551, "degree": 4, "type": "intersection", "betweenness": 0.0052100626765211044, "is_critical": false, "is_articulation": true}}, {"type": "Feature", "geometry": {"type": "Point", "coordinates": [88.351378, 22.548291]}, "properties": {"feature_type": "node", "node_id": 552, "degree": 3, "type": "intersection", "betweenness": 0.010391431066074744, "is_critical": false, "is_articulation": true}}, {"type": "Feature", "geometry": {"type": "Point", "coordinates": [88.361936, 22.548094]}, "properties": {"feature_type": "node", "node_id": 553, "degree": 3, "type": "intersection", "betweenness": 0.06193866801119897, "is_critical": false, "is_articulation": false}}, {"type": "Feature", "geometry": {"type": "Point", "coordinates": [88.35231, 22.548121]}, "properties": {"feature_type": "node", "node_id": 554, "degree": 1, "type": "endpoint", "betweenness": 0.0, "is_critical": false, "is_articulation": false}}, {"type": "Feature", "geometry": {"type": "Point", "coordinates": [88.352602, 22.548119]}, "properties": {"feature_type": "node", "node_id": 555, "degree": 1, "type": "endpoint", "betweenness": 0.0, "is_critical": false, "is_articulation": false}}, {"type": "Feature", "geometry": {"type": "Point", "coordinates": [88.353418, 22.548057]}, "properties": {"feature_type": "node", "node_id": 556, "degree": 3, "type": "intersection", "betweenness": 0.04887046988944501, "is_critical": false, "is_articulation": false}}, {"type": "Feature", "geometry": {"type": "Point", "coordinates": [88.351026, 22.548078]}, "properties": {"feature_type": "node", "node_id": 557, "degree": 1, "type": "endpoint", "betweenness": 0.0, "is_critical": false, "is_articulation": false}}, {"type": "Feature", "geometry": {"type": "Point", "coordinates": [88.351337, 22.548075]}, "properties": {"feature_type": "node", "node_id": 558, "degree": 1, "type": "endpoint", "betweenness": 0.0, "is_critical": false, "is_articulation": false}}, {"type": "Feature", "geometry": {"type": "Point", "coordinates": [88.360652, 22.547978]}, "properties": {"feature_type": "node", "node_id": 559, "degree": 1, "type": "endpoint", "betweenness": 0.0, "is_critical": false, "is_articulation": false}}, {"type": "Feature", "geometry": {"type": "Point", "coordinates": [88.348303, 22.548064]}, "properties": {"feature_type": "node", "node_id": 560, "degree": 3, "type": "intersection", "betweenness": 0.037720689810658695, "is_critical": false, "is_articulation": false}}, {"type": "Feature", "geometry": {"type": "Point", "coordinates": [88.354408, 22.547887]}, "properties": {"feature_type": "node", "node_id": 561, "degree": 4, "type": "intersection", "betweenness": 0.11060007952416673, "is_critical": true, "is_articulation": false}}, {"type": "Feature", "geometry": {"type": "Point", "coordinates": [88.361816, 22.547679]}, "properties": {"feature_type": "node", "node_id": 562, "degree": 6, "type": "intersection", "betweenness": 0.05980709240790158, "is_critical": false, "is_articulation": true}}, {"type": "Feature", "geometry": {"type": "Point", "coordinates": [88.35534, 22.547752]}, "properties": {"feature_type": "node", "node_id": 563, "degree": 3, "type": "intersection", "betweenness": 0.047021737971969776, "is_critical": false, "is_articulation": false}}, {"type": "Feature", "geometry": {"type": "Point", "coordinates": [88.359968, 22.547641]}, "properties": {"feature_type": "node", "node_id": 564, "degree": 3, "type": "intersection", "betweenness": 0.018372542026882446, "is_critical": false, "is_articulation": true}}, {"type": "Feature", "geometry": {"type": "Point", "coordinates": [88.361717, 22.547572]}, "properties": {"feature_type": "node", "node_id": 565, "degree": 3, "type": "intersection", "betweenness": 0.05549885017892937, "is_critical": false, "is_articulation": false}}, {"type": "Feature", "geometry": {"type": "Point", "coordinates": [88.348241, 22.547649]}, "properties": {"feature_type": "node", "node_id": 566, "degree": 4, "type": "intersection", "betweenness": 0.05656873716443055, "is_critical": false, "is_articulation": false}}, {"type": "Feature", "geometry": {"type": "Point", "coordinates": [88.361795, 22.547571]}, "properties": {"feature_type": "node", "node_id": 567, "degree": 3, "type": "intersection", "betweenness": 0.0013363339359133595, "is_critical": false, "is_articulation": false}}, {"type": "Feature", "geometry": {"type": "Point", "coordinates": [88.356311, 22.5476]}, "properties": {"feature_type": "node", "node_id": 568, "degree": 3, "type": "intersection", "betweenness": 0.04620190120147078, "is_critical": false, "is_articulation": false}}, {"type": "Feature", "geometry": {"type": "Point", "coordinates": [88.361697, 22.547482]}, "properties": {"feature_type": "node", "node_id": 569, "degree": 6, "type": "intersection", "betweenness": 0.05795836049042635, "is_critical": false, "is_articulation": false}}, {"type": "Feature", "geometry": {"type": "Point", "coordinates": [88.361775, 22.547517]}, "properties": {"feature_type": "node", "node_id": 570, "degree": 3, "type": "intersection", "betweenness": 0.0012379535234534804, "is_critical": false, "is_articulation": false}}, {"type": "Feature", "geometry": {"type": "Point", "coordinates": [88.359655, 22.547499]}, "properties": {"feature_type": "node", "node_id": 571, "degree": 3, "type": "intersection", "betweenness": 0.07112493902464019, "is_critical": true, "is_articulation": false}}, {"type": "Feature", "geometry": {"type": "Point", "coordinates": [88.359849, 22.547425]}, "properties": {"feature_type": "node", "node_id": 572, "degree": 3, "type": "intersection", "betweenness": 0.07468303060860582, "is_critical": true, "is_articulation": false}}, {"type": "Feature", "geometry": {"type": "Point", "coordinates": [88.361735, 22.547409]}, "properties": {"feature_type": "node", "node_id": 573, "degree": 3, "type": "intersection", "betweenness": 0.023168587134301557, "is_critical": false, "is_articulation": false}}, {"type": "Feature", "geometry": {"type": "Point", "coordinates": [88.349037, 22.547498]}, "properties": {"feature_type": "node", "node_id": 574, "degree": 3, "type": "intersection", "betweenness": 0.0240294157433255, "is_critical": false, "is_articulation": true}}, {"type": "Feature", "geometry": {"type": "Point", "coordinates": [88.351234, 22.547462]}, "properties": {"feature_type": "node", "node_id": 575, "degree": 1, "type": "endpoint", "betweenness": 0.0, "is_critical": false, "is_articulation": false}}, {"type": "Feature", "geometry": {"type": "Point", "coordinates": [88.357631, 22.547372]}, "properties": {"feature_type": "node", "node_id": 576, "degree": 4, "type": "intersection", "betweenness": 0.06051625121438321, "is_critical": false, "is_articulation": false}}, {"type": "Feature", "geometry": {"type": "Point", "coordinates": [88.350202, 22.547326]}, "properties": {"feature_type": "node", "node_id": 577, "degree": 4, "type": "intersection", "betweenness": 0.05030108505396575, "is_critical": false, "is_articulation": false}}, {"type": "Feature", "geometry": {"type": "Point", "coordinates": [88.353216, 22.547282]}, "properties": {"feature_type": "node", "node_id": 578, "degree": 3, "type": "intersection", "betweenness": 0.058786395628630334, "is_critical": false, "is_articulation": false}}, {"type": "Feature", "geometry": {"type": "Point", "coordinates": [88.351173, 22.547209]}, "properties": {"feature_type": "node", "node_id": 579, "degree": 3, "type": "intersection", "betweenness": 0.049054933162807283, "is_critical": false, "is_articulation": true}}, {"type": "Feature", "geometry": {"type": "Point", "coordinates": [88.361518, 22.547086]}, "properties": {"feature_type": "node", "node_id": 580, "degree": 3, "type": "intersection", "betweenness": 0.03360101003890125, "is_critical": false, "is_articulation": false}}, {"type": "Feature", "geometry": {"type": "Point", "coordinates": [88.348995, 22.547173]}, "properties": {"feature_type": "node", "node_id": 581, "degree": 1, "type": "endpoint", "betweenness": 0.0, "is_critical": false, "is_articulation": false}}, {"type": "Feature", "geometry": {"type": "Point", "coordinates": [88.361596, 22.547067]}, "properties": {"feature_type": "node", "node_id": 582, "degree": 3, "type": "intersection", "betweenness": 0.023279265098318923, "is_critical": false, "is_articulation": false}}, {"type": "Feature", "geometry": {"type": "Point", "coordinates": [88.354167, 22.547112]}, "properties": {"feature_type": "node", "node_id": 583, "degree": 3, "type": "intersection", "betweenness": 0.06839898176273103, "is_critical": false, "is_articulation": false}}, {"type": "Feature", "geometry": {"type": "Point", "coordinates": [88.361458, 22.546942]}, "properties": {"feature_type": "node", "node_id": 584, "degree": 3, "type": "intersection", "betweenness": 0.03393509352287959, "is_critical": false, "is_articulation": false}}, {"type": "Feature", "geometry": {"type": "Point", "coordinates": [88.361536, 22.546923]}, "properties": {"feature_type": "node", "node_id": 585, "degree": 3, "type": "intersection", "betweenness": 0.023674836340084687, "is_critical": false, "is_articulation": false}}, {"type": "Feature", "geometry": {"type": "Point", "coordinates": [88.361438, 22.546888]}, "properties": {"feature_type": "node", "node_id": 586, "degree": 3, "type": "intersection", "betweenness": 0.03427532578263667, "is_critical": false, "is_articulation": false}}, {"type": "Feature", "geometry": {"type": "Point", "coordinates": [88.353096, 22.546958]}, "properties": {"feature_type": "node", "node_id": 587, "degree": 3, "type": "intersection", "betweenness": 0.05782718660714651, "is_critical": false, "is_articulation": false}}, {"type": "Feature", "geometry": {"type": "Point", "coordinates": [88.361516, 22.546869]}, "properties": {"feature_type": "node", "node_id": 588, "degree": 3, "type": "intersection", "betweenness": 0.024244622895581488, "is_critical": false, "is_articulation": false}}, {"type": "Feature", "geometry": {"type": "Point", "coordinates": [88.361398, 22.546762]}, "properties": {"feature_type": "node", "node_id": 589, "degree": 5, "type": "intersection", "betweenness": 0.084307914294264, "is_critical": true, "is_articulation": false}}, {"type": "Feature", "geometry": {"type": "Point", "coordinates": [88.361496, 22.546797]}, "properties": {"feature_type": "node", "node_id": 590, "degree": 3, "type": "intersection", "betweenness": 0.02465659087275723, "is_critical": false, "is_articulation": false}}, {"type": "Feature", "geometry": {"type": "Point", "coordinates": [88.361495, 22.546707]}, "properties": {"feature_type": "node", "node_id": 591, "degree": 3, "type": "intersection", "betweenness": 0.03900373435648962, "is_critical": false, "is_articulation": false}}, {"type": "Feature", "geometry": {"type": "Point", "coordinates": [88.359239, 22.546672]}, "properties": {"feature_type": "node", "node_id": 592, "degree": 3, "type": "intersection", "betweenness": 0.03384696107005095, "is_critical": false, "is_articulation": false}}, {"type": "Feature", "geometry": {"type": "Point", "coordinates": [88.361494, 22.546634]}, "properties": {"feature_type": "node", "node_id": 593, "degree": 3, "type": "intersection", "betweenness": 0.037380457550901615, "is_critical": false, "is_articulation": false}}, {"type": "Feature", "geometry": {"type": "Point", "coordinates": [88.345274, 22.546572]}, "properties": {"feature_type": "node", "node_id": 594, "degree": 1, "type": "endpoint", "betweenness": 0.0, "is_critical": false, "is_articulation": false}}, {"type": "Feature", "geometry": {"type": "Point", "coordinates": [88.352994, 22.546453]}, "properties": {"feature_type": "node", "node_id": 595, "degree": 3, "type": "intersection", "betweenness": 0.008546798332452008, "is_critical": false, "is_articulation": false}}, {"type": "Feature", "geometry": {"type": "Point", "coordinates": [88.361277, 22.546329]}, "properties": {"feature_type": "node", "node_id": 596, "degree": 3, "type": "intersection", "betweenness": 0.043246389643821895, "is_critical": false, "is_articulation": false}}, {"type": "Feature", "geometry": {"type": "Point", "coordinates": [88.361355, 22.546311]}, "properties": {"feature_type": "node", "node_id": 597, "degree": 3, "type": "intersection", "betweenness": 0.006101976763093149, "is_critical": false, "is_articulation": false}}, {"type": "Feature", "geometry": {"type": "Point", "coordinates": [88.361257, 22.546275]}, "properties": {"feature_type": "node", "node_id": 598, "degree": 3, "type": "intersection", "betweenness": 0.038956252143531635, "is_critical": false, "is_articulation": false}}, {"type": "Feature", "geometry": {"type": "Point", "coordinates": [88.361335, 22.546256]}, "properties": {"feature_type": "node", "node_id": 599, "degree": 3, "type": "intersection", "betweenness": 0.005188200362641123, "is_critical": false, "is_articulation": false}}, {"type": "Feature", "geometry": {"type": "Point", "coordinates": [88.361237, 22.546221]}, "properties": {"feature_type": "node", "node_id": 600, "degree": 3, "type": "intersection", "betweenness": 0.03595120878099826, "is_critical": false, "is_articulation": false}}, {"type": "Feature", "geometry": {"type": "Point", "coordinates": [88.353926, 22.546283]}, "properties": {"feature_type": "node", "node_id": 601, "degree": 3, "type": "intersection", "betweenness": 0.021192780517398983, "is_critical": false, "is_articulation": false}}, {"type": "Feature", "geometry": {"type": "Point", "coordinates": [88.361315, 22.546202]}, "properties": {"feature_type": "node", "node_id": 602, "degree": 3, "type": "intersection", "betweenness": 0.003635976077163036, "is_critical": false, "is_articulation": false}}, {"type": "Feature", "geometry": {"type": "Point", "coordinates": [88.36215, 22.546123]}, "properties": {"feature_type": "node", "node_id": 603, "degree": 3, "type": "intersection", "betweenness": 0.03016589397051047, "is_critical": false, "is_articulation": false}}, {"type": "Feature", "geometry": {"type": "Point", "coordinates": [88.347058, 22.546033]}, "properties": {"feature_type": "node", "node_id": 604, "degree": 3, "type": "intersection", "betweenness": 0.03575308156146111, "is_critical": false, "is_articulation": true}}, {"type": "Feature", "geometry": {"type": "Point", "coordinates": [88.346961, 22.545998]}, "properties": {"feature_type": "node", "node_id": 605, "degree": 3, "type": "intersection", "betweenness": 0.03330176961766912, "is_critical": false, "is_articulation": true}}, {"type": "Feature", "geometry": {"type": "Point", "coordinates": [88.357092, 22.545877]}, "properties": {"feature_type": "node", "node_id": 606, "degree": 3, "type": "intersection", "betweenness": 0.012436923808469733, "is_critical": false, "is_articulation": false}}, {"type": "Feature", "geometry": {"type": "Point", "coordinates": [88.347913, 22.5459]}, "properties": {"feature_type": "node", "node_id": 607, "degree": 5, "type": "intersection", "betweenness": 0.05761402904681678, "is_critical": false, "is_articulation": true}}, {"type": "Feature", "geometry": {"type": "Point", "coordinates": [88.362846, 22.545684]}, "properties": {"feature_type": "node", "node_id": 608, "degree": 3, "type": "intersection", "betweenness": 0.01966378494041836, "is_critical": false, "is_articulation": false}}, {"type": "Feature", "geometry": {"type": "Point", "coordinates": [88.349097, 22.545727]}, "properties": {"feature_type": "node", "node_id": 609, "degree": 3, "type": "intersection", "betweenness": 0.048464650688048005, "is_critical": false, "is_articulation": true}}, {"type": "Feature", "geometry": {"type": "Point", "coordinates": [88.349758, 22.54565]}, "properties": {"feature_type": "node", "node_id": 610, "degree": 3, "type": "intersection", "betweenness": 0.04835807190788314, "is_critical": false, "is_articulation": false}}, {"type": "Feature", "geometry": {"type": "Point", "coordinates": [88.347832, 22.54563]}, "properties": {"feature_type": "node", "node_id": 611, "degree": 3, "type": "intersection", "betweenness": 0.012735481032393116, "is_critical": false, "is_articulation": false}}, {"type": "Feature", "geometry": {"type": "Point", "coordinates": [88.34791, 22.545629]}, "properties": {"feature_type": "node", "node_id": 612, "degree": 3, "type": "intersection", "betweenness": 0.02545798131592, "is_critical": false, "is_articulation": false}}, {"type": "Feature", "geometry": {"type": "Point", "coordinates": [88.360958, 22.545483]}, "properties": {"feature_type": "node", "node_id": 613, "degree": 3, "type": "intersection", "betweenness": 0.03363790269357371, "is_critical": false, "is_articulation": false}}, {"type": "Feature", "geometry": {"type": "Point", "coordinates": [88.363991, 22.545457]}, "properties": {"feature_type": "node", "node_id": 614, "degree": 3, "type": "intersection", "betweenness": 0.0026070809301867994, "is_critical": false, "is_articulation": true}}, {"type": "Feature", "geometry": {"type": "Point", "coordinates": [88.361035, 22.545464]}, "properties": {"feature_type": "node", "node_id": 615, "degree": 3, "type": "intersection", "betweenness": 0.0029678091092063567, "is_critical": false, "is_articulation": false}}, {"type": "Feature", "geometry": {"type": "Point", "coordinates": [88.346586, 22.545495]}, "properties": {"feature_type": "node", "node_id": 616, "degree": 5, "type": "intersection", "betweenness": 0.0282679718468053, "is_critical": false, "is_articulation": true}}, {"type": "Feature", "geometry": {"type": "Point", "coordinates": [88.360976, 22.545356]}, "properties": {"feature_type": "node", "node_id": 617, "degree": 5, "type": "intersection", "betweenness": 0.03513410479973437, "is_critical": false, "is_articulation": false}}, {"type": "Feature", "geometry": {"type": "Point", "coordinates": [88.35876, 22.545429]}, "properties": {"feature_type": "node", "node_id": 618, "degree": 3, "type": "intersection", "betweenness": 0.008165574234169975, "is_critical": false, "is_articulation": false}}, {"type": "Feature", "geometry": {"type": "Point", "coordinates": [88.347811, 22.545485]}, "properties": {"feature_type": "node", "node_id": 619, "degree": 3, "type": "intersection", "betweenness": 0.010258890788177405, "is_critical": false, "is_articulation": false}}, {"type": "Feature", "geometry": {"type": "Point", "coordinates": [88.347889, 22.545485]}, "properties": {"feature_type": "node", "node_id": 620, "degree": 3, "type": "intersection", "betweenness": 0.022960211955133064, "is_critical": false, "is_articulation": false}}, {"type": "Feature", "geometry": {"type": "Point", "coordinates": [88.351603, 22.545381]}, "properties": {"feature_type": "node", "node_id": 621, "degree": 3, "type": "intersection", "betweenness": 0.03020278662518292, "is_critical": false, "is_articulation": false}}, {"type": "Feature", "geometry": {"type": "Point", "coordinates": [88.360878, 22.545267]}, "properties": {"feature_type": "node", "node_id": 622, "degree": 3, "type": "intersection", "betweenness": 0.0, "is_critical": false, "is_articulation": false}}, {"type": "Feature", "geometry": {"type": "Point", "coordinates": [88.360955, 22.545248]}, "properties": {"feature_type": "node", "node_id": 623, "degree": 3, "type": "intersection", "betweenness": 0.030805366651499685, "is_critical": false, "is_articulation": false}}, {"type": "Feature", "geometry": {"type": "Point", "coordinates": [88.34779, 22.545323]}, "properties": {"feature_type": "node", "node_id": 624, "degree": 3, "type": "intersection", "betweenness": 0.007750190270450487, "is_critical": false, "is_articulation": false}}, {"type": "Feature", "geometry": {"type": "Point", "coordinates": [88.364708, 22.545198]}, "properties": {"feature_type": "node", "node_id": 625, "degree": 1, "type": "endpoint", "betweenness": 0.0, "is_critical": false, "is_articulation": false}}, {"type": "Feature", "geometry": {"type": "Point", "coordinates": [88.347868, 22.545322]}, "properties": {"feature_type": "node", "node_id": 626, "degree": 3, "type": "intersection", "betweenness": 0.02045424422664114, "is_critical": false, "is_articulation": false}}, {"type": "Feature", "geometry": {"type": "Point", "coordinates": [88.352632, 22.545246]}, "properties": {"feature_type": "node", "node_id": 627, "degree": 4, "type": "intersection", "betweenness": 0.03749113551491898, "is_critical": false, "is_articulation": false}}, {"type": "Feature", "geometry": {"type": "Point", "coordinates": [88.360876, 22.545122]}, "properties": {"feature_type": "node", "node_id": 628, "degree": 4, "type": "intersection", "betweenness": 0.02936655311927395, "is_critical": false, "is_articulation": false}}, {"type": "Feature", "geometry": {"type": "Point", "coordinates": [88.347769, 22.545178]}, "properties": {"feature_type": "node", "node_id": 629, "degree": 3, "type": "intersection", "betweenness": 0.005206646689977359, "is_critical": false, "is_articulation": false}}, {"type": "Feature", "geometry": {"type": "Point", "coordinates": [88.347847, 22.545178]}, "properties": {"feature_type": "node", "node_id": 630, "degree": 3, "type": "intersection", "betweenness": 0.017943494116987976, "is_critical": false, "is_articulation": false}}, {"type": "Feature", "geometry": {"type": "Point", "coordinates": [88.361946, 22.545077]}, "properties": {"feature_type": "node", "node_id": 631, "degree": 3, "type": "intersection", "betweenness": 0.006927620710716496, "is_critical": false, "is_articulation": false}}, {"type": "Feature", "geometry": {"type": "Point", "coordinates": [88.353603, 22.545093]}, "properties": {"feature_type": "node", "node_id": 632, "degree": 4, "type": "intersection", "betweenness": 0.046583125299752816, "is_critical": false, "is_articulation": false}}, {"type": "Feature", "geometry": {"type": "Point", "coordinates": [88.363753, 22.545008]}, "properties": {"feature_type": "node", "node_id": 633, "degree": 3, "type": "intersection", "betweenness": 0.01340843038151104, "is_critical": false, "is_articulation": false}}, {"type": "Feature", "geometry": {"type": "Point", "coordinates": [88.360778, 22.544961]}, "properties": {"feature_type": "node", "node_id": 634, "degree": 4, "type": "intersection", "betweenness": 0.0, "is_critical": false, "is_articulation": false}}, {"type": "Feature", "geometry": {"type": "Point", "coordinates": [88.360856, 22.544996]}, "properties": {"feature_type": "node", "node_id": 635, "degree": 3, "type": "intersection", "betweenness": 0.02540674151776381, "is_critical": false, "is_articulation": false}}, {"type": "Feature", "geometry": {"type": "Point", "coordinates": [88.363753, 22.544953]}, "properties": {"feature_type": "node", "node_id": 636, "degree": 3, "type": "intersection", "betweenness": 0.011785153575923033, "is_critical": false, "is_articulation": true}}, {"type": "Feature", "geometry": {"type": "Point", "coordinates": [88.347749, 22.545034]}, "properties": {"feature_type": "node", "node_id": 637, "degree": 3, "type": "intersection", "betweenness": 0.0026603703202692343, "is_critical": false, "is_articulation": false}}, {"type": "Feature", "geometry": {"type": "Point", "coordinates": [88.347826, 22.545033]}, "properties": {"feature_type": "node", "node_id": 638, "degree": 3, "type": "intersection", "betweenness": 0.015399950536514845, "is_critical": false, "is_articulation": false}}, {"type": "Feature", "geometry": {"type": "Point", "coordinates": [88.360836, 22.544942]}, "properties": {"feature_type": "node", "node_id": 639, "degree": 3, "type": "intersection", "betweenness": 0.023652290828895965, "is_critical": false, "is_articulation": false}}, {"type": "Feature", "geometry": {"type": "Point", "coordinates": [88.354535, 22.544959]}, "properties": {"feature_type": "node", "node_id": 640, "degree": 4, "type": "intersection", "betweenness": 0.03813060819590819, "is_critical": false, "is_articulation": true}}, {"type": "Feature", "geometry": {"type": "Point", "coordinates": [88.360697, 22.544654]}, "properties": {"feature_type": "node", "node_id": 641, "degree": 3, "type": "intersection", "betweenness": 0.02236924628306504, "is_critical": false, "is_articulation": false}}, {"type": "Feature", "geometry": {"type": "Point", "coordinates": [88.347806, 22.544907]}, "properties": {"feature_type": "node", "node_id": 642, "degree": 3, "type": "intersection", "betweenness": 0.012850941377571725, "is_critical": false, "is_articulation": false}}, {"type": "Feature", "geometry": {"type": "Point", "coordinates": [88.347747, 22.544908]}, "properties": {"feature_type": "node", "node_id": 643, "degree": 3, "type": "intersection", "betweenness": 0.00012297551557484903, "is_critical": false, "is_articulation": false}}, {"type": "Feature", "geometry": {"type": "Point", "coordinates": [88.355487, 22.544825]}, "properties": {"feature_type": "node", "node_id": 644, "degree": 3, "type": "intersection", "betweenness": 0.03143254178093141, "is_critical": false, "is_articulation": false}}, {"type": "Feature", "geometry": {"type": "Point", "coordinates": [88.361378, 22.544666]}, "properties": {"feature_type": "node", "node_id": 645, "degree": 1, "type": "endpoint", "betweenness": 0.0, "is_critical": false, "is_articulation": false}}, {"type": "Feature", "geometry": {"type": "Point", "coordinates": [88.347726, 22.544709]}, "properties": {"feature_type": "node", "node_id": 646, "degree": 5, "type": "intersection", "betweenness": 0.010391431066074744, "is_critical": false, "is_articulation": true}}, {"type": "Feature", "geometry": {"type": "Point", "coordinates": [88.356515, 22.544635]}, "properties": {"feature_type": "node", "node_id": 647, "degree": 4, "type": "intersection", "betweenness": 0.033519026361851355, "is_critical": false, "is_articulation": true}}, {"type": "Feature", "geometry": {"type": "Point", "coordinates": [88.362076, 22.544462]}, "properties": {"feature_type": "node", "node_id": 648, "degree": 3, "type": "intersection", "betweenness": 0.004152473242577403, "is_critical": false, "is_articulation": false}}, {"type": "Feature", "geometry": {"type": "Point", "coordinates": [88.36468, 22.544331]}, "properties": {"feature_type": "node", "node_id": 649, "degree": 1, "type": "endpoint", "betweenness": 0.0, "is_critical": false, "is_articulation": false}}, {"type": "Feature", "geometry": {"type": "Point", "coordinates": [88.35838, 22.544349]}, "properties": {"feature_type": "node", "node_id": 650, "degree": 4, "type": "intersection", "betweenness": 0.025615799894241054, "is_critical": false, "is_articulation": true}}, {"type": "Feature", "geometry": {"type": "Point", "coordinates": [88.348928, 22.544338]}, "properties": {"feature_type": "node", "node_id": 651, "degree": 3, "type": "intersection", "betweenness": 0.0052100626765211044, "is_critical": false, "is_articulation": true}}, {"type": "Feature", "geometry": {"type": "Point", "coordinates": [88.349997, 22.544275]}, "properties": {"feature_type": "node", "node_id": 652, "degree": 1, "type": "endpoint", "betweenness": 0.0, "is_critical": false, "is_articulation": false}}, {"type": "Feature", "geometry": {"type": "Point", "coordinates": [88.360517, 22.54415]}, "properties": {"feature_type": "node", "node_id": 653, "degree": 3, "type": "intersection", "betweenness": 0.02676767055679214, "is_critical": false, "is_articulation": false}}, {"type": "Feature", "geometry": {"type": "Point", "coordinates": [88.345562, 22.544149]}, "properties": {"feature_type": "node", "node_id": 654, "degree": 10, "type": "intersection", "betweenness": 0.01812249181188025, "is_critical": false, "is_articulation": true}}, {"type": "Feature", "geometry": {"type": "Point", "coordinates": [88.345699, 22.544238]}, "properties": {"feature_type": "node", "node_id": 655, "degree": 3, "type": "intersection", "betweenness": 0.00257428745936684, "is_critical": false, "is_articulation": false}}, {"type": "Feature", "geometry": {"type": "Point", "coordinates": [88.363297, 22.54409]}, "properties": {"feature_type": "node", "node_id": 656, "degree": 3, "type": "intersection", "betweenness": 0.007915524019167782, "is_critical": false, "is_articulation": false}}, {"type": "Feature", "geometry": {"type": "Point", "coordinates": [88.360458, 22.544078]}, "properties": {"feature_type": "node", "node_id": 657, "degree": 3, "type": "intersection", "betweenness": 0.022192981377407755, "is_critical": false, "is_articulation": true}}, {"type": "Feature", "geometry": {"type": "Point", "coordinates": [88.34566, 22.544185]}, "properties": {"feature_type": "node", "node_id": 658, "degree": 3, "type": "intersection", "betweenness": 3.279347081995974e-05, "is_critical": false, "is_articulation": false}}, {"type": "Feature", "geometry": {"type": "Point", "coordinates": [88.36143, 22.544016]}, "properties": {"feature_type": "node", "node_id": 659, "degree": 3, "type": "intersection", "betweenness": 0.007296547257441043, "is_critical": false, "is_articulation": true}}, {"type": "Feature", "geometry": {"type": "Point", "coordinates": [88.362051, 22.543956]}, "properties": {"feature_type": "node", "node_id": 661, "degree": 4, "type": "intersection", "betweenness": 0.006115982307922492, "is_critical": false, "is_articulation": true}}, {"type": "Feature", "geometry": {"type": "Point", "coordinates": [88.345443, 22.543952]}, "properties": {"feature_type": "node", "node_id": 662, "degree": 6, "type": "intersection", "betweenness": 0.010391431066074744, "is_critical": false, "is_articulation": true}}, {"type": "Feature", "geometry": {"type": "Point", "coordinates": [88.363236, 22.543838]}, "properties": {"feature_type": "node", "node_id": 663, "degree": 4, "type": "intersection", "betweenness": 0.00701370357161889, "is_critical": false, "is_articulation": true}}, {"type": "Feature", "geometry": {"type": "Point", "coordinates": [88.351297, 22.543921]}, "properties": {"feature_type": "node", "node_id": 664, "degree": 3, "type": "intersection", "betweenness": 0.0032383552434710246, "is_critical": false, "is_articulation": true}}, {"type": "Feature", "geometry": {"type": "Point", "coordinates": [88.352249, 22.543876]}, "properties": {"feature_type": "node", "node_id": 665, "degree": 3, "type": "intersection", "betweenness": 0.005779849232017905, "is_critical": false, "is_articulation": false}}, {"type": "Feature", "geometry": {"type": "Point", "coordinates": [88.345345, 22.543808]}, "properties": {"feature_type": "node", "node_id": 666, "degree": 5, "type": "intersection", "betweenness": 0.0052100626765211044, "is_critical": false, "is_articulation": true}}, {"type": "Feature", "geometry": {"type": "Point", "coordinates": [88.364694, 22.543717]}, "properties": {"feature_type": "node", "node_id": 667, "degree": 1, "type": "endpoint", "betweenness": 0.0, "is_critical": false, "is_articulation": false}}, {"type": "Feature", "geometry": {"type": "Point", "coordinates": [88.347581, 22.543753]}, "properties": {"feature_type": "node", "node_id": 668, "degree": 5, "type": "intersection", "betweenness": 0.0052100626765211044, "is_critical": false, "is_articulation": true}}, {"type": "Feature", "geometry": {"type": "Point", "coordinates": [88.352189, 22.543732]}, "properties": {"feature_type": "node", "node_id": 669, "degree": 3, "type": "intersection", "betweenness": 0.0026316760333017692, "is_critical": false, "is_articulation": true}}, {"type": "Feature", "geometry": {"type": "Point", "coordinates": [88.354192, 22.543697]}, "properties": {"feature_type": "node", "node_id": 670, "degree": 3, "type": "intersection", "betweenness": 0.0052100626765211044, "is_critical": false, "is_articulation": true}}, {"type": "Feature", "geometry": {"type": "Point", "coordinates": [88.353181, 22.543688]}, "properties": {"feature_type": "node", "node_id": 671, "degree": 3, "type": "intersection", "betweenness": 0.0026070809301867994, "is_critical": false, "is_articulation": true}}, {"type": "Feature", "geometry": {"type": "Point", "coordinates": [88.360278, 22.543556]}, "properties": {"feature_type": "node", "node_id": 672, "degree": 1, "type": "endpoint", "betweenness": 0.0, "is_critical": false, "is_articulation": false}}, {"type": "Feature", "geometry": {"type": "Point", "coordinates": [88.36232, 22.543557]}, "properties": {"feature_type": "node", "node_id": 673, "degree": 1, "type": "endpoint", "betweenness": 0.0, "is_critical": false, "is_articulation": false}}, {"type": "Feature", "geometry": {"type": "Point", "coordinates": [88.363194, 22.543531]}, "properties": {"feature_type": "node", "node_id": 674, "degree": 1, "type": "endpoint", "betweenness": 0.0, "is_critical": false, "is_articulation": false}}, {"type": "Feature", "geometry": {"type": "Point", "coordinates": [88.361989, 22.543523]}, "properties": {"feature_type": "node", "node_id": 675, "degree": 1, "type": "endpoint", "betweenness": 0.0, "is_critical": false, "is_articulation": false}}, {"type": "Feature", "geometry": {"type": "Point", "coordinates": [88.362533, 22.543519]}, "properties": {"feature_type": "node", "node_id": 676, "degree": 1, "type": "endpoint", "betweenness": 0.0, "is_critical": false, "is_articulation": false}}, {"type": "Feature", "geometry": {"type": "Point", "coordinates": [88.345265, 22.543646]}, "properties": {"feature_type": "node", "node_id": 677, "degree": 1, "type": "endpoint", "betweenness": 0.0, "is_critical": false, "is_articulation": false}}, {"type": "Feature", "geometry": {"type": "Point", "coordinates": [88.358041, 22.543539]}, "properties": {"feature_type": "node", "node_id": 678, "degree": 1, "type": "endpoint", "betweenness": 0.0, "is_critical": false, "is_articulation": false}}, {"type": "Feature", "geometry": {"type": "Point", "coordinates": [88.354132, 22.543535]}, "properties": {"feature_type": "node", "node_id": 681, "degree": 1, "type": "endpoint", "betweenness": 0.0, "is_critical": false, "is_articulation": false}}, {"type": "Feature", "geometry": {"type": "Point", "coordinates": [88.356116, 22.543519]}, "properties": {"feature_type": "node", "node_id": 682, "degree": 1, "type": "endpoint", "betweenness": 0.0, "is_critical": false, "is_articulation": false}}, {"type": "Feature", "geometry": {"type": "Point", "coordinates": [88.34754, 22.543573]}, "properties": {"feature_type": "node", "node_id": 683, "degree": 2, "type": "intersection", "betweenness": 0.0, "is_critical": false, "is_articulation": false}}, {"type": "Feature", "geometry": {"type": "Point", "coordinates": [88.353879, 22.543519]}, "properties": {"feature_type": "node", "node_id": 684, "degree": 1, "type": "endpoint", "betweenness": 0.0, "is_critical": false, "is_articulation": false}}, {"type": "Feature", "geometry": {"type": "Point", "coordinates": [88.354949, 22.54351]}, "properties": {"feature_type": "node", "node_id": 685, "degree": 1, "type": "endpoint", "betweenness": 0.0, "is_critical": false, "is_articulation": false}}, {"type": "Feature", "geometry": {"type": "Point", "coordinates": [88.352109, 22.543516]}, "properties": {"feature_type": "node", "node_id": 686, "degree": 1, "type": "endpoint", "betweenness": 0.0, "is_critical": false, "is_articulation": false}}, {"type": "Feature", "geometry": {"type": "Point", "coordinates": [88.351195, 22.543506]}, "properties": {"feature_type": "node", "node_id": 687, "degree": 1, "type": "endpoint", "betweenness": 0.0, "is_critical": false, "is_articulation": false}}, {"type": "Feature", "geometry": {"type": "Point", "coordinates": [88.348823, 22.543508]}, "properties": {"feature_type": "node", "node_id": 689, "degree": 1, "type": "endpoint", "betweenness": 0.0, "is_critical": false, "is_articulation": false}}, {"type": "Feature", "geometry": {"type": "Point", "coordinates": [88.350443, 22.558144]}, "properties": {"feature_type": "node", "node_id": 690, "degree": 2, "type": "intersection", "betweenness": 0.0, "is_critical": false, "is_articulation": false}}, {"type": "Feature", "geometry": {"type": "Point", "coordinates": [88.350422, 22.557928]}, "properties": {"feature_type": "node", "node_id": 691, "degree": 2, "type": "intersection", "betweenness": 0.0, "is_critical": false, "is_articulation": false}}, {"type": "Feature", "geometry": {"type": "Point", "coordinates": [88.350028, 22.555456]}, "properties": {"feature_type": "node", "node_id": 692, "degree": 2, "type": "intersection", "betweenness": 0.0, "is_critical": false, "is_articulation": false}}, {"type": "Feature", "geometry": {"type": "Point", "coordinates": [88.349961, 22.554357]}, "properties": {"feature_type": "node", "node_id": 693, "degree": 2, "type": "intersection", "betweenness": 0.0, "is_critical": false, "is_articulation": false}}, {"type": "Feature", "geometry": {"type": "Point", "coordinates": [88.349949, 22.554292]}, "properties": {"feature_type": "node", "node_id": 694, "degree": 2, "type": "intersection", "betweenness": 0.0, "is_critical": false, "is_articulation": false}}, {"type": "Feature", "geometry": {"type": "Point", "coordinates": [88.349926, 22.554199]}, "properties": {"feature_type": "node", "node_id": 695, "degree": 2, "type": "intersection", "betweenness": 0.0, "is_critical": false, "is_articulation": false}}, {"type": "Feature", "geometry": {"type": "Point", "coordinates": [88.349817, 22.553724]}, "properties": {"feature_type": "node", "node_id": 696, "degree": 2, "type": "intersection", "betweenness": 0.0, "is_critical": false, "is_articulation": false}}, {"type": "Feature", "geometry": {"type": "Point", "coordinates": [88.349582, 22.553581]}, "properties": {"feature_type": "node", "node_id": 697, "degree": 2, "type": "intersection", "betweenness": 0.0, "is_critical": false, "is_articulation": false}}, {"type": "Feature", "geometry": {"type": "Point", "coordinates": [88.349521, 22.553347]}, "properties": {"feature_type": "node", "node_id": 698, "degree": 2, "type": "intersection", "betweenness": 0.0, "is_critical": false, "is_articulation": false}}, {"type": "Feature", "geometry": {"type": "Point", "coordinates": [88.349493, 22.553196]}, "properties": {"feature_type": "node", "node_id": 699, "degree": 2, "type": "intersection", "betweenness": 0.0, "is_critical": false, "is_articulation": false}}, {"type": "Feature", "geometry": {"type": "Point", "coordinates": [88.34947, 22.553103]}, "properties": {"feature_type": "node", "node_id": 700, "degree": 2, "type": "intersection", "betweenness": 0.0, "is_critical": false, "is_articulation": false}}, {"type": "Feature", "geometry": {"type": "Point", "coordinates": [88.349675, 22.553147]}, "properties": {"feature_type": "node", "node_id": 701, "degree": 2, "type": "intersection", "betweenness": 0.0, "is_critical": false, "is_articulation": false}}, {"type": "Feature", "geometry": {"type": "Point", "coordinates": [88.349639, 22.553061]}, "properties": {"feature_type": "node", "node_id": 702, "degree": 2, "type": "intersection", "betweenness": 0.0, "is_critical": false, "is_articulation": false}}, {"type": "Feature", "geometry": {"type": "Point", "coordinates": [88.34944, 22.553022]}, "properties": {"feature_type": "node", "node_id": 703, "degree": 2, "type": "intersection", "betweenness": 0.0, "is_critical": false, "is_articulation": false}}, {"type": "Feature", "geometry": {"type": "Point", "coordinates": [88.349607, 22.552906]}, "properties": {"feature_type": "node", "node_id": 704, "degree": 2, "type": "intersection", "betweenness": 0.0, "is_critical": false, "is_articulation": false}}, {"type": "Feature", "geometry": {"type": "Point", "coordinates": [88.349566, 22.552744]}, "properties": {"feature_type": "node", "node_id": 705, "degree": 2, "type": "intersection", "betweenness": 0.0, "is_critical": false, "is_articulation": false}}, {"type": "Feature", "geometry": {"type": "Point", "coordinates": [88.349253, 22.551741]}, "properties": {"feature_type": "node", "node_id": 706, "degree": 2, "type": "intersection", "betweenness": 0.0, "is_critical": false, "is_articulation": false}}, {"type": "Feature", "geometry": {"type": "Point", "coordinates": [88.351087, 22.548348]}, "properties": {"feature_type": "node", "node_id": 707, "degree": 2, "type": "intersection", "betweenness": 0.0, "is_critical": false, "is_articulation": false}}, {"type": "Feature", "geometry": {"type": "Point", "coordinates": [88.361835, 22.547697]}, "properties": {"feature_type": "node", "node_id": 708, "degree": 2, "type": "intersection", "betweenness": 0.0, "is_critical": false, "is_articulation": false}}, {"type": "Feature", "geometry": {"type": "Point", "coordinates": [88.346548, 22.545514]}, "properties": {"feature_type": "node", "node_id": 709, "degree": 2, "type": "intersection", "betweenness": 0.0, "is_critical": false, "is_articulation": false}}, {"type": "Feature", "geometry": {"type": "Point", "coordinates": [88.347765, 22.544709]}, "properties": {"feature_type": "node", "node_id": 710, "degree": 2, "type": "intersection", "betweenness": 0.0, "is_critical": false, "is_articulation": false}}, {"type": "Feature", "geometry": {"type": "Point", "coordinates": [88.345601, 22.544149]}, "properties": {"feature_type": "node", "node_id": 711, "degree": 2, "type": "intersection", "betweenness": 0.0, "is_critical": false, "is_articulation": false}}, {"type": "Feature", "geometry": {"type": "Point", "coordinates": [88.345503, 22.544114]}, "properties": {"feature_type": "node", "node_id": 712, "degree": 2, "type": "intersection", "betweenness": 0.0, "is_critical": false, "is_articulation": false}}, {"type": "Feature", "geometry": {"type": "Point", "coordinates": [88.345405, 22.54397]}, "properties": {"feature_type": "node", "node_id": 713, "degree": 2, "type": "intersection", "betweenness": 0.0, "is_critical": false, "is_articulation": false}}, {"type": "Feature", "geometry": {"type": "Point", "coordinates": [88.345286, 22.543754]}, "properties": {"feature_type": "node", "node_id": 714, "degree": 2, "type": "intersection", "betweenness": 0.0, "is_critical": false, "is_articulation": false}}, {"type": "Feature", "geometry": {"type": "Point", "coordinates": [88.34762, 22.543771]}, "properties": {"feature_type": "node", "node_id": 715, "degree": 2, "type": "intersection", "betweenness": 0.0, "is_critical": false, "is_articulation": false}}, {"type": "Feature", "geometry": {"type": "LineString", "coordinates": [[88.362457, 22.561493], [88.362417, 22.561367], [88.362353, 22.56079], [88.362333, 22.560772], [88.36227, 22.560339]]}, "properties": {"feature_type": "edge", "u": 0, "v": 48, "edge_key": 0, "length_m": 135.456, "is_bridged": false, "is_bridge": true, "edge_betweenness": 0.0, "width_m": 8.124}}, {"type": "Feature", "geometry": {"type": "LineString", "coordinates": [[88.362885, 22.56149], [88.362864, 22.561345], [88.362883, 22.561327], [88.36288, 22.56102], [88.362899, 22.561002], [88.362895, 22.56055]]}, "properties": {"feature_type": "edge", "u": 1, "v": 37, "edge_key": 0, "length_m": 106.485, "is_bridged": false, "is_bridge": true, "edge_betweenness": 0.0, "width_m": 7.978}}, {"type": "Feature", "geometry": {"type": "LineString", "coordinates": [[88.360259, 22.561494], [88.360158, 22.561133], [88.360119, 22.561061], [88.360118, 22.560989]]}, "properties": {"feature_type": "edge", "u": 2, "v": 23, "edge_key": 0, "length_m": 61.799, "is_bridged": false, "is_bridge": true, "edge_betweenness": 0.0, "width_m": 8.371}}, {"type": "Feature", "geometry": {"type": "LineString", "coordinates": [[88.353977, 22.561511], [88.353896, 22.561222], [88.353834, 22.560825]]}, "properties": {"feature_type": "edge", "u": 3, "v": 27, "edge_key": 0, "length_m": 81.443, "is_bridged": false, "is_bridge": true, "edge_betweenness": 0.0, "width_m": 8.156}}, {"type": "Feature", "geometry": {"type": "LineString", "coordinates": [[88.357983, 22.561477], [88.358391, 22.561455], [88.358411, 22.561419]]}, "properties": {"feature_type": "edge", "u": 4, "v": 11, "edge_key": 0, "length_m": 47.301, "is_bridged": false, "is_bridge": true, "edge_betweenness": 0.0, "width_m": 8.308}}, {"type": "Feature", "geometry": {"type": "LineString", "coordinates": [[88.355008, 22.561484], [88.355085, 22.561483], [88.355105, 22.561465], [88.355103, 22.561266]]}, "properties": {"feature_type": "edge", "u": 5, "v": 18, "edge_key": 0, "length_m": 32.828, "is_bridged": false, "is_bridge": true, "edge_betweenness": 0.0, "width_m": 8.266}}, {"type": "Feature", "geometry": {"type": "LineString", "coordinates": [[88.356563, 22.561471], [88.356602, 22.561452], [88.356601, 22.561326], [88.356639, 22.56129], [88.356892, 22.561233]]}, "properties": {"feature_type": "edge", "u": 6, "v": 19, "edge_key": 0, "length_m": 52.971, "is_bridged": false, "is_bridge": true, "edge_betweenness": 0.0, "width_m": 8.415}}, {"type": "Feature", "geometry": {"type": "LineString", "coordinates": [[88.357497, 22.561463], [88.357214, 22.560418], [88.357134, 22.560201], [88.357134, 22.560129]]}, "properties": {"feature_type": "edge", "u": 7, "v": 60, "edge_key": 0, "length_m": 162.912, "is_bridged": false, "is_bridge": true, "edge_betweenness": 0.0, "width_m": 8.36}}, {"type": "Feature", "geometry": {"type": "LineString", "coordinates": [[88.350729, 22.561502], [88.350688, 22.561358], [88.350644, 22.560744]]}, "properties": {"feature_type": "edge", "u": 8, "v": 33, "edge_key": 0, "length_m": 87.314, "is_bridged": false, "is_bridge": true, "edge_betweenness": 0.0, "width_m": 8.017}}, {"type": "Feature", "geometry": {"type": "LineString", "coordinates": [[88.352304, 22.561489], [88.352264, 22.561363], [88.352263, 22.561272], [88.352243, 22.561254], [88.352243, 22.561164], [88.352223, 22.561146], [88.352222, 22.561056], [88.352202, 22.561038], [88.352202, 22.560948], [88.352182, 22.56093], [88.35212, 22.560569]]}, "properties": {"feature_type": "edge", "u": 9, "v": 39, "edge_key": 0, "length_m": 109.456, "is_bridged": false, "is_bridge": true, "edge_betweenness": 0.0, "width_m": 8.213}}, {"type": "Feature", "geometry": {"type": "LineString", "coordinates": [[88.353354, 22.56148], [88.353315, 22.561426], [88.353294, 22.561318], [88.353255, 22.561246], [88.353274, 22.561228], [88.353273, 22.561083], [88.353311, 22.561029], [88.353427, 22.560919], [88.353756, 22.560826], [88.353834, 22.560825]]}, "properties": {"feature_type": "edge", "u": 10, "v": 27, "edge_key": 0, "length_m": 119.74, "is_bridged": false, "is_bridge": true, "edge_betweenness": 0.0, "width_m": 8.545}}, {"type": "Feature", "geometry": {"type": "LineString", "coordinates": [[88.358411, 22.561419], [88.358508, 22.561418], [88.358818, 22.561325]]}, "properties": {"feature_type": "edge", "u": 11, "v": 17, "edge_key": 0, "length_m": 46.142, "is_bridged": false, "is_bridge": false, "edge_betweenness": 0.0, "width_m": 8.54}}, {"type": "Feature", "geometry": {"type": "LineString", "coordinates": [[88.358411, 22.561419], [88.358371, 22.561347], [88.35837, 22.561275], [88.35829, 22.560987], [88.358289, 22.560896], [88.358249, 22.560788], [88.358146, 22.560175], [88.358065, 22.559887], [88.358026, 22.559869]]}, "properties": {"feature_type": "edge", "u": 11, "v": 71, "edge_key": 0, "length_m": 188.199, "is_bridged": false, "is_bridge": false, "edge_betweenness": 0.0, "width_m": 8.258}}, {"type": "Feature", "geometry": {"type": "LineString", "coordinates": [[88.349465, 22.561494], [88.348578, 22.56031]]}, "properties": {"feature_type": "edge", "u": 12, "v": 56, "edge_key": 0, "length_m": 169.279, "is_bridged": false, "is_bridge": true, "edge_betweenness": 0.0, "width_m": 8.888}}, {"type": "Feature", "geometry": {"type": "LineString", "coordinates": [[88.350884, 22.561483], [88.350863, 22.561266], [88.350843, 22.561248], [88.350841, 22.561085], [88.350822, 22.561068], [88.35082, 22.560905], [88.350801, 22.560887], [88.350799, 22.560725]]}, "properties": {"feature_type": "edge", "u": 13, "v": 34, "edge_key": 0, "length_m": 87.314, "is_bridged": false, "is_bridge": true, "edge_betweenness": 0.0, "width_m": 8.169}}, {"type": "Feature", "geometry": {"type": "LineString", "coordinates": [[88.346761, 22.561481], [88.346721, 22.561427], [88.346102, 22.559698], [88.346062, 22.559662]]}, "properties": {"feature_type": "edge", "u": 14, "v": 83, "edge_key": 0, "length_m": 230.995, "is_bridged": false, "is_bridge": true, "edge_betweenness": 0.0, "width_m": 8.421}}, {"type": "Feature", "geometry": {"type": "LineString", "coordinates": [[88.348006, 22.561471], [88.347986, 22.561435], [88.348024, 22.56138], [88.348043, 22.56129], [88.348233, 22.560836]]}, "properties": {"feature_type": "edge", "u": 15, "v": 25, "edge_key": 0, "length_m": 79.694, "is_bridged": false, "is_bridge": true, "edge_betweenness": 0.0, "width_m": 15.292}}, {"type": "Feature", "geometry": {"type": "LineString", "coordinates": [[88.346625, 22.561464], [88.345985, 22.559681]]}, "properties": {"feature_type": "edge", "u": 16, "v": 81, "edge_key": 0, "length_m": 224.51, "is_bridged": false, "is_bridge": true, "edge_betweenness": 0.0, "width_m": 8.439}}, {"type": "Feature", "geometry": {"type": "LineString", "coordinates": [[88.358818, 22.561325], [88.358896, 22.561325], [88.359284, 22.561231], [88.359361, 22.561194]]}, "properties": {"feature_type": "edge", "u": 17, "v": 20, "edge_key": 0, "length_m": 61.799, "is_bridged": false, "is_bridge": false, "edge_betweenness": 0.0, "width_m": 8.473}}, {"type": "Feature", "geometry": {"type": "LineString", "coordinates": [[88.358818, 22.561325], [88.358817, 22.561217], [88.358757, 22.561001]]}, "properties": {"feature_type": "edge", "u": 17, "v": 22, "edge_key": 0, "length_m": 38.485, "is_bridged": false, "is_bridge": false, "edge_betweenness": 0.0, "width_m": 8.528}}, {"type": "Feature", "geometry": {"type": "LineString", "coordinates": [[88.355103, 22.561266], [88.354656, 22.561306], [88.354579, 22.561397], [88.354307, 22.561454], [88.354268, 22.5614], [88.354247, 22.561292], [88.354188, 22.561166], [88.354165, 22.560841], [88.354125, 22.560751]]}, "properties": {"feature_type": "edge", "u": 18, "v": 31, "edge_key": 0, "length_m": 176.912, "is_bridged": false, "is_bridge": false, "edge_betweenness": 0.0, "width_m": 8.379}}, {"type": "Feature", "geometry": {"type": "LineString", "coordinates": [[88.355103, 22.561266], [88.35514, 22.561122], [88.355139, 22.560977]]}, "properties": {"feature_type": "edge", "u": 18, "v": 24, "edge_key": 0, "length_m": 33.657, "is_bridged": false, "is_bridge": false, "edge_betweenness": 0.0, "width_m": 8.739}}, {"type": "Feature", "geometry": {"type": "LineString", "coordinates": [[88.359361, 22.561194], [88.359517, 22.561175], [88.359866, 22.561064], [88.359904, 22.561027]]}, "properties": {"feature_type": "edge", "u": 20, "v": 21, "edge_key": 0, "length_m": 63.456, "is_bridged": false, "is_bridge": false, "edge_betweenness": 0.0, "width_m": 8.557}}, {"type": "Feature", "geometry": {"type": "LineString", "coordinates": [[88.359361, 22.561194], [88.3593, 22.560834], [88.35926, 22.560762]]}, "properties": {"feature_type": "edge", "u": 20, "v": 28, "edge_key": 0, "length_m": 52.142, "is_bridged": false, "is_bridge": false, "edge_betweenness": 0.0, "width_m": 8.453}}, {"type": "Feature", "geometry": {"type": "LineString", "coordinates": [[88.359904, 22.561027], [88.360118, 22.560989]]}, "properties": {"feature_type": "edge", "u": 21, "v": 23, "edge_key": 0, "length_m": 23.301, "is_bridged": false, "is_bridge": false, "edge_betweenness": 0.0, "width_m": 8.378}}, {"type": "Feature", "geometry": {"type": "LineString", "coordinates": [[88.359904, 22.561027], [88.359904, 22.560973], [88.359824, 22.560811], [88.359764, 22.560613], [88.359725, 22.560559], [88.359645, 22.560343], [88.359644, 22.560289]]}, "properties": {"feature_type": "edge", "u": 21, "v": 54, "edge_key": 0, "length_m": 92.77, "is_bridged": false, "is_bridge": false, "edge_betweenness": 0.0, "width_m": 8.496}}, {"type": "Feature", "geometry": {"type": "LineString", "coordinates": [[88.358757, 22.561001], [88.359009, 22.560944], [88.359047, 22.560908], [88.359046, 22.5608], [88.359066, 22.560781], [88.35926, 22.560762]]}, "properties": {"feature_type": "edge", "u": 22, "v": 28, "edge_key": 0, "length_m": 69.799, "is_bridged": false, "is_bridge": false, "edge_betweenness": 0.0, "width_m": 8.503}}, {"type": "Feature", "geometry": {"type": "LineString", "coordinates": [[88.358757, 22.561001], [88.358716, 22.560875], [88.358832, 22.560801], [88.358788, 22.56026], [88.358769, 22.560242], [88.358768, 22.560134], [88.358748, 22.560116], [88.358727, 22.559971], [88.358547, 22.559485], [88.358546, 22.559359]]}, "properties": {"feature_type": "edge", "u": 22, "v": 96, "edge_key": 0, "length_m": 202.212, "is_bridged": false, "is_bridge": true, "edge_betweenness": 0.0, "width_m": 8.376}}, {"type": "Feature", "geometry": {"type": "LineString", "coordinates": [[88.360118, 22.560989], [88.360253, 22.560916], [88.360661, 22.560786], [88.360718, 22.560731]]}, "properties": {"feature_type": "edge", "u": 23, "v": 29, "edge_key": 0, "length_m": 73.598, "is_bridged": false, "is_bridge": false, "edge_betweenness": 0.0, "width_m": 8.664}}, {"type": "Feature", "geometry": {"type": "LineString", "coordinates": [[88.355139, 22.560977], [88.354906, 22.560997], [88.354712, 22.561071], [88.354634, 22.561054], [88.354514, 22.560729], [88.354513, 22.560639]]}, "properties": {"feature_type": "edge", "u": 24, "v": 36, "edge_key": 0, "length_m": 107.941, "is_bridged": false, "is_bridge": false, "edge_betweenness": 0.0, "width_m": 8.443}}, {"type": "Feature", "geometry": {"type": "LineString", "coordinates": [[88.355139, 22.560977], [88.355118, 22.560851], [88.355038, 22.560653], [88.355037, 22.560526]]}, "properties": {"feature_type": "edge", "u": 24, "v": 40, "edge_key": 0, "length_m": 53.786, "is_bridged": false, "is_bridge": false, "edge_betweenness": 0.0, "width_m": 8.709}}, {"type": "Feature", "geometry": {"type": "LineString", "coordinates": [[88.348233, 22.560836], [88.348369, 22.560853], [88.348485, 22.560798], [88.348641, 22.560779]]}, "properties": {"feature_type": "edge", "u": 25, "v": 32, "edge_key": 0, "length_m": 45.638, "is_bridged": false, "is_bridge": true, "edge_betweenness": 0.0, "width_m": 8.329}}, {"type": "Feature", "geometry": {"type": "LineString", "coordinates": [[88.348233, 22.560836], [88.34831, 22.560763], [88.348309, 22.560709]]}, "properties": {"feature_type": "edge", "u": 25, "v": 35, "edge_key": 0, "length_m": 17.314, "is_bridged": false, "is_bridge": false, "edge_betweenness": 0.0, "width_m": 5.65}}, {"type": "Feature", "geometry": {"type": "LineString", "coordinates": [[88.348233, 22.560836], [88.34827, 22.56071], [88.348309, 22.560709]]}, "properties": {"feature_type": "edge", "u": 25, "v": 35, "edge_key": 1, "length_m": 18.56, "is_bridged": false, "is_bridge": false, "edge_betweenness": 0.0, "width_m": 3.219}}, {"type": "Feature", "geometry": {"type": "LineString", "coordinates": [[88.348233, 22.560836], [88.348308, 22.560601]]}, "properties": {"feature_type": "edge", "u": 25, "v": 38, "edge_key": 0, "length_m": 27.205, "is_bridged": false, "is_bridge": false, "edge_betweenness": 0.0, "width_m": 2.667}}, {"type": "Feature", "geometry": {"type": "LineString", "coordinates": [[88.348233, 22.560836], [88.34827, 22.560619], [88.348308, 22.560601]]}, "properties": {"feature_type": "edge", "u": 25, "v": 38, "edge_key": 1, "length_m": 28.803, "is_bridged": false, "is_bridge": false, "edge_betweenness": 0.0, "width_m": 4.0}}, {"type": "Feature", "geometry": {"type": "LineString", "coordinates": [[88.364745, 22.560769], [88.364706, 22.560788], [88.36457, 22.560789], [88.36455, 22.560771], [88.364239, 22.560756], [88.364219, 22.560738], [88.363966, 22.56074], [88.363947, 22.560722], [88.363733, 22.560706], [88.363713, 22.560688], [88.363402, 22.560654], [88.363285, 22.560619], [88.363187, 22.56062], [88.363109, 22.560584], [88.362895, 22.56055]]}, "properties": {"feature_type": "edge", "u": 26, "v": 37, "edge_key": 0, "length_m": 202.426, "is_bridged": false, "is_bridge": true, "edge_betweenness": 0.0, "width_m": 8.196}}, {"type": "Feature", "geometry": {"type": "LineString", "coordinates": [[88.353834, 22.560825], [88.353873, 22.560789], [88.353931, 22.560788], [88.354008, 22.560752], [88.354125, 22.560751]]}, "properties": {"feature_type": "edge", "u": 27, "v": 31, "edge_key": 0, "length_m": 33.314, "is_bridged": false, "is_bridge": false, "edge_betweenness": 0.0, "width_m": 8.98}}, {"type": "Feature", "geometry": {"type": "LineString", "coordinates": [[88.353834, 22.560825], [88.353748, 22.559977]]}, "properties": {"feature_type": "edge", "u": 27, "v": 66, "edge_key": 0, "length_m": 97.314, "is_bridged": false, "is_bridge": false, "edge_betweenness": 0.0, "width_m": 8.179}}, {"type": "Feature", "geometry": {"type": "LineString", "coordinates": [[88.35926, 22.560762], [88.359259, 22.560671], [88.359219, 22.560563], [88.359393, 22.560489], [88.359313, 22.560255], [88.359174, 22.559967], [88.359174, 22.559913], [88.359134, 22.559841], [88.358973, 22.559283]]}, "properties": {"feature_type": "edge", "u": 28, "v": 102, "edge_key": 0, "length_m": 196.368, "is_bridged": false, "is_bridge": false, "edge_betweenness": 0.0, "width_m": 8.563}}, {"type": "Feature", "geometry": {"type": "LineString", "coordinates": [[88.360718, 22.560731], [88.360835, 22.560712], [88.361183, 22.560547], [88.361397, 22.560473], [88.361474, 22.5604]]}, "properties": {"feature_type": "edge", "u": 29, "v": 45, "edge_key": 0, "length_m": 93.727, "is_bridged": false, "is_bridge": false, "edge_betweenness": 0.0, "width_m": 8.744}}, {"type": "Feature", "geometry": {"type": "LineString", "coordinates": [[88.360718, 22.560731], [88.360578, 22.560353], [88.360539, 22.560317]]}, "properties": {"feature_type": "edge", "u": 29, "v": 52, "edge_key": 0, "length_m": 53.456, "is_bridged": false, "is_bridge": false, "edge_betweenness": 0.0, "width_m": 8.61}}, {"type": "Feature", "geometry": {"type": "LineString", "coordinates": [[88.360193, 22.560718], [88.360074, 22.560484], [88.360074, 22.56043]]}, "properties": {"feature_type": "edge", "u": 30, "v": 44, "edge_key": 0, "length_m": 36.971, "is_bridged": false, "is_bridge": true, "edge_betweenness": 0.0, "width_m": 8.856}}, {"type": "Feature", "geometry": {"type": "LineString", "coordinates": [[88.354125, 22.560751], [88.354144, 22.560714], [88.354202, 22.560696], [88.354261, 22.560695], [88.354396, 22.56064], [88.354513, 22.560639]]}, "properties": {"feature_type": "edge", "u": 31, "v": 36, "edge_key": 0, "length_m": 45.786, "is_bridged": false, "is_bridge": false, "edge_betweenness": 0.0, "width_m": 8.638}}, {"type": "Feature", "geometry": {"type": "LineString", "coordinates": [[88.350644, 22.560744], [88.350799, 22.560725]]}, "properties": {"feature_type": "edge", "u": 33, "v": 34, "edge_key": 0, "length_m": 16.828, "is_bridged": false, "is_bridge": false, "edge_betweenness": 0.0, "width_m": 8.867}}, {"type": "Feature", "geometry": {"type": "LineString", "coordinates": [[88.350644, 22.560744], [88.350515, 22.559553], [88.350476, 22.559499], [88.350474, 22.559264]]}, "properties": {"feature_type": "edge", "u": 33, "v": 110, "edge_key": 0, "length_m": 170.627, "is_bridged": false, "is_bridge": false, "edge_betweenness": 0.0, "width_m": 9.581}}, {"type": "Feature", "geometry": {"type": "LineString", "coordinates": [[88.350799, 22.560725], [88.351188, 22.560703], [88.351207, 22.560685], [88.351324, 22.560684], [88.351343, 22.560666], [88.35212, 22.560569]]}, "properties": {"feature_type": "edge", "u": 34, "v": 39, "edge_key": 0, "length_m": 142.627, "is_bridged": false, "is_bridge": false, "edge_betweenness": 0.0, "width_m": 8.268}}, {"type": "Feature", "geometry": {"type": "LineString", "coordinates": [[88.350799, 22.560725], [88.350653, 22.559732]]}, "properties": {"feature_type": "edge", "u": 34, "v": 78, "edge_key": 0, "length_m": 115.443, "is_bridged": false, "is_bridge": false, "edge_betweenness": 0.0, "width_m": 8.184}}, {"type": "Feature", "geometry": {"type": "LineString", "coordinates": [[88.348309, 22.560709], [88.348329, 22.560691], [88.348308, 22.560601]]}, "properties": {"feature_type": "edge", "u": 35, "v": 38, "edge_key": 0, "length_m": 13.026, "is_bridged": false, "is_bridge": false, "edge_betweenness": 0.0, "width_m": 5.886}}, {"type": "Feature", "geometry": {"type": "LineString", "coordinates": [[88.354513, 22.560639], [88.354532, 22.560603], [88.354784, 22.560546], [88.35492, 22.560491], [88.354978, 22.560491]]}, "properties": {"feature_type": "edge", "u": 36, "v": 42, "edge_key": 0, "length_m": 55.443, "is_bridged": false, "is_bridge": false, "edge_betweenness": 0.0, "width_m": 8.472}}, {"type": "Feature", "geometry": {"type": "LineString", "coordinates": [[88.362895, 22.56055], [88.362817, 22.560497], [88.362465, 22.560391], [88.36231, 22.560374], [88.36227, 22.560339]]}, "properties": {"feature_type": "edge", "u": 37, "v": 48, "edge_key": 0, "length_m": 73.941, "is_bridged": false, "is_bridge": true, "edge_betweenness": 0.0, "width_m": 8.517}}, {"type": "Feature", "geometry": {"type": "LineString", "coordinates": [[88.348308, 22.560601], [88.348367, 22.5606], [88.348366, 22.560546]]}, "properties": {"feature_type": "edge", "u": 38, "v": 41, "edge_key": 0, "length_m": 12.0, "is_bridged": false, "is_bridge": false, "edge_betweenness": 0.0, "width_m": 5.333}}, {"type": "Feature", "geometry": {"type": "LineString", "coordinates": [[88.348308, 22.560601], [88.348366, 22.560546]]}, "properties": {"feature_type": "edge", "u": 38, "v": 41, "edge_key": 1, "length_m": 8.944, "is_bridged": false, "is_bridge": false, "edge_betweenness": 0.0, "width_m": 4.0}}, {"type": "Feature", "geometry": {"type": "LineString", "coordinates": [[88.348308, 22.560601], [88.348288, 22.560529], [88.348307, 22.560511]]}, "properties": {"feature_type": "edge", "u": 38, "v": 46, "edge_key": 0, "length_m": 11.075, "is_bridged": false, "is_bridge": false, "edge_betweenness": 0.0, "width_m": 6.981}}, {"type": "Feature", "geometry": {"type": "LineString", "coordinates": [[88.35212, 22.560569], [88.3521, 22.560533], [88.352098, 22.560334], [88.352079, 22.560316], [88.352077, 22.560154], [88.352058, 22.560136], [88.351993, 22.559522]]}, "properties": {"feature_type": "edge", "u": 39, "v": 89, "edge_key": 0, "length_m": 120.614, "is_bridged": false, "is_bridge": false, "edge_betweenness": 0.0, "width_m": 8.216}}, {"type": "Feature", "geometry": {"type": "LineString", "coordinates": [[88.355037, 22.560526], [88.354978, 22.560491]]}, "properties": {"feature_type": "edge", "u": 40, "v": 42, "edge_key": 0, "length_m": 7.301, "is_bridged": false, "is_bridge": false, "edge_betweenness": 0.0, "width_m": 8.944}}, {"type": "Feature", "geometry": {"type": "LineString", "coordinates": [[88.355037, 22.560526], [88.355076, 22.560526], [88.355249, 22.560362], [88.355499, 22.559999], [88.355538, 22.559998], [88.355634, 22.559943], [88.355732, 22.559942]]}, "properties": {"feature_type": "edge", "u": 40, "v": 67, "edge_key": 0, "length_m": 106.711, "is_bridged": false, "is_bridge": false, "edge_betweenness": 0.0, "width_m": 9.058}}, {"type": "Feature", "geometry": {"type": "LineString", "coordinates": [[88.348366, 22.560546], [88.348346, 22.56051], [88.348307, 22.560511]]}, "properties": {"feature_type": "edge", "u": 41, "v": 46, "edge_key": 0, "length_m": 8.472, "is_bridged": false, "is_bridge": false, "edge_betweenness": 0.0, "width_m": 5.648}}, {"type": "Feature", "geometry": {"type": "LineString", "coordinates": [[88.348366, 22.560546], [88.348405, 22.56051], [88.348404, 22.560474]]}, "properties": {"feature_type": "edge", "u": 41, "v": 47, "edge_key": 0, "length_m": 9.657, "is_bridged": false, "is_bridge": false, "edge_betweenness": 0.0, "width_m": 5.886}}, {"type": "Feature", "geometry": {"type": "LineString", "coordinates": [[88.354978, 22.560491], [88.354958, 22.560382], [88.354918, 22.560311], [88.354897, 22.56013], [88.354837, 22.559914], [88.35481, 22.559155], [88.35479, 22.559083]]}, "properties": {"feature_type": "edge", "u": 42, "v": 120, "edge_key": 0, "length_m": 163.1, "is_bridged": false, "is_bridge": false, "edge_betweenness": 0.0, "width_m": 8.202}}, {"type": "Feature", "geometry": {"type": "LineString", "coordinates": [[88.355834, 22.560483], [88.355774, 22.560321], [88.355732, 22.559942]]}, "properties": {"feature_type": "edge", "u": 43, "v": 67, "edge_key": 0, "length_m": 64.142, "is_bridged": false, "is_bridge": true, "edge_betweenness": 0.0, "width_m": 8.197}}, {"type": "Feature", "geometry": {"type": "LineString", "coordinates": [[88.360074, 22.56043], [88.360132, 22.560429], [88.360442, 22.560318], [88.360539, 22.560317]]}, "properties": {"feature_type": "edge", "u": 44, "v": 52, "edge_key": 0, "length_m": 52.971, "is_bridged": false, "is_bridge": false, "edge_betweenness": 0.0, "width_m": 8.452}}, {"type": "Feature", "geometry": {"type": "LineString", "coordinates": [[88.360074, 22.56043], [88.360014, 22.560358], [88.359974, 22.560196]]}, "properties": {"feature_type": "edge", "u": 44, "v": 57, "edge_key": 0, "length_m": 30.142, "is_bridged": false, "is_bridge": false, "edge_betweenness": 0.0, "width_m": 9.017}}, {"type": "Feature", "geometry": {"type": "LineString", "coordinates": [[88.361474, 22.5604], [88.361648, 22.56038], [88.361745, 22.560325]]}, "properties": {"feature_type": "edge", "u": 45, "v": 51, "edge_key": 0, "length_m": 31.314, "is_bridged": false, "is_bridge": false, "edge_betweenness": 0.0, "width_m": 8.743}}, {"type": "Feature", "geometry": {"type": "LineString", "coordinates": [[88.361474, 22.5604], [88.361434, 22.560292], [88.361432, 22.560147]]}, "properties": {"feature_type": "edge", "u": 45, "v": 59, "edge_key": 0, "length_m": 29.657, "is_bridged": false, "is_bridge": false, "edge_betweenness": 0.0, "width_m": 8.291}}, {"type": "Feature", "geometry": {"type": "LineString", "coordinates": [[88.348307, 22.560511], [88.348326, 22.560456]]}, "properties": {"feature_type": "edge", "u": 46, "v": 49, "edge_key": 0, "length_m": 6.828, "is_bridged": false, "is_bridge": false, "edge_betweenness": 0.0, "width_m": 8.63}}, {"type": "Feature", "geometry": {"type": "LineString", "coordinates": [[88.348404, 22.560474], [88.348326, 22.560456]]}, "properties": {"feature_type": "edge", "u": 47, "v": 49, "edge_key": 0, "length_m": 8.472, "is_bridged": false, "is_bridge": false, "edge_betweenness": 0.0, "width_m": 6.2}}, {"type": "Feature", "geometry": {"type": "LineString", "coordinates": [[88.348404, 22.560474], [88.348423, 22.560419]]}, "properties": {"feature_type": "edge", "u": 47, "v": 50, "edge_key": 0, "length_m": 6.828, "is_bridged": false, "is_bridge": false, "edge_betweenness": 0.0, "width_m": 6.438}}, {"type": "Feature", "geometry": {"type": "LineString", "coordinates": [[88.36227, 22.560339], [88.362115, 22.56034], [88.362095, 22.560322], [88.361823, 22.560324], [88.361765, 22.560343], [88.361745, 22.560325]]}, "properties": {"feature_type": "edge", "u": 48, "v": 51, "edge_key": 0, "length_m": 56.485, "is_bridged": false, "is_bridge": false, "edge_betweenness": 0.0, "width_m": 8.4}}, {"type": "Feature", "geometry": {"type": "LineString", "coordinates": [[88.36227, 22.560339], [88.362231, 22.560303], [88.36223, 22.560213], [88.362191, 22.560141], [88.36211, 22.559852], [88.361973, 22.559763]]}, "properties": {"feature_type": "edge", "u": 48, "v": 75, "edge_key": 0, "length_m": 78.413, "is_bridged": false, "is_bridge": false, "edge_betweenness": 0.0, "width_m": 8.708}}, {"type": "Feature", "geometry": {"type": "LineString", "coordinates": [[88.348326, 22.560456], [88.348345, 22.560402]]}, "properties": {"feature_type": "edge", "u": 49, "v": 53, "edge_key": 0, "length_m": 6.828, "is_bridged": false, "is_bridge": false, "edge_betweenness": 0.0, "width_m": 8.63}}, {"type": "Feature", "geometry": {"type": "LineString", "coordinates": [[88.348423, 22.560419], [88.348345, 22.560402]]}, "properties": {"feature_type": "edge", "u": 50, "v": 53, "edge_key": 0, "length_m": 8.472, "is_bridged": false, "is_bridge": false, "edge_betweenness": 0.0, "width_m": 6.2}}, {"type": "Feature", "geometry": {"type": "LineString", "coordinates": [[88.348423, 22.560419], [88.348442, 22.560401], [88.348423, 22.560347]]}, "properties": {"feature_type": "edge", "u": 50, "v": 55, "edge_key": 0, "length_m": 9.153, "is_bridged": false, "is_bridge": false, "edge_betweenness": 0.0, "width_m": 4.552}}, {"type": "Feature", "geometry": {"type": "LineString", "coordinates": [[88.361745, 22.560325], [88.361743, 22.560072], [88.361896, 22.559872], [88.361934, 22.559782], [88.361973, 22.559763]]}, "properties": {"feature_type": "edge", "u": 51, "v": 75, "edge_key": 0, "length_m": 72.756, "is_bridged": false, "is_bridge": false, "edge_betweenness": 0.0, "width_m": 8.73}}, {"type": "Feature", "geometry": {"type": "LineString", "coordinates": [[88.360539, 22.560317], [88.360519, 22.560209], [88.360459, 22.560101], [88.360459, 22.560047]]}, "properties": {"feature_type": "edge", "u": 52, "v": 61, "edge_key": 0, "length_m": 32.957, "is_bridged": false, "is_bridge": false, "edge_betweenness": 0.0, "width_m": 8.804}}, {"type": "Feature", "geometry": {"type": "LineString", "coordinates": [[88.348345, 22.560402], [88.348364, 22.560348], [88.348423, 22.560347]]}, "properties": {"feature_type": "edge", "u": 53, "v": 55, "edge_key": 0, "length_m": 12.472, "is_bridged": false, "is_bridge": false, "edge_betweenness": 0.0, "width_m": 6.472}}, {"type": "Feature", "geometry": {"type": "LineString", "coordinates": [[88.359644, 22.560289], [88.359722, 22.560288], [88.35978, 22.560251], [88.359974, 22.560196]]}, "properties": {"feature_type": "edge", "u": 54, "v": 57, "edge_key": 0, "length_m": 37.786, "is_bridged": false, "is_bridge": false, "edge_betweenness": 0.0, "width_m": 8.881}}, {"type": "Feature", "geometry": {"type": "LineString", "coordinates": [[88.359644, 22.560289], [88.359525, 22.560019], [88.359444, 22.55973], [88.359326, 22.559551], [88.359323, 22.559262]]}, "properties": {"feature_type": "edge", "u": 54, "v": 105, "edge_key": 0, "length_m": 126.899, "is_bridged": false, "is_bridge": false, "edge_betweenness": 0.0, "width_m": 8.413}}, {"type": "Feature", "geometry": {"type": "LineString", "coordinates": [[88.348423, 22.560347], [88.348461, 22.560311], [88.348578, 22.56031]]}, "properties": {"feature_type": "edge", "u": 55, "v": 56, "edge_key": 0, "length_m": 17.657, "is_bridged": false, "is_bridge": false, "edge_betweenness": 0.0, "width_m": 8.074}}, {"type": "Feature", "geometry": {"type": "LineString", "coordinates": [[88.348423, 22.560347], [88.348363, 22.560275], [88.348362, 22.560149], [88.348381, 22.560113]]}, "properties": {"feature_type": "edge", "u": 55, "v": 62, "edge_key": 0, "length_m": 28.512, "is_bridged": false, "is_bridge": false, "edge_betweenness": 0.0, "width_m": 7.722}}, {"type": "Feature", "geometry": {"type": "LineString", "coordinates": [[88.348578, 22.56031], [88.348576, 22.560111]]}, "properties": {"feature_type": "edge", "u": 56, "v": 63, "edge_key": 0, "length_m": 22.0, "is_bridged": false, "is_bridge": false, "edge_betweenness": 0.0, "width_m": 9.04}}, {"type": "Feature", "geometry": {"type": "LineString", "coordinates": [[88.359974, 22.560196], [88.359935, 22.56016], [88.359894, 22.560016], [88.359855, 22.559962], [88.359854, 22.559889]]}, "properties": {"feature_type": "edge", "u": 57, "v": 68, "edge_key": 0, "length_m": 38.971, "is_bridged": false, "is_bridge": false, "edge_betweenness": 0.0, "width_m": 9.029}}, {"type": "Feature", "geometry": {"type": "LineString", "coordinates": [[88.359974, 22.560196], [88.360459, 22.560047]]}, "properties": {"feature_type": "edge", "u": 57, "v": 61, "edge_key": 0, "length_m": 55.915, "is_bridged": false, "is_bridge": false, "edge_betweenness": 0.0, "width_m": 8.82}}, {"type": "Feature", "geometry": {"type": "LineString", "coordinates": [[88.361316, 22.560148], [88.361316, 22.560184], [88.361258, 22.560257], [88.361065, 22.560349], [88.360968, 22.560368], [88.360908, 22.560278], [88.360789, 22.559972]]}, "properties": {"feature_type": "edge", "u": 58, "v": 65, "edge_key": 0, "length_m": 100.555, "is_bridged": false, "is_bridge": false, "edge_betweenness": 0.0, "width_m": 8.729}}, {"type": "Feature", "geometry": {"type": "LineString", "coordinates": [[88.361316, 22.560148], [88.361432, 22.560147]]}, "properties": {"feature_type": "edge", "u": 58, "v": 59, "edge_key": 0, "length_m": 12.0, "is_bridged": false, "is_bridge": false, "edge_betweenness": 0.0, "width_m": 8.852}}, {"type": "Feature", "geometry": {"type": "LineString", "coordinates": [[88.361316, 22.560148], [88.361276, 22.560112], [88.361177, 22.559896], [88.361118, 22.559861]]}, "properties": {"feature_type": "edge", "u": 58, "v": 70, "edge_key": 0, "length_m": 41.1, "is_bridged": false, "is_bridge": false, "edge_betweenness": 0.0, "width_m": 8.856}}, {"type": "Feature", "geometry": {"type": "LineString", "coordinates": [[88.361432, 22.560147], [88.361529, 22.560056], [88.361528, 22.560002], [88.36129, 22.559498], [88.36127, 22.55948], [88.361153, 22.559481], [88.361037, 22.559518]]}, "properties": {"feature_type": "edge", "u": 59, "v": 84, "edge_key": 0, "length_m": 114.569, "is_bridged": false, "is_bridge": false, "edge_betweenness": 0.0, "width_m": 8.573}}, {"type": "Feature", "geometry": {"type": "LineString", "coordinates": [[88.357134, 22.560129], [88.357094, 22.560057], [88.357033, 22.559805], [88.356894, 22.559499], [88.356813, 22.55912]]}, "properties": {"feature_type": "edge", "u": 60, "v": 118, "edge_key": 0, "length_m": 125.255, "is_bridged": false, "is_bridge": false, "edge_betweenness": 0.0, "width_m": 8.581}}, {"type": "Feature", "geometry": {"type": "LineString", "coordinates": [[88.357134, 22.560129], [88.357386, 22.560073], [88.357521, 22.56], [88.357793, 22.559907], [88.357851, 22.559906], [88.357929, 22.55987], [88.358026, 22.559869]]}, "properties": {"feature_type": "edge", "u": 60, "v": 71, "edge_key": 0, "length_m": 103.598, "is_bridged": false, "is_bridge": false, "edge_betweenness": 0.0, "width_m": 8.572}}, {"type": "Feature", "geometry": {"type": "LineString", "coordinates": [[88.360459, 22.560047], [88.36042, 22.560011], [88.36034, 22.559795], [88.360301, 22.559777]]}, "properties": {"feature_type": "edge", "u": 61, "v": 74, "edge_key": 0, "length_m": 37.443, "is_bridged": false, "is_bridge": false, "edge_betweenness": 0.0, "width_m": 8.751}}, {"type": "Feature", "geometry": {"type": "LineString", "coordinates": [[88.360459, 22.560047], [88.360789, 22.559972]]}, "properties": {"feature_type": "edge", "u": 61, "v": 65, "edge_key": 0, "length_m": 36.601, "is_bridged": false, "is_bridge": false, "edge_betweenness": 0.0, "width_m": 8.876}}, {"type": "Feature", "geometry": {"type": "LineString", "coordinates": [[88.348381, 22.560113], [88.348459, 22.560094]]}, "properties": {"feature_type": "edge", "u": 62, "v": 64, "edge_key": 0, "length_m": 8.828, "is_bridged": false, "is_bridge": false, "edge_betweenness": 0.0, "width_m": 9.708}}, {"type": "Feature", "geometry": {"type": "LineString", "coordinates": [[88.348381, 22.560113], [88.348322, 22.560059], [88.345386, 22.556073], [88.345327, 22.556019], [88.345287, 22.555929]]}, "properties": {"feature_type": "edge", "u": 62, "v": 269, "edge_key": 0, "length_m": 596.063, "is_bridged": false, "is_bridge": true, "edge_betweenness": 0.0, "width_m": 8.892}}, {"type": "Feature", "geometry": {"type": "LineString", "coordinates": [[88.348576, 22.560111], [88.348479, 22.560112], [88.348459, 22.560094]]}, "properties": {"feature_type": "edge", "u": 63, "v": 64, "edge_key": 0, "length_m": 12.828, "is_bridged": false, "is_bridge": false, "edge_betweenness": 0.0, "width_m": 9.139}}, {"type": "Feature", "geometry": {"type": "LineString", "coordinates": [[88.348576, 22.560111], [88.348652, 22.559894], [88.34865, 22.559767]]}, "properties": {"feature_type": "edge", "u": 63, "v": 77, "edge_key": 0, "length_m": 41.314, "is_bridged": false, "is_bridge": false, "edge_betweenness": 0.0, "width_m": 8.686}}, {"type": "Feature", "geometry": {"type": "LineString", "coordinates": [[88.348459, 22.560094], [88.348458, 22.56004], [88.348554, 22.559858], [88.348554, 22.559822], [88.348611, 22.559767], [88.34865, 22.559767]]}, "properties": {"feature_type": "edge", "u": 64, "v": 77, "edge_key": 0, "length_m": 46.627, "is_bridged": false, "is_bridge": false, "edge_betweenness": 0.0, "width_m": 9.606}}, {"type": "Feature", "geometry": {"type": "LineString", "coordinates": [[88.360789, 22.559972], [88.360905, 22.559917], [88.361118, 22.559861]]}, "properties": {"feature_type": "edge", "u": 65, "v": 70, "edge_key": 0, "length_m": 38.614, "is_bridged": false, "is_bridge": false, "edge_betweenness": 0.0, "width_m": 8.763}}, {"type": "Feature", "geometry": {"type": "LineString", "coordinates": [[88.360789, 22.559972], [88.360749, 22.559936], [88.360749, 22.559864], [88.36063, 22.559648], [88.360609, 22.55954]]}, "properties": {"feature_type": "edge", "u": 65, "v": 82, "edge_key": 0, "length_m": 55.456, "is_bridged": false, "is_bridge": false, "edge_betweenness": 0.0, "width_m": 8.777}}, {"type": "Feature", "geometry": {"type": "LineString", "coordinates": [[88.353748, 22.559977], [88.354292, 22.559918]]}, "properties": {"feature_type": "edge", "u": 66, "v": 69, "edge_key": 0, "length_m": 58.485, "is_bridged": false, "is_bridge": true, "edge_betweenness": 0.0, "width_m": 8.169}}, {"type": "Feature", "geometry": {"type": "LineString", "coordinates": [[88.353748, 22.559977], [88.353728, 22.559941], [88.353663, 22.559255]]}, "properties": {"feature_type": "edge", "u": 66, "v": 109, "edge_key": 0, "length_m": 82.957, "is_bridged": false, "is_bridge": false, "edge_betweenness": 0.0, "width_m": 8.182}}, {"type": "Feature", "geometry": {"type": "LineString", "coordinates": [[88.355732, 22.559942], [88.35577, 22.559888], [88.355848, 22.559869], [88.355925, 22.559814], [88.355943, 22.559706], [88.356, 22.559597], [88.356078, 22.559524], [88.356387, 22.559323], [88.356503, 22.559286]]}, "properties": {"feature_type": "edge", "u": 67, "v": 104, "edge_key": 0, "length_m": 119.655, "is_bridged": false, "is_bridge": false, "edge_betweenness": 0.0, "width_m": 8.949}}, {"type": "Feature", "geometry": {"type": "LineString", "coordinates": [[88.359854, 22.559889], [88.35999, 22.55987], [88.360301, 22.559777]]}, "properties": {"feature_type": "edge", "u": 68, "v": 74, "edge_key": 0, "length_m": 50.971, "is_bridged": false, "is_bridge": false, "edge_betweenness": 0.0, "width_m": 8.429}}, {"type": "Feature", "geometry": {"type": "LineString", "coordinates": [[88.359854, 22.559889], [88.359795, 22.559818], [88.359794, 22.559727]]}, "properties": {"feature_type": "edge", "u": 68, "v": 76, "edge_key": 0, "length_m": 20.485, "is_bridged": false, "is_bridge": false, "edge_betweenness": 0.0, "width_m": 9.004}}, {"type": "Feature", "geometry": {"type": "LineString", "coordinates": [[88.361118, 22.559861], [88.361117, 22.559752], [88.361038, 22.559572], [88.361037, 22.559518]]}, "properties": {"feature_type": "edge", "u": 70, "v": 84, "edge_key": 0, "length_m": 41.314, "is_bridged": false, "is_bridge": false, "edge_betweenness": 0.0, "width_m": 8.537}}, {"type": "Feature", "geometry": {"type": "LineString", "coordinates": [[88.358026, 22.559869], [88.358025, 22.559742], [88.357925, 22.559454], [88.357904, 22.559292], [88.357864, 22.559202], [88.357802, 22.558877], [88.357661, 22.558373], [88.35766, 22.558264]]}, "properties": {"feature_type": "edge", "u": 71, "v": 177, "edge_key": 0, "length_m": 192.912, "is_bridged": false, "is_bridge": false, "edge_betweenness": 0.0, "width_m": 8.412}}, {"type": "Feature", "geometry": {"type": "LineString", "coordinates": [[88.364521, 22.559778], [88.364696, 22.559776], [88.364735, 22.559758]]}, "properties": {"feature_type": "edge", "u": 72, "v": 73, "edge_key": 0, "length_m": 22.828, "is_bridged": false, "is_bridge": true, "edge_betweenness": 0.0, "width_m": 8.0}}, {"type": "Feature", "geometry": {"type": "LineString", "coordinates": [[88.360301, 22.559777], [88.360279, 22.559597]]}, "properties": {"feature_type": "edge", "u": 74, "v": 80, "edge_key": 0, "length_m": 20.828, "is_bridged": false, "is_bridge": false, "edge_betweenness": 0.0, "width_m": 9.2}}, {"type": "Feature", "geometry": {"type": "LineString", "coordinates": [[88.361973, 22.559763], [88.361836, 22.559638], [88.361717, 22.559422], [88.361696, 22.559278]]}, "properties": {"feature_type": "edge", "u": 75, "v": 101, "edge_key": 0, "length_m": 65.598, "is_bridged": false, "is_bridge": false, "edge_betweenness": 0.0, "width_m": 8.844}}, {"type": "Feature", "geometry": {"type": "LineString", "coordinates": [[88.361973, 22.559763], [88.362126, 22.559545], [88.362281, 22.559435]]}, "properties": {"feature_type": "edge", "u": 75, "v": 90, "edge_key": 0, "length_m": 51.242, "is_bridged": false, "is_bridge": false, "edge_betweenness": 0.0, "width_m": 9.672}}, {"type": "Feature", "geometry": {"type": "LineString", "coordinates": [[88.359794, 22.559727], [88.359755, 22.55971], [88.359676, 22.55953], [88.359654, 22.559313]]}, "properties": {"feature_type": "edge", "u": 76, "v": 99, "edge_key": 0, "length_m": 52.614, "is_bridged": false, "is_bridge": false, "edge_betweenness": 0.0, "width_m": 8.473}}, {"type": "Feature", "geometry": {"type": "LineString", "coordinates": [[88.359794, 22.559727], [88.360279, 22.559597]]}, "properties": {"feature_type": "edge", "u": 76, "v": 80, "edge_key": 0, "length_m": 55.443, "is_bridged": false, "is_bridge": false, "edge_betweenness": 0.0, "width_m": 8.725}}, {"type": "Feature", "geometry": {"type": "LineString", "coordinates": [[88.34865, 22.559767], [88.34865, 22.559695], [88.348707, 22.559586], [88.348706, 22.559532], [88.348782, 22.559314], [88.34882, 22.55926], [88.348839, 22.559169], [88.348877, 22.559115], [88.348896, 22.559024], [88.349162, 22.55839], [88.349199, 22.558245], [88.349238, 22.558191], [88.349256, 22.5581], [88.349295, 22.558046], [88.349313, 22.557955], [88.349352, 22.557901], [88.34937, 22.55781], [88.349409, 22.557756], [88.349427, 22.557665], [88.349466, 22.557611], [88.349484, 22.55752], [88.349523, 22.557466], [88.349541, 22.557375], [88.349579, 22.557321], [88.34994, 22.55636], [88.350016, 22.556179], [88.350189, 22.556051]]}, "properties": {"feature_type": "edge", "u": 77, "v": 265, "edge_key": 0, "length_m": 479.089, "is_bridged": false, "is_bridge": true, "edge_betweenness": 0.0, "width_m": 9.342}}, {"type": "Feature", "geometry": {"type": "LineString", "coordinates": [[88.350653, 22.559732], [88.351314, 22.559636], [88.351333, 22.559618], [88.351566, 22.559598], [88.351896, 22.559523], [88.351993, 22.559522]]}, "properties": {"feature_type": "edge", "u": 78, "v": 89, "edge_key": 0, "length_m": 147.113, "is_bridged": false, "is_bridge": false, "edge_betweenness": 0.0, "width_m": 8.257}}, {"type": "Feature", "geometry": {"type": "LineString", "coordinates": [[88.350653, 22.559732], [88.350633, 22.559678], [88.35063, 22.559353], [88.35059, 22.559245]]}, "properties": {"feature_type": "edge", "u": 78, "v": 113, "edge_key": 0, "length_m": 56.485, "is_bridged": false, "is_bridge": false, "edge_betweenness": 0.0, "width_m": 10.588}}, {"type": "Feature", "geometry": {"type": "LineString", "coordinates": [[88.356624, 22.559682], [88.356503, 22.559286]]}, "properties": {"feature_type": "edge", "u": 79, "v": 104, "edge_key": 0, "length_m": 48.614, "is_bridged": false, "is_bridge": true, "edge_betweenness": 0.0, "width_m": 8.525}}, {"type": "Feature", "geometry": {"type": "LineString", "coordinates": [[88.360279, 22.559597], [88.36024, 22.559579], [88.360238, 22.559344]]}, "properties": {"feature_type": "edge", "u": 80, "v": 94, "edge_key": 0, "length_m": 30.472, "is_bridged": false, "is_bridge": false, "edge_betweenness": 0.0, "width_m": 8.685}}, {"type": "Feature", "geometry": {"type": "LineString", "coordinates": [[88.360279, 22.559597], [88.360493, 22.559541], [88.360609, 22.55954]]}, "properties": {"feature_type": "edge", "u": 80, "v": 82, "edge_key": 0, "length_m": 36.485, "is_bridged": false, "is_bridge": false, "edge_betweenness": 0.0, "width_m": 8.645}}, {"type": "Feature", "geometry": {"type": "LineString", "coordinates": [[88.345985, 22.559681], [88.345965, 22.559627]]}, "properties": {"feature_type": "edge", "u": 81, "v": 85, "edge_key": 0, "length_m": 6.828, "is_bridged": false, "is_bridge": false, "edge_betweenness": 0.0, "width_m": 8.63}}, {"type": "Feature", "geometry": {"type": "LineString", "coordinates": [[88.345985, 22.559681], [88.346062, 22.559662]]}, "properties": {"feature_type": "edge", "u": 81, "v": 83, "edge_key": 0, "length_m": 8.472, "is_bridged": false, "is_bridge": false, "edge_betweenness": 0.0, "width_m": 6.2}}, {"type": "Feature", "geometry": {"type": "LineString", "coordinates": [[88.360609, 22.55954], [88.360629, 22.559522], [88.360784, 22.559502]]}, "properties": {"feature_type": "edge", "u": 82, "v": 86, "edge_key": 0, "length_m": 19.657, "is_bridged": false, "is_bridge": true, "edge_betweenness": 0.0, "width_m": 8.283}}, {"type": "Feature", "geometry": {"type": "LineString", "coordinates": [[88.346062, 22.559662], [88.346043, 22.559608]]}, "properties": {"feature_type": "edge", "u": 83, "v": 87, "edge_key": 0, "length_m": 6.828, "is_bridged": false, "is_bridge": false, "edge_betweenness": 0.0, "width_m": 6.438}}, {"type": "Feature", "geometry": {"type": "LineString", "coordinates": [[88.361037, 22.559518], [88.360957, 22.559338], [88.360956, 22.559212]]}, "properties": {"feature_type": "edge", "u": 84, "v": 107, "edge_key": 0, "length_m": 36.957, "is_bridged": false, "is_bridge": false, "edge_betweenness": 0.0, "width_m": 8.752}}, {"type": "Feature", "geometry": {"type": "LineString", "coordinates": [[88.345965, 22.559627], [88.345945, 22.559573]]}, "properties": {"feature_type": "edge", "u": 85, "v": 88, "edge_key": 0, "length_m": 6.828, "is_bridged": false, "is_bridge": false, "edge_betweenness": 0.0, "width_m": 8.63}}, {"type": "Feature", "geometry": {"type": "LineString", "coordinates": [[88.345965, 22.559627], [88.346043, 22.559608]]}, "properties": {"feature_type": "edge", "u": 85, "v": 87, "edge_key": 0, "length_m": 8.472, "is_bridged": false, "is_bridge": false, "edge_betweenness": 0.0, "width_m": 6.2}}, {"type": "Feature", "geometry": {"type": "LineString", "coordinates": [[88.346043, 22.559608], [88.346023, 22.559554]]}, "properties": {"feature_type": "edge", "u": 87, "v": 91, "edge_key": 0, "length_m": 6.828, "is_bridged": false, "is_bridge": false, "edge_betweenness": 0.0, "width_m": 6.438}}, {"type": "Feature", "geometry": {"type": "LineString", "coordinates": [[88.345945, 22.559573], [88.345925, 22.559519]]}, "properties": {"feature_type": "edge", "u": 88, "v": 92, "edge_key": 0, "length_m": 6.828, "is_bridged": false, "is_bridge": false, "edge_betweenness": 0.0, "width_m": 8.63}}, {"type": "Feature", "geometry": {"type": "LineString", "coordinates": [[88.345945, 22.559573], [88.346023, 22.559554]]}, "properties": {"feature_type": "edge", "u": 88, "v": 91, "edge_key": 0, "length_m": 8.472, "is_bridged": false, "is_bridge": false, "edge_betweenness": 0.0, "width_m": 6.2}}, {"type": "Feature", "geometry": {"type": "LineString", "coordinates": [[88.351993, 22.559522], [88.352129, 22.559485], [88.352595, 22.559427], [88.352692, 22.55939]]}, "properties": {"feature_type": "edge", "u": 89, "v": 98, "edge_key": 0, "length_m": 77.799, "is_bridged": false, "is_bridge": false, "edge_betweenness": 0.0, "width_m": 8.358}}, {"type": "Feature", "geometry": {"type": "LineString", "coordinates": [[88.362281, 22.559435], [88.362999, 22.559249], [88.363211, 22.55912], [88.36321, 22.559012], [88.36311, 22.558706], [88.363109, 22.558634]]}, "properties": {"feature_type": "edge", "u": 90, "v": 152, "edge_key": 0, "length_m": 168.225, "is_bridged": false, "is_bridge": false, "edge_betweenness": 0.0, "width_m": 8.685}}, {"type": "Feature", "geometry": {"type": "LineString", "coordinates": [[88.362281, 22.559435], [88.362181, 22.559147]]}, "properties": {"feature_type": "edge", "u": 90, "v": 111, "edge_key": 0, "length_m": 35.786, "is_bridged": false, "is_bridge": false, "edge_betweenness": 0.0, "width_m": 8.793}}, {"type": "Feature", "geometry": {"type": "LineString", "coordinates": [[88.346023, 22.559554], [88.346003, 22.5595]]}, "properties": {"feature_type": "edge", "u": 91, "v": 93, "edge_key": 0, "length_m": 6.828, "is_bridged": false, "is_bridge": false, "edge_betweenness": 0.0, "width_m": 6.438}}, {"type": "Feature", "geometry": {"type": "LineString", "coordinates": [[88.345925, 22.559519], [88.345905, 22.559465]]}, "properties": {"feature_type": "edge", "u": 92, "v": 95, "edge_key": 0, "length_m": 6.828, "is_bridged": false, "is_bridge": false, "edge_betweenness": 0.0, "width_m": 8.63}}, {"type": "Feature", "geometry": {"type": "LineString", "coordinates": [[88.345925, 22.559519], [88.346003, 22.5595]]}, "properties": {"feature_type": "edge", "u": 92, "v": 93, "edge_key": 0, "length_m": 8.472, "is_bridged": false, "is_bridge": false, "edge_betweenness": 0.0, "width_m": 6.2}}, {"type": "Feature", "geometry": {"type": "LineString", "coordinates": [[88.346003, 22.5595], [88.345983, 22.559446]]}, "properties": {"feature_type": "edge", "u": 93, "v": 97, "edge_key": 0, "length_m": 6.828, "is_bridged": false, "is_bridge": false, "edge_betweenness": 0.0, "width_m": 6.438}}, {"type": "Feature", "geometry": {"type": "LineString", "coordinates": [[88.360238, 22.559344], [88.360102, 22.559364], [88.360082, 22.559346], [88.359966, 22.559347], [88.359829, 22.559312], [88.359654, 22.559313]]}, "properties": {"feature_type": "edge", "u": 94, "v": 99, "edge_key": 0, "length_m": 62.957, "is_bridged": false, "is_bridge": false, "edge_betweenness": 0.0, "width_m": 8.31}}, {"type": "Feature", "geometry": {"type": "LineString", "coordinates": [[88.360238, 22.559344], [88.360296, 22.559308], [88.360412, 22.559289], [88.36049, 22.559234]]}, "properties": {"feature_type": "edge", "u": 94, "v": 106, "edge_key": 0, "length_m": 30.525, "is_bridged": false, "is_bridge": false, "edge_betweenness": 0.0, "width_m": 9.538}}, {"type": "Feature", "geometry": {"type": "LineString", "coordinates": [[88.360238, 22.559344], [88.360332, 22.558982], [88.36037, 22.55891]]}, "properties": {"feature_type": "edge", "u": 94, "v": 132, "edge_key": 0, "length_m": 53.217, "is_bridged": false, "is_bridge": false, "edge_betweenness": 0.0, "width_m": 8.719}}, {"type": "Feature", "geometry": {"type": "LineString", "coordinates": [[88.345905, 22.559465], [88.345865, 22.559357]]}, "properties": {"feature_type": "edge", "u": 95, "v": 100, "edge_key": 0, "length_m": 13.026, "is_bridged": false, "is_bridge": false, "edge_betweenness": 0.0, "width_m": 8.63}}, {"type": "Feature", "geometry": {"type": "LineString", "coordinates": [[88.345905, 22.559465], [88.345983, 22.559446]]}, "properties": {"feature_type": "edge", "u": 95, "v": 97, "edge_key": 0, "length_m": 8.472, "is_bridged": false, "is_bridge": false, "edge_betweenness": 0.0, "width_m": 6.2}}, {"type": "Feature", "geometry": {"type": "LineString", "coordinates": [[88.345983, 22.559446], [88.345963, 22.559392]]}, "properties": {"feature_type": "edge", "u": 97, "v": 103, "edge_key": 0, "length_m": 6.828, "is_bridged": false, "is_bridge": false, "edge_betweenness": 0.0, "width_m": 6.438}}, {"type": "Feature", "geometry": {"type": "LineString", "coordinates": [[88.352692, 22.55939], [88.352848, 22.559389], [88.352867, 22.55937], [88.353663, 22.559255]]}, "properties": {"feature_type": "edge", "u": 98, "v": 109, "edge_key": 0, "length_m": 105.799, "is_bridged": false, "is_bridge": false, "edge_betweenness": 0.0, "width_m": 8.34}}, {"type": "Feature", "geometry": {"type": "LineString", "coordinates": [[88.352692, 22.55939], [88.352672, 22.559372], [88.352671, 22.559264], [88.352591, 22.558975], [88.35259, 22.558849]]}, "properties": {"feature_type": "edge", "u": 98, "v": 142, "edge_key": 0, "length_m": 64.142, "is_bridged": false, "is_bridge": false, "edge_betweenness": 0.0, "width_m": 8.575}}, {"type": "Feature", "geometry": {"type": "LineString", "coordinates": [[88.359654, 22.559313], [88.359595, 22.559277], [88.359323, 22.559262]]}, "properties": {"feature_type": "edge", "u": 99, "v": 105, "edge_key": 0, "length_m": 36.485, "is_bridged": false, "is_bridge": false, "edge_betweenness": 0.0, "width_m": 8.473}}, {"type": "Feature", "geometry": {"type": "LineString", "coordinates": [[88.345865, 22.559357], [88.345924, 22.559411], [88.345963, 22.559392]]}, "properties": {"feature_type": "edge", "u": 100, "v": 103, "edge_key": 0, "length_m": 12.957, "is_bridged": false, "is_bridge": false, "edge_betweenness": 0.0, "width_m": 6.2}}, {"type": "Feature", "geometry": {"type": "LineString", "coordinates": [[88.345865, 22.559357], [88.345943, 22.559338]]}, "properties": {"feature_type": "edge", "u": 100, "v": 108, "edge_key": 0, "length_m": 8.472, "is_bridged": false, "is_bridge": false, "edge_betweenness": 0.0, "width_m": 6.2}}, {"type": "Feature", "geometry": {"type": "LineString", "coordinates": [[88.345865, 22.559357], [88.345884, 22.559303], [88.345923, 22.559284]]}, "properties": {"feature_type": "edge", "u": 100, "v": 112, "edge_key": 0, "length_m": 10.797, "is_bridged": false, "is_bridge": false, "edge_betweenness": 0.0, "width_m": 6.2}}, {"type": "Feature", "geometry": {"type": "LineString", "coordinates": [[88.345865, 22.559357], [88.345765, 22.559069]]}, "properties": {"feature_type": "edge", "u": 100, "v": 128, "edge_key": 0, "length_m": 35.256, "is_bridged": false, "is_bridge": false, "edge_betweenness": 0.0, "width_m": 8.393}}, {"type": "Feature", "geometry": {"type": "LineString", "coordinates": [[88.361696, 22.559278], [88.361657, 22.559278], [88.361617, 22.559206], [88.361539, 22.559153]]}, "properties": {"feature_type": "edge", "u": 101, "v": 115, "edge_key": 0, "length_m": 23.786, "is_bridged": false, "is_bridge": false, "edge_betweenness": 0.0, "width_m": 8.998}}, {"type": "Feature", "geometry": {"type": "LineString", "coordinates": [[88.361696, 22.559278], [88.361754, 22.559277], [88.361812, 22.559241], [88.362103, 22.559148], [88.362181, 22.559147]]}, "properties": {"feature_type": "edge", "u": 101, "v": 111, "edge_key": 0, "length_m": 55.799, "is_bridged": false, "is_bridge": false, "edge_betweenness": 0.0, "width_m": 8.61}}, {"type": "Feature", "geometry": {"type": "LineString", "coordinates": [[88.358973, 22.559283], [88.358856, 22.559211], [88.35872, 22.559213], [88.35868, 22.559177], [88.358708, 22.558039]]}, "properties": {"feature_type": "edge", "u": 102, "v": 190, "edge_key": 0, "length_m": 162.627, "is_bridged": false, "is_bridge": false, "edge_betweenness": 0.0, "width_m": 8.309}}, {"type": "Feature", "geometry": {"type": "LineString", "coordinates": [[88.358973, 22.559283], [88.359051, 22.559264], [88.359323, 22.559262]]}, "properties": {"feature_type": "edge", "u": 102, "v": 105, "edge_key": 0, "length_m": 36.828, "is_bridged": false, "is_bridge": false, "edge_betweenness": 0.0, "width_m": 8.501}}, {"type": "Feature", "geometry": {"type": "LineString", "coordinates": [[88.345963, 22.559392], [88.345943, 22.559338]]}, "properties": {"feature_type": "edge", "u": 103, "v": 108, "edge_key": 0, "length_m": 6.828, "is_bridged": false, "is_bridge": false, "edge_betweenness": 0.0, "width_m": 6.438}}, {"type": "Feature", "geometry": {"type": "LineString", "coordinates": [[88.356503, 22.559286], [88.35658, 22.559195], [88.356813, 22.55912]]}, "properties": {"feature_type": "edge", "u": 104, "v": 118, "edge_key": 0, "length_m": 39.915, "is_bridged": false, "is_bridge": false, "edge_betweenness": 0.0, "width_m": 9.09}}, {"type": "Feature", "geometry": {"type": "LineString", "coordinates": [[88.36049, 22.559234], [88.360529, 22.559233], [88.360567, 22.559197], [88.360567, 22.559143]]}, "properties": {"feature_type": "edge", "u": 106, "v": 114, "edge_key": 0, "length_m": 15.657, "is_bridged": false, "is_bridge": false, "edge_betweenness": 0.0, "width_m": 9.661}}, {"type": "Feature", "geometry": {"type": "LineString", "coordinates": [[88.36049, 22.559234], [88.36047, 22.559198], [88.360489, 22.559125]]}, "properties": {"feature_type": "edge", "u": 106, "v": 116, "edge_key": 0, "length_m": 13.301, "is_bridged": false, "is_bridge": false, "edge_betweenness": 0.0, "width_m": 9.228}}, {"type": "Feature", "geometry": {"type": "LineString", "coordinates": [[88.360956, 22.559212], [88.3608, 22.559195], [88.360625, 22.559106]]}, "properties": {"feature_type": "edge", "u": 107, "v": 119, "edge_key": 0, "length_m": 38.971, "is_bridged": false, "is_bridge": false, "edge_betweenness": 0.0, "width_m": 8.802}}, {"type": "Feature", "geometry": {"type": "LineString", "coordinates": [[88.360956, 22.559212], [88.361539, 22.559153]]}, "properties": {"feature_type": "edge", "u": 107, "v": 115, "edge_key": 0, "length_m": 62.485, "is_bridged": false, "is_bridge": false, "edge_betweenness": 0.0, "width_m": 8.245}}, {"type": "Feature", "geometry": {"type": "LineString", "coordinates": [[88.345943, 22.559338], [88.345923, 22.559284]]}, "properties": {"feature_type": "edge", "u": 108, "v": 112, "edge_key": 0, "length_m": 6.828, "is_bridged": false, "is_bridge": false, "edge_betweenness": 0.0, "width_m": 6.438}}, {"type": "Feature", "geometry": {"type": "LineString", "coordinates": [[88.353663, 22.559255], [88.353935, 22.559217], [88.354051, 22.55918], [88.354149, 22.559179], [88.354168, 22.559161], [88.354265, 22.55916], [88.354284, 22.559142], [88.354382, 22.559141], [88.354401, 22.559123], [88.354498, 22.559122], [88.354517, 22.559104], [88.354615, 22.559103], [88.354634, 22.559085], [88.35479, 22.559083]]}, "properties": {"feature_type": "edge", "u": 109, "v": 120, "edge_key": 0, "length_m": 123.456, "is_bridged": false, "is_bridge": false, "edge_betweenness": 0.0, "width_m": 8.332}}, {"type": "Feature", "geometry": {"type": "LineString", "coordinates": [[88.350474, 22.559264], [88.35059, 22.559245]]}, "properties": {"feature_type": "edge", "u": 110, "v": 113, "edge_key": 0, "length_m": 12.828, "is_bridged": false, "is_bridge": false, "edge_betweenness": 0.0, "width_m": 7.05}}, {"type": "Feature", "geometry": {"type": "LineString", "coordinates": [[88.350474, 22.559264], [88.350454, 22.559228], [88.350452, 22.559047]]}, "properties": {"feature_type": "edge", "u": 110, "v": 126, "edge_key": 0, "length_m": 24.472, "is_bridged": false, "is_bridge": false, "edge_betweenness": 0.0, "width_m": 15.391}}, {"type": "Feature", "geometry": {"type": "LineString", "coordinates": [[88.362181, 22.559147], [88.362355, 22.559073], [88.362353, 22.558839]]}, "properties": {"feature_type": "edge", "u": 111, "v": 135, "edge_key": 0, "length_m": 47.314, "is_bridged": false, "is_bridge": false, "edge_betweenness": 0.0, "width_m": 8.891}}, {"type": "Feature", "geometry": {"type": "LineString", "coordinates": [[88.345923, 22.559284], [88.345922, 22.559194], [88.345882, 22.559086], [88.345843, 22.55905]]}, "properties": {"feature_type": "edge", "u": 112, "v": 129, "edge_key": 0, "length_m": 29.314, "is_bridged": false, "is_bridge": false, "edge_betweenness": 0.0, "width_m": 7.857}}, {"type": "Feature", "geometry": {"type": "LineString", "coordinates": [[88.35059, 22.559245], [88.350588, 22.559064]]}, "properties": {"feature_type": "edge", "u": 113, "v": 121, "edge_key": 0, "length_m": 20.0, "is_bridged": false, "is_bridge": false, "edge_betweenness": 0.0, "width_m": 11.699}}, {"type": "Feature", "geometry": {"type": "LineString", "coordinates": [[88.360567, 22.559143], [88.360489, 22.559125]]}, "properties": {"feature_type": "edge", "u": 114, "v": 116, "edge_key": 0, "length_m": 8.472, "is_bridged": false, "is_bridge": false, "edge_betweenness": 0.0, "width_m": 6.2}}, {"type": "Feature", "geometry": {"type": "LineString", "coordinates": [[88.360567, 22.559143], [88.360625, 22.559106]]}, "properties": {"feature_type": "edge", "u": 114, "v": 119, "edge_key": 0, "length_m": 7.301, "is_bridged": false, "is_bridge": false, "edge_betweenness": 0.0, "width_m": 9.873}}, {"type": "Feature", "geometry": {"type": "LineString", "coordinates": [[88.361539, 22.559153], [88.361518, 22.558972]]}, "properties": {"feature_type": "edge", "u": 115, "v": 123, "edge_key": 0, "length_m": 20.828, "is_bridged": false, "is_bridge": false, "edge_betweenness": 0.0, "width_m": 8.768}}, {"type": "Feature", "geometry": {"type": "LineString", "coordinates": [[88.360489, 22.559125], [88.360506, 22.558945]]}, "properties": {"feature_type": "edge", "u": 116, "v": 127, "edge_key": 0, "length_m": 20.828, "is_bridged": false, "is_bridge": false, "edge_betweenness": 0.0, "width_m": 8.65}}, {"type": "Feature", "geometry": {"type": "LineString", "coordinates": [[88.364728, 22.559089], [88.364708, 22.559054], [88.364669, 22.559054], [88.364474, 22.558965], [88.36379, 22.55861], [88.363575, 22.558467], [88.363516, 22.558413], [88.363515, 22.558377]]}, "properties": {"feature_type": "edge", "u": 117, "v": 162, "edge_key": 0, "length_m": 160.652, "is_bridged": false, "is_bridge": true, "edge_betweenness": 0.0, "width_m": 8.73}}, {"type": "Feature", "geometry": {"type": "LineString", "coordinates": [[88.356813, 22.55912], [88.35687, 22.558975], [88.356903, 22.558379]]}, "properties": {"feature_type": "edge", "u": 118, "v": 168, "edge_key": 0, "length_m": 86.142, "is_bridged": false, "is_bridge": false, "edge_betweenness": 0.0, "width_m": 8.265}}, {"type": "Feature", "geometry": {"type": "LineString", "coordinates": [[88.360625, 22.559106], [88.360604, 22.559016], [88.360506, 22.558945]]}, "properties": {"feature_type": "edge", "u": 119, "v": 127, "edge_key": 0, "length_m": 24.142, "is_bridged": false, "is_bridge": false, "edge_betweenness": 0.0, "width_m": 10.012}}, {"type": "Feature", "geometry": {"type": "LineString", "coordinates": [[88.35479, 22.559083], [88.354785, 22.558632], [88.354766, 22.558614], [88.354763, 22.558325], [88.354743, 22.558307], [88.35474, 22.558], [88.35472, 22.557982], [88.35472, 22.55791]]}, "properties": {"feature_type": "edge", "u": 120, "v": 202, "edge_key": 0, "length_m": 132.485, "is_bridged": false, "is_bridge": false, "edge_betweenness": 0.0, "width_m": 8.163}}, {"type": "Feature", "geometry": {"type": "LineString", "coordinates": [[88.350588, 22.559064], [88.350705, 22.559081], [88.350724, 22.559063], [88.350958, 22.559043], [88.351113, 22.559006]]}, "properties": {"feature_type": "edge", "u": 121, "v": 130, "edge_key": 0, "length_m": 57.786, "is_bridged": false, "is_bridge": true, "edge_betweenness": 0.0, "width_m": 8.505}}, {"type": "Feature", "geometry": {"type": "LineString", "coordinates": [[88.350588, 22.559064], [88.350452, 22.559047]]}, "properties": {"feature_type": "edge", "u": 121, "v": 126, "edge_key": 0, "length_m": 14.325, "is_bridged": false, "is_bridge": false, "edge_betweenness": 0.0, "width_m": 8.122}}, {"type": "Feature", "geometry": {"type": "LineString", "coordinates": [[88.350588, 22.559064], [88.350567, 22.558866], [88.350547, 22.558848]]}, "properties": {"feature_type": "edge", "u": 121, "v": 146, "edge_key": 0, "length_m": 25.153, "is_bridged": false, "is_bridge": false, "edge_betweenness": 0.0, "width_m": 12.397}}, {"type": "Feature", "geometry": {"type": "LineString", "coordinates": [[88.361246, 22.559011], [88.361266, 22.559029], [88.36144, 22.558973], [88.361518, 22.558972]]}, "properties": {"feature_type": "edge", "u": 122, "v": 123, "edge_key": 0, "length_m": 31.314, "is_bridged": false, "is_bridge": true, "edge_betweenness": 0.0, "width_m": 8.545}}, {"type": "Feature", "geometry": {"type": "LineString", "coordinates": [[88.361518, 22.558972], [88.361615, 22.558989], [88.361635, 22.558971], [88.362353, 22.558839]]}, "properties": {"feature_type": "edge", "u": 123, "v": 135, "edge_key": 0, "length_m": 92.743, "is_bridged": false, "is_bridge": false, "edge_betweenness": 0.0, "width_m": 8.399}}, {"type": "Feature", "geometry": {"type": "LineString", "coordinates": [[88.361518, 22.558972], [88.361497, 22.558864], [88.361458, 22.55881]]}, "properties": {"feature_type": "edge", "u": 123, "v": 140, "edge_key": 0, "length_m": 20.129, "is_bridged": false, "is_bridge": false, "edge_betweenness": 0.0, "width_m": 8.788}}, {"type": "Feature", "geometry": {"type": "LineString", "coordinates": [[88.355003, 22.559045], [88.355023, 22.559063], [88.355159, 22.559062], [88.355198, 22.559044]]}, "properties": {"feature_type": "edge", "u": 124, "v": 125, "edge_key": 0, "length_m": 21.657, "is_bridged": false, "is_bridge": true, "edge_betweenness": 0.0, "width_m": 8.0}}, {"type": "Feature", "geometry": {"type": "LineString", "coordinates": [[88.350452, 22.559047], [88.350432, 22.559011], [88.350431, 22.558849]]}, "properties": {"feature_type": "edge", "u": 126, "v": 144, "edge_key": 0, "length_m": 22.472, "is_bridged": false, "is_bridge": false, "edge_betweenness": 0.0, "width_m": 15.556}}, {"type": "Feature", "geometry": {"type": "LineString", "coordinates": [[88.360506, 22.558945], [88.36037, 22.55891]]}, "properties": {"feature_type": "edge", "u": 127, "v": 132, "edge_key": 0, "length_m": 15.301, "is_bridged": false, "is_bridge": false, "edge_betweenness": 0.0, "width_m": 9.788}}, {"type": "Feature", "geometry": {"type": "LineString", "coordinates": [[88.345765, 22.559069], [88.345745, 22.559015]]}, "properties": {"feature_type": "edge", "u": 128, "v": 131, "edge_key": 0, "length_m": 6.828, "is_bridged": false, "is_bridge": false, "edge_betweenness": 0.0, "width_m": 8.63}}, {"type": "Feature", "geometry": {"type": "LineString", "coordinates": [[88.345765, 22.559069], [88.345843, 22.55905]]}, "properties": {"feature_type": "edge", "u": 128, "v": 129, "edge_key": 0, "length_m": 8.472, "is_bridged": false, "is_bridge": false, "edge_betweenness": 0.0, "width_m": 6.2}}, {"type": "Feature", "geometry": {"type": "LineString", "coordinates": [[88.345843, 22.55905], [88.345823, 22.558996]]}, "properties": {"feature_type": "edge", "u": 129, "v": 133, "edge_key": 0, "length_m": 6.828, "is_bridged": false, "is_bridge": false, "edge_betweenness": 0.0, "width_m": 6.438}}, {"type": "Feature", "geometry": {"type": "LineString", "coordinates": [[88.345745, 22.559015], [88.345725, 22.558961]]}, "properties": {"feature_type": "edge", "u": 131, "v": 136, "edge_key": 0, "length_m": 6.828, "is_bridged": false, "is_bridge": false, "edge_betweenness": 0.0, "width_m": 8.63}}, {"type": "Feature", "geometry": {"type": "LineString", "coordinates": [[88.345745, 22.559015], [88.345823, 22.558996]]}, "properties": {"feature_type": "edge", "u": 131, "v": 133, "edge_key": 0, "length_m": 8.472, "is_bridged": false, "is_bridge": false, "edge_betweenness": 0.0, "width_m": 6.2}}, {"type": "Feature", "geometry": {"type": "LineString", "coordinates": [[88.36037, 22.55891], [88.36035, 22.558856], [88.360291, 22.558802]]}, "properties": {"feature_type": "edge", "u": 132, "v": 143, "edge_key": 0, "length_m": 15.314, "is_bridged": false, "is_bridge": false, "edge_betweenness": 0.0, "width_m": 9.246}}, {"type": "Feature", "geometry": {"type": "LineString", "coordinates": [[88.345823, 22.558996], [88.345803, 22.558942]]}, "properties": {"feature_type": "edge", "u": 133, "v": 138, "edge_key": 0, "length_m": 6.828, "is_bridged": false, "is_bridge": false, "edge_betweenness": 0.0, "width_m": 6.438}}, {"type": "Feature", "geometry": {"type": "LineString", "coordinates": [[88.362353, 22.558839], [88.36245, 22.558802], [88.362683, 22.558764], [88.36276, 22.558727]]}, "properties": {"feature_type": "edge", "u": 135, "v": 148, "edge_key": 0, "length_m": 46.971, "is_bridged": false, "is_bridge": false, "edge_betweenness": 0.0, "width_m": 8.707}}, {"type": "Feature", "geometry": {"type": "LineString", "coordinates": [[88.345725, 22.558961], [88.345705, 22.558907]]}, "properties": {"feature_type": "edge", "u": 136, "v": 141, "edge_key": 0, "length_m": 6.828, "is_bridged": false, "is_bridge": false, "edge_betweenness": 0.0, "width_m": 8.63}}, {"type": "Feature", "geometry": {"type": "LineString", "coordinates": [[88.345725, 22.558961], [88.345803, 22.558942]]}, "properties": {"feature_type": "edge", "u": 136, "v": 138, "edge_key": 0, "length_m": 8.472, "is_bridged": false, "is_bridge": false, "edge_betweenness": 0.0, "width_m": 6.2}}, {"type": "Feature", "geometry": {"type": "LineString", "coordinates": [[88.36105, 22.558832], [88.361205, 22.55883], [88.361225, 22.558812]]}, "properties": {"feature_type": "edge", "u": 137, "v": 139, "edge_key": 0, "length_m": 18.828, "is_bridged": false, "is_bridge": true, "edge_betweenness": 0.0, "width_m": 8.0}}, {"type": "Feature", "geometry": {"type": "LineString", "coordinates": [[88.345803, 22.558942], [88.345783, 22.558888]]}, "properties": {"feature_type": "edge", "u": 138, "v": 145, "edge_key": 0, "length_m": 6.828, "is_bridged": false, "is_bridge": false, "edge_betweenness": 0.0, "width_m": 6.438}}, {"type": "Feature", "geometry": {"type": "LineString", "coordinates": [[88.361225, 22.558812], [88.361458, 22.55881]]}, "properties": {"feature_type": "edge", "u": 139, "v": 140, "edge_key": 0, "length_m": 24.0, "is_bridged": false, "is_bridge": false, "edge_betweenness": 0.0, "width_m": 8.767}}, {"type": "Feature", "geometry": {"type": "LineString", "coordinates": [[88.361225, 22.558812], [88.361185, 22.558722], [88.361184, 22.558632], [88.361145, 22.558596], [88.360931, 22.558598], [88.360911, 22.55858], [88.360851, 22.558364], [88.360805, 22.557696]]}, "properties": {"feature_type": "edge", "u": 139, "v": 213, "edge_key": 0, "length_m": 154.284, "is_bridged": false, "is_bridge": false, "edge_betweenness": 0.0, "width_m": 8.252}}, {"type": "Feature", "geometry": {"type": "LineString", "coordinates": [[88.361458, 22.55881], [88.361409, 22.557745]]}, "properties": {"feature_type": "edge", "u": 140, "v": 207, "edge_key": 0, "length_m": 119.657, "is_bridged": false, "is_bridge": false, "edge_betweenness": 0.0, "width_m": 8.139}}, {"type": "Feature", "geometry": {"type": "LineString", "coordinates": [[88.345705, 22.558907], [88.345685, 22.558853]]}, "properties": {"feature_type": "edge", "u": 141, "v": 147, "edge_key": 0, "length_m": 6.828, "is_bridged": false, "is_bridge": false, "edge_betweenness": 0.0, "width_m": 8.63}}, {"type": "Feature", "geometry": {"type": "LineString", "coordinates": [[88.345705, 22.558907], [88.345783, 22.558888]]}, "properties": {"feature_type": "edge", "u": 141, "v": 145, "edge_key": 0, "length_m": 8.472, "is_bridged": false, "is_bridge": false, "edge_betweenness": 0.0, "width_m": 6.2}}, {"type": "Feature", "geometry": {"type": "LineString", "coordinates": [[88.35259, 22.558849], [88.352726, 22.558848], [88.352939, 22.558792]]}, "properties": {"feature_type": "edge", "u": 142, "v": 149, "edge_key": 0, "length_m": 38.485, "is_bridged": false, "is_bridge": true, "edge_betweenness": 0.0, "width_m": 8.354}}, {"type": "Feature", "geometry": {"type": "LineString", "coordinates": [[88.35259, 22.558849], [88.35253, 22.558687], [88.352467, 22.558272]]}, "properties": {"feature_type": "edge", "u": 142, "v": 180, "edge_key": 0, "length_m": 68.614, "is_bridged": false, "is_bridge": false, "edge_betweenness": 0.0, "width_m": 8.419}}, {"type": "Feature", "geometry": {"type": "LineString", "coordinates": [[88.360291, 22.558802], [88.359824, 22.558734], [88.359745, 22.55868], [88.359724, 22.558536], [88.359763, 22.558481], [88.3598, 22.558318]]}, "properties": {"feature_type": "edge", "u": 143, "v": 172, "edge_key": 0, "length_m": 105.941, "is_bridged": false, "is_bridge": false, "edge_betweenness": 0.0, "width_m": 8.362}}, {"type": "Feature", "geometry": {"type": "LineString", "coordinates": [[88.360291, 22.558802], [88.360287, 22.558386]]}, "properties": {"feature_type": "edge", "u": 143, "v": 163, "edge_key": 0, "length_m": 46.0, "is_bridged": false, "is_bridge": false, "edge_betweenness": 0.0, "width_m": 8.236}}, {"type": "Feature", "geometry": {"type": "LineString", "coordinates": [[88.350431, 22.558849], [88.350547, 22.558848]]}, "properties": {"feature_type": "edge", "u": 144, "v": 146, "edge_key": 0, "length_m": 12.0, "is_bridged": false, "is_bridge": false, "edge_betweenness": 0.0, "width_m": 10.947}}, {"type": "Feature", "geometry": {"type": "LineString", "coordinates": [[88.350431, 22.558849], [88.350411, 22.558813], [88.350409, 22.55865]]}, "properties": {"feature_type": "edge", "u": 144, "v": 156, "edge_key": 0, "length_m": 22.472, "is_bridged": false, "is_bridge": false, "edge_betweenness": 0.0, "width_m": 15.989}}, {"type": "Feature", "geometry": {"type": "LineString", "coordinates": [[88.345783, 22.558888], [88.345763, 22.558834]]}, "properties": {"feature_type": "edge", "u": 145, "v": 150, "edge_key": 0, "length_m": 6.828, "is_bridged": false, "is_bridge": false, "edge_betweenness": 0.0, "width_m": 6.438}}, {"type": "Feature", "geometry": {"type": "LineString", "coordinates": [[88.350547, 22.558848], [88.350546, 22.558685], [88.350526, 22.558649]]}, "properties": {"feature_type": "edge", "u": 146, "v": 157, "edge_key": 0, "length_m": 22.472, "is_bridged": false, "is_bridge": false, "edge_betweenness": 0.0, "width_m": 12.707}}, {"type": "Feature", "geometry": {"type": "LineString", "coordinates": [[88.345685, 22.558853], [88.345625, 22.558672]]}, "properties": {"feature_type": "edge", "u": 147, "v": 151, "edge_key": 0, "length_m": 21.268, "is_bridged": false, "is_bridge": false, "edge_betweenness": 0.0, "width_m": 8.315}}, {"type": "Feature", "geometry": {"type": "LineString", "coordinates": [[88.345685, 22.558853], [88.345763, 22.558834]]}, "properties": {"feature_type": "edge", "u": 147, "v": 150, "edge_key": 0, "length_m": 8.472, "is_bridged": false, "is_bridge": false, "edge_betweenness": 0.0, "width_m": 6.2}}, {"type": "Feature", "geometry": {"type": "LineString", "coordinates": [[88.36276, 22.558727], [88.362877, 22.558726], [88.363051, 22.558634]]}, "properties": {"feature_type": "edge", "u": 148, "v": 154, "edge_key": 0, "length_m": 34.142, "is_bridged": false, "is_bridge": false, "edge_betweenness": 0.0, "width_m": 9.488}}, {"type": "Feature", "geometry": {"type": "LineString", "coordinates": [[88.36276, 22.558727], [88.36266, 22.558457], [88.362639, 22.558312]]}, "properties": {"feature_type": "edge", "u": 148, "v": 170, "edge_key": 0, "length_m": 50.971, "is_bridged": false, "is_bridge": false, "edge_betweenness": 0.0, "width_m": 8.626}}, {"type": "Feature", "geometry": {"type": "LineString", "coordinates": [[88.345763, 22.558834], [88.345743, 22.55878]]}, "properties": {"feature_type": "edge", "u": 150, "v": 153, "edge_key": 0, "length_m": 6.828, "is_bridged": false, "is_bridge": false, "edge_betweenness": 0.0, "width_m": 6.438}}, {"type": "Feature", "geometry": {"type": "LineString", "coordinates": [[88.345625, 22.558672], [88.345704, 22.558798], [88.345743, 22.55878]]}, "properties": {"feature_type": "edge", "u": 151, "v": 153, "edge_key": 0, "length_m": 20.597, "is_bridged": false, "is_bridge": false, "edge_betweenness": 0.0, "width_m": 5.886}}, {"type": "Feature", "geometry": {"type": "LineString", "coordinates": [[88.345625, 22.558672], [88.345684, 22.558744], [88.345723, 22.558726]]}, "properties": {"feature_type": "edge", "u": 151, "v": 155, "edge_key": 0, "length_m": 14.472, "is_bridged": false, "is_bridge": false, "edge_betweenness": 0.0, "width_m": 5.886}}, {"type": "Feature", "geometry": {"type": "LineString", "coordinates": [[88.345625, 22.558672], [88.345664, 22.55869], [88.345703, 22.558672]]}, "properties": {"feature_type": "edge", "u": 151, "v": 158, "edge_key": 0, "length_m": 8.944, "is_bridged": false, "is_bridge": false, "edge_betweenness": 0.0, "width_m": 5.886}}, {"type": "Feature", "geometry": {"type": "LineString", "coordinates": [[88.345625, 22.558672], [88.345683, 22.558618]]}, "properties": {"feature_type": "edge", "u": 151, "v": 159, "edge_key": 0, "length_m": 8.944, "is_bridged": false, "is_bridge": false, "edge_betweenness": 0.0, "width_m": 5.886}}, {"type": "Feature", "geometry": {"type": "LineString", "coordinates": [[88.345625, 22.558672], [88.345624, 22.558582], [88.345663, 22.558564]]}, "properties": {"feature_type": "edge", "u": 151, "v": 161, "edge_key": 0, "length_m": 14.472, "is_bridged": false, "is_bridge": false, "edge_betweenness": 0.0, "width_m": 5.886}}, {"type": "Feature", "geometry": {"type": "LineString", "coordinates": [[88.345625, 22.558672], [88.345604, 22.558528], [88.345643, 22.55851]]}, "properties": {"feature_type": "edge", "u": 151, "v": 164, "edge_key": 0, "length_m": 20.597, "is_bridged": false, "is_bridge": false, "edge_betweenness": 0.0, "width_m": 5.886}}, {"type": "Feature", "geometry": {"type": "LineString", "coordinates": [[88.345625, 22.558672], [88.345545, 22.558456]]}, "properties": {"feature_type": "edge", "u": 151, "v": 169, "edge_key": 0, "length_m": 25.541, "is_bridged": false, "is_bridge": false, "edge_betweenness": 0.0, "width_m": 8.315}}, {"type": "Feature", "geometry": {"type": "LineString", "coordinates": [[88.363109, 22.558634], [88.363051, 22.558634]]}, "properties": {"feature_type": "edge", "u": 152, "v": 154, "edge_key": 0, "length_m": 6.0, "is_bridged": false, "is_bridge": false, "edge_betweenness": 0.0, "width_m": 12.433}}, {"type": "Feature", "geometry": {"type": "LineString", "coordinates": [[88.363109, 22.558634], [88.363148, 22.558597], [88.363262, 22.558343]]}, "properties": {"feature_type": "edge", "u": 152, "v": 166, "edge_key": 0, "length_m": 38.271, "is_bridged": false, "is_bridge": false, "edge_betweenness": 0.0, "width_m": 9.147}}, {"type": "Feature", "geometry": {"type": "LineString", "coordinates": [[88.345743, 22.55878], [88.345723, 22.558726]]}, "properties": {"feature_type": "edge", "u": 153, "v": 155, "edge_key": 0, "length_m": 6.828, "is_bridged": false, "is_bridge": false, "edge_betweenness": 0.0, "width_m": 6.438}}, {"type": "Feature", "geometry": {"type": "LineString", "coordinates": [[88.363051, 22.558634], [88.362931, 22.558328], [88.362853, 22.558238], [88.362717, 22.558258], [88.362639, 22.558312]]}, "properties": {"feature_type": "edge", "u": 154, "v": 170, "edge_key": 0, "length_m": 77.598, "is_bridged": false, "is_bridge": false, "edge_betweenness": 0.0, "width_m": 8.645}}, {"type": "Feature", "geometry": {"type": "LineString", "coordinates": [[88.345723, 22.558726], [88.345703, 22.558672]]}, "properties": {"feature_type": "edge", "u": 155, "v": 158, "edge_key": 0, "length_m": 6.828, "is_bridged": false, "is_bridge": false, "edge_betweenness": 0.0, "width_m": 6.438}}, {"type": "Feature", "geometry": {"type": "LineString", "coordinates": [[88.350409, 22.55865], [88.35039, 22.558632], [88.350388, 22.55847], [88.350407, 22.558452]]}, "properties": {"feature_type": "edge", "u": 156, "v": 167, "edge_key": 0, "length_m": 23.657, "is_bridged": false, "is_bridge": false, "edge_betweenness": 0.0, "width_m": 16.447}}, {"type": "Feature", "geometry": {"type": "LineString", "coordinates": [[88.350409, 22.55865], [88.350526, 22.558649]]}, "properties": {"feature_type": "edge", "u": 156, "v": 157, "edge_key": 0, "length_m": 12.0, "is_bridged": false, "is_bridge": false, "edge_betweenness": 0.0, "width_m": 14.054}}, {"type": "Feature", "geometry": {"type": "LineString", "coordinates": [[88.350526, 22.558649], [88.350525, 22.558559]]}, "properties": {"feature_type": "edge", "u": 157, "v": 160, "edge_key": 0, "length_m": 10.0, "is_bridged": false, "is_bridge": false, "edge_betweenness": 0.0, "width_m": 13.162}}, {"type": "Feature", "geometry": {"type": "LineString", "coordinates": [[88.345703, 22.558672], [88.345683, 22.558618]]}, "properties": {"feature_type": "edge", "u": 158, "v": 159, "edge_key": 0, "length_m": 6.828, "is_bridged": false, "is_bridge": false, "edge_betweenness": 0.0, "width_m": 6.438}}, {"type": "Feature", "geometry": {"type": "LineString", "coordinates": [[88.345683, 22.558618], [88.345663, 22.558564]]}, "properties": {"feature_type": "edge", "u": 159, "v": 161, "edge_key": 0, "length_m": 6.828, "is_bridged": false, "is_bridge": false, "edge_betweenness": 0.0, "width_m": 6.438}}, {"type": "Feature", "geometry": {"type": "LineString", "coordinates": [[88.350525, 22.558559], [88.350642, 22.558558], [88.350661, 22.55854], [88.350758, 22.558539], [88.350778, 22.558521], [88.350875, 22.55852], [88.350894, 22.558502], [88.350991, 22.558501], [88.351011, 22.558483], [88.351108, 22.558482], [88.351127, 22.558464], [88.351224, 22.558463], [88.351244, 22.558445], [88.351341, 22.558444], [88.35136, 22.558426], [88.351457, 22.558425], [88.351477, 22.558407], [88.351574, 22.558406], [88.351593, 22.558388], [88.35169, 22.558387], [88.351943, 22.55833], [88.352059, 22.558329], [88.352312, 22.558273], [88.352467, 22.558272]]}, "properties": {"feature_type": "edge", "u": 160, "v": 180, "edge_key": 0, "length_m": 212.426, "is_bridged": false, "is_bridge": false, "edge_betweenness": 0.0, "width_m": 8.279}}, {"type": "Feature", "geometry": {"type": "LineString", "coordinates": [[88.350525, 22.558559], [88.350525, 22.558505], [88.350485, 22.558451]]}, "properties": {"feature_type": "edge", "u": 160, "v": 165, "edge_key": 0, "length_m": 13.301, "is_bridged": false, "is_bridge": false, "edge_betweenness": 0.0, "width_m": 14.214}}, {"type": "Feature", "geometry": {"type": "LineString", "coordinates": [[88.345663, 22.558564], [88.345643, 22.55851]]}, "properties": {"feature_type": "edge", "u": 161, "v": 164, "edge_key": 0, "length_m": 6.828, "is_bridged": false, "is_bridge": false, "edge_betweenness": 0.0, "width_m": 6.438}}, {"type": "Feature", "geometry": {"type": "LineString", "coordinates": [[88.363515, 22.558377], [88.363438, 22.558378], [88.363359, 22.558342], [88.363262, 22.558343]]}, "properties": {"feature_type": "edge", "u": 162, "v": 166, "edge_key": 0, "length_m": 27.657, "is_bridged": false, "is_bridge": false, "edge_betweenness": 0.0, "width_m": 9.003}}, {"type": "Feature", "geometry": {"type": "LineString", "coordinates": [[88.363515, 22.558377], [88.363534, 22.558341], [88.363612, 22.558322], [88.363923, 22.558301], [88.363942, 22.558283]]}, "properties": {"feature_type": "edge", "u": 162, "v": 173, "edge_key": 0, "length_m": 48.957, "is_bridged": false, "is_bridge": false, "edge_betweenness": 0.0, "width_m": 8.297}}, {"type": "Feature", "geometry": {"type": "LineString", "coordinates": [[88.360287, 22.558386], [88.359995, 22.558389], [88.359897, 22.558336], [88.3598, 22.558318]]}, "properties": {"feature_type": "edge", "u": 163, "v": 172, "edge_key": 0, "length_m": 52.957, "is_bridged": false, "is_bridge": false, "edge_betweenness": 0.0, "width_m": 8.413}}, {"type": "Feature", "geometry": {"type": "LineString", "coordinates": [[88.360287, 22.558386], [88.360286, 22.558296], [88.360146, 22.557882]]}, "properties": {"feature_type": "edge", "u": 163, "v": 200, "edge_key": 0, "length_m": 61.799, "is_bridged": false, "is_bridge": false, "edge_betweenness": 0.0, "width_m": 8.63}}, {"type": "Feature", "geometry": {"type": "LineString", "coordinates": [[88.345643, 22.55851], [88.345623, 22.558456]]}, "properties": {"feature_type": "edge", "u": 164, "v": 171, "edge_key": 0, "length_m": 6.828, "is_bridged": false, "is_bridge": false, "edge_betweenness": 0.0, "width_m": 6.438}}, {"type": "Feature", "geometry": {"type": "LineString", "coordinates": [[88.350485, 22.558451], [88.350407, 22.558452]]}, "properties": {"feature_type": "edge", "u": 165, "v": 167, "edge_key": 0, "length_m": 8.0, "is_bridged": false, "is_bridge": false, "edge_betweenness": 0.0, "width_m": 20.198}}, {"type": "Feature", "geometry": {"type": "LineString", "coordinates": [[88.350485, 22.558451], [88.350503, 22.558306], [88.350425, 22.558235]]}, "properties": {"feature_type": "edge", "u": 165, "v": 183, "edge_key": 0, "length_m": 27.786, "is_bridged": false, "is_bridge": false, "edge_betweenness": 0.0, "width_m": 15.22}}, {"type": "Feature", "geometry": {"type": "LineString", "coordinates": [[88.363262, 22.558343], [88.363259, 22.557982]]}, "properties": {"feature_type": "edge", "u": 166, "v": 192, "edge_key": 0, "length_m": 40.0, "is_bridged": false, "is_bridge": false, "edge_betweenness": 0.0, "width_m": 8.224}}, {"type": "Feature", "geometry": {"type": "LineString", "coordinates": [[88.350407, 22.558452], [88.350368, 22.558398], [88.350367, 22.558271], [88.350425, 22.558235]]}, "properties": {"feature_type": "edge", "u": 167, "v": 183, "edge_key": 0, "length_m": 28.957, "is_bridged": false, "is_bridge": false, "edge_betweenness": 0.0, "width_m": 17.173}}, {"type": "Feature", "geometry": {"type": "LineString", "coordinates": [[88.356903, 22.558379], [88.357194, 22.558376], [88.357427, 22.558302], [88.35766, 22.558264]]}, "properties": {"feature_type": "edge", "u": 168, "v": 177, "edge_key": 0, "length_m": 82.614, "is_bridged": false, "is_bridge": false, "edge_betweenness": 0.0, "width_m": 8.346}}, {"type": "Feature", "geometry": {"type": "LineString", "coordinates": [[88.356903, 22.558379], [88.356879, 22.557946], [88.356859, 22.557928], [88.356858, 22.557801], [88.356818, 22.557657], [88.356794, 22.55726], [88.356775, 22.557242], [88.356772, 22.556917], [88.356633, 22.556629], [88.356612, 22.556521]]}, "properties": {"feature_type": "edge", "u": 168, "v": 251, "edge_key": 0, "length_m": 217.598, "is_bridged": false, "is_bridge": false, "edge_betweenness": 0.0, "width_m": 8.263}}, {"type": "Feature", "geometry": {"type": "LineString", "coordinates": [[88.345545, 22.558456], [88.345525, 22.558402]]}, "properties": {"feature_type": "edge", "u": 169, "v": 174, "edge_key": 0, "length_m": 6.828, "is_bridged": false, "is_bridge": false, "edge_betweenness": 0.0, "width_m": 8.63}}, {"type": "Feature", "geometry": {"type": "LineString", "coordinates": [[88.345545, 22.558456], [88.345623, 22.558456]]}, "properties": {"feature_type": "edge", "u": 169, "v": 171, "edge_key": 0, "length_m": 8.0, "is_bridged": false, "is_bridge": false, "edge_betweenness": 0.0, "width_m": 6.2}}, {"type": "Feature", "geometry": {"type": "LineString", "coordinates": [[88.362639, 22.558312], [88.362503, 22.558314], [88.36225, 22.558261], [88.362113, 22.55819], [88.362074, 22.558191], [88.362015, 22.558137], [88.362052, 22.557902], [88.362071, 22.557884], [88.36207, 22.557739]]}, "properties": {"feature_type": "edge", "u": 170, "v": 208, "edge_key": 0, "length_m": 118.77, "is_bridged": false, "is_bridge": false, "edge_betweenness": 0.0, "width_m": 8.321}}, {"type": "Feature", "geometry": {"type": "LineString", "coordinates": [[88.345623, 22.558456], [88.345603, 22.558402]]}, "properties": {"feature_type": "edge", "u": 171, "v": 176, "edge_key": 0, "length_m": 6.828, "is_bridged": false, "is_bridge": false, "edge_betweenness": 0.0, "width_m": 6.438}}, {"type": "Feature", "geometry": {"type": "LineString", "coordinates": [[88.3598, 22.558318], [88.35978, 22.558282], [88.359683, 22.558247], [88.359506, 22.558122], [88.359214, 22.558034], [88.359077, 22.557963], [88.359019, 22.557964]]}, "properties": {"feature_type": "edge", "u": 172, "v": 196, "edge_key": 0, "length_m": 97.384, "is_bridged": false, "is_bridge": false, "edge_betweenness": 0.0, "width_m": 8.708}}, {"type": "Feature", "geometry": {"type": "LineString", "coordinates": [[88.363942, 22.558283], [88.364098, 22.5583], [88.364118, 22.558318], [88.36439, 22.558316], [88.364623, 22.558259]]}, "properties": {"feature_type": "edge", "u": 173, "v": 175, "edge_key": 0, "length_m": 73.786, "is_bridged": false, "is_bridge": true, "edge_betweenness": 0.0, "width_m": 8.276}}, {"type": "Feature", "geometry": {"type": "LineString", "coordinates": [[88.363942, 22.558283], [88.363883, 22.558139], [88.363646, 22.557798], [88.363567, 22.557726]]}, "properties": {"feature_type": "edge", "u": 173, "v": 209, "edge_key": 0, "length_m": 77.384, "is_bridged": false, "is_bridge": false, "edge_betweenness": 0.0, "width_m": 9.08}}, {"type": "Feature", "geometry": {"type": "LineString", "coordinates": [[88.345525, 22.558402], [88.345505, 22.558348]]}, "properties": {"feature_type": "edge", "u": 174, "v": 178, "edge_key": 0, "length_m": 6.828, "is_bridged": false, "is_bridge": false, "edge_betweenness": 0.0, "width_m": 8.63}}, {"type": "Feature", "geometry": {"type": "LineString", "coordinates": [[88.345525, 22.558402], [88.345603, 22.558402]]}, "properties": {"feature_type": "edge", "u": 174, "v": 176, "edge_key": 0, "length_m": 8.0, "is_bridged": false, "is_bridge": false, "edge_betweenness": 0.0, "width_m": 6.2}}, {"type": "Feature", "geometry": {"type": "LineString", "coordinates": [[88.345603, 22.558402], [88.345583, 22.558348]]}, "properties": {"feature_type": "edge", "u": 176, "v": 179, "edge_key": 0, "length_m": 6.828, "is_bridged": false, "is_bridge": false, "edge_betweenness": 0.0, "width_m": 6.438}}, {"type": "Feature", "geometry": {"type": "LineString", "coordinates": [[88.35766, 22.558264], [88.357621, 22.558246], [88.35762, 22.558102], [88.3576, 22.558084], [88.357558, 22.557795], [88.357518, 22.557687], [88.357456, 22.557254], [88.357436, 22.557236], [88.357435, 22.557164], [88.357355, 22.556876], [88.357354, 22.556785], [88.357273, 22.556497], [88.357272, 22.556389]]}, "properties": {"feature_type": "edge", "u": 177, "v": 254, "edge_key": 0, "length_m": 224.555, "is_bridged": false, "is_bridge": false, "edge_betweenness": 0.0, "width_m": 8.29}}, {"type": "Feature", "geometry": {"type": "LineString", "coordinates": [[88.35766, 22.558264], [88.357738, 22.558264], [88.35832, 22.558114], [88.358398, 22.558113], [88.358611, 22.558039], [88.358708, 22.558039]]}, "properties": {"feature_type": "edge", "u": 177, "v": 190, "edge_key": 0, "length_m": 117.941, "is_bridged": false, "is_bridge": false, "edge_betweenness": 0.0, "width_m": 8.453}}, {"type": "Feature", "geometry": {"type": "LineString", "coordinates": [[88.345505, 22.558348], [88.345485, 22.558294]]}, "properties": {"feature_type": "edge", "u": 178, "v": 181, "edge_key": 0, "length_m": 6.828, "is_bridged": false, "is_bridge": false, "edge_betweenness": 0.0, "width_m": 8.63}}, {"type": "Feature", "geometry": {"type": "LineString", "coordinates": [[88.345505, 22.558348], [88.345583, 22.558348]]}, "properties": {"feature_type": "edge", "u": 178, "v": 179, "edge_key": 0, "length_m": 8.0, "is_bridged": false, "is_bridge": false, "edge_betweenness": 0.0, "width_m": 6.2}}, {"type": "Feature", "geometry": {"type": "LineString", "coordinates": [[88.345583, 22.558348], [88.345563, 22.558294]]}, "properties": {"feature_type": "edge", "u": 179, "v": 182, "edge_key": 0, "length_m": 6.828, "is_bridged": false, "is_bridge": false, "edge_betweenness": 0.0, "width_m": 6.438}}, {"type": "Feature", "geometry": {"type": "LineString", "coordinates": [[88.352467, 22.558272], [88.352545, 22.558235], [88.352933, 22.558178]]}, "properties": {"feature_type": "edge", "u": 180, "v": 186, "edge_key": 0, "length_m": 52.142, "is_bridged": false, "is_bridge": false, "edge_betweenness": 0.0, "width_m": 8.434}}, {"type": "Feature", "geometry": {"type": "LineString", "coordinates": [[88.345485, 22.558294], [88.345465, 22.55824]]}, "properties": {"feature_type": "edge", "u": 181, "v": 184, "edge_key": 0, "length_m": 6.828, "is_bridged": false, "is_bridge": false, "edge_betweenness": 0.0, "width_m": 8.63}}, {"type": "Feature", "geometry": {"type": "LineString", "coordinates": [[88.345485, 22.558294], [88.345563, 22.558294]]}, "properties": {"feature_type": "edge", "u": 181, "v": 182, "edge_key": 0, "length_m": 8.0, "is_bridged": false, "is_bridge": false, "edge_betweenness": 0.0, "width_m": 6.2}}, {"type": "Feature", "geometry": {"type": "LineString", "coordinates": [[88.345563, 22.558294], [88.345543, 22.55824]]}, "properties": {"feature_type": "edge", "u": 182, "v": 185, "edge_key": 0, "length_m": 6.828, "is_bridged": false, "is_bridge": false, "edge_betweenness": 0.0, "width_m": 6.438}}, {"type": "Feature", "geometry": {"type": "LineString", "coordinates": [[88.350425, 22.558235], [88.350404, 22.558145]]}, "properties": {"feature_type": "edge", "u": 183, "v": 187, "edge_key": 0, "length_m": 10.325, "is_bridged": false, "is_bridge": false, "edge_betweenness": 0.0, "width_m": 12.0}}, {"type": "Feature", "geometry": {"type": "LineString", "coordinates": [[88.345465, 22.55824], [88.345405, 22.55806]]}, "properties": {"feature_type": "edge", "u": 184, "v": 188, "edge_key": 0, "length_m": 21.268, "is_bridged": false, "is_bridge": false, "edge_betweenness": 0.0, "width_m": 8.315}}, {"type": "Feature", "geometry": {"type": "LineString", "coordinates": [[88.345465, 22.55824], [88.345543, 22.55824]]}, "properties": {"feature_type": "edge", "u": 184, "v": 185, "edge_key": 0, "length_m": 8.0, "is_bridged": false, "is_bridge": false, "edge_betweenness": 0.0, "width_m": 6.2}}, {"type": "Feature", "geometry": {"type": "LineString", "coordinates": [[88.345543, 22.55824], [88.345523, 22.558186]]}, "properties": {"feature_type": "edge", "u": 185, "v": 189, "edge_key": 0, "length_m": 6.828, "is_bridged": false, "is_bridge": false, "edge_betweenness": 0.0, "width_m": 6.438}}, {"type": "Feature", "geometry": {"type": "LineString", "coordinates": [[88.352933, 22.558178], [88.35336, 22.55812], [88.353574, 22.558064], [88.354195, 22.557986], [88.354215, 22.557968], [88.354312, 22.557967], [88.354564, 22.557911], [88.35472, 22.55791]]}, "properties": {"feature_type": "edge", "u": 186, "v": 202, "edge_key": 0, "length_m": 195.598, "is_bridged": false, "is_bridge": false, "edge_betweenness": 0.0, "width_m": 8.234}}, {"type": "Feature", "geometry": {"type": "LineString", "coordinates": [[88.352933, 22.558178], [88.35284, 22.556625]]}, "properties": {"feature_type": "edge", "u": 186, "v": 250, "edge_key": 0, "length_m": 175.314, "is_bridged": false, "is_bridge": false, "edge_betweenness": 0.0, "width_m": 8.134}}, {"type": "Feature", "geometry": {"type": "LineString", "coordinates": [[88.350404, 22.558145], [88.350443, 22.558144]]}, "properties": {"feature_type": "edge", "u": 187, "v": 690, "edge_key": 0, "length_m": 4.0, "is_bridged": false, "is_bridge": false, "edge_betweenness": 0.0, "width_m": 4.0}}, {"type": "Feature", "geometry": {"type": "LineString", "coordinates": [[88.350443, 22.558144], [88.350404, 22.558145]]}, "properties": {"feature_type": "edge", "u": 187, "v": 690, "edge_key": 1, "length_m": 4.0, "is_bridged": false, "is_bridge": false, "edge_betweenness": 0.0, "width_m": 4.0}}, {"type": "Feature", "geometry": {"type": "LineString", "coordinates": [[88.350404, 22.558145], [88.350383, 22.557928]]}, "properties": {"feature_type": "edge", "u": 187, "v": 201, "edge_key": 0, "length_m": 24.325, "is_bridged": false, "is_bridge": false, "edge_betweenness": 0.0, "width_m": 14.393}}, {"type": "Feature", "geometry": {"type": "LineString", "coordinates": [[88.345405, 22.55806], [88.345484, 22.558186], [88.345523, 22.558186]]}, "properties": {"feature_type": "edge", "u": 188, "v": 189, "edge_key": 0, "length_m": 20.125, "is_bridged": false, "is_bridge": false, "edge_betweenness": 0.0, "width_m": 5.886}}, {"type": "Feature", "geometry": {"type": "LineString", "coordinates": [[88.345405, 22.55806], [88.345464, 22.558132], [88.345503, 22.558132]]}, "properties": {"feature_type": "edge", "u": 188, "v": 193, "edge_key": 0, "length_m": 14.0, "is_bridged": false, "is_bridge": false, "edge_betweenness": 0.0, "width_m": 5.886}}, {"type": "Feature", "geometry": {"type": "LineString", "coordinates": [[88.345405, 22.55806], [88.345483, 22.558078]]}, "properties": {"feature_type": "edge", "u": 188, "v": 195, "edge_key": 0, "length_m": 8.472, "is_bridged": false, "is_bridge": false, "edge_betweenness": 0.0, "width_m": 5.886}}, {"type": "Feature", "geometry": {"type": "LineString", "coordinates": [[88.345405, 22.55806], [88.345424, 22.558024], [88.345463, 22.558023]]}, "properties": {"feature_type": "edge", "u": 188, "v": 198, "edge_key": 0, "length_m": 8.472, "is_bridged": false, "is_bridge": false, "edge_betweenness": 0.0, "width_m": 5.886}}, {"type": "Feature", "geometry": {"type": "LineString", "coordinates": [[88.345405, 22.55806], [88.345404, 22.55797], [88.345443, 22.557969]]}, "properties": {"feature_type": "edge", "u": 188, "v": 203, "edge_key": 0, "length_m": 14.0, "is_bridged": false, "is_bridge": false, "edge_betweenness": 0.0, "width_m": 5.886}}, {"type": "Feature", "geometry": {"type": "LineString", "coordinates": [[88.345405, 22.55806], [88.345384, 22.557916], [88.345423, 22.557915]]}, "properties": {"feature_type": "edge", "u": 188, "v": 206, "edge_key": 0, "length_m": 20.125, "is_bridged": false, "is_bridge": false, "edge_betweenness": 0.0, "width_m": 5.886}}, {"type": "Feature", "geometry": {"type": "LineString", "coordinates": [[88.345405, 22.55806], [88.345326, 22.55788], [88.345344, 22.557772]]}, "properties": {"feature_type": "edge", "u": 188, "v": 212, "edge_key": 0, "length_m": 33.739, "is_bridged": false, "is_bridge": false, "edge_betweenness": 0.0, "width_m": 6.236}}, {"type": "Feature", "geometry": {"type": "LineString", "coordinates": [[88.345523, 22.558186], [88.345503, 22.558132]]}, "properties": {"feature_type": "edge", "u": 189, "v": 193, "edge_key": 0, "length_m": 6.828, "is_bridged": false, "is_bridge": false, "edge_betweenness": 0.0, "width_m": 6.438}}, {"type": "Feature", "geometry": {"type": "LineString", "coordinates": [[88.358708, 22.558039], [88.358766, 22.558002], [88.359019, 22.557964]]}, "properties": {"feature_type": "edge", "u": 190, "v": 196, "edge_key": 0, "length_m": 35.314, "is_bridged": false, "is_bridge": false, "edge_betweenness": 0.0, "width_m": 8.709}}, {"type": "Feature", "geometry": {"type": "LineString", "coordinates": [[88.363259, 22.557982], [88.363103, 22.557983]]}, "properties": {"feature_type": "edge", "u": 192, "v": 194, "edge_key": 0, "length_m": 16.0, "is_bridged": false, "is_bridge": false, "edge_betweenness": 0.0, "width_m": 9.446}}, {"type": "Feature", "geometry": {"type": "LineString", "coordinates": [[88.363259, 22.557982], [88.363297, 22.557927], [88.363471, 22.557818], [88.363567, 22.557726]]}, "properties": {"feature_type": "edge", "u": 192, "v": 209, "edge_key": 0, "length_m": 44.413, "is_bridged": false, "is_bridge": false, "edge_betweenness": 0.0, "width_m": 9.403}}, {"type": "Feature", "geometry": {"type": "LineString", "coordinates": [[88.345503, 22.558132], [88.345483, 22.558078]]}, "properties": {"feature_type": "edge", "u": 193, "v": 195, "edge_key": 0, "length_m": 6.828, "is_bridged": false, "is_bridge": false, "edge_betweenness": 0.0, "width_m": 6.438}}, {"type": "Feature", "geometry": {"type": "LineString", "coordinates": [[88.363103, 22.557983], [88.363084, 22.558002], [88.36287, 22.558021], [88.362596, 22.557879], [88.362401, 22.557809]]}, "properties": {"feature_type": "edge", "u": 194, "v": 204, "edge_key": 0, "length_m": 83.598, "is_bridged": false, "is_bridge": false, "edge_betweenness": 0.0, "width_m": 8.676}}, {"type": "Feature", "geometry": {"type": "LineString", "coordinates": [[88.363103, 22.557983], [88.363083, 22.557965], [88.363062, 22.557785]]}, "properties": {"feature_type": "edge", "u": 194, "v": 205, "edge_key": 0, "length_m": 23.657, "is_bridged": false, "is_bridge": true, "edge_betweenness": 0.0, "width_m": 8.569}}, {"type": "Feature", "geometry": {"type": "LineString", "coordinates": [[88.345483, 22.558078], [88.345463, 22.558023]]}, "properties": {"feature_type": "edge", "u": 195, "v": 198, "edge_key": 0, "length_m": 6.828, "is_bridged": false, "is_bridge": false, "edge_betweenness": 0.0, "width_m": 6.438}}, {"type": "Feature", "geometry": {"type": "LineString", "coordinates": [[88.359019, 22.557964], [88.358997, 22.557729]]}, "properties": {"feature_type": "edge", "u": 196, "v": 210, "edge_key": 0, "length_m": 26.828, "is_bridged": false, "is_bridge": false, "edge_betweenness": 0.0, "width_m": 8.157}}, {"type": "Feature", "geometry": {"type": "LineString", "coordinates": [[88.345463, 22.558023], [88.345443, 22.557969]]}, "properties": {"feature_type": "edge", "u": 198, "v": 203, "edge_key": 0, "length_m": 6.828, "is_bridged": false, "is_bridge": false, "edge_betweenness": 0.0, "width_m": 6.438}}, {"type": "Feature", "geometry": {"type": "LineString", "coordinates": [[88.359524, 22.557905], [88.359563, 22.557905], [88.359641, 22.557976], [88.359758, 22.557994], [88.359816, 22.557921], [88.359913, 22.557938], [88.359951, 22.557902], [88.360146, 22.557882]]}, "properties": {"feature_type": "edge", "u": 199, "v": 200, "edge_key": 0, "length_m": 75.585, "is_bridged": false, "is_bridge": true, "edge_betweenness": 0.0, "width_m": 9.661}}, {"type": "Feature", "geometry": {"type": "LineString", "coordinates": [[88.360146, 22.557882], [88.360165, 22.557864], [88.360164, 22.557791], [88.360241, 22.557718], [88.360416, 22.557645]]}, "properties": {"feature_type": "edge", "u": 200, "v": 217, "edge_key": 0, "length_m": 43.456, "is_bridged": false, "is_bridge": false, "edge_betweenness": 0.0, "width_m": 8.796}}, {"type": "Feature", "geometry": {"type": "LineString", "coordinates": [[88.350383, 22.557928], [88.350422, 22.557928]]}, "properties": {"feature_type": "edge", "u": 201, "v": 691, "edge_key": 0, "length_m": 4.0, "is_bridged": false, "is_bridge": false, "edge_betweenness": 0.0, "width_m": 4.0}}, {"type": "Feature", "geometry": {"type": "LineString", "coordinates": [[88.350422, 22.557928], [88.350383, 22.557928]]}, "properties": {"feature_type": "edge", "u": 201, "v": 691, "edge_key": 1, "length_m": 4.0, "is_bridged": false, "is_bridge": false, "edge_betweenness": 0.0, "width_m": 4.0}}, {"type": "Feature", "geometry": {"type": "LineString", "coordinates": [[88.350383, 22.557928], [88.350316, 22.557062], [88.350296, 22.557044], [88.350294, 22.556845], [88.350275, 22.556827], [88.350273, 22.556628], [88.350253, 22.55661], [88.35023, 22.556213], [88.35021, 22.556195], [88.350209, 22.556069], [88.350189, 22.556051]]}, "properties": {"feature_type": "edge", "u": 201, "v": 265, "edge_key": 0, "length_m": 215.456, "is_bridged": false, "is_bridge": false, "edge_betweenness": 0.0, "width_m": 27.376}}, {"type": "Feature", "geometry": {"type": "LineString", "coordinates": [[88.35472, 22.55791], [88.354696, 22.557512], [88.354677, 22.557495], [88.354674, 22.557169], [88.354654, 22.557151], [88.354651, 22.556826]]}, "properties": {"feature_type": "edge", "u": 202, "v": 241, "edge_key": 0, "length_m": 122.485, "is_bridged": false, "is_bridge": false, "edge_betweenness": 0.0, "width_m": 8.192}}, {"type": "Feature", "geometry": {"type": "LineString", "coordinates": [[88.345443, 22.557969], [88.345423, 22.557915]]}, "properties": {"feature_type": "edge", "u": 203, "v": 206, "edge_key": 0, "length_m": 6.828, "is_bridged": false, "is_bridge": false, "edge_betweenness": 0.0, "width_m": 6.438}}, {"type": "Feature", "geometry": {"type": "LineString", "coordinates": [[88.362401, 22.557809], [88.36207, 22.557739]]}, "properties": {"feature_type": "edge", "u": 204, "v": 208, "edge_key": 0, "length_m": 36.957, "is_bridged": false, "is_bridge": false, "edge_betweenness": 0.0, "width_m": 8.604}}, {"type": "Feature", "geometry": {"type": "LineString", "coordinates": [[88.362401, 22.557809], [88.362339, 22.557376]]}, "properties": {"feature_type": "edge", "u": 204, "v": 225, "edge_key": 0, "length_m": 50.485, "is_bridged": false, "is_bridge": false, "edge_betweenness": 0.0, "width_m": 8.482}}, {"type": "Feature", "geometry": {"type": "LineString", "coordinates": [[88.345423, 22.557915], [88.345423, 22.557861], [88.345344, 22.557772]]}, "properties": {"feature_type": "edge", "u": 206, "v": 212, "edge_key": 0, "length_m": 18.806, "is_bridged": false, "is_bridge": false, "edge_betweenness": 0.0, "width_m": 5.65}}, {"type": "Feature", "geometry": {"type": "LineString", "coordinates": [[88.361409, 22.557745], [88.361369, 22.557673], [88.361291, 22.557673]]}, "properties": {"feature_type": "edge", "u": 207, "v": 215, "edge_key": 0, "length_m": 17.657, "is_bridged": false, "is_bridge": false, "edge_betweenness": 0.0, "width_m": 8.65}}, {"type": "Feature", "geometry": {"type": "LineString", "coordinates": [[88.361409, 22.557745], [88.361681, 22.55776], [88.361739, 22.557724], [88.361757, 22.557615]]}, "properties": {"feature_type": "edge", "u": 207, "v": 218, "edge_key": 0, "length_m": 49.314, "is_bridged": false, "is_bridge": false, "edge_betweenness": 0.0, "width_m": 8.408}}, {"type": "Feature", "geometry": {"type": "LineString", "coordinates": [[88.36207, 22.557739], [88.361952, 22.557632], [88.361757, 22.557615]]}, "properties": {"feature_type": "edge", "u": 208, "v": 218, "edge_key": 0, "length_m": 38.614, "is_bridged": false, "is_bridge": false, "edge_betweenness": 0.0, "width_m": 8.738}}, {"type": "Feature", "geometry": {"type": "LineString", "coordinates": [[88.363567, 22.557726], [88.363566, 22.5576]]}, "properties": {"feature_type": "edge", "u": 209, "v": 219, "edge_key": 0, "length_m": 14.0, "is_bridged": false, "is_bridge": false, "edge_betweenness": 0.0, "width_m": 11.521}}, {"type": "Feature", "geometry": {"type": "LineString", "coordinates": [[88.358997, 22.557729], [88.35923, 22.557709]]}, "properties": {"feature_type": "edge", "u": 210, "v": 214, "edge_key": 0, "length_m": 24.828, "is_bridged": false, "is_bridge": true, "edge_betweenness": 0.0, "width_m": 8.258}}, {"type": "Feature", "geometry": {"type": "LineString", "coordinates": [[88.358997, 22.557729], [88.358955, 22.557404], [88.358915, 22.557278], [88.358914, 22.55717]]}, "properties": {"feature_type": "edge", "u": 210, "v": 231, "edge_key": 0, "length_m": 65.314, "is_bridged": false, "is_bridge": false, "edge_betweenness": 0.0, "width_m": 8.433}}, {"type": "Feature", "geometry": {"type": "LineString", "coordinates": [[88.359405, 22.557744], [88.359367, 22.557762], [88.35923, 22.557709]]}, "properties": {"feature_type": "edge", "u": 211, "v": 214, "edge_key": 0, "length_m": 20.957, "is_bridged": false, "is_bridge": true, "edge_betweenness": 0.0, "width_m": 8.054}}, {"type": "Feature", "geometry": {"type": "LineString", "coordinates": [[88.345344, 22.557772], [88.345343, 22.557627], [88.345263, 22.557447]]}, "properties": {"feature_type": "edge", "u": 212, "v": 227, "edge_key": 0, "length_m": 39.314, "is_bridged": false, "is_bridge": true, "edge_betweenness": 0.0, "width_m": 7.698}}, {"type": "Feature", "geometry": {"type": "LineString", "coordinates": [[88.360805, 22.557696], [88.360552, 22.55768], [88.360416, 22.557645]]}, "properties": {"feature_type": "edge", "u": 213, "v": 217, "edge_key": 0, "length_m": 42.485, "is_bridged": false, "is_bridge": false, "edge_betweenness": 0.0, "width_m": 8.507}}, {"type": "Feature", "geometry": {"type": "LineString", "coordinates": [[88.360805, 22.557696], [88.36098, 22.557694], [88.361, 22.557676], [88.361136, 22.557675], [88.361155, 22.557657]]}, "properties": {"feature_type": "edge", "u": 213, "v": 216, "edge_key": 0, "length_m": 37.657, "is_bridged": false, "is_bridge": false, "edge_betweenness": 0.0, "width_m": 8.511}}, {"type": "Feature", "geometry": {"type": "LineString", "coordinates": [[88.35923, 22.557709], [88.359228, 22.557528], [88.359247, 22.557492]]}, "properties": {"feature_type": "edge", "u": 214, "v": 221, "edge_key": 0, "length_m": 24.828, "is_bridged": false, "is_bridge": true, "edge_betweenness": 0.0, "width_m": 8.157}}, {"type": "Feature", "geometry": {"type": "LineString", "coordinates": [[88.361291, 22.557673], [88.361175, 22.557674], [88.361155, 22.557657]]}, "properties": {"feature_type": "edge", "u": 215, "v": 216, "edge_key": 0, "length_m": 14.828, "is_bridged": false, "is_bridge": false, "edge_betweenness": 0.0, "width_m": 8.473}}, {"type": "Feature", "geometry": {"type": "LineString", "coordinates": [[88.361291, 22.557673], [88.361309, 22.557529], [88.361348, 22.557492]]}, "properties": {"feature_type": "edge", "u": 215, "v": 220, "edge_key": 0, "length_m": 22.485, "is_bridged": false, "is_bridge": false, "edge_betweenness": 0.0, "width_m": 8.472}}, {"type": "Feature", "geometry": {"type": "LineString", "coordinates": [[88.361155, 22.557657], [88.361154, 22.557566], [88.36123, 22.557403]]}, "properties": {"feature_type": "edge", "u": 216, "v": 224, "edge_key": 0, "length_m": 31.314, "is_bridged": false, "is_bridge": false, "edge_betweenness": 0.0, "width_m": 8.787}}, {"type": "Feature", "geometry": {"type": "LineString", "coordinates": [[88.360416, 22.557645], [88.360414, 22.557482], [88.360433, 22.557446]]}, "properties": {"feature_type": "edge", "u": 217, "v": 223, "edge_key": 0, "length_m": 22.472, "is_bridged": false, "is_bridge": false, "edge_betweenness": 0.0, "width_m": 8.645}}, {"type": "Feature", "geometry": {"type": "LineString", "coordinates": [[88.361757, 22.557615], [88.361738, 22.557579], [88.361348, 22.557492]]}, "properties": {"feature_type": "edge", "u": 218, "v": 220, "edge_key": 0, "length_m": 48.614, "is_bridged": false, "is_bridge": false, "edge_betweenness": 0.0, "width_m": 8.45}}, {"type": "Feature", "geometry": {"type": "LineString", "coordinates": [[88.363566, 22.5576], [88.363507, 22.557546], [88.363466, 22.557312], [88.363427, 22.557276]]}, "properties": {"feature_type": "edge", "u": 219, "v": 229, "edge_key": 0, "length_m": 42.614, "is_bridged": false, "is_bridge": false, "edge_betweenness": 0.0, "width_m": 8.348}}, {"type": "Feature", "geometry": {"type": "LineString", "coordinates": [[88.363566, 22.5576], [88.363624, 22.557563], [88.36372, 22.5574], [88.363855, 22.557272], [88.363971, 22.557199], [88.364047, 22.557108]]}, "properties": {"feature_type": "edge", "u": 219, "v": 234, "edge_key": 0, "length_m": 77.513, "is_bridged": false, "is_bridge": false, "edge_betweenness": 0.0, "width_m": 8.961}}, {"type": "Feature", "geometry": {"type": "LineString", "coordinates": [[88.361348, 22.557492], [88.361308, 22.557402], [88.36123, 22.557403]]}, "properties": {"feature_type": "edge", "u": 220, "v": 224, "edge_key": 0, "length_m": 19.657, "is_bridged": false, "is_bridge": false, "edge_betweenness": 0.0, "width_m": 9.504}}, {"type": "Feature", "geometry": {"type": "LineString", "coordinates": [[88.359733, 22.55747], [88.359694, 22.55738], [88.359672, 22.557199]]}, "properties": {"feature_type": "edge", "u": 222, "v": 230, "edge_key": 0, "length_m": 32.485, "is_bridged": false, "is_bridge": true, "edge_betweenness": 0.0, "width_m": 8.189}}, {"type": "Feature", "geometry": {"type": "LineString", "coordinates": [[88.360433, 22.557446], [88.360472, 22.557446], [88.360819, 22.557117], [88.360819, 22.557081]]}, "properties": {"feature_type": "edge", "u": 223, "v": 235, "edge_key": 0, "length_m": 58.912, "is_bridged": false, "is_bridge": false, "edge_betweenness": 0.0, "width_m": 9.283}}, {"type": "Feature", "geometry": {"type": "LineString", "coordinates": [[88.360433, 22.557446], [88.360394, 22.55741], [88.360334, 22.557266], [88.360216, 22.557159], [88.360041, 22.55716]]}, "properties": {"feature_type": "edge", "u": 223, "v": 233, "edge_key": 0, "length_m": 59.113, "is_bridged": false, "is_bridge": false, "edge_betweenness": 0.0, "width_m": 8.59}}, {"type": "Feature", "geometry": {"type": "LineString", "coordinates": [[88.36123, 22.557403], [88.36123, 22.557331], [88.361286, 22.557168], [88.361284, 22.556969]]}, "properties": {"feature_type": "edge", "u": 224, "v": 236, "edge_key": 0, "length_m": 50.485, "is_bridged": false, "is_bridge": false, "edge_betweenness": 0.0, "width_m": 8.42}}, {"type": "Feature", "geometry": {"type": "LineString", "coordinates": [[88.362339, 22.557376], [88.362144, 22.557395], [88.362125, 22.557414], [88.362086, 22.557396], [88.361925, 22.556819]]}, "properties": {"feature_type": "edge", "u": 225, "v": 240, "edge_key": 0, "length_m": 99.113, "is_bridged": false, "is_bridge": false, "edge_betweenness": 0.0, "width_m": 8.451}}, {"type": "Feature", "geometry": {"type": "LineString", "coordinates": [[88.362339, 22.557376], [88.362319, 22.55734], [88.362296, 22.557015], [88.362276, 22.556997], [88.362275, 22.556888], [88.362236, 22.556816], [88.362235, 22.556744]]}, "properties": {"feature_type": "edge", "u": 225, "v": 242, "edge_key": 0, "length_m": 73.786, "is_bridged": false, "is_bridge": false, "edge_betweenness": 0.0, "width_m": 8.362}}, {"type": "Feature", "geometry": {"type": "LineString", "coordinates": [[88.355862, 22.557394], [88.35526, 22.557417], [88.355004, 22.557094], [88.354923, 22.556788]]}, "properties": {"feature_type": "edge", "u": 226, "v": 243, "edge_key": 0, "length_m": 146.912, "is_bridged": false, "is_bridge": true, "edge_betweenness": 0.0, "width_m": 8.414}}, {"type": "Feature", "geometry": {"type": "LineString", "coordinates": [[88.363096, 22.557297], [88.363174, 22.557314], [88.363194, 22.557296], [88.363427, 22.557276]]}, "properties": {"feature_type": "edge", "u": 228, "v": 229, "edge_key": 0, "length_m": 36.485, "is_bridged": false, "is_bridge": true, "edge_betweenness": 0.0, "width_m": 8.167}}, {"type": "Feature", "geometry": {"type": "LineString", "coordinates": [[88.363427, 22.557276], [88.363425, 22.557113], [88.363364, 22.556879]]}, "properties": {"feature_type": "edge", "u": 229, "v": 239, "edge_key": 0, "length_m": 46.485, "is_bridged": false, "is_bridge": false, "edge_betweenness": 0.0, "width_m": 8.365}}, {"type": "Feature", "geometry": {"type": "LineString", "coordinates": [[88.359672, 22.557199], [88.358914, 22.55717]]}, "properties": {"feature_type": "edge", "u": 230, "v": 231, "edge_key": 0, "length_m": 79.657, "is_bridged": false, "is_bridge": false, "edge_betweenness": 0.0, "width_m": 8.31}}, {"type": "Feature", "geometry": {"type": "LineString", "coordinates": [[88.359672, 22.557199], [88.359769, 22.557181]]}, "properties": {"feature_type": "edge", "u": 230, "v": 232, "edge_key": 0, "length_m": 10.472, "is_bridged": false, "is_bridge": false, "edge_betweenness": 0.0, "width_m": 9.472}}, {"type": "Feature", "geometry": {"type": "LineString", "coordinates": [[88.358914, 22.55717], [88.358874, 22.55708], [88.358792, 22.556629], [88.35865, 22.556124]]}, "properties": {"feature_type": "edge", "u": 231, "v": 258, "edge_key": 0, "length_m": 126.77, "is_bridged": false, "is_bridge": false, "edge_betweenness": 0.0, "width_m": 8.332}}, {"type": "Feature", "geometry": {"type": "LineString", "coordinates": [[88.359769, 22.557181], [88.360041, 22.55716]]}, "properties": {"feature_type": "edge", "u": 232, "v": 233, "edge_key": 0, "length_m": 28.828, "is_bridged": false, "is_bridge": false, "edge_betweenness": 0.0, "width_m": 8.145}}, {"type": "Feature", "geometry": {"type": "LineString", "coordinates": [[88.359769, 22.557181], [88.359767, 22.556946], [88.359728, 22.55691], [88.35965, 22.556911], [88.359611, 22.556875], [88.359549, 22.55655], [88.359509, 22.55646]]}, "properties": {"feature_type": "edge", "u": 232, "v": 252, "edge_key": 0, "length_m": 95.456, "is_bridged": false, "is_bridge": true, "edge_betweenness": 0.0, "width_m": 8.237}}, {"type": "Feature", "geometry": {"type": "LineString", "coordinates": [[88.360041, 22.55716], [88.36004, 22.556998], [88.360155, 22.556834], [88.360425, 22.556615], [88.360561, 22.556596]]}, "properties": {"feature_type": "edge", "u": 233, "v": 248, "edge_key": 0, "length_m": 93.74, "is_bridged": false, "is_bridge": false, "edge_betweenness": 0.0, "width_m": 8.957}}, {"type": "Feature", "geometry": {"type": "LineString", "coordinates": [[88.364047, 22.557108], [88.364125, 22.557108], [88.364435, 22.556978], [88.364745, 22.556885]]}, "properties": {"feature_type": "edge", "u": 234, "v": 238, "edge_key": 0, "length_m": 81.941, "is_bridged": false, "is_bridge": true, "edge_betweenness": 0.0, "width_m": 8.447}}, {"type": "Feature", "geometry": {"type": "LineString", "coordinates": [[88.364047, 22.557108], [88.363988, 22.556964], [88.363792, 22.556803], [88.363694, 22.55675], [88.363615, 22.55666]]}, "properties": {"feature_type": "edge", "u": 234, "v": 245, "edge_key": 0, "length_m": 71.384, "is_bridged": false, "is_bridge": false, "edge_betweenness": 0.0, "width_m": 8.874}}, {"type": "Feature", "geometry": {"type": "LineString", "coordinates": [[88.360819, 22.557081], [88.360896, 22.557081], [88.361012, 22.557007], [88.361284, 22.556969]]}, "properties": {"feature_type": "edge", "u": 235, "v": 236, "edge_key": 0, "length_m": 52.614, "is_bridged": false, "is_bridge": false, "edge_betweenness": 0.0, "width_m": 8.626}}, {"type": "Feature", "geometry": {"type": "LineString", "coordinates": [[88.360819, 22.557081], [88.360779, 22.556955], [88.360642, 22.556866], [88.360561, 22.556596]]}, "properties": {"feature_type": "edge", "u": 235, "v": 248, "edge_key": 0, "length_m": 66.756, "is_bridged": false, "is_bridge": false, "edge_betweenness": 0.0, "width_m": 8.675}}, {"type": "Feature", "geometry": {"type": "LineString", "coordinates": [[88.361284, 22.556969], [88.36173, 22.556839], [88.361925, 22.556819]]}, "properties": {"feature_type": "edge", "u": 236, "v": 240, "edge_key": 0, "length_m": 72.271, "is_bridged": false, "is_bridge": false, "edge_betweenness": 0.0, "width_m": 8.524}}, {"type": "Feature", "geometry": {"type": "LineString", "coordinates": [[88.35403, 22.557012], [88.353913, 22.556977], [88.353874, 22.556905], [88.35391, 22.556652]]}, "properties": {"feature_type": "edge", "u": 237, "v": 247, "edge_key": 0, "length_m": 52.971, "is_bridged": false, "is_bridge": true, "edge_betweenness": 0.0, "width_m": 8.275}}, {"type": "Feature", "geometry": {"type": "LineString", "coordinates": [[88.363364, 22.556879], [88.36317, 22.556881], [88.363151, 22.556899], [88.363015, 22.5569], [88.362995, 22.556918], [88.362801, 22.556938], [88.362762, 22.556902], [88.362721, 22.556686]]}, "properties": {"feature_type": "edge", "u": 239, "v": 244, "edge_key": 0, "length_m": 91.799, "is_bridged": false, "is_bridge": false, "edge_betweenness": 0.0, "width_m": 8.404}}, {"type": "Feature", "geometry": {"type": "LineString", "coordinates": [[88.363364, 22.556879], [88.363362, 22.556644]]}, "properties": {"feature_type": "edge", "u": 239, "v": 246, "edge_key": 0, "length_m": 26.0, "is_bridged": false, "is_bridge": false, "edge_betweenness": 0.0, "width_m": 9.064}}, {"type": "Feature", "geometry": {"type": "LineString", "coordinates": [[88.361925, 22.556819], [88.362235, 22.556744]]}, "properties": {"feature_type": "edge", "u": 240, "v": 242, "edge_key": 0, "length_m": 34.957, "is_bridged": false, "is_bridge": false, "edge_betweenness": 0.0, "width_m": 8.709}}, {"type": "Feature", "geometry": {"type": "LineString", "coordinates": [[88.354651, 22.556826], [88.354476, 22.55681], [88.354046, 22.556669], [88.35391, 22.556652]]}, "properties": {"feature_type": "edge", "u": 241, "v": 247, "edge_key": 0, "length_m": 83.928, "is_bridged": false, "is_bridge": false, "edge_betweenness": 0.0, "width_m": 8.498}}, {"type": "Feature", "geometry": {"type": "LineString", "coordinates": [[88.354651, 22.556826], [88.354923, 22.556788]]}, "properties": {"feature_type": "edge", "u": 241, "v": 243, "edge_key": 0, "length_m": 29.657, "is_bridged": false, "is_bridge": false, "edge_betweenness": 0.0, "width_m": 9.231}}, {"type": "Feature", "geometry": {"type": "LineString", "coordinates": [[88.354651, 22.556826], [88.354649, 22.55661], [88.354629, 22.556592], [88.354606, 22.556267], [88.354446, 22.555816], [88.354407, 22.555799]]}, "properties": {"feature_type": "edge", "u": 241, "v": 272, "edge_key": 0, "length_m": 124.756, "is_bridged": false, "is_bridge": false, "edge_betweenness": 0.0, "width_m": 8.29}}, {"type": "Feature", "geometry": {"type": "LineString", "coordinates": [[88.362235, 22.556744], [88.362196, 22.556726], [88.362115, 22.556438], [88.361936, 22.556024], [88.361659, 22.555557], [88.361538, 22.555088]]}, "properties": {"feature_type": "edge", "u": 242, "v": 286, "edge_key": 0, "length_m": 213.81, "is_bridged": false, "is_bridge": false, "edge_betweenness": 0.0, "width_m": 8.631}}, {"type": "Feature", "geometry": {"type": "LineString", "coordinates": [[88.362235, 22.556744], [88.362682, 22.556704], [88.362721, 22.556686]]}, "properties": {"feature_type": "edge", "u": 242, "v": 244, "edge_key": 0, "length_m": 52.129, "is_bridged": false, "is_bridge": false, "edge_betweenness": 0.0, "width_m": 8.394}}, {"type": "Feature", "geometry": {"type": "LineString", "coordinates": [[88.354923, 22.556788], [88.355, 22.556751], [88.355311, 22.556712], [88.35533, 22.556694], [88.355447, 22.556693], [88.355466, 22.556675], [88.355699, 22.556655], [88.355719, 22.556637], [88.355952, 22.556617], [88.355971, 22.556598], [88.356476, 22.556558], [88.356612, 22.556521]]}, "properties": {"feature_type": "edge", "u": 243, "v": 251, "edge_key": 0, "length_m": 185.242, "is_bridged": false, "is_bridge": false, "edge_betweenness": 0.0, "width_m": 8.34}}, {"type": "Feature", "geometry": {"type": "LineString", "coordinates": [[88.362721, 22.556686], [88.362896, 22.556684], [88.363148, 22.556628], [88.363323, 22.556627], [88.363362, 22.556644]]}, "properties": {"feature_type": "edge", "u": 244, "v": 246, "edge_key": 0, "length_m": 68.957, "is_bridged": false, "is_bridge": false, "edge_betweenness": 0.0, "width_m": 8.384}}, {"type": "Feature", "geometry": {"type": "LineString", "coordinates": [[88.362721, 22.556686], [88.36272, 22.556578], [88.36268, 22.556488], [88.362598, 22.556055]]}, "properties": {"feature_type": "edge", "u": 244, "v": 260, "edge_key": 0, "length_m": 74.971, "is_bridged": false, "is_bridge": false, "edge_betweenness": 0.0, "width_m": 8.417}}, {"type": "Feature", "geometry": {"type": "LineString", "coordinates": [[88.363615, 22.55666], [88.363362, 22.556644]]}, "properties": {"feature_type": "edge", "u": 245, "v": 246, "edge_key": 0, "length_m": 26.828, "is_bridged": false, "is_bridge": false, "edge_betweenness": 0.0, "width_m": 8.71}}, {"type": "Feature", "geometry": {"type": "LineString", "coordinates": [[88.363615, 22.55666], [88.363653, 22.556588]]}, "properties": {"feature_type": "edge", "u": 245, "v": 249, "edge_key": 0, "length_m": 9.301, "is_bridged": false, "is_bridge": false, "edge_betweenness": 0.0, "width_m": 9.472}}, {"type": "Feature", "geometry": {"type": "LineString", "coordinates": [[88.35391, 22.556652], [88.353734, 22.556581], [88.353423, 22.556566], [88.353403, 22.556548], [88.353151, 22.556568], [88.352957, 22.556624], [88.35284, 22.556625]]}, "properties": {"feature_type": "edge", "u": 247, "v": 250, "edge_key": 0, "length_m": 118.284, "is_bridged": false, "is_bridge": false, "edge_betweenness": 0.0, "width_m": 8.335}}, {"type": "Feature", "geometry": {"type": "LineString", "coordinates": [[88.360561, 22.556596], [88.360599, 22.556541], [88.360754, 22.556468], [88.360812, 22.556413], [88.360772, 22.556287], [88.360395, 22.555513], [88.360414, 22.555441]]}, "properties": {"feature_type": "edge", "u": 248, "v": 277, "edge_key": 0, "length_m": 160.821, "is_bridged": false, "is_bridge": false, "edge_betweenness": 0.0, "width_m": 8.791}}, {"type": "Feature", "geometry": {"type": "LineString", "coordinates": [[88.363653, 22.556588], [88.363712, 22.556587], [88.363808, 22.556514], [88.363827, 22.556406]]}, "properties": {"feature_type": "edge", "u": 249, "v": 253, "edge_key": 0, "length_m": 32.142, "is_bridged": false, "is_bridge": false, "edge_betweenness": 0.0, "width_m": 9.849}}, {"type": "Feature", "geometry": {"type": "LineString", "coordinates": [[88.363653, 22.556588], [88.363493, 22.556137], [88.363493, 22.556065]]}, "properties": {"feature_type": "edge", "u": 249, "v": 259, "edge_key": 0, "length_m": 64.627, "is_bridged": false, "is_bridge": false, "edge_betweenness": 0.0, "width_m": 8.675}}, {"type": "Feature", "geometry": {"type": "LineString", "coordinates": [[88.35284, 22.556625], [88.352821, 22.556607], [88.352819, 22.556462], [88.352799, 22.556445], [88.352798, 22.556282], [88.352778, 22.556264], [88.352777, 22.556101], [88.352757, 22.556084], [88.352735, 22.555849]]}, "properties": {"feature_type": "edge", "u": 250, "v": 270, "edge_key": 0, "length_m": 90.142, "is_bridged": false, "is_bridge": false, "edge_betweenness": 0.0, "width_m": 8.242}}, {"type": "Feature", "geometry": {"type": "LineString", "coordinates": [[88.356612, 22.556521], [88.356573, 22.556503], [88.356513, 22.556287]]}, "properties": {"feature_type": "edge", "u": 251, "v": 256, "edge_key": 0, "length_m": 30.957, "is_bridged": false, "is_bridge": false, "edge_betweenness": 0.0, "width_m": 9.121}}, {"type": "Feature", "geometry": {"type": "LineString", "coordinates": [[88.356612, 22.556521], [88.35669, 22.55652], [88.357175, 22.55639], [88.357272, 22.556389]]}, "properties": {"feature_type": "edge", "u": 251, "v": 254, "edge_key": 0, "length_m": 73.799, "is_bridged": false, "is_bridge": false, "edge_betweenness": 0.0, "width_m": 8.456}}, {"type": "Feature", "geometry": {"type": "LineString", "coordinates": [[88.363827, 22.556406], [88.363788, 22.556388], [88.363687, 22.556045]]}, "properties": {"feature_type": "edge", "u": 253, "v": 261, "edge_key": 0, "length_m": 46.258, "is_bridged": false, "is_bridge": false, "edge_betweenness": 0.0, "width_m": 8.591}}, {"type": "Feature", "geometry": {"type": "LineString", "coordinates": [[88.363827, 22.556406], [88.363924, 22.556387], [88.363962, 22.55635]]}, "properties": {"feature_type": "edge", "u": 253, "v": 255, "edge_key": 0, "length_m": 16.485, "is_bridged": false, "is_bridge": false, "edge_betweenness": 0.0, "width_m": 9.542}}, {"type": "Feature", "geometry": {"type": "LineString", "coordinates": [[88.357272, 22.556389], [88.357212, 22.556172], [88.35721, 22.556046]]}, "properties": {"feature_type": "edge", "u": 254, "v": 263, "edge_key": 0, "length_m": 40.129, "is_bridged": false, "is_bridge": false, "edge_betweenness": 0.0, "width_m": 8.6}}, {"type": "Feature", "geometry": {"type": "LineString", "coordinates": [[88.357272, 22.556389], [88.35735, 22.556352], [88.357427, 22.556351], [88.357544, 22.556314], [88.357641, 22.556313], [88.35766, 22.556295], [88.357738, 22.556295], [88.357757, 22.556276], [88.357835, 22.556276], [88.357854, 22.556257], [88.357932, 22.556257], [88.358437, 22.556144], [88.35865, 22.556124]]}, "properties": {"feature_type": "edge", "u": 254, "v": 258, "edge_key": 0, "length_m": 153.242, "is_bridged": false, "is_bridge": false, "edge_betweenness": 0.0, "width_m": 8.299}}, {"type": "Feature", "geometry": {"type": "LineString", "coordinates": [[88.363962, 22.55635], [88.363982, 22.556368], [88.364137, 22.556349], [88.364448, 22.556274], [88.364545, 22.556273], [88.364719, 22.556217]]}, "properties": {"feature_type": "edge", "u": 255, "v": 257, "edge_key": 0, "length_m": 85.456, "is_bridged": false, "is_bridge": true, "edge_betweenness": 0.0, "width_m": 8.4}}, {"type": "Feature", "geometry": {"type": "LineString", "coordinates": [[88.363962, 22.55635], [88.363943, 22.556332], [88.363941, 22.556206], [88.363881, 22.55599]]}, "properties": {"feature_type": "edge", "u": 255, "v": 264, "edge_key": 0, "length_m": 42.957, "is_bridged": false, "is_bridge": false, "edge_betweenness": 0.0, "width_m": 8.621}}, {"type": "Feature", "geometry": {"type": "LineString", "coordinates": [[88.356513, 22.556287], [88.356571, 22.556286], [88.356842, 22.556139], [88.35721, 22.556046]]}, "properties": {"feature_type": "edge", "u": 256, "v": 263, "edge_key": 0, "length_m": 82.413, "is_bridged": false, "is_bridge": false, "edge_betweenness": 0.0, "width_m": 8.75}}, {"type": "Feature", "geometry": {"type": "LineString", "coordinates": [[88.356513, 22.556287], [88.356434, 22.556179], [88.356433, 22.556107], [88.356312, 22.555692]]}, "properties": {"feature_type": "edge", "u": 256, "v": 273, "edge_key": 0, "length_m": 73.928, "is_bridged": false, "is_bridge": false, "edge_betweenness": 0.0, "width_m": 8.458}}, {"type": "Feature", "geometry": {"type": "LineString", "coordinates": [[88.35865, 22.556124], [88.358863, 22.55596]]}, "properties": {"feature_type": "edge", "u": 258, "v": 266, "edge_key": 0, "length_m": 29.456, "is_bridged": false, "is_bridge": false, "edge_betweenness": 0.0, "width_m": 9.142}}, {"type": "Feature", "geometry": {"type": "LineString", "coordinates": [[88.363493, 22.556065], [88.363687, 22.556045]]}, "properties": {"feature_type": "edge", "u": 259, "v": 261, "edge_key": 0, "length_m": 20.828, "is_bridged": false, "is_bridge": false, "edge_betweenness": 0.0, "width_m": 8.841}}, {"type": "Feature", "geometry": {"type": "LineString", "coordinates": [[88.363493, 22.556065], [88.363453, 22.556029], [88.363433, 22.555939], [88.363394, 22.555885], [88.363121, 22.555888], [88.363102, 22.555906], [88.362908, 22.555926], [88.362598, 22.556055]]}, "properties": {"feature_type": "edge", "u": 259, "v": 260, "edge_key": 0, "length_m": 113.598, "is_bridged": false, "is_bridge": false, "edge_betweenness": 0.0, "width_m": 8.482}}, {"type": "Feature", "geometry": {"type": "LineString", "coordinates": [[88.362598, 22.556055], [88.362228, 22.556058]]}, "properties": {"feature_type": "edge", "u": 260, "v": 262, "edge_key": 0, "length_m": 38.0, "is_bridged": false, "is_bridge": true, "edge_betweenness": 0.0, "width_m": 8.174}}, {"type": "Feature", "geometry": {"type": "LineString", "coordinates": [[88.363687, 22.556045], [88.363725, 22.556009], [88.363881, 22.55599]]}, "properties": {"feature_type": "edge", "u": 261, "v": 264, "edge_key": 0, "length_m": 22.129, "is_bridged": false, "is_bridge": false, "edge_betweenness": 0.0, "width_m": 9.252}}, {"type": "Feature", "geometry": {"type": "LineString", "coordinates": [[88.35721, 22.556046], [88.357171, 22.555938], [88.35717, 22.555848], [88.35715, 22.55583], [88.357068, 22.555397]]}, "properties": {"feature_type": "edge", "u": 263, "v": 280, "edge_key": 0, "length_m": 77.443, "is_bridged": false, "is_bridge": false, "edge_betweenness": 0.0, "width_m": 8.494}}, {"type": "Feature", "geometry": {"type": "LineString", "coordinates": [[88.35721, 22.556046], [88.357578, 22.55588], [88.357889, 22.555787], [88.358062, 22.555623], [88.358062, 22.555587]]}, "properties": {"feature_type": "edge", "u": 263, "v": 274, "edge_key": 0, "length_m": 110.698, "is_bridged": false, "is_bridge": false, "edge_betweenness": 0.0, "width_m": 8.899}}, {"type": "Feature", "geometry": {"type": "LineString", "coordinates": [[88.363881, 22.55599], [88.363861, 22.555954], [88.36386, 22.555827], [88.36384, 22.555809], [88.363859, 22.555791]]}, "properties": {"feature_type": "edge", "u": 264, "v": 268, "edge_key": 0, "length_m": 24.129, "is_bridged": false, "is_bridge": true, "edge_betweenness": 0.0, "width_m": 8.621}}, {"type": "Feature", "geometry": {"type": "LineString", "coordinates": [[88.350189, 22.556051], [88.350189, 22.555979]]}, "properties": {"feature_type": "edge", "u": 265, "v": 267, "edge_key": 0, "length_m": 8.0, "is_bridged": false, "is_bridge": false, "edge_betweenness": 0.0, "width_m": 32.0}}, {"type": "Feature", "geometry": {"type": "LineString", "coordinates": [[88.358863, 22.55596], [88.358941, 22.555959], [88.359096, 22.555904], [88.359387, 22.555847], [88.359619, 22.555682], [88.359949, 22.555626], [88.360414, 22.555441]]}, "properties": {"feature_type": "edge", "u": 266, "v": 277, "edge_key": 0, "length_m": 182.75, "is_bridged": false, "is_bridge": false, "edge_betweenness": 0.0, "width_m": 8.484}}, {"type": "Feature", "geometry": {"type": "LineString", "coordinates": [[88.358863, 22.55596], [88.358841, 22.555761], [88.358761, 22.555455], [88.358758, 22.555148], [88.358718, 22.555112]]}, "properties": {"feature_type": "edge", "u": 266, "v": 289, "edge_key": 0, "length_m": 99.799, "is_bridged": false, "is_bridge": false, "edge_betweenness": 0.0, "width_m": 8.31}}, {"type": "Feature", "geometry": {"type": "LineString", "coordinates": [[88.350189, 22.555979], [88.350442, 22.555977], [88.350461, 22.555958], [88.350636, 22.555957], [88.350655, 22.555939], [88.35083, 22.555937], [88.350849, 22.555919], [88.351238, 22.555916], [88.351258, 22.555897], [88.352016, 22.555891], [88.352035, 22.555873], [88.352735, 22.555849]]}, "properties": {"feature_type": "edge", "u": 267, "v": 270, "edge_key": 0, "length_m": 266.971, "is_bridged": false, "is_bridge": false, "edge_betweenness": 0.0, "width_m": 8.649}}, {"type": "Feature", "geometry": {"type": "LineString", "coordinates": [[88.350189, 22.555979], [88.350169, 22.555943], [88.350147, 22.555654], [88.350127, 22.555636], [88.350126, 22.555492], [88.350086, 22.555456]]}, "properties": {"feature_type": "edge", "u": 267, "v": 278, "edge_key": 0, "length_m": 61.786, "is_bridged": false, "is_bridge": false, "edge_betweenness": 0.0, "width_m": 28.092}}, {"type": "Feature", "geometry": {"type": "LineString", "coordinates": [[88.352735, 22.555849], [88.353493, 22.555806]]}, "properties": {"feature_type": "edge", "u": 270, "v": 271, "edge_key": 0, "length_m": 79.657, "is_bridged": false, "is_bridge": false, "edge_betweenness": 0.0, "width_m": 8.187}}, {"type": "Feature", "geometry": {"type": "LineString", "coordinates": [[88.353493, 22.555806], [88.354407, 22.555799]]}, "properties": {"feature_type": "edge", "u": 271, "v": 272, "edge_key": 0, "length_m": 94.0, "is_bridged": false, "is_bridge": false, "edge_betweenness": 0.0, "width_m": 8.021}}, {"type": "Feature", "geometry": {"type": "LineString", "coordinates": [[88.353493, 22.555806], [88.35349, 22.555463], [88.353509, 22.555445], [88.354229, 22.555439]]}, "properties": {"feature_type": "edge", "u": 271, "v": 279, "edge_key": 0, "length_m": 114.828, "is_bridged": false, "is_bridge": false, "edge_betweenness": 0.0, "width_m": 8.093}}, {"type": "Feature", "geometry": {"type": "LineString", "coordinates": [[88.354407, 22.555799], [88.354387, 22.555691], [88.354307, 22.555511], [88.354229, 22.555439]]}, "properties": {"feature_type": "edge", "u": 272, "v": 279, "edge_key": 0, "length_m": 48.271, "is_bridged": false, "is_bridge": false, "edge_betweenness": 0.0, "width_m": 8.767}}, {"type": "Feature", "geometry": {"type": "LineString", "coordinates": [[88.356312, 22.555692], [88.356235, 22.555693], [88.356039, 22.555622], [88.355786, 22.55557], [88.354653, 22.555056], [88.354556, 22.555057], [88.354536, 22.555039], [88.354206, 22.555042], [88.354186, 22.55506], [88.354108, 22.555061]]}, "properties": {"feature_type": "edge", "u": 273, "v": 290, "edge_key": 0, "length_m": 257.48, "is_bridged": false, "is_bridge": false, "edge_betweenness": 0.0, "width_m": 8.649}}, {"type": "Feature", "geometry": {"type": "LineString", "coordinates": [[88.356312, 22.555692], [88.356311, 22.555512]]}, "properties": {"feature_type": "edge", "u": 273, "v": 275, "edge_key": 0, "length_m": 20.0, "is_bridged": false, "is_bridge": false, "edge_betweenness": 0.0, "width_m": 8.368}}, {"type": "Feature", "geometry": {"type": "LineString", "coordinates": [[88.358062, 22.555587], [88.35812, 22.555587], [88.358236, 22.555495], [88.358351, 22.555386], [88.358409, 22.555277], [88.358486, 22.555204], [88.358718, 22.555112]]}, "properties": {"feature_type": "edge", "u": 274, "v": 289, "edge_key": 0, "length_m": 93.054, "is_bridged": false, "is_bridge": false, "edge_betweenness": 0.0, "width_m": 9.243}}, {"type": "Feature", "geometry": {"type": "LineString", "coordinates": [[88.358062, 22.555587], [88.358041, 22.555497], [88.357902, 22.555209], [88.357902, 22.555155], [88.357978, 22.55501], [88.357978, 22.554938], [88.357919, 22.554902]]}, "properties": {"feature_type": "edge", "u": 274, "v": 297, "edge_key": 0, "length_m": 89.242, "is_bridged": false, "is_bridge": false, "edge_betweenness": 0.0, "width_m": 8.634}}, {"type": "Feature", "geometry": {"type": "LineString", "coordinates": [[88.356311, 22.555512], [88.357068, 22.555397]]}, "properties": {"feature_type": "edge", "u": 275, "v": 280, "edge_key": 0, "length_m": 82.971, "is_bridged": false, "is_bridge": false, "edge_betweenness": 0.0, "width_m": 8.311}}, {"type": "Feature", "geometry": {"type": "LineString", "coordinates": [[88.356311, 22.555512], [88.356291, 22.555458], [88.356287, 22.555115], [88.356268, 22.555097], [88.356282, 22.554573], [88.356359, 22.554446], [88.356512, 22.554264], [88.356666, 22.554118], [88.356783, 22.554081]]}, "properties": {"feature_type": "edge", "u": 275, "v": 329, "edge_key": 0, "length_m": 186.711, "is_bridged": false, "is_bridge": false, "edge_betweenness": 0.0, "width_m": 8.472}}, {"type": "Feature", "geometry": {"type": "LineString", "coordinates": [[88.364712, 22.555459], [88.364512, 22.554882], [88.364472, 22.554828], [88.364392, 22.554576], [88.364333, 22.554468], [88.364332, 22.554414]]}, "properties": {"feature_type": "edge", "u": 276, "v": 319, "edge_key": 0, "length_m": 131.74, "is_bridged": false, "is_bridge": true, "edge_betweenness": 0.0, "width_m": 8.617}}, {"type": "Feature", "geometry": {"type": "LineString", "coordinates": [[88.360414, 22.555441], [88.36053, 22.555404], [88.360841, 22.555365], [88.361538, 22.555088]]}, "properties": {"feature_type": "edge", "u": 277, "v": 286, "edge_key": 0, "length_m": 131.028, "is_bridged": false, "is_bridge": false, "edge_betweenness": 0.0, "width_m": 8.562}}, {"type": "Feature", "geometry": {"type": "LineString", "coordinates": [[88.360414, 22.555441], [88.360413, 22.555333], [88.360212, 22.55472]]}, "properties": {"feature_type": "edge", "u": 277, "v": 306, "edge_key": 0, "length_m": 87.928, "is_bridged": false, "is_bridge": false, "edge_betweenness": 0.0, "width_m": 8.46}}, {"type": "Feature", "geometry": {"type": "LineString", "coordinates": [[88.350086, 22.555456], [88.350048, 22.555474], [88.350028, 22.555456]]}, "properties": {"feature_type": "edge", "u": 278, "v": 692, "edge_key": 0, "length_m": 7.301, "is_bridged": false, "is_bridge": false, "edge_betweenness": 0.0, "width_m": 5.6}}, {"type": "Feature", "geometry": {"type": "LineString", "coordinates": [[88.350028, 22.555456], [88.350047, 22.555438], [88.350086, 22.555456]]}, "properties": {"feature_type": "edge", "u": 278, "v": 692, "edge_key": 1, "length_m": 7.301, "is_bridged": false, "is_bridge": false, "edge_betweenness": 0.0, "width_m": 5.6}}, {"type": "Feature", "geometry": {"type": "LineString", "coordinates": [[88.350086, 22.555456], [88.350105, 22.555365]]}, "properties": {"feature_type": "edge", "u": 278, "v": 281, "edge_key": 0, "length_m": 10.472, "is_bridged": false, "is_bridge": false, "edge_betweenness": 0.0, "width_m": 15.679}}, {"type": "Feature", "geometry": {"type": "LineString", "coordinates": [[88.354229, 22.555439], [88.354228, 22.555349], [88.354109, 22.555133], [88.354108, 22.555061]]}, "properties": {"feature_type": "edge", "u": 279, "v": 290, "edge_key": 0, "length_m": 46.971, "is_bridged": false, "is_bridge": false, "edge_betweenness": 0.0, "width_m": 8.732}}, {"type": "Feature", "geometry": {"type": "LineString", "coordinates": [[88.357068, 22.555397], [88.356864, 22.554423]]}, "properties": {"feature_type": "edge", "u": 280, "v": 321, "edge_key": 0, "length_m": 115.928, "is_bridged": false, "is_bridge": false, "edge_betweenness": 0.0, "width_m": 8.312}}, {"type": "Feature", "geometry": {"type": "LineString", "coordinates": [[88.357068, 22.555397], [88.357204, 22.555342], [88.357262, 22.555341], [88.357689, 22.555211]]}, "properties": {"feature_type": "edge", "u": 280, "v": 284, "edge_key": 0, "length_m": 71.928, "is_bridged": false, "is_bridge": true, "edge_betweenness": 0.0, "width_m": 8.487}}, {"type": "Feature", "geometry": {"type": "LineString", "coordinates": [[88.350105, 22.555365], [88.350066, 22.555348], [88.350046, 22.555275]]}, "properties": {"feature_type": "edge", "u": 281, "v": 282, "edge_key": 0, "length_m": 13.301, "is_bridged": false, "is_bridge": false, "edge_betweenness": 0.0, "width_m": 23.699}}, {"type": "Feature", "geometry": {"type": "LineString", "coordinates": [[88.350105, 22.555365], [88.350201, 22.555274], [88.3502, 22.55513]]}, "properties": {"feature_type": "edge", "u": 281, "v": 288, "edge_key": 0, "length_m": 30.142, "is_bridged": false, "is_bridge": false, "edge_betweenness": 0.0, "width_m": 14.079}}, {"type": "Feature", "geometry": {"type": "LineString", "coordinates": [[88.350046, 22.555275], [88.349482, 22.55528], [88.348975, 22.555158], [88.347944, 22.555167], [88.347925, 22.555185], [88.347556, 22.555188], [88.347536, 22.555206], [88.347167, 22.555209], [88.347147, 22.555227], [88.346778, 22.555231], [88.346759, 22.555249], [88.345262, 22.555316]]}, "properties": {"feature_type": "edge", "u": 282, "v": 283, "edge_key": 0, "length_m": 503.598, "is_bridged": false, "is_bridge": true, "edge_betweenness": 0.0, "width_m": 8.227}}, {"type": "Feature", "geometry": {"type": "LineString", "coordinates": [[88.350046, 22.555275], [88.350045, 22.555167]]}, "properties": {"feature_type": "edge", "u": 282, "v": 287, "edge_key": 0, "length_m": 12.0, "is_bridged": false, "is_bridge": false, "edge_betweenness": 0.0, "width_m": 23.834}}, {"type": "Feature", "geometry": {"type": "LineString", "coordinates": [[88.364728, 22.555151], [88.364469, 22.554449], [88.364429, 22.554413]]}, "properties": {"feature_type": "edge", "u": 285, "v": 320, "edge_key": 0, "length_m": 94.426, "is_bridged": false, "is_bridge": true, "edge_betweenness": 0.0, "width_m": 8.472}}, {"type": "Feature", "geometry": {"type": "LineString", "coordinates": [[88.361538, 22.555088], [88.361499, 22.55507], [88.361459, 22.554962], [88.361321, 22.554765], [88.361262, 22.554657], [88.361261, 22.554585]]}, "properties": {"feature_type": "edge", "u": 286, "v": 311, "edge_key": 0, "length_m": 68.413, "is_bridged": false, "is_bridge": false, "edge_betweenness": 0.0, "width_m": 8.874}}, {"type": "Feature", "geometry": {"type": "LineString", "coordinates": [[88.361538, 22.555088], [88.362043, 22.554976], [88.36212, 22.554939]]}, "properties": {"feature_type": "edge", "u": 286, "v": 293, "edge_key": 0, "length_m": 66.627, "is_bridged": false, "is_bridge": false, "edge_betweenness": 0.0, "width_m": 8.635}}, {"type": "Feature", "geometry": {"type": "LineString", "coordinates": [[88.350045, 22.555167], [88.350161, 22.555166], [88.3502, 22.55513]]}, "properties": {"feature_type": "edge", "u": 287, "v": 288, "edge_key": 0, "length_m": 17.657, "is_bridged": false, "is_bridge": false, "edge_betweenness": 0.0, "width_m": 12.166}}, {"type": "Feature", "geometry": {"type": "LineString", "coordinates": [[88.350045, 22.555167], [88.350024, 22.555059]]}, "properties": {"feature_type": "edge", "u": 287, "v": 291, "edge_key": 0, "length_m": 12.472, "is_bridged": false, "is_bridge": false, "edge_betweenness": 0.0, "width_m": 22.652}}, {"type": "Feature", "geometry": {"type": "LineString", "coordinates": [[88.3502, 22.55513], [88.350316, 22.555074], [88.350625, 22.554855], [88.351357, 22.554144], [88.351395, 22.554054]]}, "properties": {"feature_type": "edge", "u": 288, "v": 331, "edge_key": 0, "length_m": 176.851, "is_bridged": false, "is_bridge": false, "edge_betweenness": 0.0, "width_m": 9.268}}, {"type": "Feature", "geometry": {"type": "LineString", "coordinates": [[88.3502, 22.55513], [88.35016, 22.555058]]}, "properties": {"feature_type": "edge", "u": 288, "v": 292, "edge_key": 0, "length_m": 9.153, "is_bridged": false, "is_bridge": false, "edge_betweenness": 0.0, "width_m": 9.963}}, {"type": "Feature", "geometry": {"type": "LineString", "coordinates": [[88.358718, 22.555112], [88.358717, 22.555004], [88.358658, 22.554878], [88.358657, 22.554787]]}, "properties": {"feature_type": "edge", "u": 289, "v": 302, "edge_key": 0, "length_m": 38.485, "is_bridged": false, "is_bridge": false, "edge_betweenness": 0.0, "width_m": 9.046}}, {"type": "Feature", "geometry": {"type": "LineString", "coordinates": [[88.354108, 22.555061], [88.35405, 22.555007], [88.354029, 22.554917], [88.35393, 22.554719], [88.35389, 22.554575], [88.35385, 22.554521], [88.35371, 22.554125], [88.353651, 22.554017], [88.35365, 22.553944]]}, "properties": {"feature_type": "edge", "u": 290, "v": 333, "edge_key": 0, "length_m": 143.869, "is_bridged": false, "is_bridge": false, "edge_betweenness": 0.0, "width_m": 8.7}}, {"type": "Feature", "geometry": {"type": "LineString", "coordinates": [[88.350024, 22.555059], [88.35016, 22.555058]]}, "properties": {"feature_type": "edge", "u": 291, "v": 292, "edge_key": 0, "length_m": 14.0, "is_bridged": false, "is_bridge": false, "edge_betweenness": 0.0, "width_m": 10.098}}, {"type": "Feature", "geometry": {"type": "LineString", "coordinates": [[88.350024, 22.555059], [88.350004, 22.554969]]}, "properties": {"feature_type": "edge", "u": 291, "v": 295, "edge_key": 0, "length_m": 10.472, "is_bridged": false, "is_bridge": false, "edge_betweenness": 0.0, "width_m": 22.029}}, {"type": "Feature", "geometry": {"type": "LineString", "coordinates": [[88.35016, 22.555058], [88.35016, 22.554985], [88.35014, 22.554968]]}, "properties": {"feature_type": "edge", "u": 292, "v": 296, "edge_key": 0, "length_m": 10.828, "is_bridged": false, "is_bridge": false, "edge_betweenness": 0.0, "width_m": 8.567}}, {"type": "Feature", "geometry": {"type": "LineString", "coordinates": [[88.36212, 22.554939], [88.362217, 22.554938], [88.362392, 22.554882], [88.362547, 22.554863], [88.362625, 22.554826]]}, "properties": {"feature_type": "edge", "u": 293, "v": 299, "edge_key": 0, "length_m": 56.971, "is_bridged": false, "is_bridge": false, "edge_betweenness": 0.0, "width_m": 8.822}}, {"type": "Feature", "geometry": {"type": "LineString", "coordinates": [[88.36212, 22.554939], [88.36196, 22.554525], [88.36196, 22.554452]]}, "properties": {"feature_type": "edge", "u": 293, "v": 318, "edge_key": 0, "length_m": 60.627, "is_bridged": false, "is_bridge": false, "edge_betweenness": 0.0, "width_m": 8.551}}, {"type": "Feature", "geometry": {"type": "LineString", "coordinates": [[88.357414, 22.55496], [88.357433, 22.554978], [88.357453, 22.55496], [88.357919, 22.554902]]}, "properties": {"feature_type": "edge", "u": 294, "v": 297, "edge_key": 0, "length_m": 56.142, "is_bridged": false, "is_bridge": true, "edge_betweenness": 0.0, "width_m": 8.182}}, {"type": "Feature", "geometry": {"type": "LineString", "coordinates": [[88.350004, 22.554969], [88.35014, 22.554968]]}, "properties": {"feature_type": "edge", "u": 295, "v": 296, "edge_key": 0, "length_m": 14.0, "is_bridged": false, "is_bridge": false, "edge_betweenness": 0.0, "width_m": 10.098}}, {"type": "Feature", "geometry": {"type": "LineString", "coordinates": [[88.350004, 22.554969], [88.349984, 22.554897]]}, "properties": {"feature_type": "edge", "u": 295, "v": 300, "edge_key": 0, "length_m": 8.472, "is_bridged": false, "is_bridge": false, "edge_betweenness": 0.0, "width_m": 21.979}}, {"type": "Feature", "geometry": {"type": "LineString", "coordinates": [[88.35014, 22.554968], [88.35012, 22.554895]]}, "properties": {"feature_type": "edge", "u": 296, "v": 301, "edge_key": 0, "length_m": 8.828, "is_bridged": false, "is_bridge": false, "edge_betweenness": 0.0, "width_m": 8.708}}, {"type": "Feature", "geometry": {"type": "LineString", "coordinates": [[88.357919, 22.554902], [88.357918, 22.554812], [88.357859, 22.554704], [88.357838, 22.554614], [88.357799, 22.554578], [88.357624, 22.554597], [88.357545, 22.554417], [88.357486, 22.554346], [88.356864, 22.554423]]}, "properties": {"feature_type": "edge", "u": 297, "v": 321, "edge_key": 0, "length_m": 160.912, "is_bridged": false, "is_bridge": false, "edge_betweenness": 0.0, "width_m": 8.541}}, {"type": "Feature", "geometry": {"type": "LineString", "coordinates": [[88.362625, 22.554826], [88.362722, 22.554825], [88.363322, 22.554585], [88.363594, 22.554529]]}, "properties": {"feature_type": "edge", "u": 299, "v": 314, "edge_key": 0, "length_m": 112.899, "is_bridged": false, "is_bridge": false, "edge_betweenness": 0.0, "width_m": 8.549}}, {"type": "Feature", "geometry": {"type": "LineString", "coordinates": [[88.362625, 22.554826], [88.362624, 22.554718], [88.362584, 22.554628], [88.362543, 22.554393], [88.362503, 22.554357], [88.362406, 22.554358], [88.362387, 22.554376], [88.362193, 22.554396], [88.36196, 22.554452]]}, "properties": {"feature_type": "edge", "u": 299, "v": 318, "edge_key": 0, "length_m": 116.756, "is_bridged": false, "is_bridge": false, "edge_betweenness": 0.0, "width_m": 8.41}}, {"type": "Feature", "geometry": {"type": "LineString", "coordinates": [[88.349984, 22.554897], [88.35012, 22.554895]]}, "properties": {"feature_type": "edge", "u": 300, "v": 301, "edge_key": 0, "length_m": 14.0, "is_bridged": false, "is_bridge": false, "edge_betweenness": 0.0, "width_m": 12.194}}, {"type": "Feature", "geometry": {"type": "LineString", "coordinates": [[88.349984, 22.554897], [88.349963, 22.554806]]}, "properties": {"feature_type": "edge", "u": 300, "v": 305, "edge_key": 0, "length_m": 10.472, "is_bridged": false, "is_bridge": false, "edge_betweenness": 0.0, "width_m": 22.315}}, {"type": "Feature", "geometry": {"type": "LineString", "coordinates": [[88.35012, 22.554895], [88.350119, 22.554823], [88.3501, 22.554805]]}, "properties": {"feature_type": "edge", "u": 301, "v": 307, "edge_key": 0, "length_m": 10.828, "is_bridged": false, "is_bridge": false, "edge_betweenness": 0.0, "width_m": 8.567}}, {"type": "Feature", "geometry": {"type": "LineString", "coordinates": [[88.358657, 22.554787], [88.358618, 22.55477], [88.358558, 22.55459], [88.358303, 22.554393], [88.358143, 22.553907], [88.358159, 22.553617]]}, "properties": {"feature_type": "edge", "u": 302, "v": 341, "edge_key": 0, "length_m": 155.526, "is_bridged": false, "is_bridge": false, "edge_betweenness": 0.0, "width_m": 8.472}}, {"type": "Feature", "geometry": {"type": "LineString", "coordinates": [[88.358657, 22.554787], [88.359006, 22.554694]]}, "properties": {"feature_type": "edge", "u": 302, "v": 308, "edge_key": 0, "length_m": 39.786, "is_bridged": false, "is_bridge": false, "edge_betweenness": 0.0, "width_m": 8.499}}, {"type": "Feature", "geometry": {"type": "LineString", "coordinates": [[88.359921, 22.554759], [88.360212, 22.55472]]}, "properties": {"feature_type": "edge", "u": 304, "v": 306, "edge_key": 0, "length_m": 31.657, "is_bridged": false, "is_bridge": false, "edge_betweenness": 0.0, "width_m": 8.897}}, {"type": "Feature", "geometry": {"type": "LineString", "coordinates": [[88.359921, 22.554759], [88.359901, 22.554741], [88.35988, 22.554542], [88.35986, 22.554524], [88.359839, 22.554344], [88.359819, 22.554326], [88.359778, 22.554055], [88.359738, 22.553947], [88.359737, 22.553857], [88.359697, 22.553749], [88.359696, 22.553641]]}, "properties": {"feature_type": "edge", "u": 304, "v": 338, "edge_key": 0, "length_m": 133.113, "is_bridged": false, "is_bridge": false, "edge_betweenness": 0.0, "width_m": 8.396}}, {"type": "Feature", "geometry": {"type": "LineString", "coordinates": [[88.359921, 22.554759], [88.359901, 22.554777], [88.359552, 22.554834], [88.359454, 22.554763], [88.359396, 22.554763], [88.359337, 22.554691], [88.359006, 22.554694]]}, "properties": {"feature_type": "edge", "u": 304, "v": 308, "edge_key": 0, "length_m": 105.113, "is_bridged": false, "is_bridge": false, "edge_betweenness": 0.0, "width_m": 8.331}}, {"type": "Feature", "geometry": {"type": "LineString", "coordinates": [[88.349963, 22.554806], [88.3501, 22.554805]]}, "properties": {"feature_type": "edge", "u": 305, "v": 307, "edge_key": 0, "length_m": 14.0, "is_bridged": false, "is_bridge": false, "edge_betweenness": 0.0, "width_m": 10.098}}, {"type": "Feature", "geometry": {"type": "LineString", "coordinates": [[88.349963, 22.554806], [88.349943, 22.554734]]}, "properties": {"feature_type": "edge", "u": 305, "v": 309, "edge_key": 0, "length_m": 8.472, "is_bridged": false, "is_bridge": false, "edge_betweenness": 0.0, "width_m": 21.979}}, {"type": "Feature", "geometry": {"type": "LineString", "coordinates": [[88.360212, 22.55472], [88.360309, 22.554683], [88.360639, 22.554626], [88.361066, 22.554496], [88.361163, 22.554495]]}, "properties": {"feature_type": "edge", "u": 306, "v": 316, "edge_key": 0, "length_m": 107.941, "is_bridged": false, "is_bridge": false, "edge_betweenness": 0.0, "width_m": 8.434}}, {"type": "Feature", "geometry": {"type": "LineString", "coordinates": [[88.3501, 22.554805], [88.350079, 22.554733]]}, "properties": {"feature_type": "edge", "u": 307, "v": 310, "edge_key": 0, "length_m": 8.828, "is_bridged": false, "is_bridge": false, "edge_betweenness": 0.0, "width_m": 8.708}}, {"type": "Feature", "geometry": {"type": "LineString", "coordinates": [[88.359006, 22.554694], [88.358984, 22.554387], [88.358964, 22.554369], [88.358942, 22.554117], [88.358922, 22.554099], [88.358921, 22.55399], [88.358881, 22.553846], [88.358879, 22.553666], [88.358898, 22.553629]]}, "properties": {"feature_type": "edge", "u": 308, "v": 340, "edge_key": 0, "length_m": 123.443, "is_bridged": false, "is_bridge": false, "edge_betweenness": 0.0, "width_m": 8.179}}, {"type": "Feature", "geometry": {"type": "LineString", "coordinates": [[88.349943, 22.554734], [88.350079, 22.554733]]}, "properties": {"feature_type": "edge", "u": 309, "v": 310, "edge_key": 0, "length_m": 14.0, "is_bridged": false, "is_bridge": false, "edge_betweenness": 0.0, "width_m": 12.194}}, {"type": "Feature", "geometry": {"type": "LineString", "coordinates": [[88.349943, 22.554734], [88.349923, 22.554644]]}, "properties": {"feature_type": "edge", "u": 309, "v": 312, "edge_key": 0, "length_m": 10.472, "is_bridged": false, "is_bridge": false, "edge_betweenness": 0.0, "width_m": 22.315}}, {"type": "Feature", "geometry": {"type": "LineString", "coordinates": [[88.350079, 22.554733], [88.350079, 22.554661], [88.350059, 22.554643]]}, "properties": {"feature_type": "edge", "u": 310, "v": 313, "edge_key": 0, "length_m": 10.828, "is_bridged": false, "is_bridge": false, "edge_betweenness": 0.0, "width_m": 8.567}}, {"type": "Feature", "geometry": {"type": "LineString", "coordinates": [[88.361261, 22.554585], [88.361163, 22.554495]]}, "properties": {"feature_type": "edge", "u": 311, "v": 316, "edge_key": 0, "length_m": 15.773, "is_bridged": false, "is_bridge": false, "edge_betweenness": 0.0, "width_m": 8.63}}, {"type": "Feature", "geometry": {"type": "LineString", "coordinates": [[88.361261, 22.554585], [88.36196, 22.554452]]}, "properties": {"feature_type": "edge", "u": 311, "v": 318, "edge_key": 0, "length_m": 77.295, "is_bridged": false, "is_bridge": false, "edge_betweenness": 0.0, "width_m": 8.32}}, {"type": "Feature", "geometry": {"type": "LineString", "coordinates": [[88.349923, 22.554644], [88.350059, 22.554643]]}, "properties": {"feature_type": "edge", "u": 312, "v": 313, "edge_key": 0, "length_m": 14.0, "is_bridged": false, "is_bridge": false, "edge_betweenness": 0.0, "width_m": 10.098}}, {"type": "Feature", "geometry": {"type": "LineString", "coordinates": [[88.349923, 22.554644], [88.349903, 22.554572]]}, "properties": {"feature_type": "edge", "u": 312, "v": 315, "edge_key": 0, "length_m": 8.472, "is_bridged": false, "is_bridge": false, "edge_betweenness": 0.0, "width_m": 21.979}}, {"type": "Feature", "geometry": {"type": "LineString", "coordinates": [[88.350059, 22.554643], [88.350039, 22.554571]]}, "properties": {"feature_type": "edge", "u": 313, "v": 317, "edge_key": 0, "length_m": 8.828, "is_bridged": false, "is_bridge": false, "edge_betweenness": 0.0, "width_m": 8.708}}, {"type": "Feature", "geometry": {"type": "LineString", "coordinates": [[88.363594, 22.554529], [88.364332, 22.554414]]}, "properties": {"feature_type": "edge", "u": 314, "v": 319, "edge_key": 0, "length_m": 80.614, "is_bridged": false, "is_bridge": false, "edge_betweenness": 0.0, "width_m": 8.279}}, {"type": "Feature", "geometry": {"type": "LineString", "coordinates": [[88.363594, 22.554529], [88.363593, 22.554457], [88.363513, 22.554168], [88.363454, 22.554096], [88.363395, 22.554097], [88.363239, 22.554044], [88.362715, 22.554085]]}, "properties": {"feature_type": "edge", "u": 314, "v": 327, "edge_key": 0, "length_m": 133.941, "is_bridged": false, "is_bridge": false, "edge_betweenness": 0.0, "width_m": 8.495}}, {"type": "Feature", "geometry": {"type": "LineString", "coordinates": [[88.349903, 22.554572], [88.350039, 22.554571]]}, "properties": {"feature_type": "edge", "u": 315, "v": 317, "edge_key": 0, "length_m": 14.0, "is_bridged": false, "is_bridge": false, "edge_betweenness": 0.0, "width_m": 12.194}}, {"type": "Feature", "geometry": {"type": "LineString", "coordinates": [[88.349903, 22.554572], [88.349863, 22.554428], [88.349901, 22.554373]]}, "properties": {"feature_type": "edge", "u": 315, "v": 324, "edge_key": 0, "length_m": 24.957, "is_bridged": false, "is_bridge": false, "edge_betweenness": 0.0, "width_m": 20.742}}, {"type": "Feature", "geometry": {"type": "LineString", "coordinates": [[88.361163, 22.554495], [88.361122, 22.554315], [88.361083, 22.554261], [88.360823, 22.553595]]}, "properties": {"feature_type": "edge", "u": 316, "v": 344, "edge_key": 0, "length_m": 114.083, "is_bridged": false, "is_bridge": false, "edge_betweenness": 0.0, "width_m": 8.612}}, {"type": "Feature", "geometry": {"type": "LineString", "coordinates": [[88.350039, 22.554571], [88.350038, 22.554499], [88.349979, 22.554427]]}, "properties": {"feature_type": "edge", "u": 317, "v": 322, "edge_key": 0, "length_m": 18.04, "is_bridged": false, "is_bridge": false, "edge_betweenness": 0.0, "width_m": 7.805}}, {"type": "Feature", "geometry": {"type": "LineString", "coordinates": [[88.36196, 22.554452], [88.361921, 22.554417], [88.361919, 22.554308]]}, "properties": {"feature_type": "edge", "u": 318, "v": 323, "edge_key": 0, "length_m": 17.657, "is_bridged": false, "is_bridge": false, "edge_betweenness": 0.0, "width_m": 9.923}}, {"type": "Feature", "geometry": {"type": "LineString", "coordinates": [[88.364332, 22.554414], [88.364293, 22.554396], [88.364292, 22.554324], [88.364072, 22.553694]]}, "properties": {"feature_type": "edge", "u": 319, "v": 334, "edge_key": 0, "length_m": 91.081, "is_bridged": false, "is_bridge": false, "edge_betweenness": 0.0, "width_m": 8.507}}, {"type": "Feature", "geometry": {"type": "LineString", "coordinates": [[88.364332, 22.554414], [88.364429, 22.554413]]}, "properties": {"feature_type": "edge", "u": 319, "v": 320, "edge_key": 0, "length_m": 10.0, "is_bridged": false, "is_bridge": false, "edge_betweenness": 0.0, "width_m": 9.634}}, {"type": "Feature", "geometry": {"type": "LineString", "coordinates": [[88.364429, 22.554413], [88.364409, 22.554305], [88.364189, 22.553711], [88.36415, 22.553693]]}, "properties": {"feature_type": "edge", "u": 320, "v": 335, "edge_key": 0, "length_m": 92.057, "is_bridged": false, "is_bridge": false, "edge_betweenness": 0.0, "width_m": 8.39}}, {"type": "Feature", "geometry": {"type": "LineString", "coordinates": [[88.356864, 22.554423], [88.356783, 22.554081]]}, "properties": {"feature_type": "edge", "u": 321, "v": 329, "edge_key": 0, "length_m": 40.957, "is_bridged": false, "is_bridge": false, "edge_betweenness": 0.0, "width_m": 8.589}}, {"type": "Feature", "geometry": {"type": "LineString", "coordinates": [[88.349979, 22.554427], [88.349961, 22.554357]]}, "properties": {"feature_type": "edge", "u": 322, "v": 693, "edge_key": 0, "length_m": 8.537, "is_bridged": false, "is_bridge": false, "edge_betweenness": 0.0, "width_m": 4.0}}, {"type": "Feature", "geometry": {"type": "LineString", "coordinates": [[88.349961, 22.554357], [88.349979, 22.554427]]}, "properties": {"feature_type": "edge", "u": 322, "v": 693, "edge_key": 1, "length_m": 8.537, "is_bridged": false, "is_bridge": false, "edge_betweenness": 0.0, "width_m": 4.0}}, {"type": "Feature", "geometry": {"type": "LineString", "coordinates": [[88.349979, 22.554427], [88.349901, 22.554373]]}, "properties": {"feature_type": "edge", "u": 322, "v": 324, "edge_key": 0, "length_m": 10.485, "is_bridged": false, "is_bridge": false, "edge_betweenness": 0.0, "width_m": 8.0}}, {"type": "Feature", "geometry": {"type": "LineString", "coordinates": [[88.361919, 22.554308], [88.36188, 22.55429], [88.36186, 22.554164], [88.3618, 22.554056], [88.361625, 22.554058], [88.361606, 22.55404], [88.361446, 22.553644], [88.361446, 22.55359]]}, "properties": {"feature_type": "edge", "u": 323, "v": 345, "edge_key": 0, "length_m": 111.242, "is_bridged": false, "is_bridge": false, "edge_betweenness": 0.0, "width_m": 8.424}}, {"type": "Feature", "geometry": {"type": "LineString", "coordinates": [[88.361919, 22.554308], [88.361958, 22.554308], [88.362093, 22.554198]]}, "properties": {"feature_type": "edge", "u": 323, "v": 325, "edge_key": 0, "length_m": 22.971, "is_bridged": false, "is_bridge": false, "edge_betweenness": 0.0, "width_m": 9.208}}, {"type": "Feature", "geometry": {"type": "LineString", "coordinates": [[88.349901, 22.554373], [88.349881, 22.554356], [88.3499, 22.554247]]}, "properties": {"feature_type": "edge", "u": 324, "v": 326, "edge_key": 0, "length_m": 15.153, "is_bridged": false, "is_bridge": false, "edge_betweenness": 0.0, "width_m": 13.58}}, {"type": "Feature", "geometry": {"type": "LineString", "coordinates": [[88.362093, 22.554198], [88.36256, 22.55414], [88.362715, 22.554085]]}, "properties": {"feature_type": "edge", "u": 325, "v": 327, "edge_key": 0, "length_m": 68.971, "is_bridged": false, "is_bridge": false, "edge_betweenness": 0.0, "width_m": 8.479}}, {"type": "Feature", "geometry": {"type": "LineString", "coordinates": [[88.362093, 22.554198], [88.362054, 22.554126], [88.362053, 22.554054]]}, "properties": {"feature_type": "edge", "u": 325, "v": 328, "edge_key": 0, "length_m": 17.657, "is_bridged": false, "is_bridge": false, "edge_betweenness": 0.0, "width_m": 9.301}}, {"type": "Feature", "geometry": {"type": "LineString", "coordinates": [[88.3499, 22.554247], [88.349949, 22.554292]]}, "properties": {"feature_type": "edge", "u": 326, "v": 694, "edge_key": 0, "length_m": 8.625, "is_bridged": false, "is_bridge": false, "edge_betweenness": 0.0, "width_m": 6.472}}, {"type": "Feature", "geometry": {"type": "LineString", "coordinates": [[88.349949, 22.554292], [88.3499, 22.554247]]}, "properties": {"feature_type": "edge", "u": 326, "v": 694, "edge_key": 1, "length_m": 8.625, "is_bridged": false, "is_bridge": false, "edge_betweenness": 0.0, "width_m": 6.472}}, {"type": "Feature", "geometry": {"type": "LineString", "coordinates": [[88.3499, 22.554247], [88.349938, 22.554211], [88.349926, 22.554199]]}, "properties": {"feature_type": "edge", "u": 326, "v": 695, "edge_key": 0, "length_m": 7.405, "is_bridged": false, "is_bridge": false, "edge_betweenness": 0.0, "width_m": 6.472}}, {"type": "Feature", "geometry": {"type": "LineString", "coordinates": [[88.349926, 22.554199], [88.3499, 22.554247]]}, "properties": {"feature_type": "edge", "u": 326, "v": 695, "edge_key": 1, "length_m": 7.405, "is_bridged": false, "is_bridge": false, "edge_betweenness": 0.0, "width_m": 6.472}}, {"type": "Feature", "geometry": {"type": "LineString", "coordinates": [[88.3499, 22.554247], [88.349821, 22.554175], [88.34982, 22.554103], [88.34974, 22.553869], [88.349739, 22.553724]]}, "properties": {"feature_type": "edge", "u": 326, "v": 337, "edge_key": 0, "length_m": 65.443, "is_bridged": false, "is_bridge": false, "edge_betweenness": 0.0, "width_m": 25.716}}, {"type": "Feature", "geometry": {"type": "LineString", "coordinates": [[88.362715, 22.554085], [88.362675, 22.553995], [88.362498, 22.553797], [88.362343, 22.553817], [88.362284, 22.553763], [88.362242, 22.553529], [88.362223, 22.553511], [88.362222, 22.55342], [88.362103, 22.553169]]}, "properties": {"feature_type": "edge", "u": 327, "v": 371, "edge_key": 0, "length_m": 139.526, "is_bridged": false, "is_bridge": false, "edge_betweenness": 0.0, "width_m": 8.59}}, {"type": "Feature", "geometry": {"type": "LineString", "coordinates": [[88.362053, 22.554054], [88.362131, 22.554054], [88.362266, 22.553998]]}, "properties": {"feature_type": "edge", "u": 328, "v": 330, "edge_key": 0, "length_m": 24.485, "is_bridged": false, "is_bridge": true, "edge_betweenness": 0.0, "width_m": 8.388}}, {"type": "Feature", "geometry": {"type": "LineString", "coordinates": [[88.362053, 22.554054], [88.361955, 22.554001], [88.361896, 22.553929], [88.361816, 22.553713], [88.361815, 22.553587], [88.361716, 22.553425]]}, "properties": {"feature_type": "edge", "u": 328, "v": 358, "edge_key": 0, "length_m": 86.426, "is_bridged": false, "is_bridge": false, "edge_betweenness": 0.0, "width_m": 9.103}}, {"type": "Feature", "geometry": {"type": "LineString", "coordinates": [[88.356783, 22.554081], [88.356782, 22.553972]]}, "properties": {"feature_type": "edge", "u": 329, "v": 332, "edge_key": 0, "length_m": 12.0, "is_bridged": false, "is_bridge": false, "edge_betweenness": 0.0, "width_m": 11.33}}, {"type": "Feature", "geometry": {"type": "LineString", "coordinates": [[88.351395, 22.554054], [88.351434, 22.554053], [88.352667, 22.552851], [88.352783, 22.552723], [88.352801, 22.552633]]}, "properties": {"feature_type": "edge", "u": 331, "v": 395, "edge_key": 0, "length_m": 218.818, "is_bridged": false, "is_bridge": false, "edge_betweenness": 0.0, "width_m": 9.328}}, {"type": "Feature", "geometry": {"type": "LineString", "coordinates": [[88.351395, 22.554054], [88.351356, 22.554018], [88.351315, 22.55382], [88.351276, 22.553748], [88.351235, 22.553549], [88.351115, 22.553207], [88.350853, 22.552252], [88.350813, 22.55218], [88.350772, 22.551982], [88.350652, 22.551639], [88.350511, 22.551081], [88.350391, 22.550738], [88.35035, 22.550522]]}, "properties": {"feature_type": "edge", "u": 331, "v": 458, "edge_key": 0, "length_m": 435.078, "is_bridged": false, "is_bridge": false, "edge_betweenness": 0.0, "width_m": 8.34}}, {"type": "Feature", "geometry": {"type": "LineString", "coordinates": [[88.356782, 22.553972], [88.356723, 22.553937], [88.356683, 22.553811], [88.356564, 22.553595], [88.356544, 22.553505]]}, "properties": {"feature_type": "edge", "u": 332, "v": 354, "edge_key": 0, "length_m": 62.756, "is_bridged": false, "is_bridge": false, "edge_betweenness": 0.0, "width_m": 8.76}}, {"type": "Feature", "geometry": {"type": "LineString", "coordinates": [[88.356782, 22.553972], [88.35684, 22.553936], [88.356839, 22.5539], [88.356973, 22.553664], [88.356973, 22.553591]]}, "properties": {"feature_type": "edge", "u": 332, "v": 349, "edge_key": 0, "length_m": 51.1, "is_bridged": false, "is_bridge": false, "edge_betweenness": 0.0, "width_m": 8.742}}, {"type": "Feature", "geometry": {"type": "LineString", "coordinates": [[88.35365, 22.553944], [88.353806, 22.553943], [88.353825, 22.553925], [88.353961, 22.553924], [88.353981, 22.553906], [88.35435, 22.553866], [88.355048, 22.553698], [88.355126, 22.553697], [88.355223, 22.55366], [88.355631, 22.553603], [88.355864, 22.553546], [88.355961, 22.553546], [88.35598, 22.553527], [88.356077, 22.553527], [88.356097, 22.553508], [88.356485, 22.553487]]}, "properties": {"feature_type": "edge", "u": 333, "v": 356, "edge_key": 0, "length_m": 311.882, "is_bridged": false, "is_bridge": false, "edge_betweenness": 0.0, "width_m": 8.247}}, {"type": "Feature", "geometry": {"type": "LineString", "coordinates": [[88.35365, 22.553944], [88.353571, 22.553837], [88.353571, 22.553801], [88.353393, 22.553459], [88.353372, 22.553369]]}, "properties": {"feature_type": "edge", "u": 333, "v": 368, "edge_key": 0, "length_m": 75.598, "is_bridged": false, "is_bridge": false, "edge_betweenness": 0.0, "width_m": 8.94}}, {"type": "Feature", "geometry": {"type": "LineString", "coordinates": [[88.364072, 22.553694], [88.364111, 22.553712], [88.36415, 22.553693]]}, "properties": {"feature_type": "edge", "u": 334, "v": 335, "edge_key": 0, "length_m": 8.944, "is_bridged": false, "is_bridge": false, "edge_betweenness": 0.0, "width_m": 5.886}}, {"type": "Feature", "geometry": {"type": "LineString", "coordinates": [[88.364072, 22.553694], [88.364032, 22.553604]]}, "properties": {"feature_type": "edge", "u": 334, "v": 339, "edge_key": 0, "length_m": 11.211, "is_bridged": false, "is_bridge": false, "edge_betweenness": 0.0, "width_m": 8.315}}, {"type": "Feature", "geometry": {"type": "LineString", "coordinates": [[88.364072, 22.553694], [88.36413, 22.553639]]}, "properties": {"feature_type": "edge", "u": 334, "v": 336, "edge_key": 0, "length_m": 8.944, "is_bridged": false, "is_bridge": false, "edge_betweenness": 0.0, "width_m": 5.886}}, {"type": "Feature", "geometry": {"type": "LineString", "coordinates": [[88.36415, 22.553693], [88.36413, 22.553639]]}, "properties": {"feature_type": "edge", "u": 335, "v": 336, "edge_key": 0, "length_m": 6.828, "is_bridged": false, "is_bridge": false, "edge_betweenness": 0.0, "width_m": 6.438}}, {"type": "Feature", "geometry": {"type": "LineString", "coordinates": [[88.36413, 22.553639], [88.36411, 22.553585]]}, "properties": {"feature_type": "edge", "u": 336, "v": 346, "edge_key": 0, "length_m": 6.828, "is_bridged": false, "is_bridge": false, "edge_betweenness": 0.0, "width_m": 6.438}}, {"type": "Feature", "geometry": {"type": "LineString", "coordinates": [[88.349739, 22.553724], [88.3497, 22.553707], [88.3497, 22.553671]]}, "properties": {"feature_type": "edge", "u": 337, "v": 347, "edge_key": 0, "length_m": 8.472, "is_bridged": false, "is_bridge": false, "edge_betweenness": 0.0, "width_m": 18.573}}, {"type": "Feature", "geometry": {"type": "LineString", "coordinates": [[88.349739, 22.553724], [88.349797, 22.553742], [88.349817, 22.553724]]}, "properties": {"feature_type": "edge", "u": 337, "v": 696, "edge_key": 0, "length_m": 9.153, "is_bridged": false, "is_bridge": false, "edge_betweenness": 0.0, "width_m": 7.2}}, {"type": "Feature", "geometry": {"type": "LineString", "coordinates": [[88.349817, 22.553724], [88.349797, 22.553706], [88.349739, 22.553724]]}, "properties": {"feature_type": "edge", "u": 337, "v": 696, "edge_key": 1, "length_m": 9.153, "is_bridged": false, "is_bridge": false, "edge_betweenness": 0.0, "width_m": 7.2}}, {"type": "Feature", "geometry": {"type": "LineString", "coordinates": [[88.359696, 22.553641], [88.358898, 22.553629]]}, "properties": {"feature_type": "edge", "u": 338, "v": 340, "edge_key": 0, "length_m": 82.828, "is_bridged": false, "is_bridge": false, "edge_betweenness": 0.0, "width_m": 8.171}}, {"type": "Feature", "geometry": {"type": "LineString", "coordinates": [[88.359696, 22.553641], [88.359735, 22.553622], [88.35991, 22.553621]]}, "properties": {"feature_type": "edge", "u": 338, "v": 342, "edge_key": 0, "length_m": 22.472, "is_bridged": false, "is_bridge": false, "edge_betweenness": 0.0, "width_m": 8.589}}, {"type": "Feature", "geometry": {"type": "LineString", "coordinates": [[88.364032, 22.553604], [88.364012, 22.55355]]}, "properties": {"feature_type": "edge", "u": 339, "v": 348, "edge_key": 0, "length_m": 6.828, "is_bridged": false, "is_bridge": false, "edge_betweenness": 0.0, "width_m": 8.63}}, {"type": "Feature", "geometry": {"type": "LineString", "coordinates": [[88.364032, 22.553604], [88.36411, 22.553585]]}, "properties": {"feature_type": "edge", "u": 339, "v": 346, "edge_key": 0, "length_m": 8.472, "is_bridged": false, "is_bridge": false, "edge_betweenness": 0.0, "width_m": 6.2}}, {"type": "Feature", "geometry": {"type": "LineString", "coordinates": [[88.358898, 22.553629], [88.358782, 22.55363], [88.358762, 22.553612], [88.358159, 22.553617]]}, "properties": {"feature_type": "edge", "u": 340, "v": 341, "edge_key": 0, "length_m": 76.828, "is_bridged": false, "is_bridge": false, "edge_betweenness": 0.0, "width_m": 8.131}}, {"type": "Feature", "geometry": {"type": "LineString", "coordinates": [[88.358898, 22.553629], [88.358897, 22.553521], [88.358798, 22.553269], [88.358737, 22.553016]]}, "properties": {"feature_type": "edge", "u": 340, "v": 379, "edge_key": 0, "length_m": 74.627, "is_bridged": false, "is_bridge": false, "edge_betweenness": 0.0, "width_m": 8.472}}, {"type": "Feature", "geometry": {"type": "LineString", "coordinates": [[88.358159, 22.553617], [88.358101, 22.5536], [88.357653, 22.553604], [88.357634, 22.553586], [88.356973, 22.553591]]}, "properties": {"feature_type": "edge", "u": 341, "v": 349, "edge_key": 0, "length_m": 123.153, "is_bridged": false, "is_bridge": false, "edge_betweenness": 0.0, "width_m": 8.16}}, {"type": "Feature", "geometry": {"type": "LineString", "coordinates": [[88.358159, 22.553617], [88.358118, 22.553365], [88.358037, 22.553077], [88.357998, 22.553005], [88.357897, 22.552644], [88.357896, 22.552572]]}, "properties": {"feature_type": "edge", "u": 341, "v": 396, "edge_key": 0, "length_m": 126.266, "is_bridged": false, "is_bridge": false, "edge_betweenness": 0.0, "width_m": 8.346}}, {"type": "Feature", "geometry": {"type": "LineString", "coordinates": [[88.35991, 22.553621], [88.360473, 22.553616]]}, "properties": {"feature_type": "edge", "u": 342, "v": 343, "edge_key": 0, "length_m": 58.0, "is_bridged": false, "is_bridge": false, "edge_betweenness": 0.0, "width_m": 8.0}}, {"type": "Feature", "geometry": {"type": "LineString", "coordinates": [[88.35991, 22.553621], [88.359908, 22.553476], [88.359848, 22.553278], [88.359847, 22.55317]]}, "properties": {"feature_type": "edge", "u": 342, "v": 372, "edge_key": 0, "length_m": 52.485, "is_bridged": false, "is_bridge": false, "edge_betweenness": 0.0, "width_m": 8.512}}, {"type": "Feature", "geometry": {"type": "LineString", "coordinates": [[88.360473, 22.553616], [88.360823, 22.553595]]}, "properties": {"feature_type": "edge", "u": 343, "v": 344, "edge_key": 0, "length_m": 36.828, "is_bridged": false, "is_bridge": false, "edge_betweenness": 0.0, "width_m": 8.266}}, {"type": "Feature", "geometry": {"type": "LineString", "coordinates": [[88.360473, 22.553616], [88.360473, 22.553526], [88.360433, 22.553454], [88.360432, 22.5534], [88.360588, 22.553362]]}, "properties": {"feature_type": "edge", "u": 343, "v": 364, "edge_key": 0, "length_m": 43.314, "is_bridged": false, "is_bridge": true, "edge_betweenness": 0.0, "width_m": 8.532}}, {"type": "Feature", "geometry": {"type": "LineString", "coordinates": [[88.360823, 22.553595], [88.360959, 22.553594], [88.360979, 22.553612], [88.361349, 22.553609], [88.361368, 22.55359], [88.361446, 22.55359]]}, "properties": {"feature_type": "edge", "u": 344, "v": 345, "edge_key": 0, "length_m": 65.657, "is_bridged": false, "is_bridge": false, "edge_betweenness": 0.0, "width_m": 8.32}}, {"type": "Feature", "geometry": {"type": "LineString", "coordinates": [[88.360823, 22.553595], [88.360764, 22.553541], [88.360764, 22.553487], [88.360705, 22.553397], [88.360645, 22.553217], [88.360606, 22.553199]]}, "properties": {"feature_type": "edge", "u": 344, "v": 370, "edge_key": 0, "length_m": 53.928, "is_bridged": false, "is_bridge": false, "edge_betweenness": 0.0, "width_m": 8.92}}, {"type": "Feature", "geometry": {"type": "LineString", "coordinates": [[88.361446, 22.55359], [88.361465, 22.553553], [88.361716, 22.553425]]}, "properties": {"feature_type": "edge", "u": 345, "v": 358, "edge_key": 0, "length_m": 36.271, "is_bridged": false, "is_bridge": false, "edge_betweenness": 0.0, "width_m": 8.959}}, {"type": "Feature", "geometry": {"type": "LineString", "coordinates": [[88.36411, 22.553585], [88.36409, 22.553531]]}, "properties": {"feature_type": "edge", "u": 346, "v": 350, "edge_key": 0, "length_m": 6.828, "is_bridged": false, "is_bridge": false, "edge_betweenness": 0.0, "width_m": 6.438}}, {"type": "Feature", "geometry": {"type": "LineString", "coordinates": [[88.3497, 22.553671], [88.349641, 22.553635], [88.349621, 22.553545]]}, "properties": {"feature_type": "edge", "u": 347, "v": 352, "edge_key": 0, "length_m": 17.547, "is_bridged": false, "is_bridge": false, "edge_betweenness": 0.0, "width_m": 15.601}}, {"type": "Feature", "geometry": {"type": "LineString", "coordinates": [[88.3497, 22.553671], [88.349796, 22.553598], [88.349795, 22.553525], [88.349776, 22.553507]]}, "properties": {"feature_type": "edge", "u": 347, "v": 360, "edge_key": 0, "length_m": 23.786, "is_bridged": false, "is_bridge": false, "edge_betweenness": 0.0, "width_m": 12.612}}, {"type": "Feature", "geometry": {"type": "LineString", "coordinates": [[88.364012, 22.55355], [88.363992, 22.553496]]}, "properties": {"feature_type": "edge", "u": 348, "v": 351, "edge_key": 0, "length_m": 6.828, "is_bridged": false, "is_bridge": false, "edge_betweenness": 0.0, "width_m": 8.63}}, {"type": "Feature", "geometry": {"type": "LineString", "coordinates": [[88.364012, 22.55355], [88.36409, 22.553531]]}, "properties": {"feature_type": "edge", "u": 348, "v": 350, "edge_key": 0, "length_m": 8.472, "is_bridged": false, "is_bridge": false, "edge_betweenness": 0.0, "width_m": 6.2}}, {"type": "Feature", "geometry": {"type": "LineString", "coordinates": [[88.356973, 22.553591], [88.35666, 22.553504], [88.356544, 22.553505]]}, "properties": {"feature_type": "edge", "u": 349, "v": 354, "edge_key": 0, "length_m": 48.142, "is_bridged": false, "is_bridge": false, "edge_betweenness": 0.0, "width_m": 8.748}}, {"type": "Feature", "geometry": {"type": "LineString", "coordinates": [[88.36409, 22.553531], [88.36407, 22.553477]]}, "properties": {"feature_type": "edge", "u": 350, "v": 353, "edge_key": 0, "length_m": 6.828, "is_bridged": false, "is_bridge": false, "edge_betweenness": 0.0, "width_m": 6.438}}, {"type": "Feature", "geometry": {"type": "LineString", "coordinates": [[88.363992, 22.553496], [88.363972, 22.553442]]}, "properties": {"feature_type": "edge", "u": 351, "v": 355, "edge_key": 0, "length_m": 6.828, "is_bridged": false, "is_bridge": false, "edge_betweenness": 0.0, "width_m": 8.63}}, {"type": "Feature", "geometry": {"type": "LineString", "coordinates": [[88.363992, 22.553496], [88.36407, 22.553477]]}, "properties": {"feature_type": "edge", "u": 351, "v": 353, "edge_key": 0, "length_m": 8.472, "is_bridged": false, "is_bridge": false, "edge_betweenness": 0.0, "width_m": 6.2}}, {"type": "Feature", "geometry": {"type": "LineString", "coordinates": [[88.349621, 22.553545], [88.349582, 22.553581]]}, "properties": {"feature_type": "edge", "u": 352, "v": 697, "edge_key": 0, "length_m": 5.657, "is_bridged": false, "is_bridge": false, "edge_betweenness": 0.0, "width_m": 7.296}}, {"type": "Feature", "geometry": {"type": "LineString", "coordinates": [[88.349582, 22.553581], [88.349621, 22.553545]]}, "properties": {"feature_type": "edge", "u": 352, "v": 697, "edge_key": 1, "length_m": 5.657, "is_bridged": false, "is_bridge": false, "edge_betweenness": 0.0, "width_m": 7.296}}, {"type": "Feature", "geometry": {"type": "LineString", "coordinates": [[88.349621, 22.553545], [88.349659, 22.553508], [88.349776, 22.553507]]}, "properties": {"feature_type": "edge", "u": 352, "v": 360, "edge_key": 0, "length_m": 17.657, "is_bridged": false, "is_bridge": false, "edge_betweenness": 0.0, "width_m": 9.376}}, {"type": "Feature", "geometry": {"type": "LineString", "coordinates": [[88.349621, 22.553545], [88.349619, 22.553418]]}, "properties": {"feature_type": "edge", "u": 352, "v": 365, "edge_key": 0, "length_m": 14.0, "is_bridged": false, "is_bridge": false, "edge_betweenness": 0.0, "width_m": 19.166}}, {"type": "Feature", "geometry": {"type": "LineString", "coordinates": [[88.36407, 22.553477], [88.36405, 22.553423]]}, "properties": {"feature_type": "edge", "u": 353, "v": 357, "edge_key": 0, "length_m": 6.828, "is_bridged": false, "is_bridge": false, "edge_betweenness": 0.0, "width_m": 6.438}}, {"type": "Feature", "geometry": {"type": "LineString", "coordinates": [[88.356544, 22.553505], [88.356485, 22.553487]]}, "properties": {"feature_type": "edge", "u": 354, "v": 356, "edge_key": 0, "length_m": 6.828, "is_bridged": false, "is_bridge": false, "edge_betweenness": 0.0, "width_m": 10.654}}, {"type": "Feature", "geometry": {"type": "LineString", "coordinates": [[88.363972, 22.553442], [88.363953, 22.553388]]}, "properties": {"feature_type": "edge", "u": 355, "v": 359, "edge_key": 0, "length_m": 6.828, "is_bridged": false, "is_bridge": false, "edge_betweenness": 0.0, "width_m": 8.63}}, {"type": "Feature", "geometry": {"type": "LineString", "coordinates": [[88.363972, 22.553442], [88.36405, 22.553423]]}, "properties": {"feature_type": "edge", "u": 355, "v": 357, "edge_key": 0, "length_m": 8.472, "is_bridged": false, "is_bridge": false, "edge_betweenness": 0.0, "width_m": 6.2}}, {"type": "Feature", "geometry": {"type": "LineString", "coordinates": [[88.356485, 22.553487], [88.356484, 22.553397], [88.356444, 22.553289], [88.356067, 22.552497]]}, "properties": {"feature_type": "edge", "u": 356, "v": 400, "edge_key": 0, "length_m": 127.041, "is_bridged": false, "is_bridge": false, "edge_betweenness": 0.0, "width_m": 8.759}}, {"type": "Feature", "geometry": {"type": "LineString", "coordinates": [[88.36405, 22.553423], [88.36403, 22.553369]]}, "properties": {"feature_type": "edge", "u": 357, "v": 361, "edge_key": 0, "length_m": 6.828, "is_bridged": false, "is_bridge": false, "edge_betweenness": 0.0, "width_m": 6.438}}, {"type": "Feature", "geometry": {"type": "LineString", "coordinates": [[88.361716, 22.553425], [88.361716, 22.553353]]}, "properties": {"feature_type": "edge", "u": 358, "v": 362, "edge_key": 0, "length_m": 8.0, "is_bridged": false, "is_bridge": false, "edge_betweenness": 0.0, "width_m": 11.991}}, {"type": "Feature", "geometry": {"type": "LineString", "coordinates": [[88.363953, 22.553388], [88.363933, 22.553334]]}, "properties": {"feature_type": "edge", "u": 359, "v": 363, "edge_key": 0, "length_m": 6.828, "is_bridged": false, "is_bridge": false, "edge_betweenness": 0.0, "width_m": 8.63}}, {"type": "Feature", "geometry": {"type": "LineString", "coordinates": [[88.363953, 22.553388], [88.36403, 22.553369]]}, "properties": {"feature_type": "edge", "u": 359, "v": 361, "edge_key": 0, "length_m": 8.472, "is_bridged": false, "is_bridge": false, "edge_betweenness": 0.0, "width_m": 6.2}}, {"type": "Feature", "geometry": {"type": "LineString", "coordinates": [[88.349776, 22.553507], [88.349775, 22.553453], [88.349716, 22.553399]]}, "properties": {"feature_type": "edge", "u": 360, "v": 367, "edge_key": 0, "length_m": 14.485, "is_bridged": false, "is_bridge": false, "edge_betweenness": 0.0, "width_m": 6.967}}, {"type": "Feature", "geometry": {"type": "LineString", "coordinates": [[88.36403, 22.553369], [88.36401, 22.553315]]}, "properties": {"feature_type": "edge", "u": 361, "v": 366, "edge_key": 0, "length_m": 6.828, "is_bridged": false, "is_bridge": false, "edge_betweenness": 0.0, "width_m": 6.438}}, {"type": "Feature", "geometry": {"type": "LineString", "coordinates": [[88.361716, 22.553353], [88.361676, 22.553244], [88.36167, 22.552666]]}, "properties": {"feature_type": "edge", "u": 362, "v": 392, "edge_key": 0, "length_m": 77.657, "is_bridged": false, "is_bridge": false, "edge_betweenness": 0.0, "width_m": 8.199}}, {"type": "Feature", "geometry": {"type": "LineString", "coordinates": [[88.361716, 22.553353], [88.361774, 22.553352], [88.362025, 22.553187], [88.362103, 22.553169]]}, "properties": {"feature_type": "edge", "u": 362, "v": 371, "edge_key": 0, "length_m": 47.928, "is_bridged": false, "is_bridge": false, "edge_betweenness": 0.0, "width_m": 9.13}}, {"type": "Feature", "geometry": {"type": "LineString", "coordinates": [[88.363933, 22.553334], [88.363733, 22.552812]]}, "properties": {"feature_type": "edge", "u": 363, "v": 384, "edge_key": 0, "length_m": 66.284, "is_bridged": false, "is_bridge": false, "edge_betweenness": 0.0, "width_m": 8.423}}, {"type": "Feature", "geometry": {"type": "LineString", "coordinates": [[88.363933, 22.553334], [88.36401, 22.553315]]}, "properties": {"feature_type": "edge", "u": 363, "v": 366, "edge_key": 0, "length_m": 8.472, "is_bridged": false, "is_bridge": false, "edge_betweenness": 0.0, "width_m": 6.2}}, {"type": "Feature", "geometry": {"type": "LineString", "coordinates": [[88.349619, 22.553418], [88.34958, 22.553401], [88.34956, 22.553347]]}, "properties": {"feature_type": "edge", "u": 365, "v": 369, "edge_key": 0, "length_m": 10.944, "is_bridged": false, "is_bridge": false, "edge_betweenness": 0.0, "width_m": 12.533}}, {"type": "Feature", "geometry": {"type": "LineString", "coordinates": [[88.349619, 22.553418], [88.349639, 22.5534], [88.349716, 22.553399]]}, "properties": {"feature_type": "edge", "u": 365, "v": 367, "edge_key": 0, "length_m": 10.828, "is_bridged": false, "is_bridge": false, "edge_betweenness": 0.0, "width_m": 11.279}}, {"type": "Feature", "geometry": {"type": "LineString", "coordinates": [[88.36401, 22.553315], [88.364009, 22.553243], [88.36385, 22.552811], [88.363811, 22.552793]]}, "properties": {"feature_type": "edge", "u": 366, "v": 387, "edge_key": 0, "length_m": 67.1, "is_bridged": false, "is_bridge": false, "edge_betweenness": 0.0, "width_m": 8.294}}, {"type": "Feature", "geometry": {"type": "LineString", "coordinates": [[88.349716, 22.553399], [88.349735, 22.553291], [88.349617, 22.553184], [88.349636, 22.553129]]}, "properties": {"feature_type": "edge", "u": 367, "v": 378, "edge_key": 0, "length_m": 35.62, "is_bridged": false, "is_bridge": false, "edge_betweenness": 0.0, "width_m": 6.515}}, {"type": "Feature", "geometry": {"type": "LineString", "coordinates": [[88.353372, 22.553369], [88.354051, 22.553164], [88.354109, 22.553128], [88.354904, 22.552886], [88.354962, 22.55285], [88.356067, 22.552497]]}, "properties": {"feature_type": "edge", "u": 368, "v": 400, "edge_key": 0, "length_m": 316.58, "is_bridged": false, "is_bridge": false, "edge_betweenness": 0.0, "width_m": 8.546}}, {"type": "Feature", "geometry": {"type": "LineString", "coordinates": [[88.353372, 22.553369], [88.353313, 22.553297], [88.353313, 22.553261], [88.352956, 22.552577]]}, "properties": {"feature_type": "edge", "u": 368, "v": 397, "edge_key": 0, "length_m": 105.041, "is_bridged": false, "is_bridge": false, "edge_betweenness": 0.0, "width_m": 8.866}}, {"type": "Feature", "geometry": {"type": "LineString", "coordinates": [[88.34956, 22.553347], [88.349521, 22.553347]]}, "properties": {"feature_type": "edge", "u": 369, "v": 698, "edge_key": 0, "length_m": 4.0, "is_bridged": false, "is_bridge": false, "edge_betweenness": 0.0, "width_m": 4.0}}, {"type": "Feature", "geometry": {"type": "LineString", "coordinates": [[88.349521, 22.553347], [88.34956, 22.553347]]}, "properties": {"feature_type": "edge", "u": 369, "v": 698, "edge_key": 1, "length_m": 4.0, "is_bridged": false, "is_bridge": false, "edge_betweenness": 0.0, "width_m": 4.0}}, {"type": "Feature", "geometry": {"type": "LineString", "coordinates": [[88.34956, 22.553347], [88.349559, 22.553184], [88.349519, 22.553148]]}, "properties": {"feature_type": "edge", "u": 369, "v": 377, "edge_key": 0, "length_m": 23.657, "is_bridged": false, "is_bridge": false, "edge_betweenness": 0.0, "width_m": 13.125}}, {"type": "Feature", "geometry": {"type": "LineString", "coordinates": [[88.360606, 22.553199], [88.360431, 22.553237], [88.360351, 22.553075], [88.360235, 22.553076], [88.36008, 22.553113]]}, "properties": {"feature_type": "edge", "u": 370, "v": 376, "edge_key": 0, "length_m": 70.627, "is_bridged": false, "is_bridge": false, "edge_betweenness": 0.0, "width_m": 8.716}}, {"type": "Feature", "geometry": {"type": "LineString", "coordinates": [[88.360606, 22.553199], [88.360605, 22.553109], [88.360505, 22.552875], [88.360505, 22.552821]]}, "properties": {"feature_type": "edge", "u": 370, "v": 386, "edge_key": 0, "length_m": 46.142, "is_bridged": false, "is_bridge": false, "edge_betweenness": 0.0, "width_m": 8.625}}, {"type": "Feature", "geometry": {"type": "LineString", "coordinates": [[88.362103, 22.553169], [88.362198, 22.553005], [88.362295, 22.552986], [88.362353, 22.55295]]}, "properties": {"feature_type": "edge", "u": 371, "v": 380, "edge_key": 0, "length_m": 40.271, "is_bridged": false, "is_bridge": false, "edge_betweenness": 0.0, "width_m": 9.082}}, {"type": "Feature", "geometry": {"type": "LineString", "coordinates": [[88.359847, 22.55317], [88.359807, 22.55308], [88.359766, 22.552827]]}, "properties": {"feature_type": "edge", "u": 372, "v": 385, "edge_key": 0, "length_m": 41.314, "is_bridged": false, "is_bridge": false, "edge_betweenness": 0.0, "width_m": 8.498}}, {"type": "Feature", "geometry": {"type": "LineString", "coordinates": [[88.359847, 22.55317], [88.359944, 22.553169], [88.36008, 22.553113]]}, "properties": {"feature_type": "edge", "u": 372, "v": 376, "edge_key": 0, "length_m": 26.485, "is_bridged": false, "is_bridge": false, "edge_betweenness": 0.0, "width_m": 9.003}}, {"type": "Feature", "geometry": {"type": "LineString", "coordinates": [[88.359477, 22.553173], [88.359416, 22.55292], [88.359338, 22.552867]]}, "properties": {"feature_type": "edge", "u": 374, "v": 383, "edge_key": 0, "length_m": 40.614, "is_bridged": false, "is_bridge": true, "edge_betweenness": 0.0, "width_m": 8.04}}, {"type": "Feature", "geometry": {"type": "LineString", "coordinates": [[88.360994, 22.55316], [88.360815, 22.552782]]}, "properties": {"feature_type": "edge", "u": 375, "v": 389, "edge_key": 0, "length_m": 49.1, "is_bridged": false, "is_bridge": true, "edge_betweenness": 0.0, "width_m": 8.507}}, {"type": "Feature", "geometry": {"type": "LineString", "coordinates": [[88.36008, 22.553113], [88.36006, 22.553096], [88.360059, 22.553005], [88.359999, 22.552789], [88.359766, 22.552827]]}, "properties": {"feature_type": "edge", "u": 376, "v": 385, "edge_key": 0, "length_m": 64.971, "is_bridged": false, "is_bridge": false, "edge_betweenness": 0.0, "width_m": 8.744}}, {"type": "Feature", "geometry": {"type": "LineString", "coordinates": [[88.349519, 22.553148], [88.349493, 22.553196]]}, "properties": {"feature_type": "edge", "u": 377, "v": 699, "edge_key": 0, "length_m": 7.405, "is_bridged": false, "is_bridge": false, "edge_betweenness": 0.0, "width_m": 6.472}}, {"type": "Feature", "geometry": {"type": "LineString", "coordinates": [[88.349493, 22.553196], [88.349481, 22.553185], [88.349519, 22.553148]]}, "properties": {"feature_type": "edge", "u": 377, "v": 699, "edge_key": 1, "length_m": 7.405, "is_bridged": false, "is_bridge": false, "edge_betweenness": 0.0, "width_m": 6.472}}, {"type": "Feature", "geometry": {"type": "LineString", "coordinates": [[88.349519, 22.553148], [88.34947, 22.553103]]}, "properties": {"feature_type": "edge", "u": 377, "v": 700, "edge_key": 0, "length_m": 8.625, "is_bridged": false, "is_bridge": false, "edge_betweenness": 0.0, "width_m": 6.472}}, {"type": "Feature", "geometry": {"type": "LineString", "coordinates": [[88.34947, 22.553103], [88.349519, 22.553148]]}, "properties": {"feature_type": "edge", "u": 377, "v": 700, "edge_key": 1, "length_m": 8.625, "is_bridged": false, "is_bridge": false, "edge_betweenness": 0.0, "width_m": 6.472}}, {"type": "Feature", "geometry": {"type": "LineString", "coordinates": [[88.349519, 22.553148], [88.349636, 22.553129]]}, "properties": {"feature_type": "edge", "u": 377, "v": 378, "edge_key": 0, "length_m": 12.325, "is_bridged": false, "is_bridge": false, "edge_betweenness": 0.0, "width_m": 10.365}}, {"type": "Feature", "geometry": {"type": "LineString", "coordinates": [[88.349519, 22.553148], [88.349538, 22.55304], [88.349499, 22.553022]]}, "properties": {"feature_type": "edge", "u": 377, "v": 381, "edge_key": 0, "length_m": 16.797, "is_bridged": false, "is_bridge": false, "edge_betweenness": 0.0, "width_m": 12.913}}, {"type": "Feature", "geometry": {"type": "LineString", "coordinates": [[88.349636, 22.553129], [88.349675, 22.553147]]}, "properties": {"feature_type": "edge", "u": 378, "v": 701, "edge_key": 0, "length_m": 4.472, "is_bridged": false, "is_bridge": false, "edge_betweenness": 0.0, "width_m": 5.105}}, {"type": "Feature", "geometry": {"type": "LineString", "coordinates": [[88.349675, 22.553147], [88.349636, 22.553129]]}, "properties": {"feature_type": "edge", "u": 378, "v": 701, "edge_key": 1, "length_m": 4.472, "is_bridged": false, "is_bridge": false, "edge_betweenness": 0.0, "width_m": 5.105}}, {"type": "Feature", "geometry": {"type": "LineString", "coordinates": [[88.349636, 22.553129], [88.349655, 22.553075], [88.349639, 22.553061]]}, "properties": {"feature_type": "edge", "u": 378, "v": 702, "edge_key": 0, "length_m": 8.576, "is_bridged": false, "is_bridge": false, "edge_betweenness": 0.0, "width_m": 4.828}}, {"type": "Feature", "geometry": {"type": "LineString", "coordinates": [[88.349639, 22.553061], [88.349636, 22.553129]]}, "properties": {"feature_type": "edge", "u": 378, "v": 702, "edge_key": 1, "length_m": 8.576, "is_bridged": false, "is_bridge": false, "edge_betweenness": 0.0, "width_m": 4.828}}, {"type": "Feature", "geometry": {"type": "LineString", "coordinates": [[88.358737, 22.553016], [88.358697, 22.552908], [88.358674, 22.552601], [88.358655, 22.552584], [88.358653, 22.552457], [88.358634, 22.552421]]}, "properties": {"feature_type": "edge", "u": 379, "v": 402, "edge_key": 0, "length_m": 69.786, "is_bridged": false, "is_bridge": false, "edge_betweenness": 0.0, "width_m": 8.365}}, {"type": "Feature", "geometry": {"type": "LineString", "coordinates": [[88.358737, 22.553016], [88.359338, 22.552867]]}, "properties": {"feature_type": "edge", "u": 379, "v": 383, "edge_key": 0, "length_m": 68.627, "is_bridged": false, "is_bridge": false, "edge_betweenness": 0.0, "width_m": 8.457}}, {"type": "Feature", "geometry": {"type": "LineString", "coordinates": [[88.362353, 22.55295], [88.362412, 22.552949], [88.362606, 22.552875], [88.362857, 22.552711], [88.363225, 22.552545], [88.363553, 22.552361]]}, "properties": {"feature_type": "edge", "u": 380, "v": 403, "edge_key": 0, "length_m": 150.51, "is_bridged": false, "is_bridge": false, "edge_betweenness": 0.0, "width_m": 8.985}}, {"type": "Feature", "geometry": {"type": "LineString", "coordinates": [[88.362353, 22.55295], [88.362334, 22.552932], [88.362333, 22.552823], [88.362272, 22.552607]]}, "properties": {"feature_type": "edge", "u": 380, "v": 394, "edge_key": 0, "length_m": 41.314, "is_bridged": false, "is_bridge": false, "edge_betweenness": 0.0, "width_m": 8.602}}, {"type": "Feature", "geometry": {"type": "LineString", "coordinates": [[88.349499, 22.553022], [88.34946, 22.55304], [88.34944, 22.553022]]}, "properties": {"feature_type": "edge", "u": 381, "v": 703, "edge_key": 0, "length_m": 7.301, "is_bridged": false, "is_bridge": false, "edge_betweenness": 0.0, "width_m": 5.6}}, {"type": "Feature", "geometry": {"type": "LineString", "coordinates": [[88.34944, 22.553022], [88.34946, 22.553004], [88.349499, 22.553022]]}, "properties": {"feature_type": "edge", "u": 381, "v": 703, "edge_key": 1, "length_m": 7.301, "is_bridged": false, "is_bridge": false, "edge_betweenness": 0.0, "width_m": 5.6}}, {"type": "Feature", "geometry": {"type": "LineString", "coordinates": [[88.349499, 22.553022], [88.349556, 22.552931]]}, "properties": {"feature_type": "edge", "u": 381, "v": 382, "edge_key": 0, "length_m": 12.129, "is_bridged": false, "is_bridge": false, "edge_betweenness": 0.0, "width_m": 12.084}}, {"type": "Feature", "geometry": {"type": "LineString", "coordinates": [[88.349556, 22.552931], [88.349498, 22.552914], [88.349516, 22.552769]]}, "properties": {"feature_type": "edge", "u": 382, "v": 391, "edge_key": 0, "length_m": 22.797, "is_bridged": false, "is_bridge": false, "edge_betweenness": 0.0, "width_m": 18.16}}, {"type": "Feature", "geometry": {"type": "LineString", "coordinates": [[88.349556, 22.552931], [88.349607, 22.552906]]}, "properties": {"feature_type": "edge", "u": 382, "v": 704, "edge_key": 0, "length_m": 7.405, "is_bridged": false, "is_bridge": false, "edge_betweenness": 0.0, "width_m": 6.472}}, {"type": "Feature", "geometry": {"type": "LineString", "coordinates": [[88.349607, 22.552906], [88.349595, 22.552895], [88.349556, 22.552931]]}, "properties": {"feature_type": "edge", "u": 382, "v": 704, "edge_key": 1, "length_m": 7.405, "is_bridged": false, "is_bridge": false, "edge_betweenness": 0.0, "width_m": 6.472}}, {"type": "Feature", "geometry": {"type": "LineString", "coordinates": [[88.359338, 22.552867], [88.359337, 22.552722], [88.359317, 22.552704], [88.359296, 22.552524], [88.359393, 22.552523], [88.359529, 22.552486], [88.359723, 22.552484]]}, "properties": {"feature_type": "edge", "u": 383, "v": 399, "edge_key": 0, "length_m": 85.314, "is_bridged": false, "is_bridge": false, "edge_betweenness": 0.0, "width_m": 8.278}}, {"type": "Feature", "geometry": {"type": "LineString", "coordinates": [[88.363733, 22.552812], [88.363574, 22.552452], [88.363553, 22.552361]]}, "properties": {"feature_type": "edge", "u": 384, "v": 403, "edge_key": 0, "length_m": 56.952, "is_bridged": false, "is_bridge": false, "edge_betweenness": 0.0, "width_m": 8.705}}, {"type": "Feature", "geometry": {"type": "LineString", "coordinates": [[88.363733, 22.552812], [88.363811, 22.552793]]}, "properties": {"feature_type": "edge", "u": 384, "v": 387, "edge_key": 0, "length_m": 8.472, "is_bridged": false, "is_bridge": false, "edge_betweenness": 0.0, "width_m": 6.2}}, {"type": "Feature", "geometry": {"type": "LineString", "coordinates": [[88.359766, 22.552827], [88.359725, 22.552701], [88.359723, 22.552484]]}, "properties": {"feature_type": "edge", "u": 385, "v": 399, "edge_key": 0, "length_m": 39.657, "is_bridged": false, "is_bridge": false, "edge_betweenness": 0.0, "width_m": 8.399}}, {"type": "Feature", "geometry": {"type": "LineString", "coordinates": [[88.360505, 22.552821], [88.360444, 22.552623], [88.360403, 22.552352]]}, "properties": {"feature_type": "edge", "u": 386, "v": 404, "edge_key": 0, "length_m": 56.142, "is_bridged": false, "is_bridge": false, "edge_betweenness": 0.0, "width_m": 8.499}}, {"type": "Feature", "geometry": {"type": "LineString", "coordinates": [[88.360505, 22.552821], [88.360815, 22.552782]]}, "properties": {"feature_type": "edge", "u": 386, "v": 389, "edge_key": 0, "length_m": 33.657, "is_bridged": false, "is_bridge": false, "edge_betweenness": 0.0, "width_m": 8.739}}, {"type": "Feature", "geometry": {"type": "LineString", "coordinates": [[88.363811, 22.552793], [88.36381, 22.552721], [88.36367, 22.552379], [88.36367, 22.552324]]}, "properties": {"feature_type": "edge", "u": 387, "v": 405, "edge_key": 0, "length_m": 57.799, "is_bridged": false, "is_bridge": false, "edge_betweenness": 0.0, "width_m": 8.545}}, {"type": "Feature", "geometry": {"type": "LineString", "coordinates": [[88.360815, 22.552782], [88.360835, 22.552764], [88.361126, 22.552725], [88.361242, 22.552688], [88.361514, 22.552668]]}, "properties": {"feature_type": "edge", "u": 389, "v": 393, "edge_key": 0, "length_m": 76.971, "is_bridged": false, "is_bridge": false, "edge_betweenness": 0.0, "width_m": 8.328}}, {"type": "Feature", "geometry": {"type": "LineString", "coordinates": [[88.349516, 22.552769], [88.349457, 22.552751], [88.349436, 22.552571], [88.349335, 22.55221], [88.349294, 22.551958], [88.349214, 22.551742]]}, "properties": {"feature_type": "edge", "u": 391, "v": 421, "edge_key": 0, "length_m": 127.762, "is_bridged": false, "is_bridge": false, "edge_betweenness": 0.0, "width_m": 28.519}}, {"type": "Feature", "geometry": {"type": "LineString", "coordinates": [[88.349516, 22.552769], [88.349566, 22.552744]]}, "properties": {"feature_type": "edge", "u": 391, "v": 705, "edge_key": 0, "length_m": 7.405, "is_bridged": false, "is_bridge": false, "edge_betweenness": 0.0, "width_m": 6.472}}, {"type": "Feature", "geometry": {"type": "LineString", "coordinates": [[88.349566, 22.552744], [88.349554, 22.552732], [88.349516, 22.552769]]}, "properties": {"feature_type": "edge", "u": 391, "v": 705, "edge_key": 1, "length_m": 7.405, "is_bridged": false, "is_bridge": false, "edge_betweenness": 0.0, "width_m": 6.472}}, {"type": "Feature", "geometry": {"type": "LineString", "coordinates": [[88.36167, 22.552666], [88.361514, 22.552668]]}, "properties": {"feature_type": "edge", "u": 392, "v": 393, "edge_key": 0, "length_m": 16.0, "is_bridged": false, "is_bridge": false, "edge_betweenness": 0.0, "width_m": 8.473}}, {"type": "Feature", "geometry": {"type": "LineString", "coordinates": [[88.36167, 22.552666], [88.362097, 22.552627], [88.362117, 22.552608], [88.362272, 22.552607]]}, "properties": {"feature_type": "edge", "u": 392, "v": 394, "edge_key": 0, "length_m": 64.485, "is_bridged": false, "is_bridge": false, "edge_betweenness": 0.0, "width_m": 8.347}}, {"type": "Feature", "geometry": {"type": "LineString", "coordinates": [[88.361514, 22.552668], [88.361489, 22.55209]]}, "properties": {"feature_type": "edge", "u": 393, "v": 412, "edge_key": 0, "length_m": 64.828, "is_bridged": false, "is_bridge": false, "edge_betweenness": 0.0, "width_m": 8.168}}, {"type": "Feature", "geometry": {"type": "LineString", "coordinates": [[88.362272, 22.552607], [88.362265, 22.551885], [88.362225, 22.551759], [88.361545, 22.5518], [88.361487, 22.551837], [88.361489, 22.55209]]}, "properties": {"feature_type": "edge", "u": 394, "v": 412, "edge_key": 0, "length_m": 202.971, "is_bridged": false, "is_bridge": false, "edge_betweenness": 0.0, "width_m": 8.188}}, {"type": "Feature", "geometry": {"type": "LineString", "coordinates": [[88.352801, 22.552633], [88.352956, 22.552577]]}, "properties": {"feature_type": "edge", "u": 395, "v": 397, "edge_key": 0, "length_m": 18.129, "is_bridged": false, "is_bridge": false, "edge_betweenness": 0.0, "width_m": 9.923}}, {"type": "Feature", "geometry": {"type": "LineString", "coordinates": [[88.352801, 22.552633], [88.352762, 22.552561], [88.352761, 22.552489], [88.352721, 22.552417], [88.35266, 22.552146], [88.352621, 22.552074], [88.3526, 22.55193], [88.35256, 22.551858], [88.352358, 22.551083], [88.352319, 22.551011], [88.352238, 22.550723], [88.352236, 22.55056], [88.352293, 22.550397], [88.352332, 22.550343], [88.352525, 22.550269], [88.353147, 22.550155], [88.353515, 22.550044], [88.353651, 22.550025], [88.353728, 22.549988], [88.353903, 22.549968]]}, "properties": {"feature_type": "edge", "u": 395, "v": 467, "edge_key": 0, "length_m": 459.55, "is_bridged": false, "is_bridge": false, "edge_betweenness": 0.0, "width_m": 8.387}}, {"type": "Feature", "geometry": {"type": "LineString", "coordinates": [[88.357896, 22.552572], [88.358032, 22.552589], [88.358401, 22.552459], [88.358634, 22.552421]]}, "properties": {"feature_type": "edge", "u": 396, "v": 402, "edge_key": 0, "length_m": 83.572, "is_bridged": false, "is_bridge": false, "edge_betweenness": 0.0, "width_m": 8.645}}, {"type": "Feature", "geometry": {"type": "LineString", "coordinates": [[88.357896, 22.552572], [88.357779, 22.552573], [88.357624, 22.55261], [88.357585, 22.552575], [88.357565, 22.552502], [88.357526, 22.552485]]}, "properties": {"feature_type": "edge", "u": 396, "v": 401, "edge_key": 0, "length_m": 48.971, "is_bridged": false, "is_bridge": true, "edge_betweenness": 0.0, "width_m": 8.377}}, {"type": "Feature", "geometry": {"type": "LineString", "coordinates": [[88.357896, 22.552572], [88.357912, 22.552174]]}, "properties": {"feature_type": "edge", "u": 396, "v": 409, "edge_key": 0, "length_m": 44.828, "is_bridged": false, "is_bridge": false, "edge_betweenness": 0.0, "width_m": 8.248}}, {"type": "Feature", "geometry": {"type": "LineString", "coordinates": [[88.352956, 22.552577], [88.352956, 22.552523], [88.352994, 22.552469], [88.353628, 22.551687], [88.354109, 22.551141], [88.354167, 22.551068], [88.354205, 22.550959]]}, "properties": {"feature_type": "edge", "u": 397, "v": 442, "edge_key": 0, "length_m": 231.491, "is_bridged": false, "is_bridge": false, "edge_betweenness": 0.0, "width_m": 9.047}}, {"type": "Feature", "geometry": {"type": "LineString", "coordinates": [[88.359723, 22.552484], [88.359762, 22.552448], [88.35984, 22.552447], [88.359937, 22.55241], [88.360403, 22.552352]]}, "properties": {"feature_type": "edge", "u": 399, "v": 404, "edge_key": 0, "length_m": 75.799, "is_bridged": false, "is_bridge": false, "edge_betweenness": 0.0, "width_m": 8.53}}, {"type": "Feature", "geometry": {"type": "LineString", "coordinates": [[88.359723, 22.552484], [88.359702, 22.552268]]}, "properties": {"feature_type": "edge", "u": 399, "v": 408, "edge_key": 0, "length_m": 24.828, "is_bridged": false, "is_bridge": true, "edge_betweenness": 0.0, "width_m": 8.473}}, {"type": "Feature", "geometry": {"type": "LineString", "coordinates": [[88.356067, 22.552497], [88.356261, 22.552423], [88.356319, 22.552368]]}, "properties": {"feature_type": "edge", "u": 400, "v": 406, "edge_key": 0, "length_m": 31.443, "is_bridged": false, "is_bridge": false, "edge_betweenness": 0.0, "width_m": 9.266}}, {"type": "Feature", "geometry": {"type": "LineString", "coordinates": [[88.356067, 22.552497], [88.356028, 22.552461], [88.356007, 22.552353], [88.355809, 22.551939], [88.355808, 22.551867]]}, "properties": {"feature_type": "edge", "u": 400, "v": 415, "edge_key": 0, "length_m": 80.77, "is_bridged": false, "is_bridge": false, "edge_betweenness": 0.0, "width_m": 8.762}}, {"type": "Feature", "geometry": {"type": "LineString", "coordinates": [[88.358634, 22.552421], [88.358611, 22.552114]]}, "properties": {"feature_type": "edge", "u": 402, "v": 411, "edge_key": 0, "length_m": 34.828, "is_bridged": false, "is_bridge": false, "edge_betweenness": 0.0, "width_m": 8.575}}, {"type": "Feature", "geometry": {"type": "LineString", "coordinates": [[88.363553, 22.552361], [88.36367, 22.552324]]}, "properties": {"feature_type": "edge", "u": 403, "v": 405, "edge_key": 0, "length_m": 12.944, "is_bridged": false, "is_bridge": false, "edge_betweenness": 0.0, "width_m": 10.048}}, {"type": "Feature", "geometry": {"type": "LineString", "coordinates": [[88.363553, 22.552361], [88.363434, 22.55211], [88.363274, 22.551677], [88.363235, 22.551624], [88.362916, 22.550795], [88.362876, 22.550741], [88.362836, 22.550597], [88.362797, 22.550543], [88.362796, 22.550489]]}, "properties": {"feature_type": "edge", "u": 403, "v": 456, "edge_key": 0, "length_m": 238.976, "is_bridged": false, "is_bridge": false, "edge_betweenness": 0.0, "width_m": 8.656}}, {"type": "Feature", "geometry": {"type": "LineString", "coordinates": [[88.360403, 22.552352], [88.360889, 22.552312], [88.360908, 22.552294], [88.360906, 22.552131]]}, "properties": {"feature_type": "edge", "u": 404, "v": 410, "edge_key": 0, "length_m": 72.485, "is_bridged": false, "is_bridge": false, "edge_betweenness": 0.0, "width_m": 8.334}}, {"type": "Feature", "geometry": {"type": "LineString", "coordinates": [[88.360403, 22.552352], [88.360342, 22.552118], [88.360321, 22.551919], [88.360281, 22.551811], [88.36028, 22.551721]]}, "properties": {"feature_type": "edge", "u": 404, "v": 419, "edge_key": 0, "length_m": 74.614, "is_bridged": false, "is_bridge": true, "edge_betweenness": 0.0, "width_m": 8.337}}, {"type": "Feature", "geometry": {"type": "LineString", "coordinates": [[88.36367, 22.552324], [88.363631, 22.552307], [88.36363, 22.552234], [88.36359, 22.552162], [88.363589, 22.552054]]}, "properties": {"feature_type": "edge", "u": 405, "v": 413, "edge_key": 0, "length_m": 34.129, "is_bridged": false, "is_bridge": false, "edge_betweenness": 0.0, "width_m": 9.359}}, {"type": "Feature", "geometry": {"type": "LineString", "coordinates": [[88.36367, 22.552324], [88.363747, 22.552306], [88.364506, 22.552299], [88.364525, 22.552281], [88.36472, 22.552279]]}, "properties": {"feature_type": "edge", "u": 405, "v": 407, "edge_key": 0, "length_m": 109.657, "is_bridged": false, "is_bridge": true, "edge_betweenness": 0.0, "width_m": 8.139}}, {"type": "Feature", "geometry": {"type": "LineString", "coordinates": [[88.356319, 22.552368], [88.356435, 22.552349], [88.357887, 22.551687], [88.357965, 22.551704]]}, "properties": {"feature_type": "edge", "u": 406, "v": 418, "edge_key": 0, "length_m": 200.976, "is_bridged": false, "is_bridge": false, "edge_betweenness": 0.0, "width_m": 8.641}}, {"type": "Feature", "geometry": {"type": "LineString", "coordinates": [[88.356319, 22.552368], [88.356299, 22.552351], [88.356298, 22.552242], [88.356278, 22.552224], [88.356196, 22.551791]]}, "properties": {"feature_type": "edge", "u": 406, "v": 416, "edge_key": 0, "length_m": 68.971, "is_bridged": false, "is_bridge": false, "edge_betweenness": 0.0, "width_m": 8.355}}, {"type": "Feature", "geometry": {"type": "LineString", "coordinates": [[88.357912, 22.552174], [88.358611, 22.552114]]}, "properties": {"feature_type": "edge", "u": 409, "v": 411, "edge_key": 0, "length_m": 74.485, "is_bridged": false, "is_bridge": false, "edge_betweenness": 0.0, "width_m": 8.203}}, {"type": "Feature", "geometry": {"type": "LineString", "coordinates": [[88.357912, 22.552174], [88.357948, 22.551921], [88.357986, 22.551812], [88.357965, 22.551704]]}, "properties": {"feature_type": "edge", "u": 409, "v": 418, "edge_key": 0, "length_m": 55.638, "is_bridged": false, "is_bridge": false, "edge_betweenness": 0.0, "width_m": 7.903}}, {"type": "Feature", "geometry": {"type": "LineString", "coordinates": [[88.360906, 22.552131], [88.361489, 22.55209]]}, "properties": {"feature_type": "edge", "u": 410, "v": 412, "edge_key": 0, "length_m": 61.657, "is_bridged": false, "is_bridge": false, "edge_betweenness": 0.0, "width_m": 8.245}}, {"type": "Feature", "geometry": {"type": "LineString", "coordinates": [[88.360906, 22.552131], [88.360886, 22.552095], [88.360883, 22.551716], [88.360743, 22.551374], [88.360683, 22.551139], [88.360603, 22.550959], [88.360602, 22.550887]]}, "properties": {"feature_type": "edge", "u": 410, "v": 444, "edge_key": 0, "length_m": 150.07, "is_bridged": false, "is_bridge": false, "edge_betweenness": 0.0, "width_m": 8.333}}, {"type": "Feature", "geometry": {"type": "LineString", "coordinates": [[88.358611, 22.552114], [88.358689, 22.552077], [88.358805, 22.552077], [88.358825, 22.552058], [88.359213, 22.552001]]}, "properties": {"feature_type": "edge", "u": 411, "v": 414, "edge_key": 0, "length_m": 66.971, "is_bridged": false, "is_bridge": true, "edge_betweenness": 0.0, "width_m": 8.384}}, {"type": "Feature", "geometry": {"type": "LineString", "coordinates": [[88.363589, 22.552054], [88.363531, 22.552018], [88.363271, 22.551298], [88.363032, 22.550794], [88.362932, 22.550506], [88.362893, 22.550488]]}, "properties": {"feature_type": "edge", "u": 413, "v": 457, "edge_key": 0, "length_m": 204.626, "is_bridged": false, "is_bridge": false, "edge_betweenness": 0.0, "width_m": 8.537}}, {"type": "Feature", "geometry": {"type": "LineString", "coordinates": [[88.363589, 22.552054], [88.363647, 22.552036], [88.363856, 22.551456], [88.36397, 22.551238], [88.364009, 22.551201], [88.364106, 22.551183], [88.364299, 22.551091]]}, "properties": {"feature_type": "edge", "u": 413, "v": 435, "edge_key": 0, "length_m": 149.539, "is_bridged": false, "is_bridge": true, "edge_betweenness": 0.0, "width_m": 8.704}}, {"type": "Feature", "geometry": {"type": "LineString", "coordinates": [[88.355808, 22.551867], [88.355749, 22.551813], [88.35555, 22.551363], [88.35553, 22.551219]]}, "properties": {"feature_type": "edge", "u": 415, "v": 431, "edge_key": 0, "length_m": 84.413, "is_bridged": false, "is_bridge": false, "edge_betweenness": 0.0, "width_m": 8.643}}, {"type": "Feature", "geometry": {"type": "LineString", "coordinates": [[88.355808, 22.551867], [88.356002, 22.551793], [88.356196, 22.551791]]}, "properties": {"feature_type": "edge", "u": 415, "v": 416, "edge_key": 0, "length_m": 43.314, "is_bridged": false, "is_bridge": false, "edge_betweenness": 0.0, "width_m": 8.662}}, {"type": "Feature", "geometry": {"type": "LineString", "coordinates": [[88.356196, 22.551791], [88.356216, 22.551773], [88.356449, 22.551753], [88.356448, 22.551645], [88.356229, 22.551141], [88.35617, 22.551033], [88.356071, 22.550943]]}, "properties": {"feature_type": "edge", "u": 416, "v": 443, "edge_key": 0, "length_m": 133.397, "is_bridged": false, "is_bridge": false, "edge_betweenness": 0.0, "width_m": 8.581}}, {"type": "Feature", "geometry": {"type": "LineString", "coordinates": [[88.357965, 22.551704], [88.358004, 22.551668], [88.358099, 22.551468], [88.358195, 22.551359], [88.358195, 22.551323]]}, "properties": {"feature_type": "edge", "u": 418, "v": 427, "edge_key": 0, "length_m": 51.941, "is_bridged": false, "is_bridge": false, "edge_betweenness": 0.0, "width_m": 8.579}}, {"type": "Feature", "geometry": {"type": "LineString", "coordinates": [[88.364733, 22.551683], [88.364713, 22.551647], [88.364712, 22.551521], [88.364692, 22.551503], [88.364691, 22.55134], [88.364671, 22.551322], [88.364669, 22.551069], [88.364299, 22.551091]]}, "properties": {"feature_type": "edge", "u": 420, "v": 435, "edge_key": 0, "length_m": 109.314, "is_bridged": false, "is_bridge": true, "edge_betweenness": 0.0, "width_m": 8.336}}, {"type": "Feature", "geometry": {"type": "LineString", "coordinates": [[88.349214, 22.551742], [88.349253, 22.551741]]}, "properties": {"feature_type": "edge", "u": 421, "v": 706, "edge_key": 0, "length_m": 4.0, "is_bridged": false, "is_bridge": false, "edge_betweenness": 0.0, "width_m": 4.0}}, {"type": "Feature", "geometry": {"type": "LineString", "coordinates": [[88.349253, 22.551741], [88.349214, 22.551742]]}, "properties": {"feature_type": "edge", "u": 421, "v": 706, "edge_key": 1, "length_m": 4.0, "is_bridged": false, "is_bridge": false, "edge_betweenness": 0.0, "width_m": 4.0}}, {"type": "Feature", "geometry": {"type": "LineString", "coordinates": [[88.349214, 22.551742], [88.349175, 22.551688], [88.349154, 22.55158]]}, "properties": {"feature_type": "edge", "u": 421, "v": 423, "edge_key": 0, "length_m": 20.04, "is_bridged": false, "is_bridge": false, "edge_betweenness": 0.0, "width_m": 7.698}}, {"type": "Feature", "geometry": {"type": "LineString", "coordinates": [[88.349214, 22.551742], [88.349252, 22.551687], [88.349232, 22.551579]]}, "properties": {"feature_type": "edge", "u": 421, "v": 424, "edge_key": 0, "length_m": 19.683, "is_bridged": false, "is_bridge": false, "edge_betweenness": 0.0, "width_m": 8.645}}, {"type": "Feature", "geometry": {"type": "LineString", "coordinates": [[88.359151, 22.551604], [88.358955, 22.551497], [88.358894, 22.551173]]}, "properties": {"feature_type": "edge", "u": 422, "v": 434, "edge_key": 0, "length_m": 63.456, "is_bridged": false, "is_bridge": true, "edge_betweenness": 0.0, "width_m": 8.675}}, {"type": "Feature", "geometry": {"type": "LineString", "coordinates": [[88.349154, 22.55158], [88.349232, 22.551579]]}, "properties": {"feature_type": "edge", "u": 423, "v": 424, "edge_key": 0, "length_m": 8.0, "is_bridged": false, "is_bridge": false, "edge_betweenness": 0.0, "width_m": 9.419}}, {"type": "Feature", "geometry": {"type": "LineString", "coordinates": [[88.349154, 22.55158], [88.349134, 22.55149]]}, "properties": {"feature_type": "edge", "u": 423, "v": 425, "edge_key": 0, "length_m": 10.472, "is_bridged": false, "is_bridge": false, "edge_betweenness": 0.0, "width_m": 8.236}}, {"type": "Feature", "geometry": {"type": "LineString", "coordinates": [[88.349232, 22.551579], [88.349231, 22.551507], [88.349212, 22.551489]]}, "properties": {"feature_type": "edge", "u": 424, "v": 426, "edge_key": 0, "length_m": 10.828, "is_bridged": false, "is_bridge": false, "edge_betweenness": 0.0, "width_m": 9.04}}, {"type": "Feature", "geometry": {"type": "LineString", "coordinates": [[88.349134, 22.55149], [88.349212, 22.551489]]}, "properties": {"feature_type": "edge", "u": 425, "v": 426, "edge_key": 0, "length_m": 8.0, "is_bridged": false, "is_bridge": false, "edge_betweenness": 0.0, "width_m": 8.315}}, {"type": "Feature", "geometry": {"type": "LineString", "coordinates": [[88.349134, 22.55149], [88.349113, 22.551381]]}, "properties": {"feature_type": "edge", "u": 425, "v": 428, "edge_key": 0, "length_m": 12.828, "is_bridged": false, "is_bridge": false, "edge_betweenness": 0.0, "width_m": 8.189}}, {"type": "Feature", "geometry": {"type": "LineString", "coordinates": [[88.349212, 22.551489], [88.349211, 22.551399], [88.349191, 22.551381]]}, "properties": {"feature_type": "edge", "u": 426, "v": 429, "edge_key": 0, "length_m": 12.828, "is_bridged": false, "is_bridge": false, "edge_betweenness": 0.0, "width_m": 8.472}}, {"type": "Feature", "geometry": {"type": "LineString", "coordinates": [[88.358195, 22.551323], [88.358136, 22.551269], [88.358037, 22.551089], [88.357937, 22.550837], [88.357937, 22.550765]]}, "properties": {"feature_type": "edge", "u": 427, "v": 451, "edge_key": 0, "length_m": 72.77, "is_bridged": false, "is_bridge": true, "edge_betweenness": 0.0, "width_m": 8.762}}, {"type": "Feature", "geometry": {"type": "LineString", "coordinates": [[88.358195, 22.551323], [88.358234, 22.551323], [88.358331, 22.551268], [88.358505, 22.551248], [88.358583, 22.551211]]}, "properties": {"feature_type": "edge", "u": 427, "v": 432, "edge_key": 0, "length_m": 44.971, "is_bridged": false, "is_bridge": false, "edge_betweenness": 0.0, "width_m": 8.662}}, {"type": "Feature", "geometry": {"type": "LineString", "coordinates": [[88.349113, 22.551381], [88.349191, 22.551381]]}, "properties": {"feature_type": "edge", "u": 428, "v": 429, "edge_key": 0, "length_m": 8.0, "is_bridged": false, "is_bridge": false, "edge_betweenness": 0.0, "width_m": 7.296}}, {"type": "Feature", "geometry": {"type": "LineString", "coordinates": [[88.349113, 22.551381], [88.349093, 22.551273]]}, "properties": {"feature_type": "edge", "u": 428, "v": 430, "edge_key": 0, "length_m": 12.472, "is_bridged": false, "is_bridge": false, "edge_betweenness": 0.0, "width_m": 8.378}}, {"type": "Feature", "geometry": {"type": "LineString", "coordinates": [[88.349191, 22.551381], [88.34919, 22.55129], [88.349171, 22.551272]]}, "properties": {"feature_type": "edge", "u": 429, "v": 433, "edge_key": 0, "length_m": 12.828, "is_bridged": false, "is_bridge": false, "edge_betweenness": 0.0, "width_m": 7.767}}, {"type": "Feature", "geometry": {"type": "LineString", "coordinates": [[88.349093, 22.551273], [88.349073, 22.551255], [88.349072, 22.551183]]}, "properties": {"feature_type": "edge", "u": 430, "v": 437, "edge_key": 0, "length_m": 10.828, "is_bridged": false, "is_bridge": false, "edge_betweenness": 0.0, "width_m": 8.378}}, {"type": "Feature", "geometry": {"type": "LineString", "coordinates": [[88.349093, 22.551273], [88.349171, 22.551272]]}, "properties": {"feature_type": "edge", "u": 430, "v": 433, "edge_key": 0, "length_m": 8.0, "is_bridged": false, "is_bridge": false, "edge_betweenness": 0.0, "width_m": 6.2}}, {"type": "Feature", "geometry": {"type": "LineString", "coordinates": [[88.35553, 22.551219], [88.355471, 22.551183], [88.355431, 22.551057], [88.355372, 22.550967], [88.355331, 22.550841], [88.355034, 22.55023], [88.355013, 22.550139]]}, "properties": {"feature_type": "edge", "u": 431, "v": 464, "edge_key": 0, "length_m": 141.772, "is_bridged": false, "is_bridge": false, "edge_betweenness": 0.0, "width_m": 8.683}}, {"type": "Feature", "geometry": {"type": "LineString", "coordinates": [[88.35553, 22.551219], [88.355607, 22.5512], [88.356033, 22.550944], [88.356071, 22.550943]]}, "properties": {"feature_type": "edge", "u": 431, "v": 443, "edge_key": 0, "length_m": 68.426, "is_bridged": false, "is_bridge": false, "edge_betweenness": 0.0, "width_m": 9.022}}, {"type": "Feature", "geometry": {"type": "LineString", "coordinates": [[88.358583, 22.551211], [88.358894, 22.551173]]}, "properties": {"feature_type": "edge", "u": 432, "v": 434, "edge_key": 0, "length_m": 33.657, "is_bridged": false, "is_bridge": false, "edge_betweenness": 0.0, "width_m": 8.768}}, {"type": "Feature", "geometry": {"type": "LineString", "coordinates": [[88.358583, 22.551211], [88.358563, 22.551193], [88.358482, 22.550815]]}, "properties": {"feature_type": "edge", "u": 432, "v": 447, "edge_key": 0, "length_m": 48.142, "is_bridged": false, "is_bridge": true, "edge_betweenness": 0.0, "width_m": 8.349}}, {"type": "Feature", "geometry": {"type": "LineString", "coordinates": [[88.349171, 22.551272], [88.34917, 22.551182], [88.34915, 22.551164]]}, "properties": {"feature_type": "edge", "u": 433, "v": 439, "edge_key": 0, "length_m": 12.828, "is_bridged": false, "is_bridge": false, "edge_betweenness": 0.0, "width_m": 7.219}}, {"type": "Feature", "geometry": {"type": "LineString", "coordinates": [[88.358894, 22.551173], [88.359262, 22.551079]]}, "properties": {"feature_type": "edge", "u": 434, "v": 440, "edge_key": 0, "length_m": 42.142, "is_bridged": false, "is_bridge": false, "edge_betweenness": 0.0, "width_m": 8.696}}, {"type": "Feature", "geometry": {"type": "LineString", "coordinates": [[88.364299, 22.551091], [88.364317, 22.550892], [88.364431, 22.550656], [88.36474, 22.550382]]}, "properties": {"feature_type": "edge", "u": 435, "v": 459, "edge_key": 0, "length_m": 98.225, "is_bridged": false, "is_bridge": true, "edge_betweenness": 0.0, "width_m": 8.857}}, {"type": "Feature", "geometry": {"type": "LineString", "coordinates": [[88.349072, 22.551183], [88.34915, 22.551164]]}, "properties": {"feature_type": "edge", "u": 437, "v": 439, "edge_key": 0, "length_m": 8.472, "is_bridged": false, "is_bridge": false, "edge_betweenness": 0.0, "width_m": 6.2}}, {"type": "Feature", "geometry": {"type": "LineString", "coordinates": [[88.349072, 22.551183], [88.348808, 22.550029]]}, "properties": {"feature_type": "edge", "u": 437, "v": 465, "edge_key": 0, "length_m": 138.413, "is_bridged": false, "is_bridge": false, "edge_betweenness": 0.0, "width_m": 8.27}}, {"type": "Feature", "geometry": {"type": "LineString", "coordinates": [[88.34915, 22.551164], [88.349149, 22.551038], [88.349129, 22.55102], [88.349047, 22.550515], [88.349007, 22.550425], [88.349006, 22.550353], [88.348925, 22.550064], [88.348886, 22.55001]]}, "properties": {"feature_type": "edge", "u": 439, "v": 466, "edge_key": 0, "length_m": 138.77, "is_bridged": false, "is_bridge": false, "edge_betweenness": 0.0, "width_m": 8.148}}, {"type": "Feature", "geometry": {"type": "LineString", "coordinates": [[88.359262, 22.551079], [88.359398, 22.551078], [88.359418, 22.55106], [88.359515, 22.551059], [88.359534, 22.551041], [88.359631, 22.55104], [88.359651, 22.551022], [88.359748, 22.551021], [88.359767, 22.551003], [88.359864, 22.551002], [88.359884, 22.550984], [88.359981, 22.550983], [88.36, 22.550964], [88.360097, 22.550964], [88.360117, 22.550945], [88.360214, 22.550945], [88.360466, 22.550888], [88.360602, 22.550887]]}, "properties": {"feature_type": "edge", "u": 440, "v": 444, "edge_key": 0, "length_m": 146.284, "is_bridged": false, "is_bridge": false, "edge_betweenness": 0.0, "width_m": 8.41}}, {"type": "Feature", "geometry": {"type": "LineString", "coordinates": [[88.359262, 22.551079], [88.359202, 22.550899], [88.359044, 22.550593], [88.359043, 22.550539], [88.359082, 22.550503], [88.359217, 22.550447], [88.359275, 22.550374]]}, "properties": {"feature_type": "edge", "u": 440, "v": 460, "edge_key": 0, "length_m": 101.384, "is_bridged": false, "is_bridge": false, "edge_betweenness": 0.0, "width_m": 8.664}}, {"type": "Feature", "geometry": {"type": "LineString", "coordinates": [[88.364726, 22.550924], [88.364705, 22.55078], [88.364744, 22.550762]]}, "properties": {"feature_type": "edge", "u": 441, "v": 449, "edge_key": 0, "length_m": 21.657, "is_bridged": false, "is_bridge": true, "edge_betweenness": 0.0, "width_m": 8.26}}, {"type": "Feature", "geometry": {"type": "LineString", "coordinates": [[88.354205, 22.550959], [88.354166, 22.550941], [88.354125, 22.550743]]}, "properties": {"feature_type": "edge", "u": 442, "v": 453, "edge_key": 0, "length_m": 28.129, "is_bridged": false, "is_bridge": false, "edge_betweenness": 0.0, "width_m": 8.727}}, {"type": "Feature", "geometry": {"type": "LineString", "coordinates": [[88.354205, 22.550959], [88.354243, 22.550959], [88.35434, 22.550868], [88.354359, 22.550795]]}, "properties": {"feature_type": "edge", "u": 442, "v": 450, "edge_key": 0, "length_m": 26.614, "is_bridged": false, "is_bridge": false, "edge_betweenness": 0.0, "width_m": 9.392}}, {"type": "Feature", "geometry": {"type": "LineString", "coordinates": [[88.356071, 22.550943], [88.356071, 22.550907], [88.356167, 22.550816], [88.356438, 22.550615], [88.356535, 22.550596]]}, "properties": {"feature_type": "edge", "u": 443, "v": 455, "edge_key": 0, "length_m": 66.083, "is_bridged": false, "is_bridge": false, "edge_betweenness": 0.0, "width_m": 8.907}}, {"type": "Feature", "geometry": {"type": "LineString", "coordinates": [[88.360602, 22.550887], [88.36068, 22.55085], [88.360855, 22.550831], [88.360932, 22.550794]]}, "properties": {"feature_type": "edge", "u": 444, "v": 448, "edge_key": 0, "length_m": 38.142, "is_bridged": false, "is_bridge": false, "edge_betweenness": 0.0, "width_m": 8.642}}, {"type": "Feature", "geometry": {"type": "LineString", "coordinates": [[88.357121, 22.550826], [88.357002, 22.550683], [88.356944, 22.550683], [88.356731, 22.550811], [88.356693, 22.550812], [88.356634, 22.550758], [88.356535, 22.550596]]}, "properties": {"feature_type": "edge", "u": 445, "v": 455, "edge_key": 0, "length_m": 89.041, "is_bridged": false, "is_bridge": true, "edge_betweenness": 0.0, "width_m": 8.826}}, {"type": "Feature", "geometry": {"type": "LineString", "coordinates": [[88.357723, 22.550821], [88.357937, 22.550765]]}, "properties": {"feature_type": "edge", "u": 446, "v": 451, "edge_key": 0, "length_m": 24.129, "is_bridged": false, "is_bridge": true, "edge_betweenness": 0.0, "width_m": 8.515}}, {"type": "Feature", "geometry": {"type": "LineString", "coordinates": [[88.360932, 22.550794], [88.361029, 22.550793], [88.361146, 22.550756]]}, "properties": {"feature_type": "edge", "u": 448, "v": 452, "edge_key": 0, "length_m": 23.657, "is_bridged": false, "is_bridge": false, "edge_betweenness": 0.0, "width_m": 9.376}}, {"type": "Feature", "geometry": {"type": "LineString", "coordinates": [[88.360932, 22.550794], [88.360872, 22.550614], [88.360813, 22.550524], [88.360753, 22.550362], [88.360694, 22.55029]]}, "properties": {"feature_type": "edge", "u": 448, "v": 461, "edge_key": 0, "length_m": 65.941, "is_bridged": false, "is_bridge": true, "edge_betweenness": 0.0, "width_m": 8.757}}, {"type": "Feature", "geometry": {"type": "LineString", "coordinates": [[88.354359, 22.550795], [88.354241, 22.550742], [88.354125, 22.550743]]}, "properties": {"feature_type": "edge", "u": 450, "v": 453, "edge_key": 0, "length_m": 26.129, "is_bridged": false, "is_bridge": false, "edge_betweenness": 0.0, "width_m": 9.071}}, {"type": "Feature", "geometry": {"type": "LineString", "coordinates": [[88.354359, 22.550795], [88.354397, 22.550795], [88.354475, 22.550722], [88.355013, 22.550139]]}, "properties": {"feature_type": "edge", "u": 450, "v": 464, "edge_key": 0, "length_m": 102.064, "is_bridged": false, "is_bridge": false, "edge_betweenness": 0.0, "width_m": 9.461}}, {"type": "Feature", "geometry": {"type": "LineString", "coordinates": [[88.357937, 22.550765], [88.357975, 22.550729], [88.35815, 22.550673]]}, "properties": {"feature_type": "edge", "u": 451, "v": 454, "edge_key": 0, "length_m": 26.142, "is_bridged": false, "is_bridge": true, "edge_betweenness": 0.0, "width_m": 8.472}}, {"type": "Feature", "geometry": {"type": "LineString", "coordinates": [[88.361146, 22.550756], [88.361612, 22.550698], [88.361631, 22.55068], [88.361728, 22.550679], [88.362213, 22.550566], [88.36233, 22.550565], [88.362349, 22.550547], [88.362466, 22.550546], [88.362485, 22.550528], [88.362796, 22.550489]]}, "properties": {"feature_type": "edge", "u": 452, "v": 456, "edge_key": 0, "length_m": 181.242, "is_bridged": false, "is_bridge": false, "edge_betweenness": 0.0, "width_m": 8.252}}, {"type": "Feature", "geometry": {"type": "LineString", "coordinates": [[88.361146, 22.550756], [88.361144, 22.55063], [88.361125, 22.550612], [88.361124, 22.550539], [88.361104, 22.550522], [88.361104, 22.550449], [88.360982, 22.549981], [88.360981, 22.549854]]}, "properties": {"feature_type": "edge", "u": 452, "v": 470, "edge_key": 0, "length_m": 106.627, "is_bridged": false, "is_bridge": false, "edge_betweenness": 0.0, "width_m": 8.564}}, {"type": "Feature", "geometry": {"type": "LineString", "coordinates": [[88.354125, 22.550743], [88.354085, 22.550671], [88.354004, 22.550293], [88.353964, 22.550203], [88.353963, 22.55013], [88.353903, 22.549968]]}, "properties": {"feature_type": "edge", "u": 453, "v": 467, "edge_key": 0, "length_m": 95.113, "is_bridged": false, "is_bridge": false, "edge_betweenness": 0.0, "width_m": 8.467}}, {"type": "Feature", "geometry": {"type": "LineString", "coordinates": [[88.356535, 22.550596], [88.356534, 22.55056], [88.356612, 22.550487], [88.357191, 22.550085], [88.357811, 22.549863], [88.358333, 22.549533], [88.358391, 22.549515], [88.358777, 22.549223]]}, "properties": {"feature_type": "edge", "u": 455, "v": 495, "edge_key": 0, "length_m": 296.475, "is_bridged": false, "is_bridge": false, "edge_betweenness": 0.0, "width_m": 8.942}}, {"type": "Feature", "geometry": {"type": "LineString", "coordinates": [[88.362796, 22.550489], [88.362757, 22.550471], [88.362736, 22.550345], [88.362697, 22.550291], [88.362617, 22.550039], [88.362457, 22.549679], [88.362417, 22.549481]]}, "properties": {"feature_type": "edge", "u": 456, "v": 482, "edge_key": 0, "length_m": 128.555, "is_bridged": false, "is_bridge": false, "edge_betweenness": 0.0, "width_m": 8.68}}, {"type": "Feature", "geometry": {"type": "LineString", "coordinates": [[88.362796, 22.550489], [88.362893, 22.550488]]}, "properties": {"feature_type": "edge", "u": 456, "v": 457, "edge_key": 0, "length_m": 10.0, "is_bridged": false, "is_bridge": false, "edge_betweenness": 0.0, "width_m": 9.634}}, {"type": "Feature", "geometry": {"type": "LineString", "coordinates": [[88.362893, 22.550488], [88.362892, 22.550398], [88.362833, 22.55029], [88.362533, 22.549444]]}, "properties": {"feature_type": "edge", "u": 457, "v": 484, "edge_key": 0, "length_m": 130.912, "is_bridged": false, "is_bridge": false, "edge_betweenness": 0.0, "width_m": 8.579}}, {"type": "Feature", "geometry": {"type": "LineString", "coordinates": [[88.35035, 22.550522], [88.350563, 22.550484], [88.350641, 22.550447], [88.351261, 22.550298]]}, "properties": {"feature_type": "edge", "u": 458, "v": 462, "edge_key": 0, "length_m": 103.941, "is_bridged": false, "is_bridge": true, "edge_betweenness": 0.0, "width_m": 8.447}}, {"type": "Feature", "geometry": {"type": "LineString", "coordinates": [[88.35035, 22.550522], [88.35031, 22.550468], [88.349988, 22.549315]]}, "properties": {"feature_type": "edge", "u": 458, "v": 493, "edge_key": 0, "length_m": 148.555, "is_bridged": false, "is_bridge": false, "edge_betweenness": 0.0, "width_m": 8.426}}, {"type": "Feature", "geometry": {"type": "LineString", "coordinates": [[88.359275, 22.550374], [88.359391, 22.550355], [88.359662, 22.550173]]}, "properties": {"feature_type": "edge", "u": 460, "v": 463, "edge_key": 0, "length_m": 49.113, "is_bridged": false, "is_bridge": false, "edge_betweenness": 0.0, "width_m": 9.003}}, {"type": "Feature", "geometry": {"type": "LineString", "coordinates": [[88.359275, 22.550374], [88.359195, 22.550195], [88.359018, 22.549925]]}, "properties": {"feature_type": "edge", "u": 460, "v": 468, "edge_key": 0, "length_m": 60.77, "is_bridged": false, "is_bridge": true, "edge_betweenness": 0.0, "width_m": 8.793}}, {"type": "Feature", "geometry": {"type": "LineString", "coordinates": [[88.359662, 22.550173], [88.35974, 22.550172], [88.360089, 22.550061], [88.360515, 22.549894]]}, "properties": {"feature_type": "edge", "u": 463, "v": 469, "edge_key": 0, "length_m": 100.426, "is_bridged": false, "is_bridge": true, "edge_betweenness": 0.0, "width_m": 8.635}}, {"type": "Feature", "geometry": {"type": "LineString", "coordinates": [[88.359662, 22.550173], [88.359422, 22.549542]]}, "properties": {"feature_type": "edge", "u": 463, "v": 481, "edge_key": 0, "length_m": 79.941, "is_bridged": false, "is_bridge": false, "edge_betweenness": 0.0, "width_m": 8.714}}, {"type": "Feature", "geometry": {"type": "LineString", "coordinates": [[88.355013, 22.550139], [88.356019, 22.549571], [88.357047, 22.549237], [88.357763, 22.548942], [88.358016, 22.548886], [88.358306, 22.548757], [88.358325, 22.548703]]}, "properties": {"feature_type": "edge", "u": 464, "v": 523, "edge_key": 0, "length_m": 408.604, "is_bridged": false, "is_bridge": false, "edge_betweenness": 0.0, "width_m": 8.711}}, {"type": "Feature", "geometry": {"type": "LineString", "coordinates": [[88.355013, 22.550139], [88.35453, 22.548427], [88.354529, 22.548355], [88.354409, 22.547977], [88.354408, 22.547887]]}, "properties": {"feature_type": "edge", "u": 464, "v": 561, "edge_key": 0, "length_m": 274.349, "is_bridged": false, "is_bridge": false, "edge_betweenness": 0.0, "width_m": 8.394}}, {"type": "Feature", "geometry": {"type": "LineString", "coordinates": [[88.348808, 22.550029], [88.348789, 22.550011], [88.348768, 22.549867]]}, "properties": {"feature_type": "edge", "u": 465, "v": 471, "edge_key": 0, "length_m": 19.657, "is_bridged": false, "is_bridge": false, "edge_betweenness": 0.0, "width_m": 8.315}}, {"type": "Feature", "geometry": {"type": "LineString", "coordinates": [[88.348808, 22.550029], [88.348886, 22.55001]]}, "properties": {"feature_type": "edge", "u": 465, "v": 466, "edge_key": 0, "length_m": 8.472, "is_bridged": false, "is_bridge": false, "edge_betweenness": 0.0, "width_m": 6.2}}, {"type": "Feature", "geometry": {"type": "LineString", "coordinates": [[88.348886, 22.55001], [88.348885, 22.549902], [88.348846, 22.549848]]}, "properties": {"feature_type": "edge", "u": 466, "v": 472, "edge_key": 0, "length_m": 19.657, "is_bridged": false, "is_bridge": false, "edge_betweenness": 0.0, "width_m": 7.584}}, {"type": "Feature", "geometry": {"type": "LineString", "coordinates": [[88.353903, 22.549968], [88.353822, 22.54959], [88.35358, 22.548724], [88.353518, 22.5484], [88.353479, 22.548364]]}, "properties": {"feature_type": "edge", "u": 467, "v": 549, "edge_key": 0, "length_m": 195.041, "is_bridged": false, "is_bridge": false, "edge_betweenness": 0.0, "width_m": 8.403}}, {"type": "Feature", "geometry": {"type": "LineString", "coordinates": [[88.360981, 22.549854], [88.361059, 22.549854], [88.361912, 22.549575]]}, "properties": {"feature_type": "edge", "u": 470, "v": 478, "edge_key": 0, "length_m": 108.426, "is_bridged": false, "is_bridge": true, "edge_betweenness": 0.0, "width_m": 8.325}}, {"type": "Feature", "geometry": {"type": "LineString", "coordinates": [[88.360981, 22.549854], [88.360922, 22.549764], [88.360921, 22.549674]]}, "properties": {"feature_type": "edge", "u": 470, "v": 475, "edge_key": 0, "length_m": 22.485, "is_bridged": false, "is_bridge": false, "edge_betweenness": 0.0, "width_m": 8.893}}, {"type": "Feature", "geometry": {"type": "LineString", "coordinates": [[88.348768, 22.549867], [88.348846, 22.549848]]}, "properties": {"feature_type": "edge", "u": 471, "v": 472, "edge_key": 0, "length_m": 8.472, "is_bridged": false, "is_bridge": false, "edge_betweenness": 0.0, "width_m": 6.2}}, {"type": "Feature", "geometry": {"type": "LineString", "coordinates": [[88.348768, 22.549867], [88.348748, 22.549777]]}, "properties": {"feature_type": "edge", "u": 471, "v": 473, "edge_key": 0, "length_m": 10.472, "is_bridged": false, "is_bridge": false, "edge_betweenness": 0.0, "width_m": 9.064}}, {"type": "Feature", "geometry": {"type": "LineString", "coordinates": [[88.348846, 22.549848], [88.348825, 22.549776]]}, "properties": {"feature_type": "edge", "u": 472, "v": 474, "edge_key": 0, "length_m": 8.472, "is_bridged": false, "is_bridge": false, "edge_betweenness": 0.0, "width_m": 8.638}}, {"type": "Feature", "geometry": {"type": "LineString", "coordinates": [[88.348748, 22.549777], [88.348727, 22.549705]]}, "properties": {"feature_type": "edge", "u": 473, "v": 476, "edge_key": 0, "length_m": 8.828, "is_bridged": false, "is_bridge": false, "edge_betweenness": 0.0, "width_m": 9.064}}, {"type": "Feature", "geometry": {"type": "LineString", "coordinates": [[88.348748, 22.549777], [88.348825, 22.549776]]}, "properties": {"feature_type": "edge", "u": 473, "v": 474, "edge_key": 0, "length_m": 8.0, "is_bridged": false, "is_bridge": false, "edge_betweenness": 0.0, "width_m": 10.209}}, {"type": "Feature", "geometry": {"type": "LineString", "coordinates": [[88.348825, 22.549776], [88.348805, 22.549704]]}, "properties": {"feature_type": "edge", "u": 474, "v": 477, "edge_key": 0, "length_m": 8.828, "is_bridged": false, "is_bridge": false, "edge_betweenness": 0.0, "width_m": 8.243}}, {"type": "Feature", "geometry": {"type": "LineString", "coordinates": [[88.360921, 22.549674], [88.360882, 22.549656], [88.360842, 22.54953], [88.360743, 22.54935], [88.360723, 22.549333], [88.360568, 22.549334], [88.360488, 22.54919], [88.36043, 22.549154]]}, "properties": {"feature_type": "edge", "u": 475, "v": 497, "edge_key": 0, "length_m": 90.07, "is_bridged": false, "is_bridge": false, "edge_betweenness": 0.0, "width_m": 8.854}}, {"type": "Feature", "geometry": {"type": "LineString", "coordinates": [[88.360921, 22.549674], [88.361095, 22.5496], [88.361251, 22.549563], [88.361308, 22.549508], [88.361289, 22.54949], [88.361288, 22.5494]]}, "properties": {"feature_type": "edge", "u": 475, "v": 486, "edge_key": 0, "length_m": 60.284, "is_bridged": false, "is_bridge": false, "edge_betweenness": 0.0, "width_m": 8.998}}, {"type": "Feature", "geometry": {"type": "LineString", "coordinates": [[88.348727, 22.549705], [88.348805, 22.549704]]}, "properties": {"feature_type": "edge", "u": 476, "v": 477, "edge_key": 0, "length_m": 8.0, "is_bridged": false, "is_bridge": false, "edge_betweenness": 0.0, "width_m": 6.2}}, {"type": "Feature", "geometry": {"type": "LineString", "coordinates": [[88.348727, 22.549705], [88.348707, 22.549633]]}, "properties": {"feature_type": "edge", "u": 476, "v": 479, "edge_key": 0, "length_m": 8.472, "is_bridged": false, "is_bridge": false, "edge_betweenness": 0.0, "width_m": 8.63}}, {"type": "Feature", "geometry": {"type": "LineString", "coordinates": [[88.348805, 22.549704], [88.348805, 22.549632]]}, "properties": {"feature_type": "edge", "u": 477, "v": 480, "edge_key": 0, "length_m": 8.0, "is_bridged": false, "is_bridge": false, "edge_betweenness": 0.0, "width_m": 7.534}}, {"type": "Feature", "geometry": {"type": "LineString", "coordinates": [[88.348707, 22.549633], [88.348805, 22.549632]]}, "properties": {"feature_type": "edge", "u": 479, "v": 480, "edge_key": 0, "length_m": 10.0, "is_bridged": false, "is_bridge": false, "edge_betweenness": 0.0, "width_m": 6.472}}, {"type": "Feature", "geometry": {"type": "LineString", "coordinates": [[88.348707, 22.549633], [88.348687, 22.54956]]}, "properties": {"feature_type": "edge", "u": 479, "v": 483, "edge_key": 0, "length_m": 8.472, "is_bridged": false, "is_bridge": false, "edge_betweenness": 0.0, "width_m": 8.63}}, {"type": "Feature", "geometry": {"type": "LineString", "coordinates": [[88.348805, 22.549632], [88.348765, 22.549542]]}, "properties": {"feature_type": "edge", "u": 480, "v": 485, "edge_key": 0, "length_m": 11.301, "is_bridged": false, "is_bridge": false, "edge_betweenness": 0.0, "width_m": 7.72}}, {"type": "Feature", "geometry": {"type": "LineString", "coordinates": [[88.348805, 22.549632], [88.349503, 22.549427], [88.349561, 22.549427], [88.349697, 22.549371], [88.349755, 22.549371], [88.349832, 22.549334], [88.349988, 22.549315]]}, "properties": {"feature_type": "edge", "u": 480, "v": 493, "edge_key": 0, "length_m": 135.727, "is_bridged": false, "is_bridge": false, "edge_betweenness": 0.0, "width_m": 8.504}}, {"type": "Feature", "geometry": {"type": "LineString", "coordinates": [[88.359422, 22.549542], [88.358777, 22.549223]]}, "properties": {"feature_type": "edge", "u": 481, "v": 495, "edge_key": 0, "length_m": 80.555, "is_bridged": false, "is_bridge": false, "edge_betweenness": 0.0, "width_m": 8.986}}, {"type": "Feature", "geometry": {"type": "LineString", "coordinates": [[88.359422, 22.549542], [88.36043, 22.549154]]}, "properties": {"feature_type": "edge", "u": 481, "v": 497, "edge_key": 0, "length_m": 121.397, "is_bridged": false, "is_bridge": false, "edge_betweenness": 0.0, "width_m": 8.685}}, {"type": "Feature", "geometry": {"type": "LineString", "coordinates": [[88.362417, 22.549481], [88.362533, 22.549444]]}, "properties": {"feature_type": "edge", "u": 482, "v": 484, "edge_key": 0, "length_m": 12.944, "is_bridged": false, "is_bridge": false, "edge_betweenness": 0.0, "width_m": 10.048}}, {"type": "Feature", "geometry": {"type": "LineString", "coordinates": [[88.362417, 22.549481], [88.362377, 22.549445], [88.362377, 22.549391], [88.362317, 22.549265], [88.362317, 22.549211], [88.362277, 22.549139], [88.362277, 22.549085], [88.362217, 22.548959], [88.362216, 22.548904], [88.362116, 22.548616]]}, "properties": {"feature_type": "edge", "u": 482, "v": 512, "edge_key": 0, "length_m": 106.68, "is_bridged": false, "is_bridge": false, "edge_betweenness": 0.0, "width_m": 8.508}}, {"type": "Feature", "geometry": {"type": "LineString", "coordinates": [[88.348687, 22.54956], [88.348765, 22.549542]]}, "properties": {"feature_type": "edge", "u": 483, "v": 485, "edge_key": 0, "length_m": 8.472, "is_bridged": false, "is_bridge": false, "edge_betweenness": 0.0, "width_m": 6.2}}, {"type": "Feature", "geometry": {"type": "LineString", "coordinates": [[88.348687, 22.54956], [88.348667, 22.549488]]}, "properties": {"feature_type": "edge", "u": 483, "v": 487, "edge_key": 0, "length_m": 8.472, "is_bridged": false, "is_bridge": false, "edge_betweenness": 0.0, "width_m": 8.63}}, {"type": "Feature", "geometry": {"type": "LineString", "coordinates": [[88.362533, 22.549444], [88.362494, 22.549426], [88.362493, 22.549354], [88.362293, 22.548813], [88.362254, 22.548796]]}, "properties": {"feature_type": "edge", "u": 484, "v": 515, "edge_key": 0, "length_m": 85.229, "is_bridged": false, "is_bridge": false, "edge_betweenness": 0.0, "width_m": 8.496}}, {"type": "Feature", "geometry": {"type": "LineString", "coordinates": [[88.362533, 22.549444], [88.364258, 22.548887], [88.364374, 22.548832], [88.364588, 22.548812], [88.364607, 22.548794], [88.364685, 22.548793], [88.364705, 22.548811], [88.364744, 22.548793]]}, "properties": {"feature_type": "edge", "u": 484, "v": 513, "edge_key": 0, "length_m": 258.296, "is_bridged": false, "is_bridge": true, "edge_betweenness": 0.0, "width_m": 8.472}}, {"type": "Feature", "geometry": {"type": "LineString", "coordinates": [[88.348765, 22.549542], [88.348745, 22.54947]]}, "properties": {"feature_type": "edge", "u": 485, "v": 488, "edge_key": 0, "length_m": 8.828, "is_bridged": false, "is_bridge": false, "edge_betweenness": 0.0, "width_m": 6.828}}, {"type": "Feature", "geometry": {"type": "LineString", "coordinates": [[88.361288, 22.5494], [88.361249, 22.549382], [88.361248, 22.549346], [88.361169, 22.54922], [88.361149, 22.549112]]}, "properties": {"feature_type": "edge", "u": 486, "v": 500, "edge_key": 0, "length_m": 38.614, "is_bridged": false, "is_bridge": false, "edge_betweenness": 0.0, "width_m": 9.238}}, {"type": "Feature", "geometry": {"type": "LineString", "coordinates": [[88.361288, 22.5494], [88.36152, 22.549326], [88.361559, 22.549289]]}, "properties": {"feature_type": "edge", "u": 486, "v": 491, "edge_key": 0, "length_m": 32.614, "is_bridged": false, "is_bridge": false, "edge_betweenness": 0.0, "width_m": 9.259}}, {"type": "Feature", "geometry": {"type": "LineString", "coordinates": [[88.348667, 22.549488], [88.348745, 22.54947]]}, "properties": {"feature_type": "edge", "u": 487, "v": 488, "edge_key": 0, "length_m": 8.472, "is_bridged": false, "is_bridge": false, "edge_betweenness": 0.0, "width_m": 6.2}}, {"type": "Feature", "geometry": {"type": "LineString", "coordinates": [[88.348667, 22.549488], [88.348647, 22.549416]]}, "properties": {"feature_type": "edge", "u": 487, "v": 489, "edge_key": 0, "length_m": 8.472, "is_bridged": false, "is_bridge": false, "edge_betweenness": 0.0, "width_m": 8.63}}, {"type": "Feature", "geometry": {"type": "LineString", "coordinates": [[88.348745, 22.54947], [88.348724, 22.549398]]}, "properties": {"feature_type": "edge", "u": 488, "v": 490, "edge_key": 0, "length_m": 8.828, "is_bridged": false, "is_bridge": false, "edge_betweenness": 0.0, "width_m": 6.828}}, {"type": "Feature", "geometry": {"type": "LineString", "coordinates": [[88.348647, 22.549416], [88.348724, 22.549398]]}, "properties": {"feature_type": "edge", "u": 489, "v": 490, "edge_key": 0, "length_m": 8.472, "is_bridged": false, "is_bridge": false, "edge_betweenness": 0.0, "width_m": 6.2}}, {"type": "Feature", "geometry": {"type": "LineString", "coordinates": [[88.348647, 22.549416], [88.348627, 22.549326]]}, "properties": {"feature_type": "edge", "u": 489, "v": 492, "edge_key": 0, "length_m": 10.472, "is_bridged": false, "is_bridge": false, "edge_betweenness": 0.0, "width_m": 8.472}}, {"type": "Feature", "geometry": {"type": "LineString", "coordinates": [[88.348724, 22.549398], [88.348704, 22.549325]]}, "properties": {"feature_type": "edge", "u": 490, "v": 494, "edge_key": 0, "length_m": 8.828, "is_bridged": false, "is_bridge": false, "edge_betweenness": 0.0, "width_m": 6.828}}, {"type": "Feature", "geometry": {"type": "LineString", "coordinates": [[88.361559, 22.549289], [88.361637, 22.549289], [88.362063, 22.549141]]}, "properties": {"feature_type": "edge", "u": 491, "v": 498, "edge_key": 0, "length_m": 58.627, "is_bridged": false, "is_bridge": true, "edge_betweenness": 0.0, "width_m": 9.003}}, {"type": "Feature", "geometry": {"type": "LineString", "coordinates": [[88.361559, 22.549289], [88.361479, 22.549055]]}, "properties": {"feature_type": "edge", "u": 491, "v": 502, "edge_key": 0, "length_m": 29.314, "is_bridged": false, "is_bridge": false, "edge_betweenness": 0.0, "width_m": 8.976}}, {"type": "Feature", "geometry": {"type": "LineString", "coordinates": [[88.348627, 22.549326], [88.348606, 22.549254]]}, "properties": {"feature_type": "edge", "u": 492, "v": 496, "edge_key": 0, "length_m": 8.828, "is_bridged": false, "is_bridge": false, "edge_betweenness": 0.0, "width_m": 8.472}}, {"type": "Feature", "geometry": {"type": "LineString", "coordinates": [[88.348627, 22.549326], [88.348704, 22.549325]]}, "properties": {"feature_type": "edge", "u": 492, "v": 494, "edge_key": 0, "length_m": 8.0, "is_bridged": false, "is_bridge": false, "edge_betweenness": 0.0, "width_m": 6.2}}, {"type": "Feature", "geometry": {"type": "LineString", "coordinates": [[88.349988, 22.549315], [88.350046, 22.549278], [88.350531, 22.549166], [88.350628, 22.549111]]}, "properties": {"feature_type": "edge", "u": 493, "v": 505, "edge_key": 0, "length_m": 75.113, "is_bridged": false, "is_bridge": false, "edge_betweenness": 0.0, "width_m": 8.584}}, {"type": "Feature", "geometry": {"type": "LineString", "coordinates": [[88.348704, 22.549325], [88.348704, 22.549253], [88.348684, 22.549235]]}, "properties": {"feature_type": "edge", "u": 494, "v": 499, "edge_key": 0, "length_m": 10.828, "is_bridged": false, "is_bridge": false, "edge_betweenness": 0.0, "width_m": 7.063}}, {"type": "Feature", "geometry": {"type": "LineString", "coordinates": [[88.358777, 22.549223], [88.358442, 22.548702]]}, "properties": {"feature_type": "edge", "u": 495, "v": 524, "edge_key": 0, "length_m": 71.727, "is_bridged": false, "is_bridge": false, "edge_betweenness": 0.0, "width_m": 9.057}}, {"type": "Feature", "geometry": {"type": "LineString", "coordinates": [[88.348606, 22.549254], [88.348586, 22.549182]]}, "properties": {"feature_type": "edge", "u": 496, "v": 501, "edge_key": 0, "length_m": 8.828, "is_bridged": false, "is_bridge": false, "edge_betweenness": 0.0, "width_m": 8.472}}, {"type": "Feature", "geometry": {"type": "LineString", "coordinates": [[88.348606, 22.549254], [88.348684, 22.549235]]}, "properties": {"feature_type": "edge", "u": 496, "v": 499, "edge_key": 0, "length_m": 8.472, "is_bridged": false, "is_bridge": false, "edge_betweenness": 0.0, "width_m": 6.2}}, {"type": "Feature", "geometry": {"type": "LineString", "coordinates": [[88.36043, 22.549154], [88.36037, 22.54901], [88.360252, 22.548849], [88.360251, 22.548777]]}, "properties": {"feature_type": "edge", "u": 497, "v": 517, "edge_key": 0, "length_m": 49.456, "is_bridged": false, "is_bridge": false, "edge_betweenness": 0.0, "width_m": 9.154}}, {"type": "Feature", "geometry": {"type": "LineString", "coordinates": [[88.348684, 22.549235], [88.348664, 22.549163]]}, "properties": {"feature_type": "edge", "u": 499, "v": 503, "edge_key": 0, "length_m": 8.828, "is_bridged": false, "is_bridge": false, "edge_betweenness": 0.0, "width_m": 6.828}}, {"type": "Feature", "geometry": {"type": "LineString", "coordinates": [[88.361149, 22.549112], [88.36111, 22.549094], [88.360852, 22.548573]]}, "properties": {"feature_type": "edge", "u": 500, "v": 530, "edge_key": 0, "length_m": 72.885, "is_bridged": false, "is_bridge": false, "edge_betweenness": 0.0, "width_m": 8.936}}, {"type": "Feature", "geometry": {"type": "LineString", "coordinates": [[88.361149, 22.549112], [88.361226, 22.549075], [88.361479, 22.549055]]}, "properties": {"feature_type": "edge", "u": 500, "v": 502, "edge_key": 0, "length_m": 36.129, "is_bridged": false, "is_bridge": false, "edge_betweenness": 0.0, "width_m": 9.018}}, {"type": "Feature", "geometry": {"type": "LineString", "coordinates": [[88.348586, 22.549182], [88.348566, 22.54911]]}, "properties": {"feature_type": "edge", "u": 501, "v": 504, "edge_key": 0, "length_m": 8.828, "is_bridged": false, "is_bridge": false, "edge_betweenness": 0.0, "width_m": 8.472}}, {"type": "Feature", "geometry": {"type": "LineString", "coordinates": [[88.348586, 22.549182], [88.348664, 22.549163]]}, "properties": {"feature_type": "edge", "u": 501, "v": 503, "edge_key": 0, "length_m": 8.472, "is_bridged": false, "is_bridge": false, "edge_betweenness": 0.0, "width_m": 6.2}}, {"type": "Feature", "geometry": {"type": "LineString", "coordinates": [[88.361479, 22.549055], [88.361498, 22.549019], [88.361692, 22.548945], [88.361963, 22.54887], [88.362079, 22.548815], [88.362138, 22.548815], [88.362116, 22.548616]]}, "properties": {"feature_type": "edge", "u": 502, "v": 512, "edge_key": 0, "length_m": 101.676, "is_bridged": false, "is_bridge": false, "edge_betweenness": 0.0, "width_m": 8.617}}, {"type": "Feature", "geometry": {"type": "LineString", "coordinates": [[88.348664, 22.549163], [88.348644, 22.549091]]}, "properties": {"feature_type": "edge", "u": 503, "v": 506, "edge_key": 0, "length_m": 8.828, "is_bridged": false, "is_bridge": false, "edge_betweenness": 0.0, "width_m": 6.828}}, {"type": "Feature", "geometry": {"type": "LineString", "coordinates": [[88.348566, 22.54911], [88.348546, 22.549038]]}, "properties": {"feature_type": "edge", "u": 504, "v": 507, "edge_key": 0, "length_m": 8.828, "is_bridged": false, "is_bridge": false, "edge_betweenness": 0.0, "width_m": 8.472}}, {"type": "Feature", "geometry": {"type": "LineString", "coordinates": [[88.348566, 22.54911], [88.348644, 22.549091]]}, "properties": {"feature_type": "edge", "u": 504, "v": 506, "edge_key": 0, "length_m": 8.472, "is_bridged": false, "is_bridge": false, "edge_betweenness": 0.0, "width_m": 6.2}}, {"type": "Feature", "geometry": {"type": "LineString", "coordinates": [[88.350628, 22.549111], [88.350725, 22.54911], [88.35086, 22.549054], [88.350919, 22.549054], [88.351054, 22.548999], [88.351229, 22.548961], [88.351287, 22.548924]]}, "properties": {"feature_type": "edge", "u": 505, "v": 511, "edge_key": 0, "length_m": 76.284, "is_bridged": false, "is_bridge": false, "edge_betweenness": 0.0, "width_m": 8.749}}, {"type": "Feature", "geometry": {"type": "LineString", "coordinates": [[88.350628, 22.549111], [88.350505, 22.548534], [88.350425, 22.548263], [88.350424, 22.548191], [88.350384, 22.548101], [88.350384, 22.548029], [88.350344, 22.547939], [88.350323, 22.547776], [88.350283, 22.547686], [88.350282, 22.547614], [88.350202, 22.547326]]}, "properties": {"feature_type": "edge", "u": 505, "v": 577, "edge_key": 0, "length_m": 215.041, "is_bridged": false, "is_bridge": false, "edge_betweenness": 0.0, "width_m": 8.304}}, {"type": "Feature", "geometry": {"type": "LineString", "coordinates": [[88.348644, 22.549091], [88.348624, 22.549019]]}, "properties": {"feature_type": "edge", "u": 506, "v": 508, "edge_key": 0, "length_m": 8.828, "is_bridged": false, "is_bridge": false, "edge_betweenness": 0.0, "width_m": 6.828}}, {"type": "Feature", "geometry": {"type": "LineString", "coordinates": [[88.348546, 22.549038], [88.348526, 22.548966]]}, "properties": {"feature_type": "edge", "u": 507, "v": 509, "edge_key": 0, "length_m": 8.828, "is_bridged": false, "is_bridge": false, "edge_betweenness": 0.0, "width_m": 8.472}}, {"type": "Feature", "geometry": {"type": "LineString", "coordinates": [[88.348546, 22.549038], [88.348624, 22.549019]]}, "properties": {"feature_type": "edge", "u": 507, "v": 508, "edge_key": 0, "length_m": 8.472, "is_bridged": false, "is_bridge": false, "edge_betweenness": 0.0, "width_m": 6.2}}, {"type": "Feature", "geometry": {"type": "LineString", "coordinates": [[88.348624, 22.549019], [88.348603, 22.548947]]}, "properties": {"feature_type": "edge", "u": 508, "v": 510, "edge_key": 0, "length_m": 8.828, "is_bridged": false, "is_bridge": false, "edge_betweenness": 0.0, "width_m": 6.828}}, {"type": "Feature", "geometry": {"type": "LineString", "coordinates": [[88.348526, 22.548966], [88.348603, 22.548947]]}, "properties": {"feature_type": "edge", "u": 509, "v": 510, "edge_key": 0, "length_m": 8.472, "is_bridged": false, "is_bridge": false, "edge_betweenness": 0.0, "width_m": 6.2}}, {"type": "Feature", "geometry": {"type": "LineString", "coordinates": [[88.348526, 22.548966], [88.348506, 22.548894]]}, "properties": {"feature_type": "edge", "u": 509, "v": 514, "edge_key": 0, "length_m": 8.472, "is_bridged": false, "is_bridge": false, "edge_betweenness": 0.0, "width_m": 8.63}}, {"type": "Feature", "geometry": {"type": "LineString", "coordinates": [[88.348603, 22.548947], [88.348583, 22.548875]]}, "properties": {"feature_type": "edge", "u": 510, "v": 518, "edge_key": 0, "length_m": 8.828, "is_bridged": false, "is_bridge": false, "edge_betweenness": 0.0, "width_m": 6.828}}, {"type": "Feature", "geometry": {"type": "LineString", "coordinates": [[88.351287, 22.548924], [88.351365, 22.548924], [88.35152, 22.548868]]}, "properties": {"feature_type": "edge", "u": 511, "v": 516, "edge_key": 0, "length_m": 26.485, "is_bridged": false, "is_bridge": false, "edge_betweenness": 0.0, "width_m": 9.343}}, {"type": "Feature", "geometry": {"type": "LineString", "coordinates": [[88.351287, 22.548924], [88.351167, 22.5486], [88.351166, 22.548528], [88.351224, 22.548491], [88.35138, 22.548472], [88.351399, 22.548454]]}, "properties": {"feature_type": "edge", "u": 511, "v": 544, "edge_key": 0, "length_m": 76.284, "is_bridged": false, "is_bridge": false, "edge_betweenness": 0.0, "width_m": 8.625}}, {"type": "Feature", "geometry": {"type": "LineString", "coordinates": [[88.362116, 22.548616], [88.362215, 22.548796], [88.362254, 22.548796]]}, "properties": {"feature_type": "edge", "u": 512, "v": 515, "edge_key": 0, "length_m": 26.361, "is_bridged": false, "is_bridge": false, "edge_betweenness": 0.0, "width_m": 5.886}}, {"type": "Feature", "geometry": {"type": "LineString", "coordinates": [[88.362116, 22.548616], [88.362195, 22.548742], [88.362234, 22.548742]]}, "properties": {"feature_type": "edge", "u": 512, "v": 520, "edge_key": 0, "length_m": 20.125, "is_bridged": false, "is_bridge": false, "edge_betweenness": 0.0, "width_m": 5.886}}, {"type": "Feature", "geometry": {"type": "LineString", "coordinates": [[88.362116, 22.548616], [88.362175, 22.548688], [88.362214, 22.548688]]}, "properties": {"feature_type": "edge", "u": 512, "v": 525, "edge_key": 0, "length_m": 14.0, "is_bridged": false, "is_bridge": false, "edge_betweenness": 0.0, "width_m": 5.886}}, {"type": "Feature", "geometry": {"type": "LineString", "coordinates": [[88.362116, 22.548616], [88.362194, 22.548634]]}, "properties": {"feature_type": "edge", "u": 512, "v": 527, "edge_key": 0, "length_m": 8.472, "is_bridged": false, "is_bridge": false, "edge_betweenness": 0.0, "width_m": 5.886}}, {"type": "Feature", "geometry": {"type": "LineString", "coordinates": [[88.362116, 22.548616], [88.362136, 22.54858], [88.362174, 22.54858]]}, "properties": {"feature_type": "edge", "u": 512, "v": 531, "edge_key": 0, "length_m": 8.472, "is_bridged": false, "is_bridge": false, "edge_betweenness": 0.0, "width_m": 5.886}}, {"type": "Feature", "geometry": {"type": "LineString", "coordinates": [[88.362116, 22.548616], [88.362116, 22.548526], [88.362154, 22.548526]]}, "properties": {"feature_type": "edge", "u": 512, "v": 534, "edge_key": 0, "length_m": 14.0, "is_bridged": false, "is_bridge": false, "edge_betweenness": 0.0, "width_m": 5.886}}, {"type": "Feature", "geometry": {"type": "LineString", "coordinates": [[88.362116, 22.548616], [88.362096, 22.548472], [88.362134, 22.548472]]}, "properties": {"feature_type": "edge", "u": 512, "v": 538, "edge_key": 0, "length_m": 20.125, "is_bridged": false, "is_bridge": false, "edge_betweenness": 0.0, "width_m": 5.886}}, {"type": "Feature", "geometry": {"type": "LineString", "coordinates": [[88.362116, 22.548616], [88.362076, 22.548418], [88.362114, 22.548418]]}, "properties": {"feature_type": "edge", "u": 512, "v": 541, "edge_key": 0, "length_m": 26.361, "is_bridged": false, "is_bridge": false, "edge_betweenness": 0.0, "width_m": 5.886}}, {"type": "Feature", "geometry": {"type": "LineString", "coordinates": [[88.362116, 22.548616], [88.362017, 22.548382], [88.362035, 22.548274]]}, "properties": {"feature_type": "edge", "u": 512, "v": 545, "edge_key": 0, "length_m": 40.055, "is_bridged": false, "is_bridge": false, "edge_betweenness": 0.0, "width_m": 6.236}}, {"type": "Feature", "geometry": {"type": "LineString", "coordinates": [[88.348506, 22.548894], [88.348583, 22.548875]]}, "properties": {"feature_type": "edge", "u": 514, "v": 518, "edge_key": 0, "length_m": 8.472, "is_bridged": false, "is_bridge": false, "edge_betweenness": 0.0, "width_m": 6.2}}, {"type": "Feature", "geometry": {"type": "LineString", "coordinates": [[88.348506, 22.548894], [88.348486, 22.548821]]}, "properties": {"feature_type": "edge", "u": 514, "v": 521, "edge_key": 0, "length_m": 8.472, "is_bridged": false, "is_bridge": false, "edge_betweenness": 0.0, "width_m": 8.63}}, {"type": "Feature", "geometry": {"type": "LineString", "coordinates": [[88.362254, 22.548796], [88.362234, 22.548742]]}, "properties": {"feature_type": "edge", "u": 515, "v": 520, "edge_key": 0, "length_m": 6.828, "is_bridged": false, "is_bridge": false, "edge_betweenness": 0.0, "width_m": 6.438}}, {"type": "Feature", "geometry": {"type": "LineString", "coordinates": [[88.35152, 22.548868], [88.351656, 22.548849], [88.351869, 22.548775], [88.352432, 22.548644], [88.35247, 22.548607]]}, "properties": {"feature_type": "edge", "u": 516, "v": 533, "edge_key": 0, "length_m": 109.598, "is_bridged": false, "is_bridge": false, "edge_betweenness": 0.0, "width_m": 8.569}}, {"type": "Feature", "geometry": {"type": "LineString", "coordinates": [[88.35152, 22.548868], [88.351519, 22.548778], [88.351438, 22.54849], [88.351399, 22.548454]]}, "properties": {"feature_type": "edge", "u": 516, "v": 544, "edge_key": 0, "length_m": 50.971, "is_bridged": false, "is_bridge": false, "edge_betweenness": 0.0, "width_m": 8.696}}, {"type": "Feature", "geometry": {"type": "LineString", "coordinates": [[88.360251, 22.548777], [88.360192, 22.548759], [88.360133, 22.548651], [88.360132, 22.548579], [88.360113, 22.548561], [88.360112, 22.548471], [88.360188, 22.548344]]}, "properties": {"feature_type": "edge", "u": 517, "v": 547, "edge_key": 0, "length_m": 59.456, "is_bridged": false, "is_bridge": false, "edge_betweenness": 0.0, "width_m": 8.873}}, {"type": "Feature", "geometry": {"type": "LineString", "coordinates": [[88.360251, 22.548777], [88.3606, 22.548647], [88.360696, 22.548592], [88.360852, 22.548573]]}, "properties": {"feature_type": "edge", "u": 517, "v": 530, "edge_key": 0, "length_m": 70.756, "is_bridged": false, "is_bridge": false, "edge_betweenness": 0.0, "width_m": 8.787}}, {"type": "Feature", "geometry": {"type": "LineString", "coordinates": [[88.348583, 22.548875], [88.348563, 22.548803]]}, "properties": {"feature_type": "edge", "u": 518, "v": 522, "edge_key": 0, "length_m": 8.828, "is_bridged": false, "is_bridge": false, "edge_betweenness": 0.0, "width_m": 6.828}}, {"type": "Feature", "geometry": {"type": "LineString", "coordinates": [[88.361398, 22.548749], [88.361279, 22.548497], [88.361259, 22.548407]]}, "properties": {"feature_type": "edge", "u": 519, "v": 540, "edge_key": 0, "length_m": 43.799, "is_bridged": false, "is_bridge": true, "edge_betweenness": 0.0, "width_m": 8.286}}, {"type": "Feature", "geometry": {"type": "LineString", "coordinates": [[88.362234, 22.548742], [88.362214, 22.548688]]}, "properties": {"feature_type": "edge", "u": 520, "v": 525, "edge_key": 0, "length_m": 6.828, "is_bridged": false, "is_bridge": false, "edge_betweenness": 0.0, "width_m": 6.438}}, {"type": "Feature", "geometry": {"type": "LineString", "coordinates": [[88.348486, 22.548821], [88.348563, 22.548803]]}, "properties": {"feature_type": "edge", "u": 521, "v": 522, "edge_key": 0, "length_m": 8.472, "is_bridged": false, "is_bridge": false, "edge_betweenness": 0.0, "width_m": 6.2}}, {"type": "Feature", "geometry": {"type": "LineString", "coordinates": [[88.348486, 22.548821], [88.348465, 22.548749]]}, "properties": {"feature_type": "edge", "u": 521, "v": 526, "edge_key": 0, "length_m": 8.472, "is_bridged": false, "is_bridge": false, "edge_betweenness": 0.0, "width_m": 8.63}}, {"type": "Feature", "geometry": {"type": "LineString", "coordinates": [[88.348563, 22.548803], [88.348543, 22.548731]]}, "properties": {"feature_type": "edge", "u": 522, "v": 528, "edge_key": 0, "length_m": 8.828, "is_bridged": false, "is_bridge": false, "edge_betweenness": 0.0, "width_m": 6.828}}, {"type": "Feature", "geometry": {"type": "LineString", "coordinates": [[88.358325, 22.548703], [88.358442, 22.548702]]}, "properties": {"feature_type": "edge", "u": 523, "v": 524, "edge_key": 0, "length_m": 12.0, "is_bridged": false, "is_bridge": false, "edge_betweenness": 0.0, "width_m": 11.2}}, {"type": "Feature", "geometry": {"type": "LineString", "coordinates": [[88.358325, 22.548703], [88.358325, 22.548666], [88.357869, 22.547839], [88.357869, 22.547803], [88.357651, 22.547444], [88.357631, 22.547372]]}, "properties": {"feature_type": "edge", "u": 523, "v": 576, "edge_key": 0, "length_m": 176.491, "is_bridged": false, "is_bridge": false, "edge_betweenness": 0.0, "width_m": 8.849}}, {"type": "Feature", "geometry": {"type": "LineString", "coordinates": [[88.358442, 22.548702], [88.358519, 22.548611], [88.358924, 22.548354], [88.359117, 22.548172], [88.359617, 22.547608], [88.359655, 22.547499]]}, "properties": {"feature_type": "edge", "u": 524, "v": 571, "edge_key": 0, "length_m": 192.036, "is_bridged": false, "is_bridge": false, "edge_betweenness": 0.0, "width_m": 9.058}}, {"type": "Feature", "geometry": {"type": "LineString", "coordinates": [[88.362214, 22.548688], [88.362194, 22.548634]]}, "properties": {"feature_type": "edge", "u": 525, "v": 527, "edge_key": 0, "length_m": 6.828, "is_bridged": false, "is_bridge": false, "edge_betweenness": 0.0, "width_m": 6.438}}, {"type": "Feature", "geometry": {"type": "LineString", "coordinates": [[88.348465, 22.548749], [88.348543, 22.548731]]}, "properties": {"feature_type": "edge", "u": 526, "v": 528, "edge_key": 0, "length_m": 8.472, "is_bridged": false, "is_bridge": false, "edge_betweenness": 0.0, "width_m": 6.2}}, {"type": "Feature", "geometry": {"type": "LineString", "coordinates": [[88.348465, 22.548749], [88.348445, 22.548677]]}, "properties": {"feature_type": "edge", "u": 526, "v": 529, "edge_key": 0, "length_m": 8.472, "is_bridged": false, "is_bridge": false, "edge_betweenness": 0.0, "width_m": 8.63}}, {"type": "Feature", "geometry": {"type": "LineString", "coordinates": [[88.362194, 22.548634], [88.362174, 22.54858]]}, "properties": {"feature_type": "edge", "u": 527, "v": 531, "edge_key": 0, "length_m": 6.828, "is_bridged": false, "is_bridge": false, "edge_betweenness": 0.0, "width_m": 6.438}}, {"type": "Feature", "geometry": {"type": "LineString", "coordinates": [[88.348543, 22.548731], [88.348523, 22.548659]]}, "properties": {"feature_type": "edge", "u": 528, "v": 532, "edge_key": 0, "length_m": 8.828, "is_bridged": false, "is_bridge": false, "edge_betweenness": 0.0, "width_m": 6.828}}, {"type": "Feature", "geometry": {"type": "LineString", "coordinates": [[88.348445, 22.548677], [88.348523, 22.548659]]}, "properties": {"feature_type": "edge", "u": 529, "v": 532, "edge_key": 0, "length_m": 8.472, "is_bridged": false, "is_bridge": false, "edge_betweenness": 0.0, "width_m": 6.2}}, {"type": "Feature", "geometry": {"type": "LineString", "coordinates": [[88.348445, 22.548677], [88.348425, 22.548605]]}, "properties": {"feature_type": "edge", "u": 529, "v": 535, "edge_key": 0, "length_m": 8.472, "is_bridged": false, "is_bridge": false, "edge_betweenness": 0.0, "width_m": 8.63}}, {"type": "Feature", "geometry": {"type": "LineString", "coordinates": [[88.360852, 22.548573], [88.360929, 22.5485], [88.361065, 22.548463], [88.361161, 22.548408], [88.361259, 22.548407]]}, "properties": {"feature_type": "edge", "u": 530, "v": 540, "edge_key": 0, "length_m": 50.271, "is_bridged": false, "is_bridge": false, "edge_betweenness": 0.0, "width_m": 8.81}}, {"type": "Feature", "geometry": {"type": "LineString", "coordinates": [[88.362174, 22.54858], [88.362154, 22.548526]]}, "properties": {"feature_type": "edge", "u": 531, "v": 534, "edge_key": 0, "length_m": 6.828, "is_bridged": false, "is_bridge": false, "edge_betweenness": 0.0, "width_m": 6.438}}, {"type": "Feature", "geometry": {"type": "LineString", "coordinates": [[88.348523, 22.548659], [88.348503, 22.548586]]}, "properties": {"feature_type": "edge", "u": 532, "v": 536, "edge_key": 0, "length_m": 8.828, "is_bridged": false, "is_bridge": false, "edge_betweenness": 0.0, "width_m": 6.828}}, {"type": "Feature", "geometry": {"type": "LineString", "coordinates": [[88.35247, 22.548607], [88.352567, 22.548607], [88.352723, 22.548551]]}, "properties": {"feature_type": "edge", "u": 533, "v": 537, "edge_key": 0, "length_m": 28.485, "is_bridged": false, "is_bridge": false, "edge_betweenness": 0.0, "width_m": 8.811}}, {"type": "Feature", "geometry": {"type": "LineString", "coordinates": [[88.35247, 22.548607], [88.35231, 22.548121]]}, "properties": {"feature_type": "edge", "u": 533, "v": 554, "edge_key": 0, "length_m": 60.627, "is_bridged": false, "is_bridge": true, "edge_betweenness": 0.0, "width_m": 8.456}}, {"type": "Feature", "geometry": {"type": "LineString", "coordinates": [[88.362154, 22.548526], [88.362134, 22.548472]]}, "properties": {"feature_type": "edge", "u": 534, "v": 538, "edge_key": 0, "length_m": 6.828, "is_bridged": false, "is_bridge": false, "edge_betweenness": 0.0, "width_m": 6.438}}, {"type": "Feature", "geometry": {"type": "LineString", "coordinates": [[88.348425, 22.548605], [88.348503, 22.548586]]}, "properties": {"feature_type": "edge", "u": 535, "v": 536, "edge_key": 0, "length_m": 8.472, "is_bridged": false, "is_bridge": false, "edge_betweenness": 0.0, "width_m": 6.2}}, {"type": "Feature", "geometry": {"type": "LineString", "coordinates": [[88.348425, 22.548605], [88.348405, 22.548533]]}, "properties": {"feature_type": "edge", "u": 535, "v": 539, "edge_key": 0, "length_m": 8.472, "is_bridged": false, "is_bridge": false, "edge_betweenness": 0.0, "width_m": 8.63}}, {"type": "Feature", "geometry": {"type": "LineString", "coordinates": [[88.348503, 22.548586], [88.348483, 22.548514]]}, "properties": {"feature_type": "edge", "u": 536, "v": 542, "edge_key": 0, "length_m": 8.828, "is_bridged": false, "is_bridge": false, "edge_betweenness": 0.0, "width_m": 6.828}}, {"type": "Feature", "geometry": {"type": "LineString", "coordinates": [[88.352723, 22.548551], [88.352936, 22.548513], [88.353013, 22.548476], [88.353479, 22.548364]]}, "properties": {"feature_type": "edge", "u": 537, "v": 549, "edge_key": 0, "length_m": 86.284, "is_bridged": false, "is_bridge": false, "edge_betweenness": 0.0, "width_m": 8.495}}, {"type": "Feature", "geometry": {"type": "LineString", "coordinates": [[88.352723, 22.548551], [88.352721, 22.548443], [88.352602, 22.548119]]}, "properties": {"feature_type": "edge", "u": 537, "v": 555, "edge_key": 0, "length_m": 52.971, "is_bridged": false, "is_bridge": true, "edge_betweenness": 0.0, "width_m": 8.355}}, {"type": "Feature", "geometry": {"type": "LineString", "coordinates": [[88.362134, 22.548472], [88.362114, 22.548418]]}, "properties": {"feature_type": "edge", "u": 538, "v": 541, "edge_key": 0, "length_m": 6.828, "is_bridged": false, "is_bridge": false, "edge_betweenness": 0.0, "width_m": 6.438}}, {"type": "Feature", "geometry": {"type": "LineString", "coordinates": [[88.348405, 22.548533], [88.348483, 22.548514]]}, "properties": {"feature_type": "edge", "u": 539, "v": 542, "edge_key": 0, "length_m": 8.472, "is_bridged": false, "is_bridge": false, "edge_betweenness": 0.0, "width_m": 6.2}}, {"type": "Feature", "geometry": {"type": "LineString", "coordinates": [[88.348405, 22.548533], [88.348385, 22.548461]]}, "properties": {"feature_type": "edge", "u": 539, "v": 543, "edge_key": 0, "length_m": 8.472, "is_bridged": false, "is_bridge": false, "edge_betweenness": 0.0, "width_m": 8.63}}, {"type": "Feature", "geometry": {"type": "LineString", "coordinates": [[88.361259, 22.548407], [88.361297, 22.548352], [88.361336, 22.548352], [88.361839, 22.548131], [88.361898, 22.54813], [88.361936, 22.548094]]}, "properties": {"feature_type": "edge", "u": 540, "v": 553, "edge_key": 0, "length_m": 84.899, "is_bridged": false, "is_bridge": false, "edge_betweenness": 0.0, "width_m": 8.942}}, {"type": "Feature", "geometry": {"type": "LineString", "coordinates": [[88.362114, 22.548418], [88.362114, 22.548363], [88.362035, 22.548274]]}, "properties": {"feature_type": "edge", "u": 541, "v": 545, "edge_key": 0, "length_m": 18.806, "is_bridged": false, "is_bridge": false, "edge_betweenness": 0.0, "width_m": 5.65}}, {"type": "Feature", "geometry": {"type": "LineString", "coordinates": [[88.348483, 22.548514], [88.348462, 22.548442]]}, "properties": {"feature_type": "edge", "u": 542, "v": 546, "edge_key": 0, "length_m": 8.828, "is_bridged": false, "is_bridge": false, "edge_betweenness": 0.0, "width_m": 6.828}}, {"type": "Feature", "geometry": {"type": "LineString", "coordinates": [[88.348385, 22.548461], [88.348462, 22.548442]]}, "properties": {"feature_type": "edge", "u": 543, "v": 546, "edge_key": 0, "length_m": 8.472, "is_bridged": false, "is_bridge": false, "edge_betweenness": 0.0, "width_m": 6.2}}, {"type": "Feature", "geometry": {"type": "LineString", "coordinates": [[88.348385, 22.548461], [88.348365, 22.548389]]}, "properties": {"feature_type": "edge", "u": 543, "v": 548, "edge_key": 0, "length_m": 8.472, "is_bridged": false, "is_bridge": false, "edge_betweenness": 0.0, "width_m": 8.63}}, {"type": "Feature", "geometry": {"type": "LineString", "coordinates": [[88.351399, 22.548454], [88.351398, 22.548309], [88.351378, 22.548291]]}, "properties": {"feature_type": "edge", "u": 544, "v": 552, "edge_key": 0, "length_m": 18.828, "is_bridged": false, "is_bridge": true, "edge_betweenness": 0.0, "width_m": 9.08}}, {"type": "Feature", "geometry": {"type": "LineString", "coordinates": [[88.362035, 22.548274], [88.361975, 22.548112], [88.361936, 22.548094]]}, "properties": {"feature_type": "edge", "u": 545, "v": 553, "edge_key": 0, "length_m": 23.95, "is_bridged": false, "is_bridge": false, "edge_betweenness": 0.0, "width_m": 13.569}}, {"type": "Feature", "geometry": {"type": "LineString", "coordinates": [[88.348462, 22.548442], [88.348442, 22.54837]]}, "properties": {"feature_type": "edge", "u": 546, "v": 550, "edge_key": 0, "length_m": 8.828, "is_bridged": false, "is_bridge": false, "edge_betweenness": 0.0, "width_m": 6.828}}, {"type": "Feature", "geometry": {"type": "LineString", "coordinates": [[88.360188, 22.548344], [88.360286, 22.548343], [88.360421, 22.548287], [88.36048, 22.548287], [88.360964, 22.548138], [88.361448, 22.547917], [88.361778, 22.547806], [88.361816, 22.547679]]}, "properties": {"feature_type": "edge", "u": 547, "v": 562, "edge_key": 0, "length_m": 203.018, "is_bridged": false, "is_bridge": false, "edge_betweenness": 0.0, "width_m": 8.569}}, {"type": "Feature", "geometry": {"type": "LineString", "coordinates": [[88.360188, 22.548344], [88.360169, 22.548326], [88.360147, 22.548109], [88.359988, 22.547749], [88.359968, 22.547641]]}, "properties": {"feature_type": "edge", "u": 547, "v": 564, "edge_key": 0, "length_m": 87.113, "is_bridged": false, "is_bridge": false, "edge_betweenness": 0.0, "width_m": 8.567}}, {"type": "Feature", "geometry": {"type": "LineString", "coordinates": [[88.348365, 22.548389], [88.348285, 22.548173], [88.348284, 22.548083], [88.348303, 22.548064]]}, "properties": {"feature_type": "edge", "u": 548, "v": 560, "edge_key": 0, "length_m": 40.142, "is_bridged": false, "is_bridge": false, "edge_betweenness": 0.0, "width_m": 8.459}}, {"type": "Feature", "geometry": {"type": "LineString", "coordinates": [[88.348365, 22.548389], [88.348442, 22.54837]]}, "properties": {"feature_type": "edge", "u": 548, "v": 550, "edge_key": 0, "length_m": 8.472, "is_bridged": false, "is_bridge": false, "edge_betweenness": 0.0, "width_m": 6.2}}, {"type": "Feature", "geometry": {"type": "LineString", "coordinates": [[88.353479, 22.548364], [88.353478, 22.548256], [88.353418, 22.548112], [88.353418, 22.548057]]}, "properties": {"feature_type": "edge", "u": 549, "v": 556, "edge_key": 0, "length_m": 36.485, "is_bridged": false, "is_bridge": false, "edge_betweenness": 0.0, "width_m": 8.941}}, {"type": "Feature", "geometry": {"type": "LineString", "coordinates": [[88.348442, 22.54837], [88.348401, 22.548118], [88.348303, 22.548064]]}, "properties": {"feature_type": "edge", "u": 550, "v": 560, "edge_key": 0, "length_m": 41.786, "is_bridged": false, "is_bridge": false, "edge_betweenness": 0.0, "width_m": 8.407}}, {"type": "Feature", "geometry": {"type": "LineString", "coordinates": [[88.351087, 22.54833], [88.351087, 22.548348]]}, "properties": {"feature_type": "edge", "u": 551, "v": 707, "edge_key": 0, "length_m": 2.0, "is_bridged": false, "is_bridge": false, "edge_betweenness": 0.0, "width_m": 8.63}}, {"type": "Feature", "geometry": {"type": "LineString", "coordinates": [[88.351087, 22.548348], [88.351087, 22.54833]]}, "properties": {"feature_type": "edge", "u": 551, "v": 707, "edge_key": 1, "length_m": 2.0, "is_bridged": false, "is_bridge": false, "edge_betweenness": 0.0, "width_m": 8.63}}, {"type": "Feature", "geometry": {"type": "LineString", "coordinates": [[88.351087, 22.54833], [88.351378, 22.548291]]}, "properties": {"feature_type": "edge", "u": 551, "v": 552, "edge_key": 0, "length_m": 31.657, "is_bridged": false, "is_bridge": true, "edge_betweenness": 0.0, "width_m": 8.27}}, {"type": "Feature", "geometry": {"type": "LineString", "coordinates": [[88.351087, 22.54833], [88.351026, 22.548078]]}, "properties": {"feature_type": "edge", "u": 551, "v": 557, "edge_key": 0, "length_m": 30.129, "is_bridged": false, "is_bridge": true, "edge_betweenness": 0.0, "width_m": 8.27}}, {"type": "Feature", "geometry": {"type": "LineString", "coordinates": [[88.351378, 22.548291], [88.351377, 22.548201], [88.351337, 22.548075]]}, "properties": {"feature_type": "edge", "u": 552, "v": 558, "edge_key": 0, "length_m": 25.657, "is_bridged": false, "is_bridge": true, "edge_betweenness": 0.0, "width_m": 8.393}}, {"type": "Feature", "geometry": {"type": "LineString", "coordinates": [[88.361936, 22.548094], [88.361935, 22.547986], [88.361816, 22.547679]]}, "properties": {"feature_type": "edge", "u": 553, "v": 562, "edge_key": 0, "length_m": 49.963, "is_bridged": false, "is_bridge": false, "edge_betweenness": 0.0, "width_m": 16.209}}, {"type": "Feature", "geometry": {"type": "LineString", "coordinates": [[88.353418, 22.548057], [88.353216, 22.547355], [88.353216, 22.547282]]}, "properties": {"feature_type": "edge", "u": 556, "v": 578, "edge_key": 0, "length_m": 94.284, "is_bridged": false, "is_bridge": false, "edge_betweenness": 0.0, "width_m": 8.456}}, {"type": "Feature", "geometry": {"type": "LineString", "coordinates": [[88.353418, 22.548057], [88.354408, 22.547887]]}, "properties": {"feature_type": "edge", "u": 556, "v": 561, "edge_key": 0, "length_m": 109.1, "is_bridged": false, "is_bridge": false, "edge_betweenness": 0.0, "width_m": 8.386}}, {"type": "Feature", "geometry": {"type": "LineString", "coordinates": [[88.360652, 22.547978], [88.360651, 22.547924], [88.360552, 22.54769], [88.360551, 22.547636], [88.360512, 22.5476], [88.360395, 22.547547], [88.360317, 22.547548], [88.360297, 22.547566], [88.360161, 22.547567], [88.359968, 22.547641]]}, "properties": {"feature_type": "edge", "u": 559, "v": 564, "edge_key": 0, "length_m": 110.426, "is_bridged": false, "is_bridge": true, "edge_betweenness": 0.0, "width_m": 8.505}}, {"type": "Feature", "geometry": {"type": "LineString", "coordinates": [[88.348303, 22.548064], [88.348282, 22.547884], [88.348242, 22.547776], [88.348241, 22.547649]]}, "properties": {"feature_type": "edge", "u": 560, "v": 566, "edge_key": 0, "length_m": 48.485, "is_bridged": false, "is_bridge": false, "edge_betweenness": 0.0, "width_m": 8.674}}, {"type": "Feature", "geometry": {"type": "LineString", "coordinates": [[88.354408, 22.547887], [88.354369, 22.547869], [88.354368, 22.547779], [88.354167, 22.547112]]}, "properties": {"feature_type": "edge", "u": 561, "v": 583, "edge_key": 0, "length_m": 96.756, "is_bridged": false, "is_bridge": false, "edge_betweenness": 0.0, "width_m": 8.632}}, {"type": "Feature", "geometry": {"type": "LineString", "coordinates": [[88.354408, 22.547887], [88.355185, 22.54779], [88.355204, 22.547771], [88.355321, 22.54777], [88.35534, 22.547752]]}, "properties": {"feature_type": "edge", "u": 561, "v": 563, "edge_key": 0, "length_m": 101.799, "is_bridged": false, "is_bridge": false, "edge_betweenness": 0.0, "width_m": 8.323}}, {"type": "Feature", "geometry": {"type": "LineString", "coordinates": [[88.361816, 22.547679], [88.361835, 22.547697]]}, "properties": {"feature_type": "edge", "u": 562, "v": 708, "edge_key": 0, "length_m": 2.828, "is_bridged": false, "is_bridge": false, "edge_betweenness": 0.0, "width_m": 4.0}}, {"type": "Feature", "geometry": {"type": "LineString", "coordinates": [[88.361835, 22.547697], [88.361816, 22.547679]]}, "properties": {"feature_type": "edge", "u": 562, "v": 708, "edge_key": 1, "length_m": 2.828, "is_bridged": false, "is_bridge": false, "edge_betweenness": 0.0, "width_m": 4.0}}, {"type": "Feature", "geometry": {"type": "LineString", "coordinates": [[88.361816, 22.547679], [88.361737, 22.547626], [88.361717, 22.547572]]}, "properties": {"feature_type": "edge", "u": 562, "v": 565, "edge_key": 0, "length_m": 16.512, "is_bridged": false, "is_bridge": false, "edge_betweenness": 0.0, "width_m": 7.578}}, {"type": "Feature", "geometry": {"type": "LineString", "coordinates": [[88.361816, 22.547679], [88.361815, 22.547589], [88.361795, 22.547571]]}, "properties": {"feature_type": "edge", "u": 562, "v": 567, "edge_key": 0, "length_m": 12.828, "is_bridged": false, "is_bridge": false, "edge_betweenness": 0.0, "width_m": 5.886}}, {"type": "Feature", "geometry": {"type": "LineString", "coordinates": [[88.35534, 22.547752], [88.355437, 22.547751], [88.355651, 22.547695], [88.356311, 22.5476]]}, "properties": {"feature_type": "edge", "u": 563, "v": 568, "edge_key": 0, "length_m": 106.627, "is_bridged": false, "is_bridge": false, "edge_betweenness": 0.0, "width_m": 8.367}}, {"type": "Feature", "geometry": {"type": "LineString", "coordinates": [[88.35534, 22.547752], [88.355339, 22.547662], [88.355158, 22.547013], [88.355118, 22.546941], [88.354957, 22.54631], [88.354917, 22.546238], [88.354836, 22.545896], [88.354696, 22.545518], [88.354535, 22.544959]]}, "properties": {"feature_type": "edge", "u": 563, "v": 640, "edge_key": 0, "length_m": 343.137, "is_bridged": false, "is_bridge": false, "edge_betweenness": 0.0, "width_m": 8.425}}, {"type": "Feature", "geometry": {"type": "LineString", "coordinates": [[88.359968, 22.547641], [88.359928, 22.547605], [88.359849, 22.547425]]}, "properties": {"feature_type": "edge", "u": 564, "v": 572, "edge_key": 0, "length_m": 28.614, "is_bridged": false, "is_bridge": false, "edge_betweenness": 0.0, "width_m": 9.387}}, {"type": "Feature", "geometry": {"type": "LineString", "coordinates": [[88.361717, 22.547572], [88.361698, 22.547554], [88.361697, 22.547482]]}, "properties": {"feature_type": "edge", "u": 565, "v": 569, "edge_key": 0, "length_m": 10.828, "is_bridged": false, "is_bridge": false, "edge_betweenness": 0.0, "width_m": 7.534}}, {"type": "Feature", "geometry": {"type": "LineString", "coordinates": [[88.361717, 22.547572], [88.361795, 22.547571]]}, "properties": {"feature_type": "edge", "u": 565, "v": 567, "edge_key": 0, "length_m": 8.0, "is_bridged": false, "is_bridge": false, "edge_betweenness": 0.0, "width_m": 6.2}}, {"type": "Feature", "geometry": {"type": "LineString", "coordinates": [[88.348241, 22.547649], [88.348163, 22.547668], [88.348065, 22.547597], [88.347078, 22.546106], [88.347058, 22.546033]]}, "properties": {"feature_type": "edge", "u": 566, "v": 604, "edge_key": 0, "length_m": 237.679, "is_bridged": false, "is_bridge": false, "edge_betweenness": 0.0, "width_m": 8.994}}, {"type": "Feature", "geometry": {"type": "LineString", "coordinates": [[88.348241, 22.547649], [88.348454, 22.547593], [88.348551, 22.547593], [88.348571, 22.547574], [88.348668, 22.547574], [88.348687, 22.547555], [88.348784, 22.547554], [88.349037, 22.547498]]}, "properties": {"feature_type": "edge", "u": 566, "v": 574, "edge_key": 0, "length_m": 87.915, "is_bridged": false, "is_bridge": false, "edge_betweenness": 0.0, "width_m": 8.378}}, {"type": "Feature", "geometry": {"type": "LineString", "coordinates": [[88.348241, 22.547649], [88.34818, 22.547451], [88.348179, 22.547343], [88.348119, 22.547108], [88.348118, 22.547], [88.348078, 22.546874], [88.348077, 22.546766], [88.348057, 22.546748], [88.347913, 22.5459]]}, "properties": {"feature_type": "edge", "u": 566, "v": 607, "edge_key": 0, "length_m": 206.395, "is_bridged": false, "is_bridge": false, "edge_betweenness": 0.0, "width_m": 8.534}}, {"type": "Feature", "geometry": {"type": "LineString", "coordinates": [[88.361795, 22.547571], [88.361775, 22.547517]]}, "properties": {"feature_type": "edge", "u": 567, "v": 570, "edge_key": 0, "length_m": 6.828, "is_bridged": false, "is_bridge": false, "edge_betweenness": 0.0, "width_m": 6.438}}, {"type": "Feature", "geometry": {"type": "LineString", "coordinates": [[88.356311, 22.5476], [88.356545, 22.547688], [88.356642, 22.547651], [88.35672, 22.54765], [88.357108, 22.547557], [88.357399, 22.547464], [88.357612, 22.547426], [88.357631, 22.547372]]}, "properties": {"feature_type": "edge", "u": 568, "v": 576, "edge_key": 0, "length_m": 155.708, "is_bridged": false, "is_bridge": false, "edge_betweenness": 0.0, "width_m": 8.469}}, {"type": "Feature", "geometry": {"type": "LineString", "coordinates": [[88.356311, 22.5476], [88.35629, 22.547419], [88.35625, 22.547347], [88.356089, 22.54677], [88.356009, 22.546572], [88.355989, 22.546446], [88.355909, 22.546248], [88.355888, 22.546122], [88.355768, 22.545798], [88.355748, 22.545671], [88.355568, 22.545149], [88.355487, 22.544825]]}, "properties": {"feature_type": "edge", "u": 568, "v": 644, "edge_key": 0, "length_m": 341.966, "is_bridged": false, "is_bridge": false, "edge_betweenness": 0.0, "width_m": 8.422}}, {"type": "Feature", "geometry": {"type": "LineString", "coordinates": [[88.361697, 22.547482], [88.361736, 22.547518], [88.361775, 22.547517]]}, "properties": {"feature_type": "edge", "u": 569, "v": 570, "edge_key": 0, "length_m": 9.657, "is_bridged": false, "is_bridge": false, "edge_betweenness": 0.0, "width_m": 5.105}}, {"type": "Feature", "geometry": {"type": "LineString", "coordinates": [[88.361697, 22.547482], [88.361775, 22.547481], [88.361775, 22.547517]]}, "properties": {"feature_type": "edge", "u": 569, "v": 570, "edge_key": 1, "length_m": 12.0, "is_bridged": false, "is_bridge": false, "edge_betweenness": 0.0, "width_m": 6.438}}, {"type": "Feature", "geometry": {"type": "LineString", "coordinates": [[88.361697, 22.547482], [88.361755, 22.547427], [88.361735, 22.547409]]}, "properties": {"feature_type": "edge", "u": 569, "v": 573, "edge_key": 0, "length_m": 11.314, "is_bridged": false, "is_bridge": false, "edge_betweenness": 0.0, "width_m": 6.438}}, {"type": "Feature", "geometry": {"type": "LineString", "coordinates": [[88.361697, 22.547482], [88.361696, 22.547428], [88.361735, 22.547409]]}, "properties": {"feature_type": "edge", "u": 569, "v": 573, "edge_key": 1, "length_m": 10.472, "is_bridged": false, "is_bridge": false, "edge_betweenness": 0.0, "width_m": 5.105}}, {"type": "Feature", "geometry": {"type": "LineString", "coordinates": [[88.361697, 22.547482], [88.361638, 22.54741], [88.361518, 22.547086]]}, "properties": {"feature_type": "edge", "u": 569, "v": 580, "edge_key": 0, "length_m": 50.971, "is_bridged": false, "is_bridge": false, "edge_betweenness": 0.0, "width_m": 8.374}}, {"type": "Feature", "geometry": {"type": "LineString", "coordinates": [[88.359655, 22.547499], [88.359596, 22.547445], [88.359496, 22.547157], [88.359357, 22.546887], [88.359317, 22.546761], [88.359278, 22.546689], [88.359239, 22.546672]]}, "properties": {"feature_type": "edge", "u": 571, "v": 592, "edge_key": 0, "length_m": 111.028, "is_bridged": false, "is_bridge": false, "edge_betweenness": 0.0, "width_m": 8.603}}, {"type": "Feature", "geometry": {"type": "LineString", "coordinates": [[88.359655, 22.547499], [88.359713, 22.547499], [88.359771, 22.547444], [88.359849, 22.547425]]}, "properties": {"feature_type": "edge", "u": 571, "v": 572, "edge_key": 0, "length_m": 22.957, "is_bridged": false, "is_bridge": false, "edge_betweenness": 0.0, "width_m": 9.705}}, {"type": "Feature", "geometry": {"type": "LineString", "coordinates": [[88.359849, 22.547425], [88.359848, 22.547389], [88.359906, 22.547352], [88.360352, 22.547186], [88.361243, 22.546799], [88.361398, 22.546762]]}, "properties": {"feature_type": "edge", "u": 572, "v": 589, "edge_key": 0, "length_m": 191.81, "is_bridged": false, "is_bridge": false, "edge_betweenness": 0.0, "width_m": 8.769}}, {"type": "Feature", "geometry": {"type": "LineString", "coordinates": [[88.361735, 22.547409], [88.361734, 22.547337], [88.361674, 22.547175], [88.361635, 22.547085], [88.361596, 22.547067]]}, "properties": {"feature_type": "edge", "u": 573, "v": 582, "edge_key": 0, "length_m": 44.614, "is_bridged": false, "is_bridge": false, "edge_betweenness": 0.0, "width_m": 8.25}}, {"type": "Feature", "geometry": {"type": "LineString", "coordinates": [[88.349037, 22.547498], [88.350202, 22.547326]]}, "properties": {"feature_type": "edge", "u": 574, "v": 577, "edge_key": 0, "length_m": 127.456, "is_bridged": false, "is_bridge": false, "edge_betweenness": 0.0, "width_m": 8.252}}, {"type": "Feature", "geometry": {"type": "LineString", "coordinates": [[88.349037, 22.547498], [88.349035, 22.547354], [88.349016, 22.547336], [88.348995, 22.547173]]}, "properties": {"feature_type": "edge", "u": 574, "v": 581, "edge_key": 0, "length_m": 37.657, "is_bridged": false, "is_bridge": true, "edge_betweenness": 0.0, "width_m": 8.157}}, {"type": "Feature", "geometry": {"type": "LineString", "coordinates": [[88.351234, 22.547462], [88.351194, 22.547372], [88.351173, 22.547209]]}, "properties": {"feature_type": "edge", "u": 575, "v": 579, "edge_key": 0, "length_m": 30.485, "is_bridged": false, "is_bridge": true, "edge_betweenness": 0.0, "width_m": 8.337}}, {"type": "Feature", "geometry": {"type": "LineString", "coordinates": [[88.357631, 22.547372], [88.35769, 22.547371], [88.358948, 22.546764], [88.358987, 22.546764], [88.359122, 22.546691], [88.359239, 22.546672]]}, "properties": {"feature_type": "edge", "u": 576, "v": 592, "edge_key": 0, "length_m": 197.48, "is_bridged": false, "is_bridge": false, "edge_betweenness": 0.0, "width_m": 8.861}}, {"type": "Feature", "geometry": {"type": "LineString", "coordinates": [[88.357631, 22.547372], [88.357592, 22.547318], [88.357092, 22.545967], [88.357092, 22.545877]]}, "properties": {"feature_type": "edge", "u": 576, "v": 606, "edge_key": 0, "length_m": 188.011, "is_bridged": false, "is_bridge": false, "edge_betweenness": 0.0, "width_m": 8.786}}, {"type": "Feature", "geometry": {"type": "LineString", "coordinates": [[88.350202, 22.547326], [88.350979, 22.547229], [88.350998, 22.547211], [88.351173, 22.547209]]}, "properties": {"feature_type": "edge", "u": 577, "v": 579, "edge_key": 0, "length_m": 104.467, "is_bridged": false, "is_bridge": false, "edge_betweenness": 0.0, "width_m": 8.246}}, {"type": "Feature", "geometry": {"type": "LineString", "coordinates": [[88.350202, 22.547326], [88.35012, 22.546929], [88.35006, 22.546749], [88.350059, 22.546677], [88.349959, 22.546388], [88.349919, 22.54619], [88.349879, 22.546118], [88.349758, 22.54565]]}, "properties": {"feature_type": "edge", "u": 577, "v": 610, "edge_key": 0, "length_m": 203.513, "is_bridged": false, "is_bridge": false, "edge_betweenness": 0.0, "width_m": 8.38}}, {"type": "Feature", "geometry": {"type": "LineString", "coordinates": [[88.353216, 22.547282], [88.353135, 22.546994], [88.353096, 22.546958]]}, "properties": {"feature_type": "edge", "u": 578, "v": 587, "edge_key": 0, "length_m": 40.971, "is_bridged": false, "is_bridge": false, "edge_betweenness": 0.0, "width_m": 8.558}}, {"type": "Feature", "geometry": {"type": "LineString", "coordinates": [[88.353216, 22.547282], [88.353837, 22.547169], [88.354031, 22.547113], [88.354167, 22.547112]]}, "properties": {"feature_type": "edge", "u": 578, "v": 583, "edge_key": 0, "length_m": 105.456, "is_bridged": false, "is_bridge": false, "edge_betweenness": 0.0, "width_m": 8.428}}, {"type": "Feature", "geometry": {"type": "LineString", "coordinates": [[88.351173, 22.547209], [88.351192, 22.547191], [88.351445, 22.547171], [88.3516, 22.547133], [88.351736, 22.547132], [88.351756, 22.547114], [88.351892, 22.547113], [88.351911, 22.547095], [88.352047, 22.547094], [88.352066, 22.547075], [88.352202, 22.547074], [88.352222, 22.547056], [88.352358, 22.547055], [88.352377, 22.547037], [88.352513, 22.547035], [88.352533, 22.547017], [88.353096, 22.546958]]}, "properties": {"feature_type": "edge", "u": 579, "v": 587, "edge_key": 0, "length_m": 208.77, "is_bridged": false, "is_bridge": false, "edge_betweenness": 0.0, "width_m": 8.172}}, {"type": "Feature", "geometry": {"type": "LineString", "coordinates": [[88.361518, 22.547086], [88.361458, 22.546942]]}, "properties": {"feature_type": "edge", "u": 580, "v": 584, "edge_key": 0, "length_m": 18.129, "is_bridged": false, "is_bridge": false, "edge_betweenness": 0.0, "width_m": 8.472}}, {"type": "Feature", "geometry": {"type": "LineString", "coordinates": [[88.361518, 22.547086], [88.361596, 22.547067]]}, "properties": {"feature_type": "edge", "u": 580, "v": 582, "edge_key": 0, "length_m": 8.472, "is_bridged": false, "is_bridge": false, "edge_betweenness": 0.0, "width_m": 6.2}}, {"type": "Feature", "geometry": {"type": "LineString", "coordinates": [[88.361596, 22.547067], [88.361575, 22.546941], [88.361536, 22.546923]]}, "properties": {"feature_type": "edge", "u": 582, "v": 585, "edge_key": 0, "length_m": 19.301, "is_bridged": false, "is_bridge": false, "edge_betweenness": 0.0, "width_m": 7.65}}, {"type": "Feature", "geometry": {"type": "LineString", "coordinates": [[88.354167, 22.547112], [88.353965, 22.546337], [88.353926, 22.546283]]}, "properties": {"feature_type": "edge", "u": 583, "v": 601, "edge_key": 0, "length_m": 101.585, "is_bridged": false, "is_bridge": false, "edge_betweenness": 0.0, "width_m": 8.483}}, {"type": "Feature", "geometry": {"type": "LineString", "coordinates": [[88.361458, 22.546942], [88.361438, 22.546888]]}, "properties": {"feature_type": "edge", "u": 584, "v": 586, "edge_key": 0, "length_m": 6.828, "is_bridged": false, "is_bridge": false, "edge_betweenness": 0.0, "width_m": 8.63}}, {"type": "Feature", "geometry": {"type": "LineString", "coordinates": [[88.361458, 22.546942], [88.361536, 22.546923]]}, "properties": {"feature_type": "edge", "u": 584, "v": 585, "edge_key": 0, "length_m": 8.472, "is_bridged": false, "is_bridge": false, "edge_betweenness": 0.0, "width_m": 6.2}}, {"type": "Feature", "geometry": {"type": "LineString", "coordinates": [[88.361536, 22.546923], [88.361516, 22.546869]]}, "properties": {"feature_type": "edge", "u": 585, "v": 588, "edge_key": 0, "length_m": 6.828, "is_bridged": false, "is_bridge": false, "edge_betweenness": 0.0, "width_m": 6.438}}, {"type": "Feature", "geometry": {"type": "LineString", "coordinates": [[88.361438, 22.546888], [88.361516, 22.546869]]}, "properties": {"feature_type": "edge", "u": 586, "v": 588, "edge_key": 0, "length_m": 8.472, "is_bridged": false, "is_bridge": false, "edge_betweenness": 0.0, "width_m": 6.2}}, {"type": "Feature", "geometry": {"type": "LineString", "coordinates": [[88.361438, 22.546888], [88.361398, 22.546762]]}, "properties": {"feature_type": "edge", "u": 586, "v": 589, "edge_key": 0, "length_m": 14.718, "is_bridged": false, "is_bridge": false, "edge_betweenness": 0.0, "width_m": 9.236}}, {"type": "Feature", "geometry": {"type": "LineString", "coordinates": [[88.353096, 22.546958], [88.353095, 22.54685], [88.352995, 22.546544], [88.352994, 22.546453]]}, "properties": {"feature_type": "edge", "u": 587, "v": 595, "edge_key": 0, "length_m": 60.142, "is_bridged": false, "is_bridge": false, "edge_betweenness": 0.0, "width_m": 8.507}}, {"type": "Feature", "geometry": {"type": "LineString", "coordinates": [[88.361516, 22.546869], [88.361496, 22.546797]]}, "properties": {"feature_type": "edge", "u": 588, "v": 590, "edge_key": 0, "length_m": 8.828, "is_bridged": false, "is_bridge": false, "edge_betweenness": 0.0, "width_m": 7.886}}, {"type": "Feature", "geometry": {"type": "LineString", "coordinates": [[88.361398, 22.546762], [88.361496, 22.546797]]}, "properties": {"feature_type": "edge", "u": 589, "v": 590, "edge_key": 0, "length_m": 11.211, "is_bridged": false, "is_bridge": false, "edge_betweenness": 0.0, "width_m": 8.315}}, {"type": "Feature", "geometry": {"type": "LineString", "coordinates": [[88.361398, 22.546762], [88.361277, 22.546329]]}, "properties": {"feature_type": "edge", "u": 589, "v": 596, "edge_key": 0, "length_m": 52.388, "is_bridged": false, "is_bridge": false, "edge_betweenness": 0.0, "width_m": 8.505}}, {"type": "Feature", "geometry": {"type": "LineString", "coordinates": [[88.361398, 22.546762], [88.361436, 22.546707], [88.361495, 22.546707]]}, "properties": {"feature_type": "edge", "u": 589, "v": 591, "edge_key": 0, "length_m": 13.211, "is_bridged": false, "is_bridge": false, "edge_betweenness": 0.0, "width_m": 10.236}}, {"type": "Feature", "geometry": {"type": "LineString", "coordinates": [[88.361496, 22.546797], [88.361495, 22.546707]]}, "properties": {"feature_type": "edge", "u": 590, "v": 591, "edge_key": 0, "length_m": 10.0, "is_bridged": false, "is_bridge": false, "edge_betweenness": 0.0, "width_m": 9.472}}, {"type": "Feature", "geometry": {"type": "LineString", "coordinates": [[88.361495, 22.546707], [88.361494, 22.546634]]}, "properties": {"feature_type": "edge", "u": 591, "v": 593, "edge_key": 0, "length_m": 8.0, "is_bridged": false, "is_bridge": false, "edge_betweenness": 0.0, "width_m": 11.771}}, {"type": "Feature", "geometry": {"type": "LineString", "coordinates": [[88.359239, 22.546672], [88.359218, 22.546545], [88.359158, 22.546437], [88.358998, 22.545969], [88.358959, 22.545915], [88.358799, 22.545447], [88.35876, 22.545429]]}, "properties": {"feature_type": "edge", "u": 592, "v": 618, "edge_key": 0, "length_m": 158.698, "is_bridged": false, "is_bridge": false, "edge_betweenness": 0.0, "width_m": 8.537}}, {"type": "Feature", "geometry": {"type": "LineString", "coordinates": [[88.361494, 22.546634], [88.361394, 22.546346], [88.361355, 22.546311]]}, "properties": {"feature_type": "edge", "u": 593, "v": 597, "edge_key": 0, "length_m": 41.799, "is_bridged": false, "is_bridge": false, "edge_betweenness": 0.0, "width_m": 8.449}}, {"type": "Feature", "geometry": {"type": "LineString", "coordinates": [[88.361494, 22.546634], [88.361572, 22.546634], [88.361668, 22.546561], [88.362035, 22.546269], [88.362131, 22.546177], [88.36215, 22.546123]]}, "properties": {"feature_type": "edge", "u": 593, "v": 603, "edge_key": 0, "length_m": 93.183, "is_bridged": false, "is_bridge": false, "edge_betweenness": 0.0, "width_m": 9.248}}, {"type": "Feature", "geometry": {"type": "LineString", "coordinates": [[88.345274, 22.546572], [88.345352, 22.546517], [88.34539, 22.546517], [88.34601, 22.546241], [88.346903, 22.546053], [88.346961, 22.545998]]}, "properties": {"feature_type": "edge", "u": 594, "v": 605, "edge_key": 0, "length_m": 199.681, "is_bridged": false, "is_bridge": true, "edge_betweenness": 0.0, "width_m": 8.654}}, {"type": "Feature", "geometry": {"type": "LineString", "coordinates": [[88.352994, 22.546453], [88.353091, 22.546452], [88.353479, 22.546359], [88.353926, 22.546283]]}, "properties": {"feature_type": "edge", "u": 595, "v": 601, "edge_key": 0, "length_m": 103.456, "is_bridged": false, "is_bridge": false, "edge_betweenness": 0.0, "width_m": 8.301}}, {"type": "Feature", "geometry": {"type": "LineString", "coordinates": [[88.352994, 22.546453], [88.352954, 22.546399], [88.352933, 22.546255], [88.352874, 22.546111], [88.352632, 22.545246]]}, "properties": {"feature_type": "edge", "u": 595, "v": 627, "edge_key": 0, "length_m": 148.555, "is_bridged": false, "is_bridge": false, "edge_betweenness": 0.0, "width_m": 8.441}}, {"type": "Feature", "geometry": {"type": "LineString", "coordinates": [[88.361277, 22.546329], [88.361257, 22.546275]]}, "properties": {"feature_type": "edge", "u": 596, "v": 598, "edge_key": 0, "length_m": 6.828, "is_bridged": false, "is_bridge": false, "edge_betweenness": 0.0, "width_m": 8.63}}, {"type": "Feature", "geometry": {"type": "LineString", "coordinates": [[88.361277, 22.546329], [88.361355, 22.546311]]}, "properties": {"feature_type": "edge", "u": 596, "v": 597, "edge_key": 0, "length_m": 8.472, "is_bridged": false, "is_bridge": false, "edge_betweenness": 0.0, "width_m": 6.2}}, {"type": "Feature", "geometry": {"type": "LineString", "coordinates": [[88.361355, 22.546311], [88.361335, 22.546256]]}, "properties": {"feature_type": "edge", "u": 597, "v": 599, "edge_key": 0, "length_m": 6.828, "is_bridged": false, "is_bridge": false, "edge_betweenness": 0.0, "width_m": 6.438}}, {"type": "Feature", "geometry": {"type": "LineString", "coordinates": [[88.361257, 22.546275], [88.361237, 22.546221]]}, "properties": {"feature_type": "edge", "u": 598, "v": 600, "edge_key": 0, "length_m": 6.828, "is_bridged": false, "is_bridge": false, "edge_betweenness": 0.0, "width_m": 8.63}}, {"type": "Feature", "geometry": {"type": "LineString", "coordinates": [[88.361257, 22.546275], [88.361335, 22.546256]]}, "properties": {"feature_type": "edge", "u": 598, "v": 599, "edge_key": 0, "length_m": 8.472, "is_bridged": false, "is_bridge": false, "edge_betweenness": 0.0, "width_m": 6.2}}, {"type": "Feature", "geometry": {"type": "LineString", "coordinates": [[88.361335, 22.546256], [88.361315, 22.546202]]}, "properties": {"feature_type": "edge", "u": 599, "v": 602, "edge_key": 0, "length_m": 6.828, "is_bridged": false, "is_bridge": false, "edge_betweenness": 0.0, "width_m": 6.438}}, {"type": "Feature", "geometry": {"type": "LineString", "coordinates": [[88.361237, 22.546221], [88.360958, 22.545483]]}, "properties": {"feature_type": "edge", "u": 600, "v": 613, "edge_key": 0, "length_m": 93.598, "is_bridged": false, "is_bridge": false, "edge_betweenness": 0.0, "width_m": 8.576}}, {"type": "Feature", "geometry": {"type": "LineString", "coordinates": [[88.361237, 22.546221], [88.361315, 22.546202]]}, "properties": {"feature_type": "edge", "u": 600, "v": 602, "edge_key": 0, "length_m": 8.472, "is_bridged": false, "is_bridge": false, "edge_betweenness": 0.0, "width_m": 6.2}}, {"type": "Feature", "geometry": {"type": "LineString", "coordinates": [[88.353926, 22.546283], [88.353844, 22.54594], [88.353805, 22.545868], [88.353744, 22.545598], [88.353604, 22.545184], [88.353603, 22.545093]]}, "properties": {"feature_type": "edge", "u": 601, "v": 632, "edge_key": 0, "length_m": 144.899, "is_bridged": false, "is_bridge": false, "edge_betweenness": 0.0, "width_m": 8.471}}, {"type": "Feature", "geometry": {"type": "LineString", "coordinates": [[88.361315, 22.546202], [88.361314, 22.546112], [88.361174, 22.545734], [88.361135, 22.54568], [88.361074, 22.545482], [88.361035, 22.545464]]}, "properties": {"feature_type": "edge", "u": 602, "v": 615, "edge_key": 0, "length_m": 94.413, "is_bridged": false, "is_bridge": false, "edge_betweenness": 0.0, "width_m": 8.254}}, {"type": "Feature", "geometry": {"type": "LineString", "coordinates": [[88.36215, 22.546123], [88.362131, 22.546105], [88.362129, 22.545979], [88.36211, 22.545961], [88.362109, 22.545834], [88.362068, 22.54569], [88.362026, 22.545311], [88.362006, 22.545293], [88.361985, 22.545131], [88.361946, 22.545077]]}, "properties": {"feature_type": "edge", "u": 603, "v": 631, "edge_key": 0, "length_m": 124.284, "is_bridged": false, "is_bridge": false, "edge_betweenness": 0.0, "width_m": 8.427}}, {"type": "Feature", "geometry": {"type": "LineString", "coordinates": [[88.36215, 22.546123], [88.362209, 22.546123], [88.36273, 22.545721], [88.362846, 22.545684]]}, "properties": {"feature_type": "edge", "u": 603, "v": 608, "edge_key": 0, "length_m": 91.526, "is_bridged": false, "is_bridge": false, "edge_betweenness": 0.0, "width_m": 9.106}}, {"type": "Feature", "geometry": {"type": "LineString", "coordinates": [[88.347058, 22.546033], [88.346961, 22.545998]]}, "properties": {"feature_type": "edge", "u": 604, "v": 605, "edge_key": 0, "length_m": 10.944, "is_bridged": false, "is_bridge": true, "edge_betweenness": 0.0, "width_m": 15.971}}, {"type": "Feature", "geometry": {"type": "LineString", "coordinates": [[88.347058, 22.546033], [88.347155, 22.545997], [88.347272, 22.545996], [88.347291, 22.545977], [88.347913, 22.5459]]}, "properties": {"feature_type": "edge", "u": 604, "v": 607, "edge_key": 0, "length_m": 93.295, "is_bridged": false, "is_bridge": false, "edge_betweenness": 0.0, "width_m": 8.658}}, {"type": "Feature", "geometry": {"type": "LineString", "coordinates": [[88.346961, 22.545998], [88.346921, 22.54589], [88.346586, 22.545495]]}, "properties": {"feature_type": "edge", "u": 605, "v": 616, "edge_key": 0, "length_m": 71.74, "is_bridged": false, "is_bridge": true, "edge_betweenness": 0.0, "width_m": 15.781}}, {"type": "Feature", "geometry": {"type": "LineString", "coordinates": [[88.357092, 22.545877], [88.357052, 22.545859], [88.357012, 22.545733], [88.356953, 22.545643], [88.356913, 22.545517], [88.356854, 22.545427], [88.356853, 22.545391], [88.356794, 22.545301], [88.356754, 22.545175], [88.356516, 22.544689], [88.356515, 22.544635]]}, "properties": {"feature_type": "edge", "u": 606, "v": 647, "edge_key": 0, "length_m": 162.84, "is_bridged": false, "is_bridge": false, "edge_betweenness": 0.0, "width_m": 8.776}}, {"type": "Feature", "geometry": {"type": "LineString", "coordinates": [[88.357092, 22.545877], [88.357286, 22.545839], [88.357479, 22.545765], [88.357538, 22.545765], [88.357673, 22.545709], [88.357732, 22.545709], [88.358643, 22.54543], [88.35876, 22.545429]]}, "properties": {"feature_type": "edge", "u": 606, "v": 618, "edge_key": 0, "length_m": 191.882, "is_bridged": false, "is_bridge": false, "edge_betweenness": 0.0, "width_m": 8.425}}, {"type": "Feature", "geometry": {"type": "LineString", "coordinates": [[88.347913, 22.5459], [88.347854, 22.545864], [88.347832, 22.54563]]}, "properties": {"feature_type": "edge", "u": 607, "v": 611, "edge_key": 0, "length_m": 34.04, "is_bridged": false, "is_bridge": false, "edge_betweenness": 0.0, "width_m": 8.421}}, {"type": "Feature", "geometry": {"type": "LineString", "coordinates": [[88.347913, 22.5459], [88.349097, 22.545727]]}, "properties": {"feature_type": "edge", "u": 607, "v": 609, "edge_key": 0, "length_m": 128.517, "is_bridged": false, "is_bridge": false, "edge_betweenness": 0.0, "width_m": 8.232}}, {"type": "Feature", "geometry": {"type": "LineString", "coordinates": [[88.347913, 22.5459], [88.347951, 22.545845], [88.34795, 22.545737], [88.34791, 22.545629]]}, "properties": {"feature_type": "edge", "u": 607, "v": 612, "edge_key": 0, "length_m": 32.868, "is_bridged": false, "is_bridge": false, "edge_betweenness": 0.0, "width_m": 8.186}}, {"type": "Feature", "geometry": {"type": "LineString", "coordinates": [[88.362846, 22.545684], [88.362945, 22.545827], [88.363082, 22.545953], [88.363121, 22.545952], [88.363566, 22.545696], [88.363914, 22.54553], [88.363991, 22.545457]]}, "properties": {"feature_type": "edge", "u": 608, "v": 614, "edge_key": 0, "length_m": 155.952, "is_bridged": false, "is_bridge": false, "edge_betweenness": 0.0, "width_m": 9.169}}, {"type": "Feature", "geometry": {"type": "LineString", "coordinates": [[88.362846, 22.545684], [88.362846, 22.545648], [88.362884, 22.545611], [88.363676, 22.545044], [88.363753, 22.545008]]}, "properties": {"feature_type": "edge", "u": 608, "v": 633, "edge_key": 0, "length_m": 126.995, "is_bridged": false, "is_bridge": false, "edge_betweenness": 0.0, "width_m": 9.016}}, {"type": "Feature", "geometry": {"type": "LineString", "coordinates": [[88.349097, 22.545727], [88.349602, 22.545669], [88.349622, 22.545651], [88.349758, 22.54565]]}, "properties": {"feature_type": "edge", "u": 609, "v": 610, "edge_key": 0, "length_m": 71.314, "is_bridged": false, "is_bridge": false, "edge_betweenness": 0.0, "width_m": 8.243}}, {"type": "Feature", "geometry": {"type": "LineString", "coordinates": [[88.349097, 22.545727], [88.348928, 22.544338]]}, "properties": {"feature_type": "edge", "u": 609, "v": 651, "edge_key": 0, "length_m": 160.627, "is_bridged": false, "is_bridge": true, "edge_betweenness": 0.0, "width_m": 8.124}}, {"type": "Feature", "geometry": {"type": "LineString", "coordinates": [[88.349758, 22.54565], [88.349913, 22.545612], [88.350049, 22.545611], [88.350068, 22.545593], [88.350204, 22.545592], [88.350224, 22.545573], [88.350962, 22.545495], [88.350981, 22.545477], [88.351078, 22.545476], [88.351195, 22.545439], [88.351603, 22.545381]]}, "properties": {"feature_type": "edge", "u": 610, "v": 621, "edge_key": 0, "length_m": 201.598, "is_bridged": false, "is_bridge": false, "edge_betweenness": 0.0, "width_m": 8.204}}, {"type": "Feature", "geometry": {"type": "LineString", "coordinates": [[88.347832, 22.54563], [88.347813, 22.545612], [88.347811, 22.545485]]}, "properties": {"feature_type": "edge", "u": 611, "v": 619, "edge_key": 0, "length_m": 16.828, "is_bridged": false, "is_bridge": false, "edge_betweenness": 0.0, "width_m": 8.236}}, {"type": "Feature", "geometry": {"type": "LineString", "coordinates": [[88.347832, 22.54563], [88.34791, 22.545629]]}, "properties": {"feature_type": "edge", "u": 611, "v": 612, "edge_key": 0, "length_m": 8.0, "is_bridged": false, "is_bridge": false, "edge_betweenness": 0.0, "width_m": 6.2}}, {"type": "Feature", "geometry": {"type": "LineString", "coordinates": [[88.34791, 22.545629], [88.347909, 22.545502], [88.347889, 22.545485]]}, "properties": {"feature_type": "edge", "u": 612, "v": 620, "edge_key": 0, "length_m": 16.828, "is_bridged": false, "is_bridge": false, "edge_betweenness": 0.0, "width_m": 7.414}}, {"type": "Feature", "geometry": {"type": "LineString", "coordinates": [[88.360958, 22.545483], [88.361035, 22.545464]]}, "properties": {"feature_type": "edge", "u": 613, "v": 615, "edge_key": 0, "length_m": 8.472, "is_bridged": false, "is_bridge": false, "edge_betweenness": 0.0, "width_m": 6.2}}, {"type": "Feature", "geometry": {"type": "LineString", "coordinates": [[88.360958, 22.545483], [88.360938, 22.545447], [88.360976, 22.545356]]}, "properties": {"feature_type": "edge", "u": 613, "v": 617, "edge_key": 0, "length_m": 15.242, "is_bridged": false, "is_bridge": false, "edge_betweenness": 0.0, "width_m": 8.63}}, {"type": "Feature", "geometry": {"type": "LineString", "coordinates": [[88.363991, 22.545457], [88.36405, 22.545457], [88.364262, 22.545347], [88.364708, 22.545198]]}, "properties": {"feature_type": "edge", "u": 614, "v": 625, "edge_key": 0, "length_m": 85.598, "is_bridged": false, "is_bridge": true, "edge_betweenness": 0.0, "width_m": 8.936}}, {"type": "Feature", "geometry": {"type": "LineString", "coordinates": [[88.363991, 22.545457], [88.363911, 22.545241], [88.363753, 22.545008]]}, "properties": {"feature_type": "edge", "u": 614, "v": 633, "edge_key": 0, "length_m": 59.941, "is_bridged": false, "is_bridge": false, "edge_betweenness": 0.0, "width_m": 8.852}}, {"type": "Feature", "geometry": {"type": "LineString", "coordinates": [[88.361035, 22.545464], [88.361035, 22.54541], [88.360976, 22.545356]]}, "properties": {"feature_type": "edge", "u": 615, "v": 617, "edge_key": 0, "length_m": 14.485, "is_bridged": false, "is_bridge": false, "edge_betweenness": 0.0, "width_m": 7.886}}, {"type": "Feature", "geometry": {"type": "LineString", "coordinates": [[88.346586, 22.545495], [88.346548, 22.545514]]}, "properties": {"feature_type": "edge", "u": 616, "v": 709, "edge_key": 0, "length_m": 4.472, "is_bridged": false, "is_bridge": false, "edge_betweenness": 0.0, "width_m": 2.981}}, {"type": "Feature", "geometry": {"type": "LineString", "coordinates": [[88.346548, 22.545514], [88.346586, 22.545495]]}, "properties": {"feature_type": "edge", "u": 616, "v": 709, "edge_key": 1, "length_m": 4.472, "is_bridged": false, "is_bridge": false, "edge_betweenness": 0.0, "width_m": 2.981}}, {"type": "Feature", "geometry": {"type": "LineString", "coordinates": [[88.346586, 22.545495], [88.346489, 22.54546], [88.346312, 22.545263], [88.346193, 22.545065], [88.346134, 22.545012], [88.345661, 22.544365], [88.345562, 22.544149]]}, "properties": {"feature_type": "edge", "u": 616, "v": 654, "edge_key": 0, "length_m": 194.264, "is_bridged": false, "is_bridge": false, "edge_betweenness": 0.0, "width_m": 8.698}}, {"type": "Feature", "geometry": {"type": "LineString", "coordinates": [[88.346586, 22.545495], [88.346585, 22.545405], [88.345758, 22.544292], [88.345699, 22.544238]]}, "properties": {"feature_type": "edge", "u": 616, "v": 655, "edge_key": 0, "length_m": 177.279, "is_bridged": false, "is_bridge": false, "edge_betweenness": 0.0, "width_m": 8.754}}, {"type": "Feature", "geometry": {"type": "LineString", "coordinates": [[88.360976, 22.545356], [88.361151, 22.545319], [88.361461, 22.545208], [88.361519, 22.545207], [88.361829, 22.545096], [88.361926, 22.545095], [88.361946, 22.545077]]}, "properties": {"feature_type": "edge", "u": 617, "v": 631, "edge_key": 0, "length_m": 112.426, "is_bridged": false, "is_bridge": false, "edge_betweenness": 0.0, "width_m": 8.649}}, {"type": "Feature", "geometry": {"type": "LineString", "coordinates": [[88.360976, 22.545356], [88.360898, 22.545321], [88.360878, 22.545267]]}, "properties": {"feature_type": "edge", "u": 617, "v": 622, "edge_key": 0, "length_m": 15.416, "is_bridged": false, "is_bridge": false, "edge_betweenness": 0.0, "width_m": 8.708}}, {"type": "Feature", "geometry": {"type": "LineString", "coordinates": [[88.360976, 22.545356], [88.360975, 22.545266], [88.360955, 22.545248]]}, "properties": {"feature_type": "edge", "u": 617, "v": 623, "edge_key": 0, "length_m": 12.828, "is_bridged": false, "is_bridge": false, "edge_betweenness": 0.0, "width_m": 7.534}}, {"type": "Feature", "geometry": {"type": "LineString", "coordinates": [[88.35876, 22.545429], [88.358739, 22.545303], [88.358639, 22.545033], [88.3586, 22.544979], [88.35842, 22.544475], [88.35838, 22.544421], [88.35838, 22.544349]]}, "properties": {"feature_type": "edge", "u": 618, "v": 650, "edge_key": 0, "length_m": 135.74, "is_bridged": false, "is_bridge": false, "edge_betweenness": 0.0, "width_m": 8.62}}, {"type": "Feature", "geometry": {"type": "LineString", "coordinates": [[88.347811, 22.545485], [88.347889, 22.545485]]}, "properties": {"feature_type": "edge", "u": 619, "v": 620, "edge_key": 0, "length_m": 8.0, "is_bridged": false, "is_bridge": false, "edge_betweenness": 0.0, "width_m": 6.2}}, {"type": "Feature", "geometry": {"type": "LineString", "coordinates": [[88.347811, 22.545485], [88.347792, 22.545449], [88.34779, 22.545323]]}, "properties": {"feature_type": "edge", "u": 619, "v": 624, "edge_key": 0, "length_m": 18.472, "is_bridged": false, "is_bridge": false, "edge_betweenness": 0.0, "width_m": 8.236}}, {"type": "Feature", "geometry": {"type": "LineString", "coordinates": [[88.347889, 22.545485], [88.347888, 22.54534], [88.347868, 22.545322]]}, "properties": {"feature_type": "edge", "u": 620, "v": 626, "edge_key": 0, "length_m": 18.828, "is_bridged": false, "is_bridge": false, "edge_betweenness": 0.0, "width_m": 7.949}}, {"type": "Feature", "geometry": {"type": "LineString", "coordinates": [[88.351603, 22.545381], [88.352632, 22.545246]]}, "properties": {"feature_type": "edge", "u": 621, "v": 627, "edge_key": 0, "length_m": 111.443, "is_bridged": false, "is_bridge": false, "edge_betweenness": 0.0, "width_m": 8.232}}, {"type": "Feature", "geometry": {"type": "LineString", "coordinates": [[88.351603, 22.545381], [88.351561, 22.545111], [88.351501, 22.544912], [88.3515, 22.544822], [88.35148, 22.544804], [88.351297, 22.543921]]}, "properties": {"feature_type": "edge", "u": 621, "v": 664, "edge_key": 0, "length_m": 174.426, "is_bridged": false, "is_bridge": false, "edge_betweenness": 0.0, "width_m": 8.277}}, {"type": "Feature", "geometry": {"type": "LineString", "coordinates": [[88.360878, 22.545267], [88.360955, 22.545248]]}, "properties": {"feature_type": "edge", "u": 622, "v": 623, "edge_key": 0, "length_m": 8.472, "is_bridged": false, "is_bridge": false, "edge_betweenness": 0.0, "width_m": 6.2}}, {"type": "Feature", "geometry": {"type": "LineString", "coordinates": [[88.360878, 22.545267], [88.360858, 22.545231], [88.360876, 22.545122]]}, "properties": {"feature_type": "edge", "u": 622, "v": 628, "edge_key": 0, "length_m": 16.67, "is_bridged": false, "is_bridge": false, "edge_betweenness": 0.0, "width_m": 6.472}}, {"type": "Feature", "geometry": {"type": "LineString", "coordinates": [[88.360955, 22.545248], [88.360955, 22.545212], [88.360876, 22.545122]]}, "properties": {"feature_type": "edge", "u": 623, "v": 628, "edge_key": 0, "length_m": 16.806, "is_bridged": false, "is_bridge": false, "edge_betweenness": 0.0, "width_m": 4.552}}, {"type": "Feature", "geometry": {"type": "LineString", "coordinates": [[88.34779, 22.545323], [88.347868, 22.545322]]}, "properties": {"feature_type": "edge", "u": 624, "v": 626, "edge_key": 0, "length_m": 8.0, "is_bridged": false, "is_bridge": false, "edge_betweenness": 0.0, "width_m": 7.296}}, {"type": "Feature", "geometry": {"type": "LineString", "coordinates": [[88.34779, 22.545323], [88.347769, 22.545178]]}, "properties": {"feature_type": "edge", "u": 624, "v": 629, "edge_key": 0, "length_m": 16.472, "is_bridged": false, "is_bridge": false, "edge_betweenness": 0.0, "width_m": 8.135}}, {"type": "Feature", "geometry": {"type": "LineString", "coordinates": [[88.347868, 22.545322], [88.347847, 22.545178]]}, "properties": {"feature_type": "edge", "u": 626, "v": 630, "edge_key": 0, "length_m": 16.472, "is_bridged": false, "is_bridge": false, "edge_betweenness": 0.0, "width_m": 8.743}}, {"type": "Feature", "geometry": {"type": "LineString", "coordinates": [[88.352632, 22.545246], [88.353603, 22.545093]]}, "properties": {"feature_type": "edge", "u": 627, "v": 632, "edge_key": 0, "length_m": 106.271, "is_bridged": false, "is_bridge": false, "edge_betweenness": 0.0, "width_m": 8.438}}, {"type": "Feature", "geometry": {"type": "LineString", "coordinates": [[88.352632, 22.545246], [88.352593, 22.54521], [88.352592, 22.545102], [88.352512, 22.544886], [88.35241, 22.544471], [88.352371, 22.544399], [88.35225, 22.543967], [88.352249, 22.543876]]}, "properties": {"feature_type": "edge", "u": 627, "v": 665, "edge_key": 0, "length_m": 167.74, "is_bridged": false, "is_bridge": false, "edge_betweenness": 0.0, "width_m": 8.514}}, {"type": "Feature", "geometry": {"type": "LineString", "coordinates": [[88.360876, 22.545122], [88.360798, 22.545051], [88.360778, 22.544961]]}, "properties": {"feature_type": "edge", "u": 628, "v": 634, "edge_key": 0, "length_m": 21.56, "is_bridged": false, "is_bridge": false, "edge_betweenness": 0.0, "width_m": 6.589}}, {"type": "Feature", "geometry": {"type": "LineString", "coordinates": [[88.360876, 22.545122], [88.360875, 22.545014], [88.360856, 22.544996]]}, "properties": {"feature_type": "edge", "u": 628, "v": 635, "edge_key": 0, "length_m": 14.828, "is_bridged": false, "is_bridge": false, "edge_betweenness": 0.0, "width_m": 4.552}}, {"type": "Feature", "geometry": {"type": "LineString", "coordinates": [[88.347769, 22.545178], [88.347847, 22.545178]]}, "properties": {"feature_type": "edge", "u": 629, "v": 630, "edge_key": 0, "length_m": 8.0, "is_bridged": false, "is_bridge": false, "edge_betweenness": 0.0, "width_m": 9.105}}, {"type": "Feature", "geometry": {"type": "LineString", "coordinates": [[88.347769, 22.545178], [88.347749, 22.545034]]}, "properties": {"feature_type": "edge", "u": 629, "v": 637, "edge_key": 0, "length_m": 16.828, "is_bridged": false, "is_bridge": false, "edge_betweenness": 0.0, "width_m": 8.0}}, {"type": "Feature", "geometry": {"type": "LineString", "coordinates": [[88.347847, 22.545178], [88.347826, 22.545033]]}, "properties": {"feature_type": "edge", "u": 630, "v": 638, "edge_key": 0, "length_m": 16.472, "is_bridged": false, "is_bridge": false, "edge_betweenness": 0.0, "width_m": 9.082}}, {"type": "Feature", "geometry": {"type": "LineString", "coordinates": [[88.361946, 22.545077], [88.361944, 22.544951], [88.361925, 22.544933], [88.361863, 22.544608], [88.362076, 22.544462]]}, "properties": {"feature_type": "edge", "u": 631, "v": 648, "edge_key": 0, "length_m": 83.941, "is_bridged": false, "is_bridge": false, "edge_betweenness": 0.0, "width_m": 8.669}}, {"type": "Feature", "geometry": {"type": "LineString", "coordinates": [[88.353603, 22.545093], [88.353564, 22.545076], [88.353563, 22.544985], [88.353503, 22.544841], [88.353181, 22.543688]]}, "properties": {"feature_type": "edge", "u": 632, "v": 671, "edge_key": 0, "length_m": 174.212, "is_bridged": false, "is_bridge": false, "edge_betweenness": 0.0, "width_m": 8.441}}, {"type": "Feature", "geometry": {"type": "LineString", "coordinates": [[88.353603, 22.545093], [88.35438, 22.544996], [88.354535, 22.544959]]}, "properties": {"feature_type": "edge", "u": 632, "v": 640, "edge_key": 0, "length_m": 101.443, "is_bridged": false, "is_bridge": false, "edge_betweenness": 0.0, "width_m": 8.396}}, {"type": "Feature", "geometry": {"type": "LineString", "coordinates": [[88.363753, 22.545008], [88.363753, 22.544953]]}, "properties": {"feature_type": "edge", "u": 633, "v": 636, "edge_key": 0, "length_m": 6.0, "is_bridged": false, "is_bridge": false, "edge_betweenness": 0.0, "width_m": 11.988}}, {"type": "Feature", "geometry": {"type": "LineString", "coordinates": [[88.360778, 22.544961], [88.360817, 22.544996], [88.360856, 22.544996]]}, "properties": {"feature_type": "edge", "u": 634, "v": 635, "edge_key": 0, "length_m": 9.657, "is_bridged": false, "is_bridge": false, "edge_betweenness": 0.0, "width_m": 5.886}}, {"type": "Feature", "geometry": {"type": "LineString", "coordinates": [[88.360778, 22.544961], [88.360836, 22.544942]]}, "properties": {"feature_type": "edge", "u": 634, "v": 639, "edge_key": 0, "length_m": 6.828, "is_bridged": false, "is_bridge": false, "edge_betweenness": 0.0, "width_m": 5.886}}, {"type": "Feature", "geometry": {"type": "LineString", "coordinates": [[88.360778, 22.544961], [88.360738, 22.544907], [88.360697, 22.544654]]}, "properties": {"feature_type": "edge", "u": 634, "v": 641, "edge_key": 0, "length_m": 35.495, "is_bridged": false, "is_bridge": false, "edge_betweenness": 0.0, "width_m": 5.333}}, {"type": "Feature", "geometry": {"type": "LineString", "coordinates": [[88.360856, 22.544996], [88.360836, 22.544942]]}, "properties": {"feature_type": "edge", "u": 635, "v": 639, "edge_key": 0, "length_m": 6.828, "is_bridged": false, "is_bridge": false, "edge_betweenness": 0.0, "width_m": 6.438}}, {"type": "Feature", "geometry": {"type": "LineString", "coordinates": [[88.363753, 22.544953], [88.363811, 22.544953], [88.363927, 22.54488], [88.36468, 22.544331]]}, "properties": {"feature_type": "edge", "u": 636, "v": 649, "edge_key": 0, "length_m": 124.167, "is_bridged": false, "is_bridge": true, "edge_betweenness": 0.0, "width_m": 8.974}}, {"type": "Feature", "geometry": {"type": "LineString", "coordinates": [[88.363753, 22.544953], [88.363614, 22.544684], [88.363534, 22.544468], [88.363336, 22.544108], [88.363297, 22.54409]]}, "properties": {"feature_type": "edge", "u": 636, "v": 656, "edge_key": 0, "length_m": 115.513, "is_bridged": false, "is_bridge": false, "edge_betweenness": 0.0, "width_m": 8.817}}, {"type": "Feature", "geometry": {"type": "LineString", "coordinates": [[88.347749, 22.545034], [88.347826, 22.545033]]}, "properties": {"feature_type": "edge", "u": 637, "v": 638, "edge_key": 0, "length_m": 8.0, "is_bridged": false, "is_bridge": false, "edge_betweenness": 0.0, "width_m": 9.105}}, {"type": "Feature", "geometry": {"type": "LineString", "coordinates": [[88.347749, 22.545034], [88.347729, 22.54498], [88.347747, 22.544908]]}, "properties": {"feature_type": "edge", "u": 637, "v": 643, "edge_key": 0, "length_m": 15.657, "is_bridged": false, "is_bridge": false, "edge_betweenness": 0.0, "width_m": 8.571}}, {"type": "Feature", "geometry": {"type": "LineString", "coordinates": [[88.347826, 22.545033], [88.347806, 22.544907]]}, "properties": {"feature_type": "edge", "u": 638, "v": 642, "edge_key": 0, "length_m": 14.472, "is_bridged": false, "is_bridge": false, "edge_betweenness": 0.0, "width_m": 9.376}}, {"type": "Feature", "geometry": {"type": "LineString", "coordinates": [[88.360836, 22.544942], [88.360835, 22.544906], [88.360697, 22.544654]]}, "properties": {"feature_type": "edge", "u": 639, "v": 641, "edge_key": 0, "length_m": 35.305, "is_bridged": false, "is_bridge": false, "edge_betweenness": 0.0, "width_m": 4.552}}, {"type": "Feature", "geometry": {"type": "LineString", "coordinates": [[88.354535, 22.544959], [88.354982, 22.544901], [88.355001, 22.544883], [88.355312, 22.544844], [88.355331, 22.544826], [88.355487, 22.544825]]}, "properties": {"feature_type": "edge", "u": 640, "v": 644, "edge_key": 0, "length_m": 103.799, "is_bridged": false, "is_bridge": false, "edge_betweenness": 0.0, "width_m": 8.447}}, {"type": "Feature", "geometry": {"type": "LineString", "coordinates": [[88.354535, 22.544959], [88.354496, 22.544923], [88.354495, 22.544815], [88.354193, 22.543788], [88.354192, 22.543697]]}, "properties": {"feature_type": "edge", "u": 640, "v": 670, "edge_key": 0, "length_m": 154.083, "is_bridged": false, "is_bridge": true, "edge_betweenness": 0.0, "width_m": 8.452}}, {"type": "Feature", "geometry": {"type": "LineString", "coordinates": [[88.360697, 22.544654], [88.360517, 22.54415]]}, "properties": {"feature_type": "edge", "u": 641, "v": 653, "edge_key": 0, "length_m": 60.433, "is_bridged": false, "is_bridge": false, "edge_betweenness": 0.0, "width_m": 13.648}}, {"type": "Feature", "geometry": {"type": "LineString", "coordinates": [[88.347806, 22.544907], [88.347747, 22.544908]]}, "properties": {"feature_type": "edge", "u": 642, "v": 643, "edge_key": 0, "length_m": 6.0, "is_bridged": false, "is_bridge": false, "edge_betweenness": 0.0, "width_m": 12.0}}, {"type": "Feature", "geometry": {"type": "LineString", "coordinates": [[88.347806, 22.544907], [88.347805, 22.544817], [88.347726, 22.544709]]}, "properties": {"feature_type": "edge", "u": 642, "v": 646, "edge_key": 0, "length_m": 24.601, "is_bridged": false, "is_bridge": false, "edge_betweenness": 0.0, "width_m": 8.854}}, {"type": "Feature", "geometry": {"type": "LineString", "coordinates": [[88.347747, 22.544908], [88.347708, 22.544836], [88.347726, 22.544709]]}, "properties": {"feature_type": "edge", "u": 643, "v": 646, "edge_key": 0, "length_m": 24.485, "is_bridged": false, "is_bridge": false, "edge_betweenness": 0.0, "width_m": 8.549}}, {"type": "Feature", "geometry": {"type": "LineString", "coordinates": [[88.355487, 22.544825], [88.355564, 22.544788], [88.355661, 22.544787], [88.355681, 22.544769], [88.355778, 22.544768], [88.355797, 22.54475], [88.355894, 22.544749], [88.355914, 22.544731], [88.356011, 22.54473], [88.35603, 22.544712], [88.356127, 22.544711], [88.356147, 22.544693], [88.356244, 22.544692], [88.356263, 22.544674], [88.35636, 22.544673], [88.356515, 22.544635]]}, "properties": {"feature_type": "edge", "u": 644, "v": 647, "edge_key": 0, "length_m": 113.928, "is_bridged": false, "is_bridge": false, "edge_betweenness": 0.0, "width_m": 8.416}}, {"type": "Feature", "geometry": {"type": "LineString", "coordinates": [[88.361378, 22.544666], [88.361552, 22.544593], [88.361551, 22.544484], [88.361451, 22.544196], [88.36143, 22.544016]]}, "properties": {"feature_type": "edge", "u": 645, "v": 659, "edge_key": 0, "length_m": 90.284, "is_bridged": false, "is_bridge": true, "edge_betweenness": 0.0, "width_m": 8.42}}, {"type": "Feature", "geometry": {"type": "LineString", "coordinates": [[88.347726, 22.544709], [88.347765, 22.544709]]}, "properties": {"feature_type": "edge", "u": 646, "v": 710, "edge_key": 0, "length_m": 4.0, "is_bridged": false, "is_bridge": false, "edge_betweenness": 0.0, "width_m": 4.0}}, {"type": "Feature", "geometry": {"type": "LineString", "coordinates": [[88.347765, 22.544709], [88.347726, 22.544709]]}, "properties": {"feature_type": "edge", "u": 646, "v": 710, "edge_key": 1, "length_m": 4.0, "is_bridged": false, "is_bridge": false, "edge_betweenness": 0.0, "width_m": 4.0}}, {"type": "Feature", "geometry": {"type": "LineString", "coordinates": [[88.347726, 22.544709], [88.347724, 22.544529], [88.347705, 22.544511], [88.347683, 22.54424], [88.347663, 22.544222], [88.347621, 22.543861], [88.347581, 22.543753]]}, "properties": {"feature_type": "edge", "u": 646, "v": 668, "edge_key": 0, "length_m": 111.217, "is_bridged": false, "is_bridge": true, "edge_betweenness": 0.0, "width_m": 15.523}}, {"type": "Feature", "geometry": {"type": "LineString", "coordinates": [[88.356515, 22.544635], [88.356476, 22.544618], [88.356476, 22.544563], [88.356376, 22.544329], [88.356376, 22.544275], [88.356096, 22.543537], [88.356116, 22.543519]]}, "properties": {"feature_type": "edge", "u": 647, "v": 682, "edge_key": 0, "length_m": 143.041, "is_bridged": false, "is_bridge": true, "edge_betweenness": 0.0, "width_m": 8.523}}, {"type": "Feature", "geometry": {"type": "LineString", "coordinates": [[88.356515, 22.544635], [88.356729, 22.544615], [88.356748, 22.544597], [88.356846, 22.544596], [88.356865, 22.544578], [88.356962, 22.544577], [88.356981, 22.544559], [88.357079, 22.544558], [88.357331, 22.544502], [88.357448, 22.544501], [88.3577, 22.544445], [88.358244, 22.544386], [88.35838, 22.544349]]}, "properties": {"feature_type": "edge", "u": 647, "v": 650, "edge_key": 0, "length_m": 204.07, "is_bridged": false, "is_bridge": false, "edge_betweenness": 0.0, "width_m": 8.258}}, {"type": "Feature", "geometry": {"type": "LineString", "coordinates": [[88.362076, 22.544462], [88.362386, 22.544423], [88.362792, 22.544185], [88.36318, 22.544091], [88.363297, 22.54409]]}, "properties": {"feature_type": "edge", "u": 648, "v": 656, "edge_key": 0, "length_m": 142.569, "is_bridged": false, "is_bridge": false, "edge_betweenness": 0.0, "width_m": 8.532}}, {"type": "Feature", "geometry": {"type": "LineString", "coordinates": [[88.362076, 22.544462], [88.362056, 22.544444], [88.362051, 22.543956]]}, "properties": {"feature_type": "edge", "u": 648, "v": 661, "edge_key": 0, "length_m": 56.828, "is_bridged": false, "is_bridge": false, "edge_betweenness": 0.0, "width_m": 8.237}}, {"type": "Feature", "geometry": {"type": "LineString", "coordinates": [[88.35838, 22.544349], [88.35834, 22.544331], [88.35832, 22.544223], [88.358281, 22.544169], [88.3582, 22.543917], [88.358161, 22.543863], [88.358041, 22.543539]]}, "properties": {"feature_type": "edge", "u": 650, "v": 678, "edge_key": 0, "length_m": 104.899, "is_bridged": false, "is_bridge": true, "edge_betweenness": 0.0, "width_m": 8.513}}, {"type": "Feature", "geometry": {"type": "LineString", "coordinates": [[88.35838, 22.544349], [88.358535, 22.544347], [88.358554, 22.544329], [88.359001, 22.544289], [88.359021, 22.544271], [88.359293, 22.544251], [88.359312, 22.544232], [88.359467, 22.544231], [88.359487, 22.544213], [88.359623, 22.544212], [88.359642, 22.544193], [88.359778, 22.544192], [88.359797, 22.544174], [88.359934, 22.544173], [88.359953, 22.544155], [88.360089, 22.544153], [88.360108, 22.544135], [88.360244, 22.544134], [88.360264, 22.544116], [88.360419, 22.544115], [88.360458, 22.544078]]}, "properties": {"feature_type": "edge", "u": 650, "v": 657, "edge_key": 0, "length_m": 225.598, "is_bridged": false, "is_bridge": false, "edge_betweenness": 0.0, "width_m": 8.273}}, {"type": "Feature", "geometry": {"type": "LineString", "coordinates": [[88.348928, 22.544338], [88.348986, 22.544319], [88.349472, 22.544315], [88.349492, 22.544297], [88.349939, 22.544293], [88.349997, 22.544275]]}, "properties": {"feature_type": "edge", "u": 651, "v": 652, "edge_key": 0, "length_m": 112.485, "is_bridged": false, "is_bridge": true, "edge_betweenness": 0.0, "width_m": 8.009}}, {"type": "Feature", "geometry": {"type": "LineString", "coordinates": [[88.348928, 22.544338], [88.348885, 22.543905], [88.348865, 22.543887], [88.348864, 22.543706], [88.348844, 22.543688], [88.348842, 22.543526], [88.348823, 22.543508]]}, "properties": {"feature_type": "edge", "u": 651, "v": 689, "edge_key": 0, "length_m": 96.142, "is_bridged": false, "is_bridge": true, "edge_betweenness": 0.0, "width_m": 8.052}}, {"type": "Feature", "geometry": {"type": "LineString", "coordinates": [[88.360517, 22.54415], [88.360497, 22.544096], [88.360458, 22.544078]]}, "properties": {"feature_type": "edge", "u": 653, "v": 657, "edge_key": 0, "length_m": 10.797, "is_bridged": false, "is_bridge": false, "edge_betweenness": 0.0, "width_m": 9.714}}, {"type": "Feature", "geometry": {"type": "LineString", "coordinates": [[88.360517, 22.54415], [88.360555, 22.544095], [88.360633, 22.544077], [88.36143, 22.544016]]}, "properties": {"feature_type": "edge", "u": 653, "v": 659, "edge_key": 0, "length_m": 100.525, "is_bridged": false, "is_bridge": false, "edge_betweenness": 0.0, "width_m": 8.209}}, {"type": "Feature", "geometry": {"type": "LineString", "coordinates": [[88.345562, 22.544149], [88.34566, 22.544275], [88.345699, 22.544238]]}, "properties": {"feature_type": "edge", "u": 654, "v": 655, "edge_key": 0, "length_m": 22.862, "is_bridged": false, "is_bridge": false, "edge_betweenness": 0.0, "width_m": 5.0}}, {"type": "Feature", "geometry": {"type": "LineString", "coordinates": [[88.345562, 22.544149], [88.345621, 22.544221], [88.34566, 22.544185]]}, "properties": {"feature_type": "edge", "u": 654, "v": 658, "edge_key": 0, "length_m": 15.657, "is_bridged": false, "is_bridge": false, "edge_betweenness": 0.0, "width_m": 5.0}}, {"type": "Feature", "geometry": {"type": "LineString", "coordinates": [[88.345562, 22.544149], [88.34564, 22.544149], [88.34566, 22.544185]]}, "properties": {"feature_type": "edge", "u": 654, "v": 658, "edge_key": 1, "length_m": 12.828, "is_bridged": false, "is_bridge": false, "edge_betweenness": 0.0, "width_m": 7.472}}, {"type": "Feature", "geometry": {"type": "LineString", "coordinates": [[88.345562, 22.544149], [88.345601, 22.544149]]}, "properties": {"feature_type": "edge", "u": 654, "v": 711, "edge_key": 0, "length_m": 4.0, "is_bridged": false, "is_bridge": false, "edge_betweenness": 0.0, "width_m": 4.0}}, {"type": "Feature", "geometry": {"type": "LineString", "coordinates": [[88.345601, 22.544149], [88.345562, 22.544149]]}, "properties": {"feature_type": "edge", "u": 654, "v": 711, "edge_key": 1, "length_m": 4.0, "is_bridged": false, "is_bridge": false, "edge_betweenness": 0.0, "width_m": 4.0}}, {"type": "Feature", "geometry": {"type": "LineString", "coordinates": [[88.345562, 22.544149], [88.345503, 22.544114]]}, "properties": {"feature_type": "edge", "u": 654, "v": 712, "edge_key": 0, "length_m": 7.211, "is_bridged": false, "is_bridge": false, "edge_betweenness": 0.0, "width_m": 5.648}}, {"type": "Feature", "geometry": {"type": "LineString", "coordinates": [[88.345503, 22.544114], [88.345562, 22.544149]]}, "properties": {"feature_type": "edge", "u": 654, "v": 712, "edge_key": 1, "length_m": 7.211, "is_bridged": false, "is_bridge": false, "edge_betweenness": 0.0, "width_m": 5.648}}, {"type": "Feature", "geometry": {"type": "LineString", "coordinates": [[88.345562, 22.544149], [88.345464, 22.54406], [88.345443, 22.543952]]}, "properties": {"feature_type": "edge", "u": 654, "v": 662, "edge_key": 0, "length_m": 26.308, "is_bridged": false, "is_bridge": false, "edge_betweenness": 0.0, "width_m": 4.315}}, {"type": "Feature", "geometry": {"type": "LineString", "coordinates": [[88.345562, 22.544149], [88.345522, 22.544005], [88.345443, 22.543952]]}, "properties": {"feature_type": "edge", "u": 654, "v": 662, "edge_key": 1, "length_m": 26.492, "is_bridged": false, "is_bridge": false, "edge_betweenness": 0.0, "width_m": 3.219}}, {"type": "Feature", "geometry": {"type": "LineString", "coordinates": [[88.345699, 22.544238], [88.34566, 22.544185]]}, "properties": {"feature_type": "edge", "u": 655, "v": 658, "edge_key": 0, "length_m": 7.657, "is_bridged": false, "is_bridge": false, "edge_betweenness": 0.0, "width_m": 8.472}}, {"type": "Feature", "geometry": {"type": "LineString", "coordinates": [[88.363297, 22.54409], [88.363296, 22.544], [88.363236, 22.543838]]}, "properties": {"feature_type": "edge", "u": 656, "v": 663, "edge_key": 0, "length_m": 30.485, "is_bridged": false, "is_bridge": false, "edge_betweenness": 0.0, "width_m": 9.075}}, {"type": "Feature", "geometry": {"type": "LineString", "coordinates": [[88.360458, 22.544078], [88.360457, 22.544006], [88.360397, 22.543826], [88.360278, 22.543556]]}, "properties": {"feature_type": "edge", "u": 657, "v": 672, "edge_key": 0, "length_m": 63.987, "is_bridged": false, "is_bridge": true, "edge_betweenness": 0.0, "width_m": 15.075}}, {"type": "Feature", "geometry": {"type": "LineString", "coordinates": [[88.36143, 22.544016], [88.362051, 22.543956]]}, "properties": {"feature_type": "edge", "u": 659, "v": 661, "edge_key": 0, "length_m": 66.485, "is_bridged": false, "is_bridge": false, "edge_betweenness": 0.0, "width_m": 8.358}}, {"type": "Feature", "geometry": {"type": "LineString", "coordinates": [[88.362051, 22.543956], [88.363236, 22.543838]]}, "properties": {"feature_type": "edge", "u": 661, "v": 663, "edge_key": 0, "length_m": 126.971, "is_bridged": false, "is_bridge": false, "edge_betweenness": 0.0, "width_m": 8.293}}, {"type": "Feature", "geometry": {"type": "LineString", "coordinates": [[88.362051, 22.543956], [88.361989, 22.543523]]}, "properties": {"feature_type": "edge", "u": 661, "v": 675, "edge_key": 0, "length_m": 50.485, "is_bridged": false, "is_bridge": true, "edge_betweenness": 0.0, "width_m": 8.374}}, {"type": "Feature", "geometry": {"type": "LineString", "coordinates": [[88.345443, 22.543952], [88.345405, 22.54397]]}, "properties": {"feature_type": "edge", "u": 662, "v": 713, "edge_key": 0, "length_m": 4.472, "is_bridged": false, "is_bridge": false, "edge_betweenness": 0.0, "width_m": 2.981}}, {"type": "Feature", "geometry": {"type": "LineString", "coordinates": [[88.345405, 22.54397], [88.345443, 22.543952]]}, "properties": {"feature_type": "edge", "u": 662, "v": 713, "edge_key": 1, "length_m": 4.472, "is_bridged": false, "is_bridge": false, "edge_betweenness": 0.0, "width_m": 2.981}}, {"type": "Feature", "geometry": {"type": "LineString", "coordinates": [[88.345443, 22.543952], [88.345365, 22.543916], [88.345345, 22.543808]]}, "properties": {"feature_type": "edge", "u": 662, "v": 666, "edge_key": 0, "length_m": 21.11, "is_bridged": false, "is_bridge": false, "edge_betweenness": 0.0, "width_m": 2.981}}, {"type": "Feature", "geometry": {"type": "LineString", "coordinates": [[88.345443, 22.543952], [88.345423, 22.543861], [88.345345, 22.543808]]}, "properties": {"feature_type": "edge", "u": 662, "v": 666, "edge_key": 1, "length_m": 20.198, "is_bridged": false, "is_bridge": false, "edge_betweenness": 0.0, "width_m": 1.886}}, {"type": "Feature", "geometry": {"type": "LineString", "coordinates": [[88.363236, 22.543838], [88.363547, 22.543817], [88.363567, 22.543799], [88.36378, 22.543797], [88.3638, 22.543779], [88.364014, 22.543777], [88.364033, 22.543759], [88.364227, 22.543757], [88.364247, 22.543739], [88.364461, 22.543737], [88.36448, 22.543719], [88.364694, 22.543717]]}, "properties": {"feature_type": "edge", "u": 663, "v": 667, "edge_key": 0, "length_m": 154.971, "is_bridged": false, "is_bridge": true, "edge_betweenness": 0.0, "width_m": 8.186}}, {"type": "Feature", "geometry": {"type": "LineString", "coordinates": [[88.363236, 22.543838], [88.363196, 22.543712], [88.363194, 22.543531]]}, "properties": {"feature_type": "edge", "u": 663, "v": 674, "edge_key": 0, "length_m": 35.301, "is_bridged": false, "is_bridge": true, "edge_betweenness": 0.0, "width_m": 8.544}}, {"type": "Feature", "geometry": {"type": "LineString", "coordinates": [[88.351297, 22.543921], [88.351277, 22.543903], [88.351195, 22.543506]]}, "properties": {"feature_type": "edge", "u": 664, "v": 687, "edge_key": 0, "length_m": 50.142, "is_bridged": false, "is_bridge": true, "edge_betweenness": 0.0, "width_m": 8.295}}, {"type": "Feature", "geometry": {"type": "LineString", "coordinates": [[88.351297, 22.543921], [88.351394, 22.54392], [88.352092, 22.543733], [88.352189, 22.543732]]}, "properties": {"feature_type": "edge", "u": 664, "v": 669, "edge_key": 0, "length_m": 100.284, "is_bridged": false, "is_bridge": false, "edge_betweenness": 0.0, "width_m": 8.462}}, {"type": "Feature", "geometry": {"type": "LineString", "coordinates": [[88.352249, 22.543876], [88.352443, 22.543857], [88.352851, 22.543745], [88.353181, 22.543688]]}, "properties": {"feature_type": "edge", "u": 665, "v": 671, "edge_key": 0, "length_m": 104.284, "is_bridged": false, "is_bridge": false, "edge_betweenness": 0.0, "width_m": 8.442}}, {"type": "Feature", "geometry": {"type": "LineString", "coordinates": [[88.352249, 22.543876], [88.35221, 22.543823], [88.352209, 22.54375], [88.352189, 22.543732]]}, "properties": {"feature_type": "edge", "u": 665, "v": 669, "edge_key": 0, "length_m": 18.129, "is_bridged": false, "is_bridge": false, "edge_betweenness": 0.0, "width_m": 9.064}}, {"type": "Feature", "geometry": {"type": "LineString", "coordinates": [[88.345345, 22.543808], [88.345286, 22.543754]]}, "properties": {"feature_type": "edge", "u": 666, "v": 714, "edge_key": 0, "length_m": 8.485, "is_bridged": false, "is_bridge": false, "edge_betweenness": 0.0, "width_m": 1.333}}, {"type": "Feature", "geometry": {"type": "LineString", "coordinates": [[88.345286, 22.543754], [88.345345, 22.543808]]}, "properties": {"feature_type": "edge", "u": 666, "v": 714, "edge_key": 1, "length_m": 8.485, "is_bridged": false, "is_bridge": false, "edge_betweenness": 0.0, "width_m": 1.333}}, {"type": "Feature", "geometry": {"type": "LineString", "coordinates": [[88.345345, 22.543808], [88.345324, 22.5437], [88.345265, 22.543646]]}, "properties": {"feature_type": "edge", "u": 666, "v": 677, "edge_key": 0, "length_m": 20.651, "is_bridged": false, "is_bridge": true, "edge_betweenness": 0.0, "width_m": 6.967}}, {"type": "Feature", "geometry": {"type": "LineString", "coordinates": [[88.347581, 22.543753], [88.34762, 22.543771]]}, "properties": {"feature_type": "edge", "u": 668, "v": 715, "edge_key": 0, "length_m": 4.472, "is_bridged": false, "is_bridge": false, "edge_betweenness": 0.0, "width_m": 5.105}}, {"type": "Feature", "geometry": {"type": "LineString", "coordinates": [[88.34762, 22.543771], [88.347581, 22.543753]]}, "properties": {"feature_type": "edge", "u": 668, "v": 715, "edge_key": 1, "length_m": 4.472, "is_bridged": false, "is_bridge": false, "edge_betweenness": 0.0, "width_m": 5.105}}, {"type": "Feature", "geometry": {"type": "LineString", "coordinates": [[88.347581, 22.543753], [88.347521, 22.543627], [88.34754, 22.543573]]}, "properties": {"feature_type": "edge", "u": 668, "v": 683, "edge_key": 0, "length_m": 22.601, "is_bridged": false, "is_bridge": false, "edge_betweenness": 0.0, "width_m": 8.325}}, {"type": "Feature", "geometry": {"type": "LineString", "coordinates": [[88.347581, 22.543753], [88.347619, 22.54368], [88.347618, 22.543608], [88.347579, 22.543572], [88.34754, 22.543573]]}, "properties": {"feature_type": "edge", "u": 668, "v": 683, "edge_key": 1, "length_m": 26.601, "is_bridged": false, "is_bridge": false, "edge_betweenness": 0.0, "width_m": 9.58}}, {"type": "Feature", "geometry": {"type": "LineString", "coordinates": [[88.352189, 22.543732], [88.352169, 22.543588], [88.352149, 22.543534], [88.352109, 22.543516]]}, "properties": {"feature_type": "edge", "u": 669, "v": 686, "edge_key": 0, "length_m": 28.129, "is_bridged": false, "is_bridge": true, "edge_betweenness": 0.0, "width_m": 8.165}}, {"type": "Feature", "geometry": {"type": "LineString", "coordinates": [[88.354192, 22.543697], [88.354406, 22.54366], [88.354483, 22.543623], [88.354949, 22.54351]]}, "properties": {"feature_type": "edge", "u": 670, "v": 685, "edge_key": 0, "length_m": 86.284, "is_bridged": false, "is_bridge": true, "edge_betweenness": 0.0, "width_m": 8.417}}, {"type": "Feature", "geometry": {"type": "LineString", "coordinates": [[88.354192, 22.543697], [88.354132, 22.543535]]}, "properties": {"feature_type": "edge", "u": 670, "v": 681, "edge_key": 0, "length_m": 20.129, "is_bridged": false, "is_bridge": true, "edge_betweenness": 0.0, "width_m": 8.759}}, {"type": "Feature", "geometry": {"type": "LineString", "coordinates": [[88.353181, 22.543688], [88.353258, 22.543651], [88.353336, 22.54365], [88.353879, 22.543519]]}, "properties": {"feature_type": "edge", "u": 671, "v": 684, "edge_key": 0, "length_m": 79.456, "is_bridged": false, "is_bridge": true, "edge_betweenness": 0.0, "width_m": 8.421}}, {"type": "Feature", "geometry": {"type": "LineString", "coordinates": [[88.36232, 22.543557], [88.362359, 22.543574], [88.362533, 22.543519]]}, "properties": {"feature_type": "edge", "u": 673, "v": 676, "edge_key": 0, "length_m": 25.314, "is_bridged": false, "is_bridge": true, "edge_betweenness": 0.0, "width_m": 8.67}}], "meta": {"heal": {"connectivity_ratio_pct": 0.0, "components_before": 7, "components_after": 7, "bridges_added": 0, "bridges_rejected_crossing": 0, "bridges_rejected_corridor": 0}, "simplify": {"nodes_before": 716, "nodes_after": 700, "node_reduction_pct": 2.2, "stubs_pruned": 8, "nodes_collapsed": 8}, "polyline": {"vertices_before": 24333, "vertices_after": 3733, "vertex_reduction_pct": 84.7}, "coordinate_frame": {"coordinates": "wgs84", "crs": "EPSG:4326", "axis_order": "x,y", "length_unit": "metre"}}}