{"type": "FeatureCollection", "features": [{"type": "Feature", "geometry": {"type": "Point", "coordinates": [80.93787, 26.861475]}, "properties": {"feature_type": "node", "node_id": 0, "degree": 1, "type": "endpoint", "betweenness": 0.0, "is_critical": false, "is_articulation": false}}, {"type": "Feature", "geometry": {"type": "Point", "coordinates": [80.937971, 26.861475]}, "properties": {"feature_type": "node", "node_id": 1, "degree": 1, "type": "endpoint", "betweenness": 0.0, "is_critical": false, "is_articulation": false}}, {"type": "Feature", "geometry": {"type": "Point", "coordinates": [80.94236, 26.861477]}, "properties": {"feature_type": "node", "node_id": 2, "degree": 1, "type": "endpoint", "betweenness": 0.0, "is_critical": false, "is_articulation": false}}, {"type": "Feature", "geometry": {"type": "Point", "coordinates": [80.955024, 26.861464]}, "properties": {"feature_type": "node", "node_id": 3, "degree": 1, "type": "endpoint", "betweenness": 0.0, "is_critical": false, "is_articulation": false}}, {"type": "Feature", "geometry": {"type": "Point", "coordinates": [80.934991, 26.861366]}, "properties": {"feature_type": "node", "node_id": 4, "degree": 1, "type": "endpoint", "betweenness": 0.0, "is_critical": false, "is_articulation": false}}, {"type": "Feature", "geometry": {"type": "Point", "coordinates": [80.939964, 26.86126]}, "properties": {"feature_type": "node", "node_id": 5, "degree": 4, "type": "intersection", "betweenness": 0.004172843573271839, "is_critical": false, "is_articulation": true}}, {"type": "Feature", "geometry": {"type": "Point", "coordinates": [80.934951, 26.861257]}, "properties": {"feature_type": "node", "node_id": 6, "degree": 1, "type": "endpoint", "betweenness": 0.0, "is_critical": false, "is_articulation": false}}, {"type": "Feature", "geometry": {"type": "Point", "coordinates": [80.939683, 26.861115]}, "properties": {"feature_type": "node", "node_id": 7, "degree": 3, "type": "intersection", "betweenness": 0.008327385201046872, "is_critical": false, "is_articulation": true}}, {"type": "Feature", "geometry": {"type": "Point", "coordinates": [80.937629, 26.861078]}, "properties": {"feature_type": "node", "node_id": 8, "degree": 3, "type": "intersection", "betweenness": 0.00446567470122074, "is_critical": false, "is_articulation": true}}, {"type": "Feature", "geometry": {"type": "Point", "coordinates": [80.937709, 26.861024]}, "properties": {"feature_type": "node", "node_id": 10, "degree": 4, "type": "intersection", "betweenness": 0.0047768077746664465, "is_critical": false, "is_articulation": true}}, {"type": "Feature", "geometry": {"type": "Point", "coordinates": [80.939703, 26.861025]}, "properties": {"feature_type": "node", "node_id": 11, "degree": 3, "type": "intersection", "betweenness": 0.016609015538351726, "is_critical": false, "is_articulation": true}}, {"type": "Feature", "geometry": {"type": "Point", "coordinates": [80.95285, 26.860903]}, "properties": {"feature_type": "node", "node_id": 13, "degree": 3, "type": "intersection", "betweenness": 0.006698512051831109, "is_critical": false, "is_articulation": true}}, {"type": "Feature", "geometry": {"type": "Point", "coordinates": [80.95279, 26.860885]}, "properties": {"feature_type": "node", "node_id": 14, "degree": 3, "type": "intersection", "betweenness": 0.0032211424074379104, "is_critical": false, "is_articulation": false}}, {"type": "Feature", "geometry": {"type": "Point", "coordinates": [80.952669, 26.860813]}, "properties": {"feature_type": "node", "node_id": 15, "degree": 3, "type": "intersection", "betweenness": 0.009992862241256244, "is_critical": false, "is_articulation": false}}, {"type": "Feature", "geometry": {"type": "Point", "coordinates": [80.95287, 26.860831]}, "properties": {"feature_type": "node", "node_id": 16, "degree": 3, "type": "intersection", "betweenness": 0.014540895697212612, "is_critical": false, "is_articulation": false}}, {"type": "Feature", "geometry": {"type": "Point", "coordinates": [80.95279, 26.860813]}, "properties": {"feature_type": "node", "node_id": 17, "degree": 3, "type": "intersection", "betweenness": 0.006021340068449276, "is_critical": false, "is_articulation": false}}, {"type": "Feature", "geometry": {"type": "Point", "coordinates": [80.955065, 26.860723]}, "properties": {"feature_type": "node", "node_id": 18, "degree": 1, "type": "endpoint", "betweenness": 0.0, "is_critical": false, "is_articulation": false}}, {"type": "Feature", "geometry": {"type": "Point", "coordinates": [80.934931, 26.860697]}, "properties": {"feature_type": "node", "node_id": 19, "degree": 1, "type": "endpoint", "betweenness": 0.0, "is_critical": false, "is_articulation": false}}, {"type": "Feature", "geometry": {"type": "Point", "coordinates": [80.938716, 26.860627]}, "properties": {"feature_type": "node", "node_id": 20, "degree": 3, "type": "intersection", "betweenness": 0.02068119841139113, "is_critical": false, "is_articulation": true}}, {"type": "Feature", "geometry": {"type": "Point", "coordinates": [80.954702, 26.860434]}, "properties": {"feature_type": "node", "node_id": 23, "degree": 3, "type": "intersection", "betweenness": 0.019171287907904608, "is_critical": false, "is_articulation": true}}, {"type": "Feature", "geometry": {"type": "Point", "coordinates": [80.934931, 26.860409]}, "properties": {"feature_type": "node", "node_id": 24, "degree": 1, "type": "endpoint", "betweenness": 0.0, "is_critical": false, "is_articulation": false}}, {"type": "Feature", "geometry": {"type": "Point", "coordinates": [80.955025, 26.860037]}, "properties": {"feature_type": "node", "node_id": 26, "degree": 1, "type": "endpoint", "betweenness": 0.0, "is_critical": false, "is_articulation": false}}, {"type": "Feature", "geometry": {"type": "Point", "coordinates": [80.936824, 26.859958]}, "properties": {"feature_type": "node", "node_id": 27, "degree": 3, "type": "intersection", "betweenness": 0.012207397646369808, "is_critical": false, "is_articulation": true}}, {"type": "Feature", "geometry": {"type": "Point", "coordinates": [80.937005, 26.859868]}, "properties": {"feature_type": "node", "node_id": 28, "degree": 3, "type": "intersection", "betweenness": 0.03268727465729607, "is_critical": false, "is_articulation": false}}, {"type": "Feature", "geometry": {"type": "Point", "coordinates": [80.936724, 26.859723]}, "properties": {"feature_type": "node", "node_id": 29, "degree": 3, "type": "intersection", "betweenness": 0.020150441991983747, "is_critical": false, "is_articulation": true}}, {"type": "Feature", "geometry": {"type": "Point", "coordinates": [80.954723, 26.859369]}, "properties": {"feature_type": "node", "node_id": 30, "degree": 3, "type": "intersection", "betweenness": 0.008336536173795274, "is_critical": false, "is_articulation": true}}, {"type": "Feature", "geometry": {"type": "Point", "coordinates": [80.955065, 26.859297]}, "properties": {"feature_type": "node", "node_id": 31, "degree": 1, "type": "endpoint", "betweenness": 0.0, "is_critical": false, "is_articulation": false}}, {"type": "Feature", "geometry": {"type": "Point", "coordinates": [80.952932, 26.857418]}, "properties": {"feature_type": "node", "node_id": 32, "degree": 17, "type": "intersection", "betweenness": 0.07150570105602225, "is_critical": false, "is_articulation": true}}, {"type": "Feature", "geometry": {"type": "Point", "coordinates": [80.937026, 26.858857]}, "properties": {"feature_type": "node", "node_id": 33, "degree": 3, "type": "intersection", "betweenness": 0.036677098775599846, "is_critical": false, "is_articulation": false}}, {"type": "Feature", "geometry": {"type": "Point", "coordinates": [80.936946, 26.858838]}, "properties": {"feature_type": "node", "node_id": 34, "degree": 3, "type": "intersection", "betweenness": 0.0252383828400959, "is_critical": false, "is_articulation": false}}, {"type": "Feature", "geometry": {"type": "Point", "coordinates": [80.937046, 26.858766]}, "properties": {"feature_type": "node", "node_id": 35, "degree": 3, "type": "intersection", "betweenness": 0.039294276981643145, "is_critical": false, "is_articulation": false}}, {"type": "Feature", "geometry": {"type": "Point", "coordinates": [80.936966, 26.858748]}, "properties": {"feature_type": "node", "node_id": 36, "degree": 3, "type": "intersection", "betweenness": 0.02915499917641245, "is_critical": false, "is_articulation": false}}, {"type": "Feature", "geometry": {"type": "Point", "coordinates": [80.937067, 26.858676]}, "properties": {"feature_type": "node", "node_id": 37, "degree": 3, "type": "intersection", "betweenness": 0.04311480810410146, "is_critical": false, "is_articulation": false}}, {"type": "Feature", "geometry": {"type": "Point", "coordinates": [80.936986, 26.858658]}, "properties": {"feature_type": "node", "node_id": 38, "degree": 3, "type": "intersection", "betweenness": 0.03300069547392888, "is_critical": false, "is_articulation": false}}, {"type": "Feature", "geometry": {"type": "Point", "coordinates": [80.937087, 26.858604]}, "properties": {"feature_type": "node", "node_id": 39, "degree": 3, "type": "intersection", "betweenness": 0.04690559856512747, "is_critical": false, "is_articulation": false}}, {"type": "Feature", "geometry": {"type": "Point", "coordinates": [80.937006, 26.858586]}, "properties": {"feature_type": "node", "node_id": 40, "degree": 3, "type": "intersection", "betweenness": 0.03686469371694211, "is_critical": false, "is_articulation": false}}, {"type": "Feature", "geometry": {"type": "Point", "coordinates": [80.937107, 26.858514]}, "properties": {"feature_type": "node", "node_id": 41, "degree": 3, "type": "intersection", "betweenness": 0.05060487929866944, "is_critical": false, "is_articulation": false}}, {"type": "Feature", "geometry": {"type": "Point", "coordinates": [80.937026, 26.858495]}, "properties": {"feature_type": "node", "node_id": 42, "degree": 3, "type": "intersection", "betweenness": 0.04068522483940042, "is_critical": false, "is_articulation": false}}, {"type": "Feature", "geometry": {"type": "Point", "coordinates": [80.937127, 26.858423]}, "properties": {"feature_type": "node", "node_id": 43, "degree": 3, "type": "intersection", "betweenness": 0.054338476180017935, "is_critical": false, "is_articulation": false}}, {"type": "Feature", "geometry": {"type": "Point", "coordinates": [80.937047, 26.858423]}, "properties": {"feature_type": "node", "node_id": 44, "degree": 3, "type": "intersection", "betweenness": 0.04441882172074891, "is_critical": false, "is_articulation": false}}, {"type": "Feature", "geometry": {"type": "Point", "coordinates": [80.937067, 26.858333]}, "properties": {"feature_type": "node", "node_id": 45, "degree": 3, "type": "intersection", "betweenness": 0.04806090887461337, "is_critical": false, "is_articulation": false}}, {"type": "Feature", "geometry": {"type": "Point", "coordinates": [80.937147, 26.858333]}, "properties": {"feature_type": "node", "node_id": 46, "degree": 3, "type": "intersection", "betweenness": 0.05805377111586961, "is_critical": false, "is_articulation": false}}, {"type": "Feature", "geometry": {"type": "Point", "coordinates": [80.954522, 26.85834]}, "properties": {"feature_type": "node", "node_id": 47, "degree": 4, "type": "intersection", "betweenness": 0.016609015538351726, "is_critical": false, "is_articulation": true}}, {"type": "Feature", "geometry": {"type": "Point", "coordinates": [80.937087, 26.858243]}, "properties": {"feature_type": "node", "node_id": 48, "degree": 3, "type": "intersection", "betweenness": 0.051638939219239004, "is_critical": false, "is_articulation": false}}, {"type": "Feature", "geometry": {"type": "Point", "coordinates": [80.937167, 26.858243]}, "properties": {"feature_type": "node", "node_id": 49, "degree": 3, "type": "intersection", "betweenness": 0.06184227383370852, "is_critical": false, "is_articulation": false}}, {"type": "Feature", "geometry": {"type": "Point", "coordinates": [80.955025, 26.858268]}, "properties": {"feature_type": "node", "node_id": 50, "degree": 1, "type": "endpoint", "betweenness": 0.0, "is_critical": false, "is_articulation": false}}, {"type": "Feature", "geometry": {"type": "Point", "coordinates": [80.937188, 26.85817]}, "properties": {"feature_type": "node", "node_id": 51, "degree": 3, "type": "intersection", "betweenness": 0.06551181390581819, "is_critical": false, "is_articulation": false}}, {"type": "Feature", "geometry": {"type": "Point", "coordinates": [80.937107, 26.85817]}, "properties": {"feature_type": "node", "node_id": 52, "degree": 3, "type": "intersection", "betweenness": 0.055125459836380605, "is_critical": false, "is_articulation": false}}, {"type": "Feature", "geometry": {"type": "Point", "coordinates": [80.937127, 26.85808]}, "properties": {"feature_type": "node", "node_id": 53, "degree": 3, "type": "intersection", "betweenness": 0.058657735317264224, "is_critical": false, "is_articulation": false}}, {"type": "Feature", "geometry": {"type": "Point", "coordinates": [80.937208, 26.85808]}, "properties": {"feature_type": "node", "node_id": 54, "degree": 3, "type": "intersection", "betweenness": 0.06958399677885758, "is_critical": false, "is_articulation": false}}, {"type": "Feature", "geometry": {"type": "Point", "coordinates": [80.937147, 26.85799]}, "properties": {"feature_type": "node", "node_id": 55, "degree": 3, "type": "intersection", "betweenness": 0.06179499380784177, "is_critical": false, "is_articulation": false}}, {"type": "Feature", "geometry": {"type": "Point", "coordinates": [80.937228, 26.858008]}, "properties": {"feature_type": "node", "node_id": 56, "degree": 3, "type": "intersection", "betweenness": 0.07314220001586168, "is_critical": false, "is_articulation": false}}, {"type": "Feature", "geometry": {"type": "Point", "coordinates": [80.937168, 26.8579]}, "properties": {"feature_type": "node", "node_id": 57, "degree": 3, "type": "intersection", "betweenness": 0.06536387317971899, "is_critical": false, "is_articulation": false}}, {"type": "Feature", "geometry": {"type": "Point", "coordinates": [80.937248, 26.857918]}, "properties": {"feature_type": "node", "node_id": 58, "degree": 3, "type": "intersection", "betweenness": 0.07657839028288706, "is_critical": false, "is_articulation": false}}, {"type": "Feature", "geometry": {"type": "Point", "coordinates": [80.937188, 26.857809]}, "properties": {"feature_type": "node", "node_id": 59, "degree": 3, "type": "intersection", "betweenness": 0.06887784671510581, "is_critical": false, "is_articulation": false}}, {"type": "Feature", "geometry": {"type": "Point", "coordinates": [80.937268, 26.857827]}, "properties": {"feature_type": "node", "node_id": 60, "degree": 3, "type": "intersection", "betweenness": 0.08000085409078983, "is_critical": false, "is_articulation": false}}, {"type": "Feature", "geometry": {"type": "Point", "coordinates": [80.937208, 26.857737]}, "properties": {"feature_type": "node", "node_id": 61, "degree": 3, "type": "intersection", "betweenness": 0.07231098665788173, "is_critical": false, "is_articulation": false}}, {"type": "Feature", "geometry": {"type": "Point", "coordinates": [80.937288, 26.857737]}, "properties": {"feature_type": "node", "node_id": 62, "degree": 3, "type": "intersection", "betweenness": 0.0835483811929208, "is_critical": false, "is_articulation": false}}, {"type": "Feature", "geometry": {"type": "Point", "coordinates": [80.945543, 26.857632]}, "properties": {"feature_type": "node", "node_id": 63, "degree": 1, "type": "endpoint", "betweenness": 0.0, "is_critical": false, "is_articulation": false}}, {"type": "Feature", "geometry": {"type": "Point", "coordinates": [80.937289, 26.857593]}, "properties": {"feature_type": "node", "node_id": 64, "degree": 3, "type": "intersection", "betweenness": 0.16290561686707297, "is_critical": true, "is_articulation": true}}, {"type": "Feature", "geometry": {"type": "Point", "coordinates": [80.937289, 26.857484]}, "properties": {"feature_type": "node", "node_id": 65, "degree": 3, "type": "intersection", "betweenness": 0.16629147678398212, "is_critical": true, "is_articulation": true}}, {"type": "Feature", "geometry": {"type": "Point", "coordinates": [80.937289, 26.857322]}, "properties": {"feature_type": "node", "node_id": 66, "degree": 3, "type": "intersection", "betweenness": 0.16965903475539448, "is_critical": true, "is_articulation": true}}, {"type": "Feature", "geometry": {"type": "Point", "coordinates": [80.934953, 26.857158]}, "properties": {"feature_type": "node", "node_id": 67, "degree": 1, "type": "endpoint", "betweenness": 0.0, "is_critical": false, "is_articulation": false}}, {"type": "Feature", "geometry": {"type": "Point", "coordinates": [80.942201, 26.856963]}, "properties": {"feature_type": "node", "node_id": 68, "degree": 3, "type": "intersection", "betweenness": 0.09147312359303793, "is_critical": false, "is_articulation": false}}, {"type": "Feature", "geometry": {"type": "Point", "coordinates": [80.941537, 26.85689]}, "properties": {"feature_type": "node", "node_id": 69, "degree": 3, "type": "intersection", "betweenness": 0.0928549204780468, "is_critical": false, "is_articulation": false}}, {"type": "Feature", "geometry": {"type": "Point", "coordinates": [80.935839, 26.85687]}, "properties": {"feature_type": "node", "node_id": 70, "degree": 1, "type": "endpoint", "betweenness": 0.0, "is_critical": false, "is_articulation": false}}, {"type": "Feature", "geometry": {"type": "Point", "coordinates": [80.941376, 26.856872]}, "properties": {"feature_type": "node", "node_id": 71, "degree": 3, "type": "intersection", "betweenness": 0.07022456487124581, "is_critical": false, "is_articulation": false}}, {"type": "Feature", "geometry": {"type": "Point", "coordinates": [80.945946, 26.85682]}, "properties": {"feature_type": "node", "node_id": 72, "degree": 4, "type": "intersection", "betweenness": 0.0754223173923388, "is_critical": false, "is_articulation": true}}, {"type": "Feature", "geometry": {"type": "Point", "coordinates": [80.945825, 26.85682]}, "properties": {"feature_type": "node", "node_id": 73, "degree": 3, "type": "intersection", "betweenness": 0.08023572905799886, "is_critical": false, "is_articulation": false}}, {"type": "Feature", "geometry": {"type": "Point", "coordinates": [80.942302, 26.856764]}, "properties": {"feature_type": "node", "node_id": 74, "degree": 1, "type": "endpoint", "betweenness": 0.0, "is_critical": false, "is_articulation": false}}, {"type": "Feature", "geometry": {"type": "Point", "coordinates": [80.945805, 26.856747]}, "properties": {"feature_type": "node", "node_id": 75, "degree": 3, "type": "intersection", "betweenness": 0.02193488167792236, "is_critical": false, "is_articulation": false}}, {"type": "Feature", "geometry": {"type": "Point", "coordinates": [80.945886, 26.856748]}, "properties": {"feature_type": "node", "node_id": 76, "degree": 3, "type": "intersection", "betweenness": 0.017018521568842766, "is_critical": false, "is_articulation": false}}, {"type": "Feature", "geometry": {"type": "Point", "coordinates": [80.941356, 26.85671]}, "properties": {"feature_type": "node", "node_id": 77, "degree": 3, "type": "intersection", "betweenness": 0.025540364940793203, "is_critical": false, "is_articulation": false}}, {"type": "Feature", "geometry": {"type": "Point", "coordinates": [80.936846, 26.856708]}, "properties": {"feature_type": "node", "node_id": 78, "degree": 3, "type": "intersection", "betweenness": 0.1525833196068742, "is_critical": true, "is_articulation": true}}, {"type": "Feature", "geometry": {"type": "Point", "coordinates": [80.936907, 26.856708]}, "properties": {"feature_type": "node", "node_id": 79, "degree": 3, "type": "intersection", "betweenness": 0.19573015611559508, "is_critical": true, "is_articulation": true}}, {"type": "Feature", "geometry": {"type": "Point", "coordinates": [80.945785, 26.856693]}, "properties": {"feature_type": "node", "node_id": 80, "degree": 3, "type": "intersection", "betweenness": 0.02166264023865737, "is_critical": false, "is_articulation": false}}, {"type": "Feature", "geometry": {"type": "Point", "coordinates": [80.945866, 26.856693]}, "properties": {"feature_type": "node", "node_id": 81, "degree": 3, "type": "intersection", "betweenness": 0.01723128168524314, "is_critical": false, "is_articulation": false}}, {"type": "Feature", "geometry": {"type": "Point", "coordinates": [80.945785, 26.856603]}, "properties": {"feature_type": "node", "node_id": 82, "degree": 3, "type": "intersection", "betweenness": 0.041325792931788646, "is_critical": false, "is_articulation": false}}, {"type": "Feature", "geometry": {"type": "Point", "coordinates": [80.95416, 26.856516]}, "properties": {"feature_type": "node", "node_id": 83, "degree": 4, "type": "intersection", "betweenness": 0.005728508940500375, "is_critical": false, "is_articulation": true}}, {"type": "Feature", "geometry": {"type": "Point", "coordinates": [80.955026, 26.856353]}, "properties": {"feature_type": "node", "node_id": 84, "degree": 1, "type": "endpoint", "betweenness": 0.0, "is_critical": false, "is_articulation": false}}, {"type": "Feature", "geometry": {"type": "Point", "coordinates": [80.934934, 26.856328]}, "properties": {"feature_type": "node", "node_id": 85, "degree": 1, "type": "endpoint", "betweenness": 0.0, "is_critical": false, "is_articulation": false}}, {"type": "Feature", "geometry": {"type": "Point", "coordinates": [80.94802, 26.856279]}, "properties": {"feature_type": "node", "node_id": 86, "degree": 3, "type": "intersection", "betweenness": 0.07010560222551657, "is_critical": false, "is_articulation": false}}, {"type": "Feature", "geometry": {"type": "Point", "coordinates": [80.951966, 26.855955]}, "properties": {"feature_type": "node", "node_id": 87, "degree": 7, "type": "intersection", "betweenness": 0.07296985669576675, "is_critical": false, "is_articulation": false}}, {"type": "Feature", "geometry": {"type": "Point", "coordinates": [80.952127, 26.856027]}, "properties": {"feature_type": "node", "node_id": 88, "degree": 3, "type": "intersection", "betweenness": 0.0026446311242885115, "is_critical": false, "is_articulation": false}}, {"type": "Feature", "geometry": {"type": "Point", "coordinates": [80.949208, 26.855972]}, "properties": {"feature_type": "node", "node_id": 89, "degree": 3, "type": "intersection", "betweenness": 0.06810153919361628, "is_critical": false, "is_articulation": false}}, {"type": "Feature", "geometry": {"type": "Point", "coordinates": [80.952087, 26.855973]}, "properties": {"feature_type": "node", "node_id": 90, "degree": 3, "type": "intersection", "betweenness": 0.005270960303080217, "is_critical": false, "is_articulation": false}}, {"type": "Feature", "geometry": {"type": "Point", "coordinates": [80.952047, 26.855919]}, "properties": {"feature_type": "node", "node_id": 91, "degree": 3, "type": "intersection", "betweenness": 0.007878987536375117, "is_critical": false, "is_articulation": false}}, {"type": "Feature", "geometry": {"type": "Point", "coordinates": [80.952006, 26.855865]}, "properties": {"feature_type": "node", "node_id": 92, "degree": 3, "type": "intersection", "betweenness": 0.0116034334449752, "is_critical": false, "is_articulation": false}}, {"type": "Feature", "geometry": {"type": "Point", "coordinates": [80.936102, 26.855768]}, "properties": {"feature_type": "node", "node_id": 93, "degree": 3, "type": "intersection", "betweenness": 0.15238199820640932, "is_critical": true, "is_articulation": false}}, {"type": "Feature", "geometry": {"type": "Point", "coordinates": [80.951966, 26.855811]}, "properties": {"feature_type": "node", "node_id": 94, "degree": 3, "type": "intersection", "betweenness": 0.015437691026556122, "is_critical": false, "is_articulation": false}}, {"type": "Feature", "geometry": {"type": "Point", "coordinates": [80.943853, 26.855699]}, "properties": {"feature_type": "node", "node_id": 95, "degree": 3, "type": "intersection", "betweenness": 0.016609015538351726, "is_critical": false, "is_articulation": true}}, {"type": "Feature", "geometry": {"type": "Point", "coordinates": [80.947819, 26.855629]}, "properties": {"feature_type": "node", "node_id": 96, "degree": 3, "type": "intersection", "betweenness": 0.0022785922143523855, "is_critical": false, "is_articulation": false}}, {"type": "Feature", "geometry": {"type": "Point", "coordinates": [80.93576, 26.855515]}, "properties": {"feature_type": "node", "node_id": 97, "degree": 3, "type": "intersection", "betweenness": 0.017222130712494736, "is_critical": false, "is_articulation": true}}, {"type": "Feature", "geometry": {"type": "Point", "coordinates": [80.935921, 26.855515]}, "properties": {"feature_type": "node", "node_id": 98, "degree": 3, "type": "intersection", "betweenness": 0.020406669228939033, "is_critical": false, "is_articulation": false}}, {"type": "Feature", "geometry": {"type": "Point", "coordinates": [80.945343, 26.855519]}, "properties": {"feature_type": "node", "node_id": 99, "degree": 3, "type": "intersection", "betweenness": 0.05604055711122092, "is_critical": false, "is_articulation": true}}, {"type": "Feature", "geometry": {"type": "Point", "coordinates": [80.936142, 26.855461]}, "properties": {"feature_type": "node", "node_id": 100, "degree": 3, "type": "intersection", "betweenness": 0.14340489394022585, "is_critical": true, "is_articulation": false}}, {"type": "Feature", "geometry": {"type": "Point", "coordinates": [80.951544, 26.855467]}, "properties": {"feature_type": "node", "node_id": 101, "degree": 3, "type": "intersection", "betweenness": 0.09274510880506598, "is_critical": false, "is_articulation": false}}, {"type": "Feature", "geometry": {"type": "Point", "coordinates": [80.951423, 26.855431]}, "properties": {"feature_type": "node", "node_id": 102, "degree": 3, "type": "intersection", "betweenness": 0.12756456011273998, "is_critical": true, "is_articulation": false}}, {"type": "Feature", "geometry": {"type": "Point", "coordinates": [80.951604, 26.855431]}, "properties": {"feature_type": "node", "node_id": 103, "degree": 3, "type": "intersection", "betweenness": 0.030930287889602663, "is_critical": false, "is_articulation": false}}, {"type": "Feature", "geometry": {"type": "Point", "coordinates": [80.935558, 26.855371]}, "properties": {"feature_type": "node", "node_id": 105, "degree": 3, "type": "intersection", "betweenness": 0.015080803089368398, "is_critical": false, "is_articulation": true}}, {"type": "Feature", "geometry": {"type": "Point", "coordinates": [80.948947, 26.85534]}, "properties": {"feature_type": "node", "node_id": 106, "degree": 3, "type": "intersection", "betweenness": 0.0016105712037189552, "is_critical": false, "is_articulation": false}}, {"type": "Feature", "geometry": {"type": "Point", "coordinates": [80.951604, 26.855323]}, "properties": {"feature_type": "node", "node_id": 107, "degree": 3, "type": "intersection", "betweenness": 0.0368418162850711, "is_critical": false, "is_articulation": false}}, {"type": "Feature", "geometry": {"type": "Point", "coordinates": [80.951423, 26.855305]}, "properties": {"feature_type": "node", "node_id": 108, "degree": 3, "type": "intersection", "betweenness": 0.09143651970204432, "is_critical": false, "is_articulation": false}}, {"type": "Feature", "geometry": {"type": "Point", "coordinates": [80.951483, 26.855287]}, "properties": {"feature_type": "node", "node_id": 109, "degree": 3, "type": "intersection", "betweenness": 0.026528669997620744, "is_critical": false, "is_articulation": false}}, {"type": "Feature", "geometry": {"type": "Point", "coordinates": [80.951403, 26.855251]}, "properties": {"feature_type": "node", "node_id": 110, "degree": 4, "type": "intersection", "betweenness": 0.12047255623272753, "is_critical": false, "is_articulation": false}}, {"type": "Feature", "geometry": {"type": "Point", "coordinates": [80.951322, 26.855197]}, "properties": {"feature_type": "node", "node_id": 111, "degree": 3, "type": "intersection", "betweenness": 0.11561338970332545, "is_critical": false, "is_articulation": false}}, {"type": "Feature", "geometry": {"type": "Point", "coordinates": [80.951403, 26.85516]}, "properties": {"feature_type": "node", "node_id": 112, "degree": 3, "type": "intersection", "betweenness": 0.00446567470122074, "is_critical": false, "is_articulation": false}}, {"type": "Feature", "geometry": {"type": "Point", "coordinates": [80.951242, 26.855088]}, "properties": {"feature_type": "node", "node_id": 113, "degree": 3, "type": "intersection", "betweenness": 0.11672523289225643, "is_critical": false, "is_articulation": false}}, {"type": "Feature", "geometry": {"type": "Point", "coordinates": [80.953839, 26.855089]}, "properties": {"feature_type": "node", "node_id": 114, "degree": 3, "type": "intersection", "betweenness": 0.006112849795933307, "is_critical": false, "is_articulation": true}}, {"type": "Feature", "geometry": {"type": "Point", "coordinates": [80.951322, 26.855052]}, "properties": {"feature_type": "node", "node_id": 115, "degree": 3, "type": "intersection", "betweenness": 0.005558453363592549, "is_critical": false, "is_articulation": false}}, {"type": "Feature", "geometry": {"type": "Point", "coordinates": [80.936203, 26.85501]}, "properties": {"feature_type": "node", "node_id": 116, "degree": 3, "type": "intersection", "betweenness": 0.14466772817950546, "is_critical": true, "is_articulation": false}}, {"type": "Feature", "geometry": {"type": "Point", "coordinates": [80.951141, 26.854998]}, "properties": {"feature_type": "node", "node_id": 117, "degree": 3, "type": "intersection", "betweenness": 0.11780123477125616, "is_critical": false, "is_articulation": false}}, {"type": "Feature", "geometry": {"type": "Point", "coordinates": [80.935619, 26.854956]}, "properties": {"feature_type": "node", "node_id": 118, "degree": 3, "type": "intersection", "betweenness": 0.015144859898607222, "is_critical": false, "is_articulation": false}}, {"type": "Feature", "geometry": {"type": "Point", "coordinates": [80.936142, 26.854938]}, "properties": {"feature_type": "node", "node_id": 119, "degree": 4, "type": "intersection", "betweenness": 0.02578744120500009, "is_critical": false, "is_articulation": false}}, {"type": "Feature", "geometry": {"type": "Point", "coordinates": [80.936223, 26.85492]}, "properties": {"feature_type": "node", "node_id": 120, "degree": 3, "type": "intersection", "betweenness": 0.1218177492267428, "is_critical": false, "is_articulation": false}}, {"type": "Feature", "geometry": {"type": "Point", "coordinates": [80.951222, 26.854944]}, "properties": {"feature_type": "node", "node_id": 121, "degree": 3, "type": "intersection", "betweenness": 0.006674109457835368, "is_critical": false, "is_articulation": false}}, {"type": "Feature", "geometry": {"type": "Point", "coordinates": [80.935981, 26.854902]}, "properties": {"feature_type": "node", "node_id": 122, "degree": 3, "type": "intersection", "betweenness": 0.006716813997327916, "is_critical": false, "is_articulation": false}}, {"type": "Feature", "geometry": {"type": "Point", "coordinates": [80.95102, 26.854853]}, "properties": {"feature_type": "node", "node_id": 123, "degree": 3, "type": "intersection", "betweenness": 0.11891841602762374, "is_critical": false, "is_articulation": false}}, {"type": "Feature", "geometry": {"type": "Point", "coordinates": [80.955027, 26.854855]}, "properties": {"feature_type": "node", "node_id": 124, "degree": 1, "type": "endpoint", "betweenness": 0.0, "is_critical": false, "is_articulation": false}}, {"type": "Feature", "geometry": {"type": "Point", "coordinates": [80.951101, 26.854817]}, "properties": {"feature_type": "node", "node_id": 125, "degree": 3, "type": "intersection", "betweenness": 0.007810355240762092, "is_critical": false, "is_articulation": false}}, {"type": "Feature", "geometry": {"type": "Point", "coordinates": [80.94947, 26.854799]}, "properties": {"feature_type": "node", "node_id": 126, "degree": 1, "type": "endpoint", "betweenness": 0.0, "is_critical": false, "is_articulation": false}}, {"type": "Feature", "geometry": {"type": "Point", "coordinates": [80.936143, 26.854757]}, "properties": {"feature_type": "node", "node_id": 127, "degree": 3, "type": "intersection", "betweenness": 0.032559161038818424, "is_critical": false, "is_articulation": false}}, {"type": "Feature", "geometry": {"type": "Point", "coordinates": [80.95096, 26.854727]}, "properties": {"feature_type": "node", "node_id": 128, "degree": 4, "type": "intersection", "betweenness": 0.13063928695620344, "is_critical": true, "is_articulation": false}}, {"type": "Feature", "geometry": {"type": "Point", "coordinates": [80.950859, 26.854619]}, "properties": {"feature_type": "node", "node_id": 129, "degree": 4, "type": "intersection", "betweenness": 0.1319753289774703, "is_critical": true, "is_articulation": false}}, {"type": "Feature", "geometry": {"type": "Point", "coordinates": [80.936183, 26.854613]}, "properties": {"feature_type": "node", "node_id": 130, "degree": 3, "type": "intersection", "betweenness": 0.033959259869324104, "is_critical": false, "is_articulation": false}}, {"type": "Feature", "geometry": {"type": "Point", "coordinates": [80.934935, 26.854558]}, "properties": {"feature_type": "node", "node_id": 131, "degree": 1, "type": "endpoint", "betweenness": 0.0, "is_critical": false, "is_articulation": false}}, {"type": "Feature", "geometry": {"type": "Point", "coordinates": [80.936143, 26.854504]}, "properties": {"feature_type": "node", "node_id": 132, "degree": 3, "type": "intersection", "betweenness": 0.021303464558282543, "is_critical": false, "is_articulation": false}}, {"type": "Feature", "geometry": {"type": "Point", "coordinates": [80.936284, 26.854504]}, "properties": {"feature_type": "node", "node_id": 133, "degree": 3, "type": "intersection", "betweenness": 0.016343637328648034, "is_critical": false, "is_articulation": false}}, {"type": "Feature", "geometry": {"type": "Point", "coordinates": [80.950739, 26.854492]}, "properties": {"feature_type": "node", "node_id": 134, "degree": 4, "type": "intersection", "betweenness": 0.13329306905324034, "is_critical": true, "is_articulation": false}}, {"type": "Feature", "geometry": {"type": "Point", "coordinates": [80.942807, 26.854435]}, "properties": {"feature_type": "node", "node_id": 136, "degree": 1, "type": "endpoint", "betweenness": 0.0, "is_critical": false, "is_articulation": false}}, {"type": "Feature", "geometry": {"type": "Point", "coordinates": [80.950618, 26.854384]}, "properties": {"feature_type": "node", "node_id": 137, "degree": 4, "type": "intersection", "betweenness": 0.1345925071835136, "is_critical": true, "is_articulation": false}}, {"type": "Feature", "geometry": {"type": "Point", "coordinates": [80.935317, 26.854359]}, "properties": {"feature_type": "node", "node_id": 138, "degree": 3, "type": "intersection", "betweenness": 0.010029466132249858, "is_critical": false, "is_articulation": false}}, {"type": "Feature", "geometry": {"type": "Point", "coordinates": [80.943068, 26.854381]}, "properties": {"feature_type": "node", "node_id": 139, "degree": 3, "type": "intersection", "betweenness": 0.008336536173795274, "is_critical": false, "is_articulation": true}}, {"type": "Feature", "geometry": {"type": "Point", "coordinates": [80.935116, 26.854359]}, "properties": {"feature_type": "node", "node_id": 140, "degree": 3, "type": "intersection", "betweenness": 0.004172843573271839, "is_critical": false, "is_articulation": true}}, {"type": "Feature", "geometry": {"type": "Point", "coordinates": [80.950517, 26.854275]}, "properties": {"feature_type": "node", "node_id": 142, "degree": 4, "type": "intersection", "betweenness": 0.13587364336829005, "is_critical": true, "is_articulation": false}}, {"type": "Feature", "geometry": {"type": "Point", "coordinates": [80.950397, 26.854239]}, "properties": {"feature_type": "node", "node_id": 143, "degree": 3, "type": "intersection", "betweenness": 0.13995497721407785, "is_critical": true, "is_articulation": true}}, {"type": "Feature", "geometry": {"type": "Point", "coordinates": [80.935297, 26.854161]}, "properties": {"feature_type": "node", "node_id": 144, "degree": 4, "type": "intersection", "betweenness": 0.014339574296747743, "is_critical": false, "is_articulation": false}}, {"type": "Feature", "geometry": {"type": "Point", "coordinates": [80.950397, 26.854149]}, "properties": {"feature_type": "node", "node_id": 145, "degree": 4, "type": "intersection", "betweenness": 0.13988176943209063, "is_critical": true, "is_articulation": false}}, {"type": "Feature", "geometry": {"type": "Point", "coordinates": [80.944699, 26.853966]}, "properties": {"feature_type": "node", "node_id": 146, "degree": 3, "type": "intersection", "betweenness": 0.12507549552517433, "is_critical": false, "is_articulation": false}}, {"type": "Feature", "geometry": {"type": "Point", "coordinates": [80.948927, 26.854094]}, "properties": {"feature_type": "node", "node_id": 148, "degree": 3, "type": "intersection", "betweenness": 0.004081333845787807, "is_critical": false, "is_articulation": false}}, {"type": "Feature", "geometry": {"type": "Point", "coordinates": [80.935418, 26.854071]}, "properties": {"feature_type": "node", "node_id": 149, "degree": 3, "type": "intersection", "betweenness": 0.018777796079723272, "is_critical": false, "is_articulation": false}}, {"type": "Feature", "geometry": {"type": "Point", "coordinates": [80.950316, 26.854059]}, "properties": {"feature_type": "node", "node_id": 150, "degree": 4, "type": "intersection", "betweenness": 0.14119950950786067, "is_critical": true, "is_articulation": false}}, {"type": "Feature", "geometry": {"type": "Point", "coordinates": [80.950236, 26.85395]}, "properties": {"feature_type": "node", "node_id": 151, "degree": 4, "type": "intersection", "betweenness": 0.14256300444737274, "is_critical": true, "is_articulation": false}}, {"type": "Feature", "geometry": {"type": "Point", "coordinates": [80.935136, 26.853926]}, "properties": {"feature_type": "node", "node_id": 152, "degree": 3, "type": "intersection", "betweenness": 0.004172843573271839, "is_critical": false, "is_articulation": true}}, {"type": "Feature", "geometry": {"type": "Point", "coordinates": [80.93564, 26.85398]}, "properties": {"feature_type": "node", "node_id": 153, "degree": 3, "type": "intersection", "betweenness": 0.04123428320430461, "is_critical": false, "is_articulation": false}}, {"type": "Feature", "geometry": {"type": "Point", "coordinates": [80.942968, 26.853947]}, "properties": {"feature_type": "node", "node_id": 154, "degree": 1, "type": "endpoint", "betweenness": 0.0, "is_critical": false, "is_articulation": false}}, {"type": "Feature", "geometry": {"type": "Point", "coordinates": [80.953417, 26.853951]}, "properties": {"feature_type": "node", "node_id": 155, "degree": 3, "type": "intersection", "betweenness": 0.022062995296400007, "is_critical": false, "is_articulation": false}}, {"type": "Feature", "geometry": {"type": "Point", "coordinates": [80.950135, 26.85386]}, "properties": {"feature_type": "node", "node_id": 156, "degree": 4, "type": "intersection", "betweenness": 0.14399970716887203, "is_critical": true, "is_articulation": false}}, {"type": "Feature", "geometry": {"type": "Point", "coordinates": [80.94937, 26.853823]}, "properties": {"feature_type": "node", "node_id": 157, "degree": 3, "type": "intersection", "betweenness": 0.006222661468914145, "is_critical": false, "is_articulation": true}}, {"type": "Feature", "geometry": {"type": "Point", "coordinates": [80.950055, 26.85377]}, "properties": {"feature_type": "node", "node_id": 159, "degree": 4, "type": "intersection", "betweenness": 0.14548216475411335, "is_critical": true, "is_articulation": false}}, {"type": "Feature", "geometry": {"type": "Point", "coordinates": [80.934935, 26.853709]}, "properties": {"feature_type": "node", "node_id": 160, "degree": 1, "type": "endpoint", "betweenness": 0.0, "is_critical": false, "is_articulation": false}}, {"type": "Feature", "geometry": {"type": "Point", "coordinates": [80.949974, 26.853679]}, "properties": {"feature_type": "node", "node_id": 161, "degree": 4, "type": "intersection", "betweenness": 0.14701037720309668, "is_critical": true, "is_articulation": false}}, {"type": "Feature", "geometry": {"type": "Point", "coordinates": [80.949894, 26.853571]}, "properties": {"feature_type": "node", "node_id": 162, "degree": 4, "type": "intersection", "betweenness": 0.14855689159757682, "is_critical": true, "is_articulation": false}}, {"type": "Feature", "geometry": {"type": "Point", "coordinates": [80.949793, 26.853571]}, "properties": {"feature_type": "node", "node_id": 163, "degree": 3, "type": "intersection", "betweenness": 0.10369882318490455, "is_critical": false, "is_articulation": false}}, {"type": "Feature", "geometry": {"type": "Point", "coordinates": [80.949088, 26.853516]}, "properties": {"feature_type": "node", "node_id": 164, "degree": 1, "type": "endpoint", "betweenness": 0.0, "is_critical": false, "is_articulation": false}}, {"type": "Feature", "geometry": {"type": "Point", "coordinates": [80.949773, 26.853499]}, "properties": {"feature_type": "node", "node_id": 165, "degree": 3, "type": "intersection", "betweenness": 0.1032595764929812, "is_critical": false, "is_articulation": false}}, {"type": "Feature", "geometry": {"type": "Point", "coordinates": [80.946592, 26.853497]}, "properties": {"feature_type": "node", "node_id": 166, "degree": 3, "type": "intersection", "betweenness": 0.09065868701843005, "is_critical": false, "is_articulation": true}}, {"type": "Feature", "geometry": {"type": "Point", "coordinates": [80.937331, 26.853458]}, "properties": {"feature_type": "node", "node_id": 167, "degree": 3, "type": "intersection", "betweenness": 0.12515785427990994, "is_critical": false, "is_articulation": false}}, {"type": "Feature", "geometry": {"type": "Point", "coordinates": [80.949853, 26.853462]}, "properties": {"feature_type": "node", "node_id": 168, "degree": 3, "type": "intersection", "betweenness": 0.050687238053405075, "is_critical": false, "is_articulation": false}}, {"type": "Feature", "geometry": {"type": "Point", "coordinates": [80.937251, 26.853439]}, "properties": {"feature_type": "node", "node_id": 169, "degree": 3, "type": "intersection", "betweenness": 0.018613078570252017, "is_critical": false, "is_articulation": false}}, {"type": "Feature", "geometry": {"type": "Point", "coordinates": [80.937392, 26.853421]}, "properties": {"feature_type": "node", "node_id": 170, "degree": 3, "type": "intersection", "betweenness": 0.13562656710408316, "is_critical": true, "is_articulation": false}}, {"type": "Feature", "geometry": {"type": "Point", "coordinates": [80.937512, 26.853421]}, "properties": {"feature_type": "node", "node_id": 171, "degree": 3, "type": "intersection", "betweenness": 0.13809732974615202, "is_critical": true, "is_articulation": false}}, {"type": "Feature", "geometry": {"type": "Point", "coordinates": [80.949692, 26.853408]}, "properties": {"feature_type": "node", "node_id": 172, "degree": 3, "type": "intersection", "betweenness": 0.1067552480828712, "is_critical": false, "is_articulation": false}}, {"type": "Feature", "geometry": {"type": "Point", "coordinates": [80.93864, 26.853404]}, "properties": {"feature_type": "node", "node_id": 173, "degree": 3, "type": "intersection", "betweenness": 0.02700452058053771, "is_critical": false, "is_articulation": false}}, {"type": "Feature", "geometry": {"type": "Point", "coordinates": [80.947015, 26.853389]}, "properties": {"feature_type": "node", "node_id": 174, "degree": 3, "type": "intersection", "betweenness": 0.08780358352092826, "is_critical": false, "is_articulation": false}}, {"type": "Feature", "geometry": {"type": "Point", "coordinates": [80.937311, 26.853367]}, "properties": {"feature_type": "node", "node_id": 175, "degree": 3, "type": "intersection", "betweenness": 0.030179908124233604, "is_critical": false, "is_articulation": false}}, {"type": "Feature", "geometry": {"type": "Point", "coordinates": [80.949773, 26.853372]}, "properties": {"feature_type": "node", "node_id": 176, "degree": 3, "type": "intersection", "betweenness": 0.05245337579384688, "is_critical": false, "is_articulation": false}}, {"type": "Feature", "geometry": {"type": "Point", "coordinates": [80.948927, 26.853318]}, "properties": {"feature_type": "node", "node_id": 177, "degree": 1, "type": "endpoint", "betweenness": 0.0, "is_critical": false, "is_articulation": false}}, {"type": "Feature", "geometry": {"type": "Point", "coordinates": [80.947719, 26.853101]}, "properties": {"feature_type": "node", "node_id": 178, "degree": 3, "type": "intersection", "betweenness": 0.08938670180640201, "is_critical": false, "is_articulation": true}}, {"type": "Feature", "geometry": {"type": "Point", "coordinates": [80.941921, 26.853044]}, "properties": {"feature_type": "node", "node_id": 180, "degree": 1, "type": "endpoint", "betweenness": 0.0, "is_critical": false, "is_articulation": false}}, {"type": "Feature", "geometry": {"type": "Point", "coordinates": [80.948062, 26.853028]}, "properties": {"feature_type": "node", "node_id": 181, "degree": 3, "type": "intersection", "betweenness": 0.08693424110982997, "is_critical": false, "is_articulation": false}}, {"type": "Feature", "geometry": {"type": "Point", "coordinates": [80.936748, 26.85297]}, "properties": {"feature_type": "node", "node_id": 182, "degree": 3, "type": "intersection", "betweenness": 0.0426435330075587, "is_critical": false, "is_articulation": false}}, {"type": "Feature", "geometry": {"type": "Point", "coordinates": [80.94172, 26.852972]}, "properties": {"feature_type": "node", "node_id": 183, "degree": 3, "type": "intersection", "betweenness": 9.150972748403155e-06, "is_critical": false, "is_articulation": true}}, {"type": "Feature", "geometry": {"type": "Point", "coordinates": [80.948585, 26.852848]}, "properties": {"feature_type": "node", "node_id": 184, "degree": 3, "type": "intersection", "betweenness": 0.08283460531854536, "is_critical": false, "is_articulation": true}}, {"type": "Feature", "geometry": {"type": "Point", "coordinates": [80.93703, 26.852771]}, "properties": {"feature_type": "node", "node_id": 185, "degree": 3, "type": "intersection", "betweenness": 0.03541426453632021, "is_critical": false, "is_articulation": false}}, {"type": "Feature", "geometry": {"type": "Point", "coordinates": [80.94629, 26.852775]}, "properties": {"feature_type": "node", "node_id": 186, "degree": 1, "type": "endpoint", "betweenness": 0.0, "is_critical": false, "is_articulation": false}}, {"type": "Feature", "geometry": {"type": "Point", "coordinates": [80.949048, 26.852686]}, "properties": {"feature_type": "node", "node_id": 187, "degree": 4, "type": "intersection", "betweenness": 0.12695144493859697, "is_critical": false, "is_articulation": false}}, {"type": "Feature", "geometry": {"type": "Point", "coordinates": [80.947559, 26.852685]}, "properties": {"feature_type": "node", "node_id": 188, "degree": 1, "type": "endpoint", "betweenness": 0.0, "is_critical": false, "is_articulation": false}}, {"type": "Feature", "geometry": {"type": "Point", "coordinates": [80.949149, 26.852632]}, "properties": {"feature_type": "node", "node_id": 189, "degree": 3, "type": "intersection", "betweenness": 0.056864144658577205, "is_critical": false, "is_articulation": false}}, {"type": "Feature", "geometry": {"type": "Point", "coordinates": [80.937573, 26.852501]}, "properties": {"feature_type": "node", "node_id": 190, "degree": 3, "type": "intersection", "betweenness": 0.04394297113783195, "is_critical": false, "is_articulation": false}}, {"type": "Feature", "geometry": {"type": "Point", "coordinates": [80.947599, 26.852523]}, "properties": {"feature_type": "node", "node_id": 191, "degree": 1, "type": "endpoint", "betweenness": 0.0, "is_critical": false, "is_articulation": false}}, {"type": "Feature", "geometry": {"type": "Point", "coordinates": [80.936446, 26.852428]}, "properties": {"feature_type": "node", "node_id": 193, "degree": 3, "type": "intersection", "betweenness": 0.03212906531964348, "is_critical": false, "is_articulation": false}}, {"type": "Feature", "geometry": {"type": "Point", "coordinates": [80.938016, 26.852374]}, "properties": {"feature_type": "node", "node_id": 194, "degree": 3, "type": "intersection", "betweenness": 0.06886106993173374, "is_critical": false, "is_articulation": false}}, {"type": "Feature", "geometry": {"type": "Point", "coordinates": [80.955068, 26.852399]}, "properties": {"feature_type": "node", "node_id": 195, "degree": 1, "type": "endpoint", "betweenness": 0.0, "is_critical": false, "is_articulation": false}}, {"type": "Feature", "geometry": {"type": "Point", "coordinates": [80.938258, 26.852356]}, "properties": {"feature_type": "node", "node_id": 196, "degree": 3, "type": "intersection", "betweenness": 0.12901956477973608, "is_critical": true, "is_articulation": false}}, {"type": "Feature", "geometry": {"type": "Point", "coordinates": [80.941962, 26.852376]}, "properties": {"feature_type": "node", "node_id": 197, "degree": 1, "type": "endpoint", "betweenness": 0.0, "is_critical": false, "is_articulation": false}}, {"type": "Feature", "geometry": {"type": "Point", "coordinates": [80.946431, 26.852378]}, "properties": {"feature_type": "node", "node_id": 198, "degree": 1, "type": "endpoint", "betweenness": 0.0, "is_critical": false, "is_articulation": false}}, {"type": "Feature", "geometry": {"type": "Point", "coordinates": [80.938218, 26.852302]}, "properties": {"feature_type": "node", "node_id": 199, "degree": 3, "type": "intersection", "betweenness": 0.07213711817566207, "is_critical": false, "is_articulation": false}}, {"type": "Feature", "geometry": {"type": "Point", "coordinates": [80.938117, 26.852302]}, "properties": {"feature_type": "node", "node_id": 200, "degree": 3, "type": "intersection", "betweenness": 0.06990428082505169, "is_critical": false, "is_articulation": false}}, {"type": "Feature", "geometry": {"type": "Point", "coordinates": [80.948747, 26.85218]}, "properties": {"feature_type": "node", "node_id": 201, "degree": 3, "type": "intersection", "betweenness": 0.05930745438240084, "is_critical": false, "is_articulation": true}}, {"type": "Feature", "geometry": {"type": "Point", "coordinates": [80.937372, 26.852103]}, "properties": {"feature_type": "node", "node_id": 202, "degree": 3, "type": "intersection", "betweenness": 0.004575486374201577, "is_critical": false, "is_articulation": true}}, {"type": "Feature", "geometry": {"type": "Point", "coordinates": [80.941781, 26.852087]}, "properties": {"feature_type": "node", "node_id": 203, "degree": 3, "type": "intersection", "betweenness": 0.004172843573271839, "is_critical": false, "is_articulation": true}}, {"type": "Feature", "geometry": {"type": "Point", "coordinates": [80.954504, 26.852074]}, "properties": {"feature_type": "node", "node_id": 204, "degree": 3, "type": "intersection", "betweenness": 0.01612401398268636, "is_critical": false, "is_articulation": false}}, {"type": "Feature", "geometry": {"type": "Point", "coordinates": [80.954625, 26.85202]}, "properties": {"feature_type": "node", "node_id": 205, "degree": 3, "type": "intersection", "betweenness": 0.017295338494481963, "is_critical": false, "is_articulation": true}}, {"type": "Feature", "geometry": {"type": "Point", "coordinates": [80.954484, 26.851983]}, "properties": {"feature_type": "node", "node_id": 206, "degree": 3, "type": "intersection", "betweenness": 0.001427551748750892, "is_critical": false, "is_articulation": false}}, {"type": "Feature", "geometry": {"type": "Point", "coordinates": [80.939184, 26.851869]}, "properties": {"feature_type": "node", "node_id": 207, "degree": 6, "type": "intersection", "betweenness": 0.14552791961785536, "is_critical": true, "is_articulation": true}}, {"type": "Feature", "geometry": {"type": "Point", "coordinates": [80.954605, 26.851947]}, "properties": {"feature_type": "node", "node_id": 208, "degree": 3, "type": "intersection", "betweenness": 0.01859477662475521, "is_critical": false, "is_articulation": false}}, {"type": "Feature", "geometry": {"type": "Point", "coordinates": [80.94615, 26.851908]}, "properties": {"feature_type": "node", "node_id": 209, "degree": 1, "type": "endpoint", "betweenness": 0.0, "is_critical": false, "is_articulation": false}}, {"type": "Feature", "geometry": {"type": "Point", "coordinates": [80.937876, 26.851796]}, "properties": {"feature_type": "node", "node_id": 210, "degree": 3, "type": "intersection", "betweenness": 0.004172843573271839, "is_critical": false, "is_articulation": true}}, {"type": "Feature", "geometry": {"type": "Point", "coordinates": [80.939184, 26.851743]}, "properties": {"feature_type": "node", "node_id": 211, "degree": 3, "type": "intersection", "betweenness": 0.14518933362616446, "is_critical": true, "is_articulation": false}}, {"type": "Feature", "geometry": {"type": "Point", "coordinates": [80.93703, 26.851742]}, "properties": {"feature_type": "node", "node_id": 212, "degree": 1, "type": "endpoint", "betweenness": 0.0, "is_critical": false, "is_articulation": false}}, {"type": "Feature", "geometry": {"type": "Point", "coordinates": [80.939084, 26.851707]}, "properties": {"feature_type": "node", "node_id": 213, "degree": 4, "type": "intersection", "betweenness": 0.07147824813777703, "is_critical": false, "is_articulation": false}}, {"type": "Feature", "geometry": {"type": "Point", "coordinates": [80.934936, 26.851705]}, "properties": {"feature_type": "node", "node_id": 214, "degree": 1, "type": "endpoint", "betweenness": 0.0, "is_critical": false, "is_articulation": false}}, {"type": "Feature", "geometry": {"type": "Point", "coordinates": [80.947861, 26.851638]}, "properties": {"feature_type": "node", "node_id": 215, "degree": 1, "type": "endpoint", "betweenness": 0.0, "is_critical": false, "is_articulation": false}}, {"type": "Feature", "geometry": {"type": "Point", "coordinates": [80.942728, 26.851473]}, "properties": {"feature_type": "node", "node_id": 216, "degree": 3, "type": "intersection", "betweenness": 0.0936693570526547, "is_critical": false, "is_articulation": false}}, {"type": "Feature", "geometry": {"type": "Point", "coordinates": [80.948445, 26.851476]}, "properties": {"feature_type": "node", "node_id": 217, "degree": 3, "type": "intersection", "betweenness": 0.06082651585863577, "is_critical": false, "is_articulation": false}}, {"type": "Feature", "geometry": {"type": "Point", "coordinates": [80.937554, 26.851381]}, "properties": {"feature_type": "node", "node_id": 218, "degree": 1, "type": "endpoint", "betweenness": 0.0, "is_critical": false, "is_articulation": false}}, {"type": "Feature", "geometry": {"type": "Point", "coordinates": [80.955068, 26.851388]}, "properties": {"feature_type": "node", "node_id": 219, "degree": 1, "type": "endpoint", "betweenness": 0.0, "is_critical": false, "is_articulation": false}}, {"type": "Feature", "geometry": {"type": "Point", "coordinates": [80.93542, 26.851362]}, "properties": {"feature_type": "node", "node_id": 220, "degree": 4, "type": "intersection", "betweenness": 0.03253170812057322, "is_critical": false, "is_articulation": true}}, {"type": "Feature", "geometry": {"type": "Point", "coordinates": [80.947438, 26.851331]}, "properties": {"feature_type": "node", "node_id": 221, "degree": 3, "type": "intersection", "betweenness": 0.024616116693204487, "is_critical": false, "is_articulation": true}}, {"type": "Feature", "geometry": {"type": "Point", "coordinates": [80.945123, 26.85133]}, "properties": {"feature_type": "node", "node_id": 222, "degree": 1, "type": "endpoint", "betweenness": 0.0, "is_critical": false, "is_articulation": false}}, {"type": "Feature", "geometry": {"type": "Point", "coordinates": [80.939829, 26.851274]}, "properties": {"feature_type": "node", "node_id": 223, "degree": 4, "type": "intersection", "betweenness": 0.2207763685279745, "is_critical": true, "is_articulation": false}}, {"type": "Feature", "geometry": {"type": "Point", "coordinates": [80.954927, 26.851315]}, "properties": {"feature_type": "node", "node_id": 224, "degree": 4, "type": "intersection", "betweenness": 0.023655264554622156, "is_critical": false, "is_articulation": true}}, {"type": "Feature", "geometry": {"type": "Point", "coordinates": [80.93999, 26.851165]}, "properties": {"feature_type": "node", "node_id": 225, "degree": 4, "type": "intersection", "betweenness": 0.24413880195464777, "is_critical": true, "is_articulation": false}}, {"type": "Feature", "geometry": {"type": "Point", "coordinates": [80.936225, 26.851254]}, "properties": {"feature_type": "node", "node_id": 226, "degree": 1, "type": "endpoint", "betweenness": 0.0, "is_critical": false, "is_articulation": false}}, {"type": "Feature", "geometry": {"type": "Point", "coordinates": [80.936869, 26.851254]}, "properties": {"feature_type": "node", "node_id": 227, "degree": 1, "type": "endpoint", "betweenness": 0.0, "is_critical": false, "is_articulation": false}}, {"type": "Feature", "geometry": {"type": "Point", "coordinates": [80.946996, 26.85124]}, "properties": {"feature_type": "node", "node_id": 228, "degree": 3, "type": "intersection", "betweenness": 0.027837259100642397, "is_critical": false, "is_articulation": true}}, {"type": "Feature", "geometry": {"type": "Point", "coordinates": [80.943412, 26.851149]}, "properties": {"feature_type": "node", "node_id": 229, "degree": 4, "type": "intersection", "betweenness": 0.11566829553981588, "is_critical": false, "is_articulation": true}}, {"type": "Feature", "geometry": {"type": "Point", "coordinates": [80.940433, 26.850877]}, "properties": {"feature_type": "node", "node_id": 230, "degree": 3, "type": "intersection", "betweenness": 0.1592452277677117, "is_critical": true, "is_articulation": false}}, {"type": "Feature", "geometry": {"type": "Point", "coordinates": [80.935964, 26.850983]}, "properties": {"feature_type": "node", "node_id": 231, "degree": 3, "type": "intersection", "betweenness": 0.029109244312670434, "is_critical": false, "is_articulation": true}}, {"type": "Feature", "geometry": {"type": "Point", "coordinates": [80.944056, 26.851004]}, "properties": {"feature_type": "node", "node_id": 232, "degree": 1, "type": "endpoint", "betweenness": 0.0, "is_critical": false, "is_articulation": false}}, {"type": "Feature", "geometry": {"type": "Point", "coordinates": [80.946573, 26.850969]}, "properties": {"feature_type": "node", "node_id": 233, "degree": 3, "type": "intersection", "betweenness": 0.031113307344570726, "is_critical": false, "is_articulation": true}}, {"type": "Feature", "geometry": {"type": "Point", "coordinates": [80.955048, 26.850972]}, "properties": {"feature_type": "node", "node_id": 234, "degree": 1, "type": "endpoint", "betweenness": 0.0, "is_critical": false, "is_articulation": false}}, {"type": "Feature", "geometry": {"type": "Point", "coordinates": [80.940654, 26.850732]}, "properties": {"feature_type": "node", "node_id": 235, "degree": 4, "type": "intersection", "betweenness": 0.16062702465272058, "is_critical": true, "is_articulation": false}}, {"type": "Feature", "geometry": {"type": "Point", "coordinates": [80.939849, 26.850714]}, "properties": {"feature_type": "node", "node_id": 236, "degree": 3, "type": "intersection", "betweenness": 0.10594996248101173, "is_critical": false, "is_articulation": false}}, {"type": "Feature", "geometry": {"type": "Point", "coordinates": [80.940735, 26.850678]}, "properties": {"feature_type": "node", "node_id": 237, "degree": 4, "type": "intersection", "betweenness": 0.16199967056498105, "is_critical": true, "is_articulation": false}}, {"type": "Feature", "geometry": {"type": "Point", "coordinates": [80.940856, 26.85066]}, "properties": {"feature_type": "node", "node_id": 238, "degree": 4, "type": "intersection", "betweenness": 0.046633357125862474, "is_critical": false, "is_articulation": false}}, {"type": "Feature", "geometry": {"type": "Point", "coordinates": [80.937292, 26.850641]}, "properties": {"feature_type": "node", "node_id": 239, "degree": 3, "type": "intersection", "betweenness": 0.020315159501455002, "is_critical": false, "is_articulation": true}}, {"type": "Feature", "geometry": {"type": "Point", "coordinates": [80.945909, 26.850662]}, "properties": {"feature_type": "node", "node_id": 240, "degree": 1, "type": "endpoint", "betweenness": 0.0, "is_critical": false, "is_articulation": false}}, {"type": "Feature", "geometry": {"type": "Point", "coordinates": [80.948103, 26.850609]}, "properties": {"feature_type": "node", "node_id": 241, "degree": 3, "type": "intersection", "betweenness": 0.05083365361737952, "is_critical": false, "is_articulation": false}}, {"type": "Feature", "geometry": {"type": "Point", "coordinates": [80.940815, 26.850588]}, "properties": {"feature_type": "node", "node_id": 242, "degree": 3, "type": "intersection", "betweenness": 0.12167133366276835, "is_critical": false, "is_articulation": false}}, {"type": "Feature", "geometry": {"type": "Point", "coordinates": [80.940936, 26.850588]}, "properties": {"feature_type": "node", "node_id": 243, "degree": 3, "type": "intersection", "betweenness": 0.044052782810812784, "is_critical": false, "is_articulation": false}}, {"type": "Feature", "geometry": {"type": "Point", "coordinates": [80.948224, 26.850591]}, "properties": {"feature_type": "node", "node_id": 244, "degree": 4, "type": "intersection", "betweenness": 0.06585955087025751, "is_critical": false, "is_articulation": false}}, {"type": "Feature", "geometry": {"type": "Point", "coordinates": [80.939688, 26.850569]}, "properties": {"feature_type": "node", "node_id": 245, "degree": 3, "type": "intersection", "betweenness": 0.06317831585497538, "is_critical": false, "is_articulation": false}}, {"type": "Feature", "geometry": {"type": "Point", "coordinates": [80.934957, 26.850513]}, "properties": {"feature_type": "node", "node_id": 246, "degree": 1, "type": "endpoint", "betweenness": 0.0, "is_critical": false, "is_articulation": false}}, {"type": "Feature", "geometry": {"type": "Point", "coordinates": [80.940896, 26.850516]}, "properties": {"feature_type": "node", "node_id": 247, "degree": 3, "type": "intersection", "betweenness": 0.1230165266567836, "is_critical": false, "is_articulation": false}}, {"type": "Feature", "geometry": {"type": "Point", "coordinates": [80.945144, 26.850499]}, "properties": {"feature_type": "node", "node_id": 248, "degree": 3, "type": "intersection", "betweenness": 0.008336536173795274, "is_critical": false, "is_articulation": true}}, {"type": "Feature", "geometry": {"type": "Point", "coordinates": [80.938863, 26.850461]}, "properties": {"feature_type": "node", "node_id": 249, "degree": 1, "type": "endpoint", "betweenness": 0.0, "is_critical": false, "is_articulation": false}}, {"type": "Feature", "geometry": {"type": "Point", "coordinates": [80.945325, 26.850463]}, "properties": {"feature_type": "node", "node_id": 250, "degree": 1, "type": "endpoint", "betweenness": 0.0, "is_critical": false, "is_articulation": false}}, {"type": "Feature", "geometry": {"type": "Point", "coordinates": [80.939849, 26.850425]}, "properties": {"feature_type": "node", "node_id": 251, "degree": 3, "type": "intersection", "betweenness": 0.0507604458353923, "is_critical": false, "is_articulation": false}}, {"type": "Feature", "geometry": {"type": "Point", "coordinates": [80.936588, 26.850387]}, "properties": {"feature_type": "node", "node_id": 252, "degree": 3, "type": "intersection", "betweenness": 0.03533190578158458, "is_critical": false, "is_articulation": false}}, {"type": "Feature", "geometry": {"type": "Point", "coordinates": [80.939326, 26.850244]}, "properties": {"feature_type": "node", "node_id": 253, "degree": 3, "type": "intersection", "betweenness": 0.02895367777594758, "is_critical": false, "is_articulation": true}}, {"type": "Feature", "geometry": {"type": "Point", "coordinates": [80.940635, 26.850136]}, "properties": {"feature_type": "node", "node_id": 254, "degree": 3, "type": "intersection", "betweenness": 0.07197240066619082, "is_critical": false, "is_articulation": false}}, {"type": "Feature", "geometry": {"type": "Point", "coordinates": [80.941661, 26.850119]}, "properties": {"feature_type": "node", "node_id": 255, "degree": 3, "type": "intersection", "betweenness": 0.09700031113307343, "is_critical": false, "is_articulation": false}}, {"type": "Feature", "geometry": {"type": "Point", "coordinates": [80.943211, 26.850065]}, "properties": {"feature_type": "node", "node_id": 256, "degree": 3, "type": "intersection", "betweenness": 0.07023371584399421, "is_critical": false, "is_articulation": false}}, {"type": "Feature", "geometry": {"type": "Point", "coordinates": [80.940494, 26.849992]}, "properties": {"feature_type": "node", "node_id": 257, "degree": 4, "type": "intersection", "betweenness": 0.07091088782737605, "is_critical": false, "is_articulation": true}}, {"type": "Feature", "geometry": {"type": "Point", "coordinates": [80.939185, 26.849973]}, "properties": {"feature_type": "node", "node_id": 258, "degree": 3, "type": "intersection", "betweenness": 0.03689672212156152, "is_critical": false, "is_articulation": false}}, {"type": "Feature", "geometry": {"type": "Point", "coordinates": [80.949694, 26.849995]}, "properties": {"feature_type": "node", "node_id": 259, "degree": 3, "type": "intersection", "betweenness": 0.019894214755028457, "is_critical": false, "is_articulation": false}}, {"type": "Feature", "geometry": {"type": "Point", "coordinates": [80.935964, 26.849918]}, "properties": {"feature_type": "node", "node_id": 260, "degree": 3, "type": "intersection", "betweenness": 0.02265780852504621, "is_critical": false, "is_articulation": true}}, {"type": "Feature", "geometry": {"type": "Point", "coordinates": [80.949976, 26.849905]}, "properties": {"feature_type": "node", "node_id": 261, "degree": 4, "type": "intersection", "betweenness": 0.016407694137886855, "is_critical": false, "is_articulation": false}}, {"type": "Feature", "geometry": {"type": "Point", "coordinates": [80.941863, 26.849902]}, "properties": {"feature_type": "node", "node_id": 262, "degree": 3, "type": "intersection", "betweenness": 0.05712037189553249, "is_critical": false, "is_articulation": false}}, {"type": "Feature", "geometry": {"type": "Point", "coordinates": [80.939346, 26.849865]}, "properties": {"feature_type": "node", "node_id": 263, "degree": 3, "type": "intersection", "betweenness": 0.04599278903347426, "is_critical": false, "is_articulation": false}}, {"type": "Feature", "geometry": {"type": "Point", "coordinates": [80.941782, 26.84983]}, "properties": {"feature_type": "node", "node_id": 264, "degree": 3, "type": "intersection", "betweenness": 0.17617452735225753, "is_critical": true, "is_articulation": false}}, {"type": "Feature", "geometry": {"type": "Point", "coordinates": [80.940333, 26.849793]}, "properties": {"feature_type": "node", "node_id": 265, "degree": 3, "type": "intersection", "betweenness": 0.008336536173795274, "is_critical": false, "is_articulation": true}}, {"type": "Feature", "geometry": {"type": "Point", "coordinates": [80.941782, 26.849776]}, "properties": {"feature_type": "node", "node_id": 266, "degree": 3, "type": "intersection", "betweenness": 0.22614798953128715, "is_critical": true, "is_articulation": false}}, {"type": "Feature", "geometry": {"type": "Point", "coordinates": [80.941219, 26.849721]}, "properties": {"feature_type": "node", "node_id": 267, "degree": 3, "type": "intersection", "betweenness": 0.039632862973334064, "is_critical": false, "is_articulation": false}}, {"type": "Feature", "geometry": {"type": "Point", "coordinates": [80.944923, 26.849723]}, "properties": {"feature_type": "node", "node_id": 268, "degree": 3, "type": "intersection", "betweenness": 0.05260894233056974, "is_critical": false, "is_articulation": true}}, {"type": "Feature", "geometry": {"type": "Point", "coordinates": [80.947882, 26.849724]}, "properties": {"feature_type": "node", "node_id": 269, "degree": 3, "type": "intersection", "betweenness": 0.043329855963688935, "is_critical": false, "is_articulation": false}}, {"type": "Feature", "geometry": {"type": "Point", "coordinates": [80.941058, 26.849559]}, "properties": {"feature_type": "node", "node_id": 270, "degree": 4, "type": "intersection", "betweenness": 0.04763081315543842, "is_critical": false, "is_articulation": false}}, {"type": "Feature", "geometry": {"type": "Point", "coordinates": [80.944339, 26.849578]}, "properties": {"feature_type": "node", "node_id": 271, "degree": 3, "type": "intersection", "betweenness": 0.059545379673859325, "is_critical": false, "is_articulation": false}}, {"type": "Feature", "geometry": {"type": "Point", "coordinates": [80.941521, 26.849559]}, "properties": {"feature_type": "node", "node_id": 272, "degree": 3, "type": "intersection", "betweenness": 0.10741411812075623, "is_critical": false, "is_articulation": false}}, {"type": "Feature", "geometry": {"type": "Point", "coordinates": [80.939608, 26.84945]}, "properties": {"feature_type": "node", "node_id": 273, "degree": 1, "type": "endpoint", "betweenness": 0.0, "is_critical": false, "is_articulation": false}}, {"type": "Feature", "geometry": {"type": "Point", "coordinates": [80.951083, 26.849454]}, "properties": {"feature_type": "node", "node_id": 274, "degree": 3, "type": "intersection", "betweenness": 0.022840827980014272, "is_critical": false, "is_articulation": false}}, {"type": "Feature", "geometry": {"type": "Point", "coordinates": [80.94444, 26.849416]}, "properties": {"feature_type": "node", "node_id": 275, "degree": 3, "type": "intersection", "betweenness": 0.017450905031204816, "is_critical": false, "is_articulation": false}}, {"type": "Feature", "geometry": {"type": "Point", "coordinates": [80.938602, 26.849395]}, "properties": {"feature_type": "node", "node_id": 276, "degree": 4, "type": "intersection", "betweenness": 0.042780797598784746, "is_critical": false, "is_articulation": false}}, {"type": "Feature", "geometry": {"type": "Point", "coordinates": [80.945869, 26.84938]}, "properties": {"feature_type": "node", "node_id": 278, "degree": 3, "type": "intersection", "betweenness": 0.04574571276926737, "is_critical": false, "is_articulation": true}}, {"type": "Feature", "geometry": {"type": "Point", "coordinates": [80.94136, 26.849378]}, "properties": {"feature_type": "node", "node_id": 279, "degree": 3, "type": "intersection", "betweenness": 0.09993777338531085, "is_critical": false, "is_articulation": false}}, {"type": "Feature", "geometry": {"type": "Point", "coordinates": [80.942588, 26.849306]}, "properties": {"feature_type": "node", "node_id": 280, "degree": 5, "type": "intersection", "betweenness": 0.19130108530536793, "is_critical": true, "is_articulation": false}}, {"type": "Feature", "geometry": {"type": "Point", "coordinates": [80.942769, 26.849144]}, "properties": {"feature_type": "node", "node_id": 281, "degree": 3, "type": "intersection", "betweenness": 0.1407328098976921, "is_critical": true, "is_articulation": false}}, {"type": "Feature", "geometry": {"type": "Point", "coordinates": [80.939045, 26.849161]}, "properties": {"feature_type": "node", "node_id": 282, "degree": 3, "type": "intersection", "betweenness": 0.03456322407071871, "is_critical": false, "is_articulation": false}}, {"type": "Feature", "geometry": {"type": "Point", "coordinates": [80.940232, 26.849179]}, "properties": {"feature_type": "node", "node_id": 283, "degree": 1, "type": "endpoint", "betweenness": 0.0, "is_critical": false, "is_articulation": false}}, {"type": "Feature", "geometry": {"type": "Point", "coordinates": [80.94907, 26.849165]}, "properties": {"feature_type": "node", "node_id": 284, "degree": 3, "type": "intersection", "betweenness": 0.004840864583905269, "is_critical": false, "is_articulation": false}}, {"type": "Feature", "geometry": {"type": "Point", "coordinates": [80.941219, 26.849125]}, "properties": {"feature_type": "node", "node_id": 285, "degree": 3, "type": "intersection", "betweenness": 0.09842786288182433, "is_critical": false, "is_articulation": true}}, {"type": "Feature", "geometry": {"type": "Point", "coordinates": [80.934938, 26.84905]}, "properties": {"feature_type": "node", "node_id": 286, "degree": 1, "type": "endpoint", "betweenness": 0.0, "is_critical": false, "is_articulation": false}}, {"type": "Feature", "geometry": {"type": "Point", "coordinates": [80.94597, 26.849055]}, "properties": {"feature_type": "node", "node_id": 287, "degree": 1, "type": "endpoint", "betweenness": 0.0, "is_critical": false, "is_articulation": false}}, {"type": "Feature", "geometry": {"type": "Point", "coordinates": [80.938884, 26.849034]}, "properties": {"feature_type": "node", "node_id": 288, "degree": 3, "type": "intersection", "betweenness": 0.04052050732992917, "is_critical": false, "is_articulation": false}}, {"type": "Feature", "geometry": {"type": "Point", "coordinates": [80.946574, 26.848965]}, "properties": {"feature_type": "node", "node_id": 290, "degree": 3, "type": "intersection", "betweenness": 0.04852760848478193, "is_critical": false, "is_articulation": false}}, {"type": "Feature", "geometry": {"type": "Point", "coordinates": [80.950198, 26.848966]}, "properties": {"feature_type": "node", "node_id": 291, "degree": 4, "type": "intersection", "betweenness": 0.03633851278390893, "is_critical": false, "is_articulation": false}}, {"type": "Feature", "geometry": {"type": "Point", "coordinates": [80.943313, 26.848765]}, "properties": {"feature_type": "node", "node_id": 292, "degree": 3, "type": "intersection", "betweenness": 0.13967129705887735, "is_critical": true, "is_articulation": false}}, {"type": "Feature", "geometry": {"type": "Point", "coordinates": [80.955029, 26.84895]}, "properties": {"feature_type": "node", "node_id": 293, "degree": 1, "type": "endpoint", "betweenness": 0.0, "is_critical": false, "is_articulation": false}}, {"type": "Feature", "geometry": {"type": "Point", "coordinates": [80.946654, 26.848857]}, "properties": {"feature_type": "node", "node_id": 294, "degree": 3, "type": "intersection", "betweenness": 0.02352715093614451, "is_critical": false, "is_articulation": false}}, {"type": "Feature", "geometry": {"type": "Point", "coordinates": [80.9352, 26.84878]}, "properties": {"feature_type": "node", "node_id": 295, "degree": 1, "type": "endpoint", "betweenness": 0.0, "is_critical": false, "is_articulation": false}}, {"type": "Feature", "geometry": {"type": "Point", "coordinates": [80.935079, 26.848725]}, "properties": {"feature_type": "node", "node_id": 296, "degree": 1, "type": "endpoint", "betweenness": 0.0, "is_critical": false, "is_articulation": false}}, {"type": "Feature", "geometry": {"type": "Point", "coordinates": [80.941742, 26.848728]}, "properties": {"feature_type": "node", "node_id": 297, "degree": 1, "type": "endpoint", "betweenness": 0.0, "is_critical": false, "is_articulation": false}}, {"type": "Feature", "geometry": {"type": "Point", "coordinates": [80.945728, 26.848694]}, "properties": {"feature_type": "node", "node_id": 298, "degree": 3, "type": "intersection", "betweenness": 0.008638518274492578, "is_critical": false, "is_articulation": true}}, {"type": "Feature", "geometry": {"type": "Point", "coordinates": [80.93528, 26.848653]}, "properties": {"feature_type": "node", "node_id": 299, "degree": 3, "type": "intersection", "betweenness": 0.008336536173795274, "is_critical": false, "is_articulation": true}}, {"type": "Feature", "geometry": {"type": "Point", "coordinates": [80.940796, 26.848656]}, "properties": {"feature_type": "node", "node_id": 300, "degree": 3, "type": "intersection", "betweenness": 0.09302878896026646, "is_critical": false, "is_articulation": false}}, {"type": "Feature", "geometry": {"type": "Point", "coordinates": [80.943595, 26.848585]}, "properties": {"feature_type": "node", "node_id": 301, "degree": 4, "type": "intersection", "betweenness": 0.13943337176741888, "is_critical": true, "is_articulation": false}}, {"type": "Feature", "geometry": {"type": "Point", "coordinates": [80.9352, 26.848599]}, "properties": {"feature_type": "node", "node_id": 302, "degree": 4, "type": "intersection", "betweenness": 0.020745255220629952, "is_critical": false, "is_articulation": true}}, {"type": "Feature", "geometry": {"type": "Point", "coordinates": [80.947218, 26.848586]}, "properties": {"feature_type": "node", "node_id": 303, "degree": 3, "type": "intersection", "betweenness": 0.050138179688500886, "is_critical": false, "is_articulation": false}}, {"type": "Feature", "geometry": {"type": "Point", "coordinates": [80.943715, 26.848494]}, "properties": {"feature_type": "node", "node_id": 304, "degree": 7, "type": "intersection", "betweenness": 0.14753198264975567, "is_critical": true, "is_articulation": true}}, {"type": "Feature", "geometry": {"type": "Point", "coordinates": [80.935441, 26.848509]}, "properties": {"feature_type": "node", "node_id": 305, "degree": 1, "type": "endpoint", "betweenness": 0.0, "is_critical": false, "is_articulation": false}}, {"type": "Feature", "geometry": {"type": "Point", "coordinates": [80.936609, 26.848509]}, "properties": {"feature_type": "node", "node_id": 306, "degree": 4, "type": "intersection", "betweenness": 0.037107194494774794, "is_critical": false, "is_articulation": false}}, {"type": "Feature", "geometry": {"type": "Point", "coordinates": [80.949111, 26.84846]}, "properties": {"feature_type": "node", "node_id": 307, "degree": 3, "type": "intersection", "betweenness": 0.03897399293544904, "is_critical": false, "is_articulation": false}}, {"type": "Feature", "geometry": {"type": "Point", "coordinates": [80.943836, 26.848458]}, "properties": {"feature_type": "node", "node_id": 308, "degree": 3, "type": "intersection", "betweenness": 0.13041966361024177, "is_critical": true, "is_articulation": false}}, {"type": "Feature", "geometry": {"type": "Point", "coordinates": [80.935361, 26.848437]}, "properties": {"feature_type": "node", "node_id": 309, "degree": 1, "type": "endpoint", "betweenness": 0.0, "is_critical": false, "is_articulation": false}}, {"type": "Feature", "geometry": {"type": "Point", "coordinates": [80.940132, 26.848439]}, "properties": {"feature_type": "node", "node_id": 310, "degree": 4, "type": "intersection", "betweenness": 0.012683248229286773, "is_critical": false, "is_articulation": false}}, {"type": "Feature", "geometry": {"type": "Point", "coordinates": [80.940575, 26.848403]}, "properties": {"feature_type": "node", "node_id": 311, "degree": 3, "type": "intersection", "betweenness": 0.05587583960174966, "is_critical": false, "is_articulation": false}}, {"type": "Feature", "geometry": {"type": "Point", "coordinates": [80.943816, 26.848386]}, "properties": {"feature_type": "node", "node_id": 312, "degree": 3, "type": "intersection", "betweenness": 0.007119456798257654, "is_critical": false, "is_articulation": false}}, {"type": "Feature", "geometry": {"type": "Point", "coordinates": [80.943917, 26.848404]}, "properties": {"feature_type": "node", "node_id": 313, "degree": 3, "type": "intersection", "betweenness": 0.12845220446933509, "is_critical": true, "is_articulation": false}}, {"type": "Feature", "geometry": {"type": "Point", "coordinates": [80.948688, 26.848388]}, "properties": {"feature_type": "node", "node_id": 314, "degree": 3, "type": "intersection", "betweenness": 0.048051757901864965, "is_critical": false, "is_articulation": false}}, {"type": "Feature", "geometry": {"type": "Point", "coordinates": [80.943897, 26.848332]}, "properties": {"feature_type": "node", "node_id": 315, "degree": 3, "type": "intersection", "betweenness": 0.0050787898753637505, "is_critical": false, "is_articulation": false}}, {"type": "Feature", "geometry": {"type": "Point", "coordinates": [80.943997, 26.84835]}, "properties": {"feature_type": "node", "node_id": 316, "degree": 3, "type": "intersection", "betweenness": 0.12718937023005544, "is_critical": false, "is_articulation": false}}, {"type": "Feature", "geometry": {"type": "Point", "coordinates": [80.941098, 26.848331]}, "properties": {"feature_type": "node", "node_id": 318, "degree": 1, "type": "endpoint", "betweenness": 0.0, "is_critical": false, "is_articulation": false}}, {"type": "Feature", "geometry": {"type": "Point", "coordinates": [80.943977, 26.848278]}, "properties": {"feature_type": "node", "node_id": 319, "degree": 3, "type": "intersection", "betweenness": 0.003779351745090503, "is_critical": false, "is_articulation": false}}, {"type": "Feature", "geometry": {"type": "Point", "coordinates": [80.940354, 26.848258]}, "properties": {"feature_type": "node", "node_id": 320, "degree": 3, "type": "intersection", "betweenness": 0.053560643496403666, "is_critical": false, "is_articulation": false}}, {"type": "Feature", "geometry": {"type": "Point", "coordinates": [80.946393, 26.848261]}, "properties": {"feature_type": "node", "node_id": 321, "degree": 3, "type": "intersection", "betweenness": 0.01679203499331979, "is_critical": false, "is_articulation": false}}, {"type": "Feature", "geometry": {"type": "Point", "coordinates": [80.93971, 26.848113]}, "properties": {"feature_type": "node", "node_id": 323, "degree": 3, "type": "intersection", "betweenness": 0.04121598125880781, "is_critical": false, "is_articulation": false}}, {"type": "Feature", "geometry": {"type": "Point", "coordinates": [80.941481, 26.848096]}, "properties": {"feature_type": "node", "node_id": 324, "degree": 1, "type": "endpoint", "betweenness": 0.0, "is_critical": false, "is_articulation": false}}, {"type": "Feature", "geometry": {"type": "Point", "coordinates": [80.940193, 26.848041]}, "properties": {"feature_type": "node", "node_id": 325, "degree": 3, "type": "intersection", "betweenness": 0.051474221709767745, "is_critical": false, "is_articulation": false}}, {"type": "Feature", "geometry": {"type": "Point", "coordinates": [80.935522, 26.848021]}, "properties": {"feature_type": "node", "node_id": 326, "degree": 3, "type": "intersection", "betweenness": 0.0269770676622925, "is_critical": false, "is_articulation": false}}, {"type": "Feature", "geometry": {"type": "Point", "coordinates": [80.939871, 26.847969]}, "properties": {"feature_type": "node", "node_id": 327, "degree": 3, "type": "intersection", "betweenness": 0.07555043101081645, "is_critical": false, "is_articulation": false}}, {"type": "Feature", "geometry": {"type": "Point", "coordinates": [80.935241, 26.847931]}, "properties": {"feature_type": "node", "node_id": 328, "degree": 3, "type": "intersection", "betweenness": 0.024762532257178935, "is_critical": false, "is_articulation": true}}, {"type": "Feature", "geometry": {"type": "Point", "coordinates": [80.946937, 26.8479]}, "properties": {"feature_type": "node", "node_id": 329, "degree": 3, "type": "intersection", "betweenness": 0.05184941159245227, "is_critical": false, "is_articulation": false}}, {"type": "Feature", "geometry": {"type": "Point", "coordinates": [80.94128, 26.847879]}, "properties": {"feature_type": "node", "node_id": 330, "degree": 3, "type": "intersection", "betweenness": 0.008336536173795274, "is_critical": false, "is_articulation": true}}, {"type": "Feature", "geometry": {"type": "Point", "coordinates": [80.951205, 26.847865]}, "properties": {"feature_type": "node", "node_id": 331, "degree": 3, "type": "intersection", "betweenness": 0.014458536942476985, "is_critical": false, "is_articulation": false}}, {"type": "Feature", "geometry": {"type": "Point", "coordinates": [80.940233, 26.847825]}, "properties": {"feature_type": "node", "node_id": 332, "degree": 3, "type": "intersection", "betweenness": 0.062089350097915406, "is_critical": false, "is_articulation": false}}, {"type": "Feature", "geometry": {"type": "Point", "coordinates": [80.939891, 26.84777]}, "properties": {"feature_type": "node", "node_id": 333, "degree": 4, "type": "intersection", "betweenness": 0.10741411812075623, "is_critical": false, "is_articulation": false}}, {"type": "Feature", "geometry": {"type": "Point", "coordinates": [80.935462, 26.847732]}, "properties": {"feature_type": "node", "node_id": 334, "degree": 3, "type": "intersection", "betweenness": 0.01974779919105401, "is_critical": false, "is_articulation": false}}, {"type": "Feature", "geometry": {"type": "Point", "coordinates": [80.940012, 26.847734]}, "properties": {"feature_type": "node", "node_id": 335, "degree": 3, "type": "intersection", "betweenness": 0.07180768315671955, "is_critical": false, "is_articulation": false}}, {"type": "Feature", "geometry": {"type": "Point", "coordinates": [80.940676, 26.847662]}, "properties": {"feature_type": "node", "node_id": 336, "degree": 3, "type": "intersection", "betweenness": 0.05499734621790296, "is_critical": false, "is_articulation": false}}, {"type": "Feature", "geometry": {"type": "Point", "coordinates": [80.940797, 26.847663]}, "properties": {"feature_type": "node", "node_id": 337, "degree": 3, "type": "intersection", "betweenness": 0.05721188162301652, "is_critical": false, "is_articulation": false}}, {"type": "Feature", "geometry": {"type": "Point", "coordinates": [80.940938, 26.847626]}, "properties": {"feature_type": "node", "node_id": 338, "degree": 3, "type": "intersection", "betweenness": 0.08689763721883635, "is_critical": false, "is_articulation": false}}, {"type": "Feature", "geometry": {"type": "Point", "coordinates": [80.951064, 26.847648]}, "properties": {"feature_type": "node", "node_id": 339, "degree": 3, "type": "intersection", "betweenness": 0.02300554548948553, "is_critical": false, "is_articulation": false}}, {"type": "Feature", "geometry": {"type": "Point", "coordinates": [80.935523, 26.847588]}, "properties": {"feature_type": "node", "node_id": 340, "degree": 3, "type": "intersection", "betweenness": 0.023948095682571054, "is_critical": false, "is_articulation": true}}, {"type": "Feature", "geometry": {"type": "Point", "coordinates": [80.951547, 26.847594]}, "properties": {"feature_type": "node", "node_id": 341, "degree": 3, "type": "intersection", "betweenness": 0.007705119054155456, "is_critical": false, "is_articulation": false}}, {"type": "Feature", "geometry": {"type": "Point", "coordinates": [80.945125, 26.847592]}, "properties": {"feature_type": "node", "node_id": 342, "degree": 3, "type": "intersection", "betweenness": 0.12718021925730705, "is_critical": false, "is_articulation": false}}, {"type": "Feature", "geometry": {"type": "Point", "coordinates": [80.951064, 26.847576]}, "properties": {"feature_type": "node", "node_id": 343, "degree": 3, "type": "intersection", "betweenness": 0.01696590347553945, "is_critical": false, "is_articulation": false}}, {"type": "Feature", "geometry": {"type": "Point", "coordinates": [80.941139, 26.847554]}, "properties": {"feature_type": "node", "node_id": 344, "degree": 3, "type": "intersection", "betweenness": 0.09123519830157945, "is_critical": false, "is_articulation": true}}, {"type": "Feature", "geometry": {"type": "Point", "coordinates": [80.945105, 26.84752]}, "properties": {"feature_type": "node", "node_id": 345, "degree": 3, "type": "intersection", "betweenness": 0.0037976536905873094, "is_critical": false, "is_articulation": false}}, {"type": "Feature", "geometry": {"type": "Point", "coordinates": [80.945206, 26.847538]}, "properties": {"feature_type": "node", "node_id": 346, "degree": 3, "type": "intersection", "betweenness": 0.12773842859495962, "is_critical": true, "is_articulation": false}}, {"type": "Feature", "geometry": {"type": "Point", "coordinates": [80.945186, 26.847466]}, "properties": {"feature_type": "node", "node_id": 347, "degree": 3, "type": "intersection", "betweenness": 0.02526583575834111, "is_critical": false, "is_articulation": false}}, {"type": "Feature", "geometry": {"type": "Point", "coordinates": [80.935804, 26.847408]}, "properties": {"feature_type": "node", "node_id": 348, "degree": 3, "type": "intersection", "betweenness": 0.02395724665531946, "is_critical": false, "is_articulation": false}}, {"type": "Feature", "geometry": {"type": "Point", "coordinates": [80.947219, 26.847448]}, "properties": {"feature_type": "node", "node_id": 349, "degree": 3, "type": "intersection", "betweenness": 0.07183513607496476, "is_critical": false, "is_articulation": false}}, {"type": "Feature", "geometry": {"type": "Point", "coordinates": [80.950782, 26.847414]}, "properties": {"feature_type": "node", "node_id": 350, "degree": 3, "type": "intersection", "betweenness": 0.010944563407090173, "is_critical": false, "is_articulation": false}}, {"type": "Feature", "geometry": {"type": "Point", "coordinates": [80.945186, 26.847393]}, "properties": {"feature_type": "node", "node_id": 351, "degree": 3, "type": "intersection", "betweenness": 0.053267812368454764, "is_critical": false, "is_articulation": false}}, {"type": "Feature", "geometry": {"type": "Point", "coordinates": [80.945387, 26.847412]}, "properties": {"feature_type": "node", "node_id": 352, "degree": 3, "type": "intersection", "betweenness": 0.10747817492999505, "is_critical": false, "is_articulation": false}}, {"type": "Feature", "geometry": {"type": "Point", "coordinates": [80.946816, 26.847394]}, "properties": {"feature_type": "node", "node_id": 353, "degree": 3, "type": "intersection", "betweenness": 0.11435055546404582, "is_critical": false, "is_articulation": false}}, {"type": "Feature", "geometry": {"type": "Point", "coordinates": [80.952171, 26.847378]}, "properties": {"feature_type": "node", "node_id": 354, "degree": 4, "type": "intersection", "betweenness": 0.004483976646717546, "is_critical": false, "is_articulation": true}}, {"type": "Feature", "geometry": {"type": "Point", "coordinates": [80.935925, 26.847299]}, "properties": {"feature_type": "node", "node_id": 355, "degree": 3, "type": "intersection", "betweenness": 0.02532989256757993, "is_critical": false, "is_articulation": false}}, {"type": "Feature", "geometry": {"type": "Point", "coordinates": [80.945367, 26.847339]}, "properties": {"feature_type": "node", "node_id": 356, "degree": 3, "type": "intersection", "betweenness": 0.03410567543329856, "is_critical": false, "is_articulation": false}}, {"type": "Feature", "geometry": {"type": "Point", "coordinates": [80.945467, 26.847303]}, "properties": {"feature_type": "node", "node_id": 357, "degree": 4, "type": "intersection", "betweenness": 0.14024780834202674, "is_critical": true, "is_articulation": false}}, {"type": "Feature", "geometry": {"type": "Point", "coordinates": [80.937153, 26.8473]}, "properties": {"feature_type": "node", "node_id": 358, "degree": 3, "type": "intersection", "betweenness": 0.04142645363202108, "is_critical": false, "is_articulation": false}}, {"type": "Feature", "geometry": {"type": "Point", "coordinates": [80.945568, 26.847249]}, "properties": {"feature_type": "node", "node_id": 359, "degree": 4, "type": "intersection", "betweenness": 0.13968044803162574, "is_critical": true, "is_articulation": false}}, {"type": "Feature", "geometry": {"type": "Point", "coordinates": [80.936429, 26.847209]}, "properties": {"feature_type": "node", "node_id": 360, "degree": 4, "type": "intersection", "betweenness": 0.0374274785409689, "is_critical": false, "is_articulation": true}}, {"type": "Feature", "geometry": {"type": "Point", "coordinates": [80.945669, 26.847177]}, "properties": {"feature_type": "node", "node_id": 361, "degree": 4, "type": "intersection", "betweenness": 0.13911308772122474, "is_critical": true, "is_articulation": false}}, {"type": "Feature", "geometry": {"type": "Point", "coordinates": [80.936127, 26.847191]}, "properties": {"feature_type": "node", "node_id": 362, "degree": 4, "type": "intersection", "betweenness": 0.029640000732077818, "is_critical": false, "is_articulation": true}}, {"type": "Feature", "geometry": {"type": "Point", "coordinates": [80.936308, 26.847173]}, "properties": {"feature_type": "node", "node_id": 363, "degree": 3, "type": "intersection", "betweenness": 0.03484690422591921, "is_critical": false, "is_articulation": false}}, {"type": "Feature", "geometry": {"type": "Point", "coordinates": [80.945749, 26.847105]}, "properties": {"feature_type": "node", "node_id": 364, "degree": 4, "type": "intersection", "betweenness": 0.13852742546532695, "is_critical": true, "is_articulation": false}}, {"type": "Feature", "geometry": {"type": "Point", "coordinates": [80.942065, 26.847067]}, "properties": {"feature_type": "node", "node_id": 365, "degree": 3, "type": "intersection", "betweenness": 0.08893830414173026, "is_critical": false, "is_articulation": false}}, {"type": "Feature", "geometry": {"type": "Point", "coordinates": [80.944401, 26.847068]}, "properties": {"feature_type": "node", "node_id": 366, "degree": 1, "type": "endpoint", "betweenness": 0.0, "is_critical": false, "is_articulation": false}}, {"type": "Feature", "geometry": {"type": "Point", "coordinates": [80.949957, 26.847052]}, "properties": {"feature_type": "node", "node_id": 367, "degree": 3, "type": "intersection", "betweenness": 0.00835483811929208, "is_critical": false, "is_articulation": false}}, {"type": "Feature", "geometry": {"type": "Point", "coordinates": [80.941985, 26.846959]}, "properties": {"feature_type": "node", "node_id": 368, "degree": 3, "type": "intersection", "betweenness": 0.0056278482402679405, "is_critical": false, "is_articulation": false}}, {"type": "Feature", "geometry": {"type": "Point", "coordinates": [80.947461, 26.846961]}, "properties": {"feature_type": "node", "node_id": 369, "degree": 1, "type": "endpoint", "betweenness": 0.0, "is_critical": false, "is_articulation": false}}, {"type": "Feature", "geometry": {"type": "Point", "coordinates": [80.944743, 26.846888]}, "properties": {"feature_type": "node", "node_id": 370, "degree": 3, "type": "intersection", "betweenness": 0.0458463734694998, "is_critical": false, "is_articulation": true}}, {"type": "Feature", "geometry": {"type": "Point", "coordinates": [80.946233, 26.846906]}, "properties": {"feature_type": "node", "node_id": 371, "degree": 3, "type": "intersection", "betweenness": 0.05235271509361445, "is_critical": false, "is_articulation": false}}, {"type": "Feature", "geometry": {"type": "Point", "coordinates": [80.944662, 26.846888]}, "properties": {"feature_type": "node", "node_id": 372, "degree": 3, "type": "intersection", "betweenness": 0.04127088709529823, "is_critical": false, "is_articulation": true}}, {"type": "Feature", "geometry": {"type": "Point", "coordinates": [80.943294, 26.846851]}, "properties": {"feature_type": "node", "node_id": 373, "degree": 3, "type": "intersection", "betweenness": 0.004172843573271839, "is_critical": false, "is_articulation": true}}, {"type": "Feature", "geometry": {"type": "Point", "coordinates": [80.946273, 26.84678]}, "properties": {"feature_type": "node", "node_id": 374, "degree": 5, "type": "intersection", "betweenness": 0.17124215304086823, "is_critical": true, "is_articulation": false}}, {"type": "Feature", "geometry": {"type": "Point", "coordinates": [80.946092, 26.84678]}, "properties": {"feature_type": "node", "node_id": 375, "degree": 3, "type": "intersection", "betweenness": 0.10590420761726971, "is_critical": false, "is_articulation": false}}, {"type": "Feature", "geometry": {"type": "Point", "coordinates": [80.951567, 26.846764]}, "properties": {"feature_type": "node", "node_id": 376, "degree": 3, "type": "intersection", "betweenness": 0.006671059133585899, "is_critical": false, "is_articulation": false}}, {"type": "Feature", "geometry": {"type": "Point", "coordinates": [80.945005, 26.846689]}, "properties": {"feature_type": "node", "node_id": 377, "degree": 1, "type": "endpoint", "betweenness": 0.0, "is_critical": false, "is_articulation": false}}, {"type": "Feature", "geometry": {"type": "Point", "coordinates": [80.948024, 26.846672]}, "properties": {"feature_type": "node", "node_id": 378, "degree": 1, "type": "endpoint", "betweenness": 0.0, "is_critical": false, "is_articulation": false}}, {"type": "Feature", "geometry": {"type": "Point", "coordinates": [80.946253, 26.846599]}, "properties": {"feature_type": "node", "node_id": 380, "degree": 3, "type": "intersection", "betweenness": 0.08428960998554146, "is_critical": false, "is_articulation": false}}, {"type": "Feature", "geometry": {"type": "Point", "coordinates": [80.946333, 26.846599]}, "properties": {"feature_type": "node", "node_id": 381, "degree": 3, "type": "intersection", "betweenness": 0.07548637420157762, "is_critical": false, "is_articulation": false}}, {"type": "Feature", "geometry": {"type": "Point", "coordinates": [80.943757, 26.84658]}, "properties": {"feature_type": "node", "node_id": 382, "degree": 2, "type": "intersection", "betweenness": 0.0, "is_critical": false, "is_articulation": false}}, {"type": "Feature", "geometry": {"type": "Point", "coordinates": [80.946172, 26.846545]}, "properties": {"feature_type": "node", "node_id": 383, "degree": 5, "type": "intersection", "betweenness": 0.10524533757938469, "is_critical": false, "is_articulation": false}}, {"type": "Feature", "geometry": {"type": "Point", "coordinates": [80.942972, 26.846544]}, "properties": {"feature_type": "node", "node_id": 384, "degree": 3, "type": "intersection", "betweenness": 0.08873698274126539, "is_critical": false, "is_articulation": true}}, {"type": "Feature", "geometry": {"type": "Point", "coordinates": [80.947944, 26.846564]}, "properties": {"feature_type": "node", "node_id": 385, "degree": 1, "type": "endpoint", "betweenness": 0.0, "is_critical": false, "is_articulation": false}}, {"type": "Feature", "geometry": {"type": "Point", "coordinates": [80.941281, 26.846525]}, "properties": {"feature_type": "node", "node_id": 386, "degree": 4, "type": "intersection", "betweenness": 0.004172843573271839, "is_critical": false, "is_articulation": true}}, {"type": "Feature", "geometry": {"type": "Point", "coordinates": [80.949011, 26.846474]}, "properties": {"feature_type": "node", "node_id": 387, "degree": 3, "type": "intersection", "betweenness": 0.019180438880653013, "is_critical": false, "is_articulation": false}}, {"type": "Feature", "geometry": {"type": "Point", "coordinates": [80.934939, 26.846468]}, "properties": {"feature_type": "node", "node_id": 388, "degree": 1, "type": "endpoint", "betweenness": 0.0, "is_critical": false, "is_articulation": false}}, {"type": "Feature", "geometry": {"type": "Point", "coordinates": [80.94432, 26.846436]}, "properties": {"feature_type": "node", "node_id": 389, "degree": 3, "type": "intersection", "betweenness": 0.03678691044858068, "is_critical": false, "is_articulation": true}}, {"type": "Feature", "geometry": {"type": "Point", "coordinates": [80.94583, 26.84622]}, "properties": {"feature_type": "node", "node_id": 390, "degree": 6, "type": "intersection", "betweenness": 0.0843994216585223, "is_critical": false, "is_articulation": true}}, {"type": "Feature", "geometry": {"type": "Point", "coordinates": [80.940375, 26.846326]}, "properties": {"feature_type": "node", "node_id": 391, "degree": 3, "type": "intersection", "betweenness": 0.025064514357876242, "is_critical": false, "is_articulation": true}}, {"type": "Feature", "geometry": {"type": "Point", "coordinates": [80.943314, 26.846237]}, "properties": {"feature_type": "node", "node_id": 392, "degree": 3, "type": "intersection", "betweenness": 0.08687018430059115, "is_critical": false, "is_articulation": false}}, {"type": "Feature", "geometry": {"type": "Point", "coordinates": [80.951064, 26.846204]}, "properties": {"feature_type": "node", "node_id": 393, "degree": 3, "type": "intersection", "betweenness": 0.0057651128314939876, "is_critical": false, "is_articulation": false}}, {"type": "Feature", "geometry": {"type": "Point", "coordinates": [80.944683, 26.846183]}, "properties": {"feature_type": "node", "node_id": 394, "degree": 1, "type": "endpoint", "betweenness": 0.0, "is_critical": false, "is_articulation": false}}, {"type": "Feature", "geometry": {"type": "Point", "coordinates": [80.947119, 26.846022]}, "properties": {"feature_type": "node", "node_id": 395, "degree": 3, "type": "intersection", "betweenness": 0.008336536173795274, "is_critical": false, "is_articulation": true}}, {"type": "Feature", "geometry": {"type": "Point", "coordinates": [80.939409, 26.846019]}, "properties": {"feature_type": "node", "node_id": 396, "degree": 1, "type": "endpoint", "betweenness": 0.0, "is_critical": false, "is_articulation": false}}, {"type": "Feature", "geometry": {"type": "Point", "coordinates": [80.943797, 26.846002]}, "properties": {"feature_type": "node", "node_id": 397, "degree": 3, "type": "intersection", "betweenness": 0.09537143798385768, "is_critical": false, "is_articulation": false}}, {"type": "Feature", "geometry": {"type": "Point", "coordinates": [80.940677, 26.846001]}, "properties": {"feature_type": "node", "node_id": 398, "degree": 1, "type": "endpoint", "betweenness": 0.0, "is_critical": false, "is_articulation": false}}, {"type": "Feature", "geometry": {"type": "Point", "coordinates": [80.946213, 26.845985]}, "properties": {"feature_type": "node", "node_id": 399, "degree": 3, "type": "intersection", "betweenness": 0.022676110470543017, "is_critical": false, "is_articulation": false}}, {"type": "Feature", "geometry": {"type": "Point", "coordinates": [80.949112, 26.845986]}, "properties": {"feature_type": "node", "node_id": 400, "degree": 1, "type": "endpoint", "betweenness": 0.0, "is_critical": false, "is_articulation": false}}, {"type": "Feature", "geometry": {"type": "Point", "coordinates": [80.947079, 26.845931]}, "properties": {"feature_type": "node", "node_id": 401, "degree": 3, "type": "intersection", "betweenness": 0.07275023334980509, "is_critical": false, "is_articulation": true}}, {"type": "Feature", "geometry": {"type": "Point", "coordinates": [80.943052, 26.84593]}, "properties": {"feature_type": "node", "node_id": 402, "degree": 3, "type": "intersection", "betweenness": 0.0, "is_critical": false, "is_articulation": false}}, {"type": "Feature", "geometry": {"type": "Point", "coordinates": [80.948307, 26.845914]}, "properties": {"feature_type": "node", "node_id": 403, "degree": 3, "type": "intersection", "betweenness": 0.004172843573271839, "is_critical": false, "is_articulation": true}}, {"type": "Feature", "geometry": {"type": "Point", "coordinates": [80.949977, 26.845788]}, "properties": {"feature_type": "node", "node_id": 404, "degree": 3, "type": "intersection", "betweenness": 0.004968978202382913, "is_critical": false, "is_articulation": false}}, {"type": "Feature", "geometry": {"type": "Point", "coordinates": [80.937919, 26.845729]}, "properties": {"feature_type": "node", "node_id": 405, "degree": 4, "type": "intersection", "betweenness": 0.05121799447281246, "is_critical": false, "is_articulation": true}}, {"type": "Feature", "geometry": {"type": "Point", "coordinates": [80.93494, 26.84571]}, "properties": {"feature_type": "node", "node_id": 406, "degree": 1, "type": "endpoint", "betweenness": 0.0, "is_critical": false, "is_articulation": false}}, {"type": "Feature", "geometry": {"type": "Point", "coordinates": [80.947501, 26.845625]}, "properties": {"feature_type": "node", "node_id": 407, "degree": 3, "type": "intersection", "betweenness": 0.05766027928768828, "is_critical": false, "is_articulation": false}}, {"type": "Feature", "geometry": {"type": "Point", "coordinates": [80.940556, 26.845568]}, "properties": {"feature_type": "node", "node_id": 408, "degree": 3, "type": "intersection", "betweenness": 0.018109775069089843, "is_critical": false, "is_articulation": false}}, {"type": "Feature", "geometry": {"type": "Point", "coordinates": [80.944462, 26.845479]}, "properties": {"feature_type": "node", "node_id": 409, "degree": 3, "type": "intersection", "betweenness": 0.06887937187723055, "is_critical": false, "is_articulation": false}}, {"type": "Feature", "geometry": {"type": "Point", "coordinates": [80.95042, 26.845481]}, "properties": {"feature_type": "node", "node_id": 410, "degree": 3, "type": "intersection", "betweenness": 0.006799172752063544, "is_critical": false, "is_articulation": false}}, {"type": "Feature", "geometry": {"type": "Point", "coordinates": [80.950541, 26.845481]}, "properties": {"feature_type": "node", "node_id": 411, "degree": 3, "type": "intersection", "betweenness": 0.004868317502150478, "is_critical": false, "is_articulation": false}}, {"type": "Feature", "geometry": {"type": "Point", "coordinates": [80.950018, 26.845409]}, "properties": {"feature_type": "node", "node_id": 412, "degree": 3, "type": "intersection", "betweenness": 0.006524643569611449, "is_critical": false, "is_articulation": false}}, {"type": "Feature", "geometry": {"type": "Point", "coordinates": [80.944744, 26.845389]}, "properties": {"feature_type": "node", "node_id": 413, "degree": 3, "type": "intersection", "betweenness": 0.04365929098263145, "is_critical": false, "is_articulation": false}}, {"type": "Feature", "geometry": {"type": "Point", "coordinates": [80.947824, 26.845354]}, "properties": {"feature_type": "node", "node_id": 414, "degree": 3, "type": "intersection", "betweenness": 0.04711835868152784, "is_critical": false, "is_articulation": false}}, {"type": "Feature", "geometry": {"type": "Point", "coordinates": [80.944502, 26.845208]}, "properties": {"feature_type": "node", "node_id": 415, "degree": 3, "type": "intersection", "betweenness": 0.024268379728765166, "is_critical": false, "is_articulation": false}}, {"type": "Feature", "geometry": {"type": "Point", "coordinates": [80.939651, 26.845152]}, "properties": {"feature_type": "node", "node_id": 416, "degree": 1, "type": "endpoint", "betweenness": 0.0, "is_critical": false, "is_articulation": false}}, {"type": "Feature", "geometry": {"type": "Point", "coordinates": [80.948065, 26.845101]}, "properties": {"feature_type": "node", "node_id": 417, "degree": 3, "type": "intersection", "betweenness": 0.04386976335584472, "is_critical": false, "is_articulation": true}}, {"type": "Feature", "geometry": {"type": "Point", "coordinates": [80.938121, 26.845061]}, "properties": {"feature_type": "node", "node_id": 418, "degree": 1, "type": "endpoint", "betweenness": 0.0, "is_critical": false, "is_articulation": false}}, {"type": "Feature", "geometry": {"type": "Point", "coordinates": [80.93496, 26.844987]}, "properties": {"feature_type": "node", "node_id": 419, "degree": 1, "type": "endpoint", "betweenness": 0.0, "is_critical": false, "is_articulation": false}}, {"type": "Feature", "geometry": {"type": "Point", "coordinates": [80.940698, 26.8449]}, "properties": {"feature_type": "node", "node_id": 420, "degree": 3, "type": "intersection", "betweenness": 0.016755431102326176, "is_critical": false, "is_articulation": false}}, {"type": "Feature", "geometry": {"type": "Point", "coordinates": [80.941744, 26.8449]}, "properties": {"feature_type": "node", "node_id": 421, "degree": 3, "type": "intersection", "betweenness": 0.02619008400592983, "is_critical": false, "is_articulation": true}}, {"type": "Feature", "geometry": {"type": "Point", "coordinates": [80.935383, 26.844789]}, "properties": {"feature_type": "node", "node_id": 422, "degree": 3, "type": "intersection", "betweenness": 0.008336536173795274, "is_critical": false, "is_articulation": true}}, {"type": "Feature", "geometry": {"type": "Point", "coordinates": [80.937658, 26.844754]}, "properties": {"feature_type": "node", "node_id": 423, "degree": 1, "type": "endpoint", "betweenness": 0.0, "is_critical": false, "is_articulation": false}}, {"type": "Feature", "geometry": {"type": "Point", "coordinates": [80.948367, 26.844758]}, "properties": {"feature_type": "node", "node_id": 424, "degree": 3, "type": "intersection", "betweenness": 0.038452387488790055, "is_critical": false, "is_articulation": false}}, {"type": "Feature", "geometry": {"type": "Point", "coordinates": [80.948428, 26.844758]}, "properties": {"feature_type": "node", "node_id": 425, "degree": 3, "type": "intersection", "betweenness": 0.03613719138344406, "is_critical": false, "is_articulation": true}}, {"type": "Feature", "geometry": {"type": "Point", "coordinates": [80.939389, 26.8447]}, "properties": {"feature_type": "node", "node_id": 426, "degree": 4, "type": "intersection", "betweenness": 0.013708157177107926, "is_critical": false, "is_articulation": true}}, {"type": "Feature", "geometry": {"type": "Point", "coordinates": [80.942268, 26.844521]}, "properties": {"feature_type": "node", "node_id": 427, "degree": 3, "type": "intersection", "betweenness": 0.024927249766650193, "is_critical": false, "is_articulation": false}}, {"type": "Feature", "geometry": {"type": "Point", "coordinates": [80.943778, 26.844431]}, "properties": {"feature_type": "node", "node_id": 428, "degree": 3, "type": "intersection", "betweenness": 0.05740405205073299, "is_critical": false, "is_articulation": false}}, {"type": "Feature", "geometry": {"type": "Point", "coordinates": [80.94871, 26.844415]}, "properties": {"feature_type": "node", "node_id": 429, "degree": 3, "type": "intersection", "betweenness": 0.024808287120920952, "is_critical": false, "is_articulation": true}}, {"type": "Feature", "geometry": {"type": "Point", "coordinates": [80.94261, 26.844359]}, "properties": {"feature_type": "node", "node_id": 430, "degree": 3, "type": "intersection", "betweenness": 0.02779150423690038, "is_critical": false, "is_articulation": false}}, {"type": "Feature", "geometry": {"type": "Point", "coordinates": [80.942852, 26.844359]}, "properties": {"feature_type": "node", "node_id": 431, "degree": 3, "type": "intersection", "betweenness": 0.03092113691685426, "is_critical": false, "is_articulation": false}}, {"type": "Feature", "geometry": {"type": "Point", "coordinates": [80.943154, 26.844359]}, "properties": {"feature_type": "node", "node_id": 432, "degree": 3, "type": "intersection", "betweenness": 0.03756474313219495, "is_critical": false, "is_articulation": false}}, {"type": "Feature", "geometry": {"type": "Point", "coordinates": [80.940899, 26.844304]}, "properties": {"feature_type": "node", "node_id": 433, "degree": 3, "type": "intersection", "betweenness": 0.029264810849393287, "is_critical": false, "is_articulation": false}}, {"type": "Feature", "geometry": {"type": "Point", "coordinates": [80.935645, 26.844247]}, "properties": {"feature_type": "node", "node_id": 434, "degree": 4, "type": "intersection", "betweenness": 0.037107194494774794, "is_critical": false, "is_articulation": true}}, {"type": "Feature", "geometry": {"type": "Point", "coordinates": [80.943093, 26.844287]}, "properties": {"feature_type": "node", "node_id": 435, "degree": 3, "type": "intersection", "betweenness": 0.0, "is_critical": false, "is_articulation": false}}, {"type": "Feature", "geometry": {"type": "Point", "coordinates": [80.942268, 26.844214]}, "properties": {"feature_type": "node", "node_id": 436, "degree": 3, "type": "intersection", "betweenness": 0.0, "is_critical": false, "is_articulation": false}}, {"type": "Feature", "geometry": {"type": "Point", "coordinates": [80.943516, 26.844233]}, "properties": {"feature_type": "node", "node_id": 437, "degree": 3, "type": "intersection", "betweenness": 0.055738575010523615, "is_critical": false, "is_articulation": true}}, {"type": "Feature", "geometry": {"type": "Point", "coordinates": [80.946777, 26.844144]}, "properties": {"feature_type": "node", "node_id": 438, "degree": 3, "type": "intersection", "betweenness": 0.010468712824173209, "is_critical": false, "is_articulation": false}}, {"type": "Feature", "geometry": {"type": "Point", "coordinates": [80.946637, 26.844126]}, "properties": {"feature_type": "node", "node_id": 439, "degree": 3, "type": "intersection", "betweenness": 0.01963798751807317, "is_critical": false, "is_articulation": false}}, {"type": "Feature", "geometry": {"type": "Point", "coordinates": [80.938927, 26.844122]}, "properties": {"feature_type": "node", "node_id": 440, "degree": 1, "type": "endpoint", "betweenness": 0.0, "is_critical": false, "is_articulation": false}}, {"type": "Feature", "geometry": {"type": "Point", "coordinates": [80.943295, 26.843998]}, "properties": {"feature_type": "node", "node_id": 441, "degree": 3, "type": "intersection", "betweenness": 0.012463624883325097, "is_critical": false, "is_articulation": true}}, {"type": "Feature", "geometry": {"type": "Point", "coordinates": [80.949153, 26.844108]}, "properties": {"feature_type": "node", "node_id": 442, "degree": 3, "type": "intersection", "betweenness": 0.016609015538351726, "is_critical": false, "is_articulation": true}}, {"type": "Feature", "geometry": {"type": "Point", "coordinates": [80.935726, 26.844049]}, "properties": {"feature_type": "node", "node_id": 443, "degree": 3, "type": "intersection", "betweenness": 0.016609015538351726, "is_critical": false, "is_articulation": true}}, {"type": "Feature", "geometry": {"type": "Point", "coordinates": [80.940436, 26.844051]}, "properties": {"feature_type": "node", "node_id": 444, "degree": 3, "type": "intersection", "betweenness": 0.014019290250553634, "is_critical": false, "is_articulation": true}}, {"type": "Feature", "geometry": {"type": "Point", "coordinates": [80.946918, 26.844035]}, "properties": {"feature_type": "node", "node_id": 445, "degree": 3, "type": "intersection", "betweenness": 0.008217573528066032, "is_critical": false, "is_articulation": false}}, {"type": "Feature", "geometry": {"type": "Point", "coordinates": [80.946596, 26.843981]}, "properties": {"feature_type": "node", "node_id": 446, "degree": 3, "type": "intersection", "betweenness": 0.013708157177107926, "is_critical": false, "is_articulation": true}}, {"type": "Feature", "geometry": {"type": "Point", "coordinates": [80.943033, 26.843781]}, "properties": {"feature_type": "node", "node_id": 447, "degree": 4, "type": "intersection", "betweenness": 0.008336536173795274, "is_critical": false, "is_articulation": true}}, {"type": "Feature", "geometry": {"type": "Point", "coordinates": [80.939168, 26.84387]}, "properties": {"feature_type": "node", "node_id": 448, "degree": 1, "type": "endpoint", "betweenness": 0.0, "is_critical": false, "is_articulation": false}}, {"type": "Feature", "geometry": {"type": "Point", "coordinates": [80.946818, 26.843855]}, "properties": {"feature_type": "node", "node_id": 449, "degree": 3, "type": "intersection", "betweenness": 0.004813411665660059, "is_critical": false, "is_articulation": true}}, {"type": "Feature", "geometry": {"type": "Point", "coordinates": [80.946697, 26.843837]}, "properties": {"feature_type": "node", "node_id": 450, "degree": 3, "type": "intersection", "betweenness": 0.006112849795933307, "is_critical": false, "is_articulation": true}}, {"type": "Feature", "geometry": {"type": "Point", "coordinates": [80.934941, 26.84376]}, "properties": {"feature_type": "node", "node_id": 451, "degree": 1, "type": "endpoint", "betweenness": 0.0, "is_critical": false, "is_articulation": false}}, {"type": "Feature", "geometry": {"type": "Point", "coordinates": [80.941302, 26.843744]}, "properties": {"feature_type": "node", "node_id": 452, "degree": 3, "type": "intersection", "betweenness": 0.02617178206043302, "is_critical": false, "is_articulation": true}}, {"type": "Feature", "geometry": {"type": "Point", "coordinates": [80.935907, 26.843652]}, "properties": {"feature_type": "node", "node_id": 453, "degree": 3, "type": "intersection", "betweenness": 0.008336536173795274, "is_critical": false, "is_articulation": true}}, {"type": "Feature", "geometry": {"type": "Point", "coordinates": [80.949797, 26.843657]}, "properties": {"feature_type": "node", "node_id": 454, "degree": 3, "type": "intersection", "betweenness": 0.008336536173795274, "is_critical": false, "is_articulation": true}}, {"type": "Feature", "geometry": {"type": "Point", "coordinates": [80.93943, 26.843581]}, "properties": {"feature_type": "node", "node_id": 455, "degree": 1, "type": "endpoint", "betweenness": 0.0, "is_critical": false, "is_articulation": false}}, {"type": "Feature", "geometry": {"type": "Point", "coordinates": [80.934941, 26.843561]}, "properties": {"feature_type": "node", "node_id": 456, "degree": 1, "type": "endpoint", "betweenness": 0.0, "is_critical": false, "is_articulation": false}}, {"type": "Feature", "geometry": {"type": "Point", "coordinates": [80.945449, 26.843547]}, "properties": {"feature_type": "node", "node_id": 457, "degree": 1, "type": "endpoint", "betweenness": 0.0, "is_critical": false, "is_articulation": false}}, {"type": "Feature", "geometry": {"type": "Point", "coordinates": [80.949153, 26.843549]}, "properties": {"feature_type": "node", "node_id": 458, "degree": 1, "type": "endpoint", "betweenness": 0.0, "is_critical": false, "is_articulation": false}}, {"type": "Feature", "geometry": {"type": "Point", "coordinates": [80.950059, 26.843549]}, "properties": {"feature_type": "node", "node_id": 459, "degree": 1, "type": "endpoint", "betweenness": 0.0, "is_critical": false, "is_articulation": false}}, {"type": "Feature", "geometry": {"type": "Point", "coordinates": [80.935505, 26.843525]}, "properties": {"feature_type": "node", "node_id": 460, "degree": 1, "type": "endpoint", "betweenness": 0.0, "is_critical": false, "is_articulation": false}}, {"type": "Feature", "geometry": {"type": "Point", "coordinates": [80.935988, 26.843525]}, "properties": {"feature_type": "node", "node_id": 461, "degree": 1, "type": "endpoint", "betweenness": 0.0, "is_critical": false, "is_articulation": false}}, {"type": "Feature", "geometry": {"type": "Point", "coordinates": [80.938484, 26.843526]}, "properties": {"feature_type": "node", "node_id": 462, "degree": 1, "type": "endpoint", "betweenness": 0.0, "is_critical": false, "is_articulation": false}}, {"type": "Feature", "geometry": {"type": "Point", "coordinates": [80.93941, 26.843527]}, "properties": {"feature_type": "node", "node_id": 463, "degree": 1, "type": "endpoint", "betweenness": 0.0, "is_critical": false, "is_articulation": false}}, {"type": "Feature", "geometry": {"type": "Point", "coordinates": [80.941242, 26.843528]}, "properties": {"feature_type": "node", "node_id": 464, "degree": 1, "type": "endpoint", "betweenness": 0.0, "is_critical": false, "is_articulation": false}}, {"type": "Feature", "geometry": {"type": "Point", "coordinates": [80.941363, 26.843528]}, "properties": {"feature_type": "node", "node_id": 465, "degree": 1, "type": "endpoint", "betweenness": 0.0, "is_critical": false, "is_articulation": false}}, {"type": "Feature", "geometry": {"type": "Point", "coordinates": [80.941665, 26.843528]}, "properties": {"feature_type": "node", "node_id": 466, "degree": 1, "type": "endpoint", "betweenness": 0.0, "is_critical": false, "is_articulation": false}}, {"type": "Feature", "geometry": {"type": "Point", "coordinates": [80.942611, 26.843528]}, "properties": {"feature_type": "node", "node_id": 467, "degree": 1, "type": "endpoint", "betweenness": 0.0, "is_critical": false, "is_articulation": false}}, {"type": "Feature", "geometry": {"type": "Point", "coordinates": [80.942792, 26.843528]}, "properties": {"feature_type": "node", "node_id": 468, "degree": 1, "type": "endpoint", "betweenness": 0.0, "is_critical": false, "is_articulation": false}}, {"type": "Feature", "geometry": {"type": "Point", "coordinates": [80.946758, 26.84353]}, "properties": {"feature_type": "node", "node_id": 469, "degree": 1, "type": "endpoint", "betweenness": 0.0, "is_critical": false, "is_articulation": false}}, {"type": "Feature", "geometry": {"type": "Point", "coordinates": [80.946878, 26.84353]}, "properties": {"feature_type": "node", "node_id": 470, "degree": 1, "type": "endpoint", "betweenness": 0.0, "is_critical": false, "is_articulation": false}}, {"type": "Feature", "geometry": {"type": "Point", "coordinates": [80.948489, 26.84353]}, "properties": {"feature_type": "node", "node_id": 471, "degree": 1, "type": "endpoint", "betweenness": 0.0, "is_critical": false, "is_articulation": false}}, {"type": "Feature", "geometry": {"type": "Point", "coordinates": [80.949737, 26.843531]}, "properties": {"feature_type": "node", "node_id": 472, "degree": 1, "type": "endpoint", "betweenness": 0.0, "is_critical": false, "is_articulation": false}}, {"type": "Feature", "geometry": {"type": "Point", "coordinates": [80.939984, 26.86126]}, "properties": {"feature_type": "node", "node_id": 473, "degree": 2, "type": "intersection", "betweenness": 0.0, "is_critical": false, "is_articulation": false}}, {"type": "Feature", "geometry": {"type": "Point", "coordinates": [80.952328, 26.856443]}, "properties": {"feature_type": "node", "node_id": 474, "degree": 2, "type": "intersection", "betweenness": 0.0, "is_critical": false, "is_articulation": false}}, {"type": "Feature", "geometry": {"type": "Point", "coordinates": [80.952288, 26.856389]}, "properties": {"feature_type": "node", "node_id": 475, "degree": 2, "type": "intersection", "betweenness": 0.0, "is_critical": false, "is_articulation": false}}, {"type": "Feature", "geometry": {"type": "Point", "coordinates": [80.952248, 26.856334]}, "properties": {"feature_type": "node", "node_id": 476, "degree": 2, "type": "intersection", "betweenness": 0.0, "is_critical": false, "is_articulation": false}}, {"type": "Feature", "geometry": {"type": "Point", "coordinates": [80.952208, 26.85628]}, "properties": {"feature_type": "node", "node_id": 477, "degree": 2, "type": "intersection", "betweenness": 0.0, "is_critical": false, "is_articulation": false}}, {"type": "Feature", "geometry": {"type": "Point", "coordinates": [80.952167, 26.856226]}, "properties": {"feature_type": "node", "node_id": 478, "degree": 2, "type": "intersection", "betweenness": 0.0, "is_critical": false, "is_articulation": false}}, {"type": "Feature", "geometry": {"type": "Point", "coordinates": [80.952127, 26.856172]}, "properties": {"feature_type": "node", "node_id": 479, "degree": 2, "type": "intersection", "betweenness": 0.0, "is_critical": false, "is_articulation": false}}, {"type": "Feature", "geometry": {"type": "Point", "coordinates": [80.941622, 26.852879]}, "properties": {"feature_type": "node", "node_id": 480, "degree": 2, "type": "intersection", "betweenness": 0.0, "is_critical": false, "is_articulation": false}}, {"type": "Feature", "geometry": {"type": "Point", "coordinates": [80.939144, 26.851887]}, "properties": {"feature_type": "node", "node_id": 481, "degree": 2, "type": "intersection", "betweenness": 0.0, "is_critical": false, "is_articulation": false}}, {"type": "Feature", "geometry": {"type": "Point", "coordinates": [80.943688, 26.848447]}, "properties": {"feature_type": "node", "node_id": 482, "degree": 2, "type": "intersection", "betweenness": 0.0, "is_critical": false, "is_articulation": false}}, {"type": "Feature", "geometry": {"type": "Point", "coordinates": [80.936409, 26.847173]}, "properties": {"feature_type": "node", "node_id": 483, "degree": 2, "type": "intersection", "betweenness": 0.0, "is_critical": false, "is_articulation": false}}, {"type": "Feature", "geometry": {"type": "Point", "coordinates": [80.936147, 26.847155]}, "properties": {"feature_type": "node", "node_id": 484, "degree": 2, "type": "intersection", "betweenness": 0.0, "is_critical": false, "is_articulation": false}}, {"type": "Feature", "geometry": {"type": "Point", "coordinates": [80.94575, 26.84622]}, "properties": {"feature_type": "node", "node_id": 485, "degree": 2, "type": "intersection", "betweenness": 0.0, "is_critical": false, "is_articulation": false}}, {"type": "Feature", "geometry": {"type": "LineString", "coordinates": [[80.93787, 26.861475], [80.93781, 26.861457], [80.937629, 26.861132], [80.937629, 26.861078]]}, "properties": {"feature_type": "edge", "u": 0, "v": 8, "edge_key": 0, "length_m": 56.284, "is_bridged": false, "is_bridge": true, "edge_betweenness": 0.0, "width_m": 8.513}}, {"type": "Feature", "geometry": {"type": "LineString", "coordinates": [[80.937971, 26.861475], [80.937931, 26.861439], [80.937709, 26.861024]]}, "properties": {"feature_type": "edge", "u": 1, "v": 10, "edge_key": 0, "length_m": 60.266, "is_bridged": false, "is_bridge": true, "edge_betweenness": 0.0, "width_m": 8.798}}, {"type": "Feature", "geometry": {"type": "LineString", "coordinates": [[80.94236, 26.861477], [80.942058, 26.861459], [80.942038, 26.861441], [80.941917, 26.861441], [80.941897, 26.861423], [80.941776, 26.861423], [80.941756, 26.861405], [80.941635, 26.861405], [80.941615, 26.861387], [80.941494, 26.861387], [80.941474, 26.861368], [80.941353, 26.861368], [80.941333, 26.86135], [80.940528, 26.86126], [80.940166, 26.861169], [80.939823, 26.861043], [80.939703, 26.861025]]}, "properties": {"feature_type": "edge", "u": 2, "v": 11, "edge_key": 0, "length_m": 284.354, "is_bridged": false, "is_bridge": true, "edge_betweenness": 0.0, "width_m": 8.108}}, {"type": "Feature", "geometry": {"type": "LineString", "coordinates": [[80.955024, 26.861464], [80.95446, 26.861337], [80.95432, 26.861283], [80.953977, 26.861211], [80.953836, 26.861156], [80.953776, 26.861156], [80.95285, 26.860903]]}, "properties": {"feature_type": "edge", "u": 3, "v": 13, "edge_key": 0, "length_m": 241.325, "is_bridged": false, "is_bridge": true, "edge_betweenness": 0.0, "width_m": 8.376}}, {"type": "Feature", "geometry": {"type": "LineString", "coordinates": [[80.934991, 26.861366], [80.934951, 26.861257]]}, "properties": {"feature_type": "edge", "u": 4, "v": 6, "edge_key": 0, "length_m": 13.657, "is_bridged": false, "is_bridge": true, "edge_betweenness": 0.0, "width_m": 8.27}}, {"type": "Feature", "geometry": {"type": "LineString", "coordinates": [[80.939964, 26.86126], [80.939984, 26.86126]]}, "properties": {"feature_type": "edge", "u": 5, "v": 473, "edge_key": 0, "length_m": 2.0, "is_bridged": false, "is_bridge": false, "edge_betweenness": 0.0, "width_m": 9.734}}, {"type": "Feature", "geometry": {"type": "LineString", "coordinates": [[80.939984, 26.86126], [80.939964, 26.86126]]}, "properties": {"feature_type": "edge", "u": 5, "v": 473, "edge_key": 1, "length_m": 2.0, "is_bridged": false, "is_bridge": false, "edge_betweenness": 0.0, "width_m": 9.734}}, {"type": "Feature", "geometry": {"type": "LineString", "coordinates": [[80.939964, 26.86126], [80.939703, 26.861151], [80.939683, 26.861115]]}, "properties": {"feature_type": "edge", "u": 5, "v": 7, "edge_key": 0, "length_m": 35.443, "is_bridged": false, "is_bridge": false, "edge_betweenness": 0.0, "width_m": 8.913}}, {"type": "Feature", "geometry": {"type": "LineString", "coordinates": [[80.939964, 26.86126], [80.939964, 26.861332], [80.939944, 26.86135], [80.939501, 26.861404], [80.939461, 26.861368], [80.93938, 26.861151], [80.939381, 26.861061], [80.939521, 26.861079], [80.939602, 26.861115], [80.939683, 26.861115]]}, "properties": {"feature_type": "edge", "u": 5, "v": 7, "edge_key": 1, "length_m": 132.77, "is_bridged": false, "is_bridge": false, "edge_betweenness": 0.0, "width_m": 8.617}}, {"type": "Feature", "geometry": {"type": "LineString", "coordinates": [[80.939683, 26.861115], [80.939703, 26.861025]]}, "properties": {"feature_type": "edge", "u": 7, "v": 11, "edge_key": 0, "length_m": 10.472, "is_bridged": false, "is_bridge": true, "edge_betweenness": 0.0, "width_m": 9.537}}, {"type": "Feature", "geometry": {"type": "LineString", "coordinates": [[80.937629, 26.861078], [80.937569, 26.861042], [80.937528, 26.860951], [80.936965, 26.860121], [80.936824, 26.859958]]}, "properties": {"feature_type": "edge", "u": 8, "v": 27, "edge_key": 0, "length_m": 157.952, "is_bridged": false, "is_bridge": false, "edge_betweenness": 0.0, "width_m": 8.951}}, {"type": "Feature", "geometry": {"type": "LineString", "coordinates": [[80.937629, 26.861078], [80.937689, 26.86106], [80.937709, 26.861024]]}, "properties": {"feature_type": "edge", "u": 8, "v": 10, "edge_key": 0, "length_m": 11.301, "is_bridged": false, "is_bridge": false, "edge_betweenness": 0.0, "width_m": 9.652}}, {"type": "Feature", "geometry": {"type": "LineString", "coordinates": [[80.937709, 26.861024], [80.93785, 26.861006], [80.938455, 26.860789], [80.938676, 26.860681], [80.938716, 26.860627]]}, "properties": {"feature_type": "edge", "u": 10, "v": 20, "edge_key": 0, "length_m": 119.041, "is_bridged": false, "is_bridge": false, "edge_betweenness": 0.0, "width_m": 8.742}}, {"type": "Feature", "geometry": {"type": "LineString", "coordinates": [[80.937709, 26.861024], [80.937046, 26.859994], [80.937005, 26.859922], [80.937005, 26.859868]]}, "properties": {"feature_type": "edge", "u": 10, "v": 28, "edge_key": 0, "length_m": 156.995, "is_bridged": false, "is_bridge": false, "edge_betweenness": 0.0, "width_m": 8.948}}, {"type": "Feature", "geometry": {"type": "LineString", "coordinates": [[80.939703, 26.861025], [80.939662, 26.860989], [80.939522, 26.860952], [80.938877, 26.860663], [80.938716, 26.860627]]}, "properties": {"feature_type": "edge", "u": 11, "v": 20, "edge_key": 0, "length_m": 115.869, "is_bridged": false, "is_bridge": true, "edge_betweenness": 0.0, "width_m": 8.674}}, {"type": "Feature", "geometry": {"type": "LineString", "coordinates": [[80.95285, 26.860903], [80.95279, 26.860885]]}, "properties": {"feature_type": "edge", "u": 13, "v": 14, "edge_key": 0, "length_m": 6.828, "is_bridged": false, "is_bridge": false, "edge_betweenness": 0.0, "width_m": 8.63}}, {"type": "Feature", "geometry": {"type": "LineString", "coordinates": [[80.95285, 26.860903], [80.95287, 26.860831]]}, "properties": {"feature_type": "edge", "u": 13, "v": 16, "edge_key": 0, "length_m": 8.472, "is_bridged": false, "is_bridge": false, "edge_betweenness": 0.0, "width_m": 6.2}}, {"type": "Feature", "geometry": {"type": "LineString", "coordinates": [[80.95279, 26.860885], [80.952709, 26.860867], [80.952669, 26.860813]]}, "properties": {"feature_type": "edge", "u": 14, "v": 15, "edge_key": 0, "length_m": 16.04, "is_bridged": false, "is_bridge": false, "edge_betweenness": 0.0, "width_m": 6.778}}, {"type": "Feature", "geometry": {"type": "LineString", "coordinates": [[80.95279, 26.860885], [80.95279, 26.860813]]}, "properties": {"feature_type": "edge", "u": 14, "v": 17, "edge_key": 0, "length_m": 8.0, "is_bridged": false, "is_bridge": false, "edge_betweenness": 0.0, "width_m": 6.2}}, {"type": "Feature", "geometry": {"type": "LineString", "coordinates": [[80.952669, 26.860813], [80.952729, 26.860795], [80.95279, 26.860813]]}, "properties": {"feature_type": "edge", "u": 15, "v": 17, "edge_key": 0, "length_m": 13.153, "is_bridged": false, "is_bridge": false, "edge_betweenness": 0.0, "width_m": 5.931}}, {"type": "Feature", "geometry": {"type": "LineString", "coordinates": [[80.952669, 26.860813], [80.952266, 26.860722], [80.952186, 26.860722], [80.952004, 26.860668], [80.951924, 26.860668], [80.951541, 26.86056], [80.951461, 26.86056], [80.948542, 26.859891], [80.948461, 26.85989], [80.948441, 26.859872], [80.948361, 26.859872], [80.948341, 26.859854], [80.94826, 26.859854], [80.94824, 26.859836], [80.948159, 26.859836], [80.947636, 26.859728], [80.947535, 26.859728], [80.947213, 26.859655], [80.947112, 26.859655], [80.947092, 26.859637], [80.946992, 26.859637], [80.946972, 26.859619], [80.946871, 26.859619], [80.946609, 26.859565], [80.946488, 26.859565], [80.946468, 26.859547], [80.946347, 26.859547], [80.946327, 26.859529], [80.946186, 26.859528], [80.946166, 26.85951], [80.946045, 26.85951], [80.946025, 26.859492], [80.945905, 26.859492], [80.945743, 26.859456], [80.945603, 26.859456], [80.945582, 26.859438], [80.945462, 26.859438], [80.945301, 26.859402], [80.944737, 26.859347], [80.944717, 26.859329], [80.944576, 26.859329], [80.944556, 26.859311], [80.944415, 26.859311], [80.944395, 26.859293], [80.944254, 26.859293], [80.944234, 26.859275], [80.944093, 26.859275], [80.944073, 26.859257], [80.943932, 26.859257], [80.943911, 26.859239], [80.943771, 26.859239], [80.94375, 26.859221], [80.943609, 26.859221], [80.943589, 26.859202], [80.943448, 26.859202], [80.943428, 26.859184], [80.943287, 26.859184], [80.943267, 26.859166], [80.943126, 26.859166], [80.943106, 26.859148], [80.942965, 26.859148], [80.942945, 26.85913], [80.942804, 26.85913], [80.942784, 26.859112], [80.942402, 26.859076], [80.942281, 26.858985], [80.942261, 26.858913], [80.942241, 26.858118], [80.942221, 26.8581], [80.942221, 26.857504], [80.942201, 26.857486], [80.942201, 26.856963]]}, "properties": {"feature_type": "edge", "u": 15, "v": 68, "edge_key": 0, "length_m": 1342.481, "is_bridged": false, "is_bridge": false, "edge_betweenness": 0.0, "width_m": 8.813}}, {"type": "Feature", "geometry": {"type": "LineString", "coordinates": [[80.95287, 26.860831], [80.95279, 26.860813]]}, "properties": {"feature_type": "edge", "u": 16, "v": 17, "edge_key": 0, "length_m": 8.828, "is_bridged": false, "is_bridge": false, "edge_betweenness": 0.0, "width_m": 6.828}}, {"type": "Feature", "geometry": {"type": "LineString", "coordinates": [[80.95287, 26.860831], [80.952991, 26.860831], [80.953011, 26.860849], [80.953313, 26.860885], [80.953434, 26.860921], [80.953534, 26.860922], [80.953555, 26.86094], [80.953877, 26.86094], [80.954038, 26.860904], [80.954219, 26.860795], [80.954702, 26.860434]]}, "properties": {"feature_type": "edge", "u": 16, "v": 23, "edge_key": 0, "length_m": 210.167, "is_bridged": false, "is_bridge": false, "edge_betweenness": 0.0, "width_m": 8.547}}, {"type": "Feature", "geometry": {"type": "LineString", "coordinates": [[80.955065, 26.860723], [80.954984, 26.860579], [80.954823, 26.860471], [80.954702, 26.860434]]}, "properties": {"feature_type": "edge", "u": 18, "v": 23, "edge_key": 0, "length_m": 53.941, "is_bridged": false, "is_bridge": true, "edge_betweenness": 0.0, "width_m": 14.067}}, {"type": "Feature", "geometry": {"type": "LineString", "coordinates": [[80.936824, 26.859958], [80.936623, 26.859958], [80.936603, 26.85994], [80.936462, 26.85994], [80.936442, 26.859922], [80.936301, 26.859922], [80.936281, 26.859904], [80.935979, 26.859922], [80.935475, 26.860174], [80.935354, 26.8603], [80.934992, 26.860571], [80.934931, 26.860697]]}, "properties": {"feature_type": "edge", "u": 19, "v": 27, "edge_key": 0, "length_m": 232.348, "is_bridged": false, "is_bridge": true, "edge_betweenness": 0.0, "width_m": 9.188}}, {"type": "Feature", "geometry": {"type": "LineString", "coordinates": [[80.938716, 26.860627], [80.938676, 26.860573], [80.938575, 26.860537], [80.938193, 26.86032], [80.937388, 26.85994], [80.937146, 26.859868], [80.937005, 26.859868]]}, "properties": {"feature_type": "edge", "u": 20, "v": 28, "edge_key": 0, "length_m": 205.609, "is_bridged": false, "is_bridge": false, "edge_betweenness": 0.0, "width_m": 8.758}}, {"type": "Feature", "geometry": {"type": "LineString", "coordinates": [[80.954702, 26.860434], [80.954702, 26.860398], [80.954401, 26.860109], [80.95426, 26.859929], [80.953898, 26.859278], [80.953898, 26.859242], [80.953716, 26.858935], [80.952932, 26.857418]]}, "properties": {"feature_type": "edge", "u": 23, "v": 32, "edge_key": 0, "length_m": 389.887, "is_bridged": false, "is_bridge": false, "edge_betweenness": 0.0, "width_m": 16.744}}, {"type": "Feature", "geometry": {"type": "LineString", "coordinates": [[80.934931, 26.860409], [80.935234, 26.860138], [80.935536, 26.859939], [80.935918, 26.859741], [80.936079, 26.859687], [80.936462, 26.859687], [80.936482, 26.859705], [80.936724, 26.859723]]}, "properties": {"feature_type": "edge", "u": 24, "v": 29, "edge_key": 0, "length_m": 213.966, "is_bridged": false, "is_bridge": true, "edge_betweenness": 0.0, "width_m": 8.499}}, {"type": "Feature", "geometry": {"type": "LineString", "coordinates": [[80.955025, 26.860037], [80.954884, 26.860073], [80.954823, 26.860055], [80.954743, 26.85955], [80.954723, 26.859531], [80.954723, 26.859369]]}, "properties": {"feature_type": "edge", "u": 26, "v": 30, "edge_key": 0, "length_m": 102.627, "is_bridged": false, "is_bridge": true, "edge_betweenness": 0.0, "width_m": 8.3}}, {"type": "Feature", "geometry": {"type": "LineString", "coordinates": [[80.936824, 26.859958], [80.936804, 26.859868], [80.936724, 26.859723]]}, "properties": {"feature_type": "edge", "u": 27, "v": 29, "edge_key": 0, "length_m": 29.786, "is_bridged": false, "is_bridge": false, "edge_betweenness": 0.0, "width_m": 8.889}}, {"type": "Feature", "geometry": {"type": "LineString", "coordinates": [[80.937005, 26.859868], [80.936945, 26.859832], [80.936865, 26.859705], [80.936865, 26.859579], [80.936905, 26.859489], [80.936966, 26.859145], [80.937006, 26.859055], [80.937026, 26.858857]]}, "properties": {"feature_type": "edge", "u": 28, "v": 33, "edge_key": 0, "length_m": 125.242, "is_bridged": false, "is_bridge": false, "edge_betweenness": 0.0, "width_m": 8.401}}, {"type": "Feature", "geometry": {"type": "LineString", "coordinates": [[80.936724, 26.859723], [80.936804, 26.859434], [80.936825, 26.859272], [80.936865, 26.859182], [80.936865, 26.859109], [80.936905, 26.859019], [80.936925, 26.858857], [80.936946, 26.858838]]}, "properties": {"feature_type": "edge", "u": 29, "v": 34, "edge_key": 0, "length_m": 107.113, "is_bridged": false, "is_bridge": false, "edge_betweenness": 0.0, "width_m": 8.289}}, {"type": "Feature", "geometry": {"type": "LineString", "coordinates": [[80.954723, 26.859369], [80.955025, 26.859333], [80.955065, 26.859297]]}, "properties": {"feature_type": "edge", "u": 30, "v": 31, "edge_key": 0, "length_m": 37.314, "is_bridged": false, "is_bridge": true, "edge_betweenness": 0.0, "width_m": 8.362}}, {"type": "Feature", "geometry": {"type": "LineString", "coordinates": [[80.954723, 26.859369], [80.954683, 26.859315], [80.954582, 26.858665], [80.954522, 26.858466], [80.954522, 26.85834]]}, "properties": {"feature_type": "edge", "u": 30, "v": 47, "edge_key": 0, "length_m": 121.928, "is_bridged": false, "is_bridge": true, "edge_betweenness": 0.0, "width_m": 8.333}}, {"type": "Feature", "geometry": {"type": "LineString", "coordinates": [[80.952932, 26.857418], [80.953576, 26.858538], [80.953697, 26.85852], [80.953958, 26.85843], [80.954522, 26.85834]]}, "properties": {"feature_type": "edge", "u": 32, "v": 47, "edge_key": 0, "length_m": 242.299, "is_bridged": false, "is_bridge": false, "edge_betweenness": 0.0, "width_m": 8.619}}, {"type": "Feature", "geometry": {"type": "LineString", "coordinates": [[80.952932, 26.857418], [80.952751, 26.856822], [80.952952, 26.85675], [80.953456, 26.856642], [80.953536, 26.856606], [80.953637, 26.856606], [80.953657, 26.856588], [80.953758, 26.856588], [80.953778, 26.85657], [80.953878, 26.85657], [80.953899, 26.856552], [80.95416, 26.856516]]}, "properties": {"feature_type": "edge", "u": 32, "v": 83, "edge_key": 0, "length_m": 222.137, "is_bridged": false, "is_bridge": false, "edge_betweenness": 0.0, "width_m": 8.426}}, {"type": "Feature", "geometry": {"type": "LineString", "coordinates": [[80.952932, 26.857418], [80.952328, 26.856443]]}, "properties": {"feature_type": "edge", "u": 32, "v": 474, "edge_key": 0, "length_m": 123.548, "is_bridged": false, "is_bridge": false, "edge_betweenness": 0.0, "width_m": 10.524}}, {"type": "Feature", "geometry": {"type": "LineString", "coordinates": [[80.952328, 26.856443], [80.952932, 26.857418]]}, "properties": {"feature_type": "edge", "u": 32, "v": 474, "edge_key": 1, "length_m": 123.548, "is_bridged": false, "is_bridge": false, "edge_betweenness": 0.0, "width_m": 10.524}}, {"type": "Feature", "geometry": {"type": "LineString", "coordinates": [[80.952932, 26.857418], [80.952288, 26.856389]]}, "properties": {"feature_type": "edge", "u": 32, "v": 475, "edge_key": 0, "length_m": 130.736, "is_bridged": false, "is_bridge": false, "edge_betweenness": 0.0, "width_m": 10.524}}, {"type": "Feature", "geometry": {"type": "LineString", "coordinates": [[80.952288, 26.856389], [80.952932, 26.857418]]}, "properties": {"feature_type": "edge", "u": 32, "v": 475, "edge_key": 1, "length_m": 130.736, "is_bridged": false, "is_bridge": false, "edge_betweenness": 0.0, "width_m": 10.524}}, {"type": "Feature", "geometry": {"type": "LineString", "coordinates": [[80.952932, 26.857418], [80.952248, 26.856334]]}, "properties": {"feature_type": "edge", "u": 32, "v": 476, "edge_key": 0, "length_m": 137.928, "is_bridged": false, "is_bridge": false, "edge_betweenness": 0.0, "width_m": 10.524}}, {"type": "Feature", "geometry": {"type": "LineString", "coordinates": [[80.952248, 26.856334], [80.952932, 26.857418]]}, "properties": {"feature_type": "edge", "u": 32, "v": 476, "edge_key": 1, "length_m": 137.928, "is_bridged": false, "is_bridge": false, "edge_betweenness": 0.0, "width_m": 10.524}}, {"type": "Feature", "geometry": {"type": "LineString", "coordinates": [[80.952932, 26.857418], [80.952208, 26.85628]]}, "properties": {"feature_type": "edge", "u": 32, "v": 477, "edge_key": 0, "length_m": 145.121, "is_bridged": false, "is_bridge": false, "edge_betweenness": 0.0, "width_m": 10.524}}, {"type": "Feature", "geometry": {"type": "LineString", "coordinates": [[80.952208, 26.85628], [80.952932, 26.857418]]}, "properties": {"feature_type": "edge", "u": 32, "v": 477, "edge_key": 1, "length_m": 145.121, "is_bridged": false, "is_bridge": false, "edge_betweenness": 0.0, "width_m": 10.524}}, {"type": "Feature", "geometry": {"type": "LineString", "coordinates": [[80.952932, 26.857418], [80.952167, 26.856226]]}, "properties": {"feature_type": "edge", "u": 32, "v": 478, "edge_key": 0, "length_m": 152.315, "is_bridged": false, "is_bridge": false, "edge_betweenness": 0.0, "width_m": 10.524}}, {"type": "Feature", "geometry": {"type": "LineString", "coordinates": [[80.952167, 26.856226], [80.952932, 26.857418]]}, "properties": {"feature_type": "edge", "u": 32, "v": 478, "edge_key": 1, "length_m": 152.315, "is_bridged": false, "is_bridge": false, "edge_betweenness": 0.0, "width_m": 10.524}}, {"type": "Feature", "geometry": {"type": "LineString", "coordinates": [[80.952932, 26.857418], [80.952127, 26.856172]]}, "properties": {"feature_type": "edge", "u": 32, "v": 479, "edge_key": 0, "length_m": 159.512, "is_bridged": false, "is_bridge": false, "edge_betweenness": 0.0, "width_m": 10.524}}, {"type": "Feature", "geometry": {"type": "LineString", "coordinates": [[80.952127, 26.856172], [80.952932, 26.857418]]}, "properties": {"feature_type": "edge", "u": 32, "v": 479, "edge_key": 1, "length_m": 159.512, "is_bridged": false, "is_bridge": false, "edge_betweenness": 0.0, "width_m": 10.524}}, {"type": "Feature", "geometry": {"type": "LineString", "coordinates": [[80.952932, 26.857418], [80.951966, 26.855955]]}, "properties": {"feature_type": "edge", "u": 32, "v": 87, "edge_key": 0, "length_m": 188.406, "is_bridged": false, "is_bridge": false, "edge_betweenness": 0.0, "width_m": 9.537}}, {"type": "Feature", "geometry": {"type": "LineString", "coordinates": [[80.952932, 26.857418], [80.952167, 26.856064], [80.952127, 26.856027]]}, "properties": {"feature_type": "edge", "u": 32, "v": 88, "edge_key": 0, "length_m": 173.812, "is_bridged": false, "is_bridge": false, "edge_betweenness": 0.0, "width_m": 9.301}}, {"type": "Feature", "geometry": {"type": "LineString", "coordinates": [[80.937026, 26.858857], [80.936946, 26.858838]]}, "properties": {"feature_type": "edge", "u": 33, "v": 34, "edge_key": 0, "length_m": 8.472, "is_bridged": false, "is_bridge": false, "edge_betweenness": 0.0, "width_m": 6.2}}, {"type": "Feature", "geometry": {"type": "LineString", "coordinates": [[80.937026, 26.858857], [80.937046, 26.858839], [80.937046, 26.858766]]}, "properties": {"feature_type": "edge", "u": 33, "v": 35, "edge_key": 0, "length_m": 10.828, "is_bridged": false, "is_bridge": false, "edge_betweenness": 0.0, "width_m": 7.063}}, {"type": "Feature", "geometry": {"type": "LineString", "coordinates": [[80.936946, 26.858838], [80.936966, 26.858748]]}, "properties": {"feature_type": "edge", "u": 34, "v": 36, "edge_key": 0, "length_m": 10.472, "is_bridged": false, "is_bridge": false, "edge_betweenness": 0.0, "width_m": 8.472}}, {"type": "Feature", "geometry": {"type": "LineString", "coordinates": [[80.937046, 26.858766], [80.936966, 26.858748]]}, "properties": {"feature_type": "edge", "u": 35, "v": 36, "edge_key": 0, "length_m": 8.472, "is_bridged": false, "is_bridge": false, "edge_betweenness": 0.0, "width_m": 6.2}}, {"type": "Feature", "geometry": {"type": "LineString", "coordinates": [[80.937046, 26.858766], [80.937066, 26.858748], [80.937067, 26.858676]]}, "properties": {"feature_type": "edge", "u": 35, "v": 37, "edge_key": 0, "length_m": 10.828, "is_bridged": false, "is_bridge": false, "edge_betweenness": 0.0, "width_m": 7.063}}, {"type": "Feature", "geometry": {"type": "LineString", "coordinates": [[80.936966, 26.858748], [80.936986, 26.858658]]}, "properties": {"feature_type": "edge", "u": 36, "v": 38, "edge_key": 0, "length_m": 10.472, "is_bridged": false, "is_bridge": false, "edge_betweenness": 0.0, "width_m": 8.472}}, {"type": "Feature", "geometry": {"type": "LineString", "coordinates": [[80.937067, 26.858676], [80.936986, 26.858658]]}, "properties": {"feature_type": "edge", "u": 37, "v": 38, "edge_key": 0, "length_m": 8.472, "is_bridged": false, "is_bridge": false, "edge_betweenness": 0.0, "width_m": 6.2}}, {"type": "Feature", "geometry": {"type": "LineString", "coordinates": [[80.937067, 26.858676], [80.937087, 26.858604]]}, "properties": {"feature_type": "edge", "u": 37, "v": 39, "edge_key": 0, "length_m": 8.828, "is_bridged": false, "is_bridge": false, "edge_betweenness": 0.0, "width_m": 6.828}}, {"type": "Feature", "geometry": {"type": "LineString", "coordinates": [[80.936986, 26.858658], [80.937006, 26.858586]]}, "properties": {"feature_type": "edge", "u": 38, "v": 40, "edge_key": 0, "length_m": 8.828, "is_bridged": false, "is_bridge": false, "edge_betweenness": 0.0, "width_m": 8.472}}, {"type": "Feature", "geometry": {"type": "LineString", "coordinates": [[80.937087, 26.858604], [80.937006, 26.858586]]}, "properties": {"feature_type": "edge", "u": 39, "v": 40, "edge_key": 0, "length_m": 8.472, "is_bridged": false, "is_bridge": false, "edge_betweenness": 0.0, "width_m": 6.2}}, {"type": "Feature", "geometry": {"type": "LineString", "coordinates": [[80.937087, 26.858604], [80.937107, 26.858586], [80.937107, 26.858514]]}, "properties": {"feature_type": "edge", "u": 39, "v": 41, "edge_key": 0, "length_m": 10.828, "is_bridged": false, "is_bridge": false, "edge_betweenness": 0.0, "width_m": 7.063}}, {"type": "Feature", "geometry": {"type": "LineString", "coordinates": [[80.937006, 26.858586], [80.937026, 26.858495]]}, "properties": {"feature_type": "edge", "u": 40, "v": 42, "edge_key": 0, "length_m": 10.472, "is_bridged": false, "is_bridge": false, "edge_betweenness": 0.0, "width_m": 8.472}}, {"type": "Feature", "geometry": {"type": "LineString", "coordinates": [[80.937107, 26.858514], [80.937026, 26.858495]]}, "properties": {"feature_type": "edge", "u": 41, "v": 42, "edge_key": 0, "length_m": 8.472, "is_bridged": false, "is_bridge": false, "edge_betweenness": 0.0, "width_m": 6.2}}, {"type": "Feature", "geometry": {"type": "LineString", "coordinates": [[80.937107, 26.858514], [80.937127, 26.858495], [80.937127, 26.858423]]}, "properties": {"feature_type": "edge", "u": 41, "v": 43, "edge_key": 0, "length_m": 10.828, "is_bridged": false, "is_bridge": false, "edge_betweenness": 0.0, "width_m": 7.063}}, {"type": "Feature", "geometry": {"type": "LineString", "coordinates": [[80.937026, 26.858495], [80.937047, 26.858423]]}, "properties": {"feature_type": "edge", "u": 42, "v": 44, "edge_key": 0, "length_m": 8.828, "is_bridged": false, "is_bridge": false, "edge_betweenness": 0.0, "width_m": 8.472}}, {"type": "Feature", "geometry": {"type": "LineString", "coordinates": [[80.937127, 26.858423], [80.937047, 26.858423]]}, "properties": {"feature_type": "edge", "u": 43, "v": 44, "edge_key": 0, "length_m": 8.0, "is_bridged": false, "is_bridge": false, "edge_betweenness": 0.0, "width_m": 6.2}}, {"type": "Feature", "geometry": {"type": "LineString", "coordinates": [[80.937127, 26.858423], [80.937147, 26.858405], [80.937147, 26.858333]]}, "properties": {"feature_type": "edge", "u": 43, "v": 46, "edge_key": 0, "length_m": 10.828, "is_bridged": false, "is_bridge": false, "edge_betweenness": 0.0, "width_m": 7.063}}, {"type": "Feature", "geometry": {"type": "LineString", "coordinates": [[80.937047, 26.858423], [80.937067, 26.858333]]}, "properties": {"feature_type": "edge", "u": 44, "v": 45, "edge_key": 0, "length_m": 10.472, "is_bridged": false, "is_bridge": false, "edge_betweenness": 0.0, "width_m": 8.472}}, {"type": "Feature", "geometry": {"type": "LineString", "coordinates": [[80.937067, 26.858333], [80.937147, 26.858333]]}, "properties": {"feature_type": "edge", "u": 45, "v": 46, "edge_key": 0, "length_m": 8.0, "is_bridged": false, "is_bridge": false, "edge_betweenness": 0.0, "width_m": 6.2}}, {"type": "Feature", "geometry": {"type": "LineString", "coordinates": [[80.937067, 26.858333], [80.937087, 26.858243]]}, "properties": {"feature_type": "edge", "u": 45, "v": 48, "edge_key": 0, "length_m": 10.472, "is_bridged": false, "is_bridge": false, "edge_betweenness": 0.0, "width_m": 8.472}}, {"type": "Feature", "geometry": {"type": "LineString", "coordinates": [[80.937147, 26.858333], [80.937167, 26.858315], [80.937167, 26.858243]]}, "properties": {"feature_type": "edge", "u": 46, "v": 49, "edge_key": 0, "length_m": 10.828, "is_bridged": false, "is_bridge": false, "edge_betweenness": 0.0, "width_m": 7.063}}, {"type": "Feature", "geometry": {"type": "LineString", "coordinates": [[80.954522, 26.85834], [80.955025, 26.858268]]}, "properties": {"feature_type": "edge", "u": 47, "v": 50, "edge_key": 0, "length_m": 53.314, "is_bridged": false, "is_bridge": true, "edge_betweenness": 0.0, "width_m": 8.321}}, {"type": "Feature", "geometry": {"type": "LineString", "coordinates": [[80.954522, 26.85834], [80.954482, 26.858303], [80.954482, 26.858177], [80.954442, 26.858069], [80.954442, 26.857978], [80.954422, 26.85796], [80.954361, 26.857581], [80.954321, 26.857473], [80.954321, 26.857383], [80.954281, 26.857274], [80.954261, 26.857076], [80.954221, 26.856967], [80.954221, 26.856877], [80.95416, 26.856642], [80.95416, 26.856516]]}, "properties": {"feature_type": "edge", "u": 47, "v": 83, "edge_key": 0, "length_m": 216.912, "is_bridged": false, "is_bridge": false, "edge_betweenness": 0.0, "width_m": 8.265}}, {"type": "Feature", "geometry": {"type": "LineString", "coordinates": [[80.937087, 26.858243], [80.937167, 26.858243]]}, "properties": {"feature_type": "edge", "u": 48, "v": 49, "edge_key": 0, "length_m": 8.0, "is_bridged": false, "is_bridge": false, "edge_betweenness": 0.0, "width_m": 6.2}}, {"type": "Feature", "geometry": {"type": "LineString", "coordinates": [[80.937087, 26.858243], [80.937107, 26.85817]]}, "properties": {"feature_type": "edge", "u": 48, "v": 52, "edge_key": 0, "length_m": 8.828, "is_bridged": false, "is_bridge": false, "edge_betweenness": 0.0, "width_m": 8.472}}, {"type": "Feature", "geometry": {"type": "LineString", "coordinates": [[80.937167, 26.858243], [80.937188, 26.85817]]}, "properties": {"feature_type": "edge", "u": 49, "v": 51, "edge_key": 0, "length_m": 8.828, "is_bridged": false, "is_bridge": false, "edge_betweenness": 0.0, "width_m": 6.828}}, {"type": "Feature", "geometry": {"type": "LineString", "coordinates": [[80.937188, 26.85817], [80.937107, 26.85817]]}, "properties": {"feature_type": "edge", "u": 51, "v": 52, "edge_key": 0, "length_m": 8.0, "is_bridged": false, "is_bridge": false, "edge_betweenness": 0.0, "width_m": 6.2}}, {"type": "Feature", "geometry": {"type": "LineString", "coordinates": [[80.937188, 26.85817], [80.937208, 26.858152], [80.937208, 26.85808]]}, "properties": {"feature_type": "edge", "u": 51, "v": 54, "edge_key": 0, "length_m": 10.828, "is_bridged": false, "is_bridge": false, "edge_betweenness": 0.0, "width_m": 7.063}}, {"type": "Feature", "geometry": {"type": "LineString", "coordinates": [[80.937107, 26.85817], [80.937127, 26.85808]]}, "properties": {"feature_type": "edge", "u": 52, "v": 53, "edge_key": 0, "length_m": 10.472, "is_bridged": false, "is_bridge": false, "edge_betweenness": 0.0, "width_m": 8.472}}, {"type": "Feature", "geometry": {"type": "LineString", "coordinates": [[80.937127, 26.85808], [80.937208, 26.85808]]}, "properties": {"feature_type": "edge", "u": 53, "v": 54, "edge_key": 0, "length_m": 8.0, "is_bridged": false, "is_bridge": false, "edge_betweenness": 0.0, "width_m": 6.2}}, {"type": "Feature", "geometry": {"type": "LineString", "coordinates": [[80.937127, 26.85808], [80.937147, 26.85799]]}, "properties": {"feature_type": "edge", "u": 53, "v": 55, "edge_key": 0, "length_m": 10.472, "is_bridged": false, "is_bridge": false, "edge_betweenness": 0.0, "width_m": 8.472}}, {"type": "Feature", "geometry": {"type": "LineString", "coordinates": [[80.937208, 26.85808], [80.937228, 26.858008]]}, "properties": {"feature_type": "edge", "u": 54, "v": 56, "edge_key": 0, "length_m": 8.828, "is_bridged": false, "is_bridge": false, "edge_betweenness": 0.0, "width_m": 7.72}}, {"type": "Feature", "geometry": {"type": "LineString", "coordinates": [[80.937147, 26.85799], [80.937228, 26.858008]]}, "properties": {"feature_type": "edge", "u": 55, "v": 56, "edge_key": 0, "length_m": 8.828, "is_bridged": false, "is_bridge": false, "edge_betweenness": 0.0, "width_m": 6.886}}, {"type": "Feature", "geometry": {"type": "LineString", "coordinates": [[80.937147, 26.85799], [80.937168, 26.8579]]}, "properties": {"feature_type": "edge", "u": 55, "v": 57, "edge_key": 0, "length_m": 10.828, "is_bridged": false, "is_bridge": false, "edge_betweenness": 0.0, "width_m": 8.236}}, {"type": "Feature", "geometry": {"type": "LineString", "coordinates": [[80.937228, 26.858008], [80.937248, 26.85799], [80.937248, 26.857918]]}, "properties": {"feature_type": "edge", "u": 56, "v": 58, "edge_key": 0, "length_m": 10.828, "is_bridged": false, "is_bridge": false, "edge_betweenness": 0.0, "width_m": 8.472}}, {"type": "Feature", "geometry": {"type": "LineString", "coordinates": [[80.937168, 26.8579], [80.937248, 26.857918]]}, "properties": {"feature_type": "edge", "u": 57, "v": 58, "edge_key": 0, "length_m": 8.828, "is_bridged": false, "is_bridge": false, "edge_betweenness": 0.0, "width_m": 6.65}}, {"type": "Feature", "geometry": {"type": "LineString", "coordinates": [[80.937168, 26.8579], [80.937188, 26.857809]]}, "properties": {"feature_type": "edge", "u": 57, "v": 59, "edge_key": 0, "length_m": 10.828, "is_bridged": false, "is_bridge": false, "edge_betweenness": 0.0, "width_m": 8.0}}, {"type": "Feature", "geometry": {"type": "LineString", "coordinates": [[80.937248, 26.857918], [80.937268, 26.8579], [80.937268, 26.857827]]}, "properties": {"feature_type": "edge", "u": 58, "v": 60, "edge_key": 0, "length_m": 10.828, "is_bridged": false, "is_bridge": false, "edge_betweenness": 0.0, "width_m": 8.472}}, {"type": "Feature", "geometry": {"type": "LineString", "coordinates": [[80.937188, 26.857809], [80.937268, 26.857827]]}, "properties": {"feature_type": "edge", "u": 59, "v": 60, "edge_key": 0, "length_m": 8.828, "is_bridged": false, "is_bridge": false, "edge_betweenness": 0.0, "width_m": 6.65}}, {"type": "Feature", "geometry": {"type": "LineString", "coordinates": [[80.937188, 26.857809], [80.937208, 26.857737]]}, "properties": {"feature_type": "edge", "u": 59, "v": 61, "edge_key": 0, "length_m": 8.472, "is_bridged": false, "is_bridge": false, "edge_betweenness": 0.0, "width_m": 8.315}}, {"type": "Feature", "geometry": {"type": "LineString", "coordinates": [[80.937268, 26.857827], [80.937288, 26.857809], [80.937288, 26.857737]]}, "properties": {"feature_type": "edge", "u": 60, "v": 62, "edge_key": 0, "length_m": 10.828, "is_bridged": false, "is_bridge": false, "edge_betweenness": 0.0, "width_m": 8.567}}, {"type": "Feature", "geometry": {"type": "LineString", "coordinates": [[80.937208, 26.857737], [80.937288, 26.857737]]}, "properties": {"feature_type": "edge", "u": 61, "v": 62, "edge_key": 0, "length_m": 8.0, "is_bridged": false, "is_bridge": false, "edge_betweenness": 0.0, "width_m": 8.63}}, {"type": "Feature", "geometry": {"type": "LineString", "coordinates": [[80.937208, 26.857737], [80.937228, 26.857629], [80.937289, 26.857593]]}, "properties": {"feature_type": "edge", "u": 61, "v": 64, "edge_key": 0, "length_m": 20.129, "is_bridged": false, "is_bridge": false, "edge_betweenness": 0.0, "width_m": 8.15}}, {"type": "Feature", "geometry": {"type": "LineString", "coordinates": [[80.937288, 26.857737], [80.937309, 26.857719], [80.937289, 26.857593]]}, "properties": {"feature_type": "edge", "u": 62, "v": 64, "edge_key": 0, "length_m": 17.301, "is_bridged": false, "is_bridge": false, "edge_betweenness": 0.0, "width_m": 8.268}}, {"type": "Feature", "geometry": {"type": "LineString", "coordinates": [[80.945543, 26.857632], [80.945603, 26.85765], [80.946127, 26.857632], [80.946167, 26.857596], [80.946167, 26.857488], [80.946047, 26.857181], [80.945946, 26.85682]]}, "properties": {"feature_type": "edge", "u": 63, "v": 72, "edge_key": 0, "length_m": 160.426, "is_bridged": false, "is_bridge": true, "edge_betweenness": 0.0, "width_m": 8.309}}, {"type": "Feature", "geometry": {"type": "LineString", "coordinates": [[80.937289, 26.857593], [80.937289, 26.857484]]}, "properties": {"feature_type": "edge", "u": 64, "v": 65, "edge_key": 0, "length_m": 12.0, "is_bridged": false, "is_bridge": true, "edge_betweenness": 0.0, "width_m": 9.162}}, {"type": "Feature", "geometry": {"type": "LineString", "coordinates": [[80.937289, 26.857484], [80.937349, 26.857448], [80.937349, 26.857376], [80.937289, 26.857322]]}, "properties": {"feature_type": "edge", "u": 65, "v": 66, "edge_key": 0, "length_m": 23.786, "is_bridged": false, "is_bridge": false, "edge_betweenness": 0.0, "width_m": 10.043}}, {"type": "Feature", "geometry": {"type": "LineString", "coordinates": [[80.937289, 26.857484], [80.937248, 26.857448], [80.937248, 26.857358], [80.937289, 26.857322]]}, "properties": {"feature_type": "edge", "u": 65, "v": 66, "edge_key": 1, "length_m": 21.314, "is_bridged": false, "is_bridge": false, "edge_betweenness": 0.0, "width_m": 9.85}}, {"type": "Feature", "geometry": {"type": "LineString", "coordinates": [[80.937289, 26.857322], [80.937289, 26.857213], [80.937249, 26.857123], [80.937148, 26.856979], [80.936927, 26.856762], [80.936907, 26.856708]]}, "properties": {"feature_type": "edge", "u": 66, "v": 79, "edge_key": 0, "length_m": 83.74, "is_bridged": false, "is_bridge": true, "edge_betweenness": 0.0, "width_m": 16.519}}, {"type": "Feature", "geometry": {"type": "LineString", "coordinates": [[80.934953, 26.857158], [80.934974, 26.857176], [80.935376, 26.857158], [80.935396, 26.85714], [80.935517, 26.85714], [80.935537, 26.857122], [80.935618, 26.857122], [80.9359, 26.85705], [80.936061, 26.857032], [80.936423, 26.856924], [80.936745, 26.85678], [80.936846, 26.856708]]}, "properties": {"feature_type": "edge", "u": 67, "v": 78, "edge_key": 0, "length_m": 210.368, "is_bridged": false, "is_bridge": true, "edge_betweenness": 0.0, "width_m": 8.514}}, {"type": "Feature", "geometry": {"type": "LineString", "coordinates": [[80.942201, 26.856963], [80.942181, 26.856945], [80.942, 26.856945], [80.94198, 26.856927], [80.941799, 26.856926], [80.941779, 26.856908], [80.941537, 26.85689]]}, "properties": {"feature_type": "edge", "u": 68, "v": 69, "edge_key": 0, "length_m": 69.314, "is_bridged": false, "is_bridge": false, "edge_betweenness": 0.0, "width_m": 8.215}}, {"type": "Feature", "geometry": {"type": "LineString", "coordinates": [[80.942201, 26.856963], [80.943369, 26.857017], [80.943389, 26.857035], [80.943611, 26.857036], [80.943631, 26.857054], [80.944456, 26.857108], [80.944476, 26.85709], [80.944919, 26.857072], [80.945, 26.857036], [80.945725, 26.856874], [80.945825, 26.85682]]}, "properties": {"feature_type": "edge", "u": 68, "v": 73, "edge_key": 0, "length_m": 379.882, "is_bridged": false, "is_bridge": false, "edge_betweenness": 0.0, "width_m": 8.197}}, {"type": "Feature", "geometry": {"type": "LineString", "coordinates": [[80.941537, 26.85689], [80.941376, 26.856872]]}, "properties": {"feature_type": "edge", "u": 69, "v": 71, "edge_key": 0, "length_m": 16.472, "is_bridged": false, "is_bridge": false, "edge_betweenness": 0.0, "width_m": 8.473}}, {"type": "Feature", "geometry": {"type": "LineString", "coordinates": [[80.941537, 26.85689], [80.941537, 26.856782], [80.941457, 26.856728], [80.941356, 26.85671]]}, "properties": {"feature_type": "edge", "u": 69, "v": 77, "edge_key": 0, "length_m": 33.314, "is_bridged": false, "is_bridge": false, "edge_betweenness": 0.0, "width_m": 9.614}}, {"type": "Feature", "geometry": {"type": "LineString", "coordinates": [[80.935839, 26.85687], [80.93598, 26.856689], [80.936021, 26.856418], [80.93588, 26.856129], [80.935679, 26.856003], [80.935618, 26.855985], [80.935498, 26.856093], [80.935075, 26.85658], [80.934994, 26.856562], [80.934954, 26.856508], [80.935014, 26.8564], [80.935578, 26.855714], [80.93576, 26.855551], [80.93576, 26.855515]]}, "properties": {"feature_type": "edge", "u": 70, "v": 97, "edge_key": 0, "length_m": 375.872, "is_bridged": false, "is_bridge": true, "edge_betweenness": 0.0, "width_m": 8.873}}, {"type": "Feature", "geometry": {"type": "LineString", "coordinates": [[80.941376, 26.856872], [80.941235, 26.856872], [80.941215, 26.856854], [80.940933, 26.856836], [80.940772, 26.8568], [80.94047, 26.856781], [80.94045, 26.856763], [80.940168, 26.856745], [80.940148, 26.856727], [80.940027, 26.856727], [80.939866, 26.856691], [80.939725, 26.856691], [80.939564, 26.856655], [80.93898, 26.8566], [80.93888, 26.856564], [80.938517, 26.856546], [80.938497, 26.856528], [80.938195, 26.85651], [80.938175, 26.856492], [80.937672, 26.856491], [80.937551, 26.856527], [80.93745, 26.856527], [80.937068, 26.856617], [80.936967, 26.856654], [80.936907, 26.856708]]}, "properties": {"feature_type": "edge", "u": 71, "v": 79, "edge_key": 0, "length_m": 471.338, "is_bridged": false, "is_bridge": false, "edge_betweenness": 0.0, "width_m": 8.222}}, {"type": "Feature", "geometry": {"type": "LineString", "coordinates": [[80.941376, 26.856872], [80.941376, 26.856746], [80.941356, 26.85671]]}, "properties": {"feature_type": "edge", "u": 71, "v": 77, "edge_key": 0, "length_m": 18.472, "is_bridged": false, "is_bridge": false, "edge_betweenness": 0.0, "width_m": 10.008}}, {"type": "Feature", "geometry": {"type": "LineString", "coordinates": [[80.945946, 26.85682], [80.945825, 26.85682]]}, "properties": {"feature_type": "edge", "u": 72, "v": 73, "edge_key": 0, "length_m": 12.0, "is_bridged": false, "is_bridge": false, "edge_betweenness": 0.0, "width_m": 9.97}}, {"type": "Feature", "geometry": {"type": "LineString", "coordinates": [[80.945946, 26.85682], [80.945886, 26.856748]]}, "properties": {"feature_type": "edge", "u": 72, "v": 76, "edge_key": 0, "length_m": 10.485, "is_bridged": false, "is_bridge": false, "edge_betweenness": 0.0, "width_m": 8.576}}, {"type": "Feature", "geometry": {"type": "LineString", "coordinates": [[80.945946, 26.85682], [80.946107, 26.856766], [80.946611, 26.856657], [80.946691, 26.856621], [80.947275, 26.856495], [80.947919, 26.856315], [80.94798, 26.856315], [80.94802, 26.856279]]}, "properties": {"feature_type": "edge", "u": 72, "v": 86, "edge_key": 0, "length_m": 230.497, "is_bridged": false, "is_bridge": false, "edge_betweenness": 0.0, "width_m": 8.476}}, {"type": "Feature", "geometry": {"type": "LineString", "coordinates": [[80.945825, 26.85682], [80.945805, 26.856747]]}, "properties": {"feature_type": "edge", "u": 73, "v": 75, "edge_key": 0, "length_m": 8.828, "is_bridged": false, "is_bridge": false, "edge_betweenness": 0.0, "width_m": 9.064}}, {"type": "Feature", "geometry": {"type": "LineString", "coordinates": [[80.942302, 26.856764], [80.94341, 26.855771], [80.943631, 26.855717], [80.943853, 26.855699]]}, "properties": {"feature_type": "edge", "u": 74, "v": 95, "edge_key": 0, "length_m": 202.877, "is_bridged": false, "is_bridge": true, "edge_betweenness": 0.0, "width_m": 9.222}}, {"type": "Feature", "geometry": {"type": "LineString", "coordinates": [[80.945805, 26.856747], [80.945785, 26.856693]]}, "properties": {"feature_type": "edge", "u": 75, "v": 80, "edge_key": 0, "length_m": 6.828, "is_bridged": false, "is_bridge": false, "edge_betweenness": 0.0, "width_m": 8.63}}, {"type": "Feature", "geometry": {"type": "LineString", "coordinates": [[80.945805, 26.856747], [80.945886, 26.856748]]}, "properties": {"feature_type": "edge", "u": 75, "v": 76, "edge_key": 0, "length_m": 8.0, "is_bridged": false, "is_bridge": false, "edge_betweenness": 0.0, "width_m": 6.2}}, {"type": "Feature", "geometry": {"type": "LineString", "coordinates": [[80.945886, 26.856748], [80.945866, 26.856693]]}, "properties": {"feature_type": "edge", "u": 76, "v": 81, "edge_key": 0, "length_m": 6.828, "is_bridged": false, "is_bridge": false, "edge_betweenness": 0.0, "width_m": 6.438}}, {"type": "Feature", "geometry": {"type": "LineString", "coordinates": [[80.941356, 26.85671], [80.940108, 26.855951], [80.939565, 26.855589], [80.939303, 26.855445], [80.939122, 26.855282], [80.93878, 26.85418], [80.93868, 26.853584], [80.93866, 26.853566], [80.93866, 26.853422], [80.93864, 26.853404]]}, "properties": {"feature_type": "edge", "u": 77, "v": 173, "edge_key": 0, "length_m": 515.608, "is_bridged": false, "is_bridge": false, "edge_betweenness": 0.0, "width_m": 16.165}}, {"type": "Feature", "geometry": {"type": "LineString", "coordinates": [[80.936846, 26.856708], [80.936907, 26.856708]]}, "properties": {"feature_type": "edge", "u": 78, "v": 79, "edge_key": 0, "length_m": 6.0, "is_bridged": false, "is_bridge": false, "edge_betweenness": 0.0, "width_m": 16.63}}, {"type": "Feature", "geometry": {"type": "LineString", "coordinates": [[80.936846, 26.856708], [80.936826, 26.856653], [80.936464, 26.856274], [80.936323, 26.856075], [80.936202, 26.855949], [80.936122, 26.855841], [80.936102, 26.855768]]}, "properties": {"feature_type": "edge", "u": 78, "v": 93, "edge_key": 0, "length_m": 133.792, "is_bridged": false, "is_bridge": false, "edge_betweenness": 0.0, "width_m": 14.977}}, {"type": "Feature", "geometry": {"type": "LineString", "coordinates": [[80.945785, 26.856693], [80.945765, 26.856675], [80.945785, 26.856603]]}, "properties": {"feature_type": "edge", "u": 80, "v": 82, "edge_key": 0, "length_m": 11.153, "is_bridged": false, "is_bridge": false, "edge_betweenness": 0.0, "width_m": 7.886}}, {"type": "Feature", "geometry": {"type": "LineString", "coordinates": [[80.945785, 26.856693], [80.945866, 26.856693]]}, "properties": {"feature_type": "edge", "u": 80, "v": 81, "edge_key": 0, "length_m": 8.0, "is_bridged": false, "is_bridge": false, "edge_betweenness": 0.0, "width_m": 6.2}}, {"type": "Feature", "geometry": {"type": "LineString", "coordinates": [[80.945866, 26.856693], [80.945866, 26.856657], [80.945785, 26.856603]]}, "properties": {"feature_type": "edge", "u": 81, "v": 82, "edge_key": 0, "length_m": 14.0, "is_bridged": false, "is_bridge": false, "edge_betweenness": 0.0, "width_m": 6.438}}, {"type": "Feature", "geometry": {"type": "LineString", "coordinates": [[80.945785, 26.856603], [80.945705, 26.85635], [80.945664, 26.856296], [80.945443, 26.855718], [80.945343, 26.855519]]}, "properties": {"feature_type": "edge", "u": 82, "v": 99, "edge_key": 0, "length_m": 137.595, "is_bridged": false, "is_bridge": false, "edge_betweenness": 0.0, "width_m": 15.166}}, {"type": "Feature", "geometry": {"type": "LineString", "coordinates": [[80.95416, 26.856516], [80.955006, 26.856371], [80.955026, 26.856353]]}, "properties": {"feature_type": "edge", "u": 83, "v": 84, "edge_key": 0, "length_m": 93.456, "is_bridged": false, "is_bridge": true, "edge_betweenness": 0.0, "width_m": 8.253}}, {"type": "Feature", "geometry": {"type": "LineString", "coordinates": [[80.95416, 26.856516], [80.95412, 26.85648], [80.95412, 26.856353], [80.9541, 26.856335], [80.95406, 26.856028], [80.953959, 26.855667], [80.953959, 26.855595], [80.953919, 26.855504], [80.953919, 26.855432], [80.953879, 26.855342], [80.953879, 26.85527], [80.953839, 26.855179], [80.953839, 26.855089]]}, "properties": {"feature_type": "edge", "u": 83, "v": 114, "edge_key": 0, "length_m": 171.255, "is_bridged": false, "is_bridge": false, "edge_betweenness": 0.0, "width_m": 8.327}}, {"type": "Feature", "geometry": {"type": "LineString", "coordinates": [[80.934934, 26.856328], [80.935055, 26.856147], [80.935357, 26.855786], [80.935518, 26.855515], [80.935518, 26.855425], [80.935558, 26.855371]]}, "properties": {"feature_type": "edge", "u": 85, "v": 105, "edge_key": 0, "length_m": 131.681, "is_bridged": false, "is_bridge": true, "edge_betweenness": 0.0, "width_m": 8.713}}, {"type": "Feature", "geometry": {"type": "LineString", "coordinates": [[80.94802, 26.856279], [80.948121, 26.856279], [80.948342, 26.856207], [80.948483, 26.856189], [80.948564, 26.856153], [80.949047, 26.856044], [80.949168, 26.856008], [80.949208, 26.855972]]}, "properties": {"feature_type": "edge", "u": 86, "v": 89, "edge_key": 0, "length_m": 132.083, "is_bridged": false, "is_bridge": false, "edge_betweenness": 0.0, "width_m": 8.534}}, {"type": "Feature", "geometry": {"type": "LineString", "coordinates": [[80.94802, 26.856279], [80.947819, 26.855701], [80.947819, 26.855629]]}, "properties": {"feature_type": "edge", "u": 86, "v": 96, "edge_key": 0, "length_m": 80.284, "is_bridged": false, "is_bridge": false, "edge_betweenness": 0.0, "width_m": 8.544}}, {"type": "Feature", "geometry": {"type": "LineString", "coordinates": [[80.951966, 26.855955], [80.952087, 26.856064], [80.952127, 26.856027]]}, "properties": {"feature_type": "edge", "u": 87, "v": 88, "edge_key": 0, "length_m": 22.627, "is_bridged": false, "is_bridge": false, "edge_betweenness": 0.0, "width_m": 6.236}}, {"type": "Feature", "geometry": {"type": "LineString", "coordinates": [[80.951966, 26.855955], [80.952047, 26.856009], [80.952087, 26.855973]]}, "properties": {"feature_type": "edge", "u": 87, "v": 90, "edge_key": 0, "length_m": 15.657, "is_bridged": false, "is_bridge": false, "edge_betweenness": 0.0, "width_m": 6.236}}, {"type": "Feature", "geometry": {"type": "LineString", "coordinates": [[80.951966, 26.855955], [80.952006, 26.855955], [80.952047, 26.855919]]}, "properties": {"feature_type": "edge", "u": 87, "v": 91, "edge_key": 0, "length_m": 9.657, "is_bridged": false, "is_bridge": false, "edge_betweenness": 0.0, "width_m": 6.236}}, {"type": "Feature", "geometry": {"type": "LineString", "coordinates": [[80.951966, 26.855955], [80.951966, 26.855901], [80.952006, 26.855865]]}, "properties": {"feature_type": "edge", "u": 87, "v": 92, "edge_key": 0, "length_m": 11.657, "is_bridged": false, "is_bridge": false, "edge_betweenness": 0.0, "width_m": 6.236}}, {"type": "Feature", "geometry": {"type": "LineString", "coordinates": [[80.951966, 26.855955], [80.951564, 26.85554], [80.951544, 26.855467]]}, "properties": {"feature_type": "edge", "u": 87, "v": 101, "edge_key": 0, "length_m": 70.865, "is_bridged": false, "is_bridge": false, "edge_betweenness": 0.0, "width_m": 9.012}}, {"type": "Feature", "geometry": {"type": "LineString", "coordinates": [[80.951966, 26.855955], [80.951926, 26.855847], [80.951966, 26.855811]]}, "properties": {"feature_type": "edge", "u": 87, "v": 94, "edge_key": 0, "length_m": 18.306, "is_bridged": false, "is_bridge": false, "edge_betweenness": 0.0, "width_m": 6.236}}, {"type": "Feature", "geometry": {"type": "LineString", "coordinates": [[80.952127, 26.856027], [80.952087, 26.855973]]}, "properties": {"feature_type": "edge", "u": 88, "v": 90, "edge_key": 0, "length_m": 7.657, "is_bridged": false, "is_bridge": false, "edge_betweenness": 0.0, "width_m": 8.472}}, {"type": "Feature", "geometry": {"type": "LineString", "coordinates": [[80.949208, 26.855972], [80.949329, 26.855972], [80.949409, 26.855936], [80.94947, 26.855936], [80.94955, 26.8559], [80.949611, 26.8559], [80.949691, 26.855864], [80.949752, 26.855864], [80.949832, 26.855828], [80.949893, 26.855828], [80.949973, 26.855792], [80.950033, 26.855792], [80.950114, 26.855756], [80.950738, 26.855612], [80.951302, 26.855431], [80.951423, 26.855431]]}, "properties": {"feature_type": "edge", "u": 89, "v": 102, "edge_key": 0, "length_m": 244.853, "is_bridged": false, "is_bridge": false, "edge_betweenness": 0.0, "width_m": 8.502}}, {"type": "Feature", "geometry": {"type": "LineString", "coordinates": [[80.949208, 26.855972], [80.949007, 26.855394], [80.948947, 26.85534]]}, "properties": {"feature_type": "edge", "u": 89, "v": 106, "edge_key": 0, "length_m": 81.585, "is_bridged": false, "is_bridge": false, "edge_betweenness": 0.0, "width_m": 8.601}}, {"type": "Feature", "geometry": {"type": "LineString", "coordinates": [[80.952087, 26.855973], [80.952047, 26.855919]]}, "properties": {"feature_type": "edge", "u": 90, "v": 91, "edge_key": 0, "length_m": 7.657, "is_bridged": false, "is_bridge": false, "edge_betweenness": 0.0, "width_m": 8.472}}, {"type": "Feature", "geometry": {"type": "LineString", "coordinates": [[80.952047, 26.855919], [80.952006, 26.855865]]}, "properties": {"feature_type": "edge", "u": 91, "v": 92, "edge_key": 0, "length_m": 7.657, "is_bridged": false, "is_bridge": false, "edge_betweenness": 0.0, "width_m": 8.472}}, {"type": "Feature", "geometry": {"type": "LineString", "coordinates": [[80.952006, 26.855865], [80.951966, 26.855811]]}, "properties": {"feature_type": "edge", "u": 92, "v": 94, "edge_key": 0, "length_m": 7.657, "is_bridged": false, "is_bridge": false, "edge_betweenness": 0.0, "width_m": 8.472}}, {"type": "Feature", "geometry": {"type": "LineString", "coordinates": [[80.936102, 26.855768], [80.936041, 26.855768], [80.935961, 26.855678], [80.935921, 26.855515]]}, "properties": {"feature_type": "edge", "u": 93, "v": 98, "edge_key": 0, "length_m": 38.971, "is_bridged": false, "is_bridge": false, "edge_betweenness": 0.0, "width_m": 8.128}}, {"type": "Feature", "geometry": {"type": "LineString", "coordinates": [[80.936102, 26.855768], [80.936142, 26.855461]]}, "properties": {"feature_type": "edge", "u": 93, "v": 100, "edge_key": 0, "length_m": 35.153, "is_bridged": false, "is_bridge": false, "edge_betweenness": 0.0, "width_m": 7.939}}, {"type": "Feature", "geometry": {"type": "LineString", "coordinates": [[80.951966, 26.855811], [80.951946, 26.855757], [80.951845, 26.855648], [80.951604, 26.855431]]}, "properties": {"feature_type": "edge", "u": 94, "v": 103, "edge_key": 0, "length_m": 56.912, "is_bridged": false, "is_bridge": false, "edge_betweenness": 0.0, "width_m": 9.256}}, {"type": "Feature", "geometry": {"type": "LineString", "coordinates": [[80.943853, 26.855699], [80.945343, 26.855519]]}, "properties": {"feature_type": "edge", "u": 95, "v": 99, "edge_key": 0, "length_m": 155.928, "is_bridged": false, "is_bridge": true, "edge_betweenness": 0.0, "width_m": 8.278}}, {"type": "Feature", "geometry": {"type": "LineString", "coordinates": [[80.943853, 26.855699], [80.943853, 26.855555], [80.943833, 26.855537], [80.943793, 26.85523], [80.943752, 26.855194], [80.943672, 26.855194], [80.943652, 26.855176], [80.943632, 26.854995], [80.943591, 26.854923], [80.94341, 26.854923], [80.943249, 26.854796], [80.943189, 26.854706], [80.943109, 26.854417], [80.943068, 26.854381]]}, "properties": {"feature_type": "edge", "u": 95, "v": 139, "edge_key": 0, "length_m": 194.711, "is_bridged": false, "is_bridge": true, "edge_betweenness": 0.0, "width_m": 8.483}}, {"type": "Feature", "geometry": {"type": "LineString", "coordinates": [[80.947819, 26.855629], [80.948322, 26.855484], [80.948383, 26.855484], [80.948584, 26.855412], [80.948645, 26.855412], [80.948785, 26.855358], [80.948947, 26.85534]]}, "properties": {"feature_type": "edge", "u": 96, "v": 106, "edge_key": 0, "length_m": 124.899, "is_bridged": false, "is_bridge": false, "edge_betweenness": 0.0, "width_m": 8.485}}, {"type": "Feature", "geometry": {"type": "LineString", "coordinates": [[80.947819, 26.855629], [80.947779, 26.855574], [80.947779, 26.85552], [80.947638, 26.855105], [80.947698, 26.855069], [80.947759, 26.855069], [80.94796, 26.854997], [80.948222, 26.854943], [80.948685, 26.854798], [80.948766, 26.854798], [80.948806, 26.854853], [80.948947, 26.855232], [80.948947, 26.85534]]}, "properties": {"feature_type": "edge", "u": 96, "v": 106, "edge_key": 1, "length_m": 258.639, "is_bridged": false, "is_bridge": false, "edge_betweenness": 0.0, "width_m": 8.433}}, {"type": "Feature", "geometry": {"type": "LineString", "coordinates": [[80.93576, 26.855515], [80.935921, 26.855515]]}, "properties": {"feature_type": "edge", "u": 97, "v": 98, "edge_key": 0, "length_m": 16.0, "is_bridged": false, "is_bridge": false, "edge_betweenness": 0.0, "width_m": 8.608}}, {"type": "Feature", "geometry": {"type": "LineString", "coordinates": [[80.93576, 26.855515], [80.93574, 26.855479], [80.935679, 26.855461], [80.935558, 26.855371]]}, "properties": {"feature_type": "edge", "u": 97, "v": 105, "edge_key": 0, "length_m": 27.443, "is_bridged": false, "is_bridge": false, "edge_betweenness": 0.0, "width_m": 8.965}}, {"type": "Feature", "geometry": {"type": "LineString", "coordinates": [[80.935921, 26.855515], [80.936021, 26.855497], [80.936062, 26.855461], [80.936142, 26.855461]]}, "properties": {"feature_type": "edge", "u": 98, "v": 100, "edge_key": 0, "length_m": 24.485, "is_bridged": false, "is_bridge": false, "edge_betweenness": 0.0, "width_m": 9.229}}, {"type": "Feature", "geometry": {"type": "LineString", "coordinates": [[80.945343, 26.855519], [80.945303, 26.855375], [80.945162, 26.855086], [80.94488, 26.854345], [80.944699, 26.853966]]}, "properties": {"feature_type": "edge", "u": 99, "v": 146, "edge_key": 0, "length_m": 195.003, "is_bridged": false, "is_bridge": false, "edge_betweenness": 0.0, "width_m": 14.236}}, {"type": "Feature", "geometry": {"type": "LineString", "coordinates": [[80.936142, 26.855461], [80.936223, 26.855299], [80.936203, 26.85501]]}, "properties": {"feature_type": "edge", "u": 100, "v": 116, "edge_key": 0, "length_m": 53.786, "is_bridged": false, "is_bridge": false, "edge_betweenness": 0.0, "width_m": 9.367}}, {"type": "Feature", "geometry": {"type": "LineString", "coordinates": [[80.951544, 26.855467], [80.951423, 26.855431]]}, "properties": {"feature_type": "edge", "u": 101, "v": 102, "edge_key": 0, "length_m": 13.301, "is_bridged": false, "is_bridge": false, "edge_betweenness": 0.0, "width_m": 9.418}}, {"type": "Feature", "geometry": {"type": "LineString", "coordinates": [[80.951544, 26.855467], [80.951604, 26.855431]]}, "properties": {"feature_type": "edge", "u": 101, "v": 103, "edge_key": 0, "length_m": 7.657, "is_bridged": false, "is_bridge": false, "edge_betweenness": 0.0, "width_m": 9.472}}, {"type": "Feature", "geometry": {"type": "LineString", "coordinates": [[80.951423, 26.855431], [80.951423, 26.855305]]}, "properties": {"feature_type": "edge", "u": 102, "v": 108, "edge_key": 0, "length_m": 14.0, "is_bridged": false, "is_bridge": false, "edge_betweenness": 0.0, "width_m": 10.824}}, {"type": "Feature", "geometry": {"type": "LineString", "coordinates": [[80.951604, 26.855431], [80.951604, 26.855323]]}, "properties": {"feature_type": "edge", "u": 103, "v": 107, "edge_key": 0, "length_m": 12.0, "is_bridged": false, "is_bridge": false, "edge_betweenness": 0.0, "width_m": 12.404}}, {"type": "Feature", "geometry": {"type": "LineString", "coordinates": [[80.935558, 26.855371], [80.935538, 26.855317], [80.935538, 26.855136], [80.935599, 26.855046], [80.935619, 26.854956]]}, "properties": {"feature_type": "edge", "u": 105, "v": 118, "edge_key": 0, "length_m": 50.142, "is_bridged": false, "is_bridge": false, "edge_betweenness": 0.0, "width_m": 9.086}}, {"type": "Feature", "geometry": {"type": "LineString", "coordinates": [[80.951604, 26.855323], [80.951483, 26.855287]]}, "properties": {"feature_type": "edge", "u": 107, "v": 109, "edge_key": 0, "length_m": 13.657, "is_bridged": false, "is_bridge": false, "edge_betweenness": 0.0, "width_m": 10.761}}, {"type": "Feature", "geometry": {"type": "LineString", "coordinates": [[80.953417, 26.853951], [80.953376, 26.853951], [80.952228, 26.854998], [80.951685, 26.855305], [80.951604, 26.855323]]}, "properties": {"feature_type": "edge", "u": 107, "v": 155, "edge_key": 0, "length_m": 244.132, "is_bridged": false, "is_bridge": false, "edge_betweenness": 0.0, "width_m": 15.852}}, {"type": "Feature", "geometry": {"type": "LineString", "coordinates": [[80.951423, 26.855305], [80.951383, 26.855287], [80.951403, 26.855251]]}, "properties": {"feature_type": "edge", "u": 108, "v": 110, "edge_key": 0, "length_m": 8.944, "is_bridged": false, "is_bridge": false, "edge_betweenness": 0.0, "width_m": 6.981}}, {"type": "Feature", "geometry": {"type": "LineString", "coordinates": [[80.951423, 26.855305], [80.951483, 26.855287]]}, "properties": {"feature_type": "edge", "u": 108, "v": 109, "edge_key": 0, "length_m": 6.828, "is_bridged": false, "is_bridge": false, "edge_betweenness": 0.0, "width_m": 10.654}}, {"type": "Feature", "geometry": {"type": "LineString", "coordinates": [[80.951483, 26.855287], [80.951463, 26.855251], [80.951403, 26.855251]]}, "properties": {"feature_type": "edge", "u": 109, "v": 110, "edge_key": 0, "length_m": 10.828, "is_bridged": false, "is_bridge": false, "edge_betweenness": 0.0, "width_m": 8.162}}, {"type": "Feature", "geometry": {"type": "LineString", "coordinates": [[80.951403, 26.855251], [80.951342, 26.855233], [80.951322, 26.855197]]}, "properties": {"feature_type": "edge", "u": 110, "v": 111, "edge_key": 0, "length_m": 10.797, "is_bridged": false, "is_bridge": false, "edge_betweenness": 0.0, "width_m": 7.296}}, {"type": "Feature", "geometry": {"type": "LineString", "coordinates": [[80.951403, 26.855251], [80.951443, 26.855197], [80.951403, 26.85516]]}, "properties": {"feature_type": "edge", "u": 110, "v": 112, "edge_key": 0, "length_m": 12.868, "is_bridged": false, "is_bridge": false, "edge_betweenness": 0.0, "width_m": 7.472}}, {"type": "Feature", "geometry": {"type": "LineString", "coordinates": [[80.951322, 26.855197], [80.951362, 26.855197], [80.951403, 26.85516]]}, "properties": {"feature_type": "edge", "u": 111, "v": 112, "edge_key": 0, "length_m": 9.657, "is_bridged": false, "is_bridge": false, "edge_betweenness": 0.0, "width_m": 6.236}}, {"type": "Feature", "geometry": {"type": "LineString", "coordinates": [[80.951322, 26.855197], [80.951262, 26.855142], [80.951242, 26.855088]]}, "properties": {"feature_type": "edge", "u": 111, "v": 113, "edge_key": 0, "length_m": 14.957, "is_bridged": false, "is_bridge": false, "edge_betweenness": 0.0, "width_m": 8.944}}, {"type": "Feature", "geometry": {"type": "LineString", "coordinates": [[80.951403, 26.85516], [80.951403, 26.855124], [80.951322, 26.855052]]}, "properties": {"feature_type": "edge", "u": 112, "v": 115, "edge_key": 0, "length_m": 16.129, "is_bridged": false, "is_bridge": false, "edge_betweenness": 0.0, "width_m": 8.674}}, {"type": "Feature", "geometry": {"type": "LineString", "coordinates": [[80.951242, 26.855088], [80.951141, 26.854998]]}, "properties": {"feature_type": "edge", "u": 113, "v": 117, "edge_key": 0, "length_m": 14.957, "is_bridged": false, "is_bridge": false, "edge_betweenness": 0.0, "width_m": 9.339}}, {"type": "Feature", "geometry": {"type": "LineString", "coordinates": [[80.951242, 26.855088], [80.951282, 26.855088], [80.951322, 26.855052]]}, "properties": {"feature_type": "edge", "u": 113, "v": 115, "edge_key": 0, "length_m": 9.657, "is_bridged": false, "is_bridge": false, "edge_betweenness": 0.0, "width_m": 6.236}}, {"type": "Feature", "geometry": {"type": "LineString", "coordinates": [[80.953839, 26.855089], [80.953799, 26.855017], [80.953738, 26.854728], [80.953698, 26.854656], [80.953537, 26.854096], [80.953497, 26.854024], [80.953417, 26.853951]]}, "properties": {"feature_type": "edge", "u": 114, "v": 155, "edge_key": 0, "length_m": 143.397, "is_bridged": false, "is_bridge": false, "edge_betweenness": 0.0, "width_m": 8.623}}, {"type": "Feature", "geometry": {"type": "LineString", "coordinates": [[80.953839, 26.855089], [80.953939, 26.855089], [80.95404, 26.855053], [80.954121, 26.855053], [80.954463, 26.854963], [80.954544, 26.854963], [80.955027, 26.854855]]}, "properties": {"feature_type": "edge", "u": 114, "v": 124, "edge_key": 0, "length_m": 128.77, "is_bridged": false, "is_bridge": true, "edge_betweenness": 0.0, "width_m": 8.36}}, {"type": "Feature", "geometry": {"type": "LineString", "coordinates": [[80.951322, 26.855052], [80.951222, 26.854944]]}, "properties": {"feature_type": "edge", "u": 115, "v": 121, "edge_key": 0, "length_m": 15.786, "is_bridged": false, "is_bridge": false, "edge_betweenness": 0.0, "width_m": 8.63}}, {"type": "Feature", "geometry": {"type": "LineString", "coordinates": [[80.936203, 26.85501], [80.936142, 26.854992], [80.936142, 26.854938]]}, "properties": {"feature_type": "edge", "u": 116, "v": 119, "edge_key": 0, "length_m": 12.828, "is_bridged": false, "is_bridge": false, "edge_betweenness": 0.0, "width_m": 8.708}}, {"type": "Feature", "geometry": {"type": "LineString", "coordinates": [[80.936203, 26.85501], [80.936223, 26.854992], [80.936223, 26.85492]]}, "properties": {"feature_type": "edge", "u": 116, "v": 120, "edge_key": 0, "length_m": 10.828, "is_bridged": false, "is_bridge": false, "edge_betweenness": 0.0, "width_m": 7.909}}, {"type": "Feature", "geometry": {"type": "LineString", "coordinates": [[80.951141, 26.854998], [80.95104, 26.854908], [80.95102, 26.854853]]}, "properties": {"feature_type": "edge", "u": 117, "v": 123, "edge_key": 0, "length_m": 20.614, "is_bridged": false, "is_bridge": false, "edge_betweenness": 0.0, "width_m": 9.24}}, {"type": "Feature", "geometry": {"type": "LineString", "coordinates": [[80.951141, 26.854998], [80.951222, 26.854944]]}, "properties": {"feature_type": "edge", "u": 117, "v": 121, "edge_key": 0, "length_m": 10.485, "is_bridged": false, "is_bridge": false, "edge_betweenness": 0.0, "width_m": 6.594}}, {"type": "Feature", "geometry": {"type": "LineString", "coordinates": [[80.935619, 26.854956], [80.935599, 26.854937], [80.935579, 26.854775], [80.935418, 26.854576], [80.935358, 26.854432], [80.935317, 26.854396], [80.935317, 26.854359]]}, "properties": {"feature_type": "edge", "u": 118, "v": 138, "edge_key": 0, "length_m": 78.426, "is_bridged": false, "is_bridge": false, "edge_betweenness": 0.0, "width_m": 9.074}}, {"type": "Feature", "geometry": {"type": "LineString", "coordinates": [[80.935619, 26.854956], [80.9357, 26.854956], [80.93582, 26.854901], [80.935981, 26.854902]]}, "properties": {"feature_type": "edge", "u": 118, "v": 122, "edge_key": 0, "length_m": 38.485, "is_bridged": false, "is_bridge": false, "edge_betweenness": 0.0, "width_m": 8.695}}, {"type": "Feature", "geometry": {"type": "LineString", "coordinates": [[80.936142, 26.854938], [80.936082, 26.854956], [80.935981, 26.854902]]}, "properties": {"feature_type": "edge", "u": 119, "v": 122, "edge_key": 0, "length_m": 18.81, "is_bridged": false, "is_bridge": false, "edge_betweenness": 0.0, "width_m": 8.674}}, {"type": "Feature", "geometry": {"type": "LineString", "coordinates": [[80.936142, 26.854938], [80.936223, 26.85492]]}, "properties": {"feature_type": "edge", "u": 119, "v": 120, "edge_key": 0, "length_m": 8.472, "is_bridged": false, "is_bridge": false, "edge_betweenness": 0.0, "width_m": 5.886}}, {"type": "Feature", "geometry": {"type": "LineString", "coordinates": [[80.936142, 26.854938], [80.936143, 26.854757]]}, "properties": {"feature_type": "edge", "u": 119, "v": 127, "edge_key": 0, "length_m": 20.0, "is_bridged": false, "is_bridge": false, "edge_betweenness": 0.0, "width_m": 8.618}}, {"type": "Feature", "geometry": {"type": "LineString", "coordinates": [[80.936223, 26.85492], [80.936263, 26.854884], [80.936283, 26.854793], [80.936404, 26.854631], [80.936888, 26.854053], [80.93717, 26.853674], [80.937311, 26.85353], [80.937331, 26.853458]]}, "properties": {"feature_type": "edge", "u": 120, "v": 167, "edge_key": 0, "length_m": 207.207, "is_bridged": false, "is_bridge": false, "edge_betweenness": 0.0, "width_m": 8.92}}, {"type": "Feature", "geometry": {"type": "LineString", "coordinates": [[80.951222, 26.854944], [80.951141, 26.854835], [80.951101, 26.854817]]}, "properties": {"feature_type": "edge", "u": 121, "v": 125, "edge_key": 0, "length_m": 19.786, "is_bridged": false, "is_bridge": false, "edge_betweenness": 0.0, "width_m": 8.708}}, {"type": "Feature", "geometry": {"type": "LineString", "coordinates": [[80.935981, 26.854902], [80.936022, 26.854811], [80.936062, 26.854775], [80.936143, 26.854757]]}, "properties": {"feature_type": "edge", "u": 122, "v": 127, "edge_key": 0, "length_m": 25.786, "is_bridged": false, "is_bridge": false, "edge_betweenness": 0.0, "width_m": 9.155}}, {"type": "Feature", "geometry": {"type": "LineString", "coordinates": [[80.95102, 26.854853], [80.95094, 26.854799], [80.95096, 26.854727]]}, "properties": {"feature_type": "edge", "u": 123, "v": 128, "edge_key": 0, "length_m": 18.454, "is_bridged": false, "is_bridge": false, "edge_betweenness": 0.0, "width_m": 7.454}}, {"type": "Feature", "geometry": {"type": "LineString", "coordinates": [[80.95102, 26.854853], [80.951061, 26.854853], [80.951101, 26.854817]]}, "properties": {"feature_type": "edge", "u": 123, "v": 125, "edge_key": 0, "length_m": 9.657, "is_bridged": false, "is_bridge": false, "edge_betweenness": 0.0, "width_m": 6.236}}, {"type": "Feature", "geometry": {"type": "LineString", "coordinates": [[80.951101, 26.854817], [80.95102, 26.854727], [80.95096, 26.854727]]}, "properties": {"feature_type": "edge", "u": 125, "v": 128, "edge_key": 0, "length_m": 18.957, "is_bridged": false, "is_bridge": false, "edge_betweenness": 0.0, "width_m": 7.296}}, {"type": "Feature", "geometry": {"type": "LineString", "coordinates": [[80.94947, 26.854799], [80.950397, 26.854239]]}, "properties": {"feature_type": "edge", "u": 126, "v": 143, "edge_key": 0, "length_m": 117.681, "is_bridged": false, "is_bridge": true, "edge_betweenness": 0.0, "width_m": 9.009}}, {"type": "Feature", "geometry": {"type": "LineString", "coordinates": [[80.936143, 26.854757], [80.936183, 26.854613]]}, "properties": {"feature_type": "edge", "u": 127, "v": 130, "edge_key": 0, "length_m": 17.301, "is_bridged": false, "is_bridge": false, "edge_betweenness": 0.0, "width_m": 9.979}}, {"type": "Feature", "geometry": {"type": "LineString", "coordinates": [[80.95096, 26.854727], [80.95088, 26.854727], [80.950839, 26.854691], [80.950859, 26.854619]]}, "properties": {"feature_type": "edge", "u": 128, "v": 129, "edge_key": 0, "length_m": 21.981, "is_bridged": false, "is_bridge": false, "edge_betweenness": 0.0, "width_m": 6.389}}, {"type": "Feature", "geometry": {"type": "LineString", "coordinates": [[80.95096, 26.854727], [80.95098, 26.854673], [80.95092, 26.854619], [80.950859, 26.854619]]}, "properties": {"feature_type": "edge", "u": 128, "v": 129, "edge_key": 1, "length_m": 20.81, "is_bridged": false, "is_bridge": false, "edge_betweenness": 0.0, "width_m": 5.963}}, {"type": "Feature", "geometry": {"type": "LineString", "coordinates": [[80.950859, 26.854619], [80.950779, 26.854619], [80.950719, 26.854564], [80.950739, 26.854492]]}, "properties": {"feature_type": "edge", "u": 129, "v": 134, "edge_key": 0, "length_m": 24.81, "is_bridged": false, "is_bridge": false, "edge_betweenness": 0.0, "width_m": 6.708}}, {"type": "Feature", "geometry": {"type": "LineString", "coordinates": [[80.950859, 26.854619], [80.95088, 26.854564], [80.950799, 26.854492], [80.950739, 26.854492]]}, "properties": {"feature_type": "edge", "u": 129, "v": 134, "edge_key": 1, "length_m": 23.638, "is_bridged": false, "is_bridge": false, "edge_betweenness": 0.0, "width_m": 6.389}}, {"type": "Feature", "geometry": {"type": "LineString", "coordinates": [[80.936183, 26.854613], [80.936143, 26.854595], [80.936143, 26.854504]]}, "properties": {"feature_type": "edge", "u": 130, "v": 132, "edge_key": 0, "length_m": 14.472, "is_bridged": false, "is_bridge": false, "edge_betweenness": 0.0, "width_m": 8.157}}, {"type": "Feature", "geometry": {"type": "LineString", "coordinates": [[80.936183, 26.854613], [80.936223, 26.854613], [80.936263, 26.854577], [80.936284, 26.854504]]}, "properties": {"feature_type": "edge", "u": 130, "v": 133, "edge_key": 0, "length_m": 18.129, "is_bridged": false, "is_bridge": false, "edge_betweenness": 0.0, "width_m": 9.246}}, {"type": "Feature", "geometry": {"type": "LineString", "coordinates": [[80.934935, 26.854558], [80.934975, 26.85445], [80.935116, 26.854359]]}, "properties": {"feature_type": "edge", "u": 131, "v": 140, "edge_key": 0, "length_m": 31.443, "is_bridged": false, "is_bridge": true, "edge_betweenness": 0.0, "width_m": 11.87}}, {"type": "Feature", "geometry": {"type": "LineString", "coordinates": [[80.936143, 26.854504], [80.936284, 26.854504]]}, "properties": {"feature_type": "edge", "u": 132, "v": 133, "edge_key": 0, "length_m": 14.0, "is_bridged": false, "is_bridge": false, "edge_betweenness": 0.0, "width_m": 8.981}}, {"type": "Feature", "geometry": {"type": "LineString", "coordinates": [[80.936143, 26.854504], [80.936123, 26.854342], [80.935982, 26.854125], [80.935821, 26.854017], [80.93566, 26.853998], [80.93564, 26.85398]]}, "properties": {"feature_type": "edge", "u": 132, "v": 153, "edge_key": 0, "length_m": 89.255, "is_bridged": false, "is_bridge": false, "edge_betweenness": 0.0, "width_m": 8.696}}, {"type": "Feature", "geometry": {"type": "LineString", "coordinates": [[80.936284, 26.854504], [80.936364, 26.85445], [80.93713, 26.853494], [80.93717, 26.853457], [80.937251, 26.853439]]}, "properties": {"feature_type": "edge", "u": 133, "v": 169, "edge_key": 0, "length_m": 162.095, "is_bridged": false, "is_bridge": false, "edge_betweenness": 0.0, "width_m": 9.157}}, {"type": "Feature", "geometry": {"type": "LineString", "coordinates": [[80.950739, 26.854492], [80.950658, 26.854492], [80.950618, 26.854456], [80.950618, 26.854384]]}, "properties": {"feature_type": "edge", "u": 134, "v": 137, "edge_key": 0, "length_m": 21.657, "is_bridged": false, "is_bridge": false, "edge_betweenness": 0.0, "width_m": 6.96}}, {"type": "Feature", "geometry": {"type": "LineString", "coordinates": [[80.950739, 26.854492], [80.950759, 26.854438], [80.950698, 26.854384], [80.950618, 26.854384]]}, "properties": {"feature_type": "edge", "u": 134, "v": 137, "edge_key": 1, "length_m": 22.81, "is_bridged": false, "is_bridge": false, "edge_betweenness": 0.0, "width_m": 6.63}}, {"type": "Feature", "geometry": {"type": "LineString", "coordinates": [[80.942807, 26.854435], [80.943068, 26.854381]]}, "properties": {"feature_type": "edge", "u": 136, "v": 139, "edge_key": 0, "length_m": 28.485, "is_bridged": false, "is_bridge": true, "edge_betweenness": 0.0, "width_m": 8.581}}, {"type": "Feature", "geometry": {"type": "LineString", "coordinates": [[80.950618, 26.854384], [80.950517, 26.854348], [80.950517, 26.854275]]}, "properties": {"feature_type": "edge", "u": 137, "v": 142, "edge_key": 0, "length_m": 19.153, "is_bridged": false, "is_bridge": false, "edge_betweenness": 0.0, "width_m": 7.296}}, {"type": "Feature", "geometry": {"type": "LineString", "coordinates": [[80.950618, 26.854384], [80.950638, 26.854311], [80.950598, 26.854275], [80.950517, 26.854275]]}, "properties": {"feature_type": "edge", "u": 137, "v": 142, "edge_key": 1, "length_m": 21.903, "is_bridged": false, "is_bridge": false, "edge_betweenness": 0.0, "width_m": 6.967}}, {"type": "Feature", "geometry": {"type": "LineString", "coordinates": [[80.935317, 26.854359], [80.935116, 26.854359]]}, "properties": {"feature_type": "edge", "u": 138, "v": 140, "edge_key": 0, "length_m": 20.0, "is_bridged": false, "is_bridge": false, "edge_betweenness": 0.0, "width_m": 9.765}}, {"type": "Feature", "geometry": {"type": "LineString", "coordinates": [[80.935317, 26.854359], [80.935338, 26.854197], [80.935297, 26.854161]]}, "properties": {"feature_type": "edge", "u": 138, "v": 144, "edge_key": 0, "length_m": 24.485, "is_bridged": false, "is_bridge": false, "edge_betweenness": 0.0, "width_m": 11.039}}, {"type": "Feature", "geometry": {"type": "LineString", "coordinates": [[80.943068, 26.854381], [80.943068, 26.854273], [80.943028, 26.8542], [80.942968, 26.853947]]}, "properties": {"feature_type": "edge", "u": 139, "v": 154, "edge_key": 0, "length_m": 52.142, "is_bridged": false, "is_bridge": true, "edge_betweenness": 0.0, "width_m": 8.393}}, {"type": "Feature", "geometry": {"type": "LineString", "coordinates": [[80.935116, 26.854359], [80.935136, 26.854287], [80.935297, 26.854161]]}, "properties": {"feature_type": "edge", "u": 140, "v": 144, "edge_key": 0, "length_m": 30.271, "is_bridged": false, "is_bridge": false, "edge_betweenness": 0.0, "width_m": 10.213}}, {"type": "Feature", "geometry": {"type": "LineString", "coordinates": [[80.950517, 26.854275], [80.950397, 26.854239]]}, "properties": {"feature_type": "edge", "u": 142, "v": 143, "edge_key": 0, "length_m": 13.153, "is_bridged": false, "is_bridge": false, "edge_betweenness": 0.0, "width_m": 8.378}}, {"type": "Feature", "geometry": {"type": "LineString", "coordinates": [[80.950517, 26.854275], [80.950537, 26.854203], [80.950477, 26.854149], [80.950397, 26.854149]]}, "properties": {"feature_type": "edge", "u": 142, "v": 145, "edge_key": 0, "length_m": 24.731, "is_bridged": false, "is_bridge": false, "edge_betweenness": 0.0, "width_m": 7.296}}, {"type": "Feature", "geometry": {"type": "LineString", "coordinates": [[80.950397, 26.854239], [80.950376, 26.854221], [80.950397, 26.854149]]}, "properties": {"feature_type": "edge", "u": 143, "v": 145, "edge_key": 0, "length_m": 11.153, "is_bridged": false, "is_bridge": false, "edge_betweenness": 0.0, "width_m": 8.0}}, {"type": "Feature", "geometry": {"type": "LineString", "coordinates": [[80.935297, 26.854161], [80.935257, 26.854143], [80.935257, 26.854107], [80.935157, 26.854016], [80.935136, 26.853926]]}, "properties": {"feature_type": "edge", "u": 144, "v": 152, "edge_key": 0, "length_m": 32.86, "is_bridged": false, "is_bridge": false, "edge_betweenness": 0.0, "width_m": 9.05}}, {"type": "Feature", "geometry": {"type": "LineString", "coordinates": [[80.935297, 26.854161], [80.935378, 26.854143], [80.935418, 26.854071]]}, "properties": {"feature_type": "edge", "u": 144, "v": 149, "edge_key": 0, "length_m": 17.625, "is_bridged": false, "is_bridge": false, "edge_betweenness": 0.0, "width_m": 12.151}}, {"type": "Feature", "geometry": {"type": "LineString", "coordinates": [[80.950397, 26.854149], [80.950316, 26.854113], [80.950316, 26.854059]]}, "properties": {"feature_type": "edge", "u": 145, "v": 150, "edge_key": 0, "length_m": 15.153, "is_bridged": false, "is_bridge": false, "edge_betweenness": 0.0, "width_m": 6.472}}, {"type": "Feature", "geometry": {"type": "LineString", "coordinates": [[80.950397, 26.854149], [80.950417, 26.854077], [80.950397, 26.854059], [80.950316, 26.854059]]}, "properties": {"feature_type": "edge", "u": 145, "v": 150, "edge_key": 1, "length_m": 19.075, "is_bridged": false, "is_bridge": false, "edge_betweenness": 0.0, "width_m": 6.472}}, {"type": "Feature", "geometry": {"type": "LineString", "coordinates": [[80.944699, 26.853966], [80.94484, 26.854129], [80.94488, 26.854129], [80.946491, 26.853552], [80.946592, 26.853497]]}, "properties": {"feature_type": "edge", "u": 146, "v": 166, "edge_key": 0, "length_m": 225.798, "is_bridged": false, "is_bridge": false, "edge_betweenness": 0.0, "width_m": 8.673}}, {"type": "Feature", "geometry": {"type": "LineString", "coordinates": [[80.944699, 26.853966], [80.944558, 26.853605], [80.944196, 26.852828], [80.944156, 26.852666], [80.943955, 26.852287], [80.943895, 26.852124], [80.943694, 26.851763], [80.943653, 26.851727], [80.943653, 26.851691], [80.943472, 26.851365], [80.943412, 26.851149]]}, "properties": {"feature_type": "edge", "u": 146, "v": 229, "edge_key": 0, "length_m": 362.253, "is_bridged": false, "is_bridge": false, "edge_betweenness": 0.0, "width_m": 15.314}}, {"type": "Feature", "geometry": {"type": "LineString", "coordinates": [[80.948927, 26.854094], [80.948927, 26.85413], [80.948887, 26.854166], [80.948786, 26.854202], [80.948524, 26.854076], [80.948383, 26.854058], [80.947699, 26.854347], [80.947538, 26.854383], [80.947075, 26.853552], [80.947015, 26.853389]]}, "properties": {"feature_type": "edge", "u": 148, "v": 174, "edge_key": 0, "length_m": 298.392, "is_bridged": false, "is_bridge": false, "edge_betweenness": 0.0, "width_m": 8.841}}, {"type": "Feature", "geometry": {"type": "LineString", "coordinates": [[80.948927, 26.854094], [80.948987, 26.854094], [80.949148, 26.854004], [80.949289, 26.853914], [80.94937, 26.853823]]}, "properties": {"feature_type": "edge", "u": 148, "v": 157, "edge_key": 0, "length_m": 57.242, "is_bridged": false, "is_bridge": false, "edge_betweenness": 0.0, "width_m": 9.148}}, {"type": "Feature", "geometry": {"type": "LineString", "coordinates": [[80.948927, 26.854094], [80.948927, 26.854058], [80.948122, 26.853137], [80.948062, 26.853028]]}, "properties": {"feature_type": "edge", "u": 148, "v": 181, "edge_key": 0, "length_m": 153.266, "is_bridged": false, "is_bridge": false, "edge_betweenness": 0.0, "width_m": 8.953}}, {"type": "Feature", "geometry": {"type": "LineString", "coordinates": [[80.935418, 26.854071], [80.935237, 26.853926], [80.935136, 26.853926]]}, "properties": {"feature_type": "edge", "u": 149, "v": 152, "edge_key": 0, "length_m": 34.271, "is_bridged": false, "is_bridge": false, "edge_betweenness": 0.0, "width_m": 8.992}}, {"type": "Feature", "geometry": {"type": "LineString", "coordinates": [[80.935418, 26.854071], [80.935458, 26.854071], [80.935499, 26.854035], [80.93564, 26.85398]]}, "properties": {"feature_type": "edge", "u": 149, "v": 153, "edge_key": 0, "length_m": 25.786, "is_bridged": false, "is_bridge": false, "edge_betweenness": 0.0, "width_m": 9.961}}, {"type": "Feature", "geometry": {"type": "LineString", "coordinates": [[80.950316, 26.854059], [80.950236, 26.854022], [80.950236, 26.85395]]}, "properties": {"feature_type": "edge", "u": 150, "v": 151, "edge_key": 0, "length_m": 17.153, "is_bridged": false, "is_bridge": false, "edge_betweenness": 0.0, "width_m": 5.472}}, {"type": "Feature", "geometry": {"type": "LineString", "coordinates": [[80.950316, 26.854059], [80.950336, 26.853986], [80.950236, 26.85395]]}, "properties": {"feature_type": "edge", "u": 150, "v": 151, "edge_key": 1, "length_m": 19.321, "is_bridged": false, "is_bridge": false, "edge_betweenness": 0.0, "width_m": 5.472}}, {"type": "Feature", "geometry": {"type": "LineString", "coordinates": [[80.950236, 26.85395], [80.950155, 26.853932], [80.950135, 26.85386]]}, "properties": {"feature_type": "edge", "u": 151, "v": 156, "edge_key": 0, "length_m": 17.075, "is_bridged": false, "is_bridge": false, "edge_betweenness": 0.0, "width_m": 5.472}}, {"type": "Feature", "geometry": {"type": "LineString", "coordinates": [[80.950236, 26.85395], [80.950236, 26.853878], [80.950216, 26.85386], [80.950135, 26.85386]]}, "properties": {"feature_type": "edge", "u": 151, "v": 156, "edge_key": 1, "length_m": 18.828, "is_bridged": false, "is_bridge": false, "edge_betweenness": 0.0, "width_m": 5.472}}, {"type": "Feature", "geometry": {"type": "LineString", "coordinates": [[80.935136, 26.853926], [80.934935, 26.853709]]}, "properties": {"feature_type": "edge", "u": 152, "v": 160, "edge_key": 0, "length_m": 32.948, "is_bridged": false, "is_bridge": true, "edge_betweenness": 0.0, "width_m": 11.325}}, {"type": "Feature", "geometry": {"type": "LineString", "coordinates": [[80.93564, 26.85398], [80.93564, 26.853926], [80.935922, 26.853674], [80.936566, 26.853168], [80.936727, 26.853024], [80.936748, 26.85297]]}, "properties": {"feature_type": "edge", "u": 153, "v": 182, "edge_key": 0, "length_m": 161.893, "is_bridged": false, "is_bridge": false, "edge_betweenness": 0.0, "width_m": 9.245}}, {"type": "Feature", "geometry": {"type": "LineString", "coordinates": [[80.954504, 26.852074], [80.954404, 26.852326], [80.95394, 26.853193], [80.953719, 26.853518], [80.953437, 26.853861], [80.953417, 26.853951]]}, "properties": {"feature_type": "edge", "u": 155, "v": 204, "edge_key": 0, "length_m": 239.38, "is_bridged": false, "is_bridge": false, "edge_betweenness": 0.0, "width_m": 12.948}}, {"type": "Feature", "geometry": {"type": "LineString", "coordinates": [[80.950135, 26.85386], [80.950054, 26.853824], [80.950055, 26.85377]]}, "properties": {"feature_type": "edge", "u": 156, "v": 159, "edge_key": 0, "length_m": 15.153, "is_bridged": false, "is_bridge": false, "edge_betweenness": 0.0, "width_m": 6.472}}, {"type": "Feature", "geometry": {"type": "LineString", "coordinates": [[80.950135, 26.85386], [80.950155, 26.853788], [80.950135, 26.85377], [80.950055, 26.85377]]}, "properties": {"feature_type": "edge", "u": 156, "v": 159, "edge_key": 1, "length_m": 19.075, "is_bridged": false, "is_bridge": false, "edge_betweenness": 0.0, "width_m": 6.472}}, {"type": "Feature", "geometry": {"type": "LineString", "coordinates": [[80.94937, 26.853823], [80.94933, 26.853805], [80.949088, 26.853516]]}, "properties": {"feature_type": "edge", "u": 157, "v": 164, "edge_key": 0, "length_m": 46.413, "is_bridged": false, "is_bridge": true, "edge_betweenness": 0.0, "width_m": 8.892}}, {"type": "Feature", "geometry": {"type": "LineString", "coordinates": [[80.94937, 26.853823], [80.94943, 26.853823], [80.949793, 26.853571]]}, "properties": {"feature_type": "edge", "u": 157, "v": 163, "edge_key": 0, "length_m": 53.598, "is_bridged": false, "is_bridge": false, "edge_betweenness": 0.0, "width_m": 9.09}}, {"type": "Feature", "geometry": {"type": "LineString", "coordinates": [[80.950055, 26.85377], [80.949974, 26.853733], [80.949974, 26.853679]]}, "properties": {"feature_type": "edge", "u": 159, "v": 161, "edge_key": 0, "length_m": 15.153, "is_bridged": false, "is_bridge": false, "edge_betweenness": 0.0, "width_m": 6.472}}, {"type": "Feature", "geometry": {"type": "LineString", "coordinates": [[80.950055, 26.85377], [80.950075, 26.853697], [80.950055, 26.853679], [80.949974, 26.853679]]}, "properties": {"feature_type": "edge", "u": 159, "v": 161, "edge_key": 1, "length_m": 19.075, "is_bridged": false, "is_bridge": false, "edge_betweenness": 0.0, "width_m": 6.472}}, {"type": "Feature", "geometry": {"type": "LineString", "coordinates": [[80.949974, 26.853679], [80.949873, 26.853643], [80.949894, 26.853571]]}, "properties": {"feature_type": "edge", "u": 161, "v": 162, "edge_key": 0, "length_m": 19.478, "is_bridged": false, "is_bridge": false, "edge_betweenness": 0.0, "width_m": 6.63}}, {"type": "Feature", "geometry": {"type": "LineString", "coordinates": [[80.949974, 26.853679], [80.949994, 26.853607], [80.949954, 26.853571], [80.949894, 26.853571]]}, "properties": {"feature_type": "edge", "u": 161, "v": 162, "edge_key": 1, "length_m": 19.903, "is_bridged": false, "is_bridge": false, "edge_betweenness": 0.0, "width_m": 6.167}}, {"type": "Feature", "geometry": {"type": "LineString", "coordinates": [[80.949894, 26.853571], [80.949813, 26.853589], [80.949793, 26.853571]]}, "properties": {"feature_type": "edge", "u": 162, "v": 163, "edge_key": 0, "length_m": 11.075, "is_bridged": false, "is_bridge": false, "edge_betweenness": 0.0, "width_m": 6.667}}, {"type": "Feature", "geometry": {"type": "LineString", "coordinates": [[80.949894, 26.853571], [80.949914, 26.853517], [80.949853, 26.853462]]}, "properties": {"feature_type": "edge", "u": 162, "v": 168, "edge_key": 0, "length_m": 14.81, "is_bridged": false, "is_bridge": false, "edge_betweenness": 0.0, "width_m": 6.967}}, {"type": "Feature", "geometry": {"type": "LineString", "coordinates": [[80.949793, 26.853571], [80.949773, 26.853499]]}, "properties": {"feature_type": "edge", "u": 163, "v": 165, "edge_key": 0, "length_m": 8.828, "is_bridged": false, "is_bridge": false, "edge_betweenness": 0.0, "width_m": 9.236}}, {"type": "Feature", "geometry": {"type": "LineString", "coordinates": [[80.949773, 26.853499], [80.949712, 26.853462], [80.949692, 26.853408]]}, "properties": {"feature_type": "edge", "u": 165, "v": 172, "edge_key": 0, "length_m": 13.773, "is_bridged": false, "is_bridge": false, "edge_betweenness": 0.0, "width_m": 8.944}}, {"type": "Feature", "geometry": {"type": "LineString", "coordinates": [[80.949773, 26.853499], [80.949813, 26.853499], [80.949853, 26.853462]]}, "properties": {"feature_type": "edge", "u": 165, "v": 168, "edge_key": 0, "length_m": 9.657, "is_bridged": false, "is_bridge": false, "edge_betweenness": 0.0, "width_m": 6.236}}, {"type": "Feature", "geometry": {"type": "LineString", "coordinates": [[80.946592, 26.853497], [80.946693, 26.853479], [80.946914, 26.853389], [80.947015, 26.853389]]}, "properties": {"feature_type": "edge", "u": 166, "v": 174, "edge_key": 0, "length_m": 46.971, "is_bridged": false, "is_bridge": false, "edge_betweenness": 0.0, "width_m": 8.843}}, {"type": "Feature", "geometry": {"type": "LineString", "coordinates": [[80.946592, 26.853497], [80.94629, 26.852775]]}, "properties": {"feature_type": "edge", "u": 166, "v": 186, "edge_key": 0, "length_m": 92.426, "is_bridged": false, "is_bridge": true, "edge_betweenness": 0.0, "width_m": 8.604}}, {"type": "Feature", "geometry": {"type": "LineString", "coordinates": [[80.937331, 26.853458], [80.937251, 26.853439]]}, "properties": {"feature_type": "edge", "u": 167, "v": 169, "edge_key": 0, "length_m": 8.828, "is_bridged": false, "is_bridge": false, "edge_betweenness": 0.0, "width_m": 10.227}}, {"type": "Feature", "geometry": {"type": "LineString", "coordinates": [[80.937331, 26.853458], [80.937392, 26.853421]]}, "properties": {"feature_type": "edge", "u": 167, "v": 170, "edge_key": 0, "length_m": 7.301, "is_bridged": false, "is_bridge": false, "edge_betweenness": 0.0, "width_m": 14.521}}, {"type": "Feature", "geometry": {"type": "LineString", "coordinates": [[80.949853, 26.853462], [80.949773, 26.853372]]}, "properties": {"feature_type": "edge", "u": 168, "v": 176, "edge_key": 0, "length_m": 13.314, "is_bridged": false, "is_bridge": false, "edge_betweenness": 0.0, "width_m": 8.63}}, {"type": "Feature", "geometry": {"type": "LineString", "coordinates": [[80.937251, 26.853439], [80.937251, 26.853385], [80.937311, 26.853367]]}, "properties": {"feature_type": "edge", "u": 169, "v": 175, "edge_key": 0, "length_m": 12.828, "is_bridged": false, "is_bridge": false, "edge_betweenness": 0.0, "width_m": 9.04}}, {"type": "Feature", "geometry": {"type": "LineString", "coordinates": [[80.937392, 26.853421], [80.937512, 26.853421]]}, "properties": {"feature_type": "edge", "u": 170, "v": 171, "edge_key": 0, "length_m": 12.0, "is_bridged": false, "is_bridge": false, "edge_betweenness": 0.0, "width_m": 16.164}}, {"type": "Feature", "geometry": {"type": "LineString", "coordinates": [[80.937392, 26.853421], [80.937311, 26.853367]]}, "properties": {"feature_type": "edge", "u": 170, "v": 175, "edge_key": 0, "length_m": 10.129, "is_bridged": false, "is_bridge": false, "edge_betweenness": 0.0, "width_m": 11.359}}, {"type": "Feature", "geometry": {"type": "LineString", "coordinates": [[80.937512, 26.853421], [80.937593, 26.853403], [80.93864, 26.853404]]}, "properties": {"feature_type": "edge", "u": 171, "v": 173, "edge_key": 0, "length_m": 112.828, "is_bridged": false, "is_bridge": false, "edge_betweenness": 0.0, "width_m": 16.114}}, {"type": "Feature", "geometry": {"type": "LineString", "coordinates": [[80.937512, 26.853421], [80.937553, 26.853277], [80.938258, 26.852429], [80.938258, 26.852356]]}, "properties": {"feature_type": "edge", "u": 171, "v": 196, "edge_key": 0, "length_m": 148.652, "is_bridged": false, "is_bridge": false, "edge_betweenness": 0.0, "width_m": 9.266}}, {"type": "Feature", "geometry": {"type": "LineString", "coordinates": [[80.949692, 26.853408], [80.949632, 26.853372], [80.949551, 26.853264], [80.94933, 26.853047], [80.949109, 26.852794], [80.949048, 26.852686]]}, "properties": {"feature_type": "edge", "u": 172, "v": 187, "edge_key": 0, "length_m": 106.969, "is_bridged": false, "is_bridge": false, "edge_betweenness": 0.0, "width_m": 9.155}}, {"type": "Feature", "geometry": {"type": "LineString", "coordinates": [[80.949692, 26.853408], [80.949733, 26.853408], [80.949773, 26.853372]]}, "properties": {"feature_type": "edge", "u": 172, "v": 176, "edge_key": 0, "length_m": 9.657, "is_bridged": false, "is_bridge": false, "edge_betweenness": 0.0, "width_m": 6.236}}, {"type": "Feature", "geometry": {"type": "LineString", "coordinates": [[80.93864, 26.853404], [80.9387, 26.85335], [80.9387, 26.853296], [80.93874, 26.853241], [80.939224, 26.852682], [80.939305, 26.852574], [80.939365, 26.852429], [80.939365, 26.852212], [80.939184, 26.851869]]}, "properties": {"feature_type": "edge", "u": 173, "v": 207, "edge_key": 0, "length_m": 206.21, "is_bridged": false, "is_bridge": false, "edge_betweenness": 0.0, "width_m": 16.392}}, {"type": "Feature", "geometry": {"type": "LineString", "coordinates": [[80.947015, 26.853389], [80.947075, 26.853335], [80.947639, 26.853155], [80.947719, 26.853101]]}, "properties": {"feature_type": "edge", "u": 174, "v": 178, "edge_key": 0, "length_m": 84.07, "is_bridged": false, "is_bridge": false, "edge_betweenness": 0.0, "width_m": 8.772}}, {"type": "Feature", "geometry": {"type": "LineString", "coordinates": [[80.937311, 26.853367], [80.937331, 26.853277], [80.937855, 26.852591], [80.937976, 26.852483], [80.938016, 26.852429], [80.938016, 26.852374]]}, "properties": {"feature_type": "edge", "u": 175, "v": 194, "edge_key": 0, "length_m": 138.995, "is_bridged": false, "is_bridge": false, "edge_betweenness": 0.0, "width_m": 8.74}}, {"type": "Feature", "geometry": {"type": "LineString", "coordinates": [[80.949773, 26.853372], [80.949733, 26.8533], [80.94937, 26.852903], [80.94923, 26.852686], [80.949149, 26.852632]]}, "properties": {"feature_type": "edge", "u": 176, "v": 189, "edge_key": 0, "length_m": 108.853, "is_bridged": false, "is_bridge": false, "edge_betweenness": 0.0, "width_m": 9.027}}, {"type": "Feature", "geometry": {"type": "LineString", "coordinates": [[80.948927, 26.853318], [80.948605, 26.85292], [80.948585, 26.852848]]}, "properties": {"feature_type": "edge", "u": 177, "v": 184, "edge_key": 0, "length_m": 66.083, "is_bridged": false, "is_bridge": true, "edge_betweenness": 0.0, "width_m": 8.908}}, {"type": "Feature", "geometry": {"type": "LineString", "coordinates": [[80.947719, 26.853101], [80.94778, 26.853101], [80.947961, 26.853028], [80.948062, 26.853028]]}, "properties": {"feature_type": "edge", "u": 178, "v": 181, "edge_key": 0, "length_m": 37.314, "is_bridged": false, "is_bridge": false, "edge_betweenness": 0.0, "width_m": 9.148}}, {"type": "Feature", "geometry": {"type": "LineString", "coordinates": [[80.947719, 26.853101], [80.947599, 26.852794], [80.947599, 26.852739], [80.947559, 26.852685]]}, "properties": {"feature_type": "edge", "u": 178, "v": 188, "edge_key": 0, "length_m": 52.627, "is_bridged": false, "is_bridge": true, "edge_betweenness": 0.0, "width_m": 8.529}}, {"type": "Feature", "geometry": {"type": "LineString", "coordinates": [[80.941921, 26.853044], [80.941881, 26.853062], [80.941801, 26.853044], [80.94172, 26.852972]]}, "properties": {"feature_type": "edge", "u": 180, "v": 183, "edge_key": 0, "length_m": 24.971, "is_bridged": false, "is_bridge": true, "edge_betweenness": 0.0, "width_m": 7.791}}, {"type": "Feature", "geometry": {"type": "LineString", "coordinates": [[80.948062, 26.853028], [80.948082, 26.852992], [80.948162, 26.852956], [80.948263, 26.852938], [80.948485, 26.852848], [80.948585, 26.852848]]}, "properties": {"feature_type": "edge", "u": 181, "v": 184, "edge_key": 0, "length_m": 61.1, "is_bridged": false, "is_bridge": false, "edge_betweenness": 0.0, "width_m": 8.508}}, {"type": "Feature", "geometry": {"type": "LineString", "coordinates": [[80.936748, 26.85297], [80.936788, 26.85297], [80.936909, 26.852898], [80.93703, 26.852771]]}, "properties": {"feature_type": "edge", "u": 182, "v": 185, "edge_key": 0, "length_m": 37.928, "is_bridged": false, "is_bridge": false, "edge_betweenness": 0.0, "width_m": 9.596}}, {"type": "Feature", "geometry": {"type": "LineString", "coordinates": [[80.936748, 26.85297], [80.936526, 26.852645], [80.936466, 26.852536], [80.936446, 26.852428]]}, "properties": {"feature_type": "edge", "u": 182, "v": 193, "edge_key": 0, "length_m": 72.426, "is_bridged": false, "is_bridge": false, "edge_betweenness": 0.0, "width_m": 9.009}}, {"type": "Feature", "geometry": {"type": "LineString", "coordinates": [[80.94172, 26.852972], [80.94168, 26.853008], [80.94162, 26.852954], [80.941622, 26.852879]]}, "properties": {"feature_type": "edge", "u": 183, "v": 480, "edge_key": 0, "length_m": 22.476, "is_bridged": false, "is_bridge": false, "edge_betweenness": 0.0, "width_m": 7.809}}, {"type": "Feature", "geometry": {"type": "LineString", "coordinates": [[80.941622, 26.852879], [80.9417, 26.852863], [80.94172, 26.852882], [80.94174, 26.852918], [80.94172, 26.852972]]}, "properties": {"feature_type": "edge", "u": 183, "v": 480, "edge_key": 1, "length_m": 22.476, "is_bridged": false, "is_bridge": false, "edge_betweenness": 0.0, "width_m": 7.809}}, {"type": "Feature", "geometry": {"type": "LineString", "coordinates": [[80.948585, 26.852848], [80.948605, 26.852812], [80.949048, 26.852686]]}, "properties": {"feature_type": "edge", "u": 184, "v": 187, "edge_key": 0, "length_m": 53.767, "is_bridged": false, "is_bridge": false, "edge_betweenness": 0.0, "width_m": 8.855}}, {"type": "Feature", "geometry": {"type": "LineString", "coordinates": [[80.93703, 26.852771], [80.93709, 26.852771], [80.937513, 26.852573], [80.937573, 26.852501]]}, "properties": {"feature_type": "edge", "u": 185, "v": 190, "edge_key": 0, "length_m": 67.242, "is_bridged": false, "is_bridge": false, "edge_betweenness": 0.0, "width_m": 9.134}}, {"type": "Feature", "geometry": {"type": "LineString", "coordinates": [[80.93703, 26.852771], [80.936687, 26.8525], [80.936567, 26.852446], [80.936446, 26.852428]]}, "properties": {"feature_type": "edge", "u": 185, "v": 193, "edge_key": 0, "length_m": 73.74, "is_bridged": false, "is_bridge": false, "edge_betweenness": 0.0, "width_m": 9.245}}, {"type": "Feature", "geometry": {"type": "LineString", "coordinates": [[80.949048, 26.852686], [80.948988, 26.85265], [80.948988, 26.852595], [80.948827, 26.852325], [80.948787, 26.852216], [80.948747, 26.85218]]}, "properties": {"feature_type": "edge", "u": 187, "v": 201, "edge_key": 0, "length_m": 69.152, "is_bridged": false, "is_bridge": false, "edge_betweenness": 0.0, "width_m": 9.017}}, {"type": "Feature", "geometry": {"type": "LineString", "coordinates": [[80.949048, 26.852686], [80.949149, 26.852632]]}, "properties": {"feature_type": "edge", "u": 187, "v": 189, "edge_key": 0, "length_m": 12.485, "is_bridged": false, "is_bridge": false, "edge_betweenness": 0.0, "width_m": 10.108}}, {"type": "Feature", "geometry": {"type": "LineString", "coordinates": [[80.949149, 26.852632], [80.949129, 26.852559], [80.949069, 26.852487], [80.949048, 26.852415], [80.948908, 26.85218], [80.948224, 26.850591]]}, "properties": {"feature_type": "edge", "u": 189, "v": 244, "edge_key": 0, "length_m": 263.751, "is_bridged": false, "is_bridge": false, "edge_betweenness": 0.0, "width_m": 8.703}}, {"type": "Feature", "geometry": {"type": "LineString", "coordinates": [[80.937573, 26.852501], [80.937654, 26.852501], [80.937936, 26.852356], [80.938016, 26.852374]]}, "properties": {"feature_type": "edge", "u": 190, "v": 194, "edge_key": 0, "length_m": 50.952, "is_bridged": false, "is_bridge": false, "edge_betweenness": 0.0, "width_m": 8.721}}, {"type": "Feature", "geometry": {"type": "LineString", "coordinates": [[80.937573, 26.852501], [80.937553, 26.852428], [80.937372, 26.852175], [80.937372, 26.852103]]}, "properties": {"feature_type": "edge", "u": 190, "v": 202, "edge_key": 0, "length_m": 52.284, "is_bridged": false, "is_bridge": false, "edge_betweenness": 0.0, "width_m": 8.809}}, {"type": "Feature", "geometry": {"type": "LineString", "coordinates": [[80.947599, 26.852523], [80.947559, 26.85227], [80.947539, 26.852252], [80.947519, 26.852035], [80.947499, 26.852017], [80.947478, 26.8518], [80.947458, 26.851782], [80.947458, 26.851674], [80.947438, 26.851656], [80.947438, 26.851331]]}, "properties": {"feature_type": "edge", "u": 191, "v": 221, "edge_key": 0, "length_m": 138.627, "is_bridged": false, "is_bridge": true, "edge_betweenness": 0.0, "width_m": 8.193}}, {"type": "Feature", "geometry": {"type": "LineString", "coordinates": [[80.936446, 26.852428], [80.935862, 26.851796], [80.93552, 26.85147], [80.93548, 26.851398], [80.93542, 26.851362]]}, "properties": {"feature_type": "edge", "u": 193, "v": 220, "edge_key": 0, "length_m": 161.065, "is_bridged": false, "is_bridge": false, "edge_betweenness": 0.0, "width_m": 9.204}}, {"type": "Feature", "geometry": {"type": "LineString", "coordinates": [[80.938016, 26.852374], [80.938117, 26.852302]]}, "properties": {"feature_type": "edge", "u": 194, "v": 200, "edge_key": 0, "length_m": 12.868, "is_bridged": false, "is_bridge": false, "edge_betweenness": 0.0, "width_m": 10.817}}, {"type": "Feature", "geometry": {"type": "LineString", "coordinates": [[80.955068, 26.852399], [80.955048, 26.852345], [80.954786, 26.85211], [80.954625, 26.85202]]}, "properties": {"feature_type": "edge", "u": 195, "v": 205, "edge_key": 0, "length_m": 63.74, "is_bridged": false, "is_bridge": true, "edge_betweenness": 0.0, "width_m": 8.719}}, {"type": "Feature", "geometry": {"type": "LineString", "coordinates": [[80.938258, 26.852356], [80.938218, 26.852302]]}, "properties": {"feature_type": "edge", "u": 196, "v": 199, "edge_key": 0, "length_m": 7.301, "is_bridged": false, "is_bridge": false, "edge_betweenness": 0.0, "width_m": 8.944}}, {"type": "Feature", "geometry": {"type": "LineString", "coordinates": [[80.938258, 26.852356], [80.938358, 26.85232], [80.93858, 26.85214], [80.939003, 26.851869], [80.939043, 26.851851], [80.939184, 26.851869]]}, "properties": {"feature_type": "edge", "u": 196, "v": 207, "edge_key": 0, "length_m": 115.361, "is_bridged": false, "is_bridge": false, "edge_betweenness": 0.0, "width_m": 8.876}}, {"type": "Feature", "geometry": {"type": "LineString", "coordinates": [[80.941962, 26.852376], [80.941801, 26.852177], [80.941781, 26.852087]]}, "properties": {"feature_type": "edge", "u": 197, "v": 203, "edge_key": 0, "length_m": 39.456, "is_bridged": false, "is_bridge": true, "edge_betweenness": 0.0, "width_m": 8.915}}, {"type": "Feature", "geometry": {"type": "LineString", "coordinates": [[80.946431, 26.852378], [80.946451, 26.852396], [80.946532, 26.852378], [80.946935, 26.852378], [80.946975, 26.852342], [80.946975, 26.851258], [80.946996, 26.85124]]}, "properties": {"feature_type": "edge", "u": 198, "v": 228, "edge_key": 0, "length_m": 180.142, "is_bridged": false, "is_bridge": true, "edge_betweenness": 0.0, "width_m": 8.125}}, {"type": "Feature", "geometry": {"type": "LineString", "coordinates": [[80.938218, 26.852302], [80.938117, 26.852302]]}, "properties": {"feature_type": "edge", "u": 199, "v": 200, "edge_key": 0, "length_m": 10.0, "is_bridged": false, "is_bridge": false, "edge_betweenness": 0.0, "width_m": 11.842}}, {"type": "Feature", "geometry": {"type": "LineString", "coordinates": [[80.938218, 26.852302], [80.938218, 26.852266], [80.93856, 26.851977], [80.938963, 26.851725], [80.939084, 26.851707]]}, "properties": {"feature_type": "edge", "u": 199, "v": 213, "edge_key": 0, "length_m": 115.099, "is_bridged": false, "is_bridge": false, "edge_betweenness": 0.0, "width_m": 8.765}}, {"type": "Feature", "geometry": {"type": "LineString", "coordinates": [[80.938117, 26.852302], [80.938097, 26.852266], [80.938097, 26.852013], [80.937996, 26.851887], [80.937876, 26.851796]]}, "properties": {"feature_type": "edge", "u": 200, "v": 210, "edge_key": 0, "length_m": 66.4, "is_bridged": false, "is_bridge": false, "edge_betweenness": 0.0, "width_m": 8.777}}, {"type": "Feature", "geometry": {"type": "LineString", "coordinates": [[80.948747, 26.85218], [80.948726, 26.852198], [80.948586, 26.852198], [80.948565, 26.852216], [80.947982, 26.852216], [80.947941, 26.852162], [80.947861, 26.851638]]}, "properties": {"feature_type": "edge", "u": 201, "v": 215, "edge_key": 0, "length_m": 146.627, "is_bridged": false, "is_bridge": true, "edge_betweenness": 0.0, "width_m": 8.223}}, {"type": "Feature", "geometry": {"type": "LineString", "coordinates": [[80.948747, 26.85218], [80.948727, 26.852072], [80.948586, 26.851783], [80.948505, 26.851548], [80.948445, 26.851476]]}, "properties": {"feature_type": "edge", "u": 201, "v": 217, "edge_key": 0, "length_m": 90.426, "is_bridged": false, "is_bridge": false, "edge_betweenness": 0.0, "width_m": 8.712}}, {"type": "Feature", "geometry": {"type": "LineString", "coordinates": [[80.937372, 26.852103], [80.937332, 26.852103], [80.937271, 26.852049], [80.937191, 26.851923], [80.93703, 26.851742]]}, "properties": {"feature_type": "edge", "u": 202, "v": 212, "edge_key": 0, "length_m": 56.426, "is_bridged": false, "is_bridge": true, "edge_betweenness": 0.0, "width_m": 8.858}}, {"type": "Feature", "geometry": {"type": "LineString", "coordinates": [[80.937372, 26.852103], [80.937493, 26.852067], [80.937654, 26.851977], [80.937876, 26.851796]]}, "properties": {"feature_type": "edge", "u": 202, "v": 210, "edge_key": 0, "length_m": 63.727, "is_bridged": false, "is_bridge": false, "edge_betweenness": 0.0, "width_m": 8.991}}, {"type": "Feature", "geometry": {"type": "LineString", "coordinates": [[80.941781, 26.852087], [80.941701, 26.852051], [80.941338, 26.851581], [80.941318, 26.851527], [80.941318, 26.851274], [80.941198, 26.851076], [80.940936, 26.850787], [80.940856, 26.85066]]}, "properties": {"feature_type": "edge", "u": 203, "v": 238, "edge_key": 0, "length_m": 197.649, "is_bridged": false, "is_bridge": false, "edge_betweenness": 0.0, "width_m": 8.786}}, {"type": "Feature", "geometry": {"type": "LineString", "coordinates": [[80.941781, 26.852087], [80.942043, 26.851943], [80.942566, 26.8516], [80.942687, 26.851546], [80.942728, 26.85151], [80.942728, 26.851473]]}, "properties": {"feature_type": "edge", "u": 203, "v": 216, "edge_key": 0, "length_m": 124.153, "is_bridged": false, "is_bridge": false, "edge_betweenness": 0.0, "width_m": 8.988}}, {"type": "Feature", "geometry": {"type": "LineString", "coordinates": [[80.954504, 26.852074], [80.954625, 26.85202]]}, "properties": {"feature_type": "edge", "u": 204, "v": 205, "edge_key": 0, "length_m": 14.129, "is_bridged": false, "is_bridge": false, "edge_betweenness": 0.0, "width_m": 11.385}}, {"type": "Feature", "geometry": {"type": "LineString", "coordinates": [[80.954504, 26.852074], [80.954484, 26.851983]]}, "properties": {"feature_type": "edge", "u": 204, "v": 206, "edge_key": 0, "length_m": 10.472, "is_bridged": false, "is_bridge": false, "edge_betweenness": 0.0, "width_m": 10.434}}, {"type": "Feature", "geometry": {"type": "LineString", "coordinates": [[80.954625, 26.85202], [80.954605, 26.851947]]}, "properties": {"feature_type": "edge", "u": 205, "v": 208, "edge_key": 0, "length_m": 8.828, "is_bridged": false, "is_bridge": false, "edge_betweenness": 0.0, "width_m": 9.828}}, {"type": "Feature", "geometry": {"type": "LineString", "coordinates": [[80.954484, 26.851983], [80.954082, 26.852001], [80.952471, 26.852362], [80.95227, 26.852362], [80.952068, 26.85229], [80.951364, 26.851838], [80.950901, 26.851513], [80.950579, 26.851206], [80.950297, 26.85079], [80.949976, 26.849905]]}, "properties": {"feature_type": "edge", "u": 206, "v": 261, "edge_key": 0, "length_m": 627.937, "is_bridged": false, "is_bridge": false, "edge_betweenness": 0.0, "width_m": 8.661}}, {"type": "Feature", "geometry": {"type": "LineString", "coordinates": [[80.954484, 26.851983], [80.954525, 26.851947], [80.954605, 26.851947]]}, "properties": {"feature_type": "edge", "u": 206, "v": 208, "edge_key": 0, "length_m": 13.657, "is_bridged": false, "is_bridge": false, "edge_betweenness": 0.0, "width_m": 9.419}}, {"type": "Feature", "geometry": {"type": "LineString", "coordinates": [[80.939184, 26.851869], [80.939144, 26.851887]]}, "properties": {"feature_type": "edge", "u": 207, "v": 481, "edge_key": 0, "length_m": 4.472, "is_bridged": false, "is_bridge": false, "edge_betweenness": 0.0, "width_m": 2.981}}, {"type": "Feature", "geometry": {"type": "LineString", "coordinates": [[80.939144, 26.851887], [80.939184, 26.851869]]}, "properties": {"feature_type": "edge", "u": 207, "v": 481, "edge_key": 1, "length_m": 4.472, "is_bridged": false, "is_bridge": false, "edge_betweenness": 0.0, "width_m": 2.981}}, {"type": "Feature", "geometry": {"type": "LineString", "coordinates": [[80.939184, 26.851869], [80.939063, 26.851797], [80.939084, 26.851707]]}, "properties": {"feature_type": "edge", "u": 207, "v": 213, "edge_key": 0, "length_m": 24.747, "is_bridged": false, "is_bridge": false, "edge_betweenness": 0.0, "width_m": 5.178}}, {"type": "Feature", "geometry": {"type": "LineString", "coordinates": [[80.939184, 26.851869], [80.939184, 26.851743]]}, "properties": {"feature_type": "edge", "u": 207, "v": 211, "edge_key": 0, "length_m": 14.0, "is_bridged": false, "is_bridge": false, "edge_betweenness": 0.0, "width_m": 8.216}}, {"type": "Feature", "geometry": {"type": "LineString", "coordinates": [[80.954605, 26.851947], [80.954887, 26.851388], [80.954887, 26.851333], [80.954927, 26.851315]]}, "properties": {"feature_type": "edge", "u": 208, "v": 224, "edge_key": 0, "length_m": 83.714, "is_bridged": false, "is_bridge": false, "edge_betweenness": 0.0, "width_m": 8.848}}, {"type": "Feature", "geometry": {"type": "LineString", "coordinates": [[80.94615, 26.851908], [80.946069, 26.851764], [80.946069, 26.85171], [80.94611, 26.851673], [80.94611, 26.851529], [80.945989, 26.85124], [80.945989, 26.851168], [80.946573, 26.850969]]}, "properties": {"feature_type": "edge", "u": 209, "v": 233, "edge_key": 0, "length_m": 159.054, "is_bridged": false, "is_bridge": true, "edge_betweenness": 0.0, "width_m": 8.731}}, {"type": "Feature", "geometry": {"type": "LineString", "coordinates": [[80.937876, 26.851796], [80.937815, 26.85167], [80.937554, 26.851381]]}, "properties": {"feature_type": "edge", "u": 210, "v": 218, "edge_key": 0, "length_m": 58.899, "is_bridged": false, "is_bridge": true, "edge_betweenness": 0.0, "width_m": 8.954}}, {"type": "Feature", "geometry": {"type": "LineString", "coordinates": [[80.939184, 26.851743], [80.939285, 26.851707], [80.939527, 26.851526], [80.939768, 26.851382], [80.939829, 26.851328], [80.939829, 26.851274]]}, "properties": {"feature_type": "edge", "u": 211, "v": 223, "edge_key": 0, "length_m": 89.054, "is_bridged": false, "is_bridge": false, "edge_betweenness": 0.0, "width_m": 8.909}}, {"type": "Feature", "geometry": {"type": "LineString", "coordinates": [[80.939184, 26.851743], [80.939144, 26.851707], [80.939084, 26.851707]]}, "properties": {"feature_type": "edge", "u": 211, "v": 213, "edge_key": 0, "length_m": 11.657, "is_bridged": false, "is_bridge": false, "edge_betweenness": 0.0, "width_m": 6.981}}, {"type": "Feature", "geometry": {"type": "LineString", "coordinates": [[80.939084, 26.851707], [80.939164, 26.851598], [80.939587, 26.851346], [80.939748, 26.851256], [80.939829, 26.851274]]}, "properties": {"feature_type": "edge", "u": 213, "v": 223, "edge_key": 0, "length_m": 96.933, "is_bridged": false, "is_bridge": false, "edge_betweenness": 0.0, "width_m": 8.598}}, {"type": "Feature", "geometry": {"type": "LineString", "coordinates": [[80.934936, 26.851705], [80.934977, 26.851651], [80.935118, 26.851579], [80.93542, 26.851362]]}, "properties": {"feature_type": "edge", "u": 214, "v": 220, "edge_key": 0, "length_m": 64.912, "is_bridged": false, "is_bridge": true, "edge_betweenness": 0.0, "width_m": 8.645}}, {"type": "Feature", "geometry": {"type": "LineString", "coordinates": [[80.942728, 26.851473], [80.942808, 26.851473], [80.943191, 26.851239], [80.943412, 26.851149]]}, "properties": {"feature_type": "edge", "u": 216, "v": 229, "edge_key": 0, "length_m": 82.555, "is_bridged": false, "is_bridge": false, "edge_betweenness": 0.0, "width_m": 9.406}}, {"type": "Feature", "geometry": {"type": "LineString", "coordinates": [[80.942728, 26.851473], [80.942707, 26.851419], [80.941742, 26.850245], [80.941661, 26.850119]]}, "properties": {"feature_type": "edge", "u": 216, "v": 255, "edge_key": 0, "length_m": 193.194, "is_bridged": false, "is_bridge": false, "edge_betweenness": 0.0, "width_m": 8.96}}, {"type": "Feature", "geometry": {"type": "LineString", "coordinates": [[80.948445, 26.851476], [80.948083, 26.851439], [80.948062, 26.851421], [80.947962, 26.851421], [80.947942, 26.851403], [80.947841, 26.851403], [80.947821, 26.851385], [80.94772, 26.851385], [80.9477, 26.851367], [80.947438, 26.851331]]}, "properties": {"feature_type": "edge", "u": 217, "v": 221, "edge_key": 0, "length_m": 106.271, "is_bridged": false, "is_bridge": false, "edge_betweenness": 0.0, "width_m": 8.28}}, {"type": "Feature", "geometry": {"type": "LineString", "coordinates": [[80.948445, 26.851476], [80.948425, 26.851367], [80.948103, 26.850681], [80.948103, 26.850609]]}, "properties": {"feature_type": "edge", "u": 217, "v": 241, "edge_key": 0, "length_m": 109.727, "is_bridged": false, "is_bridge": false, "edge_betweenness": 0.0, "width_m": 8.633}}, {"type": "Feature", "geometry": {"type": "LineString", "coordinates": [[80.955068, 26.851388], [80.955008, 26.851333], [80.954927, 26.851315]]}, "properties": {"feature_type": "edge", "u": 219, "v": 224, "edge_key": 0, "length_m": 16.957, "is_bridged": false, "is_bridge": true, "edge_betweenness": 0.0, "width_m": 7.893}}, {"type": "Feature", "geometry": {"type": "LineString", "coordinates": [[80.93542, 26.851362], [80.9354, 26.85129], [80.935359, 26.851254], [80.934957, 26.850549], [80.934957, 26.850513]]}, "properties": {"feature_type": "edge", "u": 220, "v": 246, "edge_key": 0, "length_m": 112.698, "is_bridged": false, "is_bridge": true, "edge_betweenness": 0.0, "width_m": 8.849}}, {"type": "Feature", "geometry": {"type": "LineString", "coordinates": [[80.93542, 26.851362], [80.935863, 26.851019], [80.935964, 26.850983]]}, "properties": {"feature_type": "edge", "u": 220, "v": 231, "edge_key": 0, "length_m": 71.041, "is_bridged": false, "is_bridge": false, "edge_betweenness": 0.0, "width_m": 9.416}}, {"type": "Feature", "geometry": {"type": "LineString", "coordinates": [[80.947438, 26.851331], [80.947338, 26.851295], [80.946996, 26.85124]]}, "properties": {"feature_type": "edge", "u": 221, "v": 228, "edge_key": 0, "length_m": 48.142, "is_bridged": false, "is_bridge": false, "edge_betweenness": 0.0, "width_m": 8.766}}, {"type": "Feature", "geometry": {"type": "LineString", "coordinates": [[80.945123, 26.85133], [80.945023, 26.851077], [80.945023, 26.851005], [80.945244, 26.850915], [80.945244, 26.850824], [80.945144, 26.850499]]}, "properties": {"feature_type": "edge", "u": 222, "v": 248, "edge_key": 0, "length_m": 116.426, "is_bridged": false, "is_bridge": true, "edge_betweenness": 0.0, "width_m": 8.545}}, {"type": "Feature", "geometry": {"type": "LineString", "coordinates": [[80.939829, 26.851274], [80.939889, 26.851292], [80.93999, 26.851165]]}, "properties": {"feature_type": "edge", "u": 223, "v": 225, "edge_key": 0, "length_m": 23.529, "is_bridged": false, "is_bridge": false, "edge_betweenness": 0.0, "width_m": 4.315}}, {"type": "Feature", "geometry": {"type": "LineString", "coordinates": [[80.939829, 26.851274], [80.939829, 26.851219], [80.93999, 26.851165]]}, "properties": {"feature_type": "edge", "u": 223, "v": 225, "edge_key": 1, "length_m": 23.088, "is_bridged": false, "is_bridge": false, "edge_betweenness": 0.0, "width_m": 4.315}}, {"type": "Feature", "geometry": {"type": "LineString", "coordinates": [[80.954927, 26.851315], [80.954887, 26.851279], [80.954847, 26.851279], [80.954364, 26.851062], [80.954324, 26.851026], [80.952613, 26.850231], [80.951305, 26.849526], [80.951184, 26.849472], [80.951083, 26.849454]]}, "properties": {"feature_type": "edge", "u": 224, "v": 274, "edge_key": 0, "length_m": 467.328, "is_bridged": false, "is_bridge": false, "edge_betweenness": 0.0, "width_m": 8.896}}, {"type": "Feature", "geometry": {"type": "LineString", "coordinates": [[80.954927, 26.851315], [80.955048, 26.851045], [80.955048, 26.850972]]}, "properties": {"feature_type": "edge", "u": 224, "v": 234, "edge_key": 0, "length_m": 42.614, "is_bridged": false, "is_bridge": true, "edge_betweenness": 0.0, "width_m": 8.519}}, {"type": "Feature", "geometry": {"type": "LineString", "coordinates": [[80.93999, 26.851165], [80.94009, 26.851039], [80.939849, 26.850786], [80.939849, 26.850714]]}, "properties": {"feature_type": "edge", "u": 225, "v": 236, "edge_key": 0, "length_m": 63.146, "is_bridged": false, "is_bridge": false, "edge_betweenness": 0.0, "width_m": 9.244}}, {"type": "Feature", "geometry": {"type": "LineString", "coordinates": [[80.93999, 26.851165], [80.940171, 26.851039], [80.940211, 26.851039], [80.940433, 26.850877]]}, "properties": {"feature_type": "edge", "u": 225, "v": 230, "edge_key": 0, "length_m": 55.254, "is_bridged": false, "is_bridge": false, "edge_betweenness": 0.0, "width_m": 10.108}}, {"type": "Feature", "geometry": {"type": "LineString", "coordinates": [[80.936225, 26.851254], [80.935964, 26.850983]]}, "properties": {"feature_type": "edge", "u": 226, "v": 231, "edge_key": 0, "length_m": 40.413, "is_bridged": false, "is_bridge": true, "edge_betweenness": 0.0, "width_m": 8.913}}, {"type": "Feature", "geometry": {"type": "LineString", "coordinates": [[80.936869, 26.851254], [80.936749, 26.851128], [80.936728, 26.851056], [80.937192, 26.850749], [80.937292, 26.850641]]}, "properties": {"feature_type": "edge", "u": 227, "v": 239, "edge_key": 0, "length_m": 103.668, "is_bridged": false, "is_bridge": true, "edge_betweenness": 0.0, "width_m": 9.25}}, {"type": "Feature", "geometry": {"type": "LineString", "coordinates": [[80.946996, 26.85124], [80.946935, 26.851186], [80.946814, 26.85115], [80.946573, 26.850969]]}, "properties": {"feature_type": "edge", "u": 228, "v": 233, "edge_key": 0, "length_m": 54.426, "is_bridged": false, "is_bridge": false, "edge_betweenness": 0.0, "width_m": 9.352}}, {"type": "Feature", "geometry": {"type": "LineString", "coordinates": [[80.943412, 26.851149], [80.943372, 26.851004], [80.943372, 26.850914], [80.943352, 26.850896], [80.943352, 26.850806], [80.943312, 26.850697], [80.943272, 26.85039], [80.943231, 26.850282], [80.943211, 26.850065]]}, "properties": {"feature_type": "edge", "u": 229, "v": 256, "edge_key": 0, "length_m": 127.928, "is_bridged": false, "is_bridge": false, "edge_betweenness": 0.0, "width_m": 15.453}}, {"type": "Feature", "geometry": {"type": "LineString", "coordinates": [[80.943412, 26.851149], [80.943493, 26.851095], [80.943956, 26.851041], [80.944056, 26.851004]]}, "properties": {"feature_type": "edge", "u": 229, "v": 232, "edge_key": 0, "length_m": 70.627, "is_bridged": false, "is_bridge": true, "edge_betweenness": 0.0, "width_m": 8.632}}, {"type": "Feature", "geometry": {"type": "LineString", "coordinates": [[80.940433, 26.850877], [80.940634, 26.850804], [80.940654, 26.850732]]}, "properties": {"feature_type": "edge", "u": 230, "v": 235, "edge_key": 0, "length_m": 30.369, "is_bridged": false, "is_bridge": false, "edge_betweenness": 0.0, "width_m": 4.472}}, {"type": "Feature", "geometry": {"type": "LineString", "coordinates": [[80.940433, 26.850877], [80.940594, 26.850714], [80.940654, 26.850732]]}, "properties": {"feature_type": "edge", "u": 230, "v": 235, "edge_key": 1, "length_m": 30.413, "is_bridged": false, "is_bridge": false, "edge_betweenness": 0.0, "width_m": 4.472}}, {"type": "Feature", "geometry": {"type": "LineString", "coordinates": [[80.935964, 26.850983], [80.936588, 26.850387]]}, "properties": {"feature_type": "edge", "u": 231, "v": 252, "edge_key": 0, "length_m": 91.325, "is_bridged": false, "is_bridge": false, "edge_betweenness": 0.0, "width_m": 10.781}}, {"type": "Feature", "geometry": {"type": "LineString", "coordinates": [[80.946573, 26.850969], [80.946553, 26.850915], [80.946452, 26.850807], [80.946372, 26.850644], [80.946392, 26.849669], [80.946433, 26.849633], [80.946553, 26.849597], [80.946594, 26.849543], [80.946574, 26.848965]]}, "properties": {"feature_type": "edge", "u": 233, "v": 290, "edge_key": 0, "length_m": 244.912, "is_bridged": false, "is_bridge": false, "edge_betweenness": 0.0, "width_m": 8.279}}, {"type": "Feature", "geometry": {"type": "LineString", "coordinates": [[80.940654, 26.850732], [80.940715, 26.85075], [80.940735, 26.850678]]}, "properties": {"feature_type": "edge", "u": 235, "v": 237, "edge_key": 0, "length_m": 15.153, "is_bridged": false, "is_bridge": false, "edge_betweenness": 0.0, "width_m": 4.472}}, {"type": "Feature", "geometry": {"type": "LineString", "coordinates": [[80.940654, 26.850732], [80.940675, 26.85066], [80.940735, 26.850678]]}, "properties": {"feature_type": "edge", "u": 235, "v": 237, "edge_key": 1, "length_m": 15.153, "is_bridged": false, "is_bridge": false, "edge_betweenness": 0.0, "width_m": 4.472}}, {"type": "Feature", "geometry": {"type": "LineString", "coordinates": [[80.939849, 26.850714], [80.939789, 26.850714], [80.939708, 26.850642], [80.939688, 26.850569]]}, "properties": {"feature_type": "edge", "u": 236, "v": 245, "edge_key": 0, "length_m": 26.142, "is_bridged": false, "is_bridge": false, "edge_betweenness": 0.0, "width_m": 9.866}}, {"type": "Feature", "geometry": {"type": "LineString", "coordinates": [[80.939849, 26.850714], [80.940514, 26.850263], [80.940635, 26.850136]]}, "properties": {"feature_type": "edge", "u": 236, "v": 254, "edge_key": 0, "length_m": 105.325, "is_bridged": false, "is_bridge": false, "edge_betweenness": 0.0, "width_m": 9.004}}, {"type": "Feature", "geometry": {"type": "LineString", "coordinates": [[80.940735, 26.850678], [80.940836, 26.850696], [80.940856, 26.85066]]}, "properties": {"feature_type": "edge", "u": 237, "v": 238, "edge_key": 0, "length_m": 14.797, "is_bridged": false, "is_bridge": false, "edge_betweenness": 0.0, "width_m": 7.44}}, {"type": "Feature", "geometry": {"type": "LineString", "coordinates": [[80.940735, 26.850678], [80.940735, 26.850624], [80.940775, 26.850588], [80.940815, 26.850588]]}, "properties": {"feature_type": "edge", "u": 237, "v": 242, "edge_key": 0, "length_m": 15.657, "is_bridged": false, "is_bridge": false, "edge_betweenness": 0.0, "width_m": 6.498}}, {"type": "Feature", "geometry": {"type": "LineString", "coordinates": [[80.940856, 26.85066], [80.940936, 26.850588]]}, "properties": {"feature_type": "edge", "u": 238, "v": 243, "edge_key": 0, "length_m": 11.773, "is_bridged": false, "is_bridge": false, "edge_betweenness": 0.0, "width_m": 9.537}}, {"type": "Feature", "geometry": {"type": "LineString", "coordinates": [[80.940856, 26.85066], [80.940815, 26.850588]]}, "properties": {"feature_type": "edge", "u": 238, "v": 242, "edge_key": 0, "length_m": 8.944, "is_bridged": false, "is_bridge": false, "edge_betweenness": 0.0, "width_m": 6.99}}, {"type": "Feature", "geometry": {"type": "LineString", "coordinates": [[80.937292, 26.850641], [80.937333, 26.850659], [80.937574, 26.850659], [80.937755, 26.850514], [80.938219, 26.849955], [80.938602, 26.849395]]}, "properties": {"feature_type": "edge", "u": 239, "v": 276, "edge_key": 0, "length_m": 211.893, "is_bridged": false, "is_bridge": false, "edge_betweenness": 0.0, "width_m": 8.92}}, {"type": "Feature", "geometry": {"type": "LineString", "coordinates": [[80.937292, 26.850641], [80.937212, 26.850586], [80.936709, 26.850405], [80.936588, 26.850387]]}, "properties": {"feature_type": "edge", "u": 239, "v": 252, "edge_key": 0, "length_m": 81.598, "is_bridged": false, "is_bridge": false, "edge_betweenness": 0.0, "width_m": 8.866}}, {"type": "Feature", "geometry": {"type": "LineString", "coordinates": [[80.945909, 26.850662], [80.945889, 26.850626], [80.945889, 26.850355], [80.945869, 26.850337], [80.945869, 26.849651], [80.945889, 26.849633], [80.945889, 26.849434], [80.945869, 26.84938]]}, "properties": {"feature_type": "edge", "u": 240, "v": 278, "edge_key": 0, "length_m": 144.81, "is_bridged": false, "is_bridge": true, "edge_betweenness": 0.0, "width_m": 7.856}}, {"type": "Feature", "geometry": {"type": "LineString", "coordinates": [[80.948103, 26.850609], [80.948063, 26.850591], [80.947902, 26.850139], [80.947741, 26.849796], [80.947701, 26.849652], [80.94748, 26.849164], [80.947319, 26.84873], [80.947259, 26.848604], [80.947218, 26.848586]]}, "properties": {"feature_type": "edge", "u": 241, "v": 303, "edge_key": 0, "length_m": 262.081, "is_bridged": false, "is_bridge": false, "edge_betweenness": 0.0, "width_m": 8.526}}, {"type": "Feature", "geometry": {"type": "LineString", "coordinates": [[80.948103, 26.850609], [80.948224, 26.850591]]}, "properties": {"feature_type": "edge", "u": 241, "v": 244, "edge_key": 0, "length_m": 12.472, "is_bridged": false, "is_bridge": false, "edge_betweenness": 0.0, "width_m": 9.308}}, {"type": "Feature", "geometry": {"type": "LineString", "coordinates": [[80.940815, 26.850588], [80.940896, 26.850516]]}, "properties": {"feature_type": "edge", "u": 242, "v": 247, "edge_key": 0, "length_m": 11.773, "is_bridged": false, "is_bridge": false, "edge_betweenness": 0.0, "width_m": 7.886}}, {"type": "Feature", "geometry": {"type": "LineString", "coordinates": [[80.940936, 26.850588], [80.941581, 26.850137], [80.941661, 26.850119]]}, "properties": {"feature_type": "edge", "u": 243, "v": 255, "edge_key": 0, "length_m": 92.827, "is_bridged": false, "is_bridge": false, "edge_betweenness": 0.0, "width_m": 9.14}}, {"type": "Feature", "geometry": {"type": "LineString", "coordinates": [[80.940936, 26.850588], [80.940936, 26.850552], [80.940896, 26.850516]]}, "properties": {"feature_type": "edge", "u": 243, "v": 247, "edge_key": 0, "length_m": 9.657, "is_bridged": false, "is_bridge": false, "edge_betweenness": 0.0, "width_m": 6.236}}, {"type": "Feature", "geometry": {"type": "LineString", "coordinates": [[80.948224, 26.850591], [80.948184, 26.850555], [80.948164, 26.850446], [80.947882, 26.849814], [80.947882, 26.849724]]}, "properties": {"feature_type": "edge", "u": 244, "v": 269, "edge_key": 0, "length_m": 110.083, "is_bridged": false, "is_bridge": false, "edge_betweenness": 0.0, "width_m": 8.601}}, {"type": "Feature", "geometry": {"type": "LineString", "coordinates": [[80.948224, 26.850591], [80.948647, 26.85041], [80.948687, 26.85041], [80.948788, 26.850356], [80.949392, 26.85014], [80.949533, 26.850068], [80.949573, 26.850068], [80.949694, 26.849995]]}, "properties": {"feature_type": "edge", "u": 244, "v": 259, "edge_key": 0, "length_m": 172.982, "is_bridged": false, "is_bridge": false, "edge_betweenness": 0.0, "width_m": 8.807}}, {"type": "Feature", "geometry": {"type": "LineString", "coordinates": [[80.939688, 26.850569], [80.939628, 26.850551], [80.939447, 26.850334], [80.939326, 26.850244]]}, "properties": {"feature_type": "edge", "u": 245, "v": 253, "edge_key": 0, "length_m": 53.714, "is_bridged": false, "is_bridge": false, "edge_betweenness": 0.0, "width_m": 9.25}}, {"type": "Feature", "geometry": {"type": "LineString", "coordinates": [[80.939688, 26.850569], [80.939849, 26.850425]]}, "properties": {"feature_type": "edge", "u": 245, "v": 251, "edge_key": 0, "length_m": 23.443, "is_bridged": false, "is_bridge": false, "edge_betweenness": 0.0, "width_m": 9.284}}, {"type": "Feature", "geometry": {"type": "LineString", "coordinates": [[80.940896, 26.850516], [80.940956, 26.850443], [80.941782, 26.84983]]}, "properties": {"feature_type": "edge", "u": 247, "v": 264, "edge_key": 0, "length_m": 120.296, "is_bridged": false, "is_bridge": false, "edge_betweenness": 0.0, "width_m": 9.202}}, {"type": "Feature", "geometry": {"type": "LineString", "coordinates": [[80.945144, 26.850499], [80.945063, 26.85021], [80.945023, 26.850138], [80.944923, 26.849723]]}, "properties": {"feature_type": "edge", "u": 248, "v": 268, "edge_key": 0, "length_m": 95.113, "is_bridged": false, "is_bridge": true, "edge_betweenness": 0.0, "width_m": 8.493}}, {"type": "Feature", "geometry": {"type": "LineString", "coordinates": [[80.945144, 26.850499], [80.945325, 26.850463]]}, "properties": {"feature_type": "edge", "u": 248, "v": 250, "edge_key": 0, "length_m": 19.657, "is_bridged": false, "is_bridge": true, "edge_betweenness": 0.0, "width_m": 8.683}}, {"type": "Feature", "geometry": {"type": "LineString", "coordinates": [[80.938863, 26.850461], [80.939064, 26.850388], [80.939165, 26.850316], [80.939326, 26.850244]]}, "properties": {"feature_type": "edge", "u": 249, "v": 253, "edge_key": 0, "length_m": 55.941, "is_bridged": false, "is_bridge": true, "edge_betweenness": 0.0, "width_m": 8.993}}, {"type": "Feature", "geometry": {"type": "LineString", "coordinates": [[80.939849, 26.850425], [80.939789, 26.850389], [80.939427, 26.849919], [80.939346, 26.849865]]}, "properties": {"feature_type": "edge", "u": 251, "v": 263, "edge_key": 0, "length_m": 84.698, "is_bridged": false, "is_bridge": false, "edge_betweenness": 0.0, "width_m": 9.008}}, {"type": "Feature", "geometry": {"type": "LineString", "coordinates": [[80.939849, 26.850425], [80.93995, 26.850389], [80.940494, 26.849992]]}, "properties": {"feature_type": "edge", "u": 251, "v": 257, "edge_key": 0, "length_m": 83.882, "is_bridged": false, "is_bridge": false, "edge_betweenness": 0.0, "width_m": 9.248}}, {"type": "Feature", "geometry": {"type": "LineString", "coordinates": [[80.936588, 26.850387], [80.936548, 26.850333], [80.936286, 26.850189], [80.936024, 26.850008], [80.935964, 26.849918]]}, "properties": {"feature_type": "edge", "u": 252, "v": 260, "edge_key": 0, "length_m": 86.698, "is_bridged": false, "is_bridge": false, "edge_betweenness": 0.0, "width_m": 9.076}}, {"type": "Feature", "geometry": {"type": "LineString", "coordinates": [[80.939326, 26.850244], [80.939306, 26.850172], [80.939225, 26.8501], [80.939185, 26.850027], [80.939185, 26.849973]]}, "properties": {"feature_type": "edge", "u": 253, "v": 258, "edge_key": 0, "length_m": 35.443, "is_bridged": false, "is_bridge": false, "edge_betweenness": 0.0, "width_m": 9.197}}, {"type": "Feature", "geometry": {"type": "LineString", "coordinates": [[80.940635, 26.850136], [80.940574, 26.8501], [80.940494, 26.849992]]}, "properties": {"feature_type": "edge", "u": 254, "v": 257, "edge_key": 0, "length_m": 22.258, "is_bridged": false, "is_bridge": false, "edge_betweenness": 0.0, "width_m": 9.826}}, {"type": "Feature", "geometry": {"type": "LineString", "coordinates": [[80.940635, 26.850136], [80.940715, 26.850118], [80.941037, 26.849902], [80.941198, 26.849775], [80.941219, 26.849721]]}, "properties": {"feature_type": "edge", "u": 254, "v": 267, "edge_key": 0, "length_m": 79.041, "is_bridged": false, "is_bridge": false, "edge_betweenness": 0.0, "width_m": 8.992}}, {"type": "Feature", "geometry": {"type": "LineString", "coordinates": [[80.941661, 26.850119], [80.941863, 26.849938], [80.941863, 26.849902]]}, "properties": {"feature_type": "edge", "u": 255, "v": 262, "edge_key": 0, "length_m": 33.1, "is_bridged": false, "is_bridge": false, "edge_betweenness": 0.0, "width_m": 9.396}}, {"type": "Feature", "geometry": {"type": "LineString", "coordinates": [[80.943211, 26.850065], [80.943372, 26.850029], [80.943413, 26.849993], [80.944258, 26.849578], [80.944339, 26.849578]]}, "properties": {"feature_type": "edge", "u": 256, "v": 271, "edge_key": 0, "length_m": 134.368, "is_bridged": false, "is_bridge": false, "edge_betweenness": 0.0, "width_m": 12.937}}, {"type": "Feature", "geometry": {"type": "LineString", "coordinates": [[80.943211, 26.850065], [80.943111, 26.849975], [80.94295, 26.84974], [80.942749, 26.849505], [80.942729, 26.849451], [80.942588, 26.849306]]}, "properties": {"feature_type": "edge", "u": 256, "v": 280, "edge_key": 0, "length_m": 110.051, "is_bridged": false, "is_bridge": false, "edge_betweenness": 0.0, "width_m": 14.1}}, {"type": "Feature", "geometry": {"type": "LineString", "coordinates": [[80.940494, 26.849992], [80.940333, 26.849793]]}, "properties": {"feature_type": "edge", "u": 257, "v": 265, "edge_key": 0, "length_m": 28.271, "is_bridged": false, "is_bridge": true, "edge_betweenness": 0.0, "width_m": 9.955}}, {"type": "Feature", "geometry": {"type": "LineString", "coordinates": [[80.940494, 26.849992], [80.940514, 26.849956], [80.940594, 26.84992], [80.941017, 26.849613], [80.941058, 26.849559]]}, "properties": {"feature_type": "edge", "u": 257, "v": 270, "edge_key": 0, "length_m": 77.513, "is_bridged": false, "is_bridge": false, "edge_betweenness": 0.0, "width_m": 9.456}}, {"type": "Feature", "geometry": {"type": "LineString", "coordinates": [[80.939185, 26.849973], [80.939145, 26.849973], [80.939064, 26.849919], [80.938602, 26.849395]]}, "properties": {"feature_type": "edge", "u": 258, "v": 276, "edge_key": 0, "length_m": 91.539, "is_bridged": false, "is_bridge": false, "edge_betweenness": 0.0, "width_m": 9.213}}, {"type": "Feature", "geometry": {"type": "LineString", "coordinates": [[80.939185, 26.849973], [80.939346, 26.849865]]}, "properties": {"feature_type": "edge", "u": 258, "v": 263, "edge_key": 0, "length_m": 20.971, "is_bridged": false, "is_bridge": false, "edge_betweenness": 0.0, "width_m": 9.547}}, {"type": "Feature", "geometry": {"type": "LineString", "coordinates": [[80.949694, 26.849995], [80.949935, 26.849941], [80.949976, 26.849905]]}, "properties": {"feature_type": "edge", "u": 259, "v": 261, "edge_key": 0, "length_m": 32.142, "is_bridged": false, "is_bridge": false, "edge_betweenness": 0.0, "width_m": 9.718}}, {"type": "Feature", "geometry": {"type": "LineString", "coordinates": [[80.949694, 26.849995], [80.949674, 26.849941], [80.949251, 26.849399], [80.949151, 26.849219], [80.94907, 26.849165]]}, "properties": {"feature_type": "edge", "u": 259, "v": 284, "edge_key": 0, "length_m": 118.407, "is_bridged": false, "is_bridge": false, "edge_betweenness": 0.0, "width_m": 8.748}}, {"type": "Feature", "geometry": {"type": "LineString", "coordinates": [[80.935964, 26.849918], [80.935884, 26.8499], [80.935401, 26.849538], [80.935059, 26.849213], [80.934958, 26.849105], [80.934938, 26.84905]]}, "properties": {"feature_type": "edge", "u": 260, "v": 286, "edge_key": 0, "length_m": 146.451, "is_bridged": false, "is_bridge": true, "edge_betweenness": 0.0, "width_m": 8.816}}, {"type": "Feature", "geometry": {"type": "LineString", "coordinates": [[80.935964, 26.849918], [80.936105, 26.849629], [80.936146, 26.849484], [80.936186, 26.84943], [80.936226, 26.849286], [80.936266, 26.849232], [80.936468, 26.848708], [80.936549, 26.8486], [80.936569, 26.848527], [80.936609, 26.848509]]}, "properties": {"feature_type": "edge", "u": 260, "v": 306, "edge_key": 0, "length_m": 183.325, "is_bridged": false, "is_bridge": false, "edge_betweenness": 0.0, "width_m": 8.645}}, {"type": "Feature", "geometry": {"type": "LineString", "coordinates": [[80.949976, 26.849905], [80.949976, 26.849725], [80.949996, 26.849707], [80.949996, 26.84958], [80.950016, 26.849562], [80.950056, 26.849309], [80.950157, 26.849057], [80.950157, 26.849002], [80.950198, 26.848966]]}, "properties": {"feature_type": "edge", "u": 261, "v": 291, "edge_key": 0, "length_m": 113.113, "is_bridged": false, "is_bridge": false, "edge_betweenness": 0.0, "width_m": 8.524}}, {"type": "Feature", "geometry": {"type": "LineString", "coordinates": [[80.949976, 26.849905], [80.95064, 26.849635], [80.95068, 26.849635], [80.950821, 26.849562], [80.950862, 26.849562], [80.951003, 26.84949], [80.951043, 26.84949], [80.951083, 26.849454]]}, "properties": {"feature_type": "edge", "u": 261, "v": 274, "edge_key": 0, "length_m": 130.265, "is_bridged": false, "is_bridge": false, "edge_betweenness": 0.0, "width_m": 8.896}}, {"type": "Feature", "geometry": {"type": "LineString", "coordinates": [[80.941863, 26.849902], [80.941782, 26.84983]]}, "properties": {"feature_type": "edge", "u": 262, "v": 264, "edge_key": 0, "length_m": 11.314, "is_bridged": false, "is_bridge": false, "edge_betweenness": 0.0, "width_m": 9.555}}, {"type": "Feature", "geometry": {"type": "LineString", "coordinates": [[80.941863, 26.849902], [80.941923, 26.849902], [80.942527, 26.849415], [80.942588, 26.849361], [80.942588, 26.849306]]}, "properties": {"feature_type": "edge", "u": 262, "v": 280, "edge_key": 0, "length_m": 102.853, "is_bridged": false, "is_bridge": false, "edge_betweenness": 0.0, "width_m": 9.577}}, {"type": "Feature", "geometry": {"type": "LineString", "coordinates": [[80.939346, 26.849865], [80.939266, 26.849738], [80.939306, 26.849576], [80.939085, 26.849287], [80.939045, 26.849215], [80.939045, 26.849161]]}, "properties": {"feature_type": "edge", "u": 263, "v": 282, "edge_key": 0, "length_m": 93.74, "is_bridged": false, "is_bridge": false, "edge_betweenness": 0.0, "width_m": 9.046}}, {"type": "Feature", "geometry": {"type": "LineString", "coordinates": [[80.941782, 26.84983], [80.941782, 26.849776]]}, "properties": {"feature_type": "edge", "u": 264, "v": 266, "edge_key": 0, "length_m": 6.0, "is_bridged": false, "is_bridge": false, "edge_betweenness": 0.0, "width_m": 10.981}}, {"type": "Feature", "geometry": {"type": "LineString", "coordinates": [[80.940333, 26.849793], [80.940252, 26.849811], [80.940091, 26.849919], [80.940011, 26.849901], [80.939608, 26.84945]]}, "properties": {"feature_type": "edge", "u": 265, "v": 273, "edge_key": 0, "length_m": 104.84, "is_bridged": false, "is_bridge": true, "edge_betweenness": 0.0, "width_m": 8.95}}, {"type": "Feature", "geometry": {"type": "LineString", "coordinates": [[80.940333, 26.849793], [80.940534, 26.849613], [80.940534, 26.849558], [80.940232, 26.849179]]}, "properties": {"feature_type": "edge", "u": 265, "v": 283, "edge_key": 0, "length_m": 89.526, "is_bridged": false, "is_bridge": true, "edge_betweenness": 0.0, "width_m": 8.991}}, {"type": "Feature", "geometry": {"type": "LineString", "coordinates": [[80.941782, 26.849776], [80.941702, 26.849721], [80.941581, 26.849577], [80.941521, 26.849559]]}, "properties": {"feature_type": "edge", "u": 266, "v": 272, "edge_key": 0, "length_m": 37.572, "is_bridged": false, "is_bridge": false, "edge_betweenness": 0.0, "width_m": 9.501}}, {"type": "Feature", "geometry": {"type": "LineString", "coordinates": [[80.941782, 26.849776], [80.941843, 26.849776], [80.941923, 26.849722], [80.942447, 26.849324], [80.942588, 26.849306]]}, "properties": {"feature_type": "edge", "u": 266, "v": 280, "edge_key": 0, "length_m": 101.539, "is_bridged": false, "is_bridge": false, "edge_betweenness": 0.0, "width_m": 9.105}}, {"type": "Feature", "geometry": {"type": "LineString", "coordinates": [[80.941219, 26.849721], [80.941319, 26.849703], [80.941521, 26.849559]]}, "properties": {"feature_type": "edge", "u": 267, "v": 272, "edge_key": 0, "length_m": 37.456, "is_bridged": false, "is_bridge": false, "edge_betweenness": 0.0, "width_m": 9.243}}, {"type": "Feature", "geometry": {"type": "LineString", "coordinates": [[80.941219, 26.849721], [80.941058, 26.849559]]}, "properties": {"feature_type": "edge", "u": 267, "v": 270, "edge_key": 0, "length_m": 24.627, "is_bridged": false, "is_bridge": false, "edge_betweenness": 0.0, "width_m": 9.622}}, {"type": "Feature", "geometry": {"type": "LineString", "coordinates": [[80.944923, 26.849723], [80.944862, 26.849687], [80.944762, 26.849687], [80.944742, 26.849669], [80.944641, 26.849668], [80.94454, 26.849632], [80.944379, 26.849614], [80.944339, 26.849578]]}, "properties": {"feature_type": "edge", "u": 268, "v": 271, "edge_key": 0, "length_m": 64.627, "is_bridged": false, "is_bridge": false, "edge_betweenness": 0.0, "width_m": 8.549}}, {"type": "Feature", "geometry": {"type": "LineString", "coordinates": [[80.944923, 26.849723], [80.945124, 26.849723], [80.945184, 26.849705], [80.945728, 26.849398], [80.945809, 26.849362], [80.945869, 26.84938]]}, "properties": {"feature_type": "edge", "u": 268, "v": 278, "edge_key": 0, "length_m": 110.893, "is_bridged": false, "is_bridge": false, "edge_betweenness": 0.0, "width_m": 8.66}}, {"type": "Feature", "geometry": {"type": "LineString", "coordinates": [[80.947882, 26.849724], [80.947822, 26.84967], [80.947802, 26.849579], [80.94752, 26.848947], [80.94748, 26.848803], [80.94744, 26.848749], [80.947118, 26.847936], [80.947058, 26.847846], [80.946997, 26.847683], [80.946856, 26.84752], [80.946816, 26.847448], [80.946816, 26.847394]]}, "properties": {"feature_type": "edge", "u": 269, "v": 353, "edge_key": 0, "length_m": 302.722, "is_bridged": false, "is_bridge": false, "edge_betweenness": 0.0, "width_m": 8.619}}, {"type": "Feature", "geometry": {"type": "LineString", "coordinates": [[80.947882, 26.849724], [80.947942, 26.849724], [80.948486, 26.849507], [80.948728, 26.849435], [80.948768, 26.849399], [80.948768, 26.849309], [80.948788, 26.849291], [80.94907, 26.849165]]}, "properties": {"feature_type": "edge", "u": 269, "v": 284, "edge_key": 0, "length_m": 149.093, "is_bridged": false, "is_bridge": false, "edge_betweenness": 0.0, "width_m": 8.465}}, {"type": "Feature", "geometry": {"type": "LineString", "coordinates": [[80.941058, 26.849559], [80.941037, 26.849504], [80.940132, 26.848439]]}, "properties": {"feature_type": "edge", "u": 270, "v": 310, "edge_key": 0, "length_m": 162.108, "is_bridged": false, "is_bridge": false, "edge_betweenness": 0.0, "width_m": 9.026}}, {"type": "Feature", "geometry": {"type": "LineString", "coordinates": [[80.941058, 26.849559], [80.94136, 26.849378]]}, "properties": {"feature_type": "edge", "u": 270, "v": 279, "edge_key": 0, "length_m": 37.928, "is_bridged": false, "is_bridge": false, "edge_betweenness": 0.0, "width_m": 9.492}}, {"type": "Feature", "geometry": {"type": "LineString", "coordinates": [[80.944339, 26.849578], [80.944339, 26.849542], [80.94444, 26.849452], [80.94444, 26.849416]]}, "properties": {"feature_type": "edge", "u": 271, "v": 275, "edge_key": 0, "length_m": 22.142, "is_bridged": false, "is_bridge": false, "edge_betweenness": 0.0, "width_m": 8.944}}, {"type": "Feature", "geometry": {"type": "LineString", "coordinates": [[80.941521, 26.849559], [80.941501, 26.849487], [80.94144, 26.849414], [80.94136, 26.849378]]}, "properties": {"feature_type": "edge", "u": 272, "v": 279, "edge_key": 0, "length_m": 28.258, "is_bridged": false, "is_bridge": false, "edge_betweenness": 0.0, "width_m": 9.544}}, {"type": "Feature", "geometry": {"type": "LineString", "coordinates": [[80.951083, 26.849454], [80.951023, 26.849382], [80.950198, 26.848966]]}, "properties": {"feature_type": "edge", "u": 274, "v": 291, "edge_key": 0, "length_m": 111.183, "is_bridged": false, "is_bridge": false, "edge_betweenness": 0.0, "width_m": 9.036}}, {"type": "Feature", "geometry": {"type": "LineString", "coordinates": [[80.94444, 26.849416], [80.943776, 26.848603], [80.943715, 26.848494]]}, "properties": {"feature_type": "edge", "u": 275, "v": 304, "edge_key": 0, "length_m": 131.0, "is_bridged": false, "is_bridge": false, "edge_betweenness": 0.0, "width_m": 8.758}}, {"type": "Feature", "geometry": {"type": "LineString", "coordinates": [[80.94444, 26.849416], [80.9445, 26.849416], [80.945386, 26.848856], [80.945447, 26.848838], [80.945608, 26.84873], [80.945728, 26.848694]]}, "properties": {"feature_type": "edge", "u": 275, "v": 298, "edge_key": 0, "length_m": 160.781, "is_bridged": false, "is_bridge": false, "edge_betweenness": 0.0, "width_m": 8.963}}, {"type": "Feature", "geometry": {"type": "LineString", "coordinates": [[80.938602, 26.849395], [80.938481, 26.849323], [80.938441, 26.849323], [80.938179, 26.849196], [80.938139, 26.849196], [80.937917, 26.849088], [80.937615, 26.848979], [80.937535, 26.848925], [80.936609, 26.848509]]}, "properties": {"feature_type": "edge", "u": 276, "v": 306, "edge_key": 0, "length_m": 238.237, "is_bridged": false, "is_bridge": false, "edge_betweenness": 0.0, "width_m": 8.856}}, {"type": "Feature", "geometry": {"type": "LineString", "coordinates": [[80.938602, 26.849395], [80.938783, 26.849106], [80.938884, 26.849034]]}, "properties": {"feature_type": "edge", "u": 276, "v": 288, "edge_key": 0, "length_m": 52.057, "is_bridged": false, "is_bridge": false, "edge_betweenness": 0.0, "width_m": 9.282}}, {"type": "Feature", "geometry": {"type": "LineString", "coordinates": [[80.945869, 26.84938], [80.945909, 26.849344], [80.945909, 26.849308], [80.94605, 26.849218], [80.946473, 26.848983], [80.946574, 26.848965]]}, "properties": {"feature_type": "edge", "u": 278, "v": 290, "edge_key": 0, "length_m": 91.041, "is_bridged": false, "is_bridge": false, "edge_betweenness": 0.0, "width_m": 8.945}}, {"type": "Feature", "geometry": {"type": "LineString", "coordinates": [[80.94136, 26.849378], [80.94134, 26.849306], [80.941239, 26.849216], [80.941219, 26.849125]]}, "properties": {"feature_type": "edge", "u": 279, "v": 285, "edge_key": 0, "length_m": 33.443, "is_bridged": false, "is_bridge": false, "edge_betweenness": 0.0, "width_m": 9.289}}, {"type": "Feature", "geometry": {"type": "LineString", "coordinates": [[80.942588, 26.849306], [80.942688, 26.84927], [80.942769, 26.849144]]}, "properties": {"feature_type": "edge", "u": 280, "v": 281, "edge_key": 0, "length_m": 27.398, "is_bridged": false, "is_bridge": false, "edge_betweenness": 0.0, "width_m": 9.929}}, {"type": "Feature", "geometry": {"type": "LineString", "coordinates": [[80.942588, 26.849306], [80.942628, 26.849198], [80.942769, 26.849144]]}, "properties": {"feature_type": "edge", "u": 280, "v": 281, "edge_key": 1, "length_m": 28.631, "is_bridged": false, "is_bridge": false, "edge_betweenness": 0.0, "width_m": 8.209}}, {"type": "Feature", "geometry": {"type": "LineString", "coordinates": [[80.942769, 26.849144], [80.943313, 26.848765]]}, "properties": {"feature_type": "edge", "u": 281, "v": 292, "edge_key": 0, "length_m": 68.491, "is_bridged": false, "is_bridge": false, "edge_betweenness": 0.0, "width_m": 4.401}}, {"type": "Feature", "geometry": {"type": "LineString", "coordinates": [[80.939045, 26.849161], [80.939004, 26.849161], [80.938884, 26.849034]]}, "properties": {"feature_type": "edge", "u": 282, "v": 288, "edge_key": 0, "length_m": 22.971, "is_bridged": false, "is_bridge": false, "edge_betweenness": 0.0, "width_m": 9.442}}, {"type": "Feature", "geometry": {"type": "LineString", "coordinates": [[80.939045, 26.849161], [80.939105, 26.849143], [80.939991, 26.848511], [80.940132, 26.848439]]}, "properties": {"feature_type": "edge", "u": 282, "v": 310, "edge_key": 0, "length_m": 140.425, "is_bridged": false, "is_bridge": false, "edge_betweenness": 0.0, "width_m": 9.074}}, {"type": "Feature", "geometry": {"type": "LineString", "coordinates": [[80.94907, 26.849165], [80.94909, 26.84911], [80.948849, 26.848695], [80.948809, 26.848659], [80.948688, 26.848442], [80.948688, 26.848388]]}, "properties": {"feature_type": "edge", "u": 284, "v": 314, "edge_key": 0, "length_m": 102.893, "is_bridged": false, "is_bridge": false, "edge_betweenness": 0.0, "width_m": 8.825}}, {"type": "Feature", "geometry": {"type": "LineString", "coordinates": [[80.941219, 26.849125], [80.941179, 26.849125], [80.941078, 26.849035], [80.940837, 26.848764], [80.940796, 26.848656]]}, "properties": {"feature_type": "edge", "u": 285, "v": 300, "edge_key": 0, "length_m": 71.74, "is_bridged": false, "is_bridge": false, "edge_betweenness": 0.0, "width_m": 9.145}}, {"type": "Feature", "geometry": {"type": "LineString", "coordinates": [[80.941219, 26.849125], [80.941541, 26.848909], [80.941742, 26.848728]]}, "properties": {"feature_type": "edge", "u": 285, "v": 297, "edge_key": 0, "length_m": 70.225, "is_bridged": false, "is_bridge": true, "edge_betweenness": 0.0, "width_m": 8.944}}, {"type": "Feature", "geometry": {"type": "LineString", "coordinates": [[80.94597, 26.849055], [80.945728, 26.848694]]}, "properties": {"feature_type": "edge", "u": 287, "v": 298, "edge_key": 0, "length_m": 49.585, "is_bridged": false, "is_bridge": true, "edge_betweenness": 0.0, "width_m": 9.003}}, {"type": "Feature", "geometry": {"type": "LineString", "coordinates": [[80.938884, 26.849034], [80.938884, 26.848962], [80.939025, 26.848799], [80.939548, 26.84824], [80.93971, 26.848113]]}, "properties": {"feature_type": "edge", "u": 288, "v": 323, "edge_key": 0, "length_m": 136.781, "is_bridged": false, "is_bridge": false, "edge_betweenness": 0.0, "width_m": 9.343}}, {"type": "Feature", "geometry": {"type": "LineString", "coordinates": [[80.946574, 26.848965], [80.946654, 26.848857]]}, "properties": {"feature_type": "edge", "u": 290, "v": 294, "edge_key": 0, "length_m": 14.601, "is_bridged": false, "is_bridge": false, "edge_betweenness": 0.0, "width_m": 10.64}}, {"type": "Feature", "geometry": {"type": "LineString", "coordinates": [[80.950198, 26.848966], [80.949493, 26.848695], [80.949453, 26.848659], [80.949171, 26.848533], [80.949111, 26.84846]]}, "properties": {"feature_type": "edge", "u": 291, "v": 307, "edge_key": 0, "length_m": 131.655, "is_bridged": false, "is_bridge": false, "edge_betweenness": 0.0, "width_m": 8.895}}, {"type": "Feature", "geometry": {"type": "LineString", "coordinates": [[80.950198, 26.848966], [80.950238, 26.848948], [80.950238, 26.848912], [80.950298, 26.84884], [80.950741, 26.848353], [80.951184, 26.847919], [80.951205, 26.847865]]}, "properties": {"feature_type": "edge", "u": 291, "v": 331, "edge_key": 0, "length_m": 163.88, "is_bridged": false, "is_bridge": false, "edge_betweenness": 0.0, "width_m": 9.234}}, {"type": "Feature", "geometry": {"type": "LineString", "coordinates": [[80.943313, 26.848765], [80.943574, 26.848639], [80.943595, 26.848585]]}, "properties": {"feature_type": "edge", "u": 292, "v": 301, "edge_key": 0, "length_m": 35.854, "is_bridged": false, "is_bridge": false, "edge_betweenness": 0.0, "width_m": 4.315}}, {"type": "Feature", "geometry": {"type": "LineString", "coordinates": [[80.943313, 26.848765], [80.943514, 26.848567], [80.943595, 26.848585]]}, "properties": {"feature_type": "edge", "u": 292, "v": 301, "edge_key": 1, "length_m": 37.978, "is_bridged": false, "is_bridge": false, "edge_betweenness": 0.0, "width_m": 4.315}}, {"type": "Feature", "geometry": {"type": "LineString", "coordinates": [[80.955029, 26.84895], [80.954848, 26.849022], [80.954526, 26.84904], [80.954506, 26.849022], [80.954284, 26.849004], [80.954083, 26.848931], [80.954023, 26.848931], [80.95368, 26.848787], [80.953238, 26.848462], [80.952634, 26.848082], [80.952513, 26.847956], [80.952171, 26.847378]]}, "properties": {"feature_type": "edge", "u": 293, "v": 354, "edge_key": 0, "length_m": 382.746, "is_bridged": false, "is_bridge": true, "edge_betweenness": 0.0, "width_m": 8.753}}, {"type": "Feature", "geometry": {"type": "LineString", "coordinates": [[80.946654, 26.848857], [80.946494, 26.848495], [80.946473, 26.848405], [80.946393, 26.848261]]}, "properties": {"feature_type": "edge", "u": 294, "v": 321, "edge_key": 0, "length_m": 76.77, "is_bridged": false, "is_bridge": false, "edge_betweenness": 0.0, "width_m": 8.645}}, {"type": "Feature", "geometry": {"type": "LineString", "coordinates": [[80.946654, 26.848857], [80.946715, 26.848857], [80.947158, 26.848586], [80.947218, 26.848586]]}, "properties": {"feature_type": "edge", "u": 294, "v": 303, "edge_key": 0, "length_m": 68.426, "is_bridged": false, "is_bridge": false, "edge_betweenness": 0.0, "width_m": 9.11}}, {"type": "Feature", "geometry": {"type": "LineString", "coordinates": [[80.9352, 26.84878], [80.93526, 26.848725], [80.93528, 26.848653]]}, "properties": {"feature_type": "edge", "u": 295, "v": 299, "edge_key": 0, "length_m": 16.957, "is_bridged": false, "is_bridge": true, "edge_betweenness": 0.0, "width_m": 9.246}}, {"type": "Feature", "geometry": {"type": "LineString", "coordinates": [[80.935079, 26.848725], [80.93516, 26.848617], [80.9352, 26.848599]]}, "properties": {"feature_type": "edge", "u": 296, "v": 302, "edge_key": 0, "length_m": 19.786, "is_bridged": false, "is_bridge": true, "edge_betweenness": 0.0, "width_m": 9.504}}, {"type": "Feature", "geometry": {"type": "LineString", "coordinates": [[80.945728, 26.848694], [80.94589, 26.848549], [80.946312, 26.848279], [80.946393, 26.848261]]}, "properties": {"feature_type": "edge", "u": 298, "v": 321, "edge_key": 0, "length_m": 86.698, "is_bridged": false, "is_bridge": false, "edge_betweenness": 0.0, "width_m": 9.037}}, {"type": "Feature", "geometry": {"type": "LineString", "coordinates": [[80.93528, 26.848653], [80.935441, 26.848509]]}, "properties": {"feature_type": "edge", "u": 299, "v": 305, "edge_key": 0, "length_m": 23.443, "is_bridged": false, "is_bridge": true, "edge_betweenness": 0.0, "width_m": 9.442}}, {"type": "Feature", "geometry": {"type": "LineString", "coordinates": [[80.93528, 26.848653], [80.9352, 26.848599]]}, "properties": {"feature_type": "edge", "u": 299, "v": 302, "edge_key": 0, "length_m": 10.129, "is_bridged": false, "is_bridge": true, "edge_betweenness": 0.0, "width_m": 10.981}}, {"type": "Feature", "geometry": {"type": "LineString", "coordinates": [[80.940796, 26.848656], [80.940756, 26.848656], [80.940595, 26.848493], [80.940575, 26.848403]]}, "properties": {"feature_type": "edge", "u": 300, "v": 311, "edge_key": 0, "length_m": 39.456, "is_bridged": false, "is_bridge": false, "edge_betweenness": 0.0, "width_m": 9.668}}, {"type": "Feature", "geometry": {"type": "LineString", "coordinates": [[80.940796, 26.848656], [80.940837, 26.84862], [80.940837, 26.848565], [80.940796, 26.848511], [80.940797, 26.848313], [80.940837, 26.848186], [80.940857, 26.847951], [80.940938, 26.847735], [80.940938, 26.847626]]}, "properties": {"feature_type": "edge", "u": 300, "v": 338, "edge_key": 0, "length_m": 123.113, "is_bridged": false, "is_bridge": false, "edge_betweenness": 0.0, "width_m": 8.393}}, {"type": "Feature", "geometry": {"type": "LineString", "coordinates": [[80.943595, 26.848585], [80.943655, 26.848585], [80.943715, 26.848494]]}, "properties": {"feature_type": "edge", "u": 301, "v": 304, "edge_key": 0, "length_m": 17.773, "is_bridged": false, "is_bridge": false, "edge_betweenness": 0.0, "width_m": 5.472}}, {"type": "Feature", "geometry": {"type": "LineString", "coordinates": [[80.943595, 26.848585], [80.943595, 26.848512], [80.943615, 26.848494], [80.943715, 26.848494]]}, "properties": {"feature_type": "edge", "u": 301, "v": 304, "edge_key": 1, "length_m": 20.828, "is_bridged": false, "is_bridge": false, "edge_betweenness": 0.0, "width_m": 5.472}}, {"type": "Feature", "geometry": {"type": "LineString", "coordinates": [[80.9352, 26.848599], [80.935361, 26.848437]]}, "properties": {"feature_type": "edge", "u": 302, "v": 309, "edge_key": 0, "length_m": 24.271, "is_bridged": false, "is_bridge": true, "edge_betweenness": 0.0, "width_m": 9.442}}, {"type": "Feature", "geometry": {"type": "LineString", "coordinates": [[80.935241, 26.847931], [80.9352, 26.847931], [80.934999, 26.848111], [80.934938, 26.848184], [80.934924, 26.848286], [80.934958, 26.848364], [80.9352, 26.848599]]}, "properties": {"feature_type": "edge", "u": 302, "v": 328, "edge_key": 0, "length_m": 100.023, "is_bridged": true, "is_bridge": true, "edge_betweenness": 0.0, "width_m": 9.131}}, {"type": "Feature", "geometry": {"type": "LineString", "coordinates": [[80.947218, 26.848586], [80.947198, 26.848442], [80.946997, 26.848008], [80.946977, 26.847918], [80.946937, 26.8479]]}, "properties": {"feature_type": "edge", "u": 303, "v": 329, "edge_key": 0, "length_m": 88.413, "is_bridged": false, "is_bridge": false, "edge_betweenness": 0.0, "width_m": 8.547}}, {"type": "Feature", "geometry": {"type": "LineString", "coordinates": [[80.943715, 26.848494], [80.943836, 26.848458]]}, "properties": {"feature_type": "edge", "u": 304, "v": 308, "edge_key": 0, "length_m": 13.026, "is_bridged": false, "is_bridge": false, "edge_betweenness": 0.0, "width_m": 5.963}}, {"type": "Feature", "geometry": {"type": "LineString", "coordinates": [[80.943715, 26.848494], [80.943675, 26.848458], [80.943688, 26.848447]]}, "properties": {"feature_type": "edge", "u": 304, "v": 482, "edge_key": 0, "length_m": 7.405, "is_bridged": false, "is_bridge": false, "edge_betweenness": 0.0, "width_m": 4.472}}, {"type": "Feature", "geometry": {"type": "LineString", "coordinates": [[80.943688, 26.848447], [80.943715, 26.848494]]}, "properties": {"feature_type": "edge", "u": 304, "v": 482, "edge_key": 1, "length_m": 7.405, "is_bridged": false, "is_bridge": false, "edge_betweenness": 0.0, "width_m": 4.472}}, {"type": "Feature", "geometry": {"type": "LineString", "coordinates": [[80.943715, 26.848494], [80.943756, 26.848404], [80.943816, 26.848386]]}, "properties": {"feature_type": "edge", "u": 304, "v": 312, "edge_key": 0, "length_m": 17.599, "is_bridged": false, "is_bridge": false, "edge_betweenness": 0.0, "width_m": 5.886}}, {"type": "Feature", "geometry": {"type": "LineString", "coordinates": [[80.936609, 26.848509], [80.935905, 26.848202], [80.935864, 26.848202], [80.935583, 26.848076], [80.935522, 26.848021]]}, "properties": {"feature_type": "edge", "u": 306, "v": 326, "edge_key": 0, "length_m": 130.011, "is_bridged": false, "is_bridge": false, "edge_betweenness": 0.0, "width_m": 9.056}}, {"type": "Feature", "geometry": {"type": "LineString", "coordinates": [[80.936609, 26.848509], [80.936851, 26.848022], [80.936891, 26.847896], [80.936952, 26.847805], [80.936992, 26.847679], [80.937053, 26.847589], [80.937053, 26.847553], [80.937113, 26.847462], [80.937153, 26.847372], [80.937153, 26.8473]]}, "properties": {"feature_type": "edge", "u": 306, "v": 358, "edge_key": 0, "length_m": 156.011, "is_bridged": false, "is_bridge": false, "edge_betweenness": 0.0, "width_m": 8.7}}, {"type": "Feature", "geometry": {"type": "LineString", "coordinates": [[80.949111, 26.84846], [80.94901, 26.84846], [80.948809, 26.848388], [80.948688, 26.848388]]}, "properties": {"feature_type": "edge", "u": 307, "v": 314, "edge_key": 0, "length_m": 45.314, "is_bridged": false, "is_bridge": false, "edge_betweenness": 0.0, "width_m": 9.265}}, {"type": "Feature", "geometry": {"type": "LineString", "coordinates": [[80.949111, 26.84846], [80.949131, 26.848424], [80.949211, 26.848388], [80.949252, 26.848388], [80.949956, 26.848099], [80.95056, 26.847883], [80.950903, 26.847703], [80.951064, 26.847648]]}, "properties": {"feature_type": "edge", "u": 307, "v": 339, "edge_key": 0, "length_m": 232.095, "is_bridged": false, "is_bridge": false, "edge_betweenness": 0.0, "width_m": 8.772}}, {"type": "Feature", "geometry": {"type": "LineString", "coordinates": [[80.943836, 26.848458], [80.943917, 26.848404]]}, "properties": {"feature_type": "edge", "u": 308, "v": 313, "edge_key": 0, "length_m": 10.129, "is_bridged": false, "is_bridge": false, "edge_betweenness": 0.0, "width_m": 8.944}}, {"type": "Feature", "geometry": {"type": "LineString", "coordinates": [[80.943836, 26.848458], [80.943816, 26.848386]]}, "properties": {"feature_type": "edge", "u": 308, "v": 312, "edge_key": 0, "length_m": 8.472, "is_bridged": false, "is_bridge": false, "edge_betweenness": 0.0, "width_m": 6.2}}, {"type": "Feature", "geometry": {"type": "LineString", "coordinates": [[80.940132, 26.848439], [80.939991, 26.848294], [80.93983, 26.84824], [80.93971, 26.848113]]}, "properties": {"feature_type": "edge", "u": 310, "v": 323, "edge_key": 0, "length_m": 58.899, "is_bridged": false, "is_bridge": false, "edge_betweenness": 0.0, "width_m": 8.997}}, {"type": "Feature", "geometry": {"type": "LineString", "coordinates": [[80.940132, 26.848439], [80.940193, 26.848367], [80.940354, 26.848258]]}, "properties": {"feature_type": "edge", "u": 310, "v": 320, "edge_key": 0, "length_m": 31.1, "is_bridged": false, "is_bridge": false, "edge_betweenness": 0.0, "width_m": 9.454}}, {"type": "Feature", "geometry": {"type": "LineString", "coordinates": [[80.940575, 26.848403], [80.940535, 26.848403], [80.940414, 26.848276], [80.940354, 26.848258]]}, "properties": {"feature_type": "edge", "u": 311, "v": 320, "edge_key": 0, "length_m": 29.443, "is_bridged": false, "is_bridge": false, "edge_betweenness": 0.0, "width_m": 9.437}}, {"type": "Feature", "geometry": {"type": "LineString", "coordinates": [[80.940575, 26.848403], [80.940615, 26.848385], [80.940635, 26.848331], [80.940797, 26.847753], [80.940797, 26.847663]]}, "properties": {"feature_type": "edge", "u": 311, "v": 337, "edge_key": 0, "length_m": 91.928, "is_bridged": false, "is_bridge": false, "edge_betweenness": 0.0, "width_m": 8.459}}, {"type": "Feature", "geometry": {"type": "LineString", "coordinates": [[80.943816, 26.848386], [80.943856, 26.848332], [80.943897, 26.848332]]}, "properties": {"feature_type": "edge", "u": 312, "v": 315, "edge_key": 0, "length_m": 11.301, "is_bridged": false, "is_bridge": false, "edge_betweenness": 0.0, "width_m": 7.301}}, {"type": "Feature", "geometry": {"type": "LineString", "coordinates": [[80.943917, 26.848404], [80.943997, 26.84835]]}, "properties": {"feature_type": "edge", "u": 313, "v": 316, "edge_key": 0, "length_m": 10.129, "is_bridged": false, "is_bridge": false, "edge_betweenness": 0.0, "width_m": 8.944}}, {"type": "Feature", "geometry": {"type": "LineString", "coordinates": [[80.943917, 26.848404], [80.943897, 26.848332]]}, "properties": {"feature_type": "edge", "u": 313, "v": 315, "edge_key": 0, "length_m": 8.472, "is_bridged": false, "is_bridge": false, "edge_betweenness": 0.0, "width_m": 6.2}}, {"type": "Feature", "geometry": {"type": "LineString", "coordinates": [[80.948688, 26.848388], [80.948024, 26.847882], [80.947521, 26.847593], [80.947239, 26.847484], [80.947219, 26.847448]]}, "properties": {"feature_type": "edge", "u": 314, "v": 349, "edge_key": 0, "length_m": 189.893, "is_bridged": false, "is_bridge": false, "edge_betweenness": 0.0, "width_m": 9.05}}, {"type": "Feature", "geometry": {"type": "LineString", "coordinates": [[80.943897, 26.848332], [80.943937, 26.848278], [80.943977, 26.848278]]}, "properties": {"feature_type": "edge", "u": 315, "v": 319, "edge_key": 0, "length_m": 11.301, "is_bridged": false, "is_bridge": false, "edge_betweenness": 0.0, "width_m": 7.301}}, {"type": "Feature", "geometry": {"type": "LineString", "coordinates": [[80.943997, 26.84835], [80.944501, 26.848043], [80.945125, 26.847592]]}, "properties": {"feature_type": "edge", "u": 316, "v": 342, "edge_key": 0, "length_m": 146.438, "is_bridged": false, "is_bridge": false, "edge_betweenness": 0.0, "width_m": 8.944}}, {"type": "Feature", "geometry": {"type": "LineString", "coordinates": [[80.943997, 26.84835], [80.943977, 26.848278]]}, "properties": {"feature_type": "edge", "u": 316, "v": 319, "edge_key": 0, "length_m": 8.472, "is_bridged": false, "is_bridge": false, "edge_betweenness": 0.0, "width_m": 6.2}}, {"type": "Feature", "geometry": {"type": "LineString", "coordinates": [[80.941098, 26.848331], [80.941078, 26.848204], [80.941119, 26.84806], [80.941159, 26.847988], [80.94128, 26.847879]]}, "properties": {"feature_type": "edge", "u": 318, "v": 330, "edge_key": 0, "length_m": 59.113, "is_bridged": false, "is_bridge": true, "edge_betweenness": 0.0, "width_m": 8.553}}, {"type": "Feature", "geometry": {"type": "LineString", "coordinates": [[80.943977, 26.848278], [80.944058, 26.848188], [80.94432, 26.848007], [80.945045, 26.84752], [80.945105, 26.84752]]}, "properties": {"feature_type": "edge", "u": 319, "v": 345, "edge_key": 0, "length_m": 147.609, "is_bridged": false, "is_bridge": false, "edge_betweenness": 0.0, "width_m": 8.869}}, {"type": "Feature", "geometry": {"type": "LineString", "coordinates": [[80.940354, 26.848258], [80.940334, 26.848186], [80.940193, 26.848041]]}, "properties": {"feature_type": "edge", "u": 320, "v": 325, "edge_key": 0, "length_m": 30.271, "is_bridged": false, "is_bridge": false, "edge_betweenness": 0.0, "width_m": 9.042}}, {"type": "Feature", "geometry": {"type": "LineString", "coordinates": [[80.946393, 26.848261], [80.946554, 26.848116], [80.946635, 26.84808], [80.946856, 26.847918], [80.946937, 26.8479]]}, "properties": {"feature_type": "edge", "u": 321, "v": 329, "edge_key": 0, "length_m": 71.384, "is_bridged": false, "is_bridge": false, "edge_betweenness": 0.0, "width_m": 8.944}}, {"type": "Feature", "geometry": {"type": "LineString", "coordinates": [[80.93971, 26.848113], [80.93971, 26.848077], [80.93981, 26.847987], [80.939871, 26.847969]]}, "properties": {"feature_type": "edge", "u": 323, "v": 327, "edge_key": 0, "length_m": 24.614, "is_bridged": false, "is_bridge": false, "edge_betweenness": 0.0, "width_m": 8.839}}, {"type": "Feature", "geometry": {"type": "LineString", "coordinates": [[80.941481, 26.848096], [80.94128, 26.847879]]}, "properties": {"feature_type": "edge", "u": 324, "v": 330, "edge_key": 0, "length_m": 32.284, "is_bridged": false, "is_bridge": true, "edge_betweenness": 0.0, "width_m": 9.107}}, {"type": "Feature", "geometry": {"type": "LineString", "coordinates": [[80.940193, 26.848041], [80.940032, 26.848059], [80.939871, 26.847969]]}, "properties": {"feature_type": "edge", "u": 325, "v": 327, "edge_key": 0, "length_m": 36.614, "is_bridged": false, "is_bridge": false, "edge_betweenness": 0.0, "width_m": 8.441}}, {"type": "Feature", "geometry": {"type": "LineString", "coordinates": [[80.940193, 26.848041], [80.940233, 26.847951], [80.940233, 26.847825]]}, "properties": {"feature_type": "edge", "u": 325, "v": 332, "edge_key": 0, "length_m": 25.657, "is_bridged": false, "is_bridge": false, "edge_betweenness": 0.0, "width_m": 9.032}}, {"type": "Feature", "geometry": {"type": "LineString", "coordinates": [[80.935522, 26.848021], [80.935442, 26.848021], [80.935241, 26.847931]]}, "properties": {"feature_type": "edge", "u": 326, "v": 328, "edge_key": 0, "length_m": 31.786, "is_bridged": false, "is_bridge": false, "edge_betweenness": 0.0, "width_m": 8.981}}, {"type": "Feature", "geometry": {"type": "LineString", "coordinates": [[80.935522, 26.848021], [80.935522, 26.847931], [80.935462, 26.847732]]}, "properties": {"feature_type": "edge", "u": 326, "v": 334, "edge_key": 0, "length_m": 34.129, "is_bridged": false, "is_bridge": false, "edge_betweenness": 0.0, "width_m": 8.802}}, {"type": "Feature", "geometry": {"type": "LineString", "coordinates": [[80.939871, 26.847969], [80.939871, 26.847807], [80.939891, 26.84777]]}, "properties": {"feature_type": "edge", "u": 327, "v": 333, "edge_key": 0, "length_m": 22.472, "is_bridged": false, "is_bridge": false, "edge_betweenness": 0.0, "width_m": 9.162}}, {"type": "Feature", "geometry": {"type": "LineString", "coordinates": [[80.935241, 26.847931], [80.935241, 26.847895], [80.935402, 26.84775], [80.935462, 26.847732]]}, "properties": {"feature_type": "edge", "u": 328, "v": 334, "edge_key": 0, "length_m": 33.1, "is_bridged": false, "is_bridge": false, "edge_betweenness": 0.0, "width_m": 9.318}}, {"type": "Feature", "geometry": {"type": "LineString", "coordinates": [[80.946937, 26.8479], [80.946876, 26.847737], [80.946595, 26.847412], [80.946373, 26.847069], [80.946273, 26.846979], [80.946233, 26.846906]]}, "properties": {"feature_type": "edge", "u": 329, "v": 371, "edge_key": 0, "length_m": 138.639, "is_bridged": false, "is_bridge": false, "edge_betweenness": 0.0, "width_m": 9.074}}, {"type": "Feature", "geometry": {"type": "LineString", "coordinates": [[80.94128, 26.847879], [80.94126, 26.847861], [80.94126, 26.847789], [80.941139, 26.84759], [80.941139, 26.847554]]}, "properties": {"feature_type": "edge", "u": 330, "v": 344, "edge_key": 0, "length_m": 41.799, "is_bridged": false, "is_bridge": true, "edge_betweenness": 0.0, "width_m": 8.852}}, {"type": "Feature", "geometry": {"type": "LineString", "coordinates": [[80.951205, 26.847865], [80.951245, 26.847865], [80.951426, 26.847739], [80.951527, 26.847649], [80.951547, 26.847594]]}, "properties": {"feature_type": "edge", "u": 331, "v": 341, "edge_key": 0, "length_m": 48.413, "is_bridged": false, "is_bridge": false, "edge_betweenness": 0.0, "width_m": 9.456}}, {"type": "Feature", "geometry": {"type": "LineString", "coordinates": [[80.951205, 26.847865], [80.951064, 26.847648]]}, "properties": {"feature_type": "edge", "u": 331, "v": 339, "edge_key": 0, "length_m": 29.443, "is_bridged": false, "is_bridge": false, "edge_betweenness": 0.0, "width_m": 9.705}}, {"type": "Feature", "geometry": {"type": "LineString", "coordinates": [[80.940233, 26.847825], [80.940132, 26.847734], [80.940012, 26.847734]]}, "properties": {"feature_type": "edge", "u": 332, "v": 335, "edge_key": 0, "length_m": 26.142, "is_bridged": false, "is_bridge": false, "edge_betweenness": 0.0, "width_m": 8.902}}, {"type": "Feature", "geometry": {"type": "LineString", "coordinates": [[80.940233, 26.847825], [80.940656, 26.847699], [80.940676, 26.847662]]}, "properties": {"feature_type": "edge", "u": 332, "v": 336, "edge_key": 0, "length_m": 51.915, "is_bridged": false, "is_bridge": false, "edge_betweenness": 0.0, "width_m": 8.666}}, {"type": "Feature", "geometry": {"type": "LineString", "coordinates": [[80.939891, 26.84777], [80.93981, 26.84777], [80.939649, 26.84768], [80.939368, 26.847626], [80.939146, 26.847553], [80.938502, 26.847481], [80.938482, 26.847463], [80.93824, 26.847445], [80.93822, 26.847427], [80.937979, 26.847409], [80.937959, 26.84739], [80.937838, 26.84739], [80.937818, 26.847372], [80.937576, 26.847354], [80.937556, 26.847336], [80.937435, 26.847336], [80.937294, 26.8473], [80.937153, 26.8473]]}, "properties": {"feature_type": "edge", "u": 333, "v": 358, "edge_key": 0, "length_m": 293.539, "is_bridged": false, "is_bridge": false, "edge_betweenness": 0.0, "width_m": 8.316}}, {"type": "Feature", "geometry": {"type": "LineString", "coordinates": [[80.939891, 26.84777], [80.939871, 26.847698], [80.93979, 26.847608], [80.938764, 26.846524], [80.937919, 26.845729]]}, "properties": {"feature_type": "edge", "u": 333, "v": 405, "edge_key": 0, "length_m": 306.83, "is_bridged": false, "is_bridge": false, "edge_betweenness": 0.0, "width_m": 12.304}}, {"type": "Feature", "geometry": {"type": "LineString", "coordinates": [[80.939891, 26.84777], [80.940012, 26.847734]]}, "properties": {"feature_type": "edge", "u": 333, "v": 335, "edge_key": 0, "length_m": 12.944, "is_bridged": false, "is_bridge": false, "edge_betweenness": 0.0, "width_m": 11.125}}, {"type": "Feature", "geometry": {"type": "LineString", "coordinates": [[80.935462, 26.847732], [80.935523, 26.847588]]}, "properties": {"feature_type": "edge", "u": 334, "v": 340, "edge_key": 0, "length_m": 18.129, "is_bridged": false, "is_bridge": false, "edge_betweenness": 0.0, "width_m": 10.021}}, {"type": "Feature", "geometry": {"type": "LineString", "coordinates": [[80.940012, 26.847734], [80.940012, 26.847608], [80.940213, 26.84703], [80.940375, 26.846452], [80.940375, 26.846326]]}, "properties": {"feature_type": "edge", "u": 335, "v": 391, "edge_key": 0, "length_m": 170.912, "is_bridged": false, "is_bridge": false, "edge_betweenness": 0.0, "width_m": 8.319}}, {"type": "Feature", "geometry": {"type": "LineString", "coordinates": [[80.940676, 26.847662], [80.940797, 26.847663]]}, "properties": {"feature_type": "edge", "u": 336, "v": 337, "edge_key": 0, "length_m": 12.0, "is_bridged": false, "is_bridge": false, "edge_betweenness": 0.0, "width_m": 11.519}}, {"type": "Feature", "geometry": {"type": "LineString", "coordinates": [[80.940676, 26.847662], [80.940656, 26.84759], [80.940676, 26.8475], [80.940737, 26.847428], [80.94118, 26.846633], [80.941281, 26.846525]]}, "properties": {"feature_type": "edge", "u": 336, "v": 386, "edge_key": 0, "length_m": 152.51, "is_bridged": false, "is_bridge": false, "edge_betweenness": 0.0, "width_m": 8.891}}, {"type": "Feature", "geometry": {"type": "LineString", "coordinates": [[80.940797, 26.847663], [80.940857, 26.847626], [80.940938, 26.847626]]}, "properties": {"feature_type": "edge", "u": 337, "v": 338, "edge_key": 0, "length_m": 15.657, "is_bridged": false, "is_bridge": false, "edge_betweenness": 0.0, "width_m": 10.016}}, {"type": "Feature", "geometry": {"type": "LineString", "coordinates": [[80.940938, 26.847626], [80.940998, 26.847572], [80.941139, 26.847554]]}, "properties": {"feature_type": "edge", "u": 338, "v": 344, "edge_key": 0, "length_m": 22.957, "is_bridged": false, "is_bridge": false, "edge_betweenness": 0.0, "width_m": 9.411}}, {"type": "Feature", "geometry": {"type": "LineString", "coordinates": [[80.951064, 26.847648], [80.951064, 26.847576]]}, "properties": {"feature_type": "edge", "u": 339, "v": 343, "edge_key": 0, "length_m": 8.0, "is_bridged": false, "is_bridge": false, "edge_betweenness": 0.0, "width_m": 12.93}}, {"type": "Feature", "geometry": {"type": "LineString", "coordinates": [[80.935523, 26.847588], [80.935442, 26.84748], [80.935342, 26.847227], [80.93508, 26.846775], [80.93508, 26.846739], [80.934959, 26.84654], [80.934939, 26.846468]]}, "properties": {"feature_type": "edge", "u": 340, "v": 388, "edge_key": 0, "length_m": 148.024, "is_bridged": false, "is_bridge": true, "edge_betweenness": 0.0, "width_m": 8.596}}, {"type": "Feature", "geometry": {"type": "LineString", "coordinates": [[80.935523, 26.847588], [80.935583, 26.84757], [80.935804, 26.847408]]}, "properties": {"feature_type": "edge", "u": 340, "v": 348, "edge_key": 0, "length_m": 35.421, "is_bridged": false, "is_bridge": false, "edge_betweenness": 0.0, "width_m": 13.834}}, {"type": "Feature", "geometry": {"type": "LineString", "coordinates": [[80.951547, 26.847594], [80.951064, 26.847576]]}, "properties": {"feature_type": "edge", "u": 341, "v": 343, "edge_key": 0, "length_m": 48.828, "is_bridged": false, "is_bridge": false, "edge_betweenness": 0.0, "width_m": 9.561}}, {"type": "Feature", "geometry": {"type": "LineString", "coordinates": [[80.951547, 26.847594], [80.951668, 26.847576], [80.95207, 26.847396], [80.952171, 26.847378]]}, "properties": {"feature_type": "edge", "u": 341, "v": 354, "edge_key": 0, "length_m": 71.437, "is_bridged": false, "is_bridge": false, "edge_betweenness": 0.0, "width_m": 8.893}}, {"type": "Feature", "geometry": {"type": "LineString", "coordinates": [[80.945125, 26.847592], [80.945206, 26.847538]]}, "properties": {"feature_type": "edge", "u": 342, "v": 346, "edge_key": 0, "length_m": 10.129, "is_bridged": false, "is_bridge": false, "edge_betweenness": 0.0, "width_m": 8.944}}, {"type": "Feature", "geometry": {"type": "LineString", "coordinates": [[80.945125, 26.847592], [80.945105, 26.84752]]}, "properties": {"feature_type": "edge", "u": 342, "v": 345, "edge_key": 0, "length_m": 8.472, "is_bridged": false, "is_bridge": false, "edge_betweenness": 0.0, "width_m": 6.2}}, {"type": "Feature", "geometry": {"type": "LineString", "coordinates": [[80.951064, 26.847576], [80.950983, 26.847504], [80.950883, 26.847486], [80.950802, 26.84745], [80.950782, 26.847414]]}, "properties": {"feature_type": "edge", "u": 343, "v": 350, "edge_key": 0, "length_m": 36.271, "is_bridged": false, "is_bridge": false, "edge_betweenness": 0.0, "width_m": 10.157}}, {"type": "Feature", "geometry": {"type": "LineString", "coordinates": [[80.941139, 26.847554], [80.941159, 26.847518], [80.941562, 26.847392], [80.942005, 26.847139], [80.942065, 26.847067]]}, "properties": {"feature_type": "edge", "u": 344, "v": 365, "edge_key": 0, "length_m": 115.998, "is_bridged": false, "is_bridge": false, "edge_betweenness": 0.0, "width_m": 8.763}}, {"type": "Feature", "geometry": {"type": "LineString", "coordinates": [[80.945105, 26.84752], [80.945145, 26.847466], [80.945186, 26.847466]]}, "properties": {"feature_type": "edge", "u": 345, "v": 347, "edge_key": 0, "length_m": 11.301, "is_bridged": false, "is_bridge": false, "edge_betweenness": 0.0, "width_m": 7.301}}, {"type": "Feature", "geometry": {"type": "LineString", "coordinates": [[80.945206, 26.847538], [80.945286, 26.847502], [80.945387, 26.847412]]}, "properties": {"feature_type": "edge", "u": 346, "v": 352, "edge_key": 0, "length_m": 23.443, "is_bridged": false, "is_bridge": false, "edge_betweenness": 0.0, "width_m": 8.944}}, {"type": "Feature", "geometry": {"type": "LineString", "coordinates": [[80.945206, 26.847538], [80.945186, 26.847466]]}, "properties": {"feature_type": "edge", "u": 346, "v": 347, "edge_key": 0, "length_m": 8.472, "is_bridged": false, "is_bridge": false, "edge_betweenness": 0.0, "width_m": 6.2}}, {"type": "Feature", "geometry": {"type": "LineString", "coordinates": [[80.945186, 26.847466], [80.945186, 26.847393]]}, "properties": {"feature_type": "edge", "u": 347, "v": 351, "edge_key": 0, "length_m": 8.0, "is_bridged": false, "is_bridge": false, "edge_betweenness": 0.0, "width_m": 7.848}}, {"type": "Feature", "geometry": {"type": "LineString", "coordinates": [[80.935804, 26.847408], [80.935885, 26.84739], [80.935925, 26.847299]]}, "properties": {"feature_type": "edge", "u": 348, "v": 355, "edge_key": 0, "length_m": 19.017, "is_bridged": false, "is_bridge": false, "edge_betweenness": 0.0, "width_m": 4.315}}, {"type": "Feature", "geometry": {"type": "LineString", "coordinates": [[80.935804, 26.847408], [80.935825, 26.847317], [80.935925, 26.847299]]}, "properties": {"feature_type": "edge", "u": 348, "v": 355, "edge_key": 1, "length_m": 20.396, "is_bridged": false, "is_bridge": false, "edge_betweenness": 0.0, "width_m": 4.315}}, {"type": "Feature", "geometry": {"type": "LineString", "coordinates": [[80.947219, 26.847448], [80.947138, 26.847448], [80.946937, 26.847394], [80.946816, 26.847394]]}, "properties": {"feature_type": "edge", "u": 349, "v": 353, "edge_key": 0, "length_m": 42.485, "is_bridged": false, "is_bridge": false, "edge_betweenness": 0.0, "width_m": 8.808}}, {"type": "Feature", "geometry": {"type": "LineString", "coordinates": [[80.947219, 26.847448], [80.947299, 26.847358], [80.947561, 26.847196], [80.947601, 26.847196], [80.947823, 26.847087], [80.948125, 26.846979], [80.94891, 26.846492], [80.949011, 26.846474]]}, "properties": {"feature_type": "edge", "u": 349, "v": 387, "edge_key": 0, "length_m": 223.194, "is_bridged": false, "is_bridge": false, "edge_betweenness": 0.0, "width_m": 8.817}}, {"type": "Feature", "geometry": {"type": "LineString", "coordinates": [[80.950782, 26.847414], [80.950722, 26.847414], [80.950259, 26.847197], [80.950218, 26.847161], [80.950057, 26.847088], [80.949997, 26.847088], [80.949957, 26.847052]]}, "properties": {"feature_type": "edge", "u": 350, "v": 367, "edge_key": 0, "length_m": 98.569, "is_bridged": false, "is_bridge": false, "edge_betweenness": 0.0, "width_m": 8.915}}, {"type": "Feature", "geometry": {"type": "LineString", "coordinates": [[80.950782, 26.847414], [80.950983, 26.847215], [80.951567, 26.846764]]}, "properties": {"feature_type": "edge", "u": 350, "v": 376, "edge_key": 0, "length_m": 108.639, "is_bridged": false, "is_bridge": false, "edge_betweenness": 0.0, "width_m": 9.334}}, {"type": "Feature", "geometry": {"type": "LineString", "coordinates": [[80.945186, 26.847393], [80.944783, 26.84696], [80.944743, 26.846888]]}, "properties": {"feature_type": "edge", "u": 351, "v": 370, "edge_key": 0, "length_m": 73.869, "is_bridged": false, "is_bridge": false, "edge_betweenness": 0.0, "width_m": 9.138}}, {"type": "Feature", "geometry": {"type": "LineString", "coordinates": [[80.945186, 26.847393], [80.945246, 26.847393], [80.945286, 26.847357], [80.945367, 26.847339]]}, "properties": {"feature_type": "edge", "u": 351, "v": 356, "edge_key": 0, "length_m": 20.485, "is_bridged": false, "is_bridge": false, "edge_betweenness": 0.0, "width_m": 8.83}}, {"type": "Feature", "geometry": {"type": "LineString", "coordinates": [[80.945387, 26.847412], [80.945467, 26.847357], [80.945467, 26.847303]]}, "properties": {"feature_type": "edge", "u": 352, "v": 357, "edge_key": 0, "length_m": 16.129, "is_bridged": false, "is_bridge": false, "edge_betweenness": 0.0, "width_m": 7.155}}, {"type": "Feature", "geometry": {"type": "LineString", "coordinates": [[80.945387, 26.847412], [80.945367, 26.847339]]}, "properties": {"feature_type": "edge", "u": 352, "v": 356, "edge_key": 0, "length_m": 8.472, "is_bridged": false, "is_bridge": false, "edge_betweenness": 0.0, "width_m": 6.2}}, {"type": "Feature", "geometry": {"type": "LineString", "coordinates": [[80.946816, 26.847394], [80.946776, 26.847394], [80.946716, 26.84734], [80.946514, 26.847051], [80.946454, 26.846997], [80.946374, 26.846834], [80.946273, 26.84678]]}, "properties": {"feature_type": "edge", "u": 353, "v": 374, "edge_key": 0, "length_m": 94.341, "is_bridged": false, "is_bridge": false, "edge_betweenness": 0.0, "width_m": 9.721}}, {"type": "Feature", "geometry": {"type": "LineString", "coordinates": [[80.952171, 26.847378], [80.952111, 26.847342], [80.952091, 26.847288], [80.951648, 26.8468], [80.951567, 26.846764]]}, "properties": {"feature_type": "edge", "u": 354, "v": 376, "edge_key": 0, "length_m": 95.565, "is_bridged": false, "is_bridge": false, "edge_betweenness": 0.0, "width_m": 9.246}}, {"type": "Feature", "geometry": {"type": "LineString", "coordinates": [[80.952171, 26.847378], [80.952292, 26.847306], [80.952332, 26.847306], [80.952674, 26.847161], [80.952715, 26.847125], [80.952695, 26.847053], [80.952051, 26.846385], [80.95189, 26.846186], [80.951407, 26.8455], [80.951326, 26.845319], [80.951306, 26.845301], [80.951286, 26.845319], [80.951085, 26.845337], [80.950602, 26.845445], [80.950541, 26.845481]]}, "properties": {"feature_type": "edge", "u": 354, "v": 411, "edge_key": 0, "length_m": 409.872, "is_bridged": false, "is_bridge": false, "edge_betweenness": 0.0, "width_m": 8.901}}, {"type": "Feature", "geometry": {"type": "LineString", "coordinates": [[80.935925, 26.847299], [80.936086, 26.847191], [80.936127, 26.847191]]}, "properties": {"feature_type": "edge", "u": 355, "v": 362, "edge_key": 0, "length_m": 24.079, "is_bridged": false, "is_bridge": false, "edge_betweenness": 0.0, "width_m": 10.123}}, {"type": "Feature", "geometry": {"type": "LineString", "coordinates": [[80.945367, 26.847339], [80.945407, 26.847285], [80.945467, 26.847303]]}, "properties": {"feature_type": "edge", "u": 356, "v": 357, "edge_key": 0, "length_m": 13.625, "is_bridged": false, "is_bridge": false, "edge_betweenness": 0.0, "width_m": 5.886}}, {"type": "Feature", "geometry": {"type": "LineString", "coordinates": [[80.945467, 26.847303], [80.945528, 26.847321], [80.945568, 26.847249]]}, "properties": {"feature_type": "edge", "u": 357, "v": 359, "edge_key": 0, "length_m": 15.478, "is_bridged": false, "is_bridge": false, "edge_betweenness": 0.0, "width_m": 5.472}}, {"type": "Feature", "geometry": {"type": "LineString", "coordinates": [[80.945467, 26.847303], [80.945488, 26.847231], [80.945568, 26.847249]]}, "properties": {"feature_type": "edge", "u": 357, "v": 359, "edge_key": 1, "length_m": 17.075, "is_bridged": false, "is_bridge": false, "edge_betweenness": 0.0, "width_m": 5.472}}, {"type": "Feature", "geometry": {"type": "LineString", "coordinates": [[80.937153, 26.8473], [80.937133, 26.847282], [80.936771, 26.847245], [80.936751, 26.847227], [80.936429, 26.847209]]}, "properties": {"feature_type": "edge", "u": 358, "v": 360, "edge_key": 0, "length_m": 76.142, "is_bridged": false, "is_bridge": false, "edge_betweenness": 0.0, "width_m": 8.862}}, {"type": "Feature", "geometry": {"type": "LineString", "coordinates": [[80.945568, 26.847249], [80.945629, 26.847249], [80.945669, 26.847177]]}, "properties": {"feature_type": "edge", "u": 359, "v": 361, "edge_key": 0, "length_m": 15.153, "is_bridged": false, "is_bridge": false, "edge_betweenness": 0.0, "width_m": 6.472}}, {"type": "Feature", "geometry": {"type": "LineString", "coordinates": [[80.945568, 26.847249], [80.945568, 26.847177], [80.945588, 26.847159], [80.945669, 26.847177]]}, "properties": {"feature_type": "edge", "u": 359, "v": 361, "edge_key": 1, "length_m": 19.075, "is_bridged": false, "is_bridge": false, "edge_betweenness": 0.0, "width_m": 6.472}}, {"type": "Feature", "geometry": {"type": "LineString", "coordinates": [[80.936429, 26.847209], [80.936308, 26.847173]]}, "properties": {"feature_type": "edge", "u": 360, "v": 363, "edge_key": 0, "length_m": 12.797, "is_bridged": false, "is_bridge": false, "edge_betweenness": 0.0, "width_m": 7.414}}, {"type": "Feature", "geometry": {"type": "LineString", "coordinates": [[80.936429, 26.847209], [80.936409, 26.847173]]}, "properties": {"feature_type": "edge", "u": 360, "v": 483, "edge_key": 0, "length_m": 4.472, "is_bridged": false, "is_bridge": false, "edge_betweenness": 0.0, "width_m": 5.105}}, {"type": "Feature", "geometry": {"type": "LineString", "coordinates": [[80.936409, 26.847173], [80.936429, 26.847209]]}, "properties": {"feature_type": "edge", "u": 360, "v": 483, "edge_key": 1, "length_m": 4.472, "is_bridged": false, "is_bridge": false, "edge_betweenness": 0.0, "width_m": 5.105}}, {"type": "Feature", "geometry": {"type": "LineString", "coordinates": [[80.945669, 26.847177], [80.945729, 26.847177], [80.945749, 26.847105]]}, "properties": {"feature_type": "edge", "u": 361, "v": 364, "edge_key": 0, "length_m": 14.246, "is_bridged": false, "is_bridge": false, "edge_betweenness": 0.0, "width_m": 4.315}}, {"type": "Feature", "geometry": {"type": "LineString", "coordinates": [[80.945669, 26.847177], [80.945669, 26.847105], [80.945749, 26.847105]]}, "properties": {"feature_type": "edge", "u": 361, "v": 364, "edge_key": 1, "length_m": 16.0, "is_bridged": false, "is_bridge": false, "edge_betweenness": 0.0, "width_m": 4.315}}, {"type": "Feature", "geometry": {"type": "LineString", "coordinates": [[80.936127, 26.847191], [80.936147, 26.847155]]}, "properties": {"feature_type": "edge", "u": 362, "v": 484, "edge_key": 0, "length_m": 4.472, "is_bridged": false, "is_bridge": false, "edge_betweenness": 0.0, "width_m": 5.105}}, {"type": "Feature", "geometry": {"type": "LineString", "coordinates": [[80.936147, 26.847155], [80.936127, 26.847191]]}, "properties": {"feature_type": "edge", "u": 362, "v": 484, "edge_key": 1, "length_m": 4.472, "is_bridged": false, "is_bridge": false, "edge_betweenness": 0.0, "width_m": 5.105}}, {"type": "Feature", "geometry": {"type": "LineString", "coordinates": [[80.936127, 26.847191], [80.936308, 26.847173]]}, "properties": {"feature_type": "edge", "u": 362, "v": 363, "edge_key": 0, "length_m": 18.325, "is_bridged": false, "is_bridge": false, "edge_betweenness": 0.0, "width_m": 8.276}}, {"type": "Feature", "geometry": {"type": "LineString", "coordinates": [[80.936308, 26.847173], [80.936328, 26.847083], [80.937214, 26.846289], [80.937839, 26.845765], [80.937879, 26.845765], [80.937919, 26.845729]]}, "properties": {"feature_type": "edge", "u": 363, "v": 405, "edge_key": 0, "length_m": 230.457, "is_bridged": false, "is_bridge": false, "edge_betweenness": 0.0, "width_m": 13.584}}, {"type": "Feature", "geometry": {"type": "LineString", "coordinates": [[80.945749, 26.847105], [80.94583, 26.847105], [80.946051, 26.846942], [80.946132, 26.846906], [80.946233, 26.846906]]}, "properties": {"feature_type": "edge", "u": 364, "v": 371, "edge_key": 0, "length_m": 57.113, "is_bridged": false, "is_bridge": false, "edge_betweenness": 0.0, "width_m": 8.644}}, {"type": "Feature", "geometry": {"type": "LineString", "coordinates": [[80.945749, 26.847105], [80.94577, 26.847032], [80.946092, 26.84678]]}, "properties": {"feature_type": "edge", "u": 364, "v": 375, "edge_key": 0, "length_m": 51.488, "is_bridged": false, "is_bridge": false, "edge_betweenness": 0.0, "width_m": 8.558}}, {"type": "Feature", "geometry": {"type": "LineString", "coordinates": [[80.942065, 26.847067], [80.942126, 26.847067], [80.942267, 26.846995], [80.942891, 26.846562], [80.942972, 26.846544]]}, "properties": {"feature_type": "edge", "u": 365, "v": 384, "edge_key": 0, "length_m": 113.668, "is_bridged": false, "is_bridge": false, "edge_betweenness": 0.0, "width_m": 9.094}}, {"type": "Feature", "geometry": {"type": "LineString", "coordinates": [[80.942065, 26.847067], [80.941985, 26.846959]]}, "properties": {"feature_type": "edge", "u": 365, "v": 368, "edge_key": 0, "length_m": 14.601, "is_bridged": false, "is_bridge": false, "edge_betweenness": 0.0, "width_m": 8.567}}, {"type": "Feature", "geometry": {"type": "LineString", "coordinates": [[80.944401, 26.847068], [80.944562, 26.846978], [80.944662, 26.846888]]}, "properties": {"feature_type": "edge", "u": 366, "v": 372, "edge_key": 0, "length_m": 34.284, "is_bridged": false, "is_bridge": true, "edge_betweenness": 0.0, "width_m": 9.163}}, {"type": "Feature", "geometry": {"type": "LineString", "coordinates": [[80.949957, 26.847052], [80.949816, 26.847052], [80.949615, 26.846962], [80.949111, 26.8466], [80.949031, 26.846528], [80.949011, 26.846474]]}, "properties": {"feature_type": "edge", "u": 367, "v": 387, "edge_key": 0, "length_m": 122.497, "is_bridged": false, "is_bridge": false, "edge_betweenness": 0.0, "width_m": 8.876}}, {"type": "Feature", "geometry": {"type": "LineString", "coordinates": [[80.949957, 26.847052], [80.949997, 26.846962], [80.95036, 26.846637], [80.951064, 26.846204]]}, "properties": {"feature_type": "edge", "u": 367, "v": 393, "edge_key": 0, "length_m": 152.451, "is_bridged": false, "is_bridge": false, "edge_betweenness": 0.0, "width_m": 8.997}}, {"type": "Feature", "geometry": {"type": "LineString", "coordinates": [[80.941985, 26.846959], [80.941864, 26.846959], [80.941281, 26.846525]]}, "properties": {"feature_type": "edge", "u": 368, "v": 386, "edge_key": 0, "length_m": 89.526, "is_bridged": false, "is_bridge": false, "edge_betweenness": 0.0, "width_m": 9.445}}, {"type": "Feature", "geometry": {"type": "LineString", "coordinates": [[80.941985, 26.846959], [80.941985, 26.846923], [80.942106, 26.846796], [80.942831, 26.846092], [80.943012, 26.84593], [80.943052, 26.84593]]}, "properties": {"feature_type": "edge", "u": 368, "v": 402, "edge_key": 0, "length_m": 160.25, "is_bridged": false, "is_bridge": false, "edge_betweenness": 0.0, "width_m": 9.296}}, {"type": "Feature", "geometry": {"type": "LineString", "coordinates": [[80.947461, 26.846961], [80.946877, 26.846274], [80.946877, 26.84622], [80.947018, 26.84613], [80.947119, 26.846022]]}, "properties": {"feature_type": "edge", "u": 369, "v": 395, "edge_key": 0, "length_m": 139.952, "is_bridged": false, "is_bridge": true, "edge_betweenness": 0.0, "width_m": 9.184}}, {"type": "Feature", "geometry": {"type": "LineString", "coordinates": [[80.944743, 26.846888], [80.944662, 26.846888]]}, "properties": {"feature_type": "edge", "u": 370, "v": 372, "edge_key": 0, "length_m": 8.0, "is_bridged": false, "is_bridge": false, "edge_betweenness": 0.0, "width_m": 12.0}}, {"type": "Feature", "geometry": {"type": "LineString", "coordinates": [[80.944743, 26.846888], [80.944844, 26.846779], [80.945005, 26.846689]]}, "properties": {"feature_type": "edge", "u": 370, "v": 377, "edge_key": 0, "length_m": 35.928, "is_bridged": false, "is_bridge": true, "edge_betweenness": 0.0, "width_m": 9.095}}, {"type": "Feature", "geometry": {"type": "LineString", "coordinates": [[80.946233, 26.846906], [80.946233, 26.846834], [80.946273, 26.84678]]}, "properties": {"feature_type": "edge", "u": 371, "v": 374, "edge_key": 0, "length_m": 15.211, "is_bridged": false, "is_bridge": false, "edge_betweenness": 0.0, "width_m": 12.969}}, {"type": "Feature", "geometry": {"type": "LineString", "coordinates": [[80.944662, 26.846888], [80.944361, 26.846526], [80.94432, 26.846436]]}, "properties": {"feature_type": "edge", "u": 372, "v": 389, "edge_key": 0, "length_m": 63.727, "is_bridged": false, "is_bridge": false, "edge_betweenness": 0.0, "width_m": 9.151}}, {"type": "Feature", "geometry": {"type": "LineString", "coordinates": [[80.943294, 26.846851], [80.943314, 26.846959], [80.943716, 26.847429], [80.943817, 26.847465], [80.944159, 26.847249], [80.944219, 26.847194], [80.944219, 26.84714], [80.943837, 26.846653], [80.943757, 26.84658]]}, "properties": {"feature_type": "edge", "u": 373, "v": 382, "edge_key": 0, "length_m": 232.534, "is_bridged": false, "is_bridge": false, "edge_betweenness": 0.0, "width_m": 8.936}}, {"type": "Feature", "geometry": {"type": "LineString", "coordinates": [[80.943294, 26.846851], [80.943656, 26.846616], [80.943757, 26.84658]]}, "properties": {"feature_type": "edge", "u": 373, "v": 382, "edge_key": 1, "length_m": 57.714, "is_bridged": false, "is_bridge": false, "edge_betweenness": 0.0, "width_m": 9.04}}, {"type": "Feature", "geometry": {"type": "LineString", "coordinates": [[80.943294, 26.846851], [80.943253, 26.846851], [80.943173, 26.846797], [80.942972, 26.846544]]}, "properties": {"feature_type": "edge", "u": 373, "v": 384, "edge_key": 0, "length_m": 50.413, "is_bridged": false, "is_bridge": true, "edge_betweenness": 0.0, "width_m": 9.105}}, {"type": "Feature", "geometry": {"type": "LineString", "coordinates": [[80.946273, 26.84678], [80.946192, 26.846798], [80.946092, 26.84678]]}, "properties": {"feature_type": "edge", "u": 374, "v": 375, "edge_key": 0, "length_m": 19.075, "is_bridged": false, "is_bridge": false, "edge_betweenness": 0.0, "width_m": 9.543}}, {"type": "Feature", "geometry": {"type": "LineString", "coordinates": [[80.946273, 26.84678], [80.946353, 26.846762], [80.946354, 26.846635], [80.946333, 26.846599]]}, "properties": {"feature_type": "edge", "u": 374, "v": 381, "edge_key": 0, "length_m": 26.718, "is_bridged": false, "is_bridge": false, "edge_betweenness": 0.0, "width_m": 10.343}}, {"type": "Feature", "geometry": {"type": "LineString", "coordinates": [[80.946273, 26.84678], [80.946253, 26.846744], [80.946253, 26.846599]]}, "properties": {"feature_type": "edge", "u": 374, "v": 380, "edge_key": 0, "length_m": 20.472, "is_bridged": false, "is_bridge": false, "edge_betweenness": 0.0, "width_m": 11.104}}, {"type": "Feature", "geometry": {"type": "LineString", "coordinates": [[80.946092, 26.84678], [80.946092, 26.846653], [80.946172, 26.846545]]}, "properties": {"feature_type": "edge", "u": 375, "v": 383, "edge_key": 0, "length_m": 28.868, "is_bridged": false, "is_bridge": false, "edge_betweenness": 0.0, "width_m": 11.561}}, {"type": "Feature", "geometry": {"type": "LineString", "coordinates": [[80.951567, 26.846764], [80.951547, 26.846692], [80.951467, 26.846601], [80.951185, 26.846294], [80.951064, 26.846204]]}, "properties": {"feature_type": "edge", "u": 376, "v": 393, "edge_key": 0, "length_m": 83.17, "is_bridged": false, "is_bridge": false, "edge_betweenness": 0.0, "width_m": 9.187}}, {"type": "Feature", "geometry": {"type": "LineString", "coordinates": [[80.948024, 26.846672], [80.948588, 26.846257], [80.948588, 26.846203], [80.948367, 26.84595], [80.948307, 26.845914]]}, "properties": {"feature_type": "edge", "u": 378, "v": 403, "edge_key": 0, "length_m": 125.823, "is_bridged": false, "is_bridge": true, "edge_betweenness": 0.0, "width_m": 9.046}}, {"type": "Feature", "geometry": {"type": "LineString", "coordinates": [[80.946253, 26.846599], [80.946213, 26.846599], [80.946172, 26.846545]]}, "properties": {"feature_type": "edge", "u": 380, "v": 383, "edge_key": 0, "length_m": 11.211, "is_bridged": false, "is_bridge": false, "edge_betweenness": 0.0, "width_m": 18.641}}, {"type": "Feature", "geometry": {"type": "LineString", "coordinates": [[80.946253, 26.846599], [80.946333, 26.846599]]}, "properties": {"feature_type": "edge", "u": 380, "v": 381, "edge_key": 0, "length_m": 8.0, "is_bridged": false, "is_bridge": false, "edge_betweenness": 0.0, "width_m": 16.794}}, {"type": "Feature", "geometry": {"type": "LineString", "coordinates": [[80.946333, 26.846599], [80.946374, 26.846545], [80.946394, 26.846455], [80.946877, 26.84604], [80.946978, 26.845968], [80.947079, 26.845931]]}, "properties": {"feature_type": "edge", "u": 381, "v": 401, "edge_key": 0, "length_m": 109.797, "is_bridged": false, "is_bridge": false, "edge_betweenness": 0.0, "width_m": 9.654}}, {"type": "Feature", "geometry": {"type": "LineString", "coordinates": [[80.946172, 26.846545], [80.946253, 26.846473], [80.946273, 26.846419], [80.946273, 26.846328], [80.946414, 26.845841], [80.946656, 26.844703], [80.946697, 26.844613], [80.946697, 26.844541], [80.946777, 26.844252], [80.946777, 26.844144]]}, "properties": {"feature_type": "edge", "u": 383, "v": 438, "edge_key": 0, "length_m": 290.853, "is_bridged": false, "is_bridge": false, "edge_betweenness": 0.0, "width_m": 8.476}}, {"type": "Feature", "geometry": {"type": "LineString", "coordinates": [[80.946172, 26.846545], [80.946092, 26.846527], [80.945991, 26.846437], [80.94583, 26.84622]]}, "properties": {"feature_type": "edge", "u": 383, "v": 390, "edge_key": 0, "length_m": 51.708, "is_bridged": false, "is_bridge": false, "edge_betweenness": 0.0, "width_m": 15.504}}, {"type": "Feature", "geometry": {"type": "LineString", "coordinates": [[80.946172, 26.846545], [80.946152, 26.846383], [80.946172, 26.846365], [80.946173, 26.846238], [80.946213, 26.846112], [80.946213, 26.845985]]}, "properties": {"feature_type": "edge", "u": 383, "v": 399, "edge_key": 0, "length_m": 64.81, "is_bridged": false, "is_bridge": false, "edge_betweenness": 0.0, "width_m": 8.904}}, {"type": "Feature", "geometry": {"type": "LineString", "coordinates": [[80.942972, 26.846544], [80.943072, 26.846436], [80.943254, 26.846327], [80.943314, 26.846273], [80.943314, 26.846237]]}, "properties": {"feature_type": "edge", "u": 384, "v": 392, "edge_key": 0, "length_m": 51.242, "is_bridged": false, "is_bridge": false, "edge_betweenness": 0.0, "width_m": 9.18}}, {"type": "Feature", "geometry": {"type": "LineString", "coordinates": [[80.947944, 26.846564], [80.94736, 26.845932], [80.94728, 26.84595], [80.947179, 26.846022], [80.947119, 26.846022]]}, "properties": {"feature_type": "edge", "u": 385, "v": 395, "edge_key": 0, "length_m": 122.167, "is_bridged": false, "is_bridge": true, "edge_betweenness": 0.0, "width_m": 9.12}}, {"type": "Feature", "geometry": {"type": "LineString", "coordinates": [[80.941281, 26.846525], [80.940677, 26.846001]]}, "properties": {"feature_type": "edge", "u": 386, "v": 398, "edge_key": 0, "length_m": 84.84, "is_bridged": false, "is_bridge": true, "edge_betweenness": 0.0, "width_m": 9.63}}, {"type": "Feature", "geometry": {"type": "LineString", "coordinates": [[80.941281, 26.846525], [80.941361, 26.846471], [80.941482, 26.846327], [80.942288, 26.845532], [80.942469, 26.845388], [80.94257, 26.845424], [80.942871, 26.845623], [80.942972, 26.845713], [80.943052, 26.845804], [80.943052, 26.84593]]}, "properties": {"feature_type": "edge", "u": 386, "v": 402, "edge_key": 0, "length_m": 269.089, "is_bridged": false, "is_bridge": false, "edge_betweenness": 0.0, "width_m": 9.303}}, {"type": "Feature", "geometry": {"type": "LineString", "coordinates": [[80.949011, 26.846474], [80.949071, 26.846402], [80.949575, 26.846113], [80.949917, 26.845878], [80.949977, 26.845788]]}, "properties": {"feature_type": "edge", "u": 387, "v": 404, "edge_key": 0, "length_m": 130.282, "is_bridged": false, "is_bridge": false, "edge_betweenness": 0.0, "width_m": 9.02}}, {"type": "Feature", "geometry": {"type": "LineString", "coordinates": [[80.94432, 26.846436], [80.94424, 26.846436], [80.943878, 26.846111], [80.943797, 26.846002]]}, "properties": {"feature_type": "edge", "u": 389, "v": 397, "edge_key": 0, "length_m": 73.869, "is_bridged": false, "is_bridge": false, "edge_betweenness": 0.0, "width_m": 9.251}}, {"type": "Feature", "geometry": {"type": "LineString", "coordinates": [[80.94432, 26.846436], [80.944683, 26.846183]]}, "properties": {"feature_type": "edge", "u": 389, "v": 394, "edge_key": 0, "length_m": 47.598, "is_bridged": false, "is_bridge": true, "edge_betweenness": 0.0, "width_m": 9.105}}, {"type": "Feature", "geometry": {"type": "LineString", "coordinates": [[80.94583, 26.84622], [80.94575, 26.84622]]}, "properties": {"feature_type": "edge", "u": 390, "v": 485, "edge_key": 0, "length_m": 8.0, "is_bridged": false, "is_bridge": false, "edge_betweenness": 0.0, "width_m": 5.648}}, {"type": "Feature", "geometry": {"type": "LineString", "coordinates": [[80.94575, 26.84622], [80.94583, 26.84622]]}, "properties": {"feature_type": "edge", "u": 390, "v": 485, "edge_key": 1, "length_m": 8.0, "is_bridged": false, "is_bridge": false, "edge_betweenness": 0.0, "width_m": 5.648}}, {"type": "Feature", "geometry": {"type": "LineString", "coordinates": [[80.94583, 26.84622], [80.945669, 26.846148], [80.944864, 26.845425], [80.944744, 26.845389]]}, "properties": {"feature_type": "edge", "u": 390, "v": 413, "edge_key": 0, "length_m": 144.918, "is_bridged": false, "is_bridge": false, "edge_betweenness": 0.0, "width_m": 9.006}}, {"type": "Feature", "geometry": {"type": "LineString", "coordinates": [[80.94583, 26.84622], [80.94577, 26.846057], [80.94571, 26.846039], [80.944824, 26.845226], [80.944502, 26.844991], [80.943858, 26.844431], [80.943778, 26.844431]]}, "properties": {"feature_type": "edge", "u": 390, "v": 428, "edge_key": 0, "length_m": 292.704, "is_bridged": false, "is_bridge": false, "edge_betweenness": 0.0, "width_m": 9.378}}, {"type": "Feature", "geometry": {"type": "LineString", "coordinates": [[80.94583, 26.84622], [80.94583, 26.846075], [80.945971, 26.846076], [80.946213, 26.845985]]}, "properties": {"feature_type": "edge", "u": 390, "v": 399, "edge_key": 0, "length_m": 57.786, "is_bridged": false, "is_bridge": false, "edge_betweenness": 0.0, "width_m": 8.41}}, {"type": "Feature", "geometry": {"type": "LineString", "coordinates": [[80.940375, 26.846326], [80.940314, 26.846326], [80.940234, 26.84629], [80.939831, 26.846199], [80.939409, 26.846019]]}, "properties": {"feature_type": "edge", "u": 391, "v": 396, "edge_key": 0, "length_m": 110.083, "is_bridged": false, "is_bridge": true, "edge_betweenness": 0.0, "width_m": 8.452}}, {"type": "Feature", "geometry": {"type": "LineString", "coordinates": [[80.940375, 26.846326], [80.940415, 26.846308], [80.940496, 26.846019], [80.940536, 26.845748], [80.940556, 26.84573], [80.940556, 26.845568]]}, "properties": {"feature_type": "edge", "u": 391, "v": 408, "edge_key": 0, "length_m": 92.271, "is_bridged": false, "is_bridge": false, "edge_betweenness": 0.0, "width_m": 8.349}}, {"type": "Feature", "geometry": {"type": "LineString", "coordinates": [[80.943314, 26.846237], [80.943374, 26.846237], [80.943697, 26.84602], [80.943797, 26.846002]]}, "properties": {"feature_type": "edge", "u": 392, "v": 397, "edge_key": 0, "length_m": 58.77, "is_bridged": false, "is_bridge": false, "edge_betweenness": 0.0, "width_m": 9.231}}, {"type": "Feature", "geometry": {"type": "LineString", "coordinates": [[80.943314, 26.846237], [80.943113, 26.846038], [80.943052, 26.84593]]}, "properties": {"feature_type": "edge", "u": 392, "v": 402, "edge_key": 0, "length_m": 44.413, "is_bridged": false, "is_bridge": false, "edge_betweenness": 0.0, "width_m": 9.112}}, {"type": "Feature", "geometry": {"type": "LineString", "coordinates": [[80.951064, 26.846204], [80.951004, 26.846077], [80.950541, 26.845535], [80.950541, 26.845481]]}, "properties": {"feature_type": "edge", "u": 393, "v": 411, "edge_key": 0, "length_m": 101.183, "is_bridged": false, "is_bridge": false, "edge_betweenness": 0.0, "width_m": 9.035}}, {"type": "Feature", "geometry": {"type": "LineString", "coordinates": [[80.947119, 26.846022], [80.947079, 26.845931]]}, "properties": {"feature_type": "edge", "u": 395, "v": 401, "edge_key": 0, "length_m": 11.301, "is_bridged": false, "is_bridge": true, "edge_betweenness": 0.0, "width_m": 9.472}}, {"type": "Feature", "geometry": {"type": "LineString", "coordinates": [[80.943797, 26.846002], [80.943797, 26.845966], [80.943878, 26.845894], [80.944361, 26.845587], [80.944462, 26.845479]]}, "properties": {"feature_type": "edge", "u": 397, "v": 409, "edge_key": 0, "length_m": 93.183, "is_bridged": false, "is_bridge": false, "edge_betweenness": 0.0, "width_m": 9.253}}, {"type": "Feature", "geometry": {"type": "LineString", "coordinates": [[80.946213, 26.845985], [80.946253, 26.845913], [80.946253, 26.845841], [80.946334, 26.845588], [80.946435, 26.845083], [80.946475, 26.844992], [80.946637, 26.844126]]}, "properties": {"feature_type": "edge", "u": 399, "v": 439, "edge_key": 0, "length_m": 222.684, "is_bridged": false, "is_bridge": false, "edge_betweenness": 0.0, "width_m": 8.319}}, {"type": "Feature", "geometry": {"type": "LineString", "coordinates": [[80.949112, 26.845986], [80.948709, 26.845445], [80.948629, 26.845372], [80.948488, 26.845282], [80.948146, 26.845137], [80.948106, 26.845101], [80.948065, 26.845101]]}, "properties": {"feature_type": "edge", "u": 400, "v": 417, "edge_key": 0, "length_m": 156.309, "is_bridged": false, "is_bridge": true, "edge_betweenness": 0.0, "width_m": 8.876}}, {"type": "Feature", "geometry": {"type": "LineString", "coordinates": [[80.947079, 26.845931], [80.94722, 26.845787], [80.947421, 26.845643], [80.947501, 26.845625]]}, "properties": {"feature_type": "edge", "u": 401, "v": 407, "edge_key": 0, "length_m": 56.542, "is_bridged": false, "is_bridge": false, "edge_betweenness": 0.0, "width_m": 9.226}}, {"type": "Feature", "geometry": {"type": "LineString", "coordinates": [[80.948307, 26.845914], [80.948005, 26.846112], [80.947964, 26.846112], [80.947904, 26.846076], [80.947501, 26.845625]]}, "properties": {"feature_type": "edge", "u": 403, "v": 407, "edge_key": 0, "length_m": 116.982, "is_bridged": false, "is_bridge": false, "edge_betweenness": 0.0, "width_m": 9.291}}, {"type": "Feature", "geometry": {"type": "LineString", "coordinates": [[80.948307, 26.845914], [80.948266, 26.845842], [80.947824, 26.845354]]}, "properties": {"feature_type": "edge", "u": 403, "v": 414, "edge_key": 0, "length_m": 81.882, "is_bridged": false, "is_bridge": false, "edge_betweenness": 0.0, "width_m": 9.232}}, {"type": "Feature", "geometry": {"type": "LineString", "coordinates": [[80.949977, 26.845788], [80.949957, 26.84577], [80.949978, 26.845445], [80.950018, 26.845409]]}, "properties": {"feature_type": "edge", "u": 404, "v": 412, "edge_key": 0, "length_m": 45.314, "is_bridged": false, "is_bridge": false, "edge_betweenness": 0.0, "width_m": 7.867}}, {"type": "Feature", "geometry": {"type": "LineString", "coordinates": [[80.949977, 26.845788], [80.950038, 26.845788], [80.95034, 26.84559], [80.95042, 26.845517], [80.95042, 26.845481]]}, "properties": {"feature_type": "edge", "u": 404, "v": 410, "edge_key": 0, "length_m": 60.426, "is_bridged": false, "is_bridge": false, "edge_betweenness": 0.0, "width_m": 9.109}}, {"type": "Feature", "geometry": {"type": "LineString", "coordinates": [[80.937919, 26.845729], [80.937778, 26.845585], [80.937336, 26.845295], [80.93651, 26.844934], [80.936329, 26.844826], [80.936048, 26.844609], [80.935645, 26.844247]]}, "properties": {"feature_type": "edge", "u": 405, "v": 434, "edge_key": 0, "length_m": 295.828, "is_bridged": false, "is_bridge": true, "edge_betweenness": 0.0, "width_m": 9.025}}, {"type": "Feature", "geometry": {"type": "LineString", "coordinates": [[80.937919, 26.845729], [80.938221, 26.845458], [80.938886, 26.845007], [80.939389, 26.8447]]}, "properties": {"feature_type": "edge", "u": 405, "v": 426, "edge_key": 0, "length_m": 194.036, "is_bridged": false, "is_bridge": false, "edge_betweenness": 0.0, "width_m": 14.487}}, {"type": "Feature", "geometry": {"type": "LineString", "coordinates": [[80.93494, 26.84571], [80.93496, 26.845638], [80.935141, 26.845367], [80.935303, 26.844988], [80.935363, 26.844897], [80.935383, 26.844789]]}, "properties": {"feature_type": "edge", "u": 406, "v": 422, "edge_key": 0, "length_m": 119.869, "is_bridged": false, "is_bridge": true, "edge_betweenness": 0.0, "width_m": 8.514}}, {"type": "Feature", "geometry": {"type": "LineString", "coordinates": [[80.947501, 26.845625], [80.947783, 26.845354], [80.947824, 26.845354]]}, "properties": {"feature_type": "edge", "u": 407, "v": 414, "edge_key": 0, "length_m": 45.242, "is_bridged": false, "is_bridge": false, "edge_betweenness": 0.0, "width_m": 9.622}}, {"type": "Feature", "geometry": {"type": "LineString", "coordinates": [[80.940556, 26.845568], [80.940456, 26.84555], [80.940053, 26.845315], [80.939953, 26.845206], [80.939933, 26.845134], [80.940255, 26.844863], [80.940537, 26.844863], [80.940617, 26.8449], [80.940698, 26.8449]]}, "properties": {"feature_type": "edge", "u": 408, "v": 420, "edge_key": 0, "length_m": 176.652, "is_bridged": false, "is_bridge": false, "edge_betweenness": 0.0, "width_m": 8.748}}, {"type": "Feature", "geometry": {"type": "LineString", "coordinates": [[80.940556, 26.845568], [80.940597, 26.845532], [80.940617, 26.845333], [80.940637, 26.845315], [80.940677, 26.845026], [80.940698, 26.845008], [80.940698, 26.8449]]}, "properties": {"feature_type": "edge", "u": 408, "v": 420, "edge_key": 1, "length_m": 79.799, "is_bridged": false, "is_bridge": false, "edge_betweenness": 0.0, "width_m": 8.255}}, {"type": "Feature", "geometry": {"type": "LineString", "coordinates": [[80.944462, 26.845479], [80.944442, 26.845425], [80.944502, 26.845208]]}, "properties": {"feature_type": "edge", "u": 409, "v": 415, "edge_key": 0, "length_m": 33.314, "is_bridged": false, "is_bridge": false, "edge_betweenness": 0.0, "width_m": 8.634}}, {"type": "Feature", "geometry": {"type": "LineString", "coordinates": [[80.944462, 26.845479], [80.944542, 26.845479], [80.944583, 26.845443], [80.944683, 26.845425], [80.944744, 26.845389]]}, "properties": {"feature_type": "edge", "u": 409, "v": 413, "edge_key": 0, "length_m": 32.142, "is_bridged": false, "is_bridge": false, "edge_betweenness": 0.0, "width_m": 9.129}}, {"type": "Feature", "geometry": {"type": "LineString", "coordinates": [[80.95042, 26.845481], [80.95038, 26.845445], [80.950139, 26.845391], [80.950018, 26.845409]]}, "properties": {"feature_type": "edge", "u": 410, "v": 412, "edge_key": 0, "length_m": 44.467, "is_bridged": false, "is_bridge": false, "edge_betweenness": 0.0, "width_m": 7.877}}, {"type": "Feature", "geometry": {"type": "LineString", "coordinates": [[80.95042, 26.845481], [80.950541, 26.845481]]}, "properties": {"feature_type": "edge", "u": 410, "v": 411, "edge_key": 0, "length_m": 12.0, "is_bridged": false, "is_bridge": false, "edge_betweenness": 0.0, "width_m": 10.778}}, {"type": "Feature", "geometry": {"type": "LineString", "coordinates": [[80.950018, 26.845409], [80.949897, 26.845337], [80.949837, 26.845337], [80.949374, 26.84521], [80.94879, 26.844903], [80.948508, 26.844812], [80.948428, 26.844758]]}, "properties": {"feature_type": "edge", "u": 412, "v": 425, "edge_key": 0, "length_m": 187.823, "is_bridged": false, "is_bridge": false, "edge_betweenness": 0.0, "width_m": 8.622}}, {"type": "Feature", "geometry": {"type": "LineString", "coordinates": [[80.944744, 26.845389], [80.944583, 26.845226], [80.944502, 26.845208]]}, "properties": {"feature_type": "edge", "u": 413, "v": 415, "edge_key": 0, "length_m": 32.743, "is_bridged": false, "is_bridge": false, "edge_betweenness": 0.0, "width_m": 10.165}}, {"type": "Feature", "geometry": {"type": "LineString", "coordinates": [[80.947824, 26.845354], [80.947824, 26.8453], [80.947884, 26.845228], [80.948025, 26.845101], [80.948065, 26.845101]]}, "properties": {"feature_type": "edge", "u": 414, "v": 417, "edge_key": 0, "length_m": 40.284, "is_bridged": false, "is_bridge": false, "edge_betweenness": 0.0, "width_m": 9.134}}, {"type": "Feature", "geometry": {"type": "LineString", "coordinates": [[80.944502, 26.845208], [80.944482, 26.845154], [80.944321, 26.844991], [80.943778, 26.844504], [80.943778, 26.844431]]}, "properties": {"feature_type": "edge", "u": 415, "v": 428, "edge_key": 0, "length_m": 115.467, "is_bridged": false, "is_bridge": false, "edge_betweenness": 0.0, "width_m": 9.361}}, {"type": "Feature", "geometry": {"type": "LineString", "coordinates": [[80.939651, 26.845152], [80.939651, 26.84508], [80.939389, 26.8447]]}, "properties": {"feature_type": "edge", "u": 416, "v": 426, "edge_key": 0, "length_m": 60.413, "is_bridged": false, "is_bridge": true, "edge_betweenness": 0.0, "width_m": 9.273}}, {"type": "Feature", "geometry": {"type": "LineString", "coordinates": [[80.948065, 26.845101], [80.948065, 26.845047], [80.948367, 26.844758]]}, "properties": {"feature_type": "edge", "u": 417, "v": 424, "edge_key": 0, "length_m": 50.426, "is_bridged": false, "is_bridge": false, "edge_betweenness": 0.0, "width_m": 9.341}}, {"type": "Feature", "geometry": {"type": "LineString", "coordinates": [[80.938121, 26.845061], [80.937658, 26.844754]]}, "properties": {"feature_type": "edge", "u": 418, "v": 423, "edge_key": 0, "length_m": 60.083, "is_bridged": false, "is_bridge": true, "edge_betweenness": 0.0, "width_m": 8.866}}, {"type": "Feature", "geometry": {"type": "LineString", "coordinates": [[80.93496, 26.844987], [80.935182, 26.844735], [80.935242, 26.844735], [80.935383, 26.844789]]}, "properties": {"feature_type": "edge", "u": 419, "v": 422, "edge_key": 0, "length_m": 59.242, "is_bridged": false, "is_bridge": true, "edge_betweenness": 0.0, "width_m": 8.914}}, {"type": "Feature", "geometry": {"type": "LineString", "coordinates": [[80.940698, 26.8449], [80.940738, 26.844846], [80.940798, 26.844575], [80.940899, 26.844358], [80.940899, 26.844304]]}, "properties": {"feature_type": "edge", "u": 420, "v": 433, "edge_key": 0, "length_m": 74.284, "is_bridged": false, "is_bridge": false, "edge_betweenness": 0.0, "width_m": 8.501}}, {"type": "Feature", "geometry": {"type": "LineString", "coordinates": [[80.941744, 26.8449], [80.941684, 26.844918], [80.941483, 26.844918], [80.941463, 26.844936], [80.941261, 26.844918], [80.941161, 26.844792], [80.941161, 26.844322], [80.941181, 26.844304], [80.941201, 26.844123], [80.941322, 26.843853], [80.941302, 26.843744]]}, "properties": {"feature_type": "edge", "u": 421, "v": 452, "edge_key": 0, "length_m": 191.727, "is_bridged": false, "is_bridge": false, "edge_betweenness": 0.0, "width_m": 8.298}}, {"type": "Feature", "geometry": {"type": "LineString", "coordinates": [[80.941744, 26.8449], [80.942207, 26.844864], [80.942248, 26.844828], [80.942268, 26.844521]]}, "properties": {"feature_type": "edge", "u": 421, "v": 427, "edge_key": 0, "length_m": 88.142, "is_bridged": false, "is_bridge": false, "edge_betweenness": 0.0, "width_m": 8.115}}, {"type": "Feature", "geometry": {"type": "LineString", "coordinates": [[80.941744, 26.8449], [80.941665, 26.843528]]}, "properties": {"feature_type": "edge", "u": 421, "v": 466, "edge_key": 0, "length_m": 155.314, "is_bridged": false, "is_bridge": true, "edge_betweenness": 0.0, "width_m": 8.062}}, {"type": "Feature", "geometry": {"type": "LineString", "coordinates": [[80.935383, 26.844789], [80.935423, 26.844771], [80.935424, 26.844735], [80.935625, 26.844338], [80.935645, 26.844247]]}, "properties": {"feature_type": "edge", "u": 422, "v": 434, "edge_key": 0, "length_m": 71.081, "is_bridged": false, "is_bridge": true, "edge_betweenness": 0.0, "width_m": 8.884}}, {"type": "Feature", "geometry": {"type": "LineString", "coordinates": [[80.948367, 26.844758], [80.948428, 26.844758]]}, "properties": {"feature_type": "edge", "u": 424, "v": 425, "edge_key": 0, "length_m": 6.0, "is_bridged": false, "is_bridge": false, "edge_betweenness": 0.0, "width_m": 10.981}}, {"type": "Feature", "geometry": {"type": "LineString", "coordinates": [[80.948367, 26.844758], [80.947683, 26.844252], [80.947442, 26.844144], [80.947261, 26.84409], [80.946918, 26.844035]]}, "properties": {"feature_type": "edge", "u": 424, "v": 445, "edge_key": 0, "length_m": 177.137, "is_bridged": false, "is_bridge": false, "edge_betweenness": 0.0, "width_m": 8.836}}, {"type": "Feature", "geometry": {"type": "LineString", "coordinates": [[80.948428, 26.844758], [80.948428, 26.844722], [80.94869, 26.844469], [80.94871, 26.844415]]}, "properties": {"feature_type": "edge", "u": 425, "v": 429, "edge_key": 0, "length_m": 49.242, "is_bridged": false, "is_bridge": true, "edge_betweenness": 0.0, "width_m": 9.813}}, {"type": "Feature", "geometry": {"type": "LineString", "coordinates": [[80.939389, 26.8447], [80.938927, 26.844122]]}, "properties": {"feature_type": "edge", "u": 426, "v": 440, "edge_key": 0, "length_m": 83.054, "is_bridged": false, "is_bridge": true, "edge_betweenness": 0.0, "width_m": 9.187}}, {"type": "Feature", "geometry": {"type": "LineString", "coordinates": [[80.939389, 26.8447], [80.939409, 26.844664], [80.940215, 26.844141], [80.940376, 26.844051], [80.940436, 26.844051]]}, "properties": {"feature_type": "edge", "u": 426, "v": 444, "edge_key": 0, "length_m": 134.639, "is_bridged": false, "is_bridge": false, "edge_betweenness": 0.0, "width_m": 16.825}}, {"type": "Feature", "geometry": {"type": "LineString", "coordinates": [[80.942268, 26.844521], [80.94251, 26.844503], [80.94261, 26.844359]]}, "properties": {"feature_type": "edge", "u": 427, "v": 430, "edge_key": 0, "length_m": 44.971, "is_bridged": false, "is_bridge": false, "edge_betweenness": 0.0, "width_m": 8.93}}, {"type": "Feature", "geometry": {"type": "LineString", "coordinates": [[80.942268, 26.844521], [80.942268, 26.844214]]}, "properties": {"feature_type": "edge", "u": 427, "v": 436, "edge_key": 0, "length_m": 34.0, "is_bridged": false, "is_bridge": false, "edge_betweenness": 0.0, "width_m": 8.0}}, {"type": "Feature", "geometry": {"type": "LineString", "coordinates": [[80.943778, 26.844431], [80.943597, 26.844251], [80.943516, 26.844233]]}, "properties": {"feature_type": "edge", "u": 428, "v": 437, "edge_key": 0, "length_m": 36.284, "is_bridged": false, "is_bridge": false, "edge_betweenness": 0.0, "width_m": 16.331}}, {"type": "Feature", "geometry": {"type": "LineString", "coordinates": [[80.94871, 26.844415], [80.94877, 26.844415], [80.948992, 26.844271], [80.949133, 26.844163], [80.949153, 26.844108]]}, "properties": {"feature_type": "edge", "u": 429, "v": 442, "edge_key": 0, "length_m": 60.07, "is_bridged": false, "is_bridge": true, "edge_betweenness": 0.0, "width_m": 9.242}}, {"type": "Feature", "geometry": {"type": "LineString", "coordinates": [[80.94871, 26.844415], [80.94867, 26.844361], [80.948629, 26.844217], [80.948629, 26.844144], [80.94865, 26.844126], [80.94865, 26.843819], [80.948529, 26.843548], [80.948489, 26.84353]]}, "properties": {"feature_type": "edge", "u": 429, "v": 471, "edge_key": 0, "length_m": 109.585, "is_bridged": false, "is_bridge": true, "edge_betweenness": 0.0, "width_m": 8.251}}, {"type": "Feature", "geometry": {"type": "LineString", "coordinates": [[80.94261, 26.844359], [80.942852, 26.844359]]}, "properties": {"feature_type": "edge", "u": 430, "v": 431, "edge_key": 0, "length_m": 24.0, "is_bridged": false, "is_bridge": false, "edge_betweenness": 0.0, "width_m": 15.721}}, {"type": "Feature", "geometry": {"type": "LineString", "coordinates": [[80.94261, 26.844359], [80.94255, 26.844305], [80.94251, 26.844214], [80.942268, 26.844214]]}, "properties": {"feature_type": "edge", "u": 430, "v": 436, "edge_key": 0, "length_m": 44.142, "is_bridged": false, "is_bridge": false, "edge_betweenness": 0.0, "width_m": 9.049}}, {"type": "Feature", "geometry": {"type": "LineString", "coordinates": [[80.942852, 26.844359], [80.942892, 26.844395], [80.943134, 26.844377], [80.943154, 26.844359]]}, "properties": {"feature_type": "edge", "u": 431, "v": 432, "edge_key": 0, "length_m": 33.314, "is_bridged": false, "is_bridge": false, "edge_betweenness": 0.0, "width_m": 8.807}}, {"type": "Feature", "geometry": {"type": "LineString", "coordinates": [[80.942852, 26.844359], [80.942912, 26.844287], [80.943093, 26.844287]]}, "properties": {"feature_type": "edge", "u": 431, "v": 435, "edge_key": 0, "length_m": 28.129, "is_bridged": false, "is_bridge": false, "edge_betweenness": 0.0, "width_m": 8.623}}, {"type": "Feature", "geometry": {"type": "LineString", "coordinates": [[80.943154, 26.844359], [80.943254, 26.844413], [80.943335, 26.844413], [80.943516, 26.844233]]}, "properties": {"feature_type": "edge", "u": 432, "v": 437, "edge_key": 0, "length_m": 47.941, "is_bridged": false, "is_bridge": false, "edge_betweenness": 0.0, "width_m": 10.015}}, {"type": "Feature", "geometry": {"type": "LineString", "coordinates": [[80.943154, 26.844359], [80.943134, 26.844305], [80.943093, 26.844287]]}, "properties": {"feature_type": "edge", "u": 432, "v": 435, "edge_key": 0, "length_m": 11.301, "is_bridged": false, "is_bridge": false, "edge_betweenness": 0.0, "width_m": 9.178}}, {"type": "Feature", "geometry": {"type": "LineString", "coordinates": [[80.940899, 26.844304], [80.940839, 26.844286], [80.940658, 26.844304], [80.940617, 26.844286], [80.940477, 26.844141], [80.940436, 26.844051]]}, "properties": {"feature_type": "edge", "u": 433, "v": 444, "edge_key": 0, "length_m": 63.585, "is_bridged": false, "is_bridge": false, "edge_betweenness": 0.0, "width_m": 9.015}}, {"type": "Feature", "geometry": {"type": "LineString", "coordinates": [[80.940899, 26.844304], [80.94094, 26.844286], [80.941222, 26.84378], [80.941302, 26.843744]]}, "properties": {"feature_type": "edge", "u": 433, "v": 452, "edge_key": 0, "length_m": 81.371, "is_bridged": false, "is_bridge": false, "edge_betweenness": 0.0, "width_m": 9.123}}, {"type": "Feature", "geometry": {"type": "LineString", "coordinates": [[80.935645, 26.844247], [80.935021, 26.84385], [80.934941, 26.84376]]}, "properties": {"feature_type": "edge", "u": 434, "v": 451, "edge_key": 0, "length_m": 93.539, "is_bridged": false, "is_bridge": true, "edge_betweenness": 0.0, "width_m": 8.72}}, {"type": "Feature", "geometry": {"type": "LineString", "coordinates": [[80.935645, 26.844247], [80.935685, 26.844211], [80.935726, 26.844049]]}, "properties": {"feature_type": "edge", "u": 434, "v": 443, "edge_key": 0, "length_m": 25.314, "is_bridged": false, "is_bridge": true, "edge_betweenness": 0.0, "width_m": 9.243}}, {"type": "Feature", "geometry": {"type": "LineString", "coordinates": [[80.943093, 26.844287], [80.943094, 26.844196], [80.942953, 26.844052], [80.942288, 26.84407], [80.942268, 26.844088], [80.942268, 26.844214]]}, "properties": {"feature_type": "edge", "u": 435, "v": 436, "edge_key": 0, "length_m": 115.456, "is_bridged": false, "is_bridge": false, "edge_betweenness": 0.0, "width_m": 8.464}}, {"type": "Feature", "geometry": {"type": "LineString", "coordinates": [[80.943516, 26.844233], [80.943516, 26.844197], [80.943295, 26.843998]]}, "properties": {"feature_type": "edge", "u": 437, "v": 441, "edge_key": 0, "length_m": 35.113, "is_bridged": false, "is_bridge": true, "edge_betweenness": 0.0, "width_m": 13.191}}, {"type": "Feature", "geometry": {"type": "LineString", "coordinates": [[80.946777, 26.844144], [80.946637, 26.844126]]}, "properties": {"feature_type": "edge", "u": 438, "v": 439, "edge_key": 0, "length_m": 14.828, "is_bridged": false, "is_bridge": false, "edge_betweenness": 0.0, "width_m": 8.867}}, {"type": "Feature", "geometry": {"type": "LineString", "coordinates": [[80.946777, 26.844144], [80.946838, 26.844126], [80.946918, 26.844035]]}, "properties": {"feature_type": "edge", "u": 438, "v": 445, "edge_key": 0, "length_m": 19.43, "is_bridged": false, "is_bridge": false, "edge_betweenness": 0.0, "width_m": 9.148}}, {"type": "Feature", "geometry": {"type": "LineString", "coordinates": [[80.946637, 26.844126], [80.946596, 26.843981]]}, "properties": {"feature_type": "edge", "u": 439, "v": 446, "edge_key": 0, "length_m": 17.657, "is_bridged": false, "is_bridge": false, "edge_betweenness": 0.0, "width_m": 9.111}}, {"type": "Feature", "geometry": {"type": "LineString", "coordinates": [[80.943295, 26.843998], [80.943134, 26.843926], [80.943033, 26.843781]]}, "properties": {"feature_type": "edge", "u": 441, "v": 447, "edge_key": 0, "length_m": 36.841, "is_bridged": false, "is_bridge": false, "edge_betweenness": 0.0, "width_m": 4.472}}, {"type": "Feature", "geometry": {"type": "LineString", "coordinates": [[80.943295, 26.843998], [80.943174, 26.843835], [80.943033, 26.843781]]}, "properties": {"feature_type": "edge", "u": 441, "v": 447, "edge_key": 1, "length_m": 36.928, "is_bridged": false, "is_bridge": false, "edge_betweenness": 0.0, "width_m": 4.472}}, {"type": "Feature", "geometry": {"type": "LineString", "coordinates": [[80.949153, 26.844108], [80.949213, 26.844108], [80.949636, 26.84382], [80.949797, 26.843693], [80.949797, 26.843657]]}, "properties": {"feature_type": "edge", "u": 442, "v": 454, "edge_key": 0, "length_m": 87.054, "is_bridged": false, "is_bridge": true, "edge_betweenness": 0.0, "width_m": 9.173}}, {"type": "Feature", "geometry": {"type": "LineString", "coordinates": [[80.949153, 26.844108], [80.949113, 26.844054], [80.948972, 26.843675], [80.949052, 26.843585], [80.949133, 26.843531], [80.949153, 26.843549]]}, "properties": {"feature_type": "edge", "u": 442, "v": 458, "edge_key": 0, "length_m": 81.727, "is_bridged": false, "is_bridge": true, "edge_betweenness": 0.0, "width_m": 8.528}}, {"type": "Feature", "geometry": {"type": "LineString", "coordinates": [[80.935726, 26.844049], [80.935665, 26.844049], [80.935404, 26.84394], [80.934941, 26.843561]]}, "properties": {"feature_type": "edge", "u": 443, "v": 456, "edge_key": 0, "length_m": 100.368, "is_bridged": false, "is_bridge": true, "edge_betweenness": 0.0, "width_m": 8.794}}, {"type": "Feature", "geometry": {"type": "LineString", "coordinates": [[80.935726, 26.844049], [80.935766, 26.844031], [80.935847, 26.843868], [80.935907, 26.843724], [80.935907, 26.843652]]}, "properties": {"feature_type": "edge", "u": 443, "v": 453, "edge_key": 0, "length_m": 52.271, "is_bridged": false, "is_bridge": true, "edge_betweenness": 0.0, "width_m": 8.601}}, {"type": "Feature", "geometry": {"type": "LineString", "coordinates": [[80.940436, 26.844051], [80.940436, 26.844015], [80.940477, 26.843979], [80.941081, 26.843618], [80.941161, 26.843546], [80.941242, 26.843528]]}, "properties": {"feature_type": "edge", "u": 444, "v": 464, "edge_key": 0, "length_m": 106.368, "is_bridged": false, "is_bridge": true, "edge_betweenness": 0.0, "width_m": 15.031}}, {"type": "Feature", "geometry": {"type": "LineString", "coordinates": [[80.946918, 26.844035], [80.946918, 26.843945], [80.946818, 26.843855]]}, "properties": {"feature_type": "edge", "u": 445, "v": 449, "edge_key": 0, "length_m": 24.957, "is_bridged": false, "is_bridge": false, "edge_betweenness": 0.0, "width_m": 8.898}}, {"type": "Feature", "geometry": {"type": "LineString", "coordinates": [[80.946596, 26.843981], [80.946214, 26.843981], [80.946194, 26.843963], [80.946053, 26.843963], [80.945892, 26.843909], [80.945751, 26.843836], [80.945449, 26.843547]]}, "properties": {"feature_type": "edge", "u": 446, "v": 457, "edge_key": 0, "length_m": 135.054, "is_bridged": false, "is_bridge": true, "edge_betweenness": 0.0, "width_m": 8.607}}, {"type": "Feature", "geometry": {"type": "LineString", "coordinates": [[80.946596, 26.843981], [80.946697, 26.843837]]}, "properties": {"feature_type": "edge", "u": 446, "v": 450, "edge_key": 0, "length_m": 19.786, "is_bridged": false, "is_bridge": false, "edge_betweenness": 0.0, "width_m": 9.708}}, {"type": "Feature", "geometry": {"type": "LineString", "coordinates": [[80.943033, 26.843781], [80.942872, 26.843727], [80.942651, 26.843528], [80.942611, 26.843528]]}, "properties": {"feature_type": "edge", "u": 447, "v": 467, "edge_key": 0, "length_m": 52.344, "is_bridged": false, "is_bridge": true, "edge_betweenness": 0.0, "width_m": 8.106}}, {"type": "Feature", "geometry": {"type": "LineString", "coordinates": [[80.943033, 26.843781], [80.942953, 26.843655], [80.942792, 26.843528]]}, "properties": {"feature_type": "edge", "u": 447, "v": 468, "edge_key": 0, "length_m": 37.924, "is_bridged": false, "is_bridge": true, "edge_betweenness": 0.0, "width_m": 7.461}}, {"type": "Feature", "geometry": {"type": "LineString", "coordinates": [[80.939168, 26.84387], [80.938907, 26.843527], [80.938826, 26.843526], [80.938605, 26.843635], [80.938544, 26.843635], [80.938484, 26.843526]]}, "properties": {"feature_type": "edge", "u": 448, "v": 462, "edge_key": 0, "length_m": 104.225, "is_bridged": false, "is_bridge": true, "edge_betweenness": 0.0, "width_m": 8.708}}, {"type": "Feature", "geometry": {"type": "LineString", "coordinates": [[80.946818, 26.843855], [80.946717, 26.843855], [80.946697, 26.843837]]}, "properties": {"feature_type": "edge", "u": 449, "v": 450, "edge_key": 0, "length_m": 12.828, "is_bridged": false, "is_bridge": false, "edge_betweenness": 0.0, "width_m": 8.981}}, {"type": "Feature", "geometry": {"type": "LineString", "coordinates": [[80.946818, 26.843855], [80.946878, 26.84353]]}, "properties": {"feature_type": "edge", "u": 449, "v": 470, "edge_key": 0, "length_m": 38.129, "is_bridged": false, "is_bridge": true, "edge_betweenness": 0.0, "width_m": 8.262}}, {"type": "Feature", "geometry": {"type": "LineString", "coordinates": [[80.946697, 26.843837], [80.946758, 26.84353]]}, "properties": {"feature_type": "edge", "u": 450, "v": 469, "edge_key": 0, "length_m": 36.485, "is_bridged": false, "is_bridge": true, "edge_betweenness": 0.0, "width_m": 8.669}}, {"type": "Feature", "geometry": {"type": "LineString", "coordinates": [[80.941302, 26.843744], [80.941363, 26.843528]]}, "properties": {"feature_type": "edge", "u": 452, "v": 465, "edge_key": 0, "length_m": 26.485, "is_bridged": false, "is_bridge": true, "edge_betweenness": 0.0, "width_m": 9.082}}, {"type": "Feature", "geometry": {"type": "LineString", "coordinates": [[80.935907, 26.843652], [80.935686, 26.843597], [80.935545, 26.843525], [80.935505, 26.843525]]}, "properties": {"feature_type": "edge", "u": 453, "v": 460, "edge_key": 0, "length_m": 45.799, "is_bridged": false, "is_bridge": true, "edge_betweenness": 0.0, "width_m": 8.225}}, {"type": "Feature", "geometry": {"type": "LineString", "coordinates": [[80.935907, 26.843652], [80.935948, 26.843634], [80.935988, 26.843525]]}, "properties": {"feature_type": "edge", "u": 453, "v": 461, "edge_key": 0, "length_m": 18.129, "is_bridged": false, "is_bridge": true, "edge_betweenness": 0.0, "width_m": 8.59}}, {"type": "Feature", "geometry": {"type": "LineString", "coordinates": [[80.949797, 26.843657], [80.949858, 26.843657], [80.950039, 26.843531], [80.950059, 26.843549]]}, "properties": {"feature_type": "edge", "u": 454, "v": 459, "edge_key": 0, "length_m": 32.627, "is_bridged": false, "is_bridge": true, "edge_betweenness": 0.0, "width_m": 8.836}}, {"type": "Feature", "geometry": {"type": "LineString", "coordinates": [[80.949797, 26.843657], [80.949797, 26.843621], [80.949737, 26.843531]]}, "properties": {"feature_type": "edge", "u": 454, "v": 472, "edge_key": 0, "length_m": 16.485, "is_bridged": false, "is_bridge": true, "edge_betweenness": 0.0, "width_m": 8.405}}, {"type": "Feature", "geometry": {"type": "LineString", "coordinates": [[80.93943, 26.843581], [80.93941, 26.843527]]}, "properties": {"feature_type": "edge", "u": 455, "v": 463, "edge_key": 0, "length_m": 6.828, "is_bridged": false, "is_bridge": true, "edge_betweenness": 0.0, "width_m": 8.236}}], "meta": {"heal": {"connectivity_ratio_pct": 1.5, "components_before": 7, "components_after": 6, "bridges_added": 1, "bridges_rejected_crossing": 0, "bridges_rejected_corridor": 0}, "simplify": {"nodes_before": 486, "nodes_after": 469, "node_reduction_pct": 3.5, "stubs_pruned": 1, "nodes_collapsed": 16}, "polyline": {"vertices_before": 18222, "vertices_after": 2707, "vertex_reduction_pct": 85.1}, "coordinate_frame": {"coordinates": "wgs84", "crs": "EPSG:4326", "axis_order": "x,y", "length_unit": "metre"}}}