{"type": "FeatureCollection", "features": [{"type": "Feature", "geometry": {"type": "Point", "coordinates": [85.125086, 25.621475]}, "properties": {"feature_type": "node", "node_id": 0, "degree": 1, "type": "endpoint", "betweenness": 0.0, "is_critical": false, "is_articulation": false}}, {"type": "Feature", "geometry": {"type": "Point", "coordinates": [85.125823, 25.621484]}, "properties": {"feature_type": "node", "node_id": 1, "degree": 1, "type": "endpoint", "betweenness": 0.0, "is_critical": false, "is_articulation": false}}, {"type": "Feature", "geometry": {"type": "Point", "coordinates": [85.127376, 25.621504]}, "properties": {"feature_type": "node", "node_id": 2, "degree": 1, "type": "endpoint", "betweenness": 0.0, "is_critical": false, "is_articulation": false}}, {"type": "Feature", "geometry": {"type": "Point", "coordinates": [85.128013, 25.621494]}, "properties": {"feature_type": "node", "node_id": 3, "degree": 1, "type": "endpoint", "betweenness": 0.0, "is_critical": false, "is_articulation": false}}, {"type": "Feature", "geometry": {"type": "Point", "coordinates": [85.1267, 25.621459]}, "properties": {"feature_type": "node", "node_id": 4, "degree": 1, "type": "endpoint", "betweenness": 0.0, "is_critical": false, "is_articulation": false}}, {"type": "Feature", "geometry": {"type": "Point", "coordinates": [85.128233, 25.621479]}, "properties": {"feature_type": "node", "node_id": 5, "degree": 1, "type": "endpoint", "betweenness": 0.0, "is_critical": false, "is_articulation": false}}, {"type": "Feature", "geometry": {"type": "Point", "coordinates": [85.129547, 25.621496]}, "properties": {"feature_type": "node", "node_id": 6, "degree": 1, "type": "endpoint", "betweenness": 0.0, "is_critical": false, "is_articulation": false}}, {"type": "Feature", "geometry": {"type": "Point", "coordinates": [85.130662, 25.621492]}, "properties": {"feature_type": "node", "node_id": 7, "degree": 1, "type": "endpoint", "betweenness": 0.0, "is_critical": false, "is_articulation": false}}, {"type": "Feature", "geometry": {"type": "Point", "coordinates": [85.131479, 25.621484]}, "properties": {"feature_type": "node", "node_id": 8, "degree": 1, "type": "endpoint", "betweenness": 0.0, "is_critical": false, "is_articulation": false}}, {"type": "Feature", "geometry": {"type": "Point", "coordinates": [85.132972, 25.621503]}, "properties": {"feature_type": "node", "node_id": 9, "degree": 1, "type": "endpoint", "betweenness": 0.0, "is_critical": false, "is_articulation": false}}, {"type": "Feature", "geometry": {"type": "Point", "coordinates": [85.13353, 25.621492]}, "properties": {"feature_type": "node", "node_id": 10, "degree": 1, "type": "endpoint", "betweenness": 0.0, "is_critical": false, "is_articulation": false}}, {"type": "Feature", "geometry": {"type": "Point", "coordinates": [85.13582, 25.621468]}, "properties": {"feature_type": "node", "node_id": 11, "degree": 1, "type": "endpoint", "betweenness": 0.0, "is_critical": false, "is_articulation": false}}, {"type": "Feature", "geometry": {"type": "Point", "coordinates": [85.13799, 25.621495]}, "properties": {"feature_type": "node", "node_id": 12, "degree": 1, "type": "endpoint", "betweenness": 0.0, "is_critical": false, "is_articulation": false}}, {"type": "Feature", "geometry": {"type": "Point", "coordinates": [85.128573, 25.621357]}, "properties": {"feature_type": "node", "node_id": 13, "degree": 1, "type": "endpoint", "betweenness": 0.0, "is_critical": false, "is_articulation": false}}, {"type": "Feature", "geometry": {"type": "Point", "coordinates": [85.125647, 25.621301]}, "properties": {"feature_type": "node", "node_id": 14, "degree": 3, "type": "intersection", "betweenness": 0.004103919816718984, "is_critical": false, "is_articulation": true}}, {"type": "Feature", "geometry": {"type": "Point", "coordinates": [85.1273, 25.621286]}, "properties": {"feature_type": "node", "node_id": 15, "degree": 3, "type": "intersection", "betweenness": 0.0042229053675463665, "is_critical": false, "is_articulation": true}}, {"type": "Feature", "geometry": {"type": "Point", "coordinates": [85.140858, 25.621478]}, "properties": {"feature_type": "node", "node_id": 16, "degree": 1, "type": "endpoint", "betweenness": 0.0, "is_critical": false, "is_articulation": false}}, {"type": "Feature", "geometry": {"type": "Point", "coordinates": [85.126643, 25.621242]}, "properties": {"feature_type": "node", "node_id": 17, "degree": 3, "type": "intersection", "betweenness": 0.0027907520103149655, "is_critical": false, "is_articulation": true}}, {"type": "Feature", "geometry": {"type": "Point", "coordinates": [85.13184, 25.621326]}, "properties": {"feature_type": "node", "node_id": 18, "degree": 1, "type": "endpoint", "betweenness": 0.0, "is_critical": false, "is_articulation": false}}, {"type": "Feature", "geometry": {"type": "Point", "coordinates": [85.137177, 25.621304]}, "properties": {"feature_type": "node", "node_id": 19, "degree": 1, "type": "endpoint", "betweenness": 0.0, "is_critical": false, "is_articulation": false}}, {"type": "Feature", "geometry": {"type": "Point", "coordinates": [85.129433, 25.621133]}, "properties": {"feature_type": "node", "node_id": 20, "degree": 3, "type": "intersection", "betweenness": 0.004207761751986517, "is_critical": false, "is_articulation": true}}, {"type": "Feature", "geometry": {"type": "Point", "coordinates": [85.12784, 25.621113]}, "properties": {"feature_type": "node", "node_id": 21, "degree": 3, "type": "intersection", "betweenness": 0.008095344203564806, "is_critical": false, "is_articulation": true}}, {"type": "Feature", "geometry": {"type": "Point", "coordinates": [85.129015, 25.621128]}, "properties": {"feature_type": "node", "node_id": 22, "degree": 1, "type": "endpoint", "betweenness": 0.0, "is_critical": false, "is_articulation": false}}, {"type": "Feature", "geometry": {"type": "Point", "coordinates": [85.125551, 25.621047]}, "properties": {"feature_type": "node", "node_id": 23, "degree": 3, "type": "intersection", "betweenness": 0.006146144543647145, "is_critical": false, "is_articulation": true}}, {"type": "Feature", "geometry": {"type": "Point", "coordinates": [85.137955, 25.621188]}, "properties": {"feature_type": "node", "node_id": 24, "degree": 3, "type": "intersection", "betweenness": 0.004103919816718984, "is_critical": false, "is_articulation": true}}, {"type": "Feature", "geometry": {"type": "Point", "coordinates": [85.129315, 25.621023]}, "properties": {"feature_type": "node", "node_id": 25, "degree": 3, "type": "intersection", "betweenness": 0.00366691833913478, "is_critical": false, "is_articulation": true}}, {"type": "Feature", "geometry": {"type": "Point", "coordinates": [85.127904, 25.620861]}, "properties": {"feature_type": "node", "node_id": 26, "degree": 3, "type": "intersection", "betweenness": 0.011950476050371991, "is_critical": false, "is_articulation": true}}, {"type": "Feature", "geometry": {"type": "Point", "coordinates": [85.130472, 25.620894]}, "properties": {"feature_type": "node", "node_id": 27, "degree": 3, "type": "intersection", "betweenness": 0.0028340194833431044, "is_critical": false, "is_articulation": true}}, {"type": "Feature", "geometry": {"type": "Point", "coordinates": [85.136843, 25.620993]}, "properties": {"feature_type": "node", "node_id": 28, "degree": 3, "type": "intersection", "betweenness": 0.0020530415951851956, "is_critical": false, "is_articulation": true}}, {"type": "Feature", "geometry": {"type": "Point", "coordinates": [85.137919, 25.620971]}, "properties": {"feature_type": "node", "node_id": 29, "degree": 3, "type": "intersection", "betweenness": 0.0365739949506859, "is_critical": false, "is_articulation": true}}, {"type": "Feature", "geometry": {"type": "Point", "coordinates": [85.137123, 25.620961]}, "properties": {"feature_type": "node", "node_id": 30, "degree": 3, "type": "intersection", "betweenness": 0.0353927929370177, "is_critical": false, "is_articulation": false}}, {"type": "Feature", "geometry": {"type": "Point", "coordinates": [85.126272, 25.620804]}, "properties": {"feature_type": "node", "node_id": 31, "degree": 3, "type": "intersection", "betweenness": 0.014836416501348863, "is_critical": false, "is_articulation": false}}, {"type": "Feature", "geometry": {"type": "Point", "coordinates": [85.126431, 25.620788]}, "properties": {"feature_type": "node", "node_id": 32, "degree": 3, "type": "intersection", "betweenness": 0.005183443268771052, "is_critical": false, "is_articulation": true}}, {"type": "Feature", "geometry": {"type": "Point", "coordinates": [85.137979, 25.620935]}, "properties": {"feature_type": "node", "node_id": 33, "degree": 3, "type": "intersection", "betweenness": 0.0319378852157208, "is_critical": false, "is_articulation": false}}, {"type": "Feature", "geometry": {"type": "Point", "coordinates": [85.130395, 25.620766]}, "properties": {"feature_type": "node", "node_id": 34, "degree": 3, "type": "intersection", "betweenness": 0.007325183183663932, "is_critical": false, "is_articulation": false}}, {"type": "Feature", "geometry": {"type": "Point", "coordinates": [85.138279, 25.620867]}, "properties": {"feature_type": "node", "node_id": 35, "degree": 3, "type": "intersection", "betweenness": 0.033601519553652745, "is_critical": false, "is_articulation": false}}, {"type": "Feature", "geometry": {"type": "Point", "coordinates": [85.128344, 25.620704]}, "properties": {"feature_type": "node", "node_id": 36, "degree": 1, "type": "endpoint", "betweenness": 0.0, "is_critical": false, "is_articulation": false}}, {"type": "Feature", "geometry": {"type": "Point", "coordinates": [85.138658, 25.620836]}, "properties": {"feature_type": "node", "node_id": 37, "degree": 4, "type": "intersection", "betweenness": 0.02956250094647597, "is_critical": false, "is_articulation": true}}, {"type": "Feature", "geometry": {"type": "Point", "coordinates": [85.138918, 25.620785]}, "properties": {"feature_type": "node", "node_id": 38, "degree": 3, "type": "intersection", "betweenness": 0.027111398599431895, "is_critical": false, "is_articulation": false}}, {"type": "Feature", "geometry": {"type": "Point", "coordinates": [85.14065, 25.620807]}, "properties": {"feature_type": "node", "node_id": 39, "degree": 3, "type": "intersection", "betweenness": 0.0020530415951851956, "is_critical": false, "is_articulation": true}}, {"type": "Feature", "geometry": {"type": "Point", "coordinates": [85.126932, 25.620614]}, "properties": {"feature_type": "node", "node_id": 40, "degree": 1, "type": "endpoint", "betweenness": 0.0, "is_critical": false, "is_articulation": false}}, {"type": "Feature", "geometry": {"type": "Point", "coordinates": [85.139117, 25.620751]}, "properties": {"feature_type": "node", "node_id": 41, "degree": 3, "type": "intersection", "betweenness": 0.02618547467662972, "is_critical": false, "is_articulation": false}}, {"type": "Feature", "geometry": {"type": "Point", "coordinates": [85.139237, 25.620753]}, "properties": {"feature_type": "node", "node_id": 42, "degree": 4, "type": "intersection", "betweenness": 0.02584582501335883, "is_critical": false, "is_articulation": true}}, {"type": "Feature", "geometry": {"type": "Point", "coordinates": [85.139356, 25.620736]}, "properties": {"feature_type": "node", "node_id": 43, "degree": 4, "type": "intersection", "betweenness": 0.024296849478951454, "is_critical": false, "is_articulation": true}}, {"type": "Feature", "geometry": {"type": "Point", "coordinates": [85.134101, 25.620615]}, "properties": {"feature_type": "node", "node_id": 44, "degree": 1, "type": "endpoint", "betweenness": 0.0, "is_critical": false, "is_articulation": false}}, {"type": "Feature", "geometry": {"type": "Point", "coordinates": [85.13687, 25.620542]}, "properties": {"feature_type": "node", "node_id": 45, "degree": 3, "type": "intersection", "betweenness": 0.04030148775206007, "is_critical": false, "is_articulation": false}}, {"type": "Feature", "geometry": {"type": "Point", "coordinates": [85.140554, 25.620571]}, "properties": {"feature_type": "node", "node_id": 46, "degree": 3, "type": "intersection", "betweenness": 0.022332506203473945, "is_critical": false, "is_articulation": false}}, {"type": "Feature", "geometry": {"type": "Point", "coordinates": [85.131634, 25.620457]}, "properties": {"feature_type": "node", "node_id": 47, "degree": 3, "type": "intersection", "betweenness": 0.002643642602019293, "is_critical": false, "is_articulation": false}}, {"type": "Feature", "geometry": {"type": "Point", "coordinates": [85.125204, 25.620339]}, "properties": {"feature_type": "node", "node_id": 48, "degree": 3, "type": "intersection", "betweenness": 0.0020530415951851956, "is_critical": false, "is_articulation": true}}, {"type": "Feature", "geometry": {"type": "Point", "coordinates": [85.140773, 25.620538]}, "properties": {"feature_type": "node", "node_id": 49, "degree": 3, "type": "intersection", "betweenness": 0.02054772294106321, "is_critical": false, "is_articulation": false}}, {"type": "Feature", "geometry": {"type": "Point", "coordinates": [85.12608, 25.620314]}, "properties": {"feature_type": "node", "node_id": 50, "degree": 3, "type": "intersection", "betweenness": 0.01847088423571254, "is_critical": false, "is_articulation": true}}, {"type": "Feature", "geometry": {"type": "Point", "coordinates": [85.128828, 25.620331]}, "properties": {"feature_type": "node", "node_id": 51, "degree": 3, "type": "intersection", "betweenness": 0.006626413494259488, "is_critical": false, "is_articulation": true}}, {"type": "Feature", "geometry": {"type": "Point", "coordinates": [85.140993, 25.620504]}, "properties": {"feature_type": "node", "node_id": 52, "degree": 4, "type": "intersection", "betweenness": 0.02075324343794687, "is_critical": false, "is_articulation": true}}, {"type": "Feature", "geometry": {"type": "Point", "coordinates": [85.129525, 25.620322]}, "properties": {"feature_type": "node", "node_id": 53, "degree": 1, "type": "endpoint", "betweenness": 0.0, "is_critical": false, "is_articulation": false}}, {"type": "Feature", "geometry": {"type": "Point", "coordinates": [85.132513, 25.620306]}, "properties": {"feature_type": "node", "node_id": 54, "degree": 3, "type": "intersection", "betweenness": 0.0022953394441427737, "is_critical": false, "is_articulation": true}}, {"type": "Feature", "geometry": {"type": "Point", "coordinates": [85.137531, 25.620316]}, "properties": {"feature_type": "node", "node_id": 55, "degree": 1, "type": "endpoint", "betweenness": 0.0, "is_critical": false, "is_articulation": false}}, {"type": "Feature", "geometry": {"type": "Point", "coordinates": [85.13783, 25.620283]}, "properties": {"feature_type": "node", "node_id": 57, "degree": 3, "type": "intersection", "betweenness": 0.0020530415951851956, "is_critical": false, "is_articulation": true}}, {"type": "Feature", "geometry": {"type": "Point", "coordinates": [85.125008, 25.620101]}, "properties": {"feature_type": "node", "node_id": 58, "degree": 1, "type": "endpoint", "betweenness": 0.0, "is_critical": false, "is_articulation": false}}, {"type": "Feature", "geometry": {"type": "Point", "coordinates": [85.125924, 25.620113]}, "properties": {"feature_type": "node", "node_id": 59, "degree": 3, "type": "intersection", "betweenness": 0.02445044900820135, "is_critical": false, "is_articulation": false}}, {"type": "Feature", "geometry": {"type": "Point", "coordinates": [85.132495, 25.620179]}, "properties": {"feature_type": "node", "node_id": 60, "degree": 3, "type": "intersection", "betweenness": 0.005921153683900822, "is_critical": false, "is_articulation": true}}, {"type": "Feature", "geometry": {"type": "Point", "coordinates": [85.126701, 25.620105]}, "properties": {"feature_type": "node", "node_id": 61, "degree": 1, "type": "endpoint", "betweenness": 0.0, "is_critical": false, "is_articulation": false}}, {"type": "Feature", "geometry": {"type": "Point", "coordinates": [85.12925, 25.62012]}, "properties": {"feature_type": "node", "node_id": 62, "degree": 1, "type": "endpoint", "betweenness": 0.0, "is_critical": false, "is_articulation": false}}, {"type": "Feature", "geometry": {"type": "Point", "coordinates": [85.130126, 25.620131]}, "properties": {"feature_type": "node", "node_id": 63, "degree": 3, "type": "intersection", "betweenness": 0.010146222425098595, "is_critical": false, "is_articulation": true}}, {"type": "Feature", "geometry": {"type": "Point", "coordinates": [85.131937, 25.620154]}, "properties": {"feature_type": "node", "node_id": 64, "degree": 1, "type": "endpoint", "betweenness": 0.0, "is_critical": false, "is_articulation": false}}, {"type": "Feature", "geometry": {"type": "Point", "coordinates": [85.13817, 25.620216]}, "properties": {"feature_type": "node", "node_id": 65, "degree": 3, "type": "intersection", "betweenness": 0.009871473971369912, "is_critical": false, "is_articulation": false}}, {"type": "Feature", "geometry": {"type": "Point", "coordinates": [85.132456, 25.620107]}, "properties": {"feature_type": "node", "node_id": 66, "degree": 3, "type": "intersection", "betweenness": 0.009758978541496752, "is_critical": false, "is_articulation": true}}, {"type": "Feature", "geometry": {"type": "Point", "coordinates": [85.142132, 25.62023]}, "properties": {"feature_type": "node", "node_id": 67, "degree": 3, "type": "intersection", "betweenness": 0.019102589341923368, "is_critical": false, "is_articulation": false}}, {"type": "Feature", "geometry": {"type": "Point", "coordinates": [85.128574, 25.620039]}, "properties": {"feature_type": "node", "node_id": 68, "degree": 3, "type": "intersection", "betweenness": 0.021906321594146776, "is_critical": false, "is_articulation": false}}, {"type": "Feature", "geometry": {"type": "Point", "coordinates": [85.130824, 25.620032]}, "properties": {"feature_type": "node", "node_id": 69, "degree": 1, "type": "endpoint", "betweenness": 0.0, "is_critical": false, "is_articulation": false}}, {"type": "Feature", "geometry": {"type": "Point", "coordinates": [85.142293, 25.62016]}, "properties": {"feature_type": "node", "node_id": 70, "degree": 3, "type": "intersection", "betweenness": 0.007072068466449319, "is_critical": false, "is_articulation": false}}, {"type": "Feature", "geometry": {"type": "Point", "coordinates": [85.125887, 25.619932]}, "properties": {"feature_type": "node", "node_id": 71, "degree": 3, "type": "intersection", "betweenness": 0.0263650346896965, "is_critical": false, "is_articulation": false}}, {"type": "Feature", "geometry": {"type": "Point", "coordinates": [85.133214, 25.620044]}, "properties": {"feature_type": "node", "node_id": 72, "degree": 1, "type": "endpoint", "betweenness": 0.0, "is_critical": false, "is_articulation": false}}, {"type": "Feature", "geometry": {"type": "Point", "coordinates": [85.142174, 25.620086]}, "properties": {"feature_type": "node", "node_id": 73, "degree": 3, "type": "intersection", "betweenness": 0.011615153134403915, "is_critical": false, "is_articulation": false}}, {"type": "Feature", "geometry": {"type": "Point", "coordinates": [85.128557, 25.619858]}, "properties": {"feature_type": "node", "node_id": 74, "degree": 3, "type": "intersection", "betweenness": 0.02337092555614928, "is_critical": false, "is_articulation": false}}, {"type": "Feature", "geometry": {"type": "Point", "coordinates": [85.137437, 25.619972]}, "properties": {"feature_type": "node", "node_id": 75, "degree": 1, "type": "endpoint", "betweenness": 0.0, "is_critical": false, "is_articulation": false}}, {"type": "Feature", "geometry": {"type": "Point", "coordinates": [85.128, 25.619797]}, "properties": {"feature_type": "node", "node_id": 76, "degree": 1, "type": "endpoint", "betweenness": 0.0, "is_critical": false, "is_articulation": false}}, {"type": "Feature", "geometry": {"type": "Point", "coordinates": [85.130012, 25.619768]}, "properties": {"feature_type": "node", "node_id": 77, "degree": 3, "type": "intersection", "betweenness": 0.013551372552413135, "is_critical": false, "is_articulation": false}}, {"type": "Feature", "geometry": {"type": "Point", "coordinates": [85.131465, 25.619787]}, "properties": {"feature_type": "node", "node_id": 78, "degree": 3, "type": "intersection", "betweenness": 0.009073189094000749, "is_critical": false, "is_articulation": false}}, {"type": "Feature", "geometry": {"type": "Point", "coordinates": [85.134233, 25.619786]}, "properties": {"feature_type": "node", "node_id": 79, "degree": 3, "type": "intersection", "betweenness": 0.0020530415951851956, "is_critical": false, "is_articulation": true}}, {"type": "Feature", "geometry": {"type": "Point", "coordinates": [85.131347, 25.619731]}, "properties": {"feature_type": "node", "node_id": 80, "degree": 3, "type": "intersection", "betweenness": 0.006100713696967599, "is_critical": false, "is_articulation": true}}, {"type": "Feature", "geometry": {"type": "Point", "coordinates": [85.131924, 25.619739]}, "properties": {"feature_type": "node", "node_id": 81, "degree": 3, "type": "intersection", "betweenness": 0.018622320391311026, "is_critical": false, "is_articulation": false}}, {"type": "Feature", "geometry": {"type": "Point", "coordinates": [85.143133, 25.619882]}, "properties": {"feature_type": "node", "node_id": 82, "degree": 3, "type": "intersection", "betweenness": 0.0064122395027702, "is_critical": false, "is_articulation": false}}, {"type": "Feature", "geometry": {"type": "Point", "coordinates": [85.12838, 25.619675]}, "properties": {"feature_type": "node", "node_id": 83, "degree": 3, "type": "intersection", "betweenness": 0.006704294945710138, "is_critical": false, "is_articulation": true}}, {"type": "Feature", "geometry": {"type": "Point", "coordinates": [85.125036, 25.619614]}, "properties": {"feature_type": "node", "node_id": 84, "degree": 1, "type": "endpoint", "betweenness": 0.0, "is_critical": false, "is_articulation": false}}, {"type": "Feature", "geometry": {"type": "Point", "coordinates": [85.126072, 25.619555]}, "properties": {"feature_type": "node", "node_id": 85, "degree": 1, "type": "endpoint", "betweenness": 0.0, "is_critical": false, "is_articulation": false}}, {"type": "Feature", "geometry": {"type": "Point", "coordinates": [85.127864, 25.619578]}, "properties": {"feature_type": "node", "node_id": 86, "degree": 1, "type": "endpoint", "betweenness": 0.0, "is_critical": false, "is_articulation": false}}, {"type": "Feature", "geometry": {"type": "Point", "coordinates": [85.143097, 25.619682]}, "properties": {"feature_type": "node", "node_id": 87, "degree": 3, "type": "intersection", "betweenness": 0.023650000757180777, "is_critical": false, "is_articulation": false}}, {"type": "Feature", "geometry": {"type": "Point", "coordinates": [85.128324, 25.619476]}, "properties": {"feature_type": "node", "node_id": 88, "degree": 3, "type": "intersection", "betweenness": 0.0387243883601844, "is_critical": false, "is_articulation": false}}, {"type": "Feature", "geometry": {"type": "Point", "coordinates": [85.134217, 25.619551]}, "properties": {"feature_type": "node", "node_id": 89, "degree": 3, "type": "intersection", "betweenness": 0.004101756443067577, "is_critical": false, "is_articulation": true}}, {"type": "Feature", "geometry": {"type": "Point", "coordinates": [85.132963, 25.619535]}, "properties": {"feature_type": "node", "node_id": 90, "degree": 1, "type": "endpoint", "betweenness": 0.0, "is_critical": false, "is_articulation": false}}, {"type": "Feature", "geometry": {"type": "Point", "coordinates": [85.125637, 25.619387]}, "properties": {"feature_type": "node", "node_id": 91, "degree": 3, "type": "intersection", "betweenness": 0.024138923202398747, "is_critical": false, "is_articulation": false}}, {"type": "Feature", "geometry": {"type": "Point", "coordinates": [85.128245, 25.619439]}, "properties": {"feature_type": "node", "node_id": 92, "degree": 3, "type": "intersection", "betweenness": 0.03280107130263218, "is_critical": false, "is_articulation": true}}, {"type": "Feature", "geometry": {"type": "Point", "coordinates": [85.136547, 25.619527]}, "properties": {"feature_type": "node", "node_id": 93, "degree": 3, "type": "intersection", "betweenness": 0.042120884992893314, "is_critical": false, "is_articulation": false}}, {"type": "Feature", "geometry": {"type": "Point", "coordinates": [85.125537, 25.619386]}, "properties": {"feature_type": "node", "node_id": 94, "degree": 3, "type": "intersection", "betweenness": 0.003195302883128065, "is_critical": false, "is_articulation": true}}, {"type": "Feature", "geometry": {"type": "Point", "coordinates": [85.144213, 25.619624]}, "properties": {"feature_type": "node", "node_id": 95, "degree": 3, "type": "intersection", "betweenness": 0.015189046406528196, "is_critical": false, "is_articulation": false}}, {"type": "Feature", "geometry": {"type": "Point", "coordinates": [85.144393, 25.619591]}, "properties": {"feature_type": "node", "node_id": 96, "degree": 3, "type": "intersection", "betweenness": 0.012759036952585338, "is_critical": false, "is_articulation": false}}, {"type": "Feature", "geometry": {"type": "Point", "coordinates": [85.129639, 25.619384]}, "properties": {"feature_type": "node", "node_id": 97, "degree": 3, "type": "intersection", "betweenness": 0.029313712976564172, "is_critical": false, "is_articulation": false}}, {"type": "Feature", "geometry": {"type": "Point", "coordinates": [85.144194, 25.619552]}, "properties": {"feature_type": "node", "node_id": 98, "degree": 3, "type": "intersection", "betweenness": 0.02075540681159828, "is_critical": false, "is_articulation": false}}, {"type": "Feature", "geometry": {"type": "Point", "coordinates": [85.144472, 25.619574]}, "properties": {"feature_type": "node", "node_id": 99, "degree": 3, "type": "intersection", "betweenness": 0.010109445073024676, "is_critical": false, "is_articulation": false}}, {"type": "Feature", "geometry": {"type": "Point", "coordinates": [85.144552, 25.619557]}, "properties": {"feature_type": "node", "node_id": 100, "degree": 3, "type": "intersection", "betweenness": 0.007868189970167076, "is_critical": false, "is_articulation": false}}, {"type": "Feature", "geometry": {"type": "Point", "coordinates": [85.133503, 25.61938]}, "properties": {"feature_type": "node", "node_id": 101, "degree": 3, "type": "intersection", "betweenness": 0.0020530415951851956, "is_critical": false, "is_articulation": true}}, {"type": "Feature", "geometry": {"type": "Point", "coordinates": [85.144374, 25.619518]}, "properties": {"feature_type": "node", "node_id": 102, "degree": 3, "type": "intersection", "betweenness": 0.008210003007089375, "is_critical": false, "is_articulation": false}}, {"type": "Feature", "geometry": {"type": "Point", "coordinates": [85.144652, 25.61954]}, "properties": {"feature_type": "node", "node_id": 103, "degree": 3, "type": "intersection", "betweenness": 0.004971432650933171, "is_critical": false, "is_articulation": false}}, {"type": "Feature", "geometry": {"type": "Point", "coordinates": [85.125957, 25.619265]}, "properties": {"feature_type": "node", "node_id": 104, "degree": 3, "type": "intersection", "betweenness": 0.02780367816788212, "is_critical": false, "is_articulation": true}}, {"type": "Feature", "geometry": {"type": "Point", "coordinates": [85.137067, 25.619425]}, "properties": {"feature_type": "node", "node_id": 105, "degree": 3, "type": "intersection", "betweenness": 0.0044370793590356545, "is_critical": false, "is_articulation": false}}, {"type": "Feature", "geometry": {"type": "Point", "coordinates": [85.144454, 25.619501]}, "properties": {"feature_type": "node", "node_id": 106, "degree": 3, "type": "intersection", "betweenness": 0.006408453598880238, "is_critical": false, "is_articulation": false}}, {"type": "Feature", "geometry": {"type": "Point", "coordinates": [85.144732, 25.619523]}, "properties": {"feature_type": "node", "node_id": 107, "degree": 3, "type": "intersection", "betweenness": 0.0029335346713078242, "is_critical": false, "is_articulation": false}}, {"type": "Feature", "geometry": {"type": "Point", "coordinates": [85.137286, 25.619392]}, "properties": {"feature_type": "node", "node_id": 108, "degree": 3, "type": "intersection", "betweenness": 0.0041666576526097855, "is_critical": false, "is_articulation": true}}, {"type": "Feature", "geometry": {"type": "Point", "coordinates": [85.144554, 25.619484]}, "properties": {"feature_type": "node", "node_id": 109, "degree": 3, "type": "intersection", "betweenness": 0.005248344478313261, "is_critical": false, "is_articulation": false}}, {"type": "Feature", "geometry": {"type": "Point", "coordinates": [85.144812, 25.619506]}, "properties": {"feature_type": "node", "node_id": 110, "degree": 3, "type": "intersection", "betweenness": 0.00044349159853842473, "is_critical": false, "is_articulation": false}}, {"type": "Feature", "geometry": {"type": "Point", "coordinates": [85.133742, 25.619347]}, "properties": {"feature_type": "node", "node_id": 111, "degree": 3, "type": "intersection", "betweenness": 0.022804121659480658, "is_critical": false, "is_articulation": false}}, {"type": "Feature", "geometry": {"type": "Point", "coordinates": [85.144633, 25.619467]}, "properties": {"feature_type": "node", "node_id": 112, "degree": 3, "type": "intersection", "betweenness": 0.0032169366196421346, "is_critical": false, "is_articulation": false}}, {"type": "Feature", "geometry": {"type": "Point", "coordinates": [85.144733, 25.619451]}, "properties": {"feature_type": "node", "node_id": 114, "degree": 3, "type": "intersection", "betweenness": 0.0016073866229953638, "is_critical": false, "is_articulation": false}}, {"type": "Feature", "geometry": {"type": "Point", "coordinates": [85.137327, 25.619356]}, "properties": {"feature_type": "node", "node_id": 116, "degree": 3, "type": "intersection", "betweenness": 0.013793670401370712, "is_critical": false, "is_articulation": false}}, {"type": "Feature", "geometry": {"type": "Point", "coordinates": [85.144813, 25.619433]}, "properties": {"feature_type": "node", "node_id": 117, "degree": 3, "type": "intersection", "betweenness": 0.0, "is_critical": false, "is_articulation": false}}, {"type": "Feature", "geometry": {"type": "Point", "coordinates": [85.131055, 25.619258]}, "properties": {"feature_type": "node", "node_id": 118, "degree": 3, "type": "intersection", "betweenness": 0.011933169061160737, "is_critical": false, "is_articulation": false}}, {"type": "Feature", "geometry": {"type": "Point", "coordinates": [85.134142, 25.61928]}, "properties": {"feature_type": "node", "node_id": 119, "degree": 4, "type": "intersection", "betweenness": 0.04076877646076397, "is_critical": false, "is_articulation": true}}, {"type": "Feature", "geometry": {"type": "Point", "coordinates": [85.126138, 25.619141]}, "properties": {"feature_type": "node", "node_id": 121, "degree": 3, "type": "intersection", "betweenness": 0.02968364987095476, "is_critical": false, "is_articulation": false}}, {"type": "Feature", "geometry": {"type": "Point", "coordinates": [85.127652, 25.619142]}, "properties": {"feature_type": "node", "node_id": 122, "degree": 3, "type": "intersection", "betweenness": 0.025941013454020737, "is_critical": false, "is_articulation": false}}, {"type": "Feature", "geometry": {"type": "Point", "coordinates": [85.141928, 25.619307]}, "properties": {"feature_type": "node", "node_id": 124, "degree": 3, "type": "intersection", "betweenness": 0.012177630283769721, "is_critical": false, "is_articulation": false}}, {"type": "Feature", "geometry": {"type": "Point", "coordinates": [85.137986, 25.619202]}, "properties": {"feature_type": "node", "node_id": 125, "degree": 3, "type": "intersection", "betweenness": 0.0202340337616092, "is_critical": false, "is_articulation": false}}, {"type": "Feature", "geometry": {"type": "Point", "coordinates": [85.128071, 25.619057]}, "properties": {"feature_type": "node", "node_id": 126, "degree": 3, "type": "intersection", "betweenness": 0.033047695898892566, "is_critical": false, "is_articulation": true}}, {"type": "Feature", "geometry": {"type": "Point", "coordinates": [85.129445, 25.619075]}, "properties": {"feature_type": "node", "node_id": 127, "degree": 3, "type": "intersection", "betweenness": 0.06619058023844704, "is_critical": false, "is_articulation": false}}, {"type": "Feature", "geometry": {"type": "Point", "coordinates": [85.142028, 25.619254]}, "properties": {"feature_type": "node", "node_id": 128, "degree": 3, "type": "intersection", "betweenness": 0.02522277340175363, "is_critical": false, "is_articulation": false}}, {"type": "Feature", "geometry": {"type": "Point", "coordinates": [85.129326, 25.619074]}, "properties": {"feature_type": "node", "node_id": 129, "degree": 3, "type": "intersection", "betweenness": 0.03913110260664891, "is_critical": false, "is_articulation": false}}, {"type": "Feature", "geometry": {"type": "Point", "coordinates": [85.130341, 25.619087]}, "properties": {"feature_type": "node", "node_id": 130, "degree": 1, "type": "endpoint", "betweenness": 0.0, "is_critical": false, "is_articulation": false}}, {"type": "Feature", "geometry": {"type": "Point", "coordinates": [85.14185, 25.619197]}, "properties": {"feature_type": "node", "node_id": 131, "degree": 3, "type": "intersection", "betweenness": 0.01312951469038878, "is_critical": false, "is_articulation": false}}, {"type": "Feature", "geometry": {"type": "Point", "coordinates": [85.141871, 25.619107]}, "properties": {"feature_type": "node", "node_id": 132, "degree": 4, "type": "intersection", "betweenness": 0.041515140370499366, "is_critical": false, "is_articulation": false}}, {"type": "Feature", "geometry": {"type": "Point", "coordinates": [85.125026, 25.618928]}, "properties": {"feature_type": "node", "node_id": 133, "degree": 1, "type": "endpoint", "betweenness": 0.0, "is_critical": false, "is_articulation": false}}, {"type": "Feature", "geometry": {"type": "Point", "coordinates": [85.125267, 25.618841]}, "properties": {"feature_type": "node", "node_id": 134, "degree": 3, "type": "intersection", "betweenness": 0.002156883530452729, "is_critical": false, "is_articulation": true}}, {"type": "Feature", "geometry": {"type": "Point", "coordinates": [85.128811, 25.618886]}, "properties": {"feature_type": "node", "node_id": 135, "degree": 1, "type": "endpoint", "betweenness": 0.0, "is_critical": false, "is_articulation": false}}, {"type": "Feature", "geometry": {"type": "Point", "coordinates": [85.130961, 25.618914]}, "properties": {"feature_type": "node", "node_id": 136, "degree": 3, "type": "intersection", "betweenness": 0.01442753888123295, "is_critical": false, "is_articulation": true}}, {"type": "Feature", "geometry": {"type": "Point", "coordinates": [85.137214, 25.61894]}, "properties": {"feature_type": "node", "node_id": 137, "degree": 3, "type": "intersection", "betweenness": 0.012861256357614318, "is_critical": false, "is_articulation": true}}, {"type": "Feature", "geometry": {"type": "Point", "coordinates": [85.138647, 25.618976]}, "properties": {"feature_type": "node", "node_id": 138, "degree": 3, "type": "intersection", "betweenness": 0.01589430621688686, "is_critical": false, "is_articulation": true}}, {"type": "Feature", "geometry": {"type": "Point", "coordinates": [85.129031, 25.618817]}, "properties": {"feature_type": "node", "node_id": 139, "degree": 3, "type": "intersection", "betweenness": 0.005665875593034802, "is_critical": false, "is_articulation": true}}, {"type": "Feature", "geometry": {"type": "Point", "coordinates": [85.129787, 25.618827]}, "properties": {"feature_type": "node", "node_id": 140, "degree": 3, "type": "intersection", "betweenness": 0.06556320187953903, "is_critical": false, "is_articulation": false}}, {"type": "Feature", "geometry": {"type": "Point", "coordinates": [85.136378, 25.618875]}, "properties": {"feature_type": "node", "node_id": 141, "degree": 4, "type": "intersection", "betweenness": 0.06873903439980443, "is_critical": false, "is_articulation": false}}, {"type": "Feature", "geometry": {"type": "Point", "coordinates": [85.127061, 25.61872]}, "properties": {"feature_type": "node", "node_id": 142, "degree": 3, "type": "intersection", "betweenness": 0.04634595373409109, "is_critical": false, "is_articulation": false}}, {"type": "Feature", "geometry": {"type": "Point", "coordinates": [85.128454, 25.618755]}, "properties": {"feature_type": "node", "node_id": 143, "degree": 3, "type": "intersection", "betweenness": 0.00819269601787812, "is_critical": false, "is_articulation": true}}, {"type": "Feature", "geometry": {"type": "Point", "coordinates": [85.127121, 25.61872]}, "properties": {"feature_type": "node", "node_id": 144, "degree": 3, "type": "intersection", "betweenness": 0.01896413342823332, "is_critical": false, "is_articulation": true}}, {"type": "Feature", "geometry": {"type": "Point", "coordinates": [85.128733, 25.618741]}, "properties": {"feature_type": "node", "node_id": 145, "degree": 1, "type": "endpoint", "betweenness": 0.0, "is_critical": false, "is_articulation": false}}, {"type": "Feature", "geometry": {"type": "Point", "coordinates": [85.141775, 25.618853]}, "properties": {"feature_type": "node", "node_id": 146, "degree": 3, "type": "intersection", "betweenness": 0.04332804749037839, "is_critical": false, "is_articulation": false}}, {"type": "Feature", "geometry": {"type": "Point", "coordinates": [85.136878, 25.618773]}, "properties": {"feature_type": "node", "node_id": 147, "degree": 3, "type": "intersection", "betweenness": 0.019623962391912442, "is_critical": false, "is_articulation": false}}, {"type": "Feature", "geometry": {"type": "Point", "coordinates": [85.137137, 25.618722]}, "properties": {"feature_type": "node", "node_id": 148, "degree": 3, "type": "intersection", "betweenness": 0.014756371676246806, "is_critical": false, "is_articulation": true}}, {"type": "Feature", "geometry": {"type": "Point", "coordinates": [85.126347, 25.618548]}, "properties": {"feature_type": "node", "node_id": 149, "degree": 1, "type": "endpoint", "betweenness": 0.0, "is_critical": false, "is_articulation": false}}, {"type": "Feature", "geometry": {"type": "Point", "coordinates": [85.130886, 25.618588]}, "properties": {"feature_type": "node", "node_id": 150, "degree": 4, "type": "intersection", "betweenness": 0.04508254352166943, "is_critical": false, "is_articulation": false}}, {"type": "Feature", "geometry": {"type": "Point", "coordinates": [85.141698, 25.618726]}, "properties": {"feature_type": "node", "node_id": 151, "degree": 3, "type": "intersection", "betweenness": 0.0005386800392003305, "is_critical": false, "is_articulation": false}}, {"type": "Feature", "geometry": {"type": "Point", "coordinates": [85.141777, 25.618727]}, "properties": {"feature_type": "node", "node_id": 152, "degree": 3, "type": "intersection", "betweenness": 0.04451573962500081, "is_critical": false, "is_articulation": false}}, {"type": "Feature", "geometry": {"type": "Point", "coordinates": [85.135685, 25.618649]}, "properties": {"feature_type": "node", "node_id": 153, "degree": 1, "type": "endpoint", "betweenness": 0.0, "is_critical": false, "is_articulation": false}}, {"type": "Feature", "geometry": {"type": "Point", "coordinates": [85.129216, 25.618458]}, "properties": {"feature_type": "node", "node_id": 154, "degree": 1, "type": "endpoint", "betweenness": 0.0, "is_critical": false, "is_articulation": false}}, {"type": "Feature", "geometry": {"type": "Point", "coordinates": [85.137956, 25.61857]}, "properties": {"feature_type": "node", "node_id": 155, "degree": 1, "type": "endpoint", "betweenness": 0.0, "is_critical": false, "is_articulation": false}}, {"type": "Feature", "geometry": {"type": "Point", "coordinates": [85.141759, 25.6186]}, "properties": {"feature_type": "node", "node_id": 156, "degree": 3, "type": "intersection", "betweenness": 0.046363260723302345, "is_critical": false, "is_articulation": false}}, {"type": "Feature", "geometry": {"type": "Point", "coordinates": [85.1284, 25.618412]}, "properties": {"feature_type": "node", "node_id": 157, "degree": 3, "type": "intersection", "betweenness": 0.004103919816718984, "is_critical": false, "is_articulation": true}}, {"type": "Feature", "geometry": {"type": "Point", "coordinates": [85.136284, 25.618531]}, "properties": {"feature_type": "node", "node_id": 158, "degree": 3, "type": "intersection", "betweenness": 0.038652997029687976, "is_critical": false, "is_articulation": true}}, {"type": "Feature", "geometry": {"type": "Point", "coordinates": [85.1417, 25.6186]}, "properties": {"feature_type": "node", "node_id": 159, "degree": 3, "type": "intersection", "betweenness": 0.002386201137501866, "is_critical": false, "is_articulation": false}}, {"type": "Feature", "geometry": {"type": "Point", "coordinates": [85.126887, 25.618374]}, "properties": {"feature_type": "node", "node_id": 161, "degree": 3, "type": "intersection", "betweenness": 0.044297238886208706, "is_critical": false, "is_articulation": true}}, {"type": "Feature", "geometry": {"type": "Point", "coordinates": [85.13087, 25.618389]}, "properties": {"feature_type": "node", "node_id": 162, "degree": 3, "type": "intersection", "betweenness": 0.046133943116253205, "is_critical": false, "is_articulation": false}}, {"type": "Feature", "geometry": {"type": "Point", "coordinates": [85.129655, 25.618374]}, "properties": {"feature_type": "node", "node_id": 163, "degree": 3, "type": "intersection", "betweenness": 0.03981905542779632, "is_critical": false, "is_articulation": true}}, {"type": "Feature", "geometry": {"type": "Point", "coordinates": [85.131965, 25.618385]}, "properties": {"feature_type": "node", "node_id": 164, "degree": 3, "type": "intersection", "betweenness": 0.017897590218089697, "is_critical": false, "is_articulation": false}}, {"type": "Feature", "geometry": {"type": "Point", "coordinates": [85.141662, 25.618455]}, "properties": {"feature_type": "node", "node_id": 165, "degree": 3, "type": "intersection", "betweenness": 0.004186128015472448, "is_critical": false, "is_articulation": false}}, {"type": "Feature", "geometry": {"type": "Point", "coordinates": [85.141742, 25.618456]}, "properties": {"feature_type": "node", "node_id": 166, "degree": 3, "type": "intersection", "betweenness": 0.04816967772222715, "is_critical": false, "is_articulation": false}}, {"type": "Feature", "geometry": {"type": "Point", "coordinates": [85.136267, 25.618368]}, "properties": {"feature_type": "node", "node_id": 167, "degree": 3, "type": "intersection", "betweenness": 0.04092021261636246, "is_critical": false, "is_articulation": true}}, {"type": "Feature", "geometry": {"type": "Point", "coordinates": [85.137939, 25.618407]}, "properties": {"feature_type": "node", "node_id": 168, "degree": 1, "type": "endpoint", "betweenness": 0.0, "is_critical": false, "is_articulation": false}}, {"type": "Feature", "geometry": {"type": "Point", "coordinates": [85.125755, 25.618215]}, "properties": {"feature_type": "node", "node_id": 169, "degree": 3, "type": "intersection", "betweenness": 0.007026637619769773, "is_critical": false, "is_articulation": false}}, {"type": "Feature", "geometry": {"type": "Point", "coordinates": [85.125357, 25.618192]}, "properties": {"feature_type": "node", "node_id": 170, "degree": 3, "type": "intersection", "betweenness": 0.005094744949063367, "is_critical": false, "is_articulation": true}}, {"type": "Feature", "geometry": {"type": "Point", "coordinates": [85.127686, 25.618222]}, "properties": {"feature_type": "node", "node_id": 171, "degree": 1, "type": "endpoint", "betweenness": 0.0, "is_critical": false, "is_articulation": false}}, {"type": "Feature", "geometry": {"type": "Point", "coordinates": [85.138497, 25.61836]}, "properties": {"feature_type": "node", "node_id": 172, "degree": 1, "type": "endpoint", "betweenness": 0.0, "is_critical": false, "is_articulation": false}}, {"type": "Feature", "geometry": {"type": "Point", "coordinates": [85.128922, 25.618148]}, "properties": {"feature_type": "node", "node_id": 173, "degree": 3, "type": "intersection", "betweenness": 0.006944429421016309, "is_critical": false, "is_articulation": false}}, {"type": "Feature", "geometry": {"type": "Point", "coordinates": [85.130833, 25.618172]}, "properties": {"feature_type": "node", "node_id": 174, "degree": 3, "type": "intersection", "betweenness": 0.017698559842160257, "is_critical": false, "is_articulation": false}}, {"type": "Feature", "geometry": {"type": "Point", "coordinates": [85.141644, 25.61831]}, "properties": {"feature_type": "node", "node_id": 175, "degree": 3, "type": "intersection", "betweenness": 0.0059961506371495965, "is_critical": false, "is_articulation": false}}, {"type": "Feature", "geometry": {"type": "Point", "coordinates": [85.141724, 25.618311]}, "properties": {"feature_type": "node", "node_id": 176, "degree": 3, "type": "intersection", "betweenness": 0.049982224279830935, "is_critical": false, "is_articulation": false}}, {"type": "Feature", "geometry": {"type": "Point", "coordinates": [85.131928, 25.618186]}, "properties": {"feature_type": "node", "node_id": 177, "degree": 3, "type": "intersection", "betweenness": 0.05968315229501493, "is_critical": false, "is_articulation": false}}, {"type": "Feature", "geometry": {"type": "Point", "coordinates": [85.136787, 25.61823]}, "properties": {"feature_type": "node", "node_id": 178, "degree": 1, "type": "endpoint", "betweenness": 0.0, "is_critical": false, "is_articulation": false}}, {"type": "Feature", "geometry": {"type": "Point", "coordinates": [85.126812, 25.618066]}, "properties": {"feature_type": "node", "node_id": 179, "degree": 3, "type": "intersection", "betweenness": 0.046326483371228425, "is_critical": false, "is_articulation": true}}, {"type": "Feature", "geometry": {"type": "Point", "coordinates": [85.128186, 25.618102]}, "properties": {"feature_type": "node", "node_id": 180, "degree": 1, "type": "endpoint", "betweenness": 0.0, "is_critical": false, "is_articulation": false}}, {"type": "Feature", "geometry": {"type": "Point", "coordinates": [85.133323, 25.618132]}, "properties": {"feature_type": "node", "node_id": 181, "degree": 3, "type": "intersection", "betweenness": 0.025601363790749846, "is_critical": false, "is_articulation": false}}, {"type": "Feature", "geometry": {"type": "Point", "coordinates": [85.133503, 25.618098]}, "properties": {"feature_type": "node", "node_id": 182, "degree": 3, "type": "intersection", "betweenness": 0.023141607949100144, "is_critical": false, "is_articulation": false}}, {"type": "Feature", "geometry": {"type": "Point", "coordinates": [85.141626, 25.618183]}, "properties": {"feature_type": "node", "node_id": 183, "degree": 3, "type": "intersection", "betweenness": 0.007807615507927682, "is_critical": false, "is_articulation": false}}, {"type": "Feature", "geometry": {"type": "Point", "coordinates": [85.141706, 25.618184]}, "properties": {"feature_type": "node", "node_id": 184, "degree": 3, "type": "intersection", "betweenness": 0.05178792015420527, "is_critical": false, "is_articulation": false}}, {"type": "Feature", "geometry": {"type": "Point", "coordinates": [85.137525, 25.618113]}, "properties": {"feature_type": "node", "node_id": 185, "degree": 1, "type": "endpoint", "betweenness": 0.0, "is_critical": false, "is_articulation": false}}, {"type": "Feature", "geometry": {"type": "Point", "coordinates": [85.128486, 25.617979]}, "properties": {"feature_type": "node", "node_id": 186, "degree": 1, "type": "endpoint", "betweenness": 0.0, "is_critical": false, "is_articulation": false}}, {"type": "Feature", "geometry": {"type": "Point", "coordinates": [85.126695, 25.61792]}, "properties": {"feature_type": "node", "node_id": 187, "degree": 4, "type": "intersection", "betweenness": 0.05449538227894107, "is_critical": false, "is_articulation": false}}, {"type": "Feature", "geometry": {"type": "Point", "coordinates": [85.129503, 25.617938]}, "properties": {"feature_type": "node", "node_id": 188, "degree": 3, "type": "intersection", "betweenness": 0.04436646684305373, "is_critical": false, "is_articulation": false}}, {"type": "Feature", "geometry": {"type": "Point", "coordinates": [85.131892, 25.617987]}, "properties": {"feature_type": "node", "node_id": 189, "degree": 3, "type": "intersection", "betweenness": 0.0719062134254642, "is_critical": false, "is_articulation": false}}, {"type": "Feature", "geometry": {"type": "Point", "coordinates": [85.127352, 25.617911]}, "properties": {"feature_type": "node", "node_id": 190, "degree": 1, "type": "endpoint", "betweenness": 0.0, "is_critical": false, "is_articulation": false}}, {"type": "Feature", "geometry": {"type": "Point", "coordinates": [85.141608, 25.618057]}, "properties": {"feature_type": "node", "node_id": 191, "degree": 3, "type": "intersection", "betweenness": 0.00961367194457725, "is_critical": false, "is_articulation": false}}, {"type": "Feature", "geometry": {"type": "Point", "coordinates": [85.141688, 25.618058]}, "properties": {"feature_type": "node", "node_id": 192, "degree": 3, "type": "intersection", "betweenness": 0.05359145265492819, "is_critical": false, "is_articulation": false}}, {"type": "Feature", "geometry": {"type": "Point", "coordinates": [85.125044, 25.617809]}, "properties": {"feature_type": "node", "node_id": 193, "degree": 1, "type": "endpoint", "betweenness": 0.0, "is_critical": false, "is_articulation": false}}, {"type": "Feature", "geometry": {"type": "Point", "coordinates": [85.129883, 25.617781]}, "properties": {"feature_type": "node", "node_id": 194, "degree": 3, "type": "intersection", "betweenness": 0.06130568253357015, "is_critical": false, "is_articulation": false}}, {"type": "Feature", "geometry": {"type": "Point", "coordinates": [85.127057, 25.617726]}, "properties": {"feature_type": "node", "node_id": 195, "degree": 3, "type": "intersection", "betweenness": 0.00827706759028299, "is_critical": false, "is_articulation": false}}, {"type": "Feature", "geometry": {"type": "Point", "coordinates": [85.132552, 25.617779]}, "properties": {"feature_type": "node", "node_id": 196, "degree": 3, "type": "intersection", "betweenness": 0.07426429070549778, "is_critical": false, "is_articulation": true}}, {"type": "Feature", "geometry": {"type": "Point", "coordinates": [85.139202, 25.617827]}, "properties": {"feature_type": "node", "node_id": 197, "degree": 4, "type": "intersection", "betweenness": 0.03597041370194336, "is_critical": false, "is_articulation": false}}, {"type": "Feature", "geometry": {"type": "Point", "coordinates": [85.141631, 25.617894]}, "properties": {"feature_type": "node", "node_id": 198, "degree": 3, "type": "intersection", "betweenness": 0.0669282906535768, "is_critical": false, "is_articulation": false}}, {"type": "Feature", "geometry": {"type": "Point", "coordinates": [85.139023, 25.617843]}, "properties": {"feature_type": "node", "node_id": 199, "degree": 3, "type": "intersection", "betweenness": 0.026274172996337407, "is_critical": false, "is_articulation": true}}, {"type": "Feature", "geometry": {"type": "Point", "coordinates": [85.141612, 25.617822]}, "properties": {"feature_type": "node", "node_id": 200, "degree": 4, "type": "intersection", "betweenness": 0.07064929333399676, "is_critical": false, "is_articulation": true}}, {"type": "Feature", "geometry": {"type": "Point", "coordinates": [85.130662, 25.617646]}, "properties": {"feature_type": "node", "node_id": 201, "degree": 3, "type": "intersection", "betweenness": 0.017908407086346733, "is_critical": false, "is_articulation": false}}, {"type": "Feature", "geometry": {"type": "Point", "coordinates": [85.126562, 25.61754]}, "properties": {"feature_type": "node", "node_id": 202, "degree": 3, "type": "intersection", "betweenness": 0.049417944319088955, "is_critical": false, "is_articulation": false}}, {"type": "Feature", "geometry": {"type": "Point", "coordinates": [85.133072, 25.617623]}, "properties": {"feature_type": "node", "node_id": 203, "degree": 3, "type": "intersection", "betweenness": 0.07990420581471569, "is_critical": false, "is_articulation": false}}, {"type": "Feature", "geometry": {"type": "Point", "coordinates": [85.128713, 25.617513]}, "properties": {"feature_type": "node", "node_id": 204, "degree": 3, "type": "intersection", "betweenness": 0.004685867328947453, "is_critical": false, "is_articulation": false}}, {"type": "Feature", "geometry": {"type": "Point", "coordinates": [85.12505, 25.617448]}, "properties": {"feature_type": "node", "node_id": 205, "degree": 1, "type": "endpoint", "betweenness": 0.0, "is_critical": false, "is_articulation": false}}, {"type": "Feature", "geometry": {"type": "Point", "coordinates": [85.126961, 25.617454]}, "properties": {"feature_type": "node", "node_id": 206, "degree": 3, "type": "intersection", "betweenness": 0.004739951670232627, "is_critical": false, "is_articulation": false}}, {"type": "Feature", "geometry": {"type": "Point", "coordinates": [85.133292, 25.617535]}, "properties": {"feature_type": "node", "node_id": 207, "degree": 3, "type": "intersection", "betweenness": 0.017653128995480712, "is_critical": false, "is_articulation": false}}, {"type": "Feature", "geometry": {"type": "Point", "coordinates": [85.13604, 25.617571]}, "properties": {"feature_type": "node", "node_id": 208, "degree": 3, "type": "intersection", "betweenness": 0.08110055144394374, "is_critical": false, "is_articulation": false}}, {"type": "Feature", "geometry": {"type": "Point", "coordinates": [85.130943, 25.617505]}, "properties": {"feature_type": "node", "node_id": 209, "degree": 3, "type": "intersection", "betweenness": 0.0027431577899840126, "is_critical": false, "is_articulation": true}}, {"type": "Feature", "geometry": {"type": "Point", "coordinates": [85.131759, 25.617516]}, "properties": {"feature_type": "node", "node_id": 210, "degree": 1, "type": "endpoint", "betweenness": 0.0, "is_critical": false, "is_articulation": false}}, {"type": "Feature", "geometry": {"type": "Point", "coordinates": [85.129271, 25.617466]}, "properties": {"feature_type": "node", "node_id": 211, "degree": 3, "type": "intersection", "betweenness": 0.0009345774174078024, "is_critical": false, "is_articulation": false}}, {"type": "Feature", "geometry": {"type": "Point", "coordinates": [85.125329, 25.617397]}, "properties": {"feature_type": "node", "node_id": 212, "degree": 3, "type": "intersection", "betweenness": 0.0024900430727693994, "is_critical": false, "is_articulation": true}}, {"type": "Feature", "geometry": {"type": "Point", "coordinates": [85.129849, 25.617437]}, "properties": {"feature_type": "node", "node_id": 213, "degree": 3, "type": "intersection", "betweenness": 0.06289792554100566, "is_critical": false, "is_articulation": false}}, {"type": "Feature", "geometry": {"type": "Point", "coordinates": [85.131621, 25.617424]}, "properties": {"feature_type": "node", "node_id": 214, "degree": 1, "type": "endpoint", "betweenness": 0.0, "is_critical": false, "is_articulation": false}}, {"type": "Feature", "geometry": {"type": "Point", "coordinates": [85.138928, 25.617517]}, "properties": {"feature_type": "node", "node_id": 215, "degree": 3, "type": "intersection", "betweenness": 0.026888571113336982, "is_critical": false, "is_articulation": false}}, {"type": "Feature", "geometry": {"type": "Point", "coordinates": [85.132418, 25.617398]}, "properties": {"feature_type": "node", "node_id": 216, "degree": 1, "type": "endpoint", "betweenness": 0.0, "is_critical": false, "is_articulation": false}}, {"type": "Feature", "geometry": {"type": "Point", "coordinates": [85.126426, 25.617285]}, "properties": {"feature_type": "node", "node_id": 217, "degree": 3, "type": "intersection", "betweenness": 0.04970783638837749, "is_critical": false, "is_articulation": false}}, {"type": "Feature", "geometry": {"type": "Point", "coordinates": [85.125869, 25.61726]}, "properties": {"feature_type": "node", "node_id": 218, "degree": 3, "type": "intersection", "betweenness": 0.005646405230172139, "is_critical": false, "is_articulation": false}}, {"type": "Feature", "geometry": {"type": "Point", "coordinates": [85.141619, 25.617389]}, "properties": {"feature_type": "node", "node_id": 219, "degree": 4, "type": "intersection", "betweenness": 0.08421797287562115, "is_critical": false, "is_articulation": false}}, {"type": "Feature", "geometry": {"type": "Point", "coordinates": [85.127702, 25.617211]}, "properties": {"feature_type": "node", "node_id": 220, "degree": 3, "type": "intersection", "betweenness": 0.006189412016675284, "is_critical": false, "is_articulation": false}}, {"type": "Feature", "geometry": {"type": "Point", "coordinates": [85.132878, 25.617277]}, "properties": {"feature_type": "node", "node_id": 221, "degree": 3, "type": "intersection", "betweenness": 0.06018289160848994, "is_critical": false, "is_articulation": true}}, {"type": "Feature", "geometry": {"type": "Point", "coordinates": [85.129853, 25.617203]}, "properties": {"feature_type": "node", "node_id": 222, "degree": 3, "type": "intersection", "betweenness": 0.06313373326900902, "is_critical": false, "is_articulation": false}}, {"type": "Feature", "geometry": {"type": "Point", "coordinates": [85.128061, 25.617144]}, "properties": {"feature_type": "node", "node_id": 223, "degree": 3, "type": "intersection", "betweenness": 0.01622746575920353, "is_critical": false, "is_articulation": false}}, {"type": "Feature", "geometry": {"type": "Point", "coordinates": [85.141601, 25.617262]}, "properties": {"feature_type": "node", "node_id": 225, "degree": 3, "type": "intersection", "betweenness": 0.04056974608483453, "is_critical": false, "is_articulation": false}}, {"type": "Feature", "geometry": {"type": "Point", "coordinates": [85.14168, 25.617263]}, "properties": {"feature_type": "node", "node_id": 226, "degree": 3, "type": "intersection", "betweenness": 0.02597562743244325, "is_critical": false, "is_articulation": false}}, {"type": "Feature", "geometry": {"type": "Point", "coordinates": [85.131964, 25.617139]}, "properties": {"feature_type": "node", "node_id": 227, "degree": 1, "type": "endpoint", "betweenness": 0.0, "is_critical": false, "is_articulation": false}}, {"type": "Feature", "geometry": {"type": "Point", "coordinates": [85.125176, 25.616998]}, "properties": {"feature_type": "node", "node_id": 228, "degree": 3, "type": "intersection", "betweenness": 0.0, "is_critical": false, "is_articulation": false}}, {"type": "Feature", "geometry": {"type": "Point", "coordinates": [85.127645, 25.617048]}, "properties": {"feature_type": "node", "node_id": 229, "degree": 3, "type": "intersection", "betweenness": 0.0005949277541369112, "is_critical": false, "is_articulation": false}}, {"type": "Feature", "geometry": {"type": "Point", "coordinates": [85.132782, 25.617096]}, "properties": {"feature_type": "node", "node_id": 230, "degree": 3, "type": "intersection", "betweenness": 0.06264048407648823, "is_critical": false, "is_articulation": true}}, {"type": "Feature", "geometry": {"type": "Point", "coordinates": [85.138098, 25.617127]}, "properties": {"feature_type": "node", "node_id": 231, "degree": 3, "type": "intersection", "betweenness": 0.044682319396159145, "is_critical": false, "is_articulation": false}}, {"type": "Feature", "geometry": {"type": "Point", "coordinates": [85.137919, 25.617107]}, "properties": {"feature_type": "node", "node_id": 233, "degree": 3, "type": "intersection", "betweenness": 0.05239690983707633, "is_critical": false, "is_articulation": false}}, {"type": "Feature", "geometry": {"type": "Point", "coordinates": [85.138837, 25.61701]}, "properties": {"feature_type": "node", "node_id": 235, "degree": 3, "type": "intersection", "betweenness": 0.015777484039710885, "is_critical": false, "is_articulation": false}}, {"type": "Feature", "geometry": {"type": "Point", "coordinates": [85.125756, 25.616843]}, "properties": {"feature_type": "node", "node_id": 236, "degree": 3, "type": "intersection", "betweenness": 0.00585841584801002, "is_critical": false, "is_articulation": false}}, {"type": "Feature", "geometry": {"type": "Point", "coordinates": [85.126772, 25.61682]}, "properties": {"feature_type": "node", "node_id": 237, "degree": 3, "type": "intersection", "betweenness": 0.00043700147758420386, "is_critical": false, "is_articulation": false}}, {"type": "Feature", "geometry": {"type": "Point", "coordinates": [85.139037, 25.616959]}, "properties": {"feature_type": "node", "node_id": 238, "degree": 3, "type": "intersection", "betweenness": 0.01476069842354962, "is_critical": false, "is_articulation": false}}, {"type": "Feature", "geometry": {"type": "Point", "coordinates": [85.132725, 25.61686]}, "properties": {"feature_type": "node", "node_id": 239, "degree": 3, "type": "intersection", "betweenness": 0.06365943306630091, "is_critical": false, "is_articulation": false}}, {"type": "Feature", "geometry": {"type": "Point", "coordinates": [85.129839, 25.616805]}, "properties": {"feature_type": "node", "node_id": 241, "degree": 3, "type": "intersection", "betweenness": 0.0654323177736289, "is_critical": false, "is_articulation": false}}, {"type": "Feature", "geometry": {"type": "Point", "coordinates": [85.130158, 25.616791]}, "properties": {"feature_type": "node", "node_id": 242, "degree": 3, "type": "intersection", "betweenness": 0.00019145856814951507, "is_critical": false, "is_articulation": false}}, {"type": "Feature", "geometry": {"type": "Point", "coordinates": [85.132865, 25.616826]}, "properties": {"feature_type": "node", "node_id": 243, "degree": 4, "type": "intersection", "betweenness": 0.09846378837013592, "is_critical": true, "is_articulation": false}}, {"type": "Feature", "geometry": {"type": "Point", "coordinates": [85.12759, 25.616704]}, "properties": {"feature_type": "node", "node_id": 245, "degree": 3, "type": "intersection", "betweenness": 0.003113094684374601, "is_critical": false, "is_articulation": false}}, {"type": "Feature", "geometry": {"type": "Point", "coordinates": [85.128029, 25.616674]}, "properties": {"feature_type": "node", "node_id": 247, "degree": 4, "type": "intersection", "betweenness": 0.02241471440222741, "is_critical": false, "is_articulation": false}}, {"type": "Feature", "geometry": {"type": "Point", "coordinates": [85.125699, 25.616644]}, "properties": {"feature_type": "node", "node_id": 248, "degree": 3, "type": "intersection", "betweenness": 0.007182400522671073, "is_critical": false, "is_articulation": false}}, {"type": "Feature", "geometry": {"type": "Point", "coordinates": [85.135017, 25.616763]}, "properties": {"feature_type": "node", "node_id": 249, "degree": 1, "type": "endpoint", "betweenness": 0.0, "is_critical": false, "is_articulation": false}}, {"type": "Feature", "geometry": {"type": "Point", "coordinates": [85.128627, 25.616645]}, "properties": {"feature_type": "node", "node_id": 250, "degree": 4, "type": "intersection", "betweenness": 0.023225979521505014, "is_critical": false, "is_articulation": false}}, {"type": "Feature", "geometry": {"type": "Point", "coordinates": [85.129224, 25.616635]}, "properties": {"feature_type": "node", "node_id": 251, "degree": 4, "type": "intersection", "betweenness": 0.018656934369733535, "is_critical": false, "is_articulation": false}}, {"type": "Feature", "geometry": {"type": "Point", "coordinates": [85.129822, 25.616624]}, "properties": {"feature_type": "node", "node_id": 252, "degree": 3, "type": "intersection", "betweenness": 0.07823732641630664, "is_critical": false, "is_articulation": false}}, {"type": "Feature", "geometry": {"type": "Point", "coordinates": [85.133664, 25.616692]}, "properties": {"feature_type": "node", "node_id": 253, "degree": 3, "type": "intersection", "betweenness": 0.08192047005782697, "is_critical": false, "is_articulation": false}}, {"type": "Feature", "geometry": {"type": "Point", "coordinates": [85.130898, 25.616548]}, "properties": {"feature_type": "node", "node_id": 254, "degree": 1, "type": "endpoint", "betweenness": 0.0, "is_critical": false, "is_articulation": false}}, {"type": "Feature", "geometry": {"type": "Point", "coordinates": [85.131436, 25.616537]}, "properties": {"feature_type": "node", "node_id": 255, "degree": 3, "type": "intersection", "betweenness": 0.0037837405163107553, "is_critical": false, "is_articulation": true}}, {"type": "Feature", "geometry": {"type": "Point", "coordinates": [85.135657, 25.616609]}, "properties": {"feature_type": "node", "node_id": 256, "degree": 3, "type": "intersection", "betweenness": 0.07671971979984467, "is_critical": false, "is_articulation": true}}, {"type": "Feature", "geometry": {"type": "Point", "coordinates": [85.142068, 25.616672]}, "properties": {"feature_type": "node", "node_id": 257, "degree": 3, "type": "intersection", "betweenness": 0.03335056821008954, "is_critical": false, "is_articulation": false}}, {"type": "Feature", "geometry": {"type": "Point", "coordinates": [85.125025, 25.616455]}, "properties": {"feature_type": "node", "node_id": 258, "degree": 1, "type": "endpoint", "betweenness": 0.0, "is_critical": false, "is_articulation": false}}, {"type": "Feature", "geometry": {"type": "Point", "coordinates": [85.137748, 25.616599]}, "properties": {"feature_type": "node", "node_id": 259, "degree": 3, "type": "intersection", "betweenness": 0.013174945537068324, "is_critical": false, "is_articulation": false}}, {"type": "Feature", "geometry": {"type": "Point", "coordinates": [85.126679, 25.616422]}, "properties": {"feature_type": "node", "node_id": 260, "degree": 3, "type": "intersection", "betweenness": 0.0014170097416715522, "is_critical": false, "is_articulation": false}}, {"type": "Feature", "geometry": {"type": "Point", "coordinates": [85.141671, 25.616613]}, "properties": {"feature_type": "node", "node_id": 261, "degree": 3, "type": "intersection", "betweenness": 0.05505353268100406, "is_critical": false, "is_articulation": false}}, {"type": "Feature", "geometry": {"type": "Point", "coordinates": [85.132672, 25.616462]}, "properties": {"feature_type": "node", "node_id": 262, "degree": 3, "type": "intersection", "betweenness": 0.044388100579567796, "is_critical": false, "is_articulation": true}}, {"type": "Feature", "geometry": {"type": "Point", "coordinates": [85.126978, 25.616389]}, "properties": {"feature_type": "node", "node_id": 263, "degree": 3, "type": "intersection", "betweenness": 0.0007723243935522812, "is_critical": false, "is_articulation": false}}, {"type": "Feature", "geometry": {"type": "Point", "coordinates": [85.131378, 25.616446]}, "properties": {"feature_type": "node", "node_id": 264, "degree": 3, "type": "intersection", "betweenness": 0.004774565648655139, "is_critical": false, "is_articulation": true}}, {"type": "Feature", "geometry": {"type": "Point", "coordinates": [85.128034, 25.616367]}, "properties": {"feature_type": "node", "node_id": 265, "degree": 3, "type": "intersection", "betweenness": 0.014111686328127534, "is_critical": false, "is_articulation": false}}, {"type": "Feature", "geometry": {"type": "Point", "coordinates": [85.128611, 25.616356]}, "properties": {"feature_type": "node", "node_id": 266, "degree": 3, "type": "intersection", "betweenness": 0.010658941980482043, "is_critical": false, "is_articulation": false}}, {"type": "Feature", "geometry": {"type": "Point", "coordinates": [85.132397, 25.616188]}, "properties": {"feature_type": "node", "node_id": 267, "degree": 10, "type": "intersection", "betweenness": 0.062015269091231624, "is_critical": false, "is_articulation": true}}, {"type": "Feature", "geometry": {"type": "Point", "coordinates": [85.129806, 25.616353]}, "properties": {"feature_type": "node", "node_id": 268, "degree": 3, "type": "intersection", "betweenness": 0.07844501028684171, "is_critical": false, "is_articulation": false}}, {"type": "Feature", "geometry": {"type": "Point", "coordinates": [85.141752, 25.616506]}, "properties": {"feature_type": "node", "node_id": 269, "degree": 3, "type": "intersection", "betweenness": 0.05485017555777181, "is_critical": false, "is_articulation": false}}, {"type": "Feature", "geometry": {"type": "Point", "coordinates": [85.125586, 25.616281]}, "properties": {"feature_type": "node", "node_id": 270, "degree": 3, "type": "intersection", "betweenness": 0.010570243660774357, "is_critical": false, "is_articulation": true}}, {"type": "Feature", "geometry": {"type": "Point", "coordinates": [85.128015, 25.616294]}, "properties": {"feature_type": "node", "node_id": 271, "degree": 3, "type": "intersection", "betweenness": 0.01714257281374867, "is_critical": false, "is_articulation": false}}, {"type": "Feature", "geometry": {"type": "Point", "coordinates": [85.130125, 25.616321]}, "properties": {"feature_type": "node", "node_id": 272, "degree": 3, "type": "intersection", "betweenness": 0.0061829218957210625, "is_critical": false, "is_articulation": false}}, {"type": "Feature", "geometry": {"type": "Point", "coordinates": [85.12919, 25.616291]}, "properties": {"feature_type": "node", "node_id": 273, "degree": 3, "type": "intersection", "betweenness": 0.0007982848773691645, "is_critical": false, "is_articulation": false}}, {"type": "Feature", "geometry": {"type": "Point", "coordinates": [85.129807, 25.616281]}, "properties": {"feature_type": "node", "node_id": 274, "degree": 3, "type": "intersection", "betweenness": 0.08049048007424697, "is_critical": false, "is_articulation": false}}, {"type": "Feature", "geometry": {"type": "Point", "coordinates": [85.133033, 25.616322]}, "properties": {"feature_type": "node", "node_id": 275, "degree": 1, "type": "endpoint", "betweenness": 0.0, "is_critical": false, "is_articulation": false}}, {"type": "Feature", "geometry": {"type": "Point", "coordinates": [85.142371, 25.616405]}, "properties": {"feature_type": "node", "node_id": 276, "degree": 3, "type": "intersection", "betweenness": 0.032818378291843434, "is_critical": false, "is_articulation": false}}, {"type": "Feature", "geometry": {"type": "Point", "coordinates": [85.130425, 25.616235]}, "properties": {"feature_type": "node", "node_id": 277, "degree": 3, "type": "intersection", "betweenness": 0.00483730348454594, "is_critical": false, "is_articulation": true}}, {"type": "Feature", "geometry": {"type": "Point", "coordinates": [85.12503, 25.616148]}, "properties": {"feature_type": "node", "node_id": 278, "degree": 1, "type": "endpoint", "betweenness": 0.0, "is_critical": false, "is_articulation": false}}, {"type": "Feature", "geometry": {"type": "Point", "coordinates": [85.135542, 25.616282]}, "properties": {"feature_type": "node", "node_id": 279, "degree": 3, "type": "intersection", "betweenness": 0.11577294095504292, "is_critical": true, "is_articulation": false}}, {"type": "Feature", "geometry": {"type": "Point", "coordinates": [85.133592, 25.616203]}, "properties": {"feature_type": "node", "node_id": 280, "degree": 3, "type": "intersection", "betweenness": 0.01013540555684156, "is_critical": false, "is_articulation": false}}, {"type": "Feature", "geometry": {"type": "Point", "coordinates": [85.125569, 25.616082]}, "properties": {"feature_type": "node", "node_id": 281, "degree": 3, "type": "intersection", "betweenness": 0.014213364889743662, "is_critical": false, "is_articulation": true}}, {"type": "Feature", "geometry": {"type": "Point", "coordinates": [85.132776, 25.616175]}, "properties": {"feature_type": "node", "node_id": 282, "degree": 3, "type": "intersection", "betweenness": 0.0020530415951851956, "is_critical": false, "is_articulation": true}}, {"type": "Feature", "geometry": {"type": "Point", "coordinates": [85.126167, 25.616054]}, "properties": {"feature_type": "node", "node_id": 283, "degree": 3, "type": "intersection", "betweenness": 0.06241549321674191, "is_critical": false, "is_articulation": false}}, {"type": "Feature", "geometry": {"type": "Point", "coordinates": [85.126983, 25.616046]}, "properties": {"feature_type": "node", "node_id": 284, "degree": 3, "type": "intersection", "betweenness": 0.0015814261391784803, "is_critical": false, "is_articulation": false}}, {"type": "Feature", "geometry": {"type": "Point", "coordinates": [85.128018, 25.61606]}, "properties": {"feature_type": "node", "node_id": 285, "degree": 3, "type": "intersection", "betweenness": 0.02008043423235931, "is_critical": false, "is_articulation": false}}, {"type": "Feature", "geometry": {"type": "Point", "coordinates": [85.130845, 25.616114]}, "properties": {"feature_type": "node", "node_id": 286, "degree": 1, "type": "endpoint", "betweenness": 0.0, "is_critical": false, "is_articulation": false}}, {"type": "Feature", "geometry": {"type": "Point", "coordinates": [85.132916, 25.61614]}, "properties": {"feature_type": "node", "node_id": 287, "degree": 1, "type": "endpoint", "betweenness": 0.0, "is_critical": false, "is_articulation": false}}, {"type": "Feature", "geometry": {"type": "Point", "coordinates": [85.135525, 25.616138]}, "properties": {"feature_type": "node", "node_id": 288, "degree": 3, "type": "intersection", "betweenness": 0.08462685049573707, "is_critical": false, "is_articulation": false}}, {"type": "Feature", "geometry": {"type": "Point", "coordinates": [85.142334, 25.616224]}, "properties": {"feature_type": "node", "node_id": 289, "degree": 3, "type": "intersection", "betweenness": 0.004575535272725699, "is_critical": false, "is_articulation": false}}, {"type": "Feature", "geometry": {"type": "Point", "coordinates": [85.142652, 25.616246]}, "properties": {"feature_type": "node", "node_id": 290, "degree": 3, "type": "intersection", "betweenness": 0.032072014382108036, "is_critical": false, "is_articulation": false}}, {"type": "Feature", "geometry": {"type": "Point", "coordinates": [85.141797, 25.616181]}, "properties": {"feature_type": "node", "node_id": 291, "degree": 3, "type": "intersection", "betweenness": 0.04785598854277314, "is_critical": false, "is_articulation": false}}, {"type": "Feature", "geometry": {"type": "Point", "coordinates": [85.142733, 25.616157]}, "properties": {"feature_type": "node", "node_id": 292, "degree": 4, "type": "intersection", "betweenness": 0.034616141796162604, "is_critical": false, "is_articulation": false}}, {"type": "Feature", "geometry": {"type": "Point", "coordinates": [85.126607, 25.615933]}, "properties": {"feature_type": "node", "node_id": 293, "degree": 3, "type": "intersection", "betweenness": 0.0035241356781419214, "is_critical": false, "is_articulation": false}}, {"type": "Feature", "geometry": {"type": "Point", "coordinates": [85.129812, 25.615956]}, "properties": {"feature_type": "node", "node_id": 294, "degree": 3, "type": "intersection", "betweenness": 0.08288966145365728, "is_critical": false, "is_articulation": true}}, {"type": "Feature", "geometry": {"type": "Point", "coordinates": [85.141778, 25.616109]}, "properties": {"feature_type": "node", "node_id": 295, "degree": 3, "type": "intersection", "betweenness": 0.04472558686918728, "is_critical": false, "is_articulation": true}}, {"type": "Feature", "geometry": {"type": "Point", "coordinates": [85.130111, 25.61596]}, "properties": {"feature_type": "node", "node_id": 296, "degree": 1, "type": "endpoint", "betweenness": 0.0, "is_critical": false, "is_articulation": false}}, {"type": "Feature", "geometry": {"type": "Point", "coordinates": [85.142037, 25.616112]}, "properties": {"feature_type": "node", "node_id": 297, "degree": 3, "type": "intersection", "betweenness": 0.008091017456261992, "is_critical": false, "is_articulation": false}}, {"type": "Feature", "geometry": {"type": "Point", "coordinates": [85.130491, 25.615875]}, "properties": {"feature_type": "node", "node_id": 298, "degree": 1, "type": "endpoint", "betweenness": 0.0, "is_critical": false, "is_articulation": false}}, {"type": "Feature", "geometry": {"type": "Point", "coordinates": [85.136345, 25.615895]}, "properties": {"feature_type": "node", "node_id": 299, "degree": 3, "type": "intersection", "betweenness": 0.04827351965749468, "is_critical": false, "is_articulation": false}}, {"type": "Feature", "geometry": {"type": "Point", "coordinates": [85.126211, 25.61573]}, "properties": {"feature_type": "node", "node_id": 300, "degree": 4, "type": "intersection", "betweenness": 0.06927555106535335, "is_critical": false, "is_articulation": true}}, {"type": "Feature", "geometry": {"type": "Point", "coordinates": [85.13537, 25.615829]}, "properties": {"feature_type": "node", "node_id": 301, "degree": 3, "type": "intersection", "betweenness": 0.039808238559539286, "is_critical": false, "is_articulation": false}}, {"type": "Feature", "geometry": {"type": "Point", "coordinates": [85.125576, 25.615631]}, "properties": {"feature_type": "node", "node_id": 302, "degree": 1, "type": "endpoint", "betweenness": 0.0, "is_critical": false, "is_articulation": false}}, {"type": "Feature", "geometry": {"type": "Point", "coordinates": [85.128005, 25.615626]}, "properties": {"feature_type": "node", "node_id": 303, "degree": 3, "type": "intersection", "betweenness": 0.032820541665494835, "is_critical": false, "is_articulation": false}}, {"type": "Feature", "geometry": {"type": "Point", "coordinates": [85.14003, 25.615798]}, "properties": {"feature_type": "node", "node_id": 304, "degree": 1, "type": "endpoint", "betweenness": 0.0, "is_critical": false, "is_articulation": false}}, {"type": "Feature", "geometry": {"type": "Point", "coordinates": [85.127826, 25.615624]}, "properties": {"feature_type": "node", "node_id": 305, "degree": 3, "type": "intersection", "betweenness": 0.012502136331480763, "is_critical": false, "is_articulation": false}}, {"type": "Feature", "geometry": {"type": "Point", "coordinates": [85.128543, 25.615597]}, "properties": {"feature_type": "node", "node_id": 306, "degree": 3, "type": "intersection", "betweenness": 0.036576158324337305, "is_critical": false, "is_articulation": false}}, {"type": "Feature", "geometry": {"type": "Point", "coordinates": [85.131231, 25.615649]}, "properties": {"feature_type": "node", "node_id": 307, "degree": 3, "type": "intersection", "betweenness": 0.007123989434083086, "is_critical": false, "is_articulation": true}}, {"type": "Feature", "geometry": {"type": "Point", "coordinates": [85.128225, 25.615575]}, "properties": {"feature_type": "node", "node_id": 308, "degree": 3, "type": "intersection", "betweenness": 0.05397833597625481, "is_critical": false, "is_articulation": false}}, {"type": "Feature", "geometry": {"type": "Point", "coordinates": [85.129121, 25.615568]}, "properties": {"feature_type": "node", "node_id": 309, "degree": 3, "type": "intersection", "betweenness": 0.028956756324082025, "is_critical": false, "is_articulation": false}}, {"type": "Feature", "geometry": {"type": "Point", "coordinates": [85.137563, 25.615658]}, "properties": {"feature_type": "node", "node_id": 310, "degree": 4, "type": "intersection", "betweenness": 0.031027104908478476, "is_critical": false, "is_articulation": false}}, {"type": "Feature", "geometry": {"type": "Point", "coordinates": [85.126971, 25.615541]}, "properties": {"feature_type": "node", "node_id": 311, "degree": 3, "type": "intersection", "betweenness": 0.010927200313256504, "is_critical": false, "is_articulation": false}}, {"type": "Feature", "geometry": {"type": "Point", "coordinates": [85.129799, 25.615559]}, "properties": {"feature_type": "node", "node_id": 312, "degree": 3, "type": "intersection", "betweenness": 0.11349274512646, "is_critical": true, "is_articulation": false}}, {"type": "Feature", "geometry": {"type": "Point", "coordinates": [85.130097, 25.615545]}, "properties": {"feature_type": "node", "node_id": 313, "degree": 3, "type": "intersection", "betweenness": 0.11563881178865569, "is_critical": true, "is_articulation": false}}, {"type": "Feature", "geometry": {"type": "Point", "coordinates": [85.144136, 25.615579]}, "properties": {"feature_type": "node", "node_id": 314, "degree": 3, "type": "intersection", "betweenness": 0.03244411465015003, "is_critical": false, "is_articulation": false}}, {"type": "Feature", "geometry": {"type": "Point", "coordinates": [85.13215, 25.615427]}, "properties": {"feature_type": "node", "node_id": 315, "degree": 3, "type": "intersection", "betweenness": 0.0062975806992456316, "is_critical": false, "is_articulation": false}}, {"type": "Feature", "geometry": {"type": "Point", "coordinates": [85.138362, 25.615506]}, "properties": {"feature_type": "node", "node_id": 316, "degree": 4, "type": "intersection", "betweenness": 0.0034397641057370503, "is_critical": false, "is_articulation": false}}, {"type": "Feature", "geometry": {"type": "Point", "coordinates": [85.126397, 25.615335]}, "properties": {"feature_type": "node", "node_id": 317, "degree": 4, "type": "intersection", "betweenness": 0.07435082565155406, "is_critical": false, "is_articulation": false}}, {"type": "Feature", "geometry": {"type": "Point", "coordinates": [85.13239, 25.615375]}, "properties": {"feature_type": "node", "node_id": 318, "degree": 3, "type": "intersection", "betweenness": 0.007121826060431679, "is_critical": false, "is_articulation": false}}, {"type": "Feature", "geometry": {"type": "Point", "coordinates": [85.131136, 25.615341]}, "properties": {"feature_type": "node", "node_id": 319, "degree": 3, "type": "intersection", "betweenness": 0.10775115145562596, "is_critical": true, "is_articulation": false}}, {"type": "Feature", "geometry": {"type": "Point", "coordinates": [85.131056, 25.61534]}, "properties": {"feature_type": "node", "node_id": 320, "degree": 3, "type": "intersection", "betweenness": 0.10354771645094225, "is_critical": true, "is_articulation": false}}, {"type": "Feature", "geometry": {"type": "Point", "coordinates": [85.128111, 25.615248]}, "properties": {"feature_type": "node", "node_id": 321, "degree": 3, "type": "intersection", "betweenness": 0.04020846268504957, "is_critical": false, "is_articulation": false}}, {"type": "Feature", "geometry": {"type": "Point", "coordinates": [85.129643, 25.615286]}, "properties": {"feature_type": "node", "node_id": 322, "degree": 1, "type": "endpoint", "betweenness": 0.0, "is_critical": false, "is_articulation": false}}, {"type": "Feature", "geometry": {"type": "Point", "coordinates": [85.133367, 25.615298]}, "properties": {"feature_type": "node", "node_id": 323, "degree": 3, "type": "intersection", "betweenness": 0.011020225380267003, "is_critical": false, "is_articulation": false}}, {"type": "Feature", "geometry": {"type": "Point", "coordinates": [85.139857, 25.615398]}, "properties": {"feature_type": "node", "node_id": 324, "degree": 1, "type": "endpoint", "betweenness": 0.0, "is_critical": false, "is_articulation": false}}, {"type": "Feature", "geometry": {"type": "Point", "coordinates": [85.144597, 25.615386]}, "properties": {"feature_type": "node", "node_id": 325, "degree": 3, "type": "intersection", "betweenness": 0.0020530415951851956, "is_critical": false, "is_articulation": true}}, {"type": "Feature", "geometry": {"type": "Point", "coordinates": [85.130083, 25.615183]}, "properties": {"feature_type": "node", "node_id": 326, "degree": 3, "type": "intersection", "betweenness": 0.029703120233817423, "is_critical": false, "is_articulation": true}}, {"type": "Feature", "geometry": {"type": "Point", "coordinates": [85.14173, 25.615314]}, "properties": {"feature_type": "node", "node_id": 327, "degree": 3, "type": "intersection", "betweenness": 0.007896313827635367, "is_critical": false, "is_articulation": true}}, {"type": "Feature", "geometry": {"type": "Point", "coordinates": [85.131836, 25.615152]}, "properties": {"feature_type": "node", "node_id": 328, "degree": 4, "type": "intersection", "betweenness": 0.12180009994786269, "is_critical": true, "is_articulation": false}}, {"type": "Feature", "geometry": {"type": "Point", "coordinates": [85.132016, 25.615118]}, "properties": {"feature_type": "node", "node_id": 329, "degree": 3, "type": "intersection", "betweenness": 0.04322853230241367, "is_critical": false, "is_articulation": false}}, {"type": "Feature", "geometry": {"type": "Point", "coordinates": [85.127357, 25.61504]}, "properties": {"feature_type": "node", "node_id": 330, "degree": 3, "type": "intersection", "betweenness": 0.0016571442169777237, "is_critical": false, "is_articulation": false}}, {"type": "Feature", "geometry": {"type": "Point", "coordinates": [85.125446, 25.614998]}, "properties": {"feature_type": "node", "node_id": 331, "degree": 1, "type": "endpoint", "betweenness": 0.0, "is_critical": false, "is_articulation": false}}, {"type": "Feature", "geometry": {"type": "Point", "coordinates": [85.128433, 25.615036]}, "properties": {"feature_type": "node", "node_id": 332, "degree": 3, "type": "intersection", "betweenness": 0.025354739194489453, "is_critical": false, "is_articulation": false}}, {"type": "Feature", "geometry": {"type": "Point", "coordinates": [85.144977, 25.615247]}, "properties": {"feature_type": "node", "node_id": 333, "degree": 1, "type": "endpoint", "betweenness": 0.0, "is_critical": false, "is_articulation": false}}, {"type": "Feature", "geometry": {"type": "Point", "coordinates": [85.12927, 25.614992]}, "properties": {"feature_type": "node", "node_id": 334, "degree": 3, "type": "intersection", "betweenness": 0.008396053141110372, "is_critical": false, "is_articulation": false}}, {"type": "Feature", "geometry": {"type": "Point", "coordinates": [85.126622, 25.614922]}, "properties": {"feature_type": "node", "node_id": 335, "degree": 3, "type": "intersection", "betweenness": 0.061965511497249263, "is_critical": false, "is_articulation": false}}, {"type": "Feature", "geometry": {"type": "Point", "coordinates": [85.132476, 25.614997]}, "properties": {"feature_type": "node", "node_id": 336, "degree": 3, "type": "intersection", "betweenness": 0.04954341999087056, "is_critical": false, "is_articulation": false}}, {"type": "Feature", "geometry": {"type": "Point", "coordinates": [85.125668, 25.614838]}, "properties": {"feature_type": "node", "node_id": 337, "degree": 3, "type": "intersection", "betweenness": 0.007314366315406898, "is_critical": false, "is_articulation": true}}, {"type": "Feature", "geometry": {"type": "Point", "coordinates": [85.125031, 25.61483]}, "properties": {"feature_type": "node", "node_id": 338, "degree": 1, "type": "endpoint", "betweenness": 0.0, "is_critical": false, "is_articulation": false}}, {"type": "Feature", "geometry": {"type": "Point", "coordinates": [85.130088, 25.614858]}, "properties": {"feature_type": "node", "node_id": 339, "degree": 3, "type": "intersection", "betweenness": 0.03639443493761912, "is_critical": false, "is_articulation": false}}, {"type": "Feature", "geometry": {"type": "Point", "coordinates": [85.135086, 25.614904]}, "properties": {"feature_type": "node", "node_id": 340, "degree": 3, "type": "intersection", "betweenness": 0.04050051812798951, "is_critical": false, "is_articulation": false}}, {"type": "Feature", "geometry": {"type": "Point", "coordinates": [85.129114, 25.614756]}, "properties": {"feature_type": "node", "node_id": 341, "degree": 3, "type": "intersection", "betweenness": 0.008145101797547167, "is_critical": false, "is_articulation": false}}, {"type": "Feature", "geometry": {"type": "Point", "coordinates": [85.13887, 25.61488]}, "properties": {"feature_type": "node", "node_id": 342, "degree": 3, "type": "intersection", "betweenness": 0.003679898581043222, "is_critical": false, "is_articulation": true}}, {"type": "Feature", "geometry": {"type": "Point", "coordinates": [85.142154, 25.61494]}, "properties": {"feature_type": "node", "node_id": 343, "degree": 1, "type": "endpoint", "betweenness": 0.0, "is_critical": false, "is_articulation": false}}, {"type": "Feature", "geometry": {"type": "Point", "coordinates": [85.127541, 25.614736]}, "properties": {"feature_type": "node", "node_id": 344, "degree": 3, "type": "intersection", "betweenness": 0.018436270257290027, "is_critical": false, "is_articulation": false}}, {"type": "Feature", "geometry": {"type": "Point", "coordinates": [85.133236, 25.614772]}, "properties": {"feature_type": "node", "node_id": 345, "degree": 4, "type": "intersection", "betweenness": 0.06183570907816485, "is_critical": false, "is_articulation": false}}, {"type": "Feature", "geometry": {"type": "Point", "coordinates": [85.12607, 25.614608]}, "properties": {"feature_type": "node", "node_id": 346, "degree": 3, "type": "intersection", "betweenness": 0.005947114167717705, "is_critical": false, "is_articulation": false}}, {"type": "Feature", "geometry": {"type": "Point", "coordinates": [85.125911, 25.614588]}, "properties": {"feature_type": "node", "node_id": 347, "degree": 3, "type": "intersection", "betweenness": 0.009302506701049885, "is_critical": false, "is_articulation": false}}, {"type": "Feature", "geometry": {"type": "Point", "coordinates": [85.128858, 25.614608]}, "properties": {"feature_type": "node", "node_id": 348, "degree": 3, "type": "intersection", "betweenness": 0.02967066962904632, "is_critical": false, "is_articulation": false}}, {"type": "Feature", "geometry": {"type": "Point", "coordinates": [85.130769, 25.614632]}, "properties": {"feature_type": "node", "node_id": 349, "degree": 3, "type": "intersection", "betweenness": 0.04331723062212136, "is_critical": false, "is_articulation": false}}, {"type": "Feature", "geometry": {"type": "Point", "coordinates": [85.139609, 25.614727]}, "properties": {"feature_type": "node", "node_id": 350, "degree": 3, "type": "intersection", "betweenness": 0.0043289106764653066, "is_critical": false, "is_articulation": true}}, {"type": "Feature", "geometry": {"type": "Point", "coordinates": [85.129535, 25.614563]}, "properties": {"feature_type": "node", "node_id": 351, "degree": 3, "type": "intersection", "betweenness": 0.003450580973994085, "is_critical": false, "is_articulation": false}}, {"type": "Feature", "geometry": {"type": "Point", "coordinates": [85.125773, 25.614478]}, "properties": {"feature_type": "node", "node_id": 352, "degree": 3, "type": "intersection", "betweenness": 0.005051477476035228, "is_critical": false, "is_articulation": true}}, {"type": "Feature", "geometry": {"type": "Point", "coordinates": [85.138735, 25.61459]}, "properties": {"feature_type": "node", "node_id": 353, "degree": 1, "type": "endpoint", "betweenness": 0.0, "is_critical": false, "is_articulation": false}}, {"type": "Feature", "geometry": {"type": "Point", "coordinates": [85.125038, 25.614342]}, "properties": {"feature_type": "node", "node_id": 354, "degree": 1, "type": "endpoint", "betweenness": 0.0, "is_critical": false, "is_articulation": false}}, {"type": "Feature", "geometry": {"type": "Point", "coordinates": [85.12703, 25.61435]}, "properties": {"feature_type": "node", "node_id": 355, "degree": 3, "type": "intersection", "betweenness": 0.10876144695083301, "is_critical": true, "is_articulation": false}}, {"type": "Feature", "geometry": {"type": "Point", "coordinates": [85.127109, 25.614351]}, "properties": {"feature_type": "node", "node_id": 356, "degree": 3, "type": "intersection", "betweenness": 0.11285887664659776, "is_critical": true, "is_articulation": false}}, {"type": "Feature", "geometry": {"type": "Point", "coordinates": [85.128743, 25.614318]}, "properties": {"feature_type": "node", "node_id": 357, "degree": 3, "type": "intersection", "betweenness": 0.029404574669923262, "is_critical": false, "is_articulation": false}}, {"type": "Feature", "geometry": {"type": "Point", "coordinates": [85.134915, 25.614379]}, "properties": {"feature_type": "node", "node_id": 358, "degree": 3, "type": "intersection", "betweenness": 0.04151081362319656, "is_critical": false, "is_articulation": false}}, {"type": "Feature", "geometry": {"type": "Point", "coordinates": [85.125558, 25.614187]}, "properties": {"feature_type": "node", "node_id": 359, "degree": 4, "type": "intersection", "betweenness": 0.008296537953145652, "is_critical": false, "is_articulation": true}}, {"type": "Feature", "geometry": {"type": "Point", "coordinates": [85.144056, 25.614332]}, "properties": {"feature_type": "node", "node_id": 360, "degree": 3, "type": "intersection", "betweenness": 0.03273400671943856, "is_critical": false, "is_articulation": false}}, {"type": "Feature", "geometry": {"type": "Point", "coordinates": [85.129203, 25.614143]}, "properties": {"feature_type": "node", "node_id": 361, "degree": 3, "type": "intersection", "betweenness": 0.02625686600712615, "is_critical": false, "is_articulation": false}}, {"type": "Feature", "geometry": {"type": "Point", "coordinates": [85.129363, 25.614127]}, "properties": {"feature_type": "node", "node_id": 362, "degree": 3, "type": "intersection", "betweenness": 0.030657168014087886, "is_critical": false, "is_articulation": false}}, {"type": "Feature", "geometry": {"type": "Point", "coordinates": [85.126635, 25.614092]}, "properties": {"feature_type": "node", "node_id": 363, "degree": 3, "type": "intersection", "betweenness": 0.046157740226418685, "is_critical": false, "is_articulation": false}}, {"type": "Feature", "geometry": {"type": "Point", "coordinates": [85.141428, 25.614245]}, "properties": {"feature_type": "node", "node_id": 364, "degree": 3, "type": "intersection", "betweenness": 0.01224902161426615, "is_critical": false, "is_articulation": false}}, {"type": "Feature", "geometry": {"type": "Point", "coordinates": [85.125025, 25.613927]}, "properties": {"feature_type": "node", "node_id": 365, "degree": 1, "type": "endpoint", "betweenness": 0.0, "is_critical": false, "is_articulation": false}}, {"type": "Feature", "geometry": {"type": "Point", "coordinates": [85.129783, 25.613988]}, "properties": {"feature_type": "node", "node_id": 366, "degree": 3, "type": "intersection", "betweenness": 0.030776153564915268, "is_critical": false, "is_articulation": false}}, {"type": "Feature", "geometry": {"type": "Point", "coordinates": [85.125365, 25.613841]}, "properties": {"feature_type": "node", "node_id": 367, "degree": 3, "type": "intersection", "betweenness": 0.004281316456134354, "is_critical": false, "is_articulation": true}}, {"type": "Feature", "geometry": {"type": "Point", "coordinates": [85.12644, 25.613819]}, "properties": {"feature_type": "node", "node_id": 368, "degree": 3, "type": "intersection", "betweenness": 0.037205700056896725, "is_critical": false, "is_articulation": false}}, {"type": "Feature", "geometry": {"type": "Point", "coordinates": [85.133011, 25.613849]}, "properties": {"feature_type": "node", "node_id": 369, "degree": 3, "type": "intersection", "betweenness": 0.06545503319696867, "is_critical": false, "is_articulation": false}}, {"type": "Feature", "geometry": {"type": "Point", "coordinates": [85.130861, 25.613821]}, "properties": {"feature_type": "node", "node_id": 370, "degree": 1, "type": "endpoint", "betweenness": 0.0, "is_critical": false, "is_articulation": false}}, {"type": "Feature", "geometry": {"type": "Point", "coordinates": [85.12905, 25.613762]}, "properties": {"feature_type": "node", "node_id": 371, "degree": 3, "type": "intersection", "betweenness": 0.0004153677410701344, "is_critical": false, "is_articulation": false}}, {"type": "Feature", "geometry": {"type": "Point", "coordinates": [85.125666, 25.613646]}, "properties": {"feature_type": "node", "node_id": 372, "degree": 3, "type": "intersection", "betweenness": 0.01834757193758234, "is_critical": false, "is_articulation": true}}, {"type": "Feature", "geometry": {"type": "Point", "coordinates": [85.143904, 25.613825]}, "properties": {"feature_type": "node", "node_id": 373, "degree": 4, "type": "intersection", "betweenness": 0.03500338567976445, "is_critical": false, "is_articulation": true}}, {"type": "Feature", "geometry": {"type": "Point", "coordinates": [85.126743, 25.61357]}, "properties": {"feature_type": "node", "node_id": 374, "degree": 3, "type": "intersection", "betweenness": 0.028048139390491104, "is_critical": false, "is_articulation": false}}, {"type": "Feature", "geometry": {"type": "Point", "coordinates": [85.128296, 25.613572]}, "properties": {"feature_type": "node", "node_id": 375, "degree": 3, "type": "intersection", "betweenness": 0.0039048894407895446, "is_critical": false, "is_articulation": false}}, {"type": "Feature", "geometry": {"type": "Point", "coordinates": [85.12977, 25.613554]}, "properties": {"feature_type": "node", "node_id": 376, "degree": 3, "type": "intersection", "betweenness": 0.03359502943269853, "is_critical": false, "is_articulation": false}}, {"type": "Feature", "geometry": {"type": "Point", "coordinates": [85.137933, 25.613623]}, "properties": {"feature_type": "node", "node_id": 377, "degree": 3, "type": "intersection", "betweenness": 0.025566749812327334, "is_critical": false, "is_articulation": false}}, {"type": "Feature", "geometry": {"type": "Point", "coordinates": [85.126607, 25.61337]}, "properties": {"feature_type": "node", "node_id": 378, "degree": 3, "type": "intersection", "betweenness": 0.0180858037257621, "is_critical": false, "is_articulation": false}}, {"type": "Feature", "geometry": {"type": "Point", "coordinates": [85.131604, 25.613434]}, "properties": {"feature_type": "node", "node_id": 379, "degree": 4, "type": "intersection", "betweenness": 0.04987441615953583, "is_critical": false, "is_articulation": true}}, {"type": "Feature", "geometry": {"type": "Point", "coordinates": [85.13459, 25.61349]}, "properties": {"feature_type": "node", "node_id": 380, "degree": 3, "type": "intersection", "betweenness": 0.09238038166237958, "is_critical": true, "is_articulation": false}}, {"type": "Feature", "geometry": {"type": "Point", "coordinates": [85.128837, 25.613344]}, "properties": {"feature_type": "node", "node_id": 381, "degree": 3, "type": "intersection", "betweenness": 0.0013953760051574828, "is_critical": false, "is_articulation": false}}, {"type": "Feature", "geometry": {"type": "Point", "coordinates": [85.144944, 25.613567]}, "properties": {"feature_type": "node", "node_id": 382, "degree": 1, "type": "endpoint", "betweenness": 0.0, "is_critical": false, "is_articulation": false}}, {"type": "Feature", "geometry": {"type": "Point", "coordinates": [85.125035, 25.613295]}, "properties": {"feature_type": "node", "node_id": 383, "degree": 1, "type": "endpoint", "betweenness": 0.0, "is_critical": false, "is_articulation": false}}, {"type": "Feature", "geometry": {"type": "Point", "coordinates": [85.129734, 25.613337]}, "properties": {"feature_type": "node", "node_id": 384, "degree": 3, "type": "intersection", "betweenness": 0.03615646383596435, "is_critical": false, "is_articulation": false}}, {"type": "Feature", "geometry": {"type": "Point", "coordinates": [85.125473, 25.613265]}, "properties": {"feature_type": "node", "node_id": 385, "degree": 3, "type": "intersection", "betweenness": 0.01633563444177388, "is_critical": false, "is_articulation": true}}, {"type": "Feature", "geometry": {"type": "Point", "coordinates": [85.127265, 25.61327]}, "properties": {"feature_type": "node", "node_id": 386, "degree": 3, "type": "intersection", "betweenness": 0.006094223576013378, "is_critical": false, "is_articulation": true}}, {"type": "Feature", "geometry": {"type": "Point", "coordinates": [85.125354, 25.613245]}, "properties": {"feature_type": "node", "node_id": 387, "degree": 3, "type": "intersection", "betweenness": 0.004103919816718984, "is_critical": false, "is_articulation": true}}, {"type": "Feature", "geometry": {"type": "Point", "coordinates": [85.127923, 25.61326]}, "properties": {"feature_type": "node", "node_id": 388, "degree": 4, "type": "intersection", "betweenness": 0.10274726819992168, "is_critical": true, "is_articulation": false}}, {"type": "Feature", "geometry": {"type": "Point", "coordinates": [85.127445, 25.613218]}, "properties": {"feature_type": "node", "node_id": 389, "degree": 1, "type": "endpoint", "betweenness": 0.0, "is_critical": false, "is_articulation": false}}, {"type": "Feature", "geometry": {"type": "Point", "coordinates": [85.130094, 25.613198]}, "properties": {"feature_type": "node", "node_id": 390, "degree": 3, "type": "intersection", "betweenness": 0.07250979467420673, "is_critical": false, "is_articulation": false}}, {"type": "Feature", "geometry": {"type": "Point", "coordinates": [85.130015, 25.613197]}, "properties": {"feature_type": "node", "node_id": 391, "degree": 3, "type": "intersection", "betweenness": 0.03980607518588788, "is_critical": false, "is_articulation": false}}, {"type": "Feature", "geometry": {"type": "Point", "coordinates": [85.132822, 25.613232]}, "properties": {"feature_type": "node", "node_id": 392, "degree": 3, "type": "intersection", "betweenness": 0.0228171019013891, "is_critical": false, "is_articulation": false}}, {"type": "Feature", "geometry": {"type": "Point", "coordinates": [85.127188, 25.613106]}, "properties": {"feature_type": "node", "node_id": 393, "degree": 3, "type": "intersection", "betweenness": 0.0021092893101217762, "is_critical": false, "is_articulation": true}}, {"type": "Feature", "geometry": {"type": "Point", "coordinates": [85.127905, 25.613115]}, "properties": {"feature_type": "node", "node_id": 394, "degree": 3, "type": "intersection", "betweenness": 0.10607021012848275, "is_critical": true, "is_articulation": true}}, {"type": "Feature", "geometry": {"type": "Point", "coordinates": [85.143733, 25.613317]}, "properties": {"feature_type": "node", "node_id": 395, "degree": 3, "type": "intersection", "betweenness": 0.03308014650366367, "is_critical": false, "is_articulation": true}}, {"type": "Feature", "geometry": {"type": "Point", "coordinates": [85.141185, 25.613267]}, "properties": {"feature_type": "node", "node_id": 396, "degree": 3, "type": "intersection", "betweenness": 0.02435742394119085, "is_critical": false, "is_articulation": false}}, {"type": "Feature", "geometry": {"type": "Point", "coordinates": [85.126791, 25.613047]}, "properties": {"feature_type": "node", "node_id": 397, "degree": 1, "type": "endpoint", "betweenness": 0.0, "is_critical": false, "is_articulation": false}}, {"type": "Feature", "geometry": {"type": "Point", "coordinates": [85.129598, 25.613083]}, "properties": {"feature_type": "node", "node_id": 398, "degree": 3, "type": "intersection", "betweenness": 0.0032190999932935416, "is_critical": false, "is_articulation": false}}, {"type": "Feature", "geometry": {"type": "Point", "coordinates": [85.127309, 25.613017]}, "properties": {"feature_type": "node", "node_id": 399, "degree": 1, "type": "endpoint", "betweenness": 0.0, "is_critical": false, "is_articulation": false}}, {"type": "Feature", "geometry": {"type": "Point", "coordinates": [85.139095, 25.613168]}, "properties": {"feature_type": "node", "node_id": 400, "degree": 3, "type": "intersection", "betweenness": 0.03128670974664731, "is_critical": false, "is_articulation": false}}, {"type": "Feature", "geometry": {"type": "Point", "coordinates": [85.130356, 25.61302]}, "properties": {"feature_type": "node", "node_id": 401, "degree": 3, "type": "intersection", "betweenness": 0.07124638446178508, "is_critical": false, "is_articulation": false}}, {"type": "Feature", "geometry": {"type": "Point", "coordinates": [85.126155, 25.612967]}, "properties": {"feature_type": "node", "node_id": 402, "degree": 3, "type": "intersection", "betweenness": 0.008186205896923898, "is_critical": false, "is_articulation": true}}, {"type": "Feature", "geometry": {"type": "Point", "coordinates": [85.125618, 25.612905]}, "properties": {"feature_type": "node", "node_id": 403, "degree": 1, "type": "endpoint", "betweenness": 0.0, "is_critical": false, "is_articulation": false}}, {"type": "Feature", "geometry": {"type": "Point", "coordinates": [85.138161, 25.613066]}, "properties": {"feature_type": "node", "node_id": 404, "degree": 1, "type": "endpoint", "betweenness": 0.0, "is_critical": false, "is_articulation": false}}, {"type": "Feature", "geometry": {"type": "Point", "coordinates": [85.126416, 25.612862]}, "properties": {"feature_type": "node", "node_id": 405, "degree": 3, "type": "intersection", "betweenness": 0.006150471290949959, "is_critical": false, "is_articulation": false}}, {"type": "Feature", "geometry": {"type": "Point", "coordinates": [85.134459, 25.612964]}, "properties": {"feature_type": "node", "node_id": 406, "degree": 3, "type": "intersection", "betweenness": 0.09366109886401248, "is_critical": true, "is_articulation": false}}, {"type": "Feature", "geometry": {"type": "Point", "coordinates": [85.144652, 25.613112]}, "properties": {"feature_type": "node", "node_id": 407, "degree": 1, "type": "endpoint", "betweenness": 0.0, "is_critical": false, "is_articulation": false}}, {"type": "Feature", "geometry": {"type": "Point", "coordinates": [85.129542, 25.612829]}, "properties": {"feature_type": "node", "node_id": 408, "degree": 4, "type": "intersection", "betweenness": 0.00783141261809316, "is_critical": false, "is_articulation": false}}, {"type": "Feature", "geometry": {"type": "Point", "coordinates": [85.139098, 25.612988]}, "properties": {"feature_type": "node", "node_id": 409, "degree": 3, "type": "intersection", "betweenness": 0.03364262365302948, "is_critical": false, "is_articulation": false}}, {"type": "Feature", "geometry": {"type": "Point", "coordinates": [85.126655, 25.612829]}, "properties": {"feature_type": "node", "node_id": 410, "degree": 3, "type": "intersection", "betweenness": 0.0020530415951851956, "is_critical": false, "is_articulation": true}}, {"type": "Feature", "geometry": {"type": "Point", "coordinates": [85.131513, 25.612873]}, "properties": {"feature_type": "node", "node_id": 411, "degree": 3, "type": "intersection", "betweenness": 0.04527724715029605, "is_critical": false, "is_articulation": false}}, {"type": "Feature", "geometry": {"type": "Point", "coordinates": [85.139317, 25.612972]}, "properties": {"feature_type": "node", "node_id": 412, "degree": 3, "type": "intersection", "betweenness": 0.02191713846240381, "is_critical": false, "is_articulation": false}}, {"type": "Feature", "geometry": {"type": "Point", "coordinates": [85.139358, 25.612919]}, "properties": {"feature_type": "node", "node_id": 413, "degree": 6, "type": "intersection", "betweenness": 0.08900768213983615, "is_critical": true, "is_articulation": false}}, {"type": "Feature", "geometry": {"type": "Point", "coordinates": [85.129902, 25.61278]}, "properties": {"feature_type": "node", "node_id": 414, "degree": 3, "type": "intersection", "betweenness": 0.008865505223465681, "is_critical": false, "is_articulation": false}}, {"type": "Feature", "geometry": {"type": "Point", "coordinates": [85.135078, 25.612846]}, "properties": {"feature_type": "node", "node_id": 415, "degree": 3, "type": "intersection", "betweenness": 0.05508381991212376, "is_critical": false, "is_articulation": false}}, {"type": "Feature", "geometry": {"type": "Point", "coordinates": [85.139021, 25.612842]}, "properties": {"feature_type": "node", "node_id": 416, "degree": 4, "type": "intersection", "betweenness": 0.08039312825993367, "is_critical": false, "is_articulation": false}}, {"type": "Feature", "geometry": {"type": "Point", "coordinates": [85.139478, 25.612884]}, "properties": {"feature_type": "node", "node_id": 417, "degree": 6, "type": "intersection", "betweenness": 0.08805796110686849, "is_critical": true, "is_articulation": false}}, {"type": "Feature", "geometry": {"type": "Point", "coordinates": [85.139599, 25.612813]}, "properties": {"feature_type": "node", "node_id": 418, "degree": 5, "type": "intersection", "betweenness": 0.08638567327433092, "is_critical": false, "is_articulation": false}}, {"type": "Feature", "geometry": {"type": "Point", "coordinates": [85.139519, 25.61283]}, "properties": {"feature_type": "node", "node_id": 419, "degree": 3, "type": "intersection", "betweenness": 0.08711040344755225, "is_critical": true, "is_articulation": false}}, {"type": "Feature", "geometry": {"type": "Point", "coordinates": [85.139678, 25.61285]}, "properties": {"feature_type": "node", "node_id": 420, "degree": 3, "type": "intersection", "betweenness": 0.0, "is_critical": false, "is_articulation": false}}, {"type": "Feature", "geometry": {"type": "Point", "coordinates": [85.135597, 25.61278]}, "properties": {"feature_type": "node", "node_id": 421, "degree": 4, "type": "intersection", "betweenness": 0.08278149277108694, "is_critical": false, "is_articulation": false}}, {"type": "Feature", "geometry": {"type": "Point", "coordinates": [85.138902, 25.612804]}, "properties": {"feature_type": "node", "node_id": 422, "degree": 4, "type": "intersection", "betweenness": 0.01843410688363862, "is_critical": false, "is_articulation": true}}, {"type": "Feature", "geometry": {"type": "Point", "coordinates": [85.130301, 25.612677]}, "properties": {"feature_type": "node", "node_id": 423, "degree": 3, "type": "intersection", "betweenness": 0.075270259453402, "is_critical": false, "is_articulation": false}}, {"type": "Feature", "geometry": {"type": "Point", "coordinates": [85.139718, 25.612797]}, "properties": {"feature_type": "node", "node_id": 424, "degree": 6, "type": "intersection", "betweenness": 0.0746753316992651, "is_critical": false, "is_articulation": false}}, {"type": "Feature", "geometry": {"type": "Point", "coordinates": [85.140893, 25.61283]}, "properties": {"feature_type": "node", "node_id": 425, "degree": 3, "type": "intersection", "betweenness": 0.06942049709999762, "is_critical": false, "is_articulation": false}}, {"type": "Feature", "geometry": {"type": "Point", "coordinates": [85.139859, 25.612744]}, "properties": {"feature_type": "node", "node_id": 426, "degree": 4, "type": "intersection", "betweenness": 0.07278886987523824, "is_critical": false, "is_articulation": false}}, {"type": "Feature", "geometry": {"type": "Point", "coordinates": [85.127674, 25.612589]}, "properties": {"feature_type": "node", "node_id": 427, "degree": 3, "type": "intersection", "betweenness": 0.00819269601787812, "is_critical": false, "is_articulation": true}}, {"type": "Feature", "geometry": {"type": "Point", "coordinates": [85.139779, 25.612743]}, "properties": {"feature_type": "node", "node_id": 428, "degree": 3, "type": "intersection", "betweenness": 0.0, "is_critical": false, "is_articulation": false}}, {"type": "Feature", "geometry": {"type": "Point", "coordinates": [85.141073, 25.61276]}, "properties": {"feature_type": "node", "node_id": 429, "degree": 4, "type": "intersection", "betweenness": 0.02696645256478763, "is_critical": false, "is_articulation": true}}, {"type": "Feature", "geometry": {"type": "Point", "coordinates": [85.138983, 25.612733]}, "properties": {"feature_type": "node", "node_id": 430, "degree": 3, "type": "intersection", "betweenness": 0.0645918471100573, "is_critical": false, "is_articulation": false}}, {"type": "Feature", "geometry": {"type": "Point", "coordinates": [85.139959, 25.61271]}, "properties": {"feature_type": "node", "node_id": 431, "degree": 4, "type": "intersection", "betweenness": 0.07189323318355575, "is_critical": false, "is_articulation": false}}, {"type": "Feature", "geometry": {"type": "Point", "coordinates": [85.131796, 25.612624]}, "properties": {"feature_type": "node", "node_id": 432, "degree": 1, "type": "endpoint", "betweenness": 0.0, "is_critical": false, "is_articulation": false}}, {"type": "Feature", "geometry": {"type": "Point", "coordinates": [85.136136, 25.612661]}, "properties": {"feature_type": "node", "node_id": 433, "degree": 3, "type": "intersection", "betweenness": 0.07891987080332553, "is_critical": false, "is_articulation": false}}, {"type": "Feature", "geometry": {"type": "Point", "coordinates": [85.140079, 25.612675]}, "properties": {"feature_type": "node", "node_id": 434, "degree": 4, "type": "intersection", "betweenness": 0.0710062499864789, "is_critical": false, "is_articulation": false}}, {"type": "Feature", "geometry": {"type": "Point", "coordinates": [85.126282, 25.612499]}, "properties": {"feature_type": "node", "node_id": 435, "degree": 3, "type": "intersection", "betweenness": 0.0, "is_critical": false, "is_articulation": false}}, {"type": "Feature", "geometry": {"type": "Point", "coordinates": [85.131956, 25.612589]}, "properties": {"feature_type": "node", "node_id": 436, "degree": 3, "type": "intersection", "betweenness": 0.0029659852760789284, "is_critical": false, "is_articulation": true}}, {"type": "Feature", "geometry": {"type": "Point", "coordinates": [85.143503, 25.612737]}, "properties": {"feature_type": "node", "node_id": 437, "degree": 3, "type": "intersection", "betweenness": 0.042259340906583356, "is_critical": false, "is_articulation": false}}, {"type": "Feature", "geometry": {"type": "Point", "coordinates": [85.140218, 25.612677]}, "properties": {"feature_type": "node", "node_id": 438, "degree": 3, "type": "intersection", "betweenness": 0.06209747728998509, "is_critical": false, "is_articulation": false}}, {"type": "Feature", "geometry": {"type": "Point", "coordinates": [85.140596, 25.612682]}, "properties": {"feature_type": "node", "node_id": 439, "degree": 3, "type": "intersection", "betweenness": 0.07051732754126094, "is_critical": false, "is_articulation": false}}, {"type": "Feature", "geometry": {"type": "Point", "coordinates": [85.128572, 25.61251]}, "properties": {"feature_type": "node", "node_id": 440, "degree": 3, "type": "intersection", "betweenness": 0.10520053392061716, "is_critical": true, "is_articulation": false}}, {"type": "Feature", "geometry": {"type": "Point", "coordinates": [85.126681, 25.612468]}, "properties": {"feature_type": "node", "node_id": 441, "degree": 1, "type": "endpoint", "betweenness": 0.0, "is_critical": false, "is_articulation": false}}, {"type": "Feature", "geometry": {"type": "Point", "coordinates": [85.140199, 25.612604]}, "properties": {"feature_type": "node", "node_id": 442, "degree": 3, "type": "intersection", "betweenness": 0.007167256907111225, "is_critical": false, "is_articulation": false}}, {"type": "Feature", "geometry": {"type": "Point", "coordinates": [85.127657, 25.612426]}, "properties": {"feature_type": "node", "node_id": 443, "degree": 3, "type": "intersection", "betweenness": 0.004103919816718984, "is_critical": false, "is_articulation": true}}, {"type": "Feature", "geometry": {"type": "Point", "coordinates": [85.127975, 25.61243]}, "properties": {"feature_type": "node", "node_id": 444, "degree": 1, "type": "endpoint", "betweenness": 0.0, "is_critical": false, "is_articulation": false}}, {"type": "Feature", "geometry": {"type": "Point", "coordinates": [85.132634, 25.61249]}, "properties": {"feature_type": "node", "node_id": 445, "degree": 3, "type": "intersection", "betweenness": 0.020660218370936373, "is_critical": false, "is_articulation": false}}, {"type": "Feature", "geometry": {"type": "Point", "coordinates": [85.141673, 25.612605]}, "properties": {"feature_type": "node", "node_id": 446, "degree": 1, "type": "endpoint", "betweenness": 0.0, "is_critical": false, "is_articulation": false}}, {"type": "Feature", "geometry": {"type": "Point", "coordinates": [85.130326, 25.612406]}, "properties": {"feature_type": "node", "node_id": 447, "degree": 3, "type": "intersection", "betweenness": 0.07474239628245871, "is_critical": false, "is_articulation": true}}, {"type": "Feature", "geometry": {"type": "Point", "coordinates": [85.140619, 25.612501]}, "properties": {"feature_type": "node", "node_id": 448, "degree": 3, "type": "intersection", "betweenness": 0.015898632964189675, "is_critical": false, "is_articulation": false}}, {"type": "Feature", "geometry": {"type": "Point", "coordinates": [85.129371, 25.612322]}, "properties": {"feature_type": "node", "node_id": 449, "degree": 4, "type": "intersection", "betweenness": 0.1056764761239267, "is_critical": true, "is_articulation": false}}, {"type": "Feature", "geometry": {"type": "Point", "coordinates": [85.131183, 25.612327]}, "properties": {"feature_type": "node", "node_id": 450, "degree": 1, "type": "endpoint", "betweenness": 0.0, "is_critical": false, "is_articulation": false}}, {"type": "Feature", "geometry": {"type": "Point", "coordinates": [85.14072, 25.612412]}, "properties": {"feature_type": "node", "node_id": 451, "degree": 3, "type": "intersection", "betweenness": 0.018501171466832236, "is_critical": false, "is_articulation": false}}, {"type": "Feature", "geometry": {"type": "Point", "coordinates": [85.142214, 25.612359]}, "properties": {"feature_type": "node", "node_id": 452, "degree": 1, "type": "endpoint", "betweenness": 0.0, "is_critical": false, "is_articulation": false}}, {"type": "Feature", "geometry": {"type": "Point", "coordinates": [85.144963, 25.612304]}, "properties": {"feature_type": "node", "node_id": 453, "degree": 1, "type": "endpoint", "betweenness": 0.0, "is_critical": false, "is_articulation": false}}, {"type": "Feature", "geometry": {"type": "Point", "coordinates": [85.12814, 25.612071]}, "properties": {"feature_type": "node", "node_id": 454, "degree": 1, "type": "endpoint", "betweenness": 0.0, "is_critical": false, "is_articulation": false}}, {"type": "Feature", "geometry": {"type": "Point", "coordinates": [85.138553, 25.612204]}, "properties": {"feature_type": "node", "node_id": 455, "degree": 3, "type": "intersection", "betweenness": 0.018232913134057775, "is_critical": false, "is_articulation": false}}, {"type": "Feature", "geometry": {"type": "Point", "coordinates": [85.12842, 25.612021]}, "properties": {"feature_type": "node", "node_id": 456, "degree": 3, "type": "intersection", "betweenness": 0.0020530415951851956, "is_critical": false, "is_articulation": true}}, {"type": "Feature", "geometry": {"type": "Point", "coordinates": [85.130271, 25.612062]}, "properties": {"feature_type": "node", "node_id": 457, "degree": 3, "type": "intersection", "betweenness": 0.17958813692424513, "is_critical": true, "is_articulation": false}}, {"type": "Feature", "geometry": {"type": "Point", "coordinates": [85.140645, 25.612141]}, "properties": {"feature_type": "node", "node_id": 458, "degree": 3, "type": "intersection", "betweenness": 0.019515793709342096, "is_critical": false, "is_articulation": true}}, {"type": "Feature", "geometry": {"type": "Point", "coordinates": [85.144805, 25.612211]}, "properties": {"feature_type": "node", "node_id": 459, "degree": 1, "type": "endpoint", "betweenness": 0.0, "is_critical": false, "is_articulation": false}}, {"type": "Feature", "geometry": {"type": "Point", "coordinates": [85.135449, 25.61202]}, "properties": {"feature_type": "node", "node_id": 460, "degree": 3, "type": "intersection", "betweenness": 0.0029205544293993825, "is_critical": false, "is_articulation": false}}, {"type": "Feature", "geometry": {"type": "Point", "coordinates": [85.143254, 25.612065]}, "properties": {"feature_type": "node", "node_id": 461, "degree": 3, "type": "intersection", "betweenness": 0.040193319069489725, "is_critical": false, "is_articulation": true}}, {"type": "Feature", "geometry": {"type": "Point", "coordinates": [85.136008, 25.611937]}, "properties": {"feature_type": "node", "node_id": 462, "degree": 4, "type": "intersection", "betweenness": 0.0643106085353744, "is_critical": false, "is_articulation": false}}, {"type": "Feature", "geometry": {"type": "Point", "coordinates": [85.131509, 25.61188]}, "properties": {"feature_type": "node", "node_id": 463, "degree": 1, "type": "endpoint", "betweenness": 0.0, "is_critical": false, "is_articulation": false}}, {"type": "Feature", "geometry": {"type": "Point", "coordinates": [85.131768, 25.611865]}, "properties": {"feature_type": "node", "node_id": 464, "degree": 3, "type": "intersection", "betweenness": 0.002779935142057931, "is_critical": false, "is_articulation": true}}, {"type": "Feature", "geometry": {"type": "Point", "coordinates": [85.138636, 25.611953]}, "properties": {"feature_type": "node", "node_id": 465, "degree": 3, "type": "intersection", "betweenness": 0.06812247290915345, "is_critical": false, "is_articulation": false}}, {"type": "Feature", "geometry": {"type": "Point", "coordinates": [85.127627, 25.611758]}, "properties": {"feature_type": "node", "node_id": 466, "degree": 1, "type": "endpoint", "betweenness": 0.0, "is_critical": false, "is_articulation": false}}, {"type": "Feature", "geometry": {"type": "Point", "coordinates": [85.132486, 25.611802]}, "properties": {"feature_type": "node", "node_id": 467, "degree": 3, "type": "intersection", "betweenness": 0.02390960559534961, "is_critical": false, "is_articulation": false}}, {"type": "Feature", "geometry": {"type": "Point", "coordinates": [85.132447, 25.611747]}, "properties": {"feature_type": "node", "node_id": 469, "degree": 3, "type": "intersection", "betweenness": 0.008956366916824773, "is_critical": false, "is_articulation": false}}, {"type": "Feature", "geometry": {"type": "Point", "coordinates": [85.139156, 25.611833]}, "properties": {"feature_type": "node", "node_id": 470, "degree": 3, "type": "intersection", "betweenness": 0.012921830819853711, "is_critical": false, "is_articulation": false}}, {"type": "Feature", "geometry": {"type": "Point", "coordinates": [85.132965, 25.6117]}, "properties": {"feature_type": "node", "node_id": 472, "degree": 3, "type": "intersection", "betweenness": 0.02122053214665077, "is_critical": false, "is_articulation": false}}, {"type": "Feature", "geometry": {"type": "Point", "coordinates": [85.141805, 25.611794]}, "properties": {"feature_type": "node", "node_id": 473, "degree": 1, "type": "endpoint", "betweenness": 0.0, "is_critical": false, "is_articulation": false}}, {"type": "Feature", "geometry": {"type": "Point", "coordinates": [85.141945, 25.61176]}, "properties": {"feature_type": "node", "node_id": 474, "degree": 1, "type": "endpoint", "betweenness": 0.0, "is_critical": false, "is_articulation": false}}, {"type": "Feature", "geometry": {"type": "Point", "coordinates": [85.130279, 25.611575]}, "properties": {"feature_type": "node", "node_id": 475, "degree": 3, "type": "intersection", "betweenness": 0.18114360257960674, "is_critical": true, "is_articulation": false}}, {"type": "Feature", "geometry": {"type": "Point", "coordinates": [85.133465, 25.61158]}, "properties": {"feature_type": "node", "node_id": 476, "degree": 3, "type": "intersection", "betweenness": 0.034168323450321364, "is_critical": false, "is_articulation": false}}, {"type": "Feature", "geometry": {"type": "Point", "coordinates": [85.131276, 25.611461]}, "properties": {"feature_type": "node", "node_id": 477, "degree": 3, "type": "intersection", "betweenness": 0.0416795567680063, "is_critical": false, "is_articulation": false}}, {"type": "Feature", "geometry": {"type": "Point", "coordinates": [85.133984, 25.611496]}, "properties": {"feature_type": "node", "node_id": 478, "degree": 3, "type": "intersection", "betweenness": 0.0470339065552385, "is_critical": false, "is_articulation": false}}, {"type": "Feature", "geometry": {"type": "Point", "coordinates": [85.143142, 25.611613]}, "properties": {"feature_type": "node", "node_id": 479, "degree": 3, "type": "intersection", "betweenness": 0.04551954499925363, "is_critical": false, "is_articulation": true}}, {"type": "Feature", "geometry": {"type": "Point", "coordinates": [85.140395, 25.611524]}, "properties": {"feature_type": "node", "node_id": 480, "degree": 3, "type": "intersection", "betweenness": 0.02324977663167049, "is_critical": false, "is_articulation": true}}, {"type": "Feature", "geometry": {"type": "Point", "coordinates": [85.138405, 25.611444]}, "properties": {"feature_type": "node", "node_id": 483, "degree": 3, "type": "intersection", "betweenness": 0.06931449179107868, "is_critical": false, "is_articulation": true}}, {"type": "Feature", "geometry": {"type": "Point", "coordinates": [85.133986, 25.61137]}, "properties": {"feature_type": "node", "node_id": 484, "degree": 3, "type": "intersection", "betweenness": 0.01970184384336309, "is_critical": false, "is_articulation": false}}, {"type": "Feature", "geometry": {"type": "Point", "coordinates": [85.138206, 25.611423]}, "properties": {"feature_type": "node", "node_id": 485, "degree": 4, "type": "intersection", "betweenness": 0.05674961762370711, "is_critical": false, "is_articulation": false}}, {"type": "Feature", "geometry": {"type": "Point", "coordinates": [85.138346, 25.611407]}, "properties": {"feature_type": "node", "node_id": 486, "degree": 3, "type": "intersection", "betweenness": 0.07124422108813368, "is_critical": false, "is_articulation": false}}, {"type": "Feature", "geometry": {"type": "Point", "coordinates": [85.143045, 25.611449]}, "properties": {"feature_type": "node", "node_id": 487, "degree": 3, "type": "intersection", "betweenness": 0.04288022914453715, "is_critical": false, "is_articulation": true}}, {"type": "Feature", "geometry": {"type": "Point", "coordinates": [85.143802, 25.61144]}, "properties": {"feature_type": "node", "node_id": 488, "degree": 3, "type": "intersection", "betweenness": 0.008186205896923898, "is_critical": false, "is_articulation": true}}, {"type": "Feature", "geometry": {"type": "Point", "coordinates": [85.137351, 25.61134]}, "properties": {"feature_type": "node", "node_id": 489, "degree": 1, "type": "endpoint", "betweenness": 0.0, "is_critical": false, "is_articulation": false}}, {"type": "Feature", "geometry": {"type": "Point", "coordinates": [85.130264, 25.611214]}, "properties": {"feature_type": "node", "node_id": 490, "degree": 3, "type": "intersection", "betweenness": 0.18164766864038456, "is_critical": true, "is_articulation": false}}, {"type": "Feature", "geometry": {"type": "Point", "coordinates": [85.140259, 25.611323]}, "properties": {"feature_type": "node", "node_id": 491, "degree": 3, "type": "intersection", "betweenness": 0.03378324294037093, "is_critical": false, "is_articulation": false}}, {"type": "Feature", "geometry": {"type": "Point", "coordinates": [85.134705, 25.611216]}, "properties": {"feature_type": "node", "node_id": 492, "degree": 3, "type": "intersection", "betweenness": 0.006780013023509381, "is_critical": false, "is_articulation": false}}, {"type": "Feature", "geometry": {"type": "Point", "coordinates": [85.138328, 25.611263]}, "properties": {"feature_type": "node", "node_id": 493, "degree": 3, "type": "intersection", "betweenness": 0.06909815442593797, "is_critical": false, "is_articulation": true}}, {"type": "Feature", "geometry": {"type": "Point", "coordinates": [85.141036, 25.611315]}, "properties": {"feature_type": "node", "node_id": 494, "degree": 3, "type": "intersection", "betweenness": 0.004103919816718984, "is_critical": false, "is_articulation": true}}, {"type": "Feature", "geometry": {"type": "Point", "coordinates": [85.143883, 25.611351]}, "properties": {"feature_type": "node", "node_id": 495, "degree": 3, "type": "intersection", "betweenness": 0.006146144543647145, "is_critical": false, "is_articulation": false}}, {"type": "Feature", "geometry": {"type": "Point", "coordinates": [85.131221, 25.611136]}, "properties": {"feature_type": "node", "node_id": 496, "degree": 4, "type": "intersection", "betweenness": 0.042053820409699696, "is_critical": false, "is_articulation": false}}, {"type": "Feature", "geometry": {"type": "Point", "coordinates": [85.138071, 25.611187]}, "properties": {"feature_type": "node", "node_id": 497, "degree": 3, "type": "intersection", "betweenness": 0.052544019245372, "is_critical": false, "is_articulation": true}}, {"type": "Feature", "geometry": {"type": "Point", "coordinates": [85.130625, 25.611056]}, "properties": {"feature_type": "node", "node_id": 498, "degree": 4, "type": "intersection", "betweenness": 0.10274943157357308, "is_critical": true, "is_articulation": false}}, {"type": "Feature", "geometry": {"type": "Point", "coordinates": [85.135204, 25.611114]}, "properties": {"feature_type": "node", "node_id": 499, "degree": 3, "type": "intersection", "betweenness": 0.00954696792365887, "is_critical": false, "is_articulation": false}}, {"type": "Feature", "geometry": {"type": "Point", "coordinates": [85.139166, 25.611165]}, "properties": {"feature_type": "node", "node_id": 500, "degree": 1, "type": "endpoint", "betweenness": 0.0, "is_critical": false, "is_articulation": false}}, {"type": "Feature", "geometry": {"type": "Point", "coordinates": [85.141496, 25.611176]}, "properties": {"feature_type": "node", "node_id": 501, "degree": 1, "type": "endpoint", "betweenness": 0.0, "is_critical": false, "is_articulation": false}}, {"type": "Feature", "geometry": {"type": "Point", "coordinates": [85.144821, 25.611201]}, "properties": {"feature_type": "node", "node_id": 502, "degree": 3, "type": "intersection", "betweenness": 0.004101756443067577, "is_critical": false, "is_articulation": false}}, {"type": "Feature", "geometry": {"type": "Point", "coordinates": [85.130009, 25.611012]}, "properties": {"feature_type": "node", "node_id": 503, "degree": 3, "type": "intersection", "betweenness": 0.08042990561200758, "is_critical": false, "is_articulation": true}}, {"type": "Feature", "geometry": {"type": "Point", "coordinates": [85.131164, 25.611009]}, "properties": {"feature_type": "node", "node_id": 504, "degree": 4, "type": "intersection", "betweenness": 0.1414759833074089, "is_critical": true, "is_articulation": false}}, {"type": "Feature", "geometry": {"type": "Point", "coordinates": [85.131284, 25.610974]}, "properties": {"feature_type": "node", "node_id": 506, "degree": 3, "type": "intersection", "betweenness": 0.12647515040855312, "is_critical": true, "is_articulation": false}}, {"type": "Feature", "geometry": {"type": "Point", "coordinates": [85.131185, 25.610919]}, "properties": {"feature_type": "node", "node_id": 507, "degree": 3, "type": "intersection", "betweenness": 0.11096159795431387, "is_critical": true, "is_articulation": false}}, {"type": "Feature", "geometry": {"type": "Point", "coordinates": [85.131424, 25.610904]}, "properties": {"feature_type": "node", "node_id": 508, "degree": 4, "type": "intersection", "betweenness": 0.2242769464413585, "is_critical": true, "is_articulation": false}}, {"type": "Feature", "geometry": {"type": "Point", "coordinates": [85.13222, 25.61095]}, "properties": {"feature_type": "node", "node_id": 509, "degree": 3, "type": "intersection", "betweenness": 0.006881691585125508, "is_critical": false, "is_articulation": false}}, {"type": "Feature", "geometry": {"type": "Point", "coordinates": [85.131285, 25.610902]}, "properties": {"feature_type": "node", "node_id": 510, "degree": 3, "type": "intersection", "betweenness": 0.0967460696909188, "is_critical": true, "is_articulation": false}}, {"type": "Feature", "geometry": {"type": "Point", "coordinates": [85.130588, 25.610875]}, "properties": {"feature_type": "node", "node_id": 511, "degree": 3, "type": "intersection", "betweenness": 0.11076040420473303, "is_critical": true, "is_articulation": false}}, {"type": "Feature", "geometry": {"type": "Point", "coordinates": [85.131644, 25.61087]}, "properties": {"feature_type": "node", "node_id": 512, "degree": 4, "type": "intersection", "betweenness": 0.2244997739274534, "is_critical": true, "is_articulation": false}}, {"type": "Feature", "geometry": {"type": "Point", "coordinates": [85.130011, 25.610849]}, "properties": {"feature_type": "node", "node_id": 513, "degree": 3, "type": "intersection", "betweenness": 0.08050346031615542, "is_critical": false, "is_articulation": false}}, {"type": "Feature", "geometry": {"type": "Point", "coordinates": [85.131884, 25.610819]}, "properties": {"feature_type": "node", "node_id": 514, "degree": 5, "type": "intersection", "betweenness": 0.22585620920688557, "is_critical": true, "is_articulation": true}}, {"type": "Feature", "geometry": {"type": "Point", "coordinates": [85.132103, 25.610786]}, "properties": {"feature_type": "node", "node_id": 515, "degree": 7, "type": "intersection", "betweenness": 0.2284782180723908, "is_critical": true, "is_articulation": true}}, {"type": "Feature", "geometry": {"type": "Point", "coordinates": [85.137997, 25.610807]}, "properties": {"feature_type": "node", "node_id": 516, "degree": 8, "type": "intersection", "betweenness": 0.1237341559922205, "is_critical": true, "is_articulation": true}}, {"type": "Feature", "geometry": {"type": "Point", "coordinates": [85.144785, 25.610947]}, "properties": {"feature_type": "node", "node_id": 517, "degree": 3, "type": "intersection", "betweenness": 0.0020530415951851956, "is_critical": false, "is_articulation": true}}, {"type": "Feature", "geometry": {"type": "Point", "coordinates": [85.132343, 25.610735]}, "properties": {"feature_type": "node", "node_id": 518, "degree": 5, "type": "intersection", "betweenness": 0.22332289866108804, "is_critical": true, "is_articulation": true}}, {"type": "Feature", "geometry": {"type": "Point", "coordinates": [85.130452, 25.610693]}, "properties": {"feature_type": "node", "node_id": 519, "degree": 3, "type": "intersection", "betweenness": 0.10940396892530087, "is_critical": true, "is_articulation": false}}, {"type": "Feature", "geometry": {"type": "Point", "coordinates": [85.132762, 25.610668]}, "properties": {"feature_type": "node", "node_id": 520, "degree": 5, "type": "intersection", "betweenness": 0.23475416503512236, "is_critical": true, "is_articulation": false}}, {"type": "Feature", "geometry": {"type": "Point", "coordinates": [85.130273, 25.61069]}, "properties": {"feature_type": "node", "node_id": 521, "degree": 3, "type": "intersection", "betweenness": 0.18214524458020814, "is_critical": true, "is_articulation": false}}, {"type": "Feature", "geometry": {"type": "Point", "coordinates": [85.132563, 25.610683]}, "properties": {"feature_type": "node", "node_id": 522, "degree": 4, "type": "intersection", "betweenness": 0.22248999980529635, "is_critical": true, "is_articulation": false}}, {"type": "Feature", "geometry": {"type": "Point", "coordinates": [85.139371, 25.610788]}, "properties": {"feature_type": "node", "node_id": 523, "degree": 1, "type": "endpoint", "betweenness": 0.0, "is_critical": false, "is_articulation": false}}, {"type": "Feature", "geometry": {"type": "Point", "coordinates": [85.127307, 25.610616]}, "properties": {"feature_type": "node", "node_id": 524, "degree": 3, "type": "intersection", "betweenness": 0.0020530415951851956, "is_critical": false, "is_articulation": true}}, {"type": "Feature", "geometry": {"type": "Point", "coordinates": [85.141502, 25.610779]}, "properties": {"feature_type": "node", "node_id": 525, "degree": 1, "type": "endpoint", "betweenness": 0.0, "is_critical": false, "is_articulation": false}}, {"type": "Feature", "geometry": {"type": "Point", "coordinates": [85.133042, 25.610599]}, "properties": {"feature_type": "node", "node_id": 526, "degree": 4, "type": "intersection", "betweenness": 0.1890442431545449, "is_critical": true, "is_articulation": false}}, {"type": "Feature", "geometry": {"type": "Point", "coordinates": [85.133201, 25.610619]}, "properties": {"feature_type": "node", "node_id": 527, "degree": 3, "type": "intersection", "betweenness": 0.025004272662961527, "is_critical": false, "is_articulation": false}}, {"type": "Feature", "geometry": {"type": "Point", "coordinates": [85.137979, 25.610644]}, "properties": {"feature_type": "node", "node_id": 528, "degree": 4, "type": "intersection", "betweenness": 0.0020530415951851956, "is_critical": false, "is_articulation": true}}, {"type": "Feature", "geometry": {"type": "Point", "coordinates": [85.144947, 25.610751]}, "properties": {"feature_type": "node", "node_id": 529, "degree": 1, "type": "endpoint", "betweenness": 0.0, "is_critical": false, "is_articulation": false}}, {"type": "Feature", "geometry": {"type": "Point", "coordinates": [85.133302, 25.61053]}, "properties": {"feature_type": "node", "node_id": 530, "degree": 4, "type": "intersection", "betweenness": 0.16667712297264844, "is_critical": true, "is_articulation": false}}, {"type": "Feature", "geometry": {"type": "Point", "coordinates": [85.137881, 25.610589]}, "properties": {"feature_type": "node", "node_id": 531, "degree": 6, "type": "intersection", "betweenness": 0.1233945063289496, "is_critical": true, "is_articulation": false}}, {"type": "Feature", "geometry": {"type": "Point", "coordinates": [85.140727, 25.610679]}, "properties": {"feature_type": "node", "node_id": 532, "degree": 1, "type": "endpoint", "betweenness": 0.0, "is_critical": false, "is_articulation": false}}, {"type": "Feature", "geometry": {"type": "Point", "coordinates": [85.132923, 25.610562]}, "properties": {"feature_type": "node", "node_id": 533, "degree": 3, "type": "intersection", "betweenness": 0.045924095872066736, "is_critical": false, "is_articulation": false}}, {"type": "Feature", "geometry": {"type": "Point", "coordinates": [85.125, 25.610388]}, "properties": {"feature_type": "node", "node_id": 534, "degree": 1, "type": "endpoint", "betweenness": 0.0, "is_critical": false, "is_articulation": false}}, {"type": "Feature", "geometry": {"type": "Point", "coordinates": [85.133741, 25.610464]}, "properties": {"feature_type": "node", "node_id": 535, "degree": 4, "type": "intersection", "betweenness": 0.18259955304700362, "is_critical": true, "is_articulation": false}}, {"type": "Feature", "geometry": {"type": "Point", "coordinates": [85.137922, 25.610517]}, "properties": {"feature_type": "node", "node_id": 536, "degree": 3, "type": "intersection", "betweenness": 0.049582360716595886, "is_critical": false, "is_articulation": false}}, {"type": "Feature", "geometry": {"type": "Point", "coordinates": [85.137823, 25.61048]}, "properties": {"feature_type": "node", "node_id": 537, "degree": 3, "type": "intersection", "betweenness": 0.07542602235630332, "is_critical": false, "is_articulation": false}}, {"type": "Feature", "geometry": {"type": "Point", "coordinates": [85.137903, 25.610463]}, "properties": {"feature_type": "node", "node_id": 538, "degree": 3, "type": "intersection", "betweenness": 0.05052775500226072, "is_critical": false, "is_articulation": false}}, {"type": "Feature", "geometry": {"type": "Point", "coordinates": [85.138759, 25.610456]}, "properties": {"feature_type": "node", "node_id": 539, "degree": 1, "type": "endpoint", "betweenness": 0.0, "is_critical": false, "is_articulation": false}}, {"type": "Feature", "geometry": {"type": "Point", "coordinates": [85.125002, 25.610262]}, "properties": {"feature_type": "node", "node_id": 540, "degree": 1, "type": "endpoint", "betweenness": 0.0, "is_critical": false, "is_articulation": false}}, {"type": "Feature", "geometry": {"type": "Point", "coordinates": [85.13432, 25.610381]}, "properties": {"feature_type": "node", "node_id": 541, "degree": 4, "type": "intersection", "betweenness": 0.1694613848620092, "is_critical": true, "is_articulation": true}}, {"type": "Feature", "geometry": {"type": "Point", "coordinates": [85.139138, 25.610442]}, "properties": {"feature_type": "node", "node_id": 542, "degree": 1, "type": "endpoint", "betweenness": 0.0, "is_critical": false, "is_articulation": false}}, {"type": "Feature", "geometry": {"type": "Point", "coordinates": [85.134619, 25.610349]}, "properties": {"feature_type": "node", "node_id": 543, "degree": 4, "type": "intersection", "betweenness": 0.16848353997157325, "is_critical": true, "is_articulation": true}}, {"type": "Feature", "geometry": {"type": "Point", "coordinates": [85.134758, 25.610332]}, "properties": {"feature_type": "node", "node_id": 544, "degree": 4, "type": "intersection", "betweenness": 0.16772635919358084, "is_critical": true, "is_articulation": true}}, {"type": "Feature", "geometry": {"type": "Point", "coordinates": [85.144494, 25.610456]}, "properties": {"feature_type": "node", "node_id": 545, "degree": 1, "type": "endpoint", "betweenness": 0.0, "is_critical": false, "is_articulation": false}}, {"type": "Feature", "geometry": {"type": "Point", "coordinates": [85.134858, 25.610316]}, "properties": {"feature_type": "node", "node_id": 546, "degree": 3, "type": "intersection", "betweenness": 0.1662898790890466, "is_critical": true, "is_articulation": false}}, {"type": "Feature", "geometry": {"type": "Point", "coordinates": [85.135038, 25.610282]}, "properties": {"feature_type": "node", "node_id": 547, "degree": 7, "type": "intersection", "betweenness": 0.17619380366518764, "is_critical": true, "is_articulation": true}}, {"type": "Feature", "geometry": {"type": "Point", "coordinates": [85.142663, 25.610379]}, "properties": {"feature_type": "node", "node_id": 548, "degree": 3, "type": "intersection", "betweenness": 0.044169599840775696, "is_critical": false, "is_articulation": true}}, {"type": "Feature", "geometry": {"type": "Point", "coordinates": [85.144953, 25.610408]}, "properties": {"feature_type": "node", "node_id": 549, "degree": 1, "type": "endpoint", "betweenness": 0.0, "is_critical": false, "is_articulation": false}}, {"type": "Feature", "geometry": {"type": "Point", "coordinates": [85.135616, 25.610235]}, "properties": {"feature_type": "node", "node_id": 550, "degree": 3, "type": "intersection", "betweenness": 0.17800238403776383, "is_critical": true, "is_articulation": false}}, {"type": "Feature", "geometry": {"type": "Point", "coordinates": [85.139677, 25.610305]}, "properties": {"feature_type": "node", "node_id": 551, "degree": 3, "type": "intersection", "betweenness": 0.03425269502272624, "is_critical": false, "is_articulation": true}}, {"type": "Feature", "geometry": {"type": "Point", "coordinates": [85.134004, 25.610214]}, "properties": {"feature_type": "node", "node_id": 552, "degree": 1, "type": "endpoint", "betweenness": 0.0, "is_critical": false, "is_articulation": false}}, {"type": "Feature", "geometry": {"type": "Point", "coordinates": [85.137668, 25.610189]}, "properties": {"feature_type": "node", "node_id": 553, "degree": 3, "type": "intersection", "betweenness": 0.07572673129384888, "is_critical": false, "is_articulation": false}}, {"type": "Feature", "geometry": {"type": "Point", "coordinates": [85.135001, 25.610119]}, "properties": {"feature_type": "node", "node_id": 554, "degree": 3, "type": "intersection", "betweenness": 0.004450059600944096, "is_critical": false, "is_articulation": false}}, {"type": "Feature", "geometry": {"type": "Point", "coordinates": [85.136315, 25.610136]}, "properties": {"feature_type": "node", "node_id": 555, "degree": 3, "type": "intersection", "betweenness": 0.17691637046475756, "is_critical": true, "is_articulation": false}}, {"type": "Feature", "geometry": {"type": "Point", "coordinates": [85.136475, 25.610101]}, "properties": {"feature_type": "node", "node_id": 556, "degree": 3, "type": "intersection", "betweenness": 0.20045820253936797, "is_critical": true, "is_articulation": false}}, {"type": "Feature", "geometry": {"type": "Point", "coordinates": [85.137829, 25.610046]}, "properties": {"feature_type": "node", "node_id": 557, "degree": 4, "type": "intersection", "betweenness": 0.05079817670868659, "is_critical": false, "is_articulation": true}}, {"type": "Feature", "geometry": {"type": "Point", "coordinates": [85.137392, 25.610005]}, "properties": {"feature_type": "node", "node_id": 558, "degree": 4, "type": "intersection", "betweenness": 0.20004932491925206, "is_critical": true, "is_articulation": false}}, {"type": "Feature", "geometry": {"type": "Point", "coordinates": [85.137651, 25.609972]}, "properties": {"feature_type": "node", "node_id": 559, "degree": 6, "type": "intersection", "betweenness": 0.1120000173069892, "is_critical": true, "is_articulation": true}}, {"type": "Feature", "geometry": {"type": "Point", "coordinates": [85.137472, 25.609988]}, "properties": {"feature_type": "node", "node_id": 560, "degree": 3, "type": "intersection", "betweenness": 0.10147304111924299, "is_critical": true, "is_articulation": false}}, {"type": "Feature", "geometry": {"type": "Point", "coordinates": [85.137512, 25.609988]}, "properties": {"feature_type": "node", "node_id": 561, "degree": 3, "type": "intersection", "betweenness": 0.10089974710162014, "is_critical": true, "is_articulation": false}}, {"type": "Feature", "geometry": {"type": "Point", "coordinates": [85.136377, 25.609956]}, "properties": {"feature_type": "node", "node_id": 562, "degree": 3, "type": "intersection", "betweenness": 0.025216283280799407, "is_critical": false, "is_articulation": false}}, {"type": "Feature", "geometry": {"type": "Point", "coordinates": [85.137851, 25.60992]}, "properties": {"feature_type": "node", "node_id": 563, "degree": 6, "type": "intersection", "betweenness": 0.15138207125720132, "is_critical": true, "is_articulation": false}}, {"type": "Feature", "geometry": {"type": "Point", "coordinates": [85.142569, 25.610035]}, "properties": {"feature_type": "node", "node_id": 564, "degree": 3, "type": "intersection", "betweenness": 0.046043081422894115, "is_critical": false, "is_articulation": true}}, {"type": "Feature", "geometry": {"type": "Point", "coordinates": [85.138051, 25.609887]}, "properties": {"feature_type": "node", "node_id": 565, "degree": 3, "type": "intersection", "betweenness": 0.14635439089133156, "is_critical": true, "is_articulation": false}}, {"type": "Feature", "geometry": {"type": "Point", "coordinates": [85.128038, 25.609705]}, "properties": {"feature_type": "node", "node_id": 566, "degree": 3, "type": "intersection", "betweenness": 0.0029054108138395337, "is_critical": false, "is_articulation": true}}, {"type": "Feature", "geometry": {"type": "Point", "coordinates": [85.129832, 25.609547]}, "properties": {"feature_type": "node", "node_id": 567, "degree": 3, "type": "intersection", "betweenness": 0.17776224956245767, "is_critical": true, "is_articulation": false}}, {"type": "Feature", "geometry": {"type": "Point", "coordinates": [85.137794, 25.609793]}, "properties": {"feature_type": "node", "node_id": 568, "degree": 3, "type": "intersection", "betweenness": 0.0038378248575959293, "is_critical": false, "is_articulation": false}}, {"type": "Feature", "geometry": {"type": "Point", "coordinates": [85.137595, 25.609773]}, "properties": {"feature_type": "node", "node_id": 569, "degree": 3, "type": "intersection", "betweenness": 0.04158869507464721, "is_critical": false, "is_articulation": false}}, {"type": "Feature", "geometry": {"type": "Point", "coordinates": [85.131444, 25.609658]}, "properties": {"feature_type": "node", "node_id": 570, "degree": 1, "type": "endpoint", "betweenness": 0.0, "is_critical": false, "is_articulation": false}}, {"type": "Feature", "geometry": {"type": "Point", "coordinates": [85.133136, 25.609662]}, "properties": {"feature_type": "node", "node_id": 571, "degree": 3, "type": "intersection", "betweenness": 0.0020638584634422304, "is_critical": false, "is_articulation": false}}, {"type": "Feature", "geometry": {"type": "Point", "coordinates": [85.133057, 25.609643]}, "properties": {"feature_type": "node", "node_id": 572, "degree": 3, "type": "intersection", "betweenness": 0.045143117983908826, "is_critical": false, "is_articulation": false}}, {"type": "Feature", "geometry": {"type": "Point", "coordinates": [85.143409, 25.609774]}, "properties": {"feature_type": "node", "node_id": 573, "degree": 1, "type": "endpoint", "betweenness": 0.0, "is_critical": false, "is_articulation": false}}, {"type": "Feature", "geometry": {"type": "Point", "coordinates": [85.133178, 25.609536]}, "properties": {"feature_type": "node", "node_id": 574, "degree": 3, "type": "intersection", "betweenness": 0.04429074876525448, "is_critical": false, "is_articulation": false}}, {"type": "Feature", "geometry": {"type": "Point", "coordinates": [85.135367, 25.609618]}, "properties": {"feature_type": "node", "node_id": 575, "degree": 3, "type": "intersection", "betweenness": 0.002717197306167129, "is_critical": false, "is_articulation": false}}, {"type": "Feature", "geometry": {"type": "Point", "coordinates": [85.139529, 25.609599]}, "properties": {"feature_type": "node", "node_id": 576, "degree": 3, "type": "intersection", "betweenness": 0.17124833149807134, "is_critical": true, "is_articulation": false}}, {"type": "Feature", "geometry": {"type": "Point", "coordinates": [85.144944, 25.609686]}, "properties": {"feature_type": "node", "node_id": 577, "degree": 1, "type": "endpoint", "betweenness": 0.0, "is_critical": false, "is_articulation": false}}, {"type": "Feature", "geometry": {"type": "Point", "coordinates": [85.129698, 25.609239]}, "properties": {"feature_type": "node", "node_id": 578, "degree": 11, "type": "intersection", "betweenness": 0.17787474499233083, "is_critical": true, "is_articulation": true}}, {"type": "Feature", "geometry": {"type": "Point", "coordinates": [85.139969, 25.609478]}, "properties": {"feature_type": "node", "node_id": 580, "degree": 3, "type": "intersection", "betweenness": 0.1614071447578211, "is_critical": true, "is_articulation": false}}, {"type": "Feature", "geometry": {"type": "Point", "coordinates": [85.133639, 25.609325]}, "properties": {"feature_type": "node", "node_id": 581, "degree": 3, "type": "intersection", "betweenness": 0.016383228662104832, "is_critical": false, "is_articulation": true}}, {"type": "Feature", "geometry": {"type": "Point", "coordinates": [85.129857, 25.609259]}, "properties": {"feature_type": "node", "node_id": 582, "degree": 3, "type": "intersection", "betweenness": 0.00198597701199158, "is_critical": false, "is_articulation": false}}, {"type": "Feature", "geometry": {"type": "Point", "coordinates": [85.137682, 25.609268]}, "properties": {"feature_type": "node", "node_id": 583, "degree": 3, "type": "intersection", "betweenness": 0.04033610173048258, "is_critical": false, "is_articulation": false}}, {"type": "Feature", "geometry": {"type": "Point", "coordinates": [85.137762, 25.609269]}, "properties": {"feature_type": "node", "node_id": 584, "degree": 3, "type": "intersection", "betweenness": 0.0034657245895539338, "is_critical": false, "is_articulation": false}}, {"type": "Feature", "geometry": {"type": "Point", "coordinates": [85.129818, 25.609168]}, "properties": {"feature_type": "node", "node_id": 585, "degree": 3, "type": "intersection", "betweenness": 0.0015186883032876789, "is_critical": false, "is_articulation": false}}, {"type": "Feature", "geometry": {"type": "Point", "coordinates": [85.142262, 25.609272]}, "properties": {"feature_type": "node", "node_id": 586, "degree": 4, "type": "intersection", "betweenness": 0.04844875292325864, "is_critical": false, "is_articulation": true}}, {"type": "Feature", "geometry": {"type": "Point", "coordinates": [85.127709, 25.609087]}, "properties": {"feature_type": "node", "node_id": 587, "degree": 1, "type": "endpoint", "betweenness": 0.0, "is_critical": false, "is_articulation": false}}, {"type": "Feature", "geometry": {"type": "Point", "coordinates": [85.129799, 25.609113]}, "properties": {"feature_type": "node", "node_id": 588, "degree": 3, "type": "intersection", "betweenness": 0.0010600530891894055, "is_critical": false, "is_articulation": false}}, {"type": "Feature", "geometry": {"type": "Point", "coordinates": [85.129581, 25.609093]}, "properties": {"feature_type": "node", "node_id": 589, "degree": 3, "type": "intersection", "betweenness": 0.004941145419813474, "is_critical": false, "is_articulation": false}}, {"type": "Feature", "geometry": {"type": "Point", "coordinates": [85.133563, 25.609125]}, "properties": {"feature_type": "node", "node_id": 590, "degree": 3, "type": "intersection", "betweenness": 0.05793081963737531, "is_critical": false, "is_articulation": false}}, {"type": "Feature", "geometry": {"type": "Point", "coordinates": [85.129641, 25.609039]}, "properties": {"feature_type": "node", "node_id": 591, "degree": 6, "type": "intersection", "betweenness": 0.17245765736920782, "is_critical": true, "is_articulation": false}}, {"type": "Feature", "geometry": {"type": "Point", "coordinates": [85.129543, 25.608966]}, "properties": {"feature_type": "node", "node_id": 592, "degree": 3, "type": "intersection", "betweenness": 0.0, "is_critical": false, "is_articulation": false}}, {"type": "Feature", "geometry": {"type": "Point", "coordinates": [85.129566, 25.608749]}, "properties": {"feature_type": "node", "node_id": 593, "degree": 29, "type": "intersection", "betweenness": 0.1769250239593632, "is_critical": true, "is_articulation": true}}, {"type": "Feature", "geometry": {"type": "Point", "coordinates": [85.137745, 25.60907]}, "properties": {"feature_type": "node", "node_id": 594, "degree": 3, "type": "intersection", "betweenness": 0.04124904541137631, "is_critical": false, "is_articulation": false}}, {"type": "Feature", "geometry": {"type": "Point", "coordinates": [85.142245, 25.609074]}, "properties": {"feature_type": "node", "node_id": 595, "degree": 3, "type": "intersection", "betweenness": 0.06145711868916863, "is_critical": false, "is_articulation": false}}, {"type": "Feature", "geometry": {"type": "Point", "coordinates": [85.142166, 25.609055]}, "properties": {"feature_type": "node", "node_id": 596, "degree": 3, "type": "intersection", "betweenness": 0.06718140537079142, "is_critical": false, "is_articulation": false}}, {"type": "Feature", "geometry": {"type": "Point", "coordinates": [85.129684, 25.608859]}, "properties": {"feature_type": "node", "node_id": 597, "degree": 4, "type": "intersection", "betweenness": 0.0, "is_critical": false, "is_articulation": false}}, {"type": "Feature", "geometry": {"type": "Point", "coordinates": [85.133626, 25.608892]}, "properties": {"feature_type": "node", "node_id": 598, "degree": 3, "type": "intersection", "betweenness": 0.058382964730519356, "is_critical": false, "is_articulation": false}}, {"type": "Feature", "geometry": {"type": "Point", "coordinates": [85.135219, 25.608894]}, "properties": {"feature_type": "node", "node_id": 599, "degree": 3, "type": "intersection", "betweenness": 0.005542563294904605, "is_critical": false, "is_articulation": false}}, {"type": "Feature", "geometry": {"type": "Point", "coordinates": [85.135916, 25.608903]}, "properties": {"feature_type": "node", "node_id": 600, "degree": 3, "type": "intersection", "betweenness": 0.026700357605664575, "is_critical": false, "is_articulation": false}}, {"type": "Feature", "geometry": {"type": "Point", "coordinates": [85.129645, 25.608768]}, "properties": {"feature_type": "node", "node_id": 601, "degree": 4, "type": "intersection", "betweenness": 0.0, "is_critical": false, "is_articulation": false}}, {"type": "Feature", "geometry": {"type": "Point", "coordinates": [85.129428, 25.608693]}, "properties": {"feature_type": "node", "node_id": 602, "degree": 3, "type": "intersection", "betweenness": 0.009495046956025103, "is_critical": false, "is_articulation": false}}, {"type": "Feature", "geometry": {"type": "Point", "coordinates": [85.135858, 25.608758]}, "properties": {"feature_type": "node", "node_id": 603, "degree": 3, "type": "intersection", "betweenness": 0.02699673979590733, "is_critical": false, "is_articulation": false}}, {"type": "Feature", "geometry": {"type": "Point", "coordinates": [85.13777, 25.608764]}, "properties": {"feature_type": "node", "node_id": 604, "degree": 3, "type": "intersection", "betweenness": 0.041452402534608565, "is_critical": false, "is_articulation": false}}, {"type": "Feature", "geometry": {"type": "Point", "coordinates": [85.143903, 25.608734]}, "properties": {"feature_type": "node", "node_id": 605, "degree": 3, "type": "intersection", "betweenness": 0.013553535926064541, "is_critical": false, "is_articulation": true}}, {"type": "Feature", "geometry": {"type": "Point", "coordinates": [85.139802, 25.608663]}, "properties": {"feature_type": "node", "node_id": 607, "degree": 3, "type": "intersection", "betweenness": 0.1244783565283045, "is_critical": true, "is_articulation": true}}, {"type": "Feature", "geometry": {"type": "Point", "coordinates": [85.133651, 25.608531]}, "properties": {"feature_type": "node", "node_id": 608, "degree": 4, "type": "intersection", "betweenness": 0.0574938181597911, "is_critical": false, "is_articulation": true}}, {"type": "Feature", "geometry": {"type": "Point", "coordinates": [85.140161, 25.608614]}, "properties": {"feature_type": "node", "node_id": 610, "degree": 1, "type": "endpoint", "betweenness": 0.0, "is_critical": false, "is_articulation": false}}, {"type": "Feature", "geometry": {"type": "Point", "coordinates": [85.14492, 25.608674]}, "properties": {"feature_type": "node", "node_id": 611, "degree": 1, "type": "endpoint", "betweenness": 0.0, "is_critical": false, "is_articulation": false}}, {"type": "Feature", "geometry": {"type": "Point", "coordinates": [85.129511, 25.608442]}, "properties": {"feature_type": "node", "node_id": 612, "degree": 4, "type": "intersection", "betweenness": 0.0, "is_critical": false, "is_articulation": false}}, {"type": "Feature", "geometry": {"type": "Point", "coordinates": [85.129452, 25.608387]}, "properties": {"feature_type": "node", "node_id": 614, "degree": 5, "type": "intersection", "betweenness": 0.15186666695511647, "is_critical": true, "is_articulation": false}}, {"type": "Feature", "geometry": {"type": "Point", "coordinates": [85.133673, 25.608441]}, "properties": {"feature_type": "node", "node_id": 615, "degree": 3, "type": "intersection", "betweenness": 0.05521794907851099, "is_critical": false, "is_articulation": false}}, {"type": "Feature", "geometry": {"type": "Point", "coordinates": [85.139765, 25.6085]}, "properties": {"feature_type": "node", "node_id": 616, "degree": 3, "type": "intersection", "betweenness": 0.12223710142544689, "is_critical": true, "is_articulation": true}}, {"type": "Feature", "geometry": {"type": "Point", "coordinates": [85.129375, 25.608205]}, "properties": {"feature_type": "node", "node_id": 617, "degree": 15, "type": "intersection", "betweenness": 0.1544518984685478, "is_critical": true, "is_articulation": true}}, {"type": "Feature", "geometry": {"type": "Point", "coordinates": [85.137815, 25.608439]}, "properties": {"feature_type": "node", "node_id": 618, "degree": 3, "type": "intersection", "betweenness": 0.039576757578838745, "is_critical": false, "is_articulation": true}}, {"type": "Feature", "geometry": {"type": "Point", "coordinates": [85.140144, 25.608451]}, "properties": {"feature_type": "node", "node_id": 619, "degree": 1, "type": "endpoint", "betweenness": 0.0, "is_critical": false, "is_articulation": false}}, {"type": "Feature", "geometry": {"type": "Point", "coordinates": [85.126686, 25.608261]}, "properties": {"feature_type": "node", "node_id": 620, "degree": 1, "type": "endpoint", "betweenness": 0.0, "is_critical": false, "is_articulation": false}}, {"type": "Feature", "geometry": {"type": "Point", "coordinates": [85.144544, 25.608489]}, "properties": {"feature_type": "node", "node_id": 621, "degree": 3, "type": "intersection", "betweenness": 0.01097912128089027, "is_critical": false, "is_articulation": true}}, {"type": "Feature", "geometry": {"type": "Point", "coordinates": [85.133735, 25.608297]}, "properties": {"feature_type": "node", "node_id": 622, "degree": 3, "type": "intersection", "betweenness": 0.053022124822332935, "is_critical": false, "is_articulation": false}}, {"type": "Feature", "geometry": {"type": "Point", "coordinates": [85.133675, 25.608296]}, "properties": {"feature_type": "node", "node_id": 623, "degree": 3, "type": "intersection", "betweenness": 0.0, "is_critical": false, "is_articulation": false}}, {"type": "Feature", "geometry": {"type": "Point", "coordinates": [85.138973, 25.608219]}, "properties": {"feature_type": "node", "node_id": 624, "degree": 1, "type": "endpoint", "betweenness": 0.0, "is_critical": false, "is_articulation": false}}, {"type": "Feature", "geometry": {"type": "Point", "coordinates": [85.133717, 25.608134]}, "properties": {"feature_type": "node", "node_id": 625, "degree": 3, "type": "intersection", "betweenness": 0.05291395613976259, "is_critical": false, "is_articulation": false}}, {"type": "Feature", "geometry": {"type": "Point", "coordinates": [85.141784, 25.608021]}, "properties": {"feature_type": "node", "node_id": 626, "degree": 7, "type": "intersection", "betweenness": 0.039228454420962226, "is_critical": false, "is_articulation": true}}, {"type": "Feature", "geometry": {"type": "Point", "coordinates": [85.129358, 25.608043]}, "properties": {"feature_type": "node", "node_id": 627, "degree": 3, "type": "intersection", "betweenness": 0.001384559136900448, "is_critical": false, "is_articulation": false}}, {"type": "Feature", "geometry": {"type": "Point", "coordinates": [85.133718, 25.60808]}, "properties": {"feature_type": "node", "node_id": 628, "degree": 4, "type": "intersection", "betweenness": 0.05367762703870924, "is_critical": false, "is_articulation": true}}, {"type": "Feature", "geometry": {"type": "Point", "coordinates": [85.129259, 25.607987]}, "properties": {"feature_type": "node", "node_id": 629, "degree": 4, "type": "intersection", "betweenness": 0.14398982349034378, "is_critical": true, "is_articulation": false}}, {"type": "Feature", "geometry": {"type": "Point", "coordinates": [85.129339, 25.60797]}, "properties": {"feature_type": "node", "node_id": 630, "degree": 4, "type": "intersection", "betweenness": 0.0006576655900277128, "is_critical": false, "is_articulation": false}}, {"type": "Feature", "geometry": {"type": "Point", "coordinates": [85.129242, 25.607842]}, "properties": {"feature_type": "node", "node_id": 631, "degree": 7, "type": "intersection", "betweenness": 0.1681828310340277, "is_critical": true, "is_articulation": true}}, {"type": "Feature", "geometry": {"type": "Point", "coordinates": [85.142958, 25.608072]}, "properties": {"feature_type": "node", "node_id": 632, "degree": 1, "type": "endpoint", "betweenness": 0.0, "is_critical": false, "is_articulation": false}}, {"type": "Feature", "geometry": {"type": "Point", "coordinates": [85.127489, 25.607838]}, "properties": {"feature_type": "node", "node_id": 633, "degree": 3, "type": "intersection", "betweenness": 0.007868189970167076, "is_critical": false, "is_articulation": true}}, {"type": "Feature", "geometry": {"type": "Point", "coordinates": [85.139594, 25.607957]}, "properties": {"feature_type": "node", "node_id": 634, "degree": 3, "type": "intersection", "betweenness": 0.1209607109711168, "is_critical": true, "is_articulation": false}}, {"type": "Feature", "geometry": {"type": "Point", "coordinates": [85.14258, 25.607995]}, "properties": {"feature_type": "node", "node_id": 635, "degree": 1, "type": "endpoint", "betweenness": 0.0, "is_critical": false, "is_articulation": false}}, {"type": "Feature", "geometry": {"type": "Point", "coordinates": [85.127411, 25.607783]}, "properties": {"feature_type": "node", "node_id": 636, "degree": 3, "type": "intersection", "betweenness": 0.003848641725852964, "is_critical": false, "is_articulation": false}}, {"type": "Feature", "geometry": {"type": "Point", "coordinates": [85.140989, 25.607902]}, "properties": {"feature_type": "node", "node_id": 637, "degree": 3, "type": "intersection", "betweenness": 0.0, "is_critical": false, "is_articulation": false}}, {"type": "Feature", "geometry": {"type": "Point", "coordinates": [85.133763, 25.607774]}, "properties": {"feature_type": "node", "node_id": 638, "degree": 4, "type": "intersection", "betweenness": 0.07375157115011433, "is_critical": false, "is_articulation": false}}, {"type": "Feature", "geometry": {"type": "Point", "coordinates": [85.129124, 25.607697]}, "properties": {"feature_type": "node", "node_id": 639, "degree": 3, "type": "intersection", "betweenness": 0.14154953801155673, "is_critical": true, "is_articulation": false}}, {"type": "Feature", "geometry": {"type": "Point", "coordinates": [85.12791, 25.607681]}, "properties": {"feature_type": "node", "node_id": 640, "degree": 3, "type": "intersection", "betweenness": 0.009826043124690367, "is_critical": false, "is_articulation": false}}, {"type": "Feature", "geometry": {"type": "Point", "coordinates": [85.129204, 25.607679]}, "properties": {"feature_type": "node", "node_id": 641, "degree": 3, "type": "intersection", "betweenness": 0.0, "is_critical": false, "is_articulation": false}}, {"type": "Feature", "geometry": {"type": "Point", "coordinates": [85.129126, 25.607588]}, "properties": {"feature_type": "node", "node_id": 642, "degree": 6, "type": "intersection", "betweenness": 0.14040511334996245, "is_critical": true, "is_articulation": true}}, {"type": "Feature", "geometry": {"type": "Point", "coordinates": [85.130519, 25.607642]}, "properties": {"feature_type": "node", "node_id": 643, "degree": 3, "type": "intersection", "betweenness": 0.04489865676129984, "is_critical": false, "is_articulation": true}}, {"type": "Feature", "geometry": {"type": "Point", "coordinates": [85.140951, 25.607757]}, "properties": {"feature_type": "node", "node_id": 644, "degree": 4, "type": "intersection", "betweenness": 0.09671145571249629, "is_critical": true, "is_articulation": false}}, {"type": "Feature", "geometry": {"type": "Point", "coordinates": [85.141628, 25.607784]}, "properties": {"feature_type": "node", "node_id": 645, "degree": 3, "type": "intersection", "betweenness": 0.03181024617028779, "is_critical": false, "is_articulation": false}}, {"type": "Feature", "geometry": {"type": "Point", "coordinates": [85.142703, 25.607797]}, "properties": {"feature_type": "node", "node_id": 646, "degree": 1, "type": "endpoint", "betweenness": 0.0, "is_critical": false, "is_articulation": false}}, {"type": "Feature", "geometry": {"type": "Point", "coordinates": [85.143818, 25.607794]}, "properties": {"feature_type": "node", "node_id": 647, "degree": 4, "type": "intersection", "betweenness": 0.009776285530708006, "is_critical": false, "is_articulation": true}}, {"type": "Feature", "geometry": {"type": "Point", "coordinates": [85.130878, 25.607593]}, "properties": {"feature_type": "node", "node_id": 648, "degree": 3, "type": "intersection", "betweenness": 0.04439675407417343, "is_critical": false, "is_articulation": true}}, {"type": "Feature", "geometry": {"type": "Point", "coordinates": [85.139519, 25.607685]}, "properties": {"feature_type": "node", "node_id": 649, "degree": 3, "type": "intersection", "betweenness": 0.023083196860512155, "is_critical": false, "is_articulation": true}}, {"type": "Feature", "geometry": {"type": "Point", "coordinates": [85.14159, 25.607639]}, "properties": {"feature_type": "node", "node_id": 650, "degree": 7, "type": "intersection", "betweenness": 0.034202937428743876, "is_critical": false, "is_articulation": false}}, {"type": "Feature", "geometry": {"type": "Point", "coordinates": [85.141748, 25.607713]}, "properties": {"feature_type": "node", "node_id": 651, "degree": 3, "type": "intersection", "betweenness": 0.001992467132945801, "is_critical": false, "is_articulation": false}}, {"type": "Feature", "geometry": {"type": "Point", "coordinates": [85.129028, 25.607479]}, "properties": {"feature_type": "node", "node_id": 652, "degree": 3, "type": "intersection", "betweenness": 0.11251490023602406, "is_critical": true, "is_articulation": false}}, {"type": "Feature", "geometry": {"type": "Point", "coordinates": [85.133687, 25.607538]}, "properties": {"feature_type": "node", "node_id": 653, "degree": 3, "type": "intersection", "betweenness": 0.002712870558864315, "is_critical": false, "is_articulation": false}}, {"type": "Feature", "geometry": {"type": "Point", "coordinates": [85.133766, 25.607539]}, "properties": {"feature_type": "node", "node_id": 654, "degree": 3, "type": "intersection", "betweenness": 0.06812896303010767, "is_critical": false, "is_articulation": false}}, {"type": "Feature", "geometry": {"type": "Point", "coordinates": [85.141729, 25.607659]}, "properties": {"feature_type": "node", "node_id": 655, "degree": 3, "type": "intersection", "betweenness": 0.0010730333310978472, "is_critical": false, "is_articulation": false}}, {"type": "Feature", "geometry": {"type": "Point", "coordinates": [85.129108, 25.607462]}, "properties": {"feature_type": "node", "node_id": 656, "degree": 3, "type": "intersection", "betweenness": 0.02277599780201237, "is_critical": false, "is_articulation": false}}, {"type": "Feature", "geometry": {"type": "Point", "coordinates": [85.132572, 25.607506]}, "properties": {"feature_type": "node", "node_id": 657, "degree": 1, "type": "endpoint", "betweenness": 0.0, "is_critical": false, "is_articulation": false}}, {"type": "Feature", "geometry": {"type": "Point", "coordinates": [85.14171, 25.607604]}, "properties": {"feature_type": "node", "node_id": 658, "degree": 3, "type": "intersection", "betweenness": 0.0013932126315060757, "is_critical": false, "is_articulation": false}}, {"type": "Feature", "geometry": {"type": "Point", "coordinates": [85.12899, 25.607388]}, "properties": {"feature_type": "node", "node_id": 659, "degree": 3, "type": "intersection", "betweenness": 0.11104813290037015, "is_critical": true, "is_articulation": false}}, {"type": "Feature", "geometry": {"type": "Point", "coordinates": [85.144976, 25.60761]}, "properties": {"feature_type": "node", "node_id": 660, "degree": 1, "type": "endpoint", "betweenness": 0.0, "is_critical": false, "is_articulation": false}}, {"type": "Feature", "geometry": {"type": "Point", "coordinates": [85.141691, 25.60755]}, "properties": {"feature_type": "node", "node_id": 661, "degree": 3, "type": "intersection", "betweenness": 0.001728535547474153, "is_critical": false, "is_articulation": false}}, {"type": "Feature", "geometry": {"type": "Point", "coordinates": [85.12907, 25.607371]}, "properties": {"feature_type": "node", "node_id": 662, "degree": 3, "type": "intersection", "betweenness": 0.021012848276115704, "is_critical": false, "is_articulation": false}}, {"type": "Feature", "geometry": {"type": "Point", "coordinates": [85.140378, 25.607515]}, "properties": {"feature_type": "node", "node_id": 663, "degree": 1, "type": "endpoint", "betweenness": 0.0, "is_critical": false, "is_articulation": false}}, {"type": "Feature", "geometry": {"type": "Point", "coordinates": [85.128792, 25.607331]}, "properties": {"feature_type": "node", "node_id": 664, "degree": 4, "type": "intersection", "betweenness": 0.012024030754519828, "is_critical": false, "is_articulation": false}}, {"type": "Feature", "geometry": {"type": "Point", "coordinates": [85.140517, 25.607499]}, "properties": {"feature_type": "node", "node_id": 665, "degree": 1, "type": "endpoint", "betweenness": 0.0, "is_critical": false, "is_articulation": false}}, {"type": "Feature", "geometry": {"type": "Point", "coordinates": [85.140916, 25.607486]}, "properties": {"feature_type": "node", "node_id": 666, "degree": 3, "type": "intersection", "betweenness": 0.09030786970433172, "is_critical": true, "is_articulation": true}}, {"type": "Feature", "geometry": {"type": "Point", "coordinates": [85.141536, 25.607313]}, "properties": {"feature_type": "node", "node_id": 667, "degree": 5, "type": "intersection", "betweenness": 0.12204023442316886, "is_critical": true, "is_articulation": false}}, {"type": "Feature", "geometry": {"type": "Point", "coordinates": [85.126065, 25.60726]}, "properties": {"feature_type": "node", "node_id": 668, "degree": 3, "type": "intersection", "betweenness": 0.0021482300358471014, "is_critical": false, "is_articulation": true}}, {"type": "Feature", "geometry": {"type": "Point", "coordinates": [85.128932, 25.607297]}, "properties": {"feature_type": "node", "node_id": 669, "degree": 4, "type": "intersection", "betweenness": 0.11040344755225087, "is_critical": true, "is_articulation": false}}, {"type": "Feature", "geometry": {"type": "Point", "coordinates": [85.13367, 25.607357]}, "properties": {"feature_type": "node", "node_id": 670, "degree": 4, "type": "intersection", "betweenness": 0.002730177548075571, "is_critical": false, "is_articulation": true}}, {"type": "Feature", "geometry": {"type": "Point", "coordinates": [85.129031, 25.60728]}, "properties": {"feature_type": "node", "node_id": 671, "degree": 3, "type": "intersection", "betweenness": 0.019245372002916226, "is_critical": false, "is_articulation": false}}, {"type": "Feature", "geometry": {"type": "Point", "coordinates": [85.13375, 25.60734]}, "properties": {"feature_type": "node", "node_id": 672, "degree": 3, "type": "intersection", "betweenness": 0.06744966370356588, "is_critical": false, "is_articulation": false}}, {"type": "Feature", "geometry": {"type": "Point", "coordinates": [85.143249, 25.607263]}, "properties": {"feature_type": "node", "node_id": 673, "degree": 3, "type": "intersection", "betweenness": 0.006375462150696281, "is_critical": false, "is_articulation": false}}, {"type": "Feature", "geometry": {"type": "Point", "coordinates": [85.133692, 25.607195]}, "properties": {"feature_type": "node", "node_id": 674, "degree": 3, "type": "intersection", "betweenness": 0.06886234669793462, "is_critical": false, "is_articulation": false}}, {"type": "Feature", "geometry": {"type": "Point", "coordinates": [85.128855, 25.607079]}, "properties": {"feature_type": "node", "node_id": 675, "degree": 3, "type": "intersection", "betweenness": 0.10551638647372258, "is_critical": true, "is_articulation": false}}, {"type": "Feature", "geometry": {"type": "Point", "coordinates": [85.128935, 25.607062]}, "properties": {"feature_type": "node", "node_id": 676, "degree": 3, "type": "intersection", "betweenness": 0.017486549224322377, "is_critical": false, "is_articulation": false}}, {"type": "Feature", "geometry": {"type": "Point", "coordinates": [85.140044, 25.607204]}, "properties": {"feature_type": "node", "node_id": 677, "degree": 1, "type": "endpoint", "betweenness": 0.0, "is_critical": false, "is_articulation": false}}, {"type": "Feature", "geometry": {"type": "Point", "coordinates": [85.128817, 25.606988]}, "properties": {"feature_type": "node", "node_id": 678, "degree": 3, "type": "intersection", "betweenness": 0.10395443069740676, "is_critical": true, "is_articulation": false}}, {"type": "Feature", "geometry": {"type": "Point", "coordinates": [85.143111, 25.607153]}, "properties": {"feature_type": "node", "node_id": 679, "degree": 3, "type": "intersection", "betweenness": 0.0044868369530180145, "is_critical": false, "is_articulation": false}}, {"type": "Feature", "geometry": {"type": "Point", "coordinates": [85.128897, 25.606971]}, "properties": {"feature_type": "node", "node_id": 680, "degree": 3, "type": "intersection", "betweenness": 0.015727726445728524, "is_critical": false, "is_articulation": false}}, {"type": "Feature", "geometry": {"type": "Point", "coordinates": [85.143152, 25.607117]}, "properties": {"feature_type": "node", "node_id": 681, "degree": 3, "type": "intersection", "betweenness": 0.0, "is_critical": false, "is_articulation": false}}, {"type": "Feature", "geometry": {"type": "Point", "coordinates": [85.128778, 25.606898]}, "properties": {"feature_type": "node", "node_id": 682, "degree": 3, "type": "intersection", "betweenness": 0.1023794946791825, "is_critical": true, "is_articulation": false}}, {"type": "Feature", "geometry": {"type": "Point", "coordinates": [85.1414, 25.607059]}, "properties": {"feature_type": "node", "node_id": 683, "degree": 3, "type": "intersection", "betweenness": 0.004138533795141495, "is_critical": false, "is_articulation": false}}, {"type": "Feature", "geometry": {"type": "Point", "coordinates": [85.143033, 25.607061]}, "properties": {"feature_type": "node", "node_id": 684, "degree": 4, "type": "intersection", "betweenness": 0.005681019208594651, "is_critical": false, "is_articulation": false}}, {"type": "Feature", "geometry": {"type": "Point", "coordinates": [85.14152, 25.60706]}, "properties": {"feature_type": "node", "node_id": 685, "degree": 3, "type": "intersection", "betweenness": 0.11577726770234574, "is_critical": true, "is_articulation": false}}, {"type": "Feature", "geometry": {"type": "Point", "coordinates": [85.128858, 25.606881]}, "properties": {"feature_type": "node", "node_id": 686, "degree": 3, "type": "intersection", "betweenness": 0.013966740293483269, "is_critical": false, "is_articulation": false}}, {"type": "Feature", "geometry": {"type": "Point", "coordinates": [85.142894, 25.607024]}, "properties": {"feature_type": "node", "node_id": 687, "degree": 4, "type": "intersection", "betweenness": 0.0020530415951851956, "is_critical": false, "is_articulation": true}}, {"type": "Feature", "geometry": {"type": "Point", "coordinates": [85.12874, 25.606807]}, "properties": {"feature_type": "node", "node_id": 688, "degree": 3, "type": "intersection", "betweenness": 0.1007915784190498, "is_critical": true, "is_articulation": false}}, {"type": "Feature", "geometry": {"type": "Point", "coordinates": [85.141382, 25.606968]}, "properties": {"feature_type": "node", "node_id": 689, "degree": 3, "type": "intersection", "betweenness": 0.0034220965542505603, "is_critical": false, "is_articulation": false}}, {"type": "Feature", "geometry": {"type": "Point", "coordinates": [85.12882, 25.60679]}, "properties": {"feature_type": "node", "node_id": 690, "degree": 3, "type": "intersection", "betweenness": 0.012729290564878494, "is_critical": false, "is_articulation": false}}, {"type": "Feature", "geometry": {"type": "Point", "coordinates": [85.141501, 25.606952]}, "properties": {"feature_type": "node", "node_id": 691, "degree": 3, "type": "intersection", "betweenness": 0.11506046989917958, "is_critical": true, "is_articulation": false}}, {"type": "Feature", "geometry": {"type": "Point", "coordinates": [85.142955, 25.60697]}, "properties": {"feature_type": "node", "node_id": 692, "degree": 3, "type": "intersection", "betweenness": 0.007361960535737851, "is_critical": false, "is_articulation": false}}, {"type": "Feature", "geometry": {"type": "Point", "coordinates": [85.130293, 25.606791]}, "properties": {"feature_type": "node", "node_id": 693, "degree": 1, "type": "endpoint", "betweenness": 0.0, "is_critical": false, "is_articulation": false}}, {"type": "Feature", "geometry": {"type": "Point", "coordinates": [85.128702, 25.606716]}, "properties": {"feature_type": "node", "node_id": 694, "degree": 3, "type": "intersection", "betweenness": 0.0986455117568541, "is_critical": true, "is_articulation": false}}, {"type": "Feature", "geometry": {"type": "Point", "coordinates": [85.142521, 25.606694]}, "properties": {"feature_type": "node", "node_id": 695, "degree": 24, "type": "intersection", "betweenness": 0.04547195077892268, "is_critical": false, "is_articulation": true}}, {"type": "Feature", "geometry": {"type": "Point", "coordinates": [85.141363, 25.60686]}, "properties": {"feature_type": "node", "node_id": 696, "degree": 3, "type": "intersection", "betweenness": 0.002700972003781577, "is_critical": false, "is_articulation": false}}, {"type": "Feature", "geometry": {"type": "Point", "coordinates": [85.144947, 25.606923]}, "properties": {"feature_type": "node", "node_id": 697, "degree": 1, "type": "endpoint", "betweenness": 0.0, "is_critical": false, "is_articulation": false}}, {"type": "Feature", "geometry": {"type": "Point", "coordinates": [85.128801, 25.606699]}, "properties": {"feature_type": "node", "node_id": 698, "degree": 3, "type": "intersection", "betweenness": 0.010968304412633237, "is_critical": false, "is_articulation": false}}, {"type": "Feature", "geometry": {"type": "Point", "coordinates": [85.141483, 25.606843]}, "properties": {"feature_type": "node", "node_id": 699, "degree": 3, "type": "intersection", "betweenness": 0.11434727771876574, "is_critical": true, "is_articulation": false}}, {"type": "Feature", "geometry": {"type": "Point", "coordinates": [85.128803, 25.606627]}, "properties": {"feature_type": "node", "node_id": 700, "degree": 3, "type": "intersection", "betweenness": 0.009215971754993607, "is_critical": false, "is_articulation": false}}, {"type": "Feature", "geometry": {"type": "Point", "coordinates": [85.128644, 25.606589]}, "properties": {"feature_type": "node", "node_id": 701, "degree": 3, "type": "intersection", "betweenness": 0.09710086296974954, "is_critical": true, "is_articulation": false}}, {"type": "Feature", "geometry": {"type": "Point", "coordinates": [85.139315, 25.606725]}, "properties": {"feature_type": "node", "node_id": 702, "degree": 3, "type": "intersection", "betweenness": 0.020854921999562997, "is_critical": false, "is_articulation": true}}, {"type": "Feature", "geometry": {"type": "Point", "coordinates": [85.141345, 25.606751]}, "properties": {"feature_type": "node", "node_id": 703, "degree": 3, "type": "intersection", "betweenness": 0.0019798474533125935, "is_critical": false, "is_articulation": false}}, {"type": "Feature", "geometry": {"type": "Point", "coordinates": [85.128724, 25.606572]}, "properties": {"feature_type": "node", "node_id": 704, "degree": 3, "type": "intersection", "betweenness": 0.0003245060477110425, "is_critical": false, "is_articulation": false}}, {"type": "Feature", "geometry": {"type": "Point", "coordinates": [85.141465, 25.606735]}, "properties": {"feature_type": "node", "node_id": 705, "degree": 3, "type": "intersection", "betweenness": 0.1136286771042234, "is_critical": true, "is_articulation": false}}, {"type": "Feature", "geometry": {"type": "Point", "coordinates": [85.128605, 25.606498]}, "properties": {"feature_type": "node", "node_id": 706, "degree": 3, "type": "intersection", "betweenness": 0.09545237224737745, "is_critical": true, "is_articulation": false}}, {"type": "Feature", "geometry": {"type": "Point", "coordinates": [85.128685, 25.606481]}, "properties": {"feature_type": "node", "node_id": 707, "degree": 3, "type": "intersection", "betweenness": 0.00024662459626039227, "is_critical": false, "is_articulation": false}}, {"type": "Feature", "geometry": {"type": "Point", "coordinates": [85.140252, 25.606629]}, "properties": {"feature_type": "node", "node_id": 708, "degree": 1, "type": "endpoint", "betweenness": 0.0, "is_critical": false, "is_articulation": false}}, {"type": "Feature", "geometry": {"type": "Point", "coordinates": [85.128567, 25.606408]}, "properties": {"feature_type": "node", "node_id": 709, "degree": 3, "type": "intersection", "betweenness": 0.09197150404226366, "is_critical": true, "is_articulation": false}}, {"type": "Feature", "geometry": {"type": "Point", "coordinates": [85.137466, 25.606521]}, "properties": {"feature_type": "node", "node_id": 710, "degree": 3, "type": "intersection", "betweenness": 0.03751722586269932, "is_critical": false, "is_articulation": true}}, {"type": "Feature", "geometry": {"type": "Point", "coordinates": [85.141389, 25.606481]}, "properties": {"feature_type": "node", "node_id": 711, "degree": 9, "type": "intersection", "betweenness": 0.1413526710092787, "is_critical": true, "is_articulation": true}}, {"type": "Feature", "geometry": {"type": "Point", "coordinates": [85.128647, 25.60639]}, "properties": {"feature_type": "node", "node_id": 712, "degree": 3, "type": "intersection", "betweenness": 0.00030070893754556604, "is_critical": false, "is_articulation": false}}, {"type": "Feature", "geometry": {"type": "Point", "coordinates": [85.133584, 25.606436]}, "properties": {"feature_type": "node", "node_id": 713, "degree": 3, "type": "intersection", "betweenness": 0.06901810960083592, "is_critical": false, "is_articulation": true}}, {"type": "Feature", "geometry": {"type": "Point", "coordinates": [85.141767, 25.60654]}, "properties": {"feature_type": "node", "node_id": 714, "degree": 4, "type": "intersection", "betweenness": 0.07555798814903913, "is_critical": false, "is_articulation": false}}, {"type": "Feature", "geometry": {"type": "Point", "coordinates": [85.141866, 25.606541]}, "properties": {"feature_type": "node", "node_id": 715, "degree": 3, "type": "intersection", "betweenness": 0.05149045627713682, "is_critical": false, "is_articulation": false}}, {"type": "Feature", "geometry": {"type": "Point", "coordinates": [85.141986, 25.606525]}, "properties": {"feature_type": "node", "node_id": 716, "degree": 3, "type": "intersection", "betweenness": 0.04960615782676136, "is_critical": false, "is_articulation": false}}, {"type": "Feature", "geometry": {"type": "Point", "coordinates": [85.128529, 25.606317]}, "properties": {"feature_type": "node", "node_id": 717, "degree": 3, "type": "intersection", "betweenness": 0.08848630908984706, "is_critical": true, "is_articulation": false}}, {"type": "Feature", "geometry": {"type": "Point", "coordinates": [85.142007, 25.606471]}, "properties": {"feature_type": "node", "node_id": 718, "degree": 3, "type": "intersection", "betweenness": 0.0019189124287979646, "is_critical": false, "is_articulation": false}}, {"type": "Feature", "geometry": {"type": "Point", "coordinates": [85.128609, 25.6063]}, "properties": {"feature_type": "node", "node_id": 719, "degree": 3, "type": "intersection", "betweenness": 0.0003547932788307398, "is_critical": false, "is_articulation": false}}, {"type": "Feature", "geometry": {"type": "Point", "coordinates": [85.141848, 25.606451]}, "properties": {"feature_type": "node", "node_id": 720, "degree": 4, "type": "intersection", "betweenness": 0.02573981970443989, "is_critical": false, "is_articulation": false}}, {"type": "Feature", "geometry": {"type": "Point", "coordinates": [85.142087, 25.606436]}, "properties": {"feature_type": "node", "node_id": 721, "degree": 5, "type": "intersection", "betweenness": 0.0009237605491507676, "is_critical": false, "is_articulation": false}}, {"type": "Feature", "geometry": {"type": "Point", "coordinates": [85.13267, 25.606316]}, "properties": {"feature_type": "node", "node_id": 722, "degree": 3, "type": "intersection", "betweenness": 0.08894061755664252, "is_critical": true, "is_articulation": false}}, {"type": "Feature", "geometry": {"type": "Point", "coordinates": [85.141729, 25.606395]}, "properties": {"feature_type": "node", "node_id": 723, "degree": 4, "type": "intersection", "betweenness": 0.0031304016735858565, "is_critical": false, "is_articulation": false}}, {"type": "Feature", "geometry": {"type": "Point", "coordinates": [85.12849, 25.606226]}, "properties": {"feature_type": "node", "node_id": 724, "degree": 3, "type": "intersection", "betweenness": 0.08497082690631078, "is_critical": false, "is_articulation": false}}, {"type": "Feature", "geometry": {"type": "Point", "coordinates": [85.138305, 25.606351]}, "properties": {"feature_type": "node", "node_id": 725, "degree": 1, "type": "endpoint", "betweenness": 0.0, "is_critical": false, "is_articulation": false}}, {"type": "Feature", "geometry": {"type": "Point", "coordinates": [85.12857, 25.606209]}, "properties": {"feature_type": "node", "node_id": 726, "degree": 3, "type": "intersection", "betweenness": 0.0004045508728130996, "is_critical": false, "is_articulation": false}}, {"type": "Feature", "geometry": {"type": "Point", "coordinates": [85.141292, 25.606353]}, "properties": {"feature_type": "node", "node_id": 727, "degree": 3, "type": "intersection", "betweenness": 0.08152889942692232, "is_critical": false, "is_articulation": false}}, {"type": "Feature", "geometry": {"type": "Point", "coordinates": [85.141471, 25.606356]}, "properties": {"feature_type": "node", "node_id": 728, "degree": 3, "type": "intersection", "betweenness": 0.005499295821876467, "is_critical": false, "is_articulation": false}}, {"type": "Feature", "geometry": {"type": "Point", "coordinates": [85.141949, 25.606362]}, "properties": {"feature_type": "node", "node_id": 729, "degree": 3, "type": "intersection", "betweenness": 0.022412551028576002, "is_critical": false, "is_articulation": true}}, {"type": "Feature", "geometry": {"type": "Point", "coordinates": [85.128452, 25.606135]}, "properties": {"feature_type": "node", "node_id": 730, "degree": 3, "type": "intersection", "betweenness": 0.08145101797547166, "is_critical": false, "is_articulation": false}}, {"type": "Feature", "geometry": {"type": "Point", "coordinates": [85.130781, 25.606183]}, "properties": {"feature_type": "node", "node_id": 731, "degree": 1, "type": "endpoint", "betweenness": 0.0, "is_critical": false, "is_articulation": false}}, {"type": "Feature", "geometry": {"type": "Point", "coordinates": [85.134763, 25.606216]}, "properties": {"feature_type": "node", "node_id": 732, "degree": 1, "type": "endpoint", "betweenness": 0.0, "is_critical": false, "is_articulation": false}}, {"type": "Feature", "geometry": {"type": "Point", "coordinates": [85.128532, 25.606118]}, "properties": {"feature_type": "node", "node_id": 733, "degree": 3, "type": "intersection", "betweenness": 0.00047594220330952897, "is_critical": false, "is_articulation": false}}, {"type": "Feature", "geometry": {"type": "Point", "coordinates": [85.133529, 25.606146]}, "properties": {"feature_type": "node", "node_id": 734, "degree": 5, "type": "intersection", "betweenness": 0.12471200088265644, "is_critical": true, "is_articulation": true}}, {"type": "Feature", "geometry": {"type": "Point", "coordinates": [85.141432, 25.606265]}, "properties": {"feature_type": "node", "node_id": 735, "degree": 3, "type": "intersection", "betweenness": 0.003281837829184343, "is_critical": false, "is_articulation": false}}, {"type": "Feature", "geometry": {"type": "Point", "coordinates": [85.137353, 25.606104]}, "properties": {"feature_type": "node", "node_id": 736, "degree": 5, "type": "intersection", "betweenness": 0.03643121228969304, "is_critical": false, "is_articulation": true}}, {"type": "Feature", "geometry": {"type": "Point", "coordinates": [85.141353, 25.606264]}, "properties": {"feature_type": "node", "node_id": 737, "degree": 3, "type": "intersection", "betweenness": 0.03511804448328902, "is_critical": false, "is_articulation": false}}, {"type": "Feature", "geometry": {"type": "Point", "coordinates": [85.142945, 25.606284]}, "properties": {"feature_type": "node", "node_id": 738, "degree": 1, "type": "endpoint", "betweenness": 0.0, "is_critical": false, "is_articulation": false}}, {"type": "Feature", "geometry": {"type": "Point", "coordinates": [85.144797, 25.606289]}, "properties": {"feature_type": "node", "node_id": 739, "degree": 3, "type": "intersection", "betweenness": 0.004103919816718984, "is_critical": false, "is_articulation": true}}, {"type": "Feature", "geometry": {"type": "Point", "coordinates": [85.144956, 25.606291]}, "properties": {"feature_type": "node", "node_id": 740, "degree": 1, "type": "endpoint", "betweenness": 0.0, "is_critical": false, "is_articulation": false}}, {"type": "Feature", "geometry": {"type": "Point", "coordinates": [85.128413, 25.606044]}, "properties": {"feature_type": "node", "node_id": 741, "degree": 3, "type": "intersection", "betweenness": 0.07791822880272412, "is_critical": false, "is_articulation": false}}, {"type": "Feature", "geometry": {"type": "Point", "coordinates": [85.139721, 25.606207]}, "properties": {"feature_type": "node", "node_id": 742, "degree": 1, "type": "endpoint", "betweenness": 0.0, "is_critical": false, "is_articulation": false}}, {"type": "Feature", "geometry": {"type": "Point", "coordinates": [85.14432, 25.606265]}, "properties": {"feature_type": "node", "node_id": 743, "degree": 3, "type": "intersection", "betweenness": 0.012272818724431627, "is_critical": false, "is_articulation": true}}, {"type": "Feature", "geometry": {"type": "Point", "coordinates": [85.128493, 25.606027]}, "properties": {"feature_type": "node", "node_id": 744, "degree": 3, "type": "intersection", "betweenness": 0.0005430067865031445, "is_critical": false, "is_articulation": false}}, {"type": "Feature", "geometry": {"type": "Point", "coordinates": [85.141334, 25.606173]}, "properties": {"feature_type": "node", "node_id": 745, "degree": 3, "type": "intersection", "betweenness": 0.0332121122963995, "is_critical": false, "is_articulation": false}}, {"type": "Feature", "geometry": {"type": "Point", "coordinates": [85.141435, 25.60612]}, "properties": {"feature_type": "node", "node_id": 746, "degree": 3, "type": "intersection", "betweenness": 0.0001990303759294394, "is_critical": false, "is_articulation": false}}, {"type": "Feature", "geometry": {"type": "Point", "coordinates": [85.141355, 25.606101]}, "properties": {"feature_type": "node", "node_id": 747, "degree": 3, "type": "intersection", "betweenness": 0.02569871560506316, "is_critical": false, "is_articulation": false}}, {"type": "Feature", "geometry": {"type": "Point", "coordinates": [85.143445, 25.606146]}, "properties": {"feature_type": "node", "node_id": 748, "degree": 1, "type": "endpoint", "betweenness": 0.0, "is_critical": false, "is_articulation": false}}, {"type": "Feature", "geometry": {"type": "Point", "coordinates": [85.128356, 25.605917]}, "properties": {"feature_type": "node", "node_id": 749, "degree": 3, "type": "intersection", "betweenness": 0.07437245938806812, "is_critical": false, "is_articulation": false}}, {"type": "Feature", "geometry": {"type": "Point", "coordinates": [85.133452, 25.605983]}, "properties": {"feature_type": "node", "node_id": 750, "degree": 3, "type": "intersection", "betweenness": 0.09241283226715068, "is_critical": true, "is_articulation": false}}, {"type": "Feature", "geometry": {"type": "Point", "coordinates": [85.141992, 25.606109]}, "properties": {"feature_type": "node", "node_id": 751, "degree": 3, "type": "intersection", "betweenness": 0.02035518268608799, "is_critical": false, "is_articulation": true}}, {"type": "Feature", "geometry": {"type": "Point", "coordinates": [85.126843, 25.60588]}, "properties": {"feature_type": "node", "node_id": 752, "degree": 3, "type": "intersection", "betweenness": 0.02061262415060542, "is_critical": false, "is_articulation": true}}, {"type": "Feature", "geometry": {"type": "Point", "coordinates": [85.133532, 25.605984]}, "properties": {"feature_type": "node", "node_id": 753, "degree": 3, "type": "intersection", "betweenness": 0.001642000601417875, "is_critical": false, "is_articulation": false}}, {"type": "Feature", "geometry": {"type": "Point", "coordinates": [85.128436, 25.6059]}, "properties": {"feature_type": "node", "node_id": 754, "degree": 3, "type": "intersection", "betweenness": 0.000605744622393946, "is_critical": false, "is_articulation": false}}, {"type": "Feature", "geometry": {"type": "Point", "coordinates": [85.132517, 25.605953]}, "properties": {"feature_type": "node", "node_id": 755, "degree": 3, "type": "intersection", "betweenness": 0.050222719317412345, "is_critical": false, "is_articulation": false}}, {"type": "Feature", "geometry": {"type": "Point", "coordinates": [85.140938, 25.606024]}, "properties": {"feature_type": "node", "node_id": 756, "degree": 5, "type": "intersection", "betweenness": 0.049738123619497185, "is_critical": false, "is_articulation": true}}, {"type": "Feature", "geometry": {"type": "Point", "coordinates": [85.143725, 25.606059]}, "properties": {"feature_type": "node", "node_id": 757, "degree": 1, "type": "endpoint", "betweenness": 0.0, "is_critical": false, "is_articulation": false}}, {"type": "Feature", "geometry": {"type": "Point", "coordinates": [85.128317, 25.605827]}, "properties": {"feature_type": "node", "node_id": 758, "degree": 3, "type": "intersection", "betweenness": 0.0708158731051551, "is_critical": false, "is_articulation": false}}, {"type": "Feature", "geometry": {"type": "Point", "coordinates": [85.141118, 25.605972]}, "properties": {"feature_type": "node", "node_id": 759, "degree": 4, "type": "intersection", "betweenness": 0.0065615122847172795, "is_critical": false, "is_articulation": false}}, {"type": "Feature", "geometry": {"type": "Point", "coordinates": [85.133434, 25.605874]}, "properties": {"feature_type": "node", "node_id": 760, "degree": 3, "type": "intersection", "betweenness": 0.09121215989061983, "is_critical": true, "is_articulation": false}}, {"type": "Feature", "geometry": {"type": "Point", "coordinates": [85.134787, 25.605909]}, "properties": {"feature_type": "node", "node_id": 761, "degree": 1, "type": "endpoint", "betweenness": 0.0, "is_critical": false, "is_articulation": false}}, {"type": "Feature", "geometry": {"type": "Point", "coordinates": [85.143467, 25.60602]}, "properties": {"feature_type": "node", "node_id": 762, "degree": 3, "type": "intersection", "betweenness": 0.004103919816718984, "is_critical": false, "is_articulation": true}}, {"type": "Feature", "geometry": {"type": "Point", "coordinates": [85.144741, 25.606036]}, "properties": {"feature_type": "node", "node_id": 763, "degree": 3, "type": "intersection", "betweenness": 0.004103919816718984, "is_critical": false, "is_articulation": true}}, {"type": "Feature", "geometry": {"type": "Point", "coordinates": [85.14498, 25.606039]}, "properties": {"feature_type": "node", "node_id": 764, "degree": 1, "type": "endpoint", "betweenness": 0.0, "is_critical": false, "is_articulation": false}}, {"type": "Feature", "geometry": {"type": "Point", "coordinates": [85.128397, 25.60581]}, "properties": {"feature_type": "node", "node_id": 765, "degree": 3, "type": "intersection", "betweenness": 0.0006663190846333406, "is_critical": false, "is_articulation": false}}, {"type": "Feature", "geometry": {"type": "Point", "coordinates": [85.133513, 25.605875]}, "properties": {"feature_type": "node", "node_id": 766, "degree": 3, "type": "intersection", "betweenness": 0.0004023874991616927, "is_critical": false, "is_articulation": false}}, {"type": "Feature", "geometry": {"type": "Point", "coordinates": [85.137256, 25.605905]}, "properties": {"feature_type": "node", "node_id": 767, "degree": 3, "type": "intersection", "betweenness": 0.014594118652391285, "is_critical": false, "is_articulation": false}}, {"type": "Feature", "geometry": {"type": "Point", "coordinates": [85.14084, 25.605968]}, "properties": {"feature_type": "node", "node_id": 768, "degree": 3, "type": "intersection", "betweenness": 0.045980343587003314, "is_critical": false, "is_articulation": false}}, {"type": "Feature", "geometry": {"type": "Point", "coordinates": [85.129174, 25.605801]}, "properties": {"feature_type": "node", "node_id": 770, "degree": 1, "type": "endpoint", "betweenness": 0.0, "is_critical": false, "is_articulation": false}}, {"type": "Feature", "geometry": {"type": "Point", "coordinates": [85.137336, 25.605906]}, "properties": {"feature_type": "node", "node_id": 771, "degree": 3, "type": "intersection", "betweenness": 0.019381664542954865, "is_critical": false, "is_articulation": false}}, {"type": "Feature", "geometry": {"type": "Point", "coordinates": [85.141179, 25.605937]}, "properties": {"feature_type": "node", "node_id": 772, "degree": 3, "type": "intersection", "betweenness": 0.0014819109512137607, "is_critical": false, "is_articulation": false}}, {"type": "Feature", "geometry": {"type": "Point", "coordinates": [85.128279, 25.605736]}, "properties": {"feature_type": "node", "node_id": 773, "degree": 3, "type": "intersection", "betweenness": 0.06724846995398504, "is_critical": false, "is_articulation": false}}, {"type": "Feature", "geometry": {"type": "Point", "coordinates": [85.130748, 25.605749]}, "properties": {"feature_type": "node", "node_id": 774, "degree": 3, "type": "intersection", "betweenness": 0.005691836076851685, "is_critical": false, "is_articulation": true}}, {"type": "Feature", "geometry": {"type": "Point", "coordinates": [85.137238, 25.605832]}, "properties": {"feature_type": "node", "node_id": 775, "degree": 3, "type": "intersection", "betweenness": 0.014635222751768016, "is_critical": false, "is_articulation": false}}, {"type": "Feature", "geometry": {"type": "Point", "coordinates": [85.14096, 25.60588]}, "properties": {"feature_type": "node", "node_id": 776, "degree": 3, "type": "intersection", "betweenness": 0.011799039894773504, "is_critical": false, "is_articulation": false}}, {"type": "Feature", "geometry": {"type": "Point", "coordinates": [85.141359, 25.605831]}, "properties": {"feature_type": "node", "node_id": 777, "degree": 7, "type": "intersection", "betweenness": 0.03447768588247256, "is_critical": false, "is_articulation": false}}, {"type": "Feature", "geometry": {"type": "Point", "coordinates": [85.128359, 25.605719]}, "properties": {"feature_type": "node", "node_id": 778, "degree": 3, "type": "intersection", "betweenness": 0.0007268935468727352, "is_critical": false, "is_articulation": false}}, {"type": "Feature", "geometry": {"type": "Point", "coordinates": [85.137317, 25.605833]}, "properties": {"feature_type": "node", "node_id": 779, "degree": 3, "type": "intersection", "betweenness": 0.018529295324300525, "is_critical": false, "is_articulation": false}}, {"type": "Feature", "geometry": {"type": "Point", "coordinates": [85.140861, 25.60586]}, "properties": {"feature_type": "node", "node_id": 780, "degree": 3, "type": "intersection", "betweenness": 0.012281472219037255, "is_critical": false, "is_articulation": false}}, {"type": "Feature", "geometry": {"type": "Point", "coordinates": [85.14112, 25.605864]}, "properties": {"feature_type": "node", "node_id": 781, "degree": 3, "type": "intersection", "betweenness": 0.011316607570509755, "is_critical": false, "is_articulation": false}}, {"type": "Feature", "geometry": {"type": "Point", "coordinates": [85.133436, 25.605766]}, "properties": {"feature_type": "node", "node_id": 782, "degree": 3, "type": "intersection", "betweenness": 0.09085303986448627, "is_critical": true, "is_articulation": false}}, {"type": "Feature", "geometry": {"type": "Point", "coordinates": [85.14118, 25.605846]}, "properties": {"feature_type": "node", "node_id": 783, "degree": 3, "type": "intersection", "betweenness": 0.010706536200812996, "is_critical": false, "is_articulation": false}}, {"type": "Feature", "geometry": {"type": "Point", "coordinates": [85.141578, 25.605851]}, "properties": {"feature_type": "node", "node_id": 784, "degree": 3, "type": "intersection", "betweenness": 0.0020552049688366022, "is_critical": false, "is_articulation": false}}, {"type": "Feature", "geometry": {"type": "Point", "coordinates": [85.129514, 25.605697]}, "properties": {"feature_type": "node", "node_id": 785, "degree": 1, "type": "endpoint", "betweenness": 0.0, "is_critical": false, "is_articulation": false}}, {"type": "Feature", "geometry": {"type": "Point", "coordinates": [85.12824, 25.605645]}, "properties": {"feature_type": "node", "node_id": 786, "degree": 3, "type": "intersection", "betweenness": 0.06366592318725513, "is_critical": false, "is_articulation": false}}, {"type": "Feature", "geometry": {"type": "Point", "coordinates": [85.137219, 25.60576]}, "properties": {"feature_type": "node", "node_id": 787, "degree": 3, "type": "intersection", "betweenness": 0.014672000103841934, "is_critical": false, "is_articulation": false}}, {"type": "Feature", "geometry": {"type": "Point", "coordinates": [85.137299, 25.605761]}, "properties": {"feature_type": "node", "node_id": 788, "degree": 3, "type": "intersection", "betweenness": 0.01767692610564619, "is_critical": false, "is_articulation": false}}, {"type": "Feature", "geometry": {"type": "Point", "coordinates": [85.140444, 25.605801]}, "properties": {"feature_type": "node", "node_id": 789, "degree": 3, "type": "intersection", "betweenness": 0.05751977864360799, "is_critical": false, "is_articulation": false}}, {"type": "Feature", "geometry": {"type": "Point", "coordinates": [85.12832, 25.605628]}, "properties": {"feature_type": "node", "node_id": 790, "degree": 3, "type": "intersection", "betweenness": 0.0007853046354607228, "is_critical": false, "is_articulation": false}}, {"type": "Feature", "geometry": {"type": "Point", "coordinates": [85.140345, 25.605745]}, "properties": {"feature_type": "node", "node_id": 791, "degree": 3, "type": "intersection", "betweenness": 0.06323541183062514, "is_critical": false, "is_articulation": true}}, {"type": "Feature", "geometry": {"type": "Point", "coordinates": [85.1372, 25.605687]}, "properties": {"feature_type": "node", "node_id": 792, "degree": 3, "type": "intersection", "betweenness": 0.014700123961310225, "is_critical": false, "is_articulation": false}}, {"type": "Feature", "geometry": {"type": "Point", "coordinates": [85.128202, 25.605554]}, "properties": {"feature_type": "node", "node_id": 793, "degree": 3, "type": "intersection", "betweenness": 0.06006823280496537, "is_critical": false, "is_articulation": false}}, {"type": "Feature", "geometry": {"type": "Point", "coordinates": [85.13728, 25.605688]}, "properties": {"feature_type": "node", "node_id": 794, "degree": 3, "type": "intersection", "betweenness": 0.01682239351334044, "is_critical": false, "is_articulation": false}}, {"type": "Feature", "geometry": {"type": "Point", "coordinates": [85.1416, 25.605707]}, "properties": {"feature_type": "node", "node_id": 795, "degree": 3, "type": "intersection", "betweenness": 0.0017653128995480712, "is_critical": false, "is_articulation": false}}, {"type": "Feature", "geometry": {"type": "Point", "coordinates": [85.128282, 25.605537]}, "properties": {"feature_type": "node", "node_id": 796, "degree": 3, "type": "intersection", "betweenness": 0.0008415523503973035, "is_critical": false, "is_articulation": false}}, {"type": "Feature", "geometry": {"type": "Point", "coordinates": [85.141501, 25.605688]}, "properties": {"feature_type": "node", "node_id": 797, "degree": 4, "type": "intersection", "betweenness": 0.02157532542548151, "is_critical": false, "is_articulation": false}}, {"type": "Feature", "geometry": {"type": "Point", "coordinates": [85.143512, 25.605713]}, "properties": {"feature_type": "node", "node_id": 798, "degree": 3, "type": "intersection", "betweenness": 0.010226267250200653, "is_critical": false, "is_articulation": true}}, {"type": "Feature", "geometry": {"type": "Point", "coordinates": [85.128044, 25.60548]}, "properties": {"feature_type": "node", "node_id": 799, "degree": 4, "type": "intersection", "betweenness": 0.026693867484710355, "is_critical": false, "is_articulation": false}}, {"type": "Feature", "geometry": {"type": "Point", "coordinates": [85.131348, 25.60554]}, "properties": {"feature_type": "node", "node_id": 800, "degree": 4, "type": "intersection", "betweenness": 0.04509985051088068, "is_critical": false, "is_articulation": false}}, {"type": "Feature", "geometry": {"type": "Point", "coordinates": [85.137181, 25.605615]}, "properties": {"feature_type": "node", "node_id": 801, "degree": 3, "type": "intersection", "betweenness": 0.014291246341194311, "is_critical": false, "is_articulation": false}}, {"type": "Feature", "geometry": {"type": "Point", "coordinates": [85.128163, 25.605482]}, "properties": {"feature_type": "node", "node_id": 802, "degree": 4, "type": "intersection", "betweenness": 0.06506562593971543, "is_critical": false, "is_articulation": false}}, {"type": "Feature", "geometry": {"type": "Point", "coordinates": [85.137261, 25.605616]}, "properties": {"feature_type": "node", "node_id": 803, "degree": 3, "type": "intersection", "betweenness": 0.015967860921034697, "is_critical": false, "is_articulation": false}}, {"type": "Feature", "geometry": {"type": "Point", "coordinates": [85.141382, 25.60565]}, "properties": {"feature_type": "node", "node_id": 804, "degree": 3, "type": "intersection", "betweenness": 0.00809967095086762, "is_critical": false, "is_articulation": false}}, {"type": "Feature", "geometry": {"type": "Point", "coordinates": [85.125038, 25.605441]}, "properties": {"feature_type": "node", "node_id": 805, "degree": 1, "type": "endpoint", "betweenness": 0.0, "is_critical": false, "is_articulation": false}}, {"type": "Feature", "geometry": {"type": "Point", "coordinates": [85.13981, 25.605612]}, "properties": {"feature_type": "node", "node_id": 806, "degree": 3, "type": "intersection", "betweenness": 0.06474111989200439, "is_critical": false, "is_articulation": true}}, {"type": "Feature", "geometry": {"type": "Point", "coordinates": [85.128244, 25.605446]}, "properties": {"feature_type": "node", "node_id": 807, "degree": 3, "type": "intersection", "betweenness": 0.018155031682607122, "is_critical": false, "is_articulation": false}}, {"type": "Feature", "geometry": {"type": "Point", "coordinates": [85.137163, 25.605542]}, "properties": {"feature_type": "node", "node_id": 808, "degree": 3, "type": "intersection", "betweenness": 0.013869388479169955, "is_critical": false, "is_articulation": false}}, {"type": "Feature", "geometry": {"type": "Point", "coordinates": [85.141543, 25.60558]}, "properties": {"feature_type": "node", "node_id": 809, "degree": 4, "type": "intersection", "betweenness": 0.017309152584907006, "is_critical": false, "is_articulation": false}}, {"type": "Feature", "geometry": {"type": "Point", "coordinates": [85.141622, 25.605581]}, "properties": {"feature_type": "node", "node_id": 810, "degree": 3, "type": "intersection", "betweenness": 0.003900021850073879, "is_critical": false, "is_articulation": false}}, {"type": "Feature", "geometry": {"type": "Point", "coordinates": [85.137242, 25.605525]}, "properties": {"feature_type": "node", "node_id": 811, "degree": 3, "type": "intersection", "betweenness": 0.017713703457720106, "is_critical": false, "is_articulation": false}}, {"type": "Feature", "geometry": {"type": "Point", "coordinates": [85.141403, 25.60556]}, "properties": {"feature_type": "node", "node_id": 812, "degree": 3, "type": "intersection", "betweenness": 0.006167778280161214, "is_critical": false, "is_articulation": true}}, {"type": "Feature", "geometry": {"type": "Point", "coordinates": [85.132207, 25.605407]}, "properties": {"feature_type": "node", "node_id": 813, "degree": 3, "type": "intersection", "betweenness": 0.0020530415951851956, "is_critical": false, "is_articulation": true}}, {"type": "Feature", "geometry": {"type": "Point", "coordinates": [85.137144, 25.605452]}, "properties": {"feature_type": "node", "node_id": 814, "degree": 3, "type": "intersection", "betweenness": 0.01127766684478443, "is_critical": false, "is_articulation": false}}, {"type": "Feature", "geometry": {"type": "Point", "coordinates": [85.137244, 25.605453]}, "properties": {"feature_type": "node", "node_id": 815, "degree": 3, "type": "intersection", "betweenness": 0.017650965621829304, "is_critical": false, "is_articulation": false}}, {"type": "Feature", "geometry": {"type": "Point", "coordinates": [85.139115, 25.605459]}, "properties": {"feature_type": "node", "node_id": 816, "degree": 3, "type": "intersection", "betweenness": 0.01893168282346222, "is_critical": false, "is_articulation": false}}, {"type": "Feature", "geometry": {"type": "Point", "coordinates": [85.14236, 25.605518]}, "properties": {"feature_type": "node", "node_id": 817, "degree": 3, "type": "intersection", "betweenness": 0.01632049082621403, "is_critical": false, "is_articulation": true}}, {"type": "Feature", "geometry": {"type": "Point", "coordinates": [85.127967, 25.60528]}, "properties": {"feature_type": "node", "node_id": 818, "degree": 3, "type": "intersection", "betweenness": 0.0028751235827198366, "is_critical": false, "is_articulation": false}}, {"type": "Feature", "geometry": {"type": "Point", "coordinates": [85.141564, 25.605454]}, "properties": {"feature_type": "node", "node_id": 819, "degree": 3, "type": "intersection", "betweenness": 0.010707077044225848, "is_critical": false, "is_articulation": false}}, {"type": "Feature", "geometry": {"type": "Point", "coordinates": [85.141644, 25.605473]}, "properties": {"feature_type": "node", "node_id": 820, "degree": 3, "type": "intersection", "betweenness": 0.0017647720561352195, "is_critical": false, "is_articulation": false}}, {"type": "Feature", "geometry": {"type": "Point", "coordinates": [85.130476, 25.605313]}, "properties": {"feature_type": "node", "node_id": 821, "degree": 1, "type": "endpoint", "betweenness": 0.0, "is_critical": false, "is_articulation": false}}, {"type": "Feature", "geometry": {"type": "Point", "coordinates": [85.130655, 25.605297]}, "properties": {"feature_type": "node", "node_id": 822, "degree": 3, "type": "intersection", "betweenness": 0.0024770628308609577, "is_critical": false, "is_articulation": true}}, {"type": "Feature", "geometry": {"type": "Point", "coordinates": [85.137225, 25.605381]}, "properties": {"feature_type": "node", "node_id": 823, "degree": 4, "type": "intersection", "betweenness": 0.018289160848994356, "is_critical": false, "is_articulation": false}}, {"type": "Feature", "geometry": {"type": "Point", "coordinates": [85.139156, 25.605369]}, "properties": {"feature_type": "node", "node_id": 824, "degree": 6, "type": "intersection", "betweenness": 0.069353432516804, "is_critical": false, "is_articulation": true}}, {"type": "Feature", "geometry": {"type": "Point", "coordinates": [85.144969, 25.605497]}, "properties": {"feature_type": "node", "node_id": 825, "degree": 1, "type": "endpoint", "betweenness": 0.0, "is_critical": false, "is_articulation": false}}, {"type": "Feature", "geometry": {"type": "Point", "coordinates": [85.128047, 25.605263]}, "properties": {"feature_type": "node", "node_id": 826, "degree": 3, "type": "intersection", "betweenness": 0.025460744503408395, "is_critical": false, "is_articulation": false}}, {"type": "Feature", "geometry": {"type": "Point", "coordinates": [85.137126, 25.605361]}, "properties": {"feature_type": "node", "node_id": 827, "degree": 3, "type": "intersection", "betweenness": 0.010855808982760074, "is_critical": false, "is_articulation": false}}, {"type": "Feature", "geometry": {"type": "Point", "coordinates": [85.125062, 25.605189]}, "properties": {"feature_type": "node", "node_id": 828, "degree": 1, "type": "endpoint", "betweenness": 0.0, "is_critical": false, "is_articulation": false}}, {"type": "Feature", "geometry": {"type": "Point", "coordinates": [85.127929, 25.605172]}, "properties": {"feature_type": "node", "node_id": 829, "degree": 4, "type": "intersection", "betweenness": 0.000817755240231827, "is_critical": false, "is_articulation": false}}, {"type": "Feature", "geometry": {"type": "Point", "coordinates": [85.138958, 25.605312]}, "properties": {"feature_type": "node", "node_id": 830, "degree": 5, "type": "intersection", "betweenness": 0.06769412492617487, "is_critical": false, "is_articulation": true}}, {"type": "Feature", "geometry": {"type": "Point", "coordinates": [85.141586, 25.605346]}, "properties": {"feature_type": "node", "node_id": 831, "degree": 3, "type": "intersection", "betweenness": 0.008675669185554721, "is_critical": false, "is_articulation": false}}, {"type": "Feature", "geometry": {"type": "Point", "coordinates": [85.141666, 25.605347]}, "properties": {"feature_type": "node", "node_id": 832, "degree": 3, "type": "intersection", "betweenness": 0.0004672887087039012, "is_critical": false, "is_articulation": false}}, {"type": "Feature", "geometry": {"type": "Point", "coordinates": [85.128009, 25.605173]}, "properties": {"feature_type": "node", "node_id": 833, "degree": 3, "type": "intersection", "betweenness": 0.023489911106976662, "is_critical": false, "is_articulation": false}}, {"type": "Feature", "geometry": {"type": "Point", "coordinates": [85.130477, 25.605204]}, "properties": {"feature_type": "node", "node_id": 834, "degree": 1, "type": "endpoint", "betweenness": 0.0, "is_critical": false, "is_articulation": false}}, {"type": "Feature", "geometry": {"type": "Point", "coordinates": [85.130677, 25.605189]}, "properties": {"feature_type": "node", "node_id": 835, "degree": 3, "type": "intersection", "betweenness": 0.0029183910557479755, "is_critical": false, "is_articulation": true}}, {"type": "Feature", "geometry": {"type": "Point", "coordinates": [85.137107, 25.605271]}, "properties": {"feature_type": "node", "node_id": 836, "degree": 3, "type": "intersection", "betweenness": 0.009717874442120019, "is_critical": false, "is_articulation": false}}, {"type": "Feature", "geometry": {"type": "Point", "coordinates": [85.140432, 25.605313]}, "properties": {"feature_type": "node", "node_id": 837, "degree": 3, "type": "intersection", "betweenness": 0.004103919816718984, "is_critical": false, "is_articulation": true}}, {"type": "Feature", "geometry": {"type": "Point", "coordinates": [85.144612, 25.605366]}, "properties": {"feature_type": "node", "node_id": 838, "degree": 1, "type": "endpoint", "betweenness": 0.0, "is_critical": false, "is_articulation": false}}, {"type": "Feature", "geometry": {"type": "Point", "coordinates": [85.137187, 25.605254]}, "properties": {"feature_type": "node", "node_id": 839, "degree": 3, "type": "intersection", "betweenness": 0.002805895625874814, "is_critical": false, "is_articulation": false}}, {"type": "Feature", "geometry": {"type": "Point", "coordinates": [85.127931, 25.605081]}, "properties": {"feature_type": "node", "node_id": 840, "degree": 5, "type": "intersection", "betweenness": 0.02236495680824505, "is_critical": false, "is_articulation": false}}, {"type": "Feature", "geometry": {"type": "Point", "coordinates": [85.133246, 25.605131]}, "properties": {"feature_type": "node", "node_id": 841, "degree": 3, "type": "intersection", "betweenness": 0.0943490516851599, "is_critical": true, "is_articulation": false}}, {"type": "Feature", "geometry": {"type": "Point", "coordinates": [85.143618, 25.605263]}, "properties": {"feature_type": "node", "node_id": 842, "degree": 4, "type": "intersection", "betweenness": 0.0020530415951851956, "is_critical": false, "is_articulation": true}}, {"type": "Feature", "geometry": {"type": "Point", "coordinates": [85.141687, 25.605221]}, "properties": {"feature_type": "node", "node_id": 843, "degree": 3, "type": "intersection", "betweenness": 0.0003569566524821467, "is_critical": false, "is_articulation": false}}, {"type": "Feature", "geometry": {"type": "Point", "coordinates": [85.125542, 25.605015]}, "properties": {"feature_type": "node", "node_id": 844, "degree": 3, "type": "intersection", "betweenness": 0.008166735534061236, "is_critical": false, "is_articulation": true}}, {"type": "Feature", "geometry": {"type": "Point", "coordinates": [85.141628, 25.60522]}, "properties": {"feature_type": "node", "node_id": 845, "degree": 3, "type": "intersection", "betweenness": 0.005789187891164998, "is_critical": false, "is_articulation": false}}, {"type": "Feature", "geometry": {"type": "Point", "coordinates": [85.138383, 25.605161]}, "properties": {"feature_type": "node", "node_id": 846, "degree": 3, "type": "intersection", "betweenness": 0.06910031779958939, "is_critical": false, "is_articulation": true}}, {"type": "Feature", "geometry": {"type": "Point", "coordinates": [85.140712, 25.60519]}, "properties": {"feature_type": "node", "node_id": 847, "degree": 1, "type": "endpoint", "betweenness": 0.0, "is_critical": false, "is_articulation": false}}, {"type": "Feature", "geometry": {"type": "Point", "coordinates": [85.127874, 25.6049]}, "properties": {"feature_type": "node", "node_id": 848, "degree": 3, "type": "intersection", "betweenness": 0.020867902241471437, "is_critical": false, "is_articulation": false}}, {"type": "Feature", "geometry": {"type": "Point", "coordinates": [85.137707, 25.60508]}, "properties": {"feature_type": "node", "node_id": 849, "degree": 7, "type": "intersection", "betweenness": 0.07243840334371031, "is_critical": false, "is_articulation": true}}, {"type": "Feature", "geometry": {"type": "Point", "coordinates": [85.128092, 25.604957]}, "properties": {"feature_type": "node", "node_id": 850, "degree": 3, "type": "intersection", "betweenness": 0.025953993695929177, "is_critical": false, "is_articulation": false}}, {"type": "Feature", "geometry": {"type": "Point", "coordinates": [85.144954, 25.605172]}, "properties": {"feature_type": "node", "node_id": 851, "degree": 1, "type": "endpoint", "betweenness": 0.0, "is_critical": false, "is_articulation": false}}, {"type": "Feature", "geometry": {"type": "Point", "coordinates": [85.131118, 25.604978]}, "properties": {"feature_type": "node", "node_id": 852, "degree": 3, "type": "intersection", "betweenness": 0.037476121763322594, "is_critical": false, "is_articulation": false}}, {"type": "Feature", "geometry": {"type": "Point", "coordinates": [85.140395, 25.605096]}, "properties": {"feature_type": "node", "node_id": 853, "degree": 1, "type": "endpoint", "betweenness": 0.0, "is_critical": false, "is_articulation": false}}, {"type": "Feature", "geometry": {"type": "Point", "coordinates": [85.130342, 25.60495]}, "properties": {"feature_type": "node", "node_id": 854, "degree": 1, "type": "endpoint", "betweenness": 0.0, "is_critical": false, "is_articulation": false}}, {"type": "Feature", "geometry": {"type": "Point", "coordinates": [85.14167, 25.605094]}, "properties": {"feature_type": "node", "node_id": 855, "degree": 3, "type": "intersection", "betweenness": 0.0020530415951851956, "is_critical": false, "is_articulation": true}}, {"type": "Feature", "geometry": {"type": "Point", "coordinates": [85.126163, 25.604824]}, "properties": {"feature_type": "node", "node_id": 856, "degree": 4, "type": "intersection", "betweenness": 0.018330264948371085, "is_critical": false, "is_articulation": true}}, {"type": "Feature", "geometry": {"type": "Point", "coordinates": [85.130562, 25.604898]}, "properties": {"feature_type": "node", "node_id": 857, "degree": 3, "type": "intersection", "betweenness": 0.0020530415951851956, "is_critical": false, "is_articulation": true}}, {"type": "Feature", "geometry": {"type": "Point", "coordinates": [85.140834, 25.605029]}, "properties": {"feature_type": "node", "node_id": 858, "degree": 1, "type": "endpoint", "betweenness": 0.0, "is_critical": false, "is_articulation": false}}, {"type": "Feature", "geometry": {"type": "Point", "coordinates": [85.142427, 25.605032]}, "properties": {"feature_type": "node", "node_id": 859, "degree": 3, "type": "intersection", "betweenness": 0.0020530415951851956, "is_critical": false, "is_articulation": true}}, {"type": "Feature", "geometry": {"type": "Point", "coordinates": [85.130761, 25.604865]}, "properties": {"feature_type": "node", "node_id": 860, "degree": 3, "type": "intersection", "betweenness": 0.0024402854787870395, "is_critical": false, "is_articulation": false}}, {"type": "Feature", "geometry": {"type": "Point", "coordinates": [85.134286, 25.604856]}, "properties": {"feature_type": "node", "node_id": 861, "degree": 3, "type": "intersection", "betweenness": 0.07470129218308198, "is_critical": false, "is_articulation": false}}, {"type": "Feature", "geometry": {"type": "Point", "coordinates": [85.133092, 25.604822]}, "properties": {"feature_type": "node", "node_id": 862, "degree": 3, "type": "intersection", "betweenness": 0.021635899887720907, "is_critical": false, "is_articulation": true}}, {"type": "Feature", "geometry": {"type": "Point", "coordinates": [85.131041, 25.604796]}, "properties": {"feature_type": "node", "node_id": 863, "degree": 3, "type": "intersection", "betweenness": 0.03278160093976951, "is_critical": false, "is_articulation": false}}, {"type": "Feature", "geometry": {"type": "Point", "coordinates": [85.128752, 25.604731]}, "properties": {"feature_type": "node", "node_id": 864, "degree": 3, "type": "intersection", "betweenness": 0.0230658898713009, "is_critical": false, "is_articulation": true}}, {"type": "Feature", "geometry": {"type": "Point", "coordinates": [85.141892, 25.60488]}, "properties": {"feature_type": "node", "node_id": 865, "degree": 1, "type": "endpoint", "betweenness": 0.0, "is_critical": false, "is_articulation": false}}, {"type": "Feature", "geometry": {"type": "Point", "coordinates": [85.12505, 25.604647]}, "properties": {"feature_type": "node", "node_id": 866, "degree": 1, "type": "endpoint", "betweenness": 0.0, "is_critical": false, "is_articulation": false}}, {"type": "Feature", "geometry": {"type": "Point", "coordinates": [85.130545, 25.6047]}, "properties": {"feature_type": "node", "node_id": 867, "degree": 3, "type": "intersection", "betweenness": 0.029432698527391554, "is_critical": false, "is_articulation": false}}, {"type": "Feature", "geometry": {"type": "Point", "coordinates": [85.137154, 25.604784]}, "properties": {"feature_type": "node", "node_id": 868, "degree": 3, "type": "intersection", "betweenness": 0.060433842952053146, "is_critical": false, "is_articulation": false}}, {"type": "Feature", "geometry": {"type": "Point", "coordinates": [85.130764, 25.604684]}, "properties": {"feature_type": "node", "node_id": 869, "degree": 4, "type": "intersection", "betweenness": 0.029367797317849345, "is_critical": false, "is_articulation": true}}, {"type": "Feature", "geometry": {"type": "Point", "coordinates": [85.137294, 25.604786]}, "properties": {"feature_type": "node", "node_id": 870, "degree": 3, "type": "intersection", "betweenness": 0.057242866816227894, "is_critical": false, "is_articulation": false}}, {"type": "Feature", "geometry": {"type": "Point", "coordinates": [85.137035, 25.604764]}, "properties": {"feature_type": "node", "node_id": 871, "degree": 3, "type": "intersection", "betweenness": 0.06999595449127187, "is_critical": false, "is_articulation": false}}, {"type": "Feature", "geometry": {"type": "Point", "coordinates": [85.12535, 25.604561]}, "properties": {"feature_type": "node", "node_id": 872, "degree": 4, "type": "intersection", "betweenness": 0.0041125733113246115, "is_critical": false, "is_articulation": true}}, {"type": "Feature", "geometry": {"type": "Point", "coordinates": [85.130944, 25.604651]}, "properties": {"feature_type": "node", "node_id": 873, "degree": 3, "type": "intersection", "betweenness": 0.029437025274694367, "is_critical": false, "is_articulation": true}}, {"type": "Feature", "geometry": {"type": "Point", "coordinates": [85.129073, 25.60459]}, "properties": {"feature_type": "node", "node_id": 874, "degree": 3, "type": "intersection", "betweenness": 0.022884166484582715, "is_critical": false, "is_articulation": true}}, {"type": "Feature", "geometry": {"type": "Point", "coordinates": [85.131661, 25.604624]}, "properties": {"feature_type": "node", "node_id": 875, "degree": 1, "type": "endpoint", "betweenness": 0.0, "is_critical": false, "is_articulation": false}}, {"type": "Feature", "geometry": {"type": "Point", "coordinates": [85.12774, 25.604537]}, "properties": {"feature_type": "node", "node_id": 876, "degree": 3, "type": "intersection", "betweenness": 0.02040710365372176, "is_critical": false, "is_articulation": false}}, {"type": "Feature", "geometry": {"type": "Point", "coordinates": [85.141537, 25.604677]}, "properties": {"feature_type": "node", "node_id": 877, "degree": 3, "type": "intersection", "betweenness": 0.004103919816718984, "is_critical": false, "is_articulation": true}}, {"type": "Feature", "geometry": {"type": "Point", "coordinates": [85.12786, 25.604503]}, "properties": {"feature_type": "node", "node_id": 878, "degree": 3, "type": "intersection", "betweenness": 0.009981806027591666, "is_critical": false, "is_articulation": false}}, {"type": "Feature", "geometry": {"type": "Point", "coordinates": [85.132938, 25.604495]}, "properties": {"feature_type": "node", "node_id": 879, "degree": 3, "type": "intersection", "betweenness": 0.018321611453765457, "is_critical": false, "is_articulation": true}}, {"type": "Feature", "geometry": {"type": "Point", "coordinates": [85.127702, 25.604428]}, "properties": {"feature_type": "node", "node_id": 880, "degree": 4, "type": "intersection", "betweenness": 0.01786730298697, "is_critical": false, "is_articulation": false}}, {"type": "Feature", "geometry": {"type": "Point", "coordinates": [85.129514, 25.604416]}, "properties": {"feature_type": "node", "node_id": 881, "degree": 3, "type": "intersection", "betweenness": 0.02924448501971915, "is_critical": false, "is_articulation": false}}, {"type": "Feature", "geometry": {"type": "Point", "coordinates": [85.125971, 25.604352]}, "properties": {"feature_type": "node", "node_id": 882, "degree": 4, "type": "intersection", "betweenness": 0.0020660218370936374, "is_critical": false, "is_articulation": true}}, {"type": "Feature", "geometry": {"type": "Point", "coordinates": [85.127802, 25.604376]}, "properties": {"feature_type": "node", "node_id": 883, "degree": 4, "type": "intersection", "betweenness": 0.006516081438037733, "is_critical": false, "is_articulation": false}}, {"type": "Feature", "geometry": {"type": "Point", "coordinates": [85.136721, 25.604508]}, "properties": {"feature_type": "node", "node_id": 884, "degree": 3, "type": "intersection", "betweenness": 0.07011277666844784, "is_critical": false, "is_articulation": false}}, {"type": "Feature", "geometry": {"type": "Point", "coordinates": [85.127723, 25.604338]}, "properties": {"feature_type": "node", "node_id": 885, "degree": 6, "type": "intersection", "betweenness": 0.022367120181896457, "is_critical": false, "is_articulation": true}}, {"type": "Feature", "geometry": {"type": "Point", "coordinates": [85.13288, 25.604386]}, "properties": {"feature_type": "node", "node_id": 886, "degree": 4, "type": "intersection", "betweenness": 0.016303183837002775, "is_critical": false, "is_articulation": true}}, {"type": "Feature", "geometry": {"type": "Point", "coordinates": [85.136284, 25.604394]}, "properties": {"feature_type": "node", "node_id": 887, "degree": 4, "type": "intersection", "betweenness": 0.07045675307902155, "is_critical": false, "is_articulation": false}}, {"type": "Feature", "geometry": {"type": "Point", "coordinates": [85.13083, 25.604324]}, "properties": {"feature_type": "node", "node_id": 888, "degree": 1, "type": "endpoint", "betweenness": 0.0, "is_critical": false, "is_articulation": false}}, {"type": "Feature", "geometry": {"type": "Point", "coordinates": [85.132782, 25.604277]}, "properties": {"feature_type": "node", "node_id": 889, "degree": 4, "type": "intersection", "betweenness": 0.002042224726928161, "is_critical": false, "is_articulation": false}}, {"type": "Feature", "geometry": {"type": "Point", "coordinates": [85.132901, 25.604314]}, "properties": {"feature_type": "node", "node_id": 890, "degree": 3, "type": "intersection", "betweenness": 0.010200306766383768, "is_critical": false, "is_articulation": false}}, {"type": "Feature", "geometry": {"type": "Point", "coordinates": [85.127686, 25.604194]}, "properties": {"feature_type": "node", "node_id": 891, "degree": 5, "type": "intersection", "betweenness": 0.018338918442976714, "is_critical": false, "is_articulation": true}}, {"type": "Feature", "geometry": {"type": "Point", "coordinates": [85.132882, 25.60426]}, "properties": {"feature_type": "node", "node_id": 892, "degree": 3, "type": "intersection", "betweenness": 0.00817106228136405, "is_critical": false, "is_articulation": false}}, {"type": "Feature", "geometry": {"type": "Point", "coordinates": [85.126452, 25.60416]}, "properties": {"feature_type": "node", "node_id": 893, "degree": 3, "type": "intersection", "betweenness": 0.0020530415951851956, "is_critical": false, "is_articulation": true}}, {"type": "Feature", "geometry": {"type": "Point", "coordinates": [85.130573, 25.604212]}, "properties": {"feature_type": "node", "node_id": 894, "degree": 1, "type": "endpoint", "betweenness": 0.0, "is_critical": false, "is_articulation": false}}, {"type": "Feature", "geometry": {"type": "Point", "coordinates": [85.134615, 25.60421]}, "properties": {"feature_type": "node", "node_id": 895, "degree": 3, "type": "intersection", "betweenness": 0.0107389868055841, "is_critical": false, "is_articulation": false}}, {"type": "Feature", "geometry": {"type": "Point", "coordinates": [85.132763, 25.604168]}, "properties": {"feature_type": "node", "node_id": 896, "degree": 3, "type": "intersection", "betweenness": 6.49012095422085e-06, "is_critical": false, "is_articulation": false}}, {"type": "Feature", "geometry": {"type": "Point", "coordinates": [85.132863, 25.60417]}, "properties": {"feature_type": "node", "node_id": 897, "degree": 3, "type": "intersection", "betweenness": 0.00613532767539011, "is_critical": false, "is_articulation": false}}, {"type": "Feature", "geometry": {"type": "Point", "coordinates": [85.144012, 25.604293]}, "properties": {"feature_type": "node", "node_id": 898, "degree": 1, "type": "endpoint", "betweenness": 0.0, "is_critical": false, "is_articulation": false}}, {"type": "Feature", "geometry": {"type": "Point", "coordinates": [85.134716, 25.604103]}, "properties": {"feature_type": "node", "node_id": 899, "degree": 3, "type": "intersection", "betweenness": 0.010146222425098595, "is_critical": false, "is_articulation": false}}, {"type": "Feature", "geometry": {"type": "Point", "coordinates": [85.139374, 25.604162]}, "properties": {"feature_type": "node", "node_id": 900, "degree": 1, "type": "endpoint", "betweenness": 0.0, "is_critical": false, "is_articulation": false}}, {"type": "Feature", "geometry": {"type": "Point", "coordinates": [85.132786, 25.604024]}, "properties": {"feature_type": "node", "node_id": 901, "degree": 4, "type": "intersection", "betweenness": 0.004101756443067577, "is_critical": false, "is_articulation": true}}, {"type": "Feature", "geometry": {"type": "Point", "coordinates": [85.135473, 25.604076]}, "properties": {"feature_type": "node", "node_id": 902, "degree": 3, "type": "intersection", "betweenness": 0.009352264295032244, "is_critical": false, "is_articulation": false}}, {"type": "Feature", "geometry": {"type": "Point", "coordinates": [85.138519, 25.604115]}, "properties": {"feature_type": "node", "node_id": 903, "degree": 1, "type": "endpoint", "betweenness": 0.0, "is_critical": false, "is_articulation": false}}, {"type": "Feature", "geometry": {"type": "Point", "coordinates": [85.135454, 25.604022]}, "properties": {"feature_type": "node", "node_id": 904, "degree": 3, "type": "intersection", "betweenness": 0.005295938698644214, "is_critical": false, "is_articulation": false}}, {"type": "Feature", "geometry": {"type": "Point", "coordinates": [85.134121, 25.603969]}, "properties": {"feature_type": "node", "node_id": 905, "degree": 3, "type": "intersection", "betweenness": 0.00021417399148928803, "is_critical": false, "is_articulation": false}}, {"type": "Feature", "geometry": {"type": "Point", "coordinates": [85.125043, 25.603835]}, "properties": {"feature_type": "node", "node_id": 906, "degree": 1, "type": "endpoint", "betweenness": 0.0, "is_critical": false, "is_articulation": false}}, {"type": "Feature", "geometry": {"type": "Point", "coordinates": [85.127552, 25.603831]}, "properties": {"feature_type": "node", "node_id": 907, "degree": 4, "type": "intersection", "betweenness": 0.014293409714845717, "is_critical": false, "is_articulation": true}}, {"type": "Feature", "geometry": {"type": "Point", "coordinates": [85.127513, 25.60374]}, "properties": {"feature_type": "node", "node_id": 908, "degree": 4, "type": "intersection", "betweenness": 0.010230593997503467, "is_critical": false, "is_articulation": true}}, {"type": "Feature", "geometry": {"type": "Point", "coordinates": [85.132829, 25.603772]}, "properties": {"feature_type": "node", "node_id": 909, "degree": 3, "type": "intersection", "betweenness": 0.0020530415951851956, "is_critical": false, "is_articulation": true}}, {"type": "Feature", "geometry": {"type": "Point", "coordinates": [85.13488, 25.603798]}, "properties": {"feature_type": "node", "node_id": 910, "degree": 4, "type": "intersection", "betweenness": 0.002156883530452729, "is_critical": false, "is_articulation": true}}, {"type": "Feature", "geometry": {"type": "Point", "coordinates": [85.127456, 25.603595]}, "properties": {"feature_type": "node", "node_id": 911, "degree": 6, "type": "intersection", "betweenness": 0.006152634664601366, "is_critical": false, "is_articulation": true}}, {"type": "Feature", "geometry": {"type": "Point", "coordinates": [85.135718, 25.6037]}, "properties": {"feature_type": "node", "node_id": 912, "degree": 4, "type": "intersection", "betweenness": 0.004103919816718984, "is_critical": false, "is_articulation": true}}, {"type": "Feature", "geometry": {"type": "Point", "coordinates": [85.125605, 25.603517]}, "properties": {"feature_type": "node", "node_id": 913, "degree": 1, "type": "endpoint", "betweenness": 0.0, "is_critical": false, "is_articulation": false}}, {"type": "Feature", "geometry": {"type": "Point", "coordinates": [85.126303, 25.603508]}, "properties": {"feature_type": "node", "node_id": 914, "degree": 1, "type": "endpoint", "betweenness": 0.0, "is_critical": false, "is_articulation": false}}, {"type": "Feature", "geometry": {"type": "Point", "coordinates": [85.127258, 25.60352]}, "properties": {"feature_type": "node", "node_id": 915, "degree": 1, "type": "endpoint", "betweenness": 0.0, "is_critical": false, "is_articulation": false}}, {"type": "Feature", "geometry": {"type": "Point", "coordinates": [85.132972, 25.603557]}, "properties": {"feature_type": "node", "node_id": 916, "degree": 1, "type": "endpoint", "betweenness": 0.0, "is_critical": false, "is_articulation": false}}, {"type": "Feature", "geometry": {"type": "Point", "coordinates": [85.142986, 25.603685]}, "properties": {"feature_type": "node", "node_id": 918, "degree": 1, "type": "endpoint", "betweenness": 0.0, "is_critical": false, "is_articulation": false}}, {"type": "Feature", "geometry": {"type": "Point", "coordinates": [85.135043, 25.603529]}, "properties": {"feature_type": "node", "node_id": 921, "degree": 1, "type": "endpoint", "betweenness": 0.0, "is_critical": false, "is_articulation": false}}, {"type": "Feature", "geometry": {"type": "Point", "coordinates": [85.135362, 25.603515]}, "properties": {"feature_type": "node", "node_id": 922, "degree": 1, "type": "endpoint", "betweenness": 0.0, "is_critical": false, "is_articulation": false}}, {"type": "Feature", "geometry": {"type": "Point", "coordinates": [85.135761, 25.603502]}, "properties": {"feature_type": "node", "node_id": 923, "degree": 1, "type": "endpoint", "betweenness": 0.0, "is_critical": false, "is_articulation": false}}, {"type": "Feature", "geometry": {"type": "Point", "coordinates": [85.141774, 25.603507]}, "properties": {"feature_type": "node", "node_id": 924, "degree": 1, "type": "endpoint", "betweenness": 0.0, "is_critical": false, "is_articulation": false}}, {"type": "Feature", "geometry": {"type": "Point", "coordinates": [85.141933, 25.603509]}, "properties": {"feature_type": "node", "node_id": 925, "degree": 1, "type": "endpoint", "betweenness": 0.0, "is_critical": false, "is_articulation": false}}, {"type": "Feature", "geometry": {"type": "Point", "coordinates": [85.138678, 25.6208]}, "properties": {"feature_type": "node", "node_id": 927, "degree": 2, "type": "intersection", "betweenness": 0.0, "is_critical": false, "is_articulation": false}}, {"type": "Feature", "geometry": {"type": "Point", "coordinates": [85.139257, 25.620717]}, "properties": {"feature_type": "node", "node_id": 928, "degree": 2, "type": "intersection", "betweenness": 0.0, "is_critical": false, "is_articulation": false}}, {"type": "Feature", "geometry": {"type": "Point", "coordinates": [85.139377, 25.6207]}, "properties": {"feature_type": "node", "node_id": 929, "degree": 2, "type": "intersection", "betweenness": 0.0, "is_critical": false, "is_articulation": false}}, {"type": "Feature", "geometry": {"type": "Point", "coordinates": [85.141013, 25.620468]}, "properties": {"feature_type": "node", "node_id": 930, "degree": 2, "type": "intersection", "betweenness": 0.0, "is_critical": false, "is_articulation": false}}, {"type": "Feature", "geometry": {"type": "Point", "coordinates": [85.141652, 25.617823]}, "properties": {"feature_type": "node", "node_id": 931, "degree": 2, "type": "intersection", "betweenness": 0.0, "is_critical": false, "is_articulation": false}}, {"type": "Feature", "geometry": {"type": "Point", "coordinates": [85.132521, 25.6164]}, "properties": {"feature_type": "node", "node_id": 932, "degree": 2, "type": "intersection", "betweenness": 0.0, "is_critical": false, "is_articulation": false}}, {"type": "Feature", "geometry": {"type": "Point", "coordinates": [85.132438, 25.616134]}, "properties": {"feature_type": "node", "node_id": 933, "degree": 2, "type": "intersection", "betweenness": 0.0, "is_critical": false, "is_articulation": false}}, {"type": "Feature", "geometry": {"type": "Point", "coordinates": [85.131944, 25.610784]}, "properties": {"feature_type": "node", "node_id": 934, "degree": 2, "type": "intersection", "betweenness": 0.0, "is_critical": false, "is_articulation": false}}, {"type": "Feature", "geometry": {"type": "Point", "coordinates": [85.132044, 25.610767]}, "properties": {"feature_type": "node", "node_id": 935, "degree": 2, "type": "intersection", "betweenness": 0.0, "is_critical": false, "is_articulation": false}}, {"type": "Feature", "geometry": {"type": "Point", "coordinates": [85.132124, 25.61075]}, "properties": {"feature_type": "node", "node_id": 936, "degree": 2, "type": "intersection", "betweenness": 0.0, "is_critical": false, "is_articulation": false}}, {"type": "Feature", "geometry": {"type": "Point", "coordinates": [85.138016, 25.610861]}, "properties": {"feature_type": "node", "node_id": 937, "degree": 2, "type": "intersection", "betweenness": 0.0, "is_critical": false, "is_articulation": false}}, {"type": "Feature", "geometry": {"type": "Point", "coordinates": [85.137937, 25.610788]}, "properties": {"feature_type": "node", "node_id": 938, "degree": 2, "type": "intersection", "betweenness": 0.0, "is_critical": false, "is_articulation": false}}, {"type": "Feature", "geometry": {"type": "Point", "coordinates": [85.132303, 25.610716]}, "properties": {"feature_type": "node", "node_id": 939, "degree": 2, "type": "intersection", "betweenness": 0.0, "is_critical": false, "is_articulation": false}}, {"type": "Feature", "geometry": {"type": "Point", "coordinates": [85.13434, 25.610345]}, "properties": {"feature_type": "node", "node_id": 940, "degree": 2, "type": "intersection", "betweenness": 0.0, "is_critical": false, "is_articulation": false}}, {"type": "Feature", "geometry": {"type": "Point", "coordinates": [85.134639, 25.610313]}, "properties": {"feature_type": "node", "node_id": 941, "degree": 2, "type": "intersection", "betweenness": 0.0, "is_critical": false, "is_articulation": false}}, {"type": "Feature", "geometry": {"type": "Point", "coordinates": [85.134779, 25.610296]}, "properties": {"feature_type": "node", "node_id": 942, "degree": 2, "type": "intersection", "betweenness": 0.0, "is_critical": false, "is_articulation": false}}, {"type": "Feature", "geometry": {"type": "Point", "coordinates": [85.135078, 25.610264]}, "properties": {"feature_type": "node", "node_id": 943, "degree": 2, "type": "intersection", "betweenness": 0.0, "is_critical": false, "is_articulation": false}}, {"type": "Feature", "geometry": {"type": "Point", "coordinates": [85.13785, 25.610029]}, "properties": {"feature_type": "node", "node_id": 944, "degree": 2, "type": "intersection", "betweenness": 0.0, "is_critical": false, "is_articulation": false}}, {"type": "Feature", "geometry": {"type": "Point", "coordinates": [85.137712, 25.609937]}, "properties": {"feature_type": "node", "node_id": 945, "degree": 2, "type": "intersection", "betweenness": 0.0, "is_critical": false, "is_articulation": false}}, {"type": "Feature", "geometry": {"type": "Point", "coordinates": [85.129677, 25.609274]}, "properties": {"feature_type": "node", "node_id": 946, "degree": 2, "type": "intersection", "betweenness": 0.0, "is_critical": false, "is_articulation": false}}, {"type": "Feature", "geometry": {"type": "Point", "coordinates": [85.129659, 25.609148]}, "properties": {"feature_type": "node", "node_id": 947, "degree": 2, "type": "intersection", "betweenness": 0.0, "is_critical": false, "is_articulation": false}}, {"type": "Feature", "geometry": {"type": "Point", "coordinates": [85.142222, 25.609272]}, "properties": {"feature_type": "node", "node_id": 948, "degree": 2, "type": "intersection", "betweenness": 0.0, "is_critical": false, "is_articulation": false}}, {"type": "Feature", "geometry": {"type": "Point", "coordinates": [85.129564, 25.608912]}, "properties": {"feature_type": "node", "node_id": 949, "degree": 2, "type": "intersection", "betweenness": 0.0, "is_critical": false, "is_articulation": false}}, {"type": "Feature", "geometry": {"type": "Point", "coordinates": [85.129525, 25.608821]}, "properties": {"feature_type": "node", "node_id": 950, "degree": 2, "type": "intersection", "betweenness": 0.0, "is_critical": false, "is_articulation": false}}, {"type": "Feature", "geometry": {"type": "Point", "coordinates": [85.129526, 25.608767]}, "properties": {"feature_type": "node", "node_id": 951, "degree": 2, "type": "intersection", "betweenness": 0.0, "is_critical": false, "is_articulation": false}}, {"type": "Feature", "geometry": {"type": "Point", "coordinates": [85.129627, 25.60866]}, "properties": {"feature_type": "node", "node_id": 952, "degree": 2, "type": "intersection", "betweenness": 0.0, "is_critical": false, "is_articulation": false}}, {"type": "Feature", "geometry": {"type": "Point", "coordinates": [85.129567, 25.608659]}, "properties": {"feature_type": "node", "node_id": 953, "degree": 2, "type": "intersection", "betweenness": 0.0, "is_critical": false, "is_articulation": false}}, {"type": "Feature", "geometry": {"type": "Point", "coordinates": [85.129589, 25.608569]}, "properties": {"feature_type": "node", "node_id": 954, "degree": 2, "type": "intersection", "betweenness": 0.0, "is_critical": false, "is_articulation": false}}, {"type": "Feature", "geometry": {"type": "Point", "coordinates": [85.129529, 25.608568]}, "properties": {"feature_type": "node", "node_id": 955, "degree": 2, "type": "intersection", "betweenness": 0.0, "is_critical": false, "is_articulation": false}}, {"type": "Feature", "geometry": {"type": "Point", "coordinates": [85.133692, 25.608513]}, "properties": {"feature_type": "node", "node_id": 956, "degree": 2, "type": "intersection", "betweenness": 0.0, "is_critical": false, "is_articulation": false}}, {"type": "Feature", "geometry": {"type": "Point", "coordinates": [85.129433, 25.608332]}, "properties": {"feature_type": "node", "node_id": 957, "degree": 2, "type": "intersection", "betweenness": 0.0, "is_critical": false, "is_articulation": false}}, {"type": "Feature", "geometry": {"type": "Point", "coordinates": [85.129454, 25.608242]}, "properties": {"feature_type": "node", "node_id": 958, "degree": 2, "type": "intersection", "betweenness": 0.0, "is_critical": false, "is_articulation": false}}, {"type": "Feature", "geometry": {"type": "Point", "coordinates": [85.129395, 25.608242]}, "properties": {"feature_type": "node", "node_id": 959, "degree": 2, "type": "intersection", "betweenness": 0.0, "is_critical": false, "is_articulation": false}}, {"type": "Feature", "geometry": {"type": "Point", "coordinates": [85.129416, 25.608152]}, "properties": {"feature_type": "node", "node_id": 960, "degree": 2, "type": "intersection", "betweenness": 0.0, "is_critical": false, "is_articulation": false}}, {"type": "Feature", "geometry": {"type": "Point", "coordinates": [85.129356, 25.608151]}, "properties": {"feature_type": "node", "node_id": 961, "degree": 2, "type": "intersection", "betweenness": 0.0, "is_critical": false, "is_articulation": false}}, {"type": "Feature", "geometry": {"type": "Point", "coordinates": [85.141708, 25.607767]}, "properties": {"feature_type": "node", "node_id": 962, "degree": 2, "type": "intersection", "betweenness": 0.0, "is_critical": false, "is_articulation": false}}, {"type": "Feature", "geometry": {"type": "Point", "coordinates": [85.133758, 25.608063]}, "properties": {"feature_type": "node", "node_id": 963, "degree": 2, "type": "intersection", "betweenness": 0.0, "is_critical": false, "is_articulation": false}}, {"type": "Feature", "geometry": {"type": "Point", "coordinates": [85.129282, 25.607832]}, "properties": {"feature_type": "node", "node_id": 964, "degree": 2, "type": "intersection", "betweenness": 0.0, "is_critical": false, "is_articulation": false}}, {"type": "Feature", "geometry": {"type": "Point", "coordinates": [85.129126, 25.607606]}, "properties": {"feature_type": "node", "node_id": 965, "degree": 2, "type": "intersection", "betweenness": 0.0, "is_critical": false, "is_articulation": false}}, {"type": "Feature", "geometry": {"type": "Point", "coordinates": [85.142857, 25.606879]}, "properties": {"feature_type": "node", "node_id": 966, "degree": 2, "type": "intersection", "betweenness": 0.0, "is_critical": false, "is_articulation": false}}, {"type": "Feature", "geometry": {"type": "Point", "coordinates": [85.142648, 25.606813]}, "properties": {"feature_type": "node", "node_id": 967, "degree": 2, "type": "intersection", "betweenness": 0.0, "is_critical": false, "is_articulation": false}}, {"type": "Feature", "geometry": {"type": "Point", "coordinates": [85.142561, 25.606676]}, "properties": {"feature_type": "node", "node_id": 968, "degree": 2, "type": "intersection", "betweenness": 0.0, "is_critical": false, "is_articulation": false}}, {"type": "Feature", "geometry": {"type": "Point", "coordinates": [85.142621, 25.606659]}, "properties": {"feature_type": "node", "node_id": 969, "degree": 2, "type": "intersection", "betweenness": 0.0, "is_critical": false, "is_articulation": false}}, {"type": "Feature", "geometry": {"type": "Point", "coordinates": [85.142363, 25.606584]}, "properties": {"feature_type": "node", "node_id": 970, "degree": 2, "type": "intersection", "betweenness": 0.0, "is_critical": false, "is_articulation": false}}, {"type": "Feature", "geometry": {"type": "Point", "coordinates": [85.142438, 25.606548]}, "properties": {"feature_type": "node", "node_id": 971, "degree": 2, "type": "intersection", "betweenness": 0.0, "is_critical": false, "is_articulation": false}}, {"type": "Feature", "geometry": {"type": "Point", "coordinates": [85.142284, 25.606546]}, "properties": {"feature_type": "node", "node_id": 972, "degree": 2, "type": "intersection", "betweenness": 0.0, "is_critical": false, "is_articulation": false}}, {"type": "Feature", "geometry": {"type": "Point", "coordinates": [85.142225, 25.606528]}, "properties": {"feature_type": "node", "node_id": 973, "degree": 2, "type": "intersection", "betweenness": 0.0, "is_critical": false, "is_articulation": false}}, {"type": "Feature", "geometry": {"type": "Point", "coordinates": [85.142285, 25.606492]}, "properties": {"feature_type": "node", "node_id": 974, "degree": 2, "type": "intersection", "betweenness": 0.0, "is_critical": false, "is_articulation": false}}, {"type": "Feature", "geometry": {"type": "Point", "coordinates": [85.141369, 25.606499]}, "properties": {"feature_type": "node", "node_id": 975, "degree": 2, "type": "intersection", "betweenness": 0.0, "is_critical": false, "is_articulation": false}}, {"type": "Feature", "geometry": {"type": "Point", "coordinates": [85.141391, 25.606391]}, "properties": {"feature_type": "node", "node_id": 976, "degree": 2, "type": "intersection", "betweenness": 0.0, "is_critical": false, "is_articulation": false}}, {"type": "Feature", "geometry": {"type": "Point", "coordinates": [85.137373, 25.606105]}, "properties": {"feature_type": "node", "node_id": 977, "degree": 2, "type": "intersection", "betweenness": 0.0, "is_critical": false, "is_articulation": false}}, {"type": "Feature", "geometry": {"type": "Point", "coordinates": [85.139097, 25.60535]}, "properties": {"feature_type": "node", "node_id": 978, "degree": 2, "type": "intersection", "betweenness": 0.0, "is_critical": false, "is_articulation": false}}, {"type": "Feature", "geometry": {"type": "Point", "coordinates": [85.138998, 25.605313]}, "properties": {"feature_type": "node", "node_id": 979, "degree": 2, "type": "intersection", "betweenness": 0.0, "is_critical": false, "is_articulation": false}}, {"type": "Feature", "geometry": {"type": "Point", "coordinates": [85.143638, 25.605264]}, "properties": {"feature_type": "node", "node_id": 980, "degree": 2, "type": "intersection", "betweenness": 0.0, "is_critical": false, "is_articulation": false}}, {"type": "Feature", "geometry": {"type": "Point", "coordinates": [85.137826, 25.605136]}, "properties": {"feature_type": "node", "node_id": 981, "degree": 2, "type": "intersection", "betweenness": 0.0, "is_critical": false, "is_articulation": false}}, {"type": "Feature", "geometry": {"type": "Point", "coordinates": [85.137588, 25.605042]}, "properties": {"feature_type": "node", "node_id": 982, "degree": 2, "type": "intersection", "betweenness": 0.0, "is_critical": false, "is_articulation": false}}, {"type": "Feature", "geometry": {"type": "Point", "coordinates": [85.127724, 25.604302]}, "properties": {"feature_type": "node", "node_id": 983, "degree": 2, "type": "intersection", "betweenness": 0.0, "is_critical": false, "is_articulation": false}}, {"type": "Feature", "geometry": {"type": "Point", "coordinates": [85.127685, 25.604248]}, "properties": {"feature_type": "node", "node_id": 984, "degree": 2, "type": "intersection", "betweenness": 0.0, "is_critical": false, "is_articulation": false}}, {"type": "Feature", "geometry": {"type": "Point", "coordinates": [85.127604, 25.603806]}, "properties": {"feature_type": "node", "node_id": 985, "degree": 2, "type": "intersection", "betweenness": 0.0, "is_critical": false, "is_articulation": false}}, {"type": "Feature", "geometry": {"type": "Point", "coordinates": [85.127566, 25.603716]}, "properties": {"feature_type": "node", "node_id": 986, "degree": 2, "type": "intersection", "betweenness": 0.0, "is_critical": false, "is_articulation": false}}, {"type": "Feature", "geometry": {"type": "Point", "coordinates": [85.127527, 25.603639]}, "properties": {"feature_type": "node", "node_id": 987, "degree": 2, "type": "intersection", "betweenness": 0.0, "is_critical": false, "is_articulation": false}}, {"type": "Feature", "geometry": {"type": "Point", "coordinates": [85.127483, 25.603529]}, "properties": {"feature_type": "node", "node_id": 988, "degree": 2, "type": "intersection", "betweenness": 0.0, "is_critical": false, "is_articulation": false}}, {"type": "Feature", "geometry": {"type": "LineString", "coordinates": [[85.125086, 25.621475], [85.125206, 25.621458], [85.125547, 25.621318], [85.125626, 25.621319], [85.125647, 25.621301]]}, "properties": {"feature_type": "edge", "u": 0, "v": 14, "edge_key": 0, "length_m": 64.284, "is_bridged": false, "is_bridge": true, "edge_betweenness": 0.0, "width_m": 8.147}}, {"type": "Feature", "geometry": {"type": "LineString", "coordinates": [[85.125823, 25.621484], [85.125647, 25.621301]]}, "properties": {"feature_type": "edge", "u": 1, "v": 14, "edge_key": 0, "length_m": 27.456, "is_bridged": false, "is_bridge": true, "edge_betweenness": 0.0, "width_m": 9.333}}, {"type": "Feature", "geometry": {"type": "LineString", "coordinates": [[85.127376, 25.621504], [85.127299, 25.621359], [85.1273, 25.621286]]}, "properties": {"feature_type": "edge", "u": 2, "v": 15, "edge_key": 0, "length_m": 27.314, "is_bridged": false, "is_bridge": true, "edge_betweenness": 0.0, "width_m": 8.494}}, {"type": "Feature", "geometry": {"type": "LineString", "coordinates": [[85.128013, 25.621494], [85.127899, 25.621168], [85.12784, 25.621113]]}, "properties": {"feature_type": "edge", "u": 3, "v": 21, "edge_key": 0, "length_m": 50.271, "is_bridged": false, "is_bridge": true, "edge_betweenness": 0.0, "width_m": 8.515}}, {"type": "Feature", "geometry": {"type": "LineString", "coordinates": [[85.1267, 25.621459], [85.126642, 25.621314], [85.126643, 25.621242]]}, "properties": {"feature_type": "edge", "u": 4, "v": 17, "edge_key": 0, "length_m": 26.485, "is_bridged": false, "is_bridge": true, "edge_betweenness": 0.0, "width_m": 8.906}}, {"type": "Feature", "geometry": {"type": "LineString", "coordinates": [[85.128233, 25.621479], [85.128273, 25.621479], [85.128573, 25.621357]]}, "properties": {"feature_type": "edge", "u": 5, "v": 13, "edge_key": 0, "length_m": 39.799, "is_bridged": false, "is_bridge": true, "edge_betweenness": 0.0, "width_m": 8.577}}, {"type": "Feature", "geometry": {"type": "LineString", "coordinates": [[85.129547, 25.621496], [85.129432, 25.621223], [85.129433, 25.621133]]}, "properties": {"feature_type": "edge", "u": 6, "v": 20, "edge_key": 0, "length_m": 44.971, "is_bridged": false, "is_bridge": true, "edge_betweenness": 0.0, "width_m": 8.519}}, {"type": "Feature", "geometry": {"type": "LineString", "coordinates": [[85.130662, 25.621492], [85.130585, 25.621292], [85.130586, 25.621238], [85.13049, 25.621038], [85.130472, 25.620894]]}, "properties": {"feature_type": "edge", "u": 7, "v": 27, "edge_key": 0, "length_m": 74.284, "is_bridged": false, "is_bridge": true, "edge_betweenness": 0.0, "width_m": 8.699}}, {"type": "Feature", "geometry": {"type": "LineString", "coordinates": [[85.131479, 25.621484], [85.13184, 25.621326]]}, "properties": {"feature_type": "edge", "u": 8, "v": 18, "edge_key": 0, "length_m": 43.456, "is_bridged": false, "is_bridge": true, "edge_betweenness": 0.0, "width_m": 8.845}}, {"type": "Feature", "geometry": {"type": "LineString", "coordinates": [[85.132972, 25.621503], [85.132686, 25.620705], [85.132647, 25.620651], [85.132571, 25.620397], [85.132513, 25.620306]]}, "properties": {"feature_type": "edge", "u": 9, "v": 54, "edge_key": 0, "length_m": 151.882, "is_bridged": false, "is_bridge": true, "edge_betweenness": 0.0, "width_m": 8.434}}, {"type": "Feature", "geometry": {"type": "LineString", "coordinates": [[85.13353, 25.621492], [85.13351, 25.621456], [85.133514, 25.621203], [85.133495, 25.621185], [85.133516, 25.619795], [85.133497, 25.619777], [85.133503, 25.61938]]}, "properties": {"feature_type": "edge", "u": 10, "v": 101, "edge_key": 0, "length_m": 236.485, "is_bridged": false, "is_bridge": true, "edge_betweenness": 0.0, "width_m": 8.044}}, {"type": "Feature", "geometry": {"type": "LineString", "coordinates": [[85.13582, 25.621468], [85.13592, 25.621433], [85.136543, 25.621098], [85.136763, 25.621046], [85.136843, 25.620993]]}, "properties": {"feature_type": "edge", "u": 11, "v": 28, "edge_key": 0, "length_m": 124.368, "is_bridged": false, "is_bridge": true, "edge_betweenness": 0.0, "width_m": 8.963}}, {"type": "Feature", "geometry": {"type": "LineString", "coordinates": [[85.13799, 25.621495], [85.137994, 25.621261], [85.137955, 25.621188]]}, "properties": {"feature_type": "edge", "u": 12, "v": 24, "edge_key": 0, "length_m": 35.657, "is_bridged": false, "is_bridge": true, "edge_betweenness": 0.0, "width_m": 8.157}}, {"type": "Feature", "geometry": {"type": "LineString", "coordinates": [[85.125647, 25.621301], [85.12555, 25.621101], [85.125551, 25.621047]]}, "properties": {"feature_type": "edge", "u": 14, "v": 23, "edge_key": 0, "length_m": 32.142, "is_bridged": false, "is_bridge": true, "edge_betweenness": 0.0, "width_m": 9.415}}, {"type": "Feature", "geometry": {"type": "LineString", "coordinates": [[85.1273, 25.621286], [85.12726, 25.621268], [85.127202, 25.621141], [85.127163, 25.621104], [85.127064, 25.621103], [85.126643, 25.621242]]}, "properties": {"feature_type": "edge", "u": 15, "v": 17, "edge_key": 0, "length_m": 85.242, "is_bridged": false, "is_bridge": false, "edge_betweenness": 0.0, "width_m": 8.715}}, {"type": "Feature", "geometry": {"type": "LineString", "coordinates": [[85.1273, 25.621286], [85.12778, 25.621112], [85.12784, 25.621113]]}, "properties": {"feature_type": "edge", "u": 15, "v": 21, "edge_key": 0, "length_m": 61.928, "is_bridged": false, "is_bridge": false, "edge_betweenness": 0.0, "width_m": 8.709}}, {"type": "Feature", "geometry": {"type": "LineString", "coordinates": [[85.140858, 25.621478], [85.140799, 25.621441], [85.14078, 25.621386], [85.14065, 25.620807]]}, "properties": {"feature_type": "edge", "u": 16, "v": 39, "edge_key": 0, "length_m": 84.284, "is_bridged": false, "is_bridge": true, "edge_betweenness": 0.0, "width_m": 15.605}}, {"type": "Feature", "geometry": {"type": "LineString", "coordinates": [[85.126643, 25.621242], [85.126604, 25.621223], [85.126431, 25.620788]]}, "properties": {"feature_type": "edge", "u": 17, "v": 32, "edge_key": 0, "length_m": 59.572, "is_bridged": false, "is_bridge": false, "edge_betweenness": 0.0, "width_m": 8.81}}, {"type": "Feature", "geometry": {"type": "LineString", "coordinates": [[85.137177, 25.621304], [85.137197, 25.621323], [85.137836, 25.621186], [85.137955, 25.621188]]}, "properties": {"feature_type": "edge", "u": 19, "v": 24, "edge_key": 0, "length_m": 85.456, "is_bridged": false, "is_bridge": true, "edge_betweenness": 0.0, "width_m": 8.291}}, {"type": "Feature", "geometry": {"type": "LineString", "coordinates": [[85.129433, 25.621133], [85.129315, 25.621023]]}, "properties": {"feature_type": "edge", "u": 20, "v": 25, "edge_key": 0, "length_m": 17.786, "is_bridged": false, "is_bridge": false, "edge_betweenness": 0.0, "width_m": 9.246}}, {"type": "Feature", "geometry": {"type": "LineString", "coordinates": [[85.129433, 25.621133], [85.129533, 25.621116], [85.130335, 25.620766], [85.130395, 25.620766]]}, "properties": {"feature_type": "edge", "u": 20, "v": 34, "edge_key": 0, "length_m": 113.397, "is_bridged": false, "is_bridge": false, "edge_betweenness": 0.0, "width_m": 8.703}}, {"type": "Feature", "geometry": {"type": "LineString", "coordinates": [[85.12784, 25.621113], [85.127842, 25.621022], [85.127803, 25.620932], [85.127883, 25.620897], [85.127904, 25.620861]]}, "properties": {"feature_type": "edge", "u": 21, "v": 26, "edge_key": 0, "length_m": 35.786, "is_bridged": false, "is_bridge": false, "edge_betweenness": 0.0, "width_m": 8.913}}, {"type": "Feature", "geometry": {"type": "LineString", "coordinates": [[85.129015, 25.621128], [85.129115, 25.621111], [85.129315, 25.621023]]}, "properties": {"feature_type": "edge", "u": 22, "v": 25, "edge_key": 0, "length_m": 34.971, "is_bridged": false, "is_bridge": true, "edge_betweenness": 0.0, "width_m": 8.84}}, {"type": "Feature", "geometry": {"type": "LineString", "coordinates": [[85.125551, 25.621047], [85.125511, 25.621029], [85.12526, 25.620538], [85.125261, 25.620502], [85.125202, 25.620411], [85.125204, 25.620339]]}, "properties": {"feature_type": "edge", "u": 23, "v": 48, "edge_key": 0, "length_m": 93.727, "is_bridged": false, "is_bridge": false, "edge_betweenness": 0.0, "width_m": 8.829}}, {"type": "Feature", "geometry": {"type": "LineString", "coordinates": [[85.125551, 25.621047], [85.126191, 25.620857], [85.126272, 25.620804]]}, "properties": {"feature_type": "edge", "u": 23, "v": 31, "edge_key": 0, "length_m": 83.598, "is_bridged": false, "is_bridge": false, "edge_betweenness": 0.0, "width_m": 8.82}}, {"type": "Feature", "geometry": {"type": "LineString", "coordinates": [[85.137955, 25.621188], [85.137919, 25.620971]]}, "properties": {"feature_type": "edge", "u": 24, "v": 29, "edge_key": 0, "length_m": 25.657, "is_bridged": false, "is_bridge": true, "edge_betweenness": 0.0, "width_m": 8.922}}, {"type": "Feature", "geometry": {"type": "LineString", "coordinates": [[85.129315, 25.621023], [85.129297, 25.620933], [85.129123, 25.620606], [85.128985, 25.620459], [85.128886, 25.620422], [85.128828, 25.620367], [85.128828, 25.620331]]}, "properties": {"feature_type": "edge", "u": 25, "v": 51, "edge_key": 0, "length_m": 100.225, "is_bridged": false, "is_bridge": false, "edge_betweenness": 0.0, "width_m": 9.231}}, {"type": "Feature", "geometry": {"type": "LineString", "coordinates": [[85.127904, 25.620861], [85.128024, 25.620844], [85.128344, 25.620704]]}, "properties": {"feature_type": "edge", "u": 26, "v": 36, "edge_key": 0, "length_m": 51.456, "is_bridged": false, "is_bridge": true, "edge_betweenness": 0.0, "width_m": 8.837}}, {"type": "Feature", "geometry": {"type": "LineString", "coordinates": [[85.127904, 25.620861], [85.127905, 25.620807], [85.127751, 25.620462], [85.127752, 25.620407], [85.127812, 25.620354], [85.128393, 25.620109], [85.128434, 25.620073], [85.128514, 25.620038], [85.128574, 25.620039]]}, "properties": {"feature_type": "edge", "u": 26, "v": 68, "edge_key": 0, "length_m": 156.024, "is_bridged": false, "is_bridge": false, "edge_betweenness": 0.0, "width_m": 8.853}}, {"type": "Feature", "geometry": {"type": "LineString", "coordinates": [[85.130472, 25.620894], [85.130512, 25.620894], [85.130753, 25.620753], [85.131013, 25.620666], [85.131154, 25.620595], [85.131314, 25.620579], [85.131634, 25.620457]]}, "properties": {"feature_type": "edge", "u": 27, "v": 47, "edge_key": 0, "length_m": 136.711, "is_bridged": false, "is_bridge": false, "edge_betweenness": 0.0, "width_m": 8.833}}, {"type": "Feature", "geometry": {"type": "LineString", "coordinates": [[85.130472, 25.620894], [85.130395, 25.620766]]}, "properties": {"feature_type": "edge", "u": 27, "v": 34, "edge_key": 0, "length_m": 17.314, "is_bridged": false, "is_bridge": false, "edge_betweenness": 0.0, "width_m": 9.069}}, {"type": "Feature", "geometry": {"type": "LineString", "coordinates": [[85.136843, 25.620993], [85.137123, 25.620961]]}, "properties": {"feature_type": "edge", "u": 28, "v": 30, "edge_key": 0, "length_m": 29.657, "is_bridged": false, "is_bridge": false, "edge_betweenness": 0.0, "width_m": 8.574}}, {"type": "Feature", "geometry": {"type": "LineString", "coordinates": [[85.136843, 25.620993], [85.136824, 25.620975], [85.136825, 25.620903], [85.136845, 25.620885], [85.136849, 25.620614], [85.13687, 25.620542]]}, "properties": {"feature_type": "edge", "u": 28, "v": 45, "edge_key": 0, "length_m": 51.903, "is_bridged": false, "is_bridge": false, "edge_betweenness": 0.0, "width_m": 8.052}}, {"type": "Feature", "geometry": {"type": "LineString", "coordinates": [[85.137919, 25.620971], [85.137461, 25.620983], [85.137441, 25.621001], [85.137123, 25.620961]]}, "properties": {"feature_type": "edge", "u": 29, "v": 30, "edge_key": 0, "length_m": 83.314, "is_bridged": false, "is_bridge": false, "edge_betweenness": 0.0, "width_m": 8.206}}, {"type": "Feature", "geometry": {"type": "LineString", "coordinates": [[85.137919, 25.620971], [85.137979, 25.620935]]}, "properties": {"feature_type": "edge", "u": 29, "v": 33, "edge_key": 0, "length_m": 7.301, "is_bridged": false, "is_bridge": false, "edge_betweenness": 0.0, "width_m": 11.314}}, {"type": "Feature", "geometry": {"type": "LineString", "coordinates": [[85.137123, 25.620961], [85.136968, 25.620634], [85.13687, 25.620542]]}, "properties": {"feature_type": "edge", "u": 30, "v": 45, "edge_key": 0, "length_m": 56.413, "is_bridged": false, "is_bridge": false, "edge_betweenness": 0.0, "width_m": 8.414}}, {"type": "Feature", "geometry": {"type": "LineString", "coordinates": [[85.126272, 25.620804], [85.126431, 25.620788]]}, "properties": {"feature_type": "edge", "u": 31, "v": 32, "edge_key": 0, "length_m": 16.472, "is_bridged": false, "is_bridge": false, "edge_betweenness": 0.0, "width_m": 9.231}}, {"type": "Feature", "geometry": {"type": "LineString", "coordinates": [[85.126272, 25.620804], [85.126079, 25.620386], [85.12608, 25.620314]]}, "properties": {"feature_type": "edge", "u": 31, "v": 50, "edge_key": 0, "length_m": 62.284, "is_bridged": false, "is_bridge": false, "edge_betweenness": 0.0, "width_m": 8.84}}, {"type": "Feature", "geometry": {"type": "LineString", "coordinates": [[85.126431, 25.620788], [85.126472, 25.620752], [85.126932, 25.620614]]}, "properties": {"feature_type": "edge", "u": 32, "v": 40, "edge_key": 0, "length_m": 58.284, "is_bridged": false, "is_bridge": true, "edge_betweenness": 0.0, "width_m": 8.742}}, {"type": "Feature", "geometry": {"type": "LineString", "coordinates": [[85.137979, 25.620935], [85.138079, 25.620937], [85.138279, 25.620867]]}, "properties": {"feature_type": "edge", "u": 33, "v": 35, "edge_key": 0, "length_m": 33.314, "is_bridged": false, "is_bridge": false, "edge_betweenness": 0.0, "width_m": 8.827}}, {"type": "Feature", "geometry": {"type": "LineString", "coordinates": [[85.137979, 25.620935], [85.13796, 25.620917], [85.137961, 25.620845], [85.137848, 25.620428], [85.13783, 25.620283]]}, "properties": {"feature_type": "edge", "u": 33, "v": 57, "edge_key": 0, "length_m": 78.627, "is_bridged": false, "is_bridge": false, "edge_betweenness": 0.0, "width_m": 8.446}}, {"type": "Feature", "geometry": {"type": "LineString", "coordinates": [[85.130395, 25.620766], [85.130396, 25.620676], [85.130338, 25.620549], [85.130339, 25.620495], [85.130185, 25.620168], [85.130126, 25.620131]]}, "properties": {"feature_type": "edge", "u": 34, "v": 63, "edge_key": 0, "length_m": 82.413, "is_bridged": false, "is_bridge": false, "edge_betweenness": 0.0, "width_m": 8.567}}, {"type": "Feature", "geometry": {"type": "LineString", "coordinates": [[85.138279, 25.620867], [85.138658, 25.620836]]}, "properties": {"feature_type": "edge", "u": 35, "v": 37, "edge_key": 0, "length_m": 39.657, "is_bridged": false, "is_bridge": false, "edge_betweenness": 0.0, "width_m": 11.254}}, {"type": "Feature", "geometry": {"type": "LineString", "coordinates": [[85.138279, 25.620867], [85.138281, 25.620723], [85.138262, 25.620704], [85.138208, 25.620288], [85.13817, 25.620216]]}, "properties": {"feature_type": "edge", "u": 35, "v": 65, "edge_key": 0, "length_m": 76.971, "is_bridged": false, "is_bridge": false, "edge_betweenness": 0.0, "width_m": 8.276}}, {"type": "Feature", "geometry": {"type": "LineString", "coordinates": [[85.138658, 25.620836], [85.138678, 25.6208]]}, "properties": {"feature_type": "edge", "u": 37, "v": 927, "edge_key": 0, "length_m": 4.472, "is_bridged": false, "is_bridge": false, "edge_betweenness": 0.0, "width_m": 5.105}}, {"type": "Feature", "geometry": {"type": "LineString", "coordinates": [[85.138678, 25.6208], [85.138658, 25.620836]]}, "properties": {"feature_type": "edge", "u": 37, "v": 927, "edge_key": 1, "length_m": 4.472, "is_bridged": false, "is_bridge": false, "edge_betweenness": 0.0, "width_m": 5.105}}, {"type": "Feature", "geometry": {"type": "LineString", "coordinates": [[85.138658, 25.620836], [85.138758, 25.620801], [85.138918, 25.620785]]}, "properties": {"feature_type": "edge", "u": 37, "v": 38, "edge_key": 0, "length_m": 27.478, "is_bridged": false, "is_bridge": false, "edge_betweenness": 0.0, "width_m": 12.307}}, {"type": "Feature", "geometry": {"type": "LineString", "coordinates": [[85.138918, 25.620785], [85.139017, 25.620822], [85.139077, 25.620805], [85.139117, 25.620751]]}, "properties": {"feature_type": "edge", "u": 38, "v": 41, "edge_key": 0, "length_m": 25.282, "is_bridged": false, "is_bridge": false, "edge_betweenness": 0.0, "width_m": 7.508}}, {"type": "Feature", "geometry": {"type": "LineString", "coordinates": [[85.138918, 25.620785], [85.138998, 25.620732], [85.139117, 25.620751]]}, "properties": {"feature_type": "edge", "u": 38, "v": 41, "edge_key": 1, "length_m": 22.512, "is_bridged": false, "is_bridge": false, "edge_betweenness": 0.0, "width_m": 7.268}}, {"type": "Feature", "geometry": {"type": "LineString", "coordinates": [[85.14065, 25.620807], [85.140571, 25.620734], [85.140554, 25.620571]]}, "properties": {"feature_type": "edge", "u": 39, "v": 46, "edge_key": 0, "length_m": 30.957, "is_bridged": false, "is_bridge": false, "edge_betweenness": 0.0, "width_m": 9.593}}, {"type": "Feature", "geometry": {"type": "LineString", "coordinates": [[85.14065, 25.620807], [85.140691, 25.620699], [85.140752, 25.620646], [85.140773, 25.620538]]}, "properties": {"feature_type": "edge", "u": 39, "v": 49, "edge_key": 0, "length_m": 34.971, "is_bridged": false, "is_bridge": false, "edge_betweenness": 0.0, "width_m": 10.668}}, {"type": "Feature", "geometry": {"type": "LineString", "coordinates": [[85.139117, 25.620751], [85.139237, 25.620753]]}, "properties": {"feature_type": "edge", "u": 41, "v": 42, "edge_key": 0, "length_m": 12.0, "is_bridged": false, "is_bridge": false, "edge_betweenness": 0.0, "width_m": 7.414}}, {"type": "Feature", "geometry": {"type": "LineString", "coordinates": [[85.139237, 25.620753], [85.139257, 25.620717]]}, "properties": {"feature_type": "edge", "u": 42, "v": 928, "edge_key": 0, "length_m": 4.472, "is_bridged": false, "is_bridge": false, "edge_betweenness": 0.0, "width_m": 5.105}}, {"type": "Feature", "geometry": {"type": "LineString", "coordinates": [[85.139257, 25.620717], [85.139237, 25.620753]]}, "properties": {"feature_type": "edge", "u": 42, "v": 928, "edge_key": 1, "length_m": 4.472, "is_bridged": false, "is_bridge": false, "edge_betweenness": 0.0, "width_m": 5.105}}, {"type": "Feature", "geometry": {"type": "LineString", "coordinates": [[85.139237, 25.620753], [85.139356, 25.620736]]}, "properties": {"feature_type": "edge", "u": 42, "v": 43, "edge_key": 0, "length_m": 12.325, "is_bridged": false, "is_bridge": false, "edge_betweenness": 0.0, "width_m": 7.828}}, {"type": "Feature", "geometry": {"type": "LineString", "coordinates": [[85.139356, 25.620736], [85.139377, 25.6207]]}, "properties": {"feature_type": "edge", "u": 43, "v": 929, "edge_key": 0, "length_m": 4.472, "is_bridged": false, "is_bridge": false, "edge_betweenness": 0.0, "width_m": 5.105}}, {"type": "Feature", "geometry": {"type": "LineString", "coordinates": [[85.139377, 25.6207], [85.139356, 25.620736]]}, "properties": {"feature_type": "edge", "u": 43, "v": 929, "edge_key": 1, "length_m": 4.472, "is_bridged": false, "is_bridge": false, "edge_betweenness": 0.0, "width_m": 5.105}}, {"type": "Feature", "geometry": {"type": "LineString", "coordinates": [[85.139356, 25.620736], [85.139457, 25.620701], [85.139895, 25.620653], [85.140015, 25.620618], [85.140115, 25.62062], [85.140375, 25.620569], [85.140554, 25.620571]]}, "properties": {"feature_type": "edge", "u": 43, "v": 46, "edge_key": 0, "length_m": 127.78, "is_bridged": false, "is_bridge": false, "edge_betweenness": 0.0, "width_m": 15.915}}, {"type": "Feature", "geometry": {"type": "LineString", "coordinates": [[85.134101, 25.620615], [85.134082, 25.620579], [85.134112, 25.619893], [85.134233, 25.619786]]}, "properties": {"feature_type": "edge", "u": 44, "v": 79, "edge_key": 0, "length_m": 99.799, "is_bridged": false, "is_bridge": true, "edge_betweenness": 0.0, "width_m": 8.187}}, {"type": "Feature", "geometry": {"type": "LineString", "coordinates": [[85.13687, 25.620542], [85.136601, 25.619943], [85.136565, 25.619672], [85.136545, 25.619653], [85.136547, 25.619527]]}, "properties": {"feature_type": "edge", "u": 45, "v": 93, "edge_key": 0, "length_m": 125.076, "is_bridged": false, "is_bridge": false, "edge_betweenness": 0.0, "width_m": 12.124}}, {"type": "Feature", "geometry": {"type": "LineString", "coordinates": [[85.140554, 25.620571], [85.140614, 25.620536], [85.140773, 25.620538]]}, "properties": {"feature_type": "edge", "u": 46, "v": 49, "edge_key": 0, "length_m": 23.657, "is_bridged": false, "is_bridge": false, "edge_betweenness": 0.0, "width_m": 16.758}}, {"type": "Feature", "geometry": {"type": "LineString", "coordinates": [[85.131634, 25.620457], [85.131714, 25.620458], [85.131794, 25.620423], [85.132113, 25.620373], [85.132213, 25.620338], [85.132293, 25.620339], [85.132393, 25.620304], [85.132513, 25.620306]]}, "properties": {"feature_type": "edge", "u": 47, "v": 54, "edge_key": 0, "length_m": 95.456, "is_bridged": false, "is_bridge": false, "edge_betweenness": 0.0, "width_m": 8.558}}, {"type": "Feature", "geometry": {"type": "LineString", "coordinates": [[85.131634, 25.620457], [85.131465, 25.619787]]}, "properties": {"feature_type": "edge", "u": 47, "v": 78, "edge_key": 0, "length_m": 81.456, "is_bridged": false, "is_bridge": false, "edge_betweenness": 0.0, "width_m": 8.402}}, {"type": "Feature", "geometry": {"type": "LineString", "coordinates": [[85.125204, 25.620339], [85.125144, 25.620302], [85.125048, 25.62012], [85.125008, 25.620101]]}, "properties": {"feature_type": "edge", "u": 48, "v": 58, "edge_key": 0, "length_m": 36.271, "is_bridged": false, "is_bridge": true, "edge_betweenness": 0.0, "width_m": 8.363}}, {"type": "Feature", "geometry": {"type": "LineString", "coordinates": [[85.125204, 25.620339], [85.125544, 25.620235], [85.125844, 25.620112], [85.125924, 25.620113]]}, "properties": {"feature_type": "edge", "u": 48, "v": 59, "edge_key": 0, "length_m": 82.77, "is_bridged": false, "is_bridge": false, "edge_betweenness": 0.0, "width_m": 8.54}}, {"type": "Feature", "geometry": {"type": "LineString", "coordinates": [[85.140773, 25.620538], [85.140854, 25.620503], [85.140993, 25.620504]]}, "properties": {"feature_type": "edge", "u": 49, "v": 52, "edge_key": 0, "length_m": 23.301, "is_bridged": false, "is_bridge": false, "edge_betweenness": 0.0, "width_m": 16.118}}, {"type": "Feature", "geometry": {"type": "LineString", "coordinates": [[85.12608, 25.620314], [85.126041, 25.620295], [85.125964, 25.620132], [85.125924, 25.620113]]}, "properties": {"feature_type": "edge", "u": 50, "v": 59, "edge_key": 0, "length_m": 30.258, "is_bridged": false, "is_bridge": false, "edge_betweenness": 0.0, "width_m": 8.984}}, {"type": "Feature", "geometry": {"type": "LineString", "coordinates": [[85.12608, 25.620314], [85.126701, 25.620105]]}, "properties": {"feature_type": "edge", "u": 50, "v": 61, "edge_key": 0, "length_m": 71.585, "is_bridged": false, "is_bridge": true, "edge_betweenness": 0.0, "width_m": 8.655}}, {"type": "Feature", "geometry": {"type": "LineString", "coordinates": [[85.128828, 25.620331], [85.128749, 25.620312], [85.128613, 25.620057], [85.128574, 25.620039]]}, "properties": {"feature_type": "edge", "u": 51, "v": 68, "edge_key": 0, "length_m": 47.1, "is_bridged": false, "is_bridge": false, "edge_betweenness": 0.0, "width_m": 9.291}}, {"type": "Feature", "geometry": {"type": "LineString", "coordinates": [[85.128828, 25.620331], [85.12925, 25.62012]]}, "properties": {"feature_type": "edge", "u": 51, "v": 62, "edge_key": 0, "length_m": 51.941, "is_bridged": false, "is_bridge": true, "edge_betweenness": 0.0, "width_m": 8.891}}, {"type": "Feature", "geometry": {"type": "LineString", "coordinates": [[85.140993, 25.620504], [85.141013, 25.620468]]}, "properties": {"feature_type": "edge", "u": 52, "v": 930, "edge_key": 0, "length_m": 4.472, "is_bridged": false, "is_bridge": false, "edge_betweenness": 0.0, "width_m": 5.105}}, {"type": "Feature", "geometry": {"type": "LineString", "coordinates": [[85.141013, 25.620468], [85.140993, 25.620504]]}, "properties": {"feature_type": "edge", "u": 52, "v": 930, "edge_key": 1, "length_m": 4.472, "is_bridged": false, "is_bridge": false, "edge_betweenness": 0.0, "width_m": 5.105}}, {"type": "Feature", "geometry": {"type": "LineString", "coordinates": [[85.140993, 25.620504], [85.141093, 25.620469], [85.141752, 25.620388], [85.142132, 25.62023]]}, "properties": {"feature_type": "edge", "u": 52, "v": 67, "edge_key": 0, "length_m": 125.387, "is_bridged": false, "is_bridge": false, "edge_betweenness": 0.0, "width_m": 15.373}}, {"type": "Feature", "geometry": {"type": "LineString", "coordinates": [[85.129525, 25.620322], [85.129585, 25.620323], [85.129966, 25.620165], [85.130126, 25.620131]]}, "properties": {"feature_type": "edge", "u": 53, "v": 63, "edge_key": 0, "length_m": 69.113, "is_bridged": false, "is_bridge": true, "edge_betweenness": 0.0, "width_m": 8.63}}, {"type": "Feature", "geometry": {"type": "LineString", "coordinates": [[85.132513, 25.620306], [85.132495, 25.620179]]}, "properties": {"feature_type": "edge", "u": 54, "v": 60, "edge_key": 0, "length_m": 14.472, "is_bridged": false, "is_bridge": false, "edge_betweenness": 0.0, "width_m": 9.139}}, {"type": "Feature", "geometry": {"type": "LineString", "coordinates": [[85.137531, 25.620316], [85.13769, 25.6203], [85.137711, 25.620282], [85.13783, 25.620283]]}, "properties": {"feature_type": "edge", "u": 55, "v": 57, "edge_key": 0, "length_m": 31.657, "is_bridged": false, "is_bridge": true, "edge_betweenness": 0.0, "width_m": 8.347}}, {"type": "Feature", "geometry": {"type": "LineString", "coordinates": [[85.13783, 25.620283], [85.13791, 25.620248], [85.13817, 25.620216]]}, "properties": {"feature_type": "edge", "u": 57, "v": 65, "edge_key": 0, "length_m": 37.314, "is_bridged": false, "is_bridge": false, "edge_betweenness": 0.0, "width_m": 8.668}}, {"type": "Feature", "geometry": {"type": "LineString", "coordinates": [[85.125924, 25.620113], [85.125887, 25.619932]]}, "properties": {"feature_type": "edge", "u": 59, "v": 71, "edge_key": 0, "length_m": 21.657, "is_bridged": false, "is_bridge": false, "edge_betweenness": 0.0, "width_m": 9.572}}, {"type": "Feature", "geometry": {"type": "LineString", "coordinates": [[85.132495, 25.620179], [85.132456, 25.620107]]}, "properties": {"feature_type": "edge", "u": 60, "v": 66, "edge_key": 0, "length_m": 9.657, "is_bridged": false, "is_bridge": false, "edge_betweenness": 0.0, "width_m": 9.178}}, {"type": "Feature", "geometry": {"type": "LineString", "coordinates": [[85.132495, 25.620179], [85.133214, 25.620044]]}, "properties": {"feature_type": "edge", "u": 60, "v": 72, "edge_key": 0, "length_m": 78.627, "is_bridged": false, "is_bridge": true, "edge_betweenness": 0.0, "width_m": 8.4}}, {"type": "Feature", "geometry": {"type": "LineString", "coordinates": [[85.130126, 25.620131], [85.130127, 25.620041], [85.130049, 25.619913], [85.130012, 25.619768]]}, "properties": {"feature_type": "edge", "u": 63, "v": 77, "edge_key": 0, "length_m": 44.971, "is_bridged": false, "is_bridge": false, "edge_betweenness": 0.0, "width_m": 8.771}}, {"type": "Feature", "geometry": {"type": "LineString", "coordinates": [[85.131937, 25.620154], [85.132077, 25.620156], [85.132317, 25.620105], [85.132456, 25.620107]]}, "properties": {"feature_type": "edge", "u": 64, "v": 66, "edge_key": 0, "length_m": 54.485, "is_bridged": false, "is_bridge": true, "edge_betweenness": 0.0, "width_m": 8.064}}, {"type": "Feature", "geometry": {"type": "LineString", "coordinates": [[85.13817, 25.620216], [85.138172, 25.620089], [85.138152, 25.620071], [85.137986, 25.619202]]}, "properties": {"feature_type": "edge", "u": 65, "v": 125, "edge_key": 0, "length_m": 120.284, "is_bridged": false, "is_bridge": false, "edge_betweenness": 0.0, "width_m": 8.386}}, {"type": "Feature", "geometry": {"type": "LineString", "coordinates": [[85.132456, 25.620107], [85.132421, 25.619763], [85.132363, 25.619708], [85.131924, 25.619739]]}, "properties": {"feature_type": "edge", "u": 66, "v": 81, "edge_key": 0, "length_m": 93.799, "is_bridged": false, "is_bridge": false, "edge_betweenness": 0.0, "width_m": 8.242}}, {"type": "Feature", "geometry": {"type": "LineString", "coordinates": [[85.142132, 25.62023], [85.142212, 25.620231], [85.142293, 25.62016]]}, "properties": {"feature_type": "edge", "u": 67, "v": 70, "edge_key": 0, "length_m": 20.129, "is_bridged": false, "is_bridge": false, "edge_betweenness": 0.0, "width_m": 11.385}}, {"type": "Feature", "geometry": {"type": "LineString", "coordinates": [[85.142132, 25.62023], [85.142133, 25.620158], [85.142174, 25.620086]]}, "properties": {"feature_type": "edge", "u": 67, "v": 73, "edge_key": 0, "length_m": 17.657, "is_bridged": false, "is_bridge": false, "edge_betweenness": 0.0, "width_m": 10.853}}, {"type": "Feature", "geometry": {"type": "LineString", "coordinates": [[85.128574, 25.620039], [85.128554, 25.620002], [85.128557, 25.619858]]}, "properties": {"feature_type": "edge", "u": 68, "v": 74, "edge_key": 0, "length_m": 20.472, "is_bridged": false, "is_bridge": false, "edge_betweenness": 0.0, "width_m": 8.525}}, {"type": "Feature", "geometry": {"type": "LineString", "coordinates": [[85.130824, 25.620032], [85.131347, 25.619731]]}, "properties": {"feature_type": "edge", "u": 69, "v": 80, "edge_key": 0, "length_m": 66.083, "is_bridged": false, "is_bridge": true, "edge_betweenness": 0.0, "width_m": 8.988}}, {"type": "Feature", "geometry": {"type": "LineString", "coordinates": [[85.142293, 25.62016], [85.142452, 25.620144], [85.142953, 25.61997], [85.143053, 25.619917], [85.143093, 25.619917], [85.143133, 25.619882]]}, "properties": {"feature_type": "edge", "u": 70, "v": 82, "edge_key": 0, "length_m": 97.255, "is_bridged": false, "is_bridge": false, "edge_betweenness": 0.0, "width_m": 8.702}}, {"type": "Feature", "geometry": {"type": "LineString", "coordinates": [[85.142293, 25.62016], [85.142234, 25.620105], [85.142174, 25.620086]]}, "properties": {"feature_type": "edge", "u": 70, "v": 73, "edge_key": 0, "length_m": 14.957, "is_bridged": false, "is_bridge": false, "edge_betweenness": 0.0, "width_m": 9.978}}, {"type": "Feature", "geometry": {"type": "LineString", "coordinates": [[85.125887, 25.619932], [85.125847, 25.619914], [85.125637, 25.619387]]}, "properties": {"feature_type": "edge", "u": 71, "v": 91, "edge_key": 0, "length_m": 71.229, "is_bridged": false, "is_bridge": false, "edge_betweenness": 0.0, "width_m": 8.77}}, {"type": "Feature", "geometry": {"type": "LineString", "coordinates": [[85.125887, 25.619932], [85.126648, 25.619635], [85.127129, 25.619479], [85.127611, 25.619232], [85.127651, 25.619196], [85.127652, 25.619142]]}, "properties": {"feature_type": "edge", "u": 71, "v": 122, "edge_key": 0, "length_m": 216.438, "is_bridged": false, "is_bridge": false, "edge_betweenness": 0.0, "width_m": 8.789}}, {"type": "Feature", "geometry": {"type": "LineString", "coordinates": [[85.142174, 25.620086], [85.142176, 25.620014], [85.142119, 25.619833], [85.141926, 25.619415], [85.141928, 25.619307]]}, "properties": {"feature_type": "edge", "u": 73, "v": 124, "edge_key": 0, "length_m": 96.77, "is_bridged": false, "is_bridge": false, "edge_betweenness": 0.0, "width_m": 8.876}}, {"type": "Feature", "geometry": {"type": "LineString", "coordinates": [[85.128557, 25.619858], [85.128478, 25.619803], [85.128439, 25.619712], [85.12838, 25.619675]]}, "properties": {"feature_type": "edge", "u": 74, "v": 83, "edge_key": 0, "length_m": 29.086, "is_bridged": false, "is_bridge": false, "edge_betweenness": 0.0, "width_m": 8.773}}, {"type": "Feature", "geometry": {"type": "LineString", "coordinates": [[85.128557, 25.619858], [85.128596, 25.619859], [85.129178, 25.619595], [85.129218, 25.61956], [85.129559, 25.61942], [85.1296, 25.619384], [85.129639, 25.619384]]}, "properties": {"feature_type": "edge", "u": 74, "v": 97, "edge_key": 0, "length_m": 130.368, "is_bridged": false, "is_bridge": false, "edge_betweenness": 0.0, "width_m": 8.82}}, {"type": "Feature", "geometry": {"type": "LineString", "coordinates": [[85.137437, 25.619972], [85.137286, 25.619392]]}, "properties": {"feature_type": "edge", "u": 75, "v": 108, "edge_key": 0, "length_m": 70.627, "is_bridged": false, "is_bridge": true, "edge_betweenness": 0.0, "width_m": 8.576}}, {"type": "Feature", "geometry": {"type": "LineString", "coordinates": [[85.128, 25.619797], [85.12818, 25.619745], [85.128321, 25.619674], [85.12838, 25.619675]]}, "properties": {"feature_type": "edge", "u": 76, "v": 83, "edge_key": 0, "length_m": 43.799, "is_bridged": false, "is_bridge": true, "edge_betweenness": 0.0, "width_m": 8.596}}, {"type": "Feature", "geometry": {"type": "LineString", "coordinates": [[85.130012, 25.619768], [85.129894, 25.619677], [85.129718, 25.61944], [85.129639, 25.619384]]}, "properties": {"feature_type": "edge", "u": 77, "v": 97, "edge_key": 0, "length_m": 59.371, "is_bridged": false, "is_bridge": false, "edge_betweenness": 0.0, "width_m": 8.858}}, {"type": "Feature", "geometry": {"type": "LineString", "coordinates": [[85.130012, 25.619768], [85.130213, 25.619663], [85.130555, 25.619432], [85.131055, 25.619258]]}, "properties": {"feature_type": "edge", "u": 77, "v": 118, "edge_key": 0, "length_m": 127.668, "is_bridged": false, "is_bridge": false, "edge_betweenness": 0.0, "width_m": 8.796}}, {"type": "Feature", "geometry": {"type": "LineString", "coordinates": [[85.131465, 25.619787], [85.131347, 25.619731]]}, "properties": {"feature_type": "edge", "u": 78, "v": 80, "edge_key": 0, "length_m": 14.485, "is_bridged": false, "is_bridge": false, "edge_betweenness": 0.0, "width_m": 9.45}}, {"type": "Feature", "geometry": {"type": "LineString", "coordinates": [[85.131465, 25.619787], [85.131924, 25.619739]]}, "properties": {"feature_type": "edge", "u": 78, "v": 81, "edge_key": 0, "length_m": 48.485, "is_bridged": false, "is_bridge": false, "edge_betweenness": 0.0, "width_m": 8.279}}, {"type": "Feature", "geometry": {"type": "LineString", "coordinates": [[85.134233, 25.619786], [85.134692, 25.61972], [85.134753, 25.619685], [85.134754, 25.619594], [85.134696, 25.619485], [85.134577, 25.619484], [85.134556, 25.619501], [85.134217, 25.619551]]}, "properties": {"feature_type": "edge", "u": 79, "v": 89, "edge_key": 0, "length_m": 132.77, "is_bridged": false, "is_bridge": false, "edge_betweenness": 0.0, "width_m": 8.378}}, {"type": "Feature", "geometry": {"type": "LineString", "coordinates": [[85.134233, 25.619786], [85.134217, 25.619551]]}, "properties": {"feature_type": "edge", "u": 79, "v": 89, "edge_key": 1, "length_m": 26.828, "is_bridged": false, "is_bridge": false, "edge_betweenness": 0.0, "width_m": 8.788}}, {"type": "Feature", "geometry": {"type": "LineString", "coordinates": [[85.131347, 25.619731], [85.13123, 25.619567], [85.131114, 25.619295], [85.131055, 25.619258]]}, "properties": {"feature_type": "edge", "u": 80, "v": 118, "edge_key": 0, "length_m": 65.242, "is_bridged": false, "is_bridge": false, "edge_betweenness": 0.0, "width_m": 8.813}}, {"type": "Feature", "geometry": {"type": "LineString", "coordinates": [[85.131924, 25.619739], [85.131926, 25.619612], [85.131869, 25.619449], [85.13187, 25.619377], [85.13197, 25.619342], [85.13199, 25.619324], [85.131992, 25.619234], [85.132132, 25.619164], [85.132134, 25.619037], [85.131965, 25.618385]]}, "properties": {"feature_type": "edge", "u": 81, "v": 164, "edge_key": 0, "length_m": 177.74, "is_bridged": false, "is_bridge": false, "edge_betweenness": 0.0, "width_m": 8.556}}, {"type": "Feature", "geometry": {"type": "LineString", "coordinates": [[85.143133, 25.619882], [85.143253, 25.619865], [85.143534, 25.61976], [85.144213, 25.619624]]}, "properties": {"feature_type": "edge", "u": 82, "v": 95, "edge_key": 0, "length_m": 120.426, "is_bridged": false, "is_bridge": false, "edge_betweenness": 0.0, "width_m": 8.402}}, {"type": "Feature", "geometry": {"type": "LineString", "coordinates": [[85.143133, 25.619882], [85.143097, 25.619682]]}, "properties": {"feature_type": "edge", "u": 82, "v": 87, "edge_key": 0, "length_m": 23.657, "is_bridged": false, "is_bridge": false, "edge_betweenness": 0.0, "width_m": 8.872}}, {"type": "Feature", "geometry": {"type": "LineString", "coordinates": [[85.12838, 25.619675], [85.128362, 25.619585], [85.128323, 25.61953], [85.128324, 25.619476]]}, "properties": {"feature_type": "edge", "u": 83, "v": 88, "edge_key": 0, "length_m": 24.129, "is_bridged": false, "is_bridge": false, "edge_betweenness": 0.0, "width_m": 8.898}}, {"type": "Feature", "geometry": {"type": "LineString", "coordinates": [[85.125036, 25.619614], [85.125076, 25.619579], [85.125336, 25.619492], [85.125537, 25.619386]]}, "properties": {"feature_type": "edge", "u": 84, "v": 94, "edge_key": 0, "length_m": 60.77, "is_bridged": false, "is_bridge": true, "edge_betweenness": 0.0, "width_m": 8.844}}, {"type": "Feature", "geometry": {"type": "LineString", "coordinates": [[85.126072, 25.619555], [85.125975, 25.619374], [85.125957, 25.619265]]}, "properties": {"feature_type": "edge", "u": 85, "v": 104, "edge_key": 0, "length_m": 36.971, "is_bridged": false, "is_bridge": true, "edge_betweenness": 0.0, "width_m": 8.399}}, {"type": "Feature", "geometry": {"type": "LineString", "coordinates": [[85.127864, 25.619578], [85.128245, 25.619439]]}, "properties": {"feature_type": "edge", "u": 86, "v": 92, "edge_key": 0, "length_m": 44.627, "is_bridged": false, "is_bridge": true, "edge_betweenness": 0.0, "width_m": 8.767}}, {"type": "Feature", "geometry": {"type": "LineString", "coordinates": [[85.143097, 25.619682], [85.143038, 25.619646], [85.142601, 25.619514], [85.142107, 25.619273], [85.142028, 25.619254]]}, "properties": {"feature_type": "edge", "u": 87, "v": 128, "edge_key": 0, "length_m": 126.698, "is_bridged": false, "is_bridge": false, "edge_betweenness": 0.0, "width_m": 8.83}}, {"type": "Feature", "geometry": {"type": "LineString", "coordinates": [[85.143097, 25.619682], [85.143435, 25.619687], [85.144075, 25.61955], [85.144194, 25.619552]]}, "properties": {"feature_type": "edge", "u": 87, "v": 98, "edge_key": 0, "length_m": 116.627, "is_bridged": false, "is_bridge": false, "edge_betweenness": 0.0, "width_m": 8.258}}, {"type": "Feature", "geometry": {"type": "LineString", "coordinates": [[85.128324, 25.619476], [85.128245, 25.619439]]}, "properties": {"feature_type": "edge", "u": 88, "v": 92, "edge_key": 0, "length_m": 9.301, "is_bridged": false, "is_bridge": false, "edge_betweenness": 0.0, "width_m": 10.893}}, {"type": "Feature", "geometry": {"type": "LineString", "coordinates": [[85.128324, 25.619476], [85.128584, 25.619389], [85.128724, 25.619319], [85.128764, 25.619319], [85.129125, 25.619161], [85.129165, 25.619162], [85.129326, 25.619074]]}, "properties": {"feature_type": "edge", "u": 88, "v": 129, "edge_key": 0, "length_m": 118.698, "is_bridged": false, "is_bridge": false, "edge_betweenness": 0.0, "width_m": 8.887}}, {"type": "Feature", "geometry": {"type": "LineString", "coordinates": [[85.134217, 25.619551], [85.134178, 25.619515], [85.13414, 25.61937], [85.134142, 25.61928]]}, "properties": {"feature_type": "edge", "u": 89, "v": 119, "edge_key": 0, "length_m": 33.314, "is_bridged": false, "is_bridge": true, "edge_betweenness": 0.0, "width_m": 8.676}}, {"type": "Feature", "geometry": {"type": "LineString", "coordinates": [[85.132963, 25.619535], [85.132794, 25.618865], [85.132741, 25.618395], [85.132552, 25.617779]]}, "properties": {"feature_type": "edge", "u": 90, "v": 196, "edge_key": 0, "length_m": 212.225, "is_bridged": false, "is_bridge": true, "edge_betweenness": 0.0, "width_m": 8.307}}, {"type": "Feature", "geometry": {"type": "LineString", "coordinates": [[85.125637, 25.619387], [85.125537, 25.619386]]}, "properties": {"feature_type": "edge", "u": 91, "v": 94, "edge_key": 0, "length_m": 10.0, "is_bridged": false, "is_bridge": false, "edge_betweenness": 0.0, "width_m": 12.0}}, {"type": "Feature", "geometry": {"type": "LineString", "coordinates": [[85.125637, 25.619387], [85.125657, 25.619351], [85.125737, 25.619316], [85.125957, 25.619265]]}, "properties": {"feature_type": "edge", "u": 91, "v": 104, "edge_key": 0, "length_m": 38.258, "is_bridged": false, "is_bridge": false, "edge_betweenness": 0.0, "width_m": 8.899}}, {"type": "Feature", "geometry": {"type": "LineString", "coordinates": [[85.128245, 25.619439], [85.128226, 25.619348], [85.128071, 25.619057]]}, "properties": {"feature_type": "edge", "u": 92, "v": 126, "edge_key": 0, "length_m": 49.1, "is_bridged": false, "is_bridge": false, "edge_betweenness": 0.0, "width_m": 9.176}}, {"type": "Feature", "geometry": {"type": "LineString", "coordinates": [[85.136547, 25.619527], [85.136727, 25.619511], [85.136907, 25.619459], [85.136987, 25.61946], [85.137067, 25.619425]]}, "properties": {"feature_type": "edge", "u": 93, "v": 105, "edge_key": 0, "length_m": 56.971, "is_bridged": false, "is_bridge": false, "edge_betweenness": 0.0, "width_m": 8.598}}, {"type": "Feature", "geometry": {"type": "LineString", "coordinates": [[85.136547, 25.619527], [85.136508, 25.619472], [85.13651, 25.6194], [85.136471, 25.619309], [85.136472, 25.619237], [85.136378, 25.618875]]}, "properties": {"feature_type": "edge", "u": 93, "v": 141, "edge_key": 0, "length_m": 78.743, "is_bridged": false, "is_bridge": false, "edge_betweenness": 0.0, "width_m": 8.568}}, {"type": "Feature", "geometry": {"type": "LineString", "coordinates": [[85.125537, 25.619386], [85.125326, 25.618878], [85.125267, 25.618841]]}, "properties": {"feature_type": "edge", "u": 94, "v": 134, "edge_key": 0, "length_m": 72.413, "is_bridged": false, "is_bridge": false, "edge_betweenness": 0.0, "width_m": 8.708}}, {"type": "Feature", "geometry": {"type": "LineString", "coordinates": [[85.144213, 25.619624], [85.144393, 25.619591]]}, "properties": {"feature_type": "edge", "u": 95, "v": 96, "edge_key": 0, "length_m": 19.301, "is_bridged": false, "is_bridge": false, "edge_betweenness": 0.0, "width_m": 8.354}}, {"type": "Feature", "geometry": {"type": "LineString", "coordinates": [[85.144213, 25.619624], [85.144194, 25.619552]]}, "properties": {"feature_type": "edge", "u": 95, "v": 98, "edge_key": 0, "length_m": 8.472, "is_bridged": false, "is_bridge": false, "edge_betweenness": 0.0, "width_m": 6.2}}, {"type": "Feature", "geometry": {"type": "LineString", "coordinates": [[85.144393, 25.619591], [85.144472, 25.619574]]}, "properties": {"feature_type": "edge", "u": 96, "v": 99, "edge_key": 0, "length_m": 8.828, "is_bridged": false, "is_bridge": false, "edge_betweenness": 0.0, "width_m": 8.472}}, {"type": "Feature", "geometry": {"type": "LineString", "coordinates": [[85.144393, 25.619591], [85.144374, 25.619518]]}, "properties": {"feature_type": "edge", "u": 96, "v": 102, "edge_key": 0, "length_m": 8.472, "is_bridged": false, "is_bridge": false, "edge_betweenness": 0.0, "width_m": 6.2}}, {"type": "Feature", "geometry": {"type": "LineString", "coordinates": [[85.129639, 25.619384], [85.129601, 25.619294], [85.129464, 25.619147], [85.129445, 25.619075]]}, "properties": {"feature_type": "edge", "u": 97, "v": 127, "edge_key": 0, "length_m": 41.928, "is_bridged": false, "is_bridge": false, "edge_betweenness": 0.0, "width_m": 8.767}}, {"type": "Feature", "geometry": {"type": "LineString", "coordinates": [[85.144194, 25.619552], [85.144254, 25.619517], [85.144374, 25.619518]]}, "properties": {"feature_type": "edge", "u": 98, "v": 102, "edge_key": 0, "length_m": 19.657, "is_bridged": false, "is_bridge": false, "edge_betweenness": 0.0, "width_m": 7.584}}, {"type": "Feature", "geometry": {"type": "LineString", "coordinates": [[85.144472, 25.619574], [85.144552, 25.619557]]}, "properties": {"feature_type": "edge", "u": 99, "v": 100, "edge_key": 0, "length_m": 8.828, "is_bridged": false, "is_bridge": false, "edge_betweenness": 0.0, "width_m": 8.472}}, {"type": "Feature", "geometry": {"type": "LineString", "coordinates": [[85.144472, 25.619574], [85.144454, 25.619501]]}, "properties": {"feature_type": "edge", "u": 99, "v": 106, "edge_key": 0, "length_m": 8.472, "is_bridged": false, "is_bridge": false, "edge_betweenness": 0.0, "width_m": 6.2}}, {"type": "Feature", "geometry": {"type": "LineString", "coordinates": [[85.144552, 25.619557], [85.144652, 25.61954]]}, "properties": {"feature_type": "edge", "u": 100, "v": 103, "edge_key": 0, "length_m": 10.472, "is_bridged": false, "is_bridge": false, "edge_betweenness": 0.0, "width_m": 8.472}}, {"type": "Feature", "geometry": {"type": "LineString", "coordinates": [[85.144552, 25.619557], [85.144554, 25.619484]]}, "properties": {"feature_type": "edge", "u": 100, "v": 109, "edge_key": 0, "length_m": 8.0, "is_bridged": false, "is_bridge": false, "edge_betweenness": 0.0, "width_m": 6.2}}, {"type": "Feature", "geometry": {"type": "LineString", "coordinates": [[85.133503, 25.61938], [85.133483, 25.619361], [85.133487, 25.619145], [85.133467, 25.619126], [85.133438, 25.618404], [85.13342, 25.618331], [85.133322, 25.618186], [85.133323, 25.618132]]}, "properties": {"feature_type": "edge", "u": 101, "v": 181, "edge_key": 0, "length_m": 146.284, "is_bridged": false, "is_bridge": false, "edge_betweenness": 0.0, "width_m": 8.328}}, {"type": "Feature", "geometry": {"type": "LineString", "coordinates": [[85.133503, 25.61938], [85.133642, 25.619381], [85.133742, 25.619347]]}, "properties": {"feature_type": "edge", "u": 101, "v": 111, "edge_key": 0, "length_m": 25.657, "is_bridged": false, "is_bridge": false, "edge_betweenness": 0.0, "width_m": 8.71}}, {"type": "Feature", "geometry": {"type": "LineString", "coordinates": [[85.144374, 25.619518], [85.144454, 25.619501]]}, "properties": {"feature_type": "edge", "u": 102, "v": 106, "edge_key": 0, "length_m": 8.828, "is_bridged": false, "is_bridge": false, "edge_betweenness": 0.0, "width_m": 6.828}}, {"type": "Feature", "geometry": {"type": "LineString", "coordinates": [[85.144652, 25.61954], [85.144732, 25.619523]]}, "properties": {"feature_type": "edge", "u": 103, "v": 107, "edge_key": 0, "length_m": 8.472, "is_bridged": false, "is_bridge": false, "edge_betweenness": 0.0, "width_m": 8.63}}, {"type": "Feature", "geometry": {"type": "LineString", "coordinates": [[85.144652, 25.61954], [85.144633, 25.619467]]}, "properties": {"feature_type": "edge", "u": 103, "v": 112, "edge_key": 0, "length_m": 8.472, "is_bridged": false, "is_bridge": false, "edge_betweenness": 0.0, "width_m": 6.2}}, {"type": "Feature", "geometry": {"type": "LineString", "coordinates": [[85.125957, 25.619265], [85.125978, 25.619229], [85.126098, 25.619195], [85.126138, 25.619141]]}, "properties": {"feature_type": "edge", "u": 104, "v": 121, "edge_key": 0, "length_m": 25.43, "is_bridged": false, "is_bridge": false, "edge_betweenness": 0.0, "width_m": 9.229}}, {"type": "Feature", "geometry": {"type": "LineString", "coordinates": [[85.137067, 25.619425], [85.137286, 25.619392]]}, "properties": {"feature_type": "edge", "u": 105, "v": 108, "edge_key": 0, "length_m": 23.657, "is_bridged": false, "is_bridge": false, "edge_betweenness": 0.0, "width_m": 9.31}}, {"type": "Feature", "geometry": {"type": "LineString", "coordinates": [[85.137067, 25.619425], [85.136915, 25.618954], [85.136916, 25.6189], [85.136877, 25.618827], [85.136878, 25.618773]]}, "properties": {"feature_type": "edge", "u": 105, "v": 147, "edge_key": 0, "length_m": 80.284, "is_bridged": false, "is_bridge": false, "edge_betweenness": 0.0, "width_m": 8.597}}, {"type": "Feature", "geometry": {"type": "LineString", "coordinates": [[85.144454, 25.619501], [85.144474, 25.619483], [85.144554, 25.619484]]}, "properties": {"feature_type": "edge", "u": 106, "v": 109, "edge_key": 0, "length_m": 10.828, "is_bridged": false, "is_bridge": false, "edge_betweenness": 0.0, "width_m": 7.063}}, {"type": "Feature", "geometry": {"type": "LineString", "coordinates": [[85.144732, 25.619523], [85.144812, 25.619506]]}, "properties": {"feature_type": "edge", "u": 107, "v": 110, "edge_key": 0, "length_m": 8.472, "is_bridged": false, "is_bridge": false, "edge_betweenness": 0.0, "width_m": 8.63}}, {"type": "Feature", "geometry": {"type": "LineString", "coordinates": [[85.144732, 25.619523], [85.144733, 25.619451]]}, "properties": {"feature_type": "edge", "u": 107, "v": 114, "edge_key": 0, "length_m": 8.0, "is_bridged": false, "is_bridge": false, "edge_betweenness": 0.0, "width_m": 6.2}}, {"type": "Feature", "geometry": {"type": "LineString", "coordinates": [[85.137286, 25.619392], [85.137327, 25.619356]]}, "properties": {"feature_type": "edge", "u": 108, "v": 116, "edge_key": 0, "length_m": 5.657, "is_bridged": false, "is_bridge": false, "edge_betweenness": 0.0, "width_m": 11.759}}, {"type": "Feature", "geometry": {"type": "LineString", "coordinates": [[85.144554, 25.619484], [85.144633, 25.619467]]}, "properties": {"feature_type": "edge", "u": 109, "v": 112, "edge_key": 0, "length_m": 8.828, "is_bridged": false, "is_bridge": false, "edge_betweenness": 0.0, "width_m": 6.828}}, {"type": "Feature", "geometry": {"type": "LineString", "coordinates": [[85.144812, 25.619506], [85.144813, 25.619433]]}, "properties": {"feature_type": "edge", "u": 110, "v": 117, "edge_key": 0, "length_m": 8.0, "is_bridged": false, "is_bridge": false, "edge_betweenness": 0.0, "width_m": 6.2}}, {"type": "Feature", "geometry": {"type": "LineString", "coordinates": [[85.144813, 25.619433], [85.144833, 25.619416], [85.144913, 25.619435], [85.144912, 25.619489], [85.144812, 25.619506]]}, "properties": {"feature_type": "edge", "u": 110, "v": 117, "edge_key": 1, "length_m": 28.129, "is_bridged": false, "is_bridge": false, "edge_betweenness": 0.0, "width_m": 7.738}}, {"type": "Feature", "geometry": {"type": "LineString", "coordinates": [[85.133742, 25.619347], [85.133842, 25.619348], [85.134142, 25.61928]]}, "properties": {"feature_type": "edge", "u": 111, "v": 119, "edge_key": 0, "length_m": 42.957, "is_bridged": false, "is_bridge": false, "edge_betweenness": 0.0, "width_m": 8.746}}, {"type": "Feature", "geometry": {"type": "LineString", "coordinates": [[85.133742, 25.619347], [85.133676, 25.618515], [85.133542, 25.618171], [85.133542, 25.618116], [85.133503, 25.618098]]}, "properties": {"feature_type": "edge", "u": 111, "v": 182, "edge_key": 0, "length_m": 149.585, "is_bridged": false, "is_bridge": false, "edge_betweenness": 0.0, "width_m": 8.294}}, {"type": "Feature", "geometry": {"type": "LineString", "coordinates": [[85.144633, 25.619467], [85.144654, 25.61945], [85.144733, 25.619451]]}, "properties": {"feature_type": "edge", "u": 112, "v": 114, "edge_key": 0, "length_m": 10.828, "is_bridged": false, "is_bridge": false, "edge_betweenness": 0.0, "width_m": 7.063}}, {"type": "Feature", "geometry": {"type": "LineString", "coordinates": [[85.144733, 25.619451], [85.144813, 25.619433]]}, "properties": {"feature_type": "edge", "u": 114, "v": 117, "edge_key": 0, "length_m": 8.828, "is_bridged": false, "is_bridge": false, "edge_betweenness": 0.0, "width_m": 6.828}}, {"type": "Feature", "geometry": {"type": "LineString", "coordinates": [[85.137327, 25.619356], [85.137386, 25.619357], [85.137907, 25.619201], [85.137986, 25.619202]]}, "properties": {"feature_type": "edge", "u": 116, "v": 125, "edge_key": 0, "length_m": 73.456, "is_bridged": false, "is_bridge": false, "edge_betweenness": 0.0, "width_m": 8.742}}, {"type": "Feature", "geometry": {"type": "LineString", "coordinates": [[85.137327, 25.619356], [85.137231, 25.619084], [85.137214, 25.61894]]}, "properties": {"feature_type": "edge", "u": 116, "v": 137, "edge_key": 0, "length_m": 50.971, "is_bridged": false, "is_bridge": false, "edge_betweenness": 0.0, "width_m": 8.757}}, {"type": "Feature", "geometry": {"type": "LineString", "coordinates": [[85.131055, 25.619258], [85.131038, 25.619077], [85.130961, 25.618914]]}, "properties": {"feature_type": "edge", "u": 118, "v": 136, "edge_key": 0, "length_m": 42.142, "is_bridged": false, "is_bridge": false, "edge_betweenness": 0.0, "width_m": 8.447}}, {"type": "Feature", "geometry": {"type": "LineString", "coordinates": [[85.134142, 25.61928], [85.134102, 25.619261], [85.134104, 25.619153], [85.134084, 25.619134], [85.134086, 25.619044], [85.134029, 25.618809], [85.133959, 25.618212], [85.133731, 25.617505], [85.133711, 25.617487], [85.133572, 25.617485], [85.133372, 25.617536], [85.133292, 25.617535]]}, "properties": {"feature_type": "edge", "u": 119, "v": 207, "edge_key": 0, "length_m": 262.354, "is_bridged": false, "is_bridge": false, "edge_betweenness": 0.0, "width_m": 8.362}}, {"type": "Feature", "geometry": {"type": "LineString", "coordinates": [[85.134142, 25.61928], [85.136378, 25.618875]]}, "properties": {"feature_type": "edge", "u": 119, "v": 141, "edge_key": 0, "length_m": 243.17, "is_bridged": false, "is_bridge": false, "edge_betweenness": 0.0, "width_m": 8.351}}, {"type": "Feature", "geometry": {"type": "LineString", "coordinates": [[85.126138, 25.619141], [85.125812, 25.61836], [85.125754, 25.618269], [85.125755, 25.618215]]}, "properties": {"feature_type": "edge", "u": 121, "v": 169, "edge_key": 0, "length_m": 118.569, "is_bridged": false, "is_bridge": false, "edge_betweenness": 0.0, "width_m": 8.657}}, {"type": "Feature", "geometry": {"type": "LineString", "coordinates": [[85.126138, 25.619141], [85.126278, 25.619125], [85.126879, 25.61888], [85.127061, 25.61872]]}, "properties": {"feature_type": "edge", "u": 121, "v": 142, "edge_key": 0, "length_m": 112.698, "is_bridged": false, "is_bridge": false, "edge_betweenness": 0.0, "width_m": 8.919}}, {"type": "Feature", "geometry": {"type": "LineString", "coordinates": [[85.127652, 25.619142], [85.127574, 25.619033], [85.127417, 25.618887], [85.127279, 25.618795], [85.12718, 25.618775], [85.127121, 25.61872]]}, "properties": {"feature_type": "edge", "u": 122, "v": 144, "edge_key": 0, "length_m": 75.397, "is_bridged": false, "is_bridge": false, "edge_betweenness": 0.0, "width_m": 9.031}}, {"type": "Feature", "geometry": {"type": "LineString", "coordinates": [[85.127652, 25.619142], [85.127992, 25.619056], [85.128071, 25.619057]]}, "properties": {"feature_type": "edge", "u": 122, "v": 126, "edge_key": 0, "length_m": 46.142, "is_bridged": false, "is_bridge": false, "edge_betweenness": 0.0, "width_m": 8.519}}, {"type": "Feature", "geometry": {"type": "LineString", "coordinates": [[85.141928, 25.619307], [85.141868, 25.61927], [85.14185, 25.619197]]}, "properties": {"feature_type": "edge", "u": 124, "v": 131, "edge_key": 0, "length_m": 15.773, "is_bridged": false, "is_bridge": false, "edge_betweenness": 0.0, "width_m": 8.472}}, {"type": "Feature", "geometry": {"type": "LineString", "coordinates": [[85.141928, 25.619307], [85.141967, 25.619307], [85.142028, 25.619254]]}, "properties": {"feature_type": "edge", "u": 124, "v": 128, "edge_key": 0, "length_m": 12.485, "is_bridged": false, "is_bridge": false, "edge_betweenness": 0.0, "width_m": 9.367}}, {"type": "Feature", "geometry": {"type": "LineString", "coordinates": [[85.137986, 25.619202], [85.138027, 25.619167], [85.138607, 25.619011], [85.138647, 25.618976]]}, "properties": {"feature_type": "edge", "u": 125, "v": 138, "edge_key": 0, "length_m": 76.77, "is_bridged": false, "is_bridge": false, "edge_betweenness": 0.0, "width_m": 8.985}}, {"type": "Feature", "geometry": {"type": "LineString", "coordinates": [[85.128071, 25.619057], [85.128072, 25.619003], [85.128174, 25.61886], [85.128274, 25.618807], [85.128454, 25.618755]]}, "properties": {"feature_type": "edge", "u": 126, "v": 143, "edge_key": 0, "length_m": 59.113, "is_bridged": false, "is_bridge": true, "edge_betweenness": 0.0, "width_m": 8.85}}, {"type": "Feature", "geometry": {"type": "LineString", "coordinates": [[85.129445, 25.619075], [85.129326, 25.619074]]}, "properties": {"feature_type": "edge", "u": 127, "v": 129, "edge_key": 0, "length_m": 12.0, "is_bridged": false, "is_bridge": false, "edge_betweenness": 0.0, "width_m": 9.642}}, {"type": "Feature", "geometry": {"type": "LineString", "coordinates": [[85.129445, 25.619075], [85.129446, 25.619039], [85.129486, 25.619003], [85.129606, 25.618951], [85.129787, 25.618827]]}, "properties": {"feature_type": "edge", "u": 127, "v": 140, "edge_key": 0, "length_m": 47.941, "is_bridged": false, "is_bridge": false, "edge_betweenness": 0.0, "width_m": 9.18}}, {"type": "Feature", "geometry": {"type": "LineString", "coordinates": [[85.142028, 25.619254], [85.141871, 25.619107]]}, "properties": {"feature_type": "edge", "u": 128, "v": 132, "edge_key": 0, "length_m": 23.314, "is_bridged": false, "is_bridge": false, "edge_betweenness": 0.0, "width_m": 10.028}}, {"type": "Feature", "geometry": {"type": "LineString", "coordinates": [[85.129326, 25.619074], [85.129307, 25.619001], [85.12919, 25.618801], [85.129031, 25.618817]]}, "properties": {"feature_type": "edge", "u": 129, "v": 139, "edge_key": 0, "length_m": 52.627, "is_bridged": false, "is_bridge": false, "edge_betweenness": 0.0, "width_m": 9.227}}, {"type": "Feature", "geometry": {"type": "LineString", "coordinates": [[85.130341, 25.619087], [85.130801, 25.618948], [85.130862, 25.618913], [85.130961, 25.618914]]}, "properties": {"feature_type": "edge", "u": 130, "v": 136, "edge_key": 0, "length_m": 70.284, "is_bridged": false, "is_bridge": true, "edge_betweenness": 0.0, "width_m": 8.518}}, {"type": "Feature", "geometry": {"type": "LineString", "coordinates": [[85.14185, 25.619197], [85.14183, 25.619161], [85.141871, 25.619107]]}, "properties": {"feature_type": "edge", "u": 131, "v": 132, "edge_key": 0, "length_m": 12.04, "is_bridged": false, "is_bridge": false, "edge_betweenness": 0.0, "width_m": 7.472}}, {"type": "Feature", "geometry": {"type": "LineString", "coordinates": [[85.14185, 25.619197], [85.14191, 25.61918], [85.141871, 25.619107]]}, "properties": {"feature_type": "edge", "u": 131, "v": 132, "edge_key": 1, "length_m": 15.773, "is_bridged": false, "is_bridge": false, "edge_betweenness": 0.0, "width_m": 5.236}}, {"type": "Feature", "geometry": {"type": "LineString", "coordinates": [[85.141871, 25.619107], [85.141813, 25.619016], [85.141775, 25.618853]]}, "properties": {"feature_type": "edge", "u": 132, "v": 146, "edge_key": 0, "length_m": 31.43, "is_bridged": false, "is_bridge": false, "edge_betweenness": 0.0, "width_m": 14.695}}, {"type": "Feature", "geometry": {"type": "LineString", "coordinates": [[85.125026, 25.618928], [85.125227, 25.61884], [85.125267, 25.618841]]}, "properties": {"feature_type": "edge", "u": 133, "v": 134, "edge_key": 0, "length_m": 28.142, "is_bridged": false, "is_bridge": true, "edge_betweenness": 0.0, "width_m": 8.787}}, {"type": "Feature", "geometry": {"type": "LineString", "coordinates": [[85.125267, 25.618841], [85.125268, 25.618751], [85.125133, 25.618496], [85.125133, 25.61846], [85.125055, 25.618351], [85.125116, 25.618297], [85.125357, 25.618192]]}, "properties": {"feature_type": "edge", "u": 134, "v": 170, "edge_key": 0, "length_m": 100.569, "is_bridged": false, "is_bridge": false, "edge_betweenness": 0.0, "width_m": 8.86}}, {"type": "Feature", "geometry": {"type": "LineString", "coordinates": [[85.128811, 25.618886], [85.128971, 25.618852], [85.129031, 25.618817]]}, "properties": {"feature_type": "edge", "u": 135, "v": 139, "edge_key": 0, "length_m": 25.314, "is_bridged": false, "is_bridge": true, "edge_betweenness": 0.0, "width_m": 8.727}}, {"type": "Feature", "geometry": {"type": "LineString", "coordinates": [[85.130961, 25.618914], [85.130943, 25.618787], [85.130885, 25.61866], [85.130886, 25.618588]]}, "properties": {"feature_type": "edge", "u": 136, "v": 150, "edge_key": 0, "length_m": 38.957, "is_bridged": false, "is_bridge": false, "edge_betweenness": 0.0, "width_m": 8.802}}, {"type": "Feature", "geometry": {"type": "LineString", "coordinates": [[85.137214, 25.61894], [85.137293, 25.618941], [85.137993, 25.618733], [85.138014, 25.618715], [85.138015, 25.618625], [85.137956, 25.61857]]}, "properties": {"feature_type": "edge", "u": 137, "v": 155, "edge_key": 0, "length_m": 110.426, "is_bridged": false, "is_bridge": true, "edge_betweenness": 0.0, "width_m": 8.381}}, {"type": "Feature", "geometry": {"type": "LineString", "coordinates": [[85.137214, 25.61894], [85.137174, 25.618903], [85.137137, 25.618722]]}, "properties": {"feature_type": "edge", "u": 137, "v": 148, "edge_key": 0, "length_m": 27.314, "is_bridged": false, "is_bridge": false, "edge_betweenness": 0.0, "width_m": 8.343}}, {"type": "Feature", "geometry": {"type": "LineString", "coordinates": [[85.138647, 25.618976], [85.138707, 25.618977], [85.138887, 25.618907], [85.139128, 25.618765], [85.13925, 25.618641], [85.13927, 25.618587], [85.139274, 25.61837], [85.139254, 25.618352], [85.139202, 25.617827]]}, "properties": {"feature_type": "edge", "u": 138, "v": 197, "edge_key": 0, "length_m": 171.054, "is_bridged": false, "is_bridge": false, "edge_betweenness": 0.0, "width_m": 8.673}}, {"type": "Feature", "geometry": {"type": "LineString", "coordinates": [[85.138647, 25.618976], [85.138497, 25.61836]]}, "properties": {"feature_type": "edge", "u": 138, "v": 172, "edge_key": 0, "length_m": 74.627, "is_bridged": false, "is_bridge": true, "edge_betweenness": 0.0, "width_m": 8.376}}, {"type": "Feature", "geometry": {"type": "LineString", "coordinates": [[85.129031, 25.618817], [85.128992, 25.618744], [85.128994, 25.618654], [85.128937, 25.618455], [85.128922, 25.618148]]}, "properties": {"feature_type": "edge", "u": 139, "v": 173, "edge_key": 0, "length_m": 78.971, "is_bridged": false, "is_bridge": false, "edge_betweenness": 0.0, "width_m": 8.287}}, {"type": "Feature", "geometry": {"type": "LineString", "coordinates": [[85.129787, 25.618827], [85.129867, 25.618828], [85.130727, 25.618568], [85.130886, 25.618588]]}, "properties": {"feature_type": "edge", "u": 140, "v": 150, "edge_key": 0, "length_m": 122.899, "is_bridged": false, "is_bridge": false, "edge_betweenness": 0.0, "width_m": 8.651}}, {"type": "Feature", "geometry": {"type": "LineString", "coordinates": [[85.129787, 25.618827], [85.129768, 25.618808], [85.129694, 25.618428], [85.129655, 25.618374]]}, "properties": {"feature_type": "edge", "u": 140, "v": 163, "edge_key": 0, "length_m": 55.799, "is_bridged": false, "is_bridge": false, "edge_betweenness": 0.0, "width_m": 8.481}}, {"type": "Feature", "geometry": {"type": "LineString", "coordinates": [[85.136378, 25.618875], [85.136284, 25.618531]]}, "properties": {"feature_type": "edge", "u": 141, "v": 158, "edge_key": 0, "length_m": 41.786, "is_bridged": false, "is_bridge": false, "edge_betweenness": 0.0, "width_m": 8.711}}, {"type": "Feature", "geometry": {"type": "LineString", "coordinates": [[85.136378, 25.618875], [85.136618, 25.618824], [85.136758, 25.618771], [85.136878, 25.618773]]}, "properties": {"feature_type": "edge", "u": 141, "v": 147, "edge_key": 0, "length_m": 54.614, "is_bridged": false, "is_bridge": false, "edge_betweenness": 0.0, "width_m": 8.72}}, {"type": "Feature", "geometry": {"type": "LineString", "coordinates": [[85.127061, 25.61872], [85.126927, 25.618393], [85.126887, 25.618374]]}, "properties": {"feature_type": "edge", "u": 142, "v": 161, "edge_key": 0, "length_m": 46.271, "is_bridged": false, "is_bridge": false, "edge_betweenness": 0.0, "width_m": 8.719}}, {"type": "Feature", "geometry": {"type": "LineString", "coordinates": [[85.127061, 25.61872], [85.127121, 25.61872]]}, "properties": {"feature_type": "edge", "u": 142, "v": 144, "edge_key": 0, "length_m": 6.0, "is_bridged": false, "is_bridge": false, "edge_betweenness": 0.0, "width_m": 12.0}}, {"type": "Feature", "geometry": {"type": "LineString", "coordinates": [[85.128454, 25.618755], [85.128733, 25.618741]]}, "properties": {"feature_type": "edge", "u": 143, "v": 145, "edge_key": 0, "length_m": 28.828, "is_bridged": false, "is_bridge": true, "edge_betweenness": 0.0, "width_m": 8.41}}, {"type": "Feature", "geometry": {"type": "LineString", "coordinates": [[85.128454, 25.618755], [85.128398, 25.618556], [85.1284, 25.618412]]}, "properties": {"feature_type": "edge", "u": 143, "v": 157, "edge_key": 0, "length_m": 40.485, "is_bridged": false, "is_bridge": true, "edge_betweenness": 0.0, "width_m": 8.821}}, {"type": "Feature", "geometry": {"type": "LineString", "coordinates": [[85.127121, 25.61872], [85.127323, 25.618524], [85.127384, 25.618435], [85.127485, 25.618346], [85.127686, 25.618222]]}, "properties": {"feature_type": "edge", "u": 144, "v": 171, "edge_key": 0, "length_m": 82.711, "is_bridged": false, "is_bridge": true, "edge_betweenness": 0.0, "width_m": 9.232}}, {"type": "Feature", "geometry": {"type": "LineString", "coordinates": [[85.141775, 25.618853], [85.141716, 25.618816], [85.141698, 25.618726]]}, "properties": {"feature_type": "edge", "u": 146, "v": 151, "edge_key": 0, "length_m": 18.129, "is_bridged": false, "is_bridge": false, "edge_betweenness": 0.0, "width_m": 8.934}}, {"type": "Feature", "geometry": {"type": "LineString", "coordinates": [[85.141775, 25.618853], [85.141795, 25.618835], [85.141777, 25.618727]]}, "properties": {"feature_type": "edge", "u": 146, "v": 152, "edge_key": 0, "length_m": 15.301, "is_bridged": false, "is_bridge": false, "edge_betweenness": 0.0, "width_m": 9.881}}, {"type": "Feature", "geometry": {"type": "LineString", "coordinates": [[85.136878, 25.618773], [85.136898, 25.618737], [85.136978, 25.61872], [85.137137, 25.618722]]}, "properties": {"feature_type": "edge", "u": 147, "v": 148, "edge_key": 0, "length_m": 29.301, "is_bridged": false, "is_bridge": false, "edge_betweenness": 0.0, "width_m": 8.473}}, {"type": "Feature", "geometry": {"type": "LineString", "coordinates": [[85.137137, 25.618722], [85.137178, 25.618668], [85.137238, 25.618651], [85.137399, 25.618545], [85.137939, 25.618407]]}, "properties": {"feature_type": "edge", "u": 148, "v": 168, "edge_key": 0, "length_m": 95.727, "is_bridged": false, "is_bridge": true, "edge_betweenness": 0.0, "width_m": 8.53}}, {"type": "Feature", "geometry": {"type": "LineString", "coordinates": [[85.126347, 25.618548], [85.126827, 25.618373], [85.126887, 25.618374]]}, "properties": {"feature_type": "edge", "u": 149, "v": 161, "edge_key": 0, "length_m": 62.284, "is_bridged": false, "is_bridge": true, "edge_betweenness": 0.0, "width_m": 8.595}}, {"type": "Feature", "geometry": {"type": "LineString", "coordinates": [[85.130886, 25.618588], [85.130946, 25.618589], [85.131226, 25.618502], [85.131466, 25.618469], [85.131646, 25.618417], [85.131725, 25.618418], [85.131826, 25.618383], [85.131965, 25.618385]]}, "properties": {"feature_type": "edge", "u": 150, "v": 164, "edge_key": 0, "length_m": 117.941, "is_bridged": false, "is_bridge": false, "edge_betweenness": 0.0, "width_m": 8.391}}, {"type": "Feature", "geometry": {"type": "LineString", "coordinates": [[85.130886, 25.618588], [85.13087, 25.618389]]}, "properties": {"feature_type": "edge", "u": 150, "v": 162, "edge_key": 0, "length_m": 22.828, "is_bridged": false, "is_bridge": false, "edge_betweenness": 0.0, "width_m": 9.2}}, {"type": "Feature", "geometry": {"type": "LineString", "coordinates": [[85.141698, 25.618726], [85.141777, 25.618727]]}, "properties": {"feature_type": "edge", "u": 151, "v": 152, "edge_key": 0, "length_m": 8.0, "is_bridged": false, "is_bridge": false, "edge_betweenness": 0.0, "width_m": 9.105}}, {"type": "Feature", "geometry": {"type": "LineString", "coordinates": [[85.141698, 25.618726], [85.141679, 25.618671], [85.1417, 25.6186]]}, "properties": {"feature_type": "edge", "u": 151, "v": 159, "edge_key": 0, "length_m": 15.657, "is_bridged": false, "is_bridge": false, "edge_betweenness": 0.0, "width_m": 8.571}}, {"type": "Feature", "geometry": {"type": "LineString", "coordinates": [[85.141777, 25.618727], [85.141759, 25.6186]]}, "properties": {"feature_type": "edge", "u": 152, "v": 156, "edge_key": 0, "length_m": 14.472, "is_bridged": false, "is_bridge": false, "edge_betweenness": 0.0, "width_m": 9.376}}, {"type": "Feature", "geometry": {"type": "LineString", "coordinates": [[85.135685, 25.618649], [85.135764, 25.61865], [85.136204, 25.61853], [85.136284, 25.618531]]}, "properties": {"feature_type": "edge", "u": 153, "v": 158, "edge_key": 0, "length_m": 65.799, "is_bridged": false, "is_bridge": true, "edge_betweenness": 0.0, "width_m": 8.457}}, {"type": "Feature", "geometry": {"type": "LineString", "coordinates": [[85.129216, 25.618458], [85.129576, 25.618373], [85.129655, 25.618374]]}, "properties": {"feature_type": "edge", "u": 154, "v": 163, "edge_key": 0, "length_m": 48.142, "is_bridged": false, "is_bridge": true, "edge_betweenness": 0.0, "width_m": 8.3}}, {"type": "Feature", "geometry": {"type": "LineString", "coordinates": [[85.141759, 25.6186], [85.1417, 25.6186]]}, "properties": {"feature_type": "edge", "u": 156, "v": 159, "edge_key": 0, "length_m": 6.0, "is_bridged": false, "is_bridge": false, "edge_betweenness": 0.0, "width_m": 12.0}}, {"type": "Feature", "geometry": {"type": "LineString", "coordinates": [[85.141759, 25.6186], [85.141742, 25.618456]]}, "properties": {"feature_type": "edge", "u": 156, "v": 166, "edge_key": 0, "length_m": 16.472, "is_bridged": false, "is_bridge": false, "edge_betweenness": 0.0, "width_m": 9.315}}, {"type": "Feature", "geometry": {"type": "LineString", "coordinates": [[85.1284, 25.618412], [85.12846, 25.618412], [85.1286, 25.618324], [85.128602, 25.618252], [85.128486, 25.617979]]}, "properties": {"feature_type": "edge", "u": 157, "v": 186, "edge_key": 0, "length_m": 67.113, "is_bridged": false, "is_bridge": true, "edge_betweenness": 0.0, "width_m": 8.733}}, {"type": "Feature", "geometry": {"type": "LineString", "coordinates": [[85.1284, 25.618412], [85.128323, 25.618266], [85.128244, 25.618175], [85.128245, 25.618139], [85.128186, 25.618102]]}, "properties": {"feature_type": "edge", "u": 157, "v": 180, "edge_key": 0, "length_m": 43.928, "is_bridged": false, "is_bridge": true, "edge_betweenness": 0.0, "width_m": 8.591}}, {"type": "Feature", "geometry": {"type": "LineString", "coordinates": [[85.136284, 25.618531], [85.136265, 25.618494], [85.136267, 25.618368]]}, "properties": {"feature_type": "edge", "u": 158, "v": 167, "edge_key": 0, "length_m": 18.472, "is_bridged": false, "is_bridge": false, "edge_betweenness": 0.0, "width_m": 9.564}}, {"type": "Feature", "geometry": {"type": "LineString", "coordinates": [[85.1417, 25.6186], [85.141661, 25.618527], [85.141662, 25.618455]]}, "properties": {"feature_type": "edge", "u": 159, "v": 165, "edge_key": 0, "length_m": 17.657, "is_bridged": false, "is_bridge": false, "edge_betweenness": 0.0, "width_m": 8.618}}, {"type": "Feature", "geometry": {"type": "LineString", "coordinates": [[85.126887, 25.618374], [85.126869, 25.618266], [85.126811, 25.618157], [85.126812, 25.618066]]}, "properties": {"feature_type": "edge", "u": 161, "v": 179, "edge_key": 0, "length_m": 36.957, "is_bridged": false, "is_bridge": false, "edge_betweenness": 0.0, "width_m": 8.531}}, {"type": "Feature", "geometry": {"type": "LineString", "coordinates": [[85.13087, 25.618389], [85.130969, 25.61839], [85.131429, 25.61827], [85.131829, 25.618185], [85.131928, 25.618186]]}, "properties": {"feature_type": "edge", "u": 162, "v": 177, "edge_key": 0, "length_m": 115.941, "is_bridged": false, "is_bridge": false, "edge_betweenness": 0.0, "width_m": 8.327}}, {"type": "Feature", "geometry": {"type": "LineString", "coordinates": [[85.13087, 25.618389], [85.130832, 25.61828], [85.130833, 25.618172]]}, "properties": {"feature_type": "edge", "u": 162, "v": 174, "edge_key": 0, "length_m": 25.301, "is_bridged": false, "is_bridge": false, "edge_betweenness": 0.0, "width_m": 8.559}}, {"type": "Feature", "geometry": {"type": "LineString", "coordinates": [[85.129655, 25.618374], [85.129637, 25.618265], [85.129503, 25.617938]]}, "properties": {"feature_type": "edge", "u": 163, "v": 188, "edge_key": 0, "length_m": 54.271, "is_bridged": false, "is_bridge": false, "edge_betweenness": 0.0, "width_m": 8.678}}, {"type": "Feature", "geometry": {"type": "LineString", "coordinates": [[85.131965, 25.618385], [85.131967, 25.618277], [85.131928, 25.618186]]}, "properties": {"feature_type": "edge", "u": 164, "v": 177, "edge_key": 0, "length_m": 23.657, "is_bridged": false, "is_bridge": false, "edge_betweenness": 0.0, "width_m": 8.73}}, {"type": "Feature", "geometry": {"type": "LineString", "coordinates": [[85.141662, 25.618455], [85.141742, 25.618456]]}, "properties": {"feature_type": "edge", "u": 165, "v": 166, "edge_key": 0, "length_m": 8.0, "is_bridged": false, "is_bridge": false, "edge_betweenness": 0.0, "width_m": 9.105}}, {"type": "Feature", "geometry": {"type": "LineString", "coordinates": [[85.141662, 25.618455], [85.141644, 25.61831]]}, "properties": {"feature_type": "edge", "u": 165, "v": 175, "edge_key": 0, "length_m": 16.828, "is_bridged": false, "is_bridge": false, "edge_betweenness": 0.0, "width_m": 8.135}}, {"type": "Feature", "geometry": {"type": "LineString", "coordinates": [[85.141742, 25.618456], [85.141724, 25.618311]]}, "properties": {"feature_type": "edge", "u": 166, "v": 176, "edge_key": 0, "length_m": 16.472, "is_bridged": false, "is_bridge": false, "edge_betweenness": 0.0, "width_m": 9.082}}, {"type": "Feature", "geometry": {"type": "LineString", "coordinates": [[85.136267, 25.618368], [85.136787, 25.61823]]}, "properties": {"feature_type": "edge", "u": 167, "v": 178, "edge_key": 0, "length_m": 58.271, "is_bridged": false, "is_bridge": true, "edge_betweenness": 0.0, "width_m": 8.59}}, {"type": "Feature", "geometry": {"type": "LineString", "coordinates": [[85.136267, 25.618368], [85.136228, 25.618313], [85.136115, 25.617842], [85.136039, 25.617643], [85.13604, 25.617571]]}, "properties": {"feature_type": "edge", "u": 167, "v": 208, "edge_key": 0, "length_m": 97.585, "is_bridged": false, "is_bridge": false, "edge_betweenness": 0.0, "width_m": 8.537}}, {"type": "Feature", "geometry": {"type": "LineString", "coordinates": [[85.125755, 25.618215], [85.125435, 25.618247], [85.125357, 25.618192]]}, "properties": {"feature_type": "edge", "u": 169, "v": 170, "edge_key": 0, "length_m": 44.142, "is_bridged": false, "is_bridge": false, "edge_betweenness": 0.0, "width_m": 8.483}}, {"type": "Feature", "geometry": {"type": "LineString", "coordinates": [[85.125755, 25.618215], [85.125775, 25.618179], [85.126075, 25.618075], [85.126335, 25.618006], [85.126675, 25.617956], [85.126695, 25.61792]]}, "properties": {"feature_type": "edge", "u": 169, "v": 187, "edge_key": 0, "length_m": 109.714, "is_bridged": false, "is_bridge": false, "edge_betweenness": 0.0, "width_m": 8.51}}, {"type": "Feature", "geometry": {"type": "LineString", "coordinates": [[85.125357, 25.618192], [85.125338, 25.61812], [85.125241, 25.617956], [85.125044, 25.617809]]}, "properties": {"feature_type": "edge", "u": 170, "v": 193, "edge_key": 0, "length_m": 57.598, "is_bridged": false, "is_bridge": true, "edge_betweenness": 0.0, "width_m": 9.14}}, {"type": "Feature", "geometry": {"type": "LineString", "coordinates": [[85.128922, 25.618148], [85.128982, 25.618148], [85.129423, 25.617937], [85.129503, 25.617938]]}, "properties": {"feature_type": "edge", "u": 173, "v": 188, "edge_key": 0, "length_m": 67.941, "is_bridged": false, "is_bridge": false, "edge_betweenness": 0.0, "width_m": 9.012}}, {"type": "Feature", "geometry": {"type": "LineString", "coordinates": [[85.128922, 25.618148], [85.128866, 25.617912], [85.128712, 25.617585], [85.128713, 25.617513]]}, "properties": {"feature_type": "edge", "u": 173, "v": 204, "edge_key": 0, "length_m": 79.113, "is_bridged": false, "is_bridge": false, "edge_betweenness": 0.0, "width_m": 8.57}}, {"type": "Feature", "geometry": {"type": "LineString", "coordinates": [[85.130833, 25.618172], [85.131153, 25.618122], [85.131413, 25.618053], [85.131492, 25.618054], [85.131752, 25.617985], [85.131892, 25.617987]]}, "properties": {"feature_type": "edge", "u": 174, "v": 189, "edge_key": 0, "length_m": 115.113, "is_bridged": false, "is_bridge": false, "edge_betweenness": 0.0, "width_m": 8.382}}, {"type": "Feature", "geometry": {"type": "LineString", "coordinates": [[85.130833, 25.618172], [85.130794, 25.618117], [85.130758, 25.617882], [85.130681, 25.617737], [85.130662, 25.617646]]}, "properties": {"feature_type": "edge", "u": 174, "v": 201, "edge_key": 0, "length_m": 65.1, "is_bridged": false, "is_bridge": false, "edge_betweenness": 0.0, "width_m": 8.666}}, {"type": "Feature", "geometry": {"type": "LineString", "coordinates": [[85.141644, 25.61831], [85.141724, 25.618311]]}, "properties": {"feature_type": "edge", "u": 175, "v": 176, "edge_key": 0, "length_m": 8.0, "is_bridged": false, "is_bridge": false, "edge_betweenness": 0.0, "width_m": 9.419}}, {"type": "Feature", "geometry": {"type": "LineString", "coordinates": [[85.141644, 25.61831], [85.141626, 25.618183]]}, "properties": {"feature_type": "edge", "u": 175, "v": 183, "edge_key": 0, "length_m": 14.472, "is_bridged": false, "is_bridge": false, "edge_betweenness": 0.0, "width_m": 8.157}}, {"type": "Feature", "geometry": {"type": "LineString", "coordinates": [[85.141724, 25.618311], [85.141706, 25.618184]]}, "properties": {"feature_type": "edge", "u": 176, "v": 184, "edge_key": 0, "length_m": 14.472, "is_bridged": false, "is_bridge": false, "edge_betweenness": 0.0, "width_m": 9.262}}, {"type": "Feature", "geometry": {"type": "LineString", "coordinates": [[85.131928, 25.618186], [85.13193, 25.618078], [85.131892, 25.617987]]}, "properties": {"feature_type": "edge", "u": 177, "v": 189, "edge_key": 0, "length_m": 23.657, "is_bridged": false, "is_bridge": false, "edge_betweenness": 0.0, "width_m": 8.73}}, {"type": "Feature", "geometry": {"type": "LineString", "coordinates": [[85.126812, 25.618066], [85.126753, 25.618029], [85.126734, 25.617957], [85.126695, 25.61792]]}, "properties": {"feature_type": "edge", "u": 179, "v": 187, "edge_key": 0, "length_m": 21.786, "is_bridged": false, "is_bridge": false, "edge_betweenness": 0.0, "width_m": 9.171}}, {"type": "Feature", "geometry": {"type": "LineString", "coordinates": [[85.126812, 25.618066], [85.126912, 25.61805], [85.127093, 25.617962], [85.127352, 25.617911]]}, "properties": {"feature_type": "edge", "u": 179, "v": 190, "edge_key": 0, "length_m": 61.456, "is_bridged": false, "is_bridge": true, "edge_betweenness": 0.0, "width_m": 8.333}}, {"type": "Feature", "geometry": {"type": "LineString", "coordinates": [[85.133323, 25.618132], [85.133284, 25.618113], [85.133266, 25.617932], [85.133112, 25.617641], [85.133072, 25.617623]]}, "properties": {"feature_type": "edge", "u": 181, "v": 203, "edge_key": 0, "length_m": 68.4, "is_bridged": false, "is_bridge": false, "edge_betweenness": 0.0, "width_m": 8.812}}, {"type": "Feature", "geometry": {"type": "LineString", "coordinates": [[85.133323, 25.618132], [85.133423, 25.618097], [85.133503, 25.618098]]}, "properties": {"feature_type": "edge", "u": 181, "v": 182, "edge_key": 0, "length_m": 19.657, "is_bridged": false, "is_bridge": false, "edge_betweenness": 0.0, "width_m": 9.289}}, {"type": "Feature", "geometry": {"type": "LineString", "coordinates": [[85.133503, 25.618098], [85.133485, 25.617989], [85.133349, 25.617735], [85.133292, 25.61759], [85.133292, 25.617535]]}, "properties": {"feature_type": "edge", "u": 182, "v": 207, "edge_key": 0, "length_m": 70.756, "is_bridged": false, "is_bridge": false, "edge_betweenness": 0.0, "width_m": 8.708}}, {"type": "Feature", "geometry": {"type": "LineString", "coordinates": [[85.141626, 25.618183], [85.141706, 25.618184]]}, "properties": {"feature_type": "edge", "u": 183, "v": 184, "edge_key": 0, "length_m": 8.0, "is_bridged": false, "is_bridge": false, "edge_betweenness": 0.0, "width_m": 9.105}}, {"type": "Feature", "geometry": {"type": "LineString", "coordinates": [[85.141626, 25.618183], [85.141608, 25.618057]]}, "properties": {"feature_type": "edge", "u": 183, "v": 191, "edge_key": 0, "length_m": 14.828, "is_bridged": false, "is_bridge": false, "edge_betweenness": 0.0, "width_m": 8.0}}, {"type": "Feature", "geometry": {"type": "LineString", "coordinates": [[85.141706, 25.618184], [85.141708, 25.618076], [85.141688, 25.618058]]}, "properties": {"feature_type": "edge", "u": 184, "v": 192, "edge_key": 0, "length_m": 14.828, "is_bridged": false, "is_bridge": false, "edge_betweenness": 0.0, "width_m": 8.743}}, {"type": "Feature", "geometry": {"type": "LineString", "coordinates": [[85.137525, 25.618113], [85.137625, 25.618114], [85.137924, 25.618046], [85.138204, 25.618013], [85.138304, 25.617979], [85.138483, 25.617963], [85.138583, 25.617928], [85.138863, 25.617895], [85.139023, 25.617843]]}, "properties": {"feature_type": "edge", "u": 185, "v": 199, "edge_key": 0, "length_m": 163.255, "is_bridged": false, "is_bridge": true, "edge_betweenness": 0.0, "width_m": 8.252}}, {"type": "Feature", "geometry": {"type": "LineString", "coordinates": [[85.126695, 25.61792], [85.126775, 25.617903], [85.127057, 25.617726]]}, "properties": {"feature_type": "edge", "u": 187, "v": 195, "edge_key": 0, "length_m": 44.756, "is_bridged": false, "is_bridge": false, "edge_betweenness": 0.0, "width_m": 9.267}}, {"type": "Feature", "geometry": {"type": "LineString", "coordinates": [[85.126695, 25.61792], [85.126677, 25.61783], [85.126561, 25.617594], [85.126562, 25.61754]]}, "properties": {"feature_type": "edge", "u": 187, "v": 202, "edge_key": 0, "length_m": 47.443, "is_bridged": false, "is_bridge": false, "edge_betweenness": 0.0, "width_m": 8.917}}, {"type": "Feature", "geometry": {"type": "LineString", "coordinates": [[85.129503, 25.617938], [85.129543, 25.617903], [85.129783, 25.617852], [85.129883, 25.617781]]}, "properties": {"feature_type": "edge", "u": 188, "v": 194, "edge_key": 0, "length_m": 45.456, "is_bridged": false, "is_bridge": false, "edge_betweenness": 0.0, "width_m": 8.756}}, {"type": "Feature", "geometry": {"type": "LineString", "coordinates": [[85.131892, 25.617987], [85.131912, 25.617951], [85.132272, 25.617847], [85.132432, 25.617777], [85.132552, 25.617779]]}, "properties": {"feature_type": "edge", "u": 189, "v": 196, "edge_key": 0, "length_m": 76.756, "is_bridged": false, "is_bridge": false, "edge_betweenness": 0.0, "width_m": 8.716}}, {"type": "Feature", "geometry": {"type": "LineString", "coordinates": [[85.141608, 25.618057], [85.141688, 25.618058]]}, "properties": {"feature_type": "edge", "u": 191, "v": 192, "edge_key": 0, "length_m": 8.0, "is_bridged": false, "is_bridge": false, "edge_betweenness": 0.0, "width_m": 8.315}}, {"type": "Feature", "geometry": {"type": "LineString", "coordinates": [[85.141608, 25.618057], [85.14159, 25.61793], [85.141631, 25.617894]]}, "properties": {"feature_type": "edge", "u": 191, "v": 198, "edge_key": 0, "length_m": 20.485, "is_bridged": false, "is_bridge": false, "edge_betweenness": 0.0, "width_m": 9.333}}, {"type": "Feature", "geometry": {"type": "LineString", "coordinates": [[85.141688, 25.618058], [85.14169, 25.617949], [85.141631, 25.617894]]}, "properties": {"feature_type": "edge", "u": 192, "v": 198, "edge_key": 0, "length_m": 20.485, "is_bridged": false, "is_bridge": false, "edge_betweenness": 0.0, "width_m": 9.648}}, {"type": "Feature", "geometry": {"type": "LineString", "coordinates": [[85.129883, 25.617781], [85.130003, 25.617782], [85.130503, 25.617662], [85.130662, 25.617646]]}, "properties": {"feature_type": "edge", "u": 194, "v": 201, "edge_key": 0, "length_m": 84.627, "is_bridged": false, "is_bridge": false, "edge_betweenness": 0.0, "width_m": 8.534}}, {"type": "Feature", "geometry": {"type": "LineString", "coordinates": [[85.129883, 25.617781], [85.129886, 25.617636], [85.129866, 25.617618], [85.129868, 25.617474], [85.129849, 25.617437]]}, "properties": {"feature_type": "edge", "u": 194, "v": 213, "edge_key": 0, "length_m": 39.301, "is_bridged": false, "is_bridge": false, "edge_betweenness": 0.0, "width_m": 8.341}}, {"type": "Feature", "geometry": {"type": "LineString", "coordinates": [[85.127057, 25.617726], [85.127176, 25.61771], [85.127537, 25.61757], [85.128055, 25.617559], [85.128075, 25.617541], [85.128081, 25.617162], [85.128061, 25.617144]]}, "properties": {"feature_type": "edge", "u": 195, "v": 223, "edge_key": 0, "length_m": 155.941, "is_bridged": false, "is_bridge": false, "edge_betweenness": 0.0, "width_m": 8.449}}, {"type": "Feature", "geometry": {"type": "LineString", "coordinates": [[85.127057, 25.617726], [85.126961, 25.617454]]}, "properties": {"feature_type": "edge", "u": 195, "v": 206, "edge_key": 0, "length_m": 34.142, "is_bridged": false, "is_bridge": false, "edge_betweenness": 0.0, "width_m": 9.037}}, {"type": "Feature", "geometry": {"type": "LineString", "coordinates": [[85.132552, 25.617779], [85.132612, 25.617725], [85.132732, 25.617709], [85.132932, 25.617639], [85.133072, 25.617623]]}, "properties": {"feature_type": "edge", "u": 196, "v": 203, "edge_key": 0, "length_m": 60.271, "is_bridged": false, "is_bridge": false, "edge_betweenness": 0.0, "width_m": 8.6}}, {"type": "Feature", "geometry": {"type": "LineString", "coordinates": [[85.139202, 25.617827], [85.139162, 25.617845], [85.139023, 25.617843]]}, "properties": {"feature_type": "edge", "u": 197, "v": 199, "edge_key": 0, "length_m": 18.472, "is_bridged": false, "is_bridge": false, "edge_betweenness": 0.0, "width_m": 9.292}}, {"type": "Feature", "geometry": {"type": "LineString", "coordinates": [[85.139202, 25.617827], [85.139037, 25.616959]]}, "properties": {"feature_type": "edge", "u": 197, "v": 238, "edge_key": 0, "length_m": 103.1, "is_bridged": false, "is_bridge": false, "edge_betweenness": 0.0, "width_m": 8.529}}, {"type": "Feature", "geometry": {"type": "LineString", "coordinates": [[85.139202, 25.617827], [85.139822, 25.617691], [85.139921, 25.617692], [85.140341, 25.617607], [85.14044, 25.617609], [85.14076, 25.61754], [85.14086, 25.617542], [85.141179, 25.617473], [85.141578, 25.617424], [85.141619, 25.617389]]}, "properties": {"feature_type": "edge", "u": 197, "v": 219, "edge_key": 0, "length_m": 263.183, "is_bridged": false, "is_bridge": false, "edge_betweenness": 0.0, "width_m": 8.439}}, {"type": "Feature", "geometry": {"type": "LineString", "coordinates": [[85.141631, 25.617894], [85.141612, 25.617822]]}, "properties": {"feature_type": "edge", "u": 198, "v": 200, "edge_key": 0, "length_m": 8.325, "is_bridged": false, "is_bridge": false, "edge_betweenness": 0.0, "width_m": 10.667}}, {"type": "Feature", "geometry": {"type": "LineString", "coordinates": [[85.139023, 25.617843], [85.138966, 25.617662], [85.138967, 25.61759], [85.138928, 25.617517]]}, "properties": {"feature_type": "edge", "u": 199, "v": 215, "edge_key": 0, "length_m": 40.142, "is_bridged": false, "is_bridge": false, "edge_betweenness": 0.0, "width_m": 8.473}}, {"type": "Feature", "geometry": {"type": "LineString", "coordinates": [[85.141612, 25.617822], [85.141652, 25.617823]]}, "properties": {"feature_type": "edge", "u": 200, "v": 931, "edge_key": 0, "length_m": 4.0, "is_bridged": false, "is_bridge": false, "edge_betweenness": 0.0, "width_m": 4.0}}, {"type": "Feature", "geometry": {"type": "LineString", "coordinates": [[85.141652, 25.617823], [85.141612, 25.617822]]}, "properties": {"feature_type": "edge", "u": 200, "v": 931, "edge_key": 1, "length_m": 4.0, "is_bridged": false, "is_bridge": false, "edge_betweenness": 0.0, "width_m": 4.0}}, {"type": "Feature", "geometry": {"type": "LineString", "coordinates": [[85.141612, 25.617822], [85.141619, 25.617389]]}, "properties": {"feature_type": "edge", "u": 200, "v": 219, "edge_key": 0, "length_m": 48.0, "is_bridged": false, "is_bridge": false, "edge_betweenness": 0.0, "width_m": 15.257}}, {"type": "Feature", "geometry": {"type": "LineString", "coordinates": [[85.130662, 25.617646], [85.130943, 25.617505]]}, "properties": {"feature_type": "edge", "u": 201, "v": 209, "edge_key": 0, "length_m": 34.627, "is_bridged": false, "is_bridge": false, "edge_betweenness": 0.0, "width_m": 8.959}}, {"type": "Feature", "geometry": {"type": "LineString", "coordinates": [[85.126562, 25.61754], [85.126641, 25.617541], [85.126841, 25.617471], [85.126961, 25.617454]]}, "properties": {"feature_type": "edge", "u": 202, "v": 206, "edge_key": 0, "length_m": 43.786, "is_bridged": false, "is_bridge": false, "edge_betweenness": 0.0, "width_m": 8.708}}, {"type": "Feature", "geometry": {"type": "LineString", "coordinates": [[85.126562, 25.61754], [85.126522, 25.617503], [85.126466, 25.617304], [85.126426, 25.617285]]}, "properties": {"feature_type": "edge", "u": 202, "v": 217, "edge_key": 0, "length_m": 34.614, "is_bridged": false, "is_bridge": false, "edge_betweenness": 0.0, "width_m": 8.674}}, {"type": "Feature", "geometry": {"type": "LineString", "coordinates": [[85.133072, 25.617623], [85.133054, 25.617532], [85.132937, 25.617314], [85.132878, 25.617277]]}, "properties": {"feature_type": "edge", "u": 203, "v": 221, "edge_key": 0, "length_m": 46.743, "is_bridged": false, "is_bridge": false, "edge_betweenness": 0.0, "width_m": 8.845}}, {"type": "Feature", "geometry": {"type": "LineString", "coordinates": [[85.128713, 25.617513], [85.128673, 25.617494], [85.128661, 25.617007], [85.128641, 25.616988], [85.128646, 25.616682], [85.128627, 25.616645]]}, "properties": {"feature_type": "edge", "u": 204, "v": 250, "edge_key": 0, "length_m": 100.601, "is_bridged": false, "is_bridge": false, "edge_betweenness": 0.0, "width_m": 8.197}}, {"type": "Feature", "geometry": {"type": "LineString", "coordinates": [[85.128713, 25.617513], [85.128773, 25.617496], [85.128992, 25.617498], [85.129012, 25.617481], [85.129231, 25.617483], [85.129271, 25.617466]]}, "properties": {"feature_type": "edge", "u": 204, "v": 211, "edge_key": 0, "length_m": 58.129, "is_bridged": false, "is_bridge": false, "edge_betweenness": 0.0, "width_m": 8.263}}, {"type": "Feature", "geometry": {"type": "LineString", "coordinates": [[85.12505, 25.617448], [85.125249, 25.617432], [85.125329, 25.617397]]}, "properties": {"feature_type": "edge", "u": 205, "v": 212, "edge_key": 0, "length_m": 30.485, "is_bridged": false, "is_bridge": true, "edge_betweenness": 0.0, "width_m": 8.518}}, {"type": "Feature", "geometry": {"type": "LineString", "coordinates": [[85.126961, 25.617454], [85.127021, 25.617419], [85.127562, 25.617264], [85.127621, 25.617264], [85.127702, 25.617211]]}, "properties": {"feature_type": "edge", "u": 206, "v": 220, "edge_key": 0, "length_m": 85.598, "is_bridged": false, "is_bridge": false, "edge_betweenness": 0.0, "width_m": 8.628}}, {"type": "Feature", "geometry": {"type": "LineString", "coordinates": [[85.133292, 25.617535], [85.13302, 25.617153], [85.13302, 25.617117], [85.132865, 25.616826]]}, "properties": {"feature_type": "edge", "u": 207, "v": 243, "edge_key": 0, "length_m": 95.869, "is_bridged": false, "is_bridge": false, "edge_betweenness": 0.0, "width_m": 8.918}}, {"type": "Feature", "geometry": {"type": "LineString", "coordinates": [[85.13604, 25.617571], [85.13646, 25.617486], [85.137039, 25.61733], [85.137799, 25.617178], [85.137859, 25.61716], [85.137919, 25.617107]]}, "properties": {"feature_type": "edge", "u": 208, "v": 233, "edge_key": 0, "length_m": 210.368, "is_bridged": false, "is_bridge": false, "edge_betweenness": 0.0, "width_m": 8.447}}, {"type": "Feature", "geometry": {"type": "LineString", "coordinates": [[85.13604, 25.617571], [85.135905, 25.617262], [85.135696, 25.616645], [85.135657, 25.616609]]}, "properties": {"feature_type": "edge", "u": 208, "v": 256, "edge_key": 0, "length_m": 122.212, "is_bridged": false, "is_bridge": false, "edge_betweenness": 0.0, "width_m": 8.592}}, {"type": "Feature", "geometry": {"type": "LineString", "coordinates": [[85.130943, 25.617505], [85.131621, 25.617424]]}, "properties": {"feature_type": "edge", "u": 209, "v": 214, "edge_key": 0, "length_m": 72.142, "is_bridged": false, "is_bridge": true, "edge_betweenness": 0.0, "width_m": 8.222}}, {"type": "Feature", "geometry": {"type": "LineString", "coordinates": [[85.130943, 25.617505], [85.130796, 25.616727], [85.130776, 25.616709], [85.130577, 25.616724], [85.130538, 25.616688], [85.130424, 25.616307], [85.130425, 25.616235]]}, "properties": {"feature_type": "edge", "u": 209, "v": 277, "edge_key": 0, "length_m": 176.912, "is_bridged": false, "is_bridge": false, "edge_betweenness": 0.0, "width_m": 8.41}}, {"type": "Feature", "geometry": {"type": "LineString", "coordinates": [[85.131759, 25.617516], [85.131779, 25.617534], [85.131979, 25.617464], [85.131982, 25.617284], [85.132002, 25.617266], [85.132202, 25.617233], [85.132622, 25.617112], [85.132782, 25.617096]]}, "properties": {"feature_type": "edge", "u": 210, "v": 230, "edge_key": 0, "length_m": 135.255, "is_bridged": false, "is_bridge": true, "edge_betweenness": 0.0, "width_m": 8.356}}, {"type": "Feature", "geometry": {"type": "LineString", "coordinates": [[85.129271, 25.617466], [85.129849, 25.617437]]}, "properties": {"feature_type": "edge", "u": 211, "v": 213, "edge_key": 0, "length_m": 59.657, "is_bridged": false, "is_bridge": false, "edge_betweenness": 0.0, "width_m": 8.22}}, {"type": "Feature", "geometry": {"type": "LineString", "coordinates": [[85.129271, 25.617466], [85.129224, 25.616635]]}, "properties": {"feature_type": "edge", "u": 211, "v": 251, "edge_key": 0, "length_m": 94.485, "is_bridged": false, "is_bridge": false, "edge_betweenness": 0.0, "width_m": 8.179}}, {"type": "Feature", "geometry": {"type": "LineString", "coordinates": [[85.125329, 25.617397], [85.125409, 25.617398], [85.125689, 25.617294], [85.125869, 25.61726]]}, "properties": {"feature_type": "edge", "u": 212, "v": 218, "edge_key": 0, "length_m": 60.627, "is_bridged": false, "is_bridge": false, "edge_betweenness": 0.0, "width_m": 8.909}}, {"type": "Feature", "geometry": {"type": "LineString", "coordinates": [[85.125329, 25.617397], [85.12531, 25.617379], [85.125311, 25.617307], [85.125194, 25.617107], [85.125176, 25.616998]]}, "properties": {"feature_type": "edge", "u": 212, "v": 228, "edge_key": 0, "length_m": 50.627, "is_bridged": false, "is_bridge": false, "edge_betweenness": 0.0, "width_m": 9.072}}, {"type": "Feature", "geometry": {"type": "LineString", "coordinates": [[85.129849, 25.617437], [85.129853, 25.617203]]}, "properties": {"feature_type": "edge", "u": 213, "v": 222, "edge_key": 0, "length_m": 26.0, "is_bridged": false, "is_bridge": false, "edge_betweenness": 0.0, "width_m": 8.355}}, {"type": "Feature", "geometry": {"type": "LineString", "coordinates": [[85.138928, 25.617517], [85.138809, 25.617516], [85.138789, 25.617533], [85.13823, 25.617616], [85.138171, 25.617562], [85.138152, 25.617507], [85.138098, 25.617127]]}, "properties": {"feature_type": "edge", "u": 215, "v": 231, "edge_key": 0, "length_m": 134.77, "is_bridged": false, "is_bridge": false, "edge_betweenness": 0.0, "width_m": 8.287}}, {"type": "Feature", "geometry": {"type": "LineString", "coordinates": [[85.138928, 25.617517], [85.13893, 25.617409], [85.138892, 25.617318], [85.138837, 25.61701]]}, "properties": {"feature_type": "edge", "u": 215, "v": 235, "edge_key": 0, "length_m": 60.142, "is_bridged": false, "is_bridge": false, "edge_betweenness": 0.0, "width_m": 8.403}}, {"type": "Feature", "geometry": {"type": "LineString", "coordinates": [[85.132418, 25.617398], [85.132599, 25.617328], [85.132658, 25.617329], [85.132799, 25.617276], [85.132878, 25.617277]]}, "properties": {"feature_type": "edge", "u": 216, "v": 221, "edge_key": 0, "length_m": 51.799, "is_bridged": false, "is_bridge": true, "edge_betweenness": 0.0, "width_m": 8.411}}, {"type": "Feature", "geometry": {"type": "LineString", "coordinates": [[85.126426, 25.617285], [85.126366, 25.617284], [85.126166, 25.617354], [85.125967, 25.617387], [85.125869, 25.61726]]}, "properties": {"feature_type": "edge", "u": 217, "v": 218, "edge_key": 0, "length_m": 69.113, "is_bridged": false, "is_bridge": false, "edge_betweenness": 0.0, "width_m": 8.441}}, {"type": "Feature", "geometry": {"type": "LineString", "coordinates": [[85.126426, 25.617285], [85.126428, 25.617195], [85.126236, 25.616687], [85.126238, 25.616597], [85.126218, 25.616578], [85.12622, 25.616488], [85.126163, 25.616253], [85.126167, 25.616054]]}, "properties": {"feature_type": "edge", "u": 217, "v": 283, "edge_key": 0, "length_m": 147.598, "is_bridged": false, "is_bridge": false, "edge_betweenness": 0.0, "width_m": 8.416}}, {"type": "Feature", "geometry": {"type": "LineString", "coordinates": [[85.125869, 25.61726], [85.12587, 25.61717], [85.125814, 25.616952], [85.125756, 25.616843]]}, "properties": {"feature_type": "edge", "u": 218, "v": 236, "edge_key": 0, "length_m": 50.971, "is_bridged": false, "is_bridge": false, "edge_betweenness": 0.0, "width_m": 8.493}}, {"type": "Feature", "geometry": {"type": "LineString", "coordinates": [[85.141619, 25.617389], [85.141679, 25.617335], [85.14168, 25.617263]]}, "properties": {"feature_type": "edge", "u": 219, "v": 226, "edge_key": 0, "length_m": 16.485, "is_bridged": false, "is_bridge": false, "edge_betweenness": 0.0, "width_m": 9.888}}, {"type": "Feature", "geometry": {"type": "LineString", "coordinates": [[85.141619, 25.617389], [85.14158, 25.617334], [85.141601, 25.617262]]}, "properties": {"feature_type": "edge", "u": 219, "v": 225, "edge_key": 0, "length_m": 16.04, "is_bridged": false, "is_bridge": false, "edge_betweenness": 0.0, "width_m": 9.698}}, {"type": "Feature", "geometry": {"type": "LineString", "coordinates": [[85.127702, 25.617211], [85.127801, 25.617212], [85.128002, 25.617143], [85.128061, 25.617144]]}, "properties": {"feature_type": "edge", "u": 220, "v": 223, "edge_key": 0, "length_m": 39.314, "is_bridged": false, "is_bridge": false, "edge_betweenness": 0.0, "width_m": 8.814}}, {"type": "Feature", "geometry": {"type": "LineString", "coordinates": [[85.127702, 25.617211], [85.127682, 25.617193], [85.127684, 25.617103], [85.127645, 25.617048]]}, "properties": {"feature_type": "edge", "u": 220, "v": 229, "edge_key": 0, "length_m": 20.485, "is_bridged": false, "is_bridge": false, "edge_betweenness": 0.0, "width_m": 8.615}}, {"type": "Feature", "geometry": {"type": "LineString", "coordinates": [[85.132878, 25.617277], [85.132879, 25.617205], [85.132841, 25.617132], [85.132782, 25.617096]]}, "properties": {"feature_type": "edge", "u": 221, "v": 230, "edge_key": 0, "length_m": 24.957, "is_bridged": false, "is_bridge": false, "edge_betweenness": 0.0, "width_m": 8.472}}, {"type": "Feature", "geometry": {"type": "LineString", "coordinates": [[85.129853, 25.617203], [85.130111, 25.617206], [85.130172, 25.617171], [85.130158, 25.616791]]}, "properties": {"feature_type": "edge", "u": 222, "v": 242, "edge_key": 0, "length_m": 76.485, "is_bridged": false, "is_bridge": false, "edge_betweenness": 0.0, "width_m": 8.197}}, {"type": "Feature", "geometry": {"type": "LineString", "coordinates": [[85.129853, 25.617203], [85.129834, 25.617148], [85.129839, 25.616805]]}, "properties": {"feature_type": "edge", "u": 222, "v": 241, "edge_key": 0, "length_m": 44.828, "is_bridged": false, "is_bridge": false, "edge_betweenness": 0.0, "width_m": 8.203}}, {"type": "Feature", "geometry": {"type": "LineString", "coordinates": [[85.128061, 25.617144], [85.128065, 25.616927], [85.128045, 25.616909], [85.128029, 25.616674]]}, "properties": {"feature_type": "edge", "u": 223, "v": 247, "edge_key": 0, "length_m": 53.657, "is_bridged": false, "is_bridge": false, "edge_betweenness": 0.0, "width_m": 8.359}}, {"type": "Feature", "geometry": {"type": "LineString", "coordinates": [[85.141601, 25.617262], [85.14168, 25.617263]]}, "properties": {"feature_type": "edge", "u": 225, "v": 226, "edge_key": 0, "length_m": 8.0, "is_bridged": false, "is_bridge": false, "edge_betweenness": 0.0, "width_m": 8.315}}, {"type": "Feature", "geometry": {"type": "LineString", "coordinates": [[85.141601, 25.617262], [85.141627, 25.616847], [85.141647, 25.616829], [85.141671, 25.616613]]}, "properties": {"feature_type": "edge", "u": 225, "v": 261, "edge_key": 0, "length_m": 74.485, "is_bridged": false, "is_bridge": false, "edge_betweenness": 0.0, "width_m": 8.176}}, {"type": "Feature", "geometry": {"type": "LineString", "coordinates": [[85.14168, 25.617263], [85.141784, 25.61703], [85.141885, 25.616887], [85.142047, 25.616744], [85.142068, 25.616672]]}, "properties": {"feature_type": "edge", "u": 226, "v": 257, "edge_key": 0, "length_m": 81.74, "is_bridged": false, "is_bridge": false, "edge_betweenness": 0.0, "width_m": 9.049}}, {"type": "Feature", "geometry": {"type": "LineString", "coordinates": [[85.131436, 25.616537], [85.131435, 25.616627], [85.131511, 25.616863], [85.13151, 25.616935], [85.131548, 25.617008], [85.131555, 25.617134], [85.131585, 25.617189], [85.131625, 25.617207], [85.131964, 25.617139]]}, "properties": {"feature_type": "edge", "u": 227, "v": 255, "edge_key": 0, "length_m": 120.037, "is_bridged": true, "is_bridge": true, "edge_betweenness": 0.0, "width_m": 8.222}}, {"type": "Feature", "geometry": {"type": "LineString", "coordinates": [[85.125176, 25.616998], [85.125696, 25.616842], [85.125756, 25.616843]]}, "properties": {"feature_type": "edge", "u": 228, "v": 236, "edge_key": 0, "length_m": 65.1, "is_bridged": false, "is_bridge": false, "edge_betweenness": 0.0, "width_m": 8.48}}, {"type": "Feature", "geometry": {"type": "LineString", "coordinates": [[85.125176, 25.616998], [85.125137, 25.61698], [85.125098, 25.616907], [85.125099, 25.616835], [85.125119, 25.616817], [85.12562, 25.616643], [85.125699, 25.616644]]}, "properties": {"feature_type": "edge", "u": 228, "v": 248, "edge_key": 0, "length_m": 91.242, "is_bridged": false, "is_bridge": false, "edge_betweenness": 0.0, "width_m": 8.839}}, {"type": "Feature", "geometry": {"type": "LineString", "coordinates": [[85.127645, 25.617048], [85.127545, 25.617047], [85.126965, 25.61722], [85.126885, 25.617219], [85.126846, 25.617164], [85.126828, 25.617037], [85.126771, 25.616892], [85.126772, 25.61682]]}, "properties": {"feature_type": "edge", "u": 229, "v": 237, "edge_key": 0, "length_m": 133.255, "is_bridged": false, "is_bridge": false, "edge_betweenness": 0.0, "width_m": 8.716}}, {"type": "Feature", "geometry": {"type": "LineString", "coordinates": [[85.127645, 25.617048], [85.127627, 25.616885], [85.127589, 25.616794], [85.12759, 25.616704]]}, "properties": {"feature_type": "edge", "u": 229, "v": 245, "edge_key": 0, "length_m": 40.485, "is_bridged": false, "is_bridge": false, "edge_betweenness": 0.0, "width_m": 8.616}}, {"type": "Feature", "geometry": {"type": "LineString", "coordinates": [[85.132782, 25.617096], [85.132783, 25.617005], [85.132725, 25.616914], [85.132725, 25.61686]]}, "properties": {"feature_type": "edge", "u": 230, "v": 239, "edge_key": 0, "length_m": 28.485, "is_bridged": false, "is_bridge": false, "edge_betweenness": 0.0, "width_m": 9.239}}, {"type": "Feature", "geometry": {"type": "LineString", "coordinates": [[85.138098, 25.617127], [85.137959, 25.617126], [85.137919, 25.617107]]}, "properties": {"feature_type": "edge", "u": 231, "v": 233, "edge_key": 0, "length_m": 18.472, "is_bridged": false, "is_bridge": false, "edge_betweenness": 0.0, "width_m": 8.914}}, {"type": "Feature", "geometry": {"type": "LineString", "coordinates": [[85.138098, 25.617127], [85.138198, 25.617093], [85.138378, 25.617077], [85.138677, 25.617008], [85.138837, 25.61701]]}, "properties": {"feature_type": "edge", "u": 231, "v": 235, "edge_key": 0, "length_m": 79.799, "is_bridged": false, "is_bridge": false, "edge_betweenness": 0.0, "width_m": 8.434}}, {"type": "Feature", "geometry": {"type": "LineString", "coordinates": [[85.137919, 25.617107], [85.137783, 25.616889], [85.137748, 25.616599]]}, "properties": {"feature_type": "edge", "u": 233, "v": 259, "edge_key": 0, "length_m": 63.1, "is_bridged": false, "is_bridge": false, "edge_betweenness": 0.0, "width_m": 8.691}}, {"type": "Feature", "geometry": {"type": "LineString", "coordinates": [[85.138837, 25.61701], [85.138877, 25.616975], [85.139037, 25.616959]]}, "properties": {"feature_type": "edge", "u": 235, "v": 238, "edge_key": 0, "length_m": 22.485, "is_bridged": false, "is_bridge": false, "edge_betweenness": 0.0, "width_m": 9.277}}, {"type": "Feature", "geometry": {"type": "LineString", "coordinates": [[85.125756, 25.616843], [85.125739, 25.61668], [85.125699, 25.616644]]}, "properties": {"feature_type": "edge", "u": 236, "v": 248, "edge_key": 0, "length_m": 24.485, "is_bridged": false, "is_bridge": false, "edge_betweenness": 0.0, "width_m": 8.515}}, {"type": "Feature", "geometry": {"type": "LineString", "coordinates": [[85.126772, 25.61682], [85.12759, 25.616704]]}, "properties": {"feature_type": "edge", "u": 237, "v": 245, "edge_key": 0, "length_m": 87.443, "is_bridged": false, "is_bridge": false, "edge_betweenness": 0.0, "width_m": 8.419}}, {"type": "Feature", "geometry": {"type": "LineString", "coordinates": [[85.126772, 25.61682], [85.126733, 25.616765], [85.126734, 25.616675], [85.126715, 25.616657], [85.126679, 25.616422]]}, "properties": {"feature_type": "edge", "u": 237, "v": 260, "edge_key": 0, "length_m": 47.786, "is_bridged": false, "is_bridge": false, "edge_betweenness": 0.0, "width_m": 8.415}}, {"type": "Feature", "geometry": {"type": "LineString", "coordinates": [[85.139037, 25.616959], [85.139376, 25.616873], [85.139456, 25.616874], [85.140136, 25.61672], [85.140535, 25.616671], [85.140555, 25.616653], [85.141671, 25.616613]]}, "properties": {"feature_type": "edge", "u": 238, "v": 261, "edge_key": 0, "length_m": 281.397, "is_bridged": false, "is_bridge": false, "edge_betweenness": 0.0, "width_m": 8.265}}, {"type": "Feature", "geometry": {"type": "LineString", "coordinates": [[85.132725, 25.61686], [85.132686, 25.616842], [85.132589, 25.61666], [85.132397, 25.616188]]}, "properties": {"feature_type": "edge", "u": 239, "v": 267, "edge_key": 0, "length_m": 86.489, "is_bridged": false, "is_bridge": false, "edge_betweenness": 0.0, "width_m": 8.718}}, {"type": "Feature", "geometry": {"type": "LineString", "coordinates": [[85.132725, 25.61686], [85.132865, 25.616826]]}, "properties": {"feature_type": "edge", "u": 239, "v": 243, "edge_key": 0, "length_m": 14.797, "is_bridged": false, "is_bridge": false, "edge_betweenness": 0.0, "width_m": 10.108}}, {"type": "Feature", "geometry": {"type": "LineString", "coordinates": [[85.129839, 25.616805], [85.129819, 25.616787], [85.129822, 25.616624]]}, "properties": {"feature_type": "edge", "u": 241, "v": 252, "edge_key": 0, "length_m": 20.828, "is_bridged": false, "is_bridge": false, "edge_betweenness": 0.0, "width_m": 8.663}}, {"type": "Feature", "geometry": {"type": "LineString", "coordinates": [[85.129839, 25.616805], [85.130158, 25.616791]]}, "properties": {"feature_type": "edge", "u": 241, "v": 242, "edge_key": 0, "length_m": 32.828, "is_bridged": false, "is_bridge": false, "edge_betweenness": 0.0, "width_m": 8.568}}, {"type": "Feature", "geometry": {"type": "LineString", "coordinates": [[85.130158, 25.616791], [85.130144, 25.616376], [85.130125, 25.616321]]}, "properties": {"feature_type": "edge", "u": 242, "v": 272, "edge_key": 0, "length_m": 53.657, "is_bridged": false, "is_bridge": false, "edge_betweenness": 0.0, "width_m": 8.378}}, {"type": "Feature", "geometry": {"type": "LineString", "coordinates": [[85.132865, 25.616826], [85.133085, 25.616811], [85.133565, 25.61669], [85.133664, 25.616692]]}, "properties": {"feature_type": "edge", "u": 243, "v": 253, "edge_key": 0, "length_m": 86.627, "is_bridged": false, "is_bridge": false, "edge_betweenness": 0.0, "width_m": 8.445}}, {"type": "Feature", "geometry": {"type": "LineString", "coordinates": [[85.132865, 25.616826], [85.132806, 25.616789], [85.132807, 25.616735], [85.13269, 25.616571], [85.132672, 25.616462]]}, "properties": {"feature_type": "edge", "u": 243, "v": 262, "edge_key": 0, "length_m": 49.01, "is_bridged": false, "is_bridge": false, "edge_betweenness": 0.0, "width_m": 8.966}}, {"type": "Feature", "geometry": {"type": "LineString", "coordinates": [[85.12759, 25.616704], [85.128029, 25.616674]]}, "properties": {"feature_type": "edge", "u": 245, "v": 247, "edge_key": 0, "length_m": 45.657, "is_bridged": false, "is_bridge": false, "edge_betweenness": 0.0, "width_m": 8.406}}, {"type": "Feature", "geometry": {"type": "LineString", "coordinates": [[85.128029, 25.616674], [85.128627, 25.616645]]}, "properties": {"feature_type": "edge", "u": 247, "v": 250, "edge_key": 0, "length_m": 61.657, "is_bridged": false, "is_bridge": false, "edge_betweenness": 0.0, "width_m": 8.326}}, {"type": "Feature", "geometry": {"type": "LineString", "coordinates": [[85.128029, 25.616674], [85.128034, 25.616367]]}, "properties": {"feature_type": "edge", "u": 247, "v": 265, "edge_key": 0, "length_m": 34.0, "is_bridged": false, "is_bridge": false, "edge_betweenness": 0.0, "width_m": 8.575}}, {"type": "Feature", "geometry": {"type": "LineString", "coordinates": [[85.125699, 25.616644], [85.125701, 25.616554], [85.125643, 25.616408], [85.125644, 25.616354], [85.125625, 25.6163], [85.125586, 25.616281]]}, "properties": {"feature_type": "edge", "u": 248, "v": 270, "edge_key": 0, "length_m": 45.786, "is_bridged": false, "is_bridge": false, "edge_betweenness": 0.0, "width_m": 8.519}}, {"type": "Feature", "geometry": {"type": "LineString", "coordinates": [[85.135017, 25.616763], [85.135137, 25.616747], [85.135597, 25.616608], [85.135657, 25.616609]]}, "properties": {"feature_type": "edge", "u": 249, "v": 256, "edge_key": 0, "length_m": 71.456, "is_bridged": false, "is_bridge": true, "edge_betweenness": 0.0, "width_m": 8.472}}, {"type": "Feature", "geometry": {"type": "LineString", "coordinates": [[85.128627, 25.616645], [85.129224, 25.616635]]}, "properties": {"feature_type": "edge", "u": 250, "v": 251, "edge_key": 0, "length_m": 60.828, "is_bridged": false, "is_bridge": false, "edge_betweenness": 0.0, "width_m": 8.304}}, {"type": "Feature", "geometry": {"type": "LineString", "coordinates": [[85.128627, 25.616645], [85.128611, 25.616356]]}, "properties": {"feature_type": "edge", "u": 250, "v": 266, "edge_key": 0, "length_m": 32.828, "is_bridged": false, "is_bridge": false, "edge_betweenness": 0.0, "width_m": 8.568}}, {"type": "Feature", "geometry": {"type": "LineString", "coordinates": [[85.129224, 25.616635], [85.129822, 25.616624]]}, "properties": {"feature_type": "edge", "u": 251, "v": 252, "edge_key": 0, "length_m": 60.828, "is_bridged": false, "is_bridge": false, "edge_betweenness": 0.0, "width_m": 8.294}}, {"type": "Feature", "geometry": {"type": "LineString", "coordinates": [[85.129224, 25.616635], [85.12919, 25.616291]]}, "properties": {"feature_type": "edge", "u": 251, "v": 273, "edge_key": 0, "length_m": 39.657, "is_bridged": false, "is_bridge": false, "edge_betweenness": 0.0, "width_m": 8.495}}, {"type": "Feature", "geometry": {"type": "LineString", "coordinates": [[85.129822, 25.616624], [85.129806, 25.616353]]}, "properties": {"feature_type": "edge", "u": 252, "v": 268, "edge_key": 0, "length_m": 30.828, "is_bridged": false, "is_bridge": false, "edge_betweenness": 0.0, "width_m": 8.608}}, {"type": "Feature", "geometry": {"type": "LineString", "coordinates": [[85.133664, 25.616692], [85.133743, 25.616711], [85.133903, 25.616677], [85.133983, 25.616642], [85.134123, 25.616625], [85.134203, 25.61659], [85.134343, 25.616574], [85.134423, 25.616539], [85.135063, 25.616403], [85.135463, 25.616281], [85.135542, 25.616282]]}, "properties": {"feature_type": "edge", "u": 253, "v": 279, "edge_key": 0, "length_m": 209.539, "is_bridged": false, "is_bridge": false, "edge_betweenness": 0.0, "width_m": 8.406}}, {"type": "Feature", "geometry": {"type": "LineString", "coordinates": [[85.133664, 25.616692], [85.133666, 25.616583], [85.133591, 25.616293], [85.133592, 25.616203]]}, "properties": {"feature_type": "edge", "u": 253, "v": 280, "edge_key": 0, "length_m": 57.314, "is_bridged": false, "is_bridge": false, "edge_betweenness": 0.0, "width_m": 8.372}}, {"type": "Feature", "geometry": {"type": "LineString", "coordinates": [[85.130898, 25.616548], [85.131278, 25.616444], [85.131378, 25.616446]]}, "properties": {"feature_type": "edge", "u": 254, "v": 264, "edge_key": 0, "length_m": 52.971, "is_bridged": false, "is_bridge": true, "edge_betweenness": 0.0, "width_m": 8.393}}, {"type": "Feature", "geometry": {"type": "LineString", "coordinates": [[85.131436, 25.616537], [85.131616, 25.616503], [85.132076, 25.616364], [85.132257, 25.616258], [85.132337, 25.616241], [85.132397, 25.616188]]}, "properties": {"feature_type": "edge", "u": 255, "v": 267, "edge_key": 0, "length_m": 112.212, "is_bridged": false, "is_bridge": false, "edge_betweenness": 0.0, "width_m": 8.534}}, {"type": "Feature", "geometry": {"type": "LineString", "coordinates": [[85.131436, 25.616537], [85.131378, 25.616446]]}, "properties": {"feature_type": "edge", "u": 255, "v": 264, "edge_key": 0, "length_m": 12.129, "is_bridged": false, "is_bridge": false, "edge_betweenness": 0.0, "width_m": 9.367}}, {"type": "Feature", "geometry": {"type": "LineString", "coordinates": [[85.135657, 25.616609], [85.135639, 25.616482], [85.135542, 25.616282]]}, "properties": {"feature_type": "edge", "u": 256, "v": 279, "edge_key": 0, "length_m": 40.614, "is_bridged": false, "is_bridge": false, "edge_betweenness": 0.0, "width_m": 8.525}}, {"type": "Feature", "geometry": {"type": "LineString", "coordinates": [[85.142068, 25.616672], [85.141909, 25.616634], [85.141752, 25.616506]]}, "properties": {"feature_type": "edge", "u": 257, "v": 269, "edge_key": 0, "length_m": 39.1, "is_bridged": false, "is_bridge": false, "edge_betweenness": 0.0, "width_m": 9.279}}, {"type": "Feature", "geometry": {"type": "LineString", "coordinates": [[85.142068, 25.616672], [85.142108, 25.616673], [85.142228, 25.616602], [85.142329, 25.616513], [85.142371, 25.616405]]}, "properties": {"feature_type": "edge", "u": 257, "v": 276, "edge_key": 0, "length_m": 47.113, "is_bridged": false, "is_bridge": false, "edge_betweenness": 0.0, "width_m": 10.826}}, {"type": "Feature", "geometry": {"type": "LineString", "coordinates": [[85.125025, 25.616455], [85.125506, 25.61628], [85.125586, 25.616281]]}, "properties": {"feature_type": "edge", "u": 258, "v": 270, "edge_key": 0, "length_m": 64.284, "is_bridged": false, "is_bridge": true, "edge_betweenness": 0.0, "width_m": 8.54}}, {"type": "Feature", "geometry": {"type": "LineString", "coordinates": [[85.137748, 25.616599], [85.138366, 25.616517], [85.138426, 25.6165], [85.138487, 25.616446], [85.138489, 25.616302], [85.13847, 25.616284], [85.138471, 25.616175], [85.138433, 25.616048], [85.138435, 25.61594], [85.138415, 25.615922], [85.138417, 25.615813], [85.138397, 25.615795], [85.138362, 25.615506]]}, "properties": {"feature_type": "edge", "u": 259, "v": 316, "edge_key": 0, "length_m": 190.899, "is_bridged": false, "is_bridge": false, "edge_betweenness": 0.0, "width_m": 8.29}}, {"type": "Feature", "geometry": {"type": "LineString", "coordinates": [[85.137748, 25.616599], [85.137709, 25.616545], [85.13771, 25.616472], [85.137635, 25.616183], [85.137618, 25.615984], [85.137562, 25.615766], [85.137563, 25.615658]]}, "properties": {"feature_type": "edge", "u": 259, "v": 310, "edge_key": 0, "length_m": 111.928, "is_bridged": false, "is_bridge": false, "edge_betweenness": 0.0, "width_m": 8.402}}, {"type": "Feature", "geometry": {"type": "LineString", "coordinates": [[85.126679, 25.616422], [85.126978, 25.616389]]}, "properties": {"feature_type": "edge", "u": 260, "v": 263, "edge_key": 0, "length_m": 31.301, "is_bridged": false, "is_bridge": false, "edge_betweenness": 0.0, "width_m": 8.202}}, {"type": "Feature", "geometry": {"type": "LineString", "coordinates": [[85.126679, 25.616422], [85.126623, 25.616186], [85.126607, 25.615933]]}, "properties": {"feature_type": "edge", "u": 260, "v": 293, "edge_key": 0, "length_m": 57.314, "is_bridged": false, "is_bridge": false, "edge_betweenness": 0.0, "width_m": 8.254}}, {"type": "Feature", "geometry": {"type": "LineString", "coordinates": [[85.141671, 25.616613], [85.141712, 25.616523], [85.141752, 25.616506]]}, "properties": {"feature_type": "edge", "u": 261, "v": 269, "edge_key": 0, "length_m": 16.129, "is_bridged": false, "is_bridge": false, "edge_betweenness": 0.0, "width_m": 9.584}}, {"type": "Feature", "geometry": {"type": "LineString", "coordinates": [[85.132672, 25.616462], [85.132574, 25.616389], [85.132397, 25.616188]]}, "properties": {"feature_type": "edge", "u": 262, "v": 267, "edge_key": 0, "length_m": 41.383, "is_bridged": false, "is_bridge": false, "edge_betweenness": 0.0, "width_m": 8.515}}, {"type": "Feature", "geometry": {"type": "LineString", "coordinates": [[85.132672, 25.616462], [85.133033, 25.616322]]}, "properties": {"feature_type": "edge", "u": 262, "v": 275, "edge_key": 0, "length_m": 42.271, "is_bridged": false, "is_bridge": true, "edge_betweenness": 0.0, "width_m": 8.814}}, {"type": "Feature", "geometry": {"type": "LineString", "coordinates": [[85.126978, 25.616389], [85.128015, 25.616294]]}, "properties": {"feature_type": "edge", "u": 263, "v": 271, "edge_key": 0, "length_m": 108.971, "is_bridged": false, "is_bridge": false, "edge_betweenness": 0.0, "width_m": 8.195}}, {"type": "Feature", "geometry": {"type": "LineString", "coordinates": [[85.126978, 25.616389], [85.126983, 25.616046]]}, "properties": {"feature_type": "edge", "u": 263, "v": 284, "edge_key": 0, "length_m": 38.0, "is_bridged": false, "is_bridge": false, "edge_betweenness": 0.0, "width_m": 8.105}}, {"type": "Feature", "geometry": {"type": "LineString", "coordinates": [[85.131378, 25.616446], [85.13138, 25.616319], [85.131304, 25.616048], [85.131365, 25.615976], [85.131366, 25.615922], [85.131289, 25.615777], [85.13127, 25.615686], [85.131231, 25.615649]]}, "properties": {"feature_type": "edge", "u": 264, "v": 307, "edge_key": 0, "length_m": 99.598, "is_bridged": false, "is_bridge": false, "edge_betweenness": 0.0, "width_m": 8.505}}, {"type": "Feature", "geometry": {"type": "LineString", "coordinates": [[85.128034, 25.616367], [85.128015, 25.616294]]}, "properties": {"feature_type": "edge", "u": 265, "v": 271, "edge_key": 0, "length_m": 8.828, "is_bridged": false, "is_bridge": false, "edge_betweenness": 0.0, "width_m": 9.828}}, {"type": "Feature", "geometry": {"type": "LineString", "coordinates": [[85.128034, 25.616367], [85.128611, 25.616356]]}, "properties": {"feature_type": "edge", "u": 265, "v": 266, "edge_key": 0, "length_m": 58.828, "is_bridged": false, "is_bridge": false, "edge_betweenness": 0.0, "width_m": 8.329}}, {"type": "Feature", "geometry": {"type": "LineString", "coordinates": [[85.128611, 25.616356], [85.128543, 25.615597]]}, "properties": {"feature_type": "edge", "u": 266, "v": 306, "edge_key": 0, "length_m": 87.314, "is_bridged": false, "is_bridge": false, "edge_betweenness": 0.0, "width_m": 8.3}}, {"type": "Feature", "geometry": {"type": "LineString", "coordinates": [[85.132397, 25.616188], [85.132521, 25.6164]]}, "properties": {"feature_type": "edge", "u": 267, "v": 932, "edge_key": 0, "length_m": 27.869, "is_bridged": false, "is_bridge": false, "edge_betweenness": 0.0, "width_m": 4.0}}, {"type": "Feature", "geometry": {"type": "LineString", "coordinates": [[85.132521, 25.6164], [85.132534, 25.616388], [85.132397, 25.616188]]}, "properties": {"feature_type": "edge", "u": 267, "v": 932, "edge_key": 1, "length_m": 27.869, "is_bridged": false, "is_bridge": false, "edge_betweenness": 0.0, "width_m": 4.0}}, {"type": "Feature", "geometry": {"type": "LineString", "coordinates": [[85.132397, 25.616188], [85.132438, 25.616134]]}, "properties": {"feature_type": "edge", "u": 267, "v": 933, "edge_key": 0, "length_m": 7.211, "is_bridged": false, "is_bridge": false, "edge_betweenness": 0.0, "width_m": 5.333}}, {"type": "Feature", "geometry": {"type": "LineString", "coordinates": [[85.132438, 25.616134], [85.132397, 25.616188]]}, "properties": {"feature_type": "edge", "u": 267, "v": 933, "edge_key": 1, "length_m": 7.211, "is_bridged": false, "is_bridge": false, "edge_betweenness": 0.0, "width_m": 5.333}}, {"type": "Feature", "geometry": {"type": "LineString", "coordinates": [[85.132397, 25.616188], [85.132555, 25.61628], [85.132595, 25.616281], [85.132715, 25.616228], [85.132776, 25.616175]]}, "properties": {"feature_type": "edge", "u": 267, "v": 282, "edge_key": 0, "length_m": 45.839, "is_bridged": false, "is_bridge": false, "edge_betweenness": 0.0, "width_m": 8.674}}, {"type": "Feature", "geometry": {"type": "LineString", "coordinates": [[85.132397, 25.616188], [85.132242, 25.615969], [85.131874, 25.615279], [85.131836, 25.615152]]}, "properties": {"feature_type": "edge", "u": 267, "v": 328, "edge_key": 0, "length_m": 136.241, "is_bridged": false, "is_bridge": false, "edge_betweenness": 0.0, "width_m": 8.876}}, {"type": "Feature", "geometry": {"type": "LineString", "coordinates": [[85.132397, 25.616188], [85.132342, 25.615916], [85.132168, 25.615553], [85.13215, 25.615427]]}, "properties": {"feature_type": "edge", "u": 267, "v": 315, "edge_key": 0, "length_m": 92.92, "is_bridged": false, "is_bridge": false, "edge_betweenness": 0.0, "width_m": 8.383}}, {"type": "Feature", "geometry": {"type": "LineString", "coordinates": [[85.129806, 25.616353], [85.130125, 25.616321]]}, "properties": {"feature_type": "edge", "u": 268, "v": 272, "edge_key": 0, "length_m": 33.657, "is_bridged": false, "is_bridge": false, "edge_betweenness": 0.0, "width_m": 8.41}}, {"type": "Feature", "geometry": {"type": "LineString", "coordinates": [[85.129806, 25.616353], [85.129807, 25.616281]]}, "properties": {"feature_type": "edge", "u": 268, "v": 274, "edge_key": 0, "length_m": 8.0, "is_bridged": false, "is_bridge": false, "edge_betweenness": 0.0, "width_m": 9.105}}, {"type": "Feature", "geometry": {"type": "LineString", "coordinates": [[85.141752, 25.616506], [85.141754, 25.616343], [85.141775, 25.616326], [85.141797, 25.616181]]}, "properties": {"feature_type": "edge", "u": 269, "v": 291, "edge_key": 0, "length_m": 37.657, "is_bridged": false, "is_bridge": false, "edge_betweenness": 0.0, "width_m": 9.716}}, {"type": "Feature", "geometry": {"type": "LineString", "coordinates": [[85.125586, 25.616281], [85.125569, 25.616082]]}, "properties": {"feature_type": "edge", "u": 270, "v": 281, "edge_key": 0, "length_m": 22.828, "is_bridged": false, "is_bridge": false, "edge_betweenness": 0.0, "width_m": 8.872}}, {"type": "Feature", "geometry": {"type": "LineString", "coordinates": [[85.128015, 25.616294], [85.128018, 25.61606]]}, "properties": {"feature_type": "edge", "u": 271, "v": 285, "edge_key": 0, "length_m": 26.0, "is_bridged": false, "is_bridge": false, "edge_betweenness": 0.0, "width_m": 8.631}}, {"type": "Feature", "geometry": {"type": "LineString", "coordinates": [[85.130125, 25.616321], [85.130185, 25.616286], [85.130425, 25.616235]]}, "properties": {"feature_type": "edge", "u": 272, "v": 277, "edge_key": 0, "length_m": 33.786, "is_bridged": false, "is_bridge": false, "edge_betweenness": 0.0, "width_m": 8.662}}, {"type": "Feature", "geometry": {"type": "LineString", "coordinates": [[85.12919, 25.616291], [85.129807, 25.616281]]}, "properties": {"feature_type": "edge", "u": 273, "v": 274, "edge_key": 0, "length_m": 62.828, "is_bridged": false, "is_bridge": false, "edge_betweenness": 0.0, "width_m": 8.173}}, {"type": "Feature", "geometry": {"type": "LineString", "coordinates": [[85.12919, 25.616291], [85.129121, 25.615568]]}, "properties": {"feature_type": "edge", "u": 273, "v": 309, "edge_key": 0, "length_m": 83.314, "is_bridged": false, "is_bridge": false, "edge_betweenness": 0.0, "width_m": 8.182}}, {"type": "Feature", "geometry": {"type": "LineString", "coordinates": [[85.129807, 25.616281], [85.129812, 25.615956]]}, "properties": {"feature_type": "edge", "u": 274, "v": 294, "edge_key": 0, "length_m": 36.0, "is_bridged": false, "is_bridge": false, "edge_betweenness": 0.0, "width_m": 8.541}}, {"type": "Feature", "geometry": {"type": "LineString", "coordinates": [[85.142371, 25.616405], [85.142332, 25.616315], [85.142334, 25.616224]]}, "properties": {"feature_type": "edge", "u": 276, "v": 289, "edge_key": 0, "length_m": 21.657, "is_bridged": false, "is_bridge": false, "edge_betweenness": 0.0, "width_m": 8.946}}, {"type": "Feature", "geometry": {"type": "LineString", "coordinates": [[85.142371, 25.616405], [85.14243, 25.616406], [85.142652, 25.616246]]}, "properties": {"feature_type": "edge", "u": 276, "v": 290, "edge_key": 0, "length_m": 35.456, "is_bridged": false, "is_bridge": false, "edge_betweenness": 0.0, "width_m": 9.046}}, {"type": "Feature", "geometry": {"type": "LineString", "coordinates": [[85.130425, 25.616235], [85.130486, 25.6162], [85.130545, 25.6162], [85.130845, 25.616114]]}, "properties": {"feature_type": "edge", "u": 277, "v": 286, "edge_key": 0, "length_m": 47.799, "is_bridged": false, "is_bridge": true, "edge_betweenness": 0.0, "width_m": 8.386}}, {"type": "Feature", "geometry": {"type": "LineString", "coordinates": [[85.12503, 25.616148], [85.12511, 25.616149], [85.12531, 25.616079], [85.125569, 25.616082]]}, "properties": {"feature_type": "edge", "u": 278, "v": 281, "edge_key": 0, "length_m": 57.314, "is_bridged": false, "is_bridge": true, "edge_betweenness": 0.0, "width_m": 8.463}}, {"type": "Feature", "geometry": {"type": "LineString", "coordinates": [[85.135542, 25.616282], [85.135525, 25.616138]]}, "properties": {"feature_type": "edge", "u": 279, "v": 288, "edge_key": 0, "length_m": 16.472, "is_bridged": false, "is_bridge": false, "edge_betweenness": 0.0, "width_m": 8.743}}, {"type": "Feature", "geometry": {"type": "LineString", "coordinates": [[85.133592, 25.616203], [85.133535, 25.61604], [85.13348, 25.615714], [85.133366, 25.61537], [85.133367, 25.615298]]}, "properties": {"feature_type": "edge", "u": 280, "v": 323, "edge_key": 0, "length_m": 109.941, "is_bridged": false, "is_bridge": false, "edge_betweenness": 0.0, "width_m": 8.462}}, {"type": "Feature", "geometry": {"type": "LineString", "coordinates": [[85.133592, 25.616203], [85.13537, 25.615829]]}, "properties": {"feature_type": "edge", "u": 280, "v": 301, "edge_key": 0, "length_m": 196.225, "is_bridged": false, "is_bridge": false, "edge_betweenness": 0.0, "width_m": 8.421}}, {"type": "Feature", "geometry": {"type": "LineString", "coordinates": [[85.125569, 25.616082], [85.126167, 25.616054]]}, "properties": {"feature_type": "edge", "u": 281, "v": 283, "edge_key": 0, "length_m": 61.657, "is_bridged": false, "is_bridge": false, "edge_betweenness": 0.0, "width_m": 8.35}}, {"type": "Feature", "geometry": {"type": "LineString", "coordinates": [[85.132776, 25.616175], [85.132836, 25.616176], [85.132916, 25.61614]]}, "properties": {"feature_type": "edge", "u": 282, "v": 287, "edge_key": 0, "length_m": 15.657, "is_bridged": false, "is_bridge": true, "edge_betweenness": 0.0, "width_m": 8.886}}, {"type": "Feature", "geometry": {"type": "LineString", "coordinates": [[85.132776, 25.616175], [85.13239, 25.615375]]}, "properties": {"feature_type": "edge", "u": 282, "v": 318, "edge_key": 0, "length_m": 104.212, "is_bridged": false, "is_bridge": false, "edge_betweenness": 0.0, "width_m": 8.853}}, {"type": "Feature", "geometry": {"type": "LineString", "coordinates": [[85.126167, 25.616054], [85.126169, 25.615892], [85.126189, 25.615874], [85.126211, 25.61573]]}, "properties": {"feature_type": "edge", "u": 283, "v": 300, "edge_key": 0, "length_m": 37.301, "is_bridged": false, "is_bridge": false, "edge_betweenness": 0.0, "width_m": 8.579}}, {"type": "Feature", "geometry": {"type": "LineString", "coordinates": [[85.126983, 25.616046], [85.126944, 25.61601], [85.126845, 25.61599], [85.126726, 25.615935], [85.126607, 25.615933]]}, "properties": {"feature_type": "edge", "u": 284, "v": 293, "edge_key": 0, "length_m": 42.971, "is_bridged": false, "is_bridge": false, "edge_betweenness": 0.0, "width_m": 8.596}}, {"type": "Feature", "geometry": {"type": "LineString", "coordinates": [[85.126983, 25.616046], [85.127083, 25.616048], [85.127182, 25.616085], [85.127242, 25.616068], [85.128018, 25.61606]]}, "properties": {"feature_type": "edge", "u": 284, "v": 285, "edge_key": 0, "length_m": 107.314, "is_bridged": false, "is_bridge": false, "edge_betweenness": 0.0, "width_m": 8.176}}, {"type": "Feature", "geometry": {"type": "LineString", "coordinates": [[85.128018, 25.61606], [85.128005, 25.615626]]}, "properties": {"feature_type": "edge", "u": 285, "v": 303, "edge_key": 0, "length_m": 48.828, "is_bridged": false, "is_bridge": false, "edge_betweenness": 0.0, "width_m": 8.452}}, {"type": "Feature", "geometry": {"type": "LineString", "coordinates": [[85.135525, 25.616138], [85.135429, 25.615884], [85.13537, 25.615829]]}, "properties": {"feature_type": "edge", "u": 288, "v": 301, "edge_key": 0, "length_m": 41.443, "is_bridged": false, "is_bridge": false, "edge_betweenness": 0.0, "width_m": 8.761}}, {"type": "Feature", "geometry": {"type": "LineString", "coordinates": [[85.135525, 25.616138], [85.135584, 25.616138], [85.135645, 25.616103], [85.136285, 25.615931], [85.136345, 25.615895]]}, "properties": {"feature_type": "edge", "u": 288, "v": 299, "edge_key": 0, "length_m": 93.242, "is_bridged": false, "is_bridge": false, "edge_betweenness": 0.0, "width_m": 8.62}}, {"type": "Feature", "geometry": {"type": "LineString", "coordinates": [[85.142334, 25.616224], [85.142156, 25.616132], [85.142037, 25.616112]]}, "properties": {"feature_type": "edge", "u": 289, "v": 297, "edge_key": 0, "length_m": 34.614, "is_bridged": false, "is_bridge": false, "edge_betweenness": 0.0, "width_m": 10.039}}, {"type": "Feature", "geometry": {"type": "LineString", "coordinates": [[85.142334, 25.616224], [85.142473, 25.616208], [85.142554, 25.616173], [85.142733, 25.616157]]}, "properties": {"feature_type": "edge", "u": 289, "v": 292, "edge_key": 0, "length_m": 42.271, "is_bridged": false, "is_bridge": false, "edge_betweenness": 0.0, "width_m": 7.935}}, {"type": "Feature", "geometry": {"type": "LineString", "coordinates": [[85.142652, 25.616246], [85.142692, 25.616229], [85.142733, 25.616157]]}, "properties": {"feature_type": "edge", "u": 290, "v": 292, "edge_key": 0, "length_m": 13.416, "is_bridged": false, "is_bridge": false, "edge_betweenness": 0.0, "width_m": 5.963}}, {"type": "Feature", "geometry": {"type": "LineString", "coordinates": [[85.142652, 25.616246], [85.142653, 25.61621], [85.142733, 25.616157]]}, "properties": {"feature_type": "edge", "u": 290, "v": 292, "edge_key": 1, "length_m": 14.0, "is_bridged": false, "is_bridge": false, "edge_betweenness": 0.0, "width_m": 4.315}}, {"type": "Feature", "geometry": {"type": "LineString", "coordinates": [[85.141797, 25.616181], [85.141778, 25.616109]]}, "properties": {"feature_type": "edge", "u": 291, "v": 295, "edge_key": 0, "length_m": 8.828, "is_bridged": false, "is_bridge": false, "edge_betweenness": 0.0, "width_m": 10.064}}, {"type": "Feature", "geometry": {"type": "LineString", "coordinates": [[85.141797, 25.616181], [85.141876, 25.616182], [85.142037, 25.616112]]}, "properties": {"feature_type": "edge", "u": 291, "v": 297, "edge_key": 0, "length_m": 27.314, "is_bridged": false, "is_bridge": false, "edge_betweenness": 0.0, "width_m": 9.16}}, {"type": "Feature", "geometry": {"type": "LineString", "coordinates": [[85.142733, 25.616157], [85.143074, 25.615999], [85.143114, 25.616], [85.143415, 25.615859], [85.143455, 25.615859], [85.143755, 25.615719], [85.144136, 25.615579]]}, "properties": {"feature_type": "edge", "u": 292, "v": 314, "edge_key": 0, "length_m": 162.688, "is_bridged": false, "is_bridge": false, "edge_betweenness": 0.0, "width_m": 15.825}}, {"type": "Feature", "geometry": {"type": "LineString", "coordinates": [[85.126607, 25.615933], [85.126568, 25.615879], [85.12631, 25.615767], [85.126251, 25.615766], [85.126211, 25.61573]]}, "properties": {"feature_type": "edge", "u": 293, "v": 300, "edge_key": 0, "length_m": 49.928, "is_bridged": false, "is_bridge": false, "edge_betweenness": 0.0, "width_m": 8.917}}, {"type": "Feature", "geometry": {"type": "LineString", "coordinates": [[85.129812, 25.615956], [85.129793, 25.615938], [85.129799, 25.615559]]}, "properties": {"feature_type": "edge", "u": 294, "v": 312, "edge_key": 0, "length_m": 44.828, "is_bridged": false, "is_bridge": false, "edge_betweenness": 0.0, "width_m": 8.375}}, {"type": "Feature", "geometry": {"type": "LineString", "coordinates": [[85.129812, 25.615956], [85.130111, 25.61596]]}, "properties": {"feature_type": "edge", "u": 294, "v": 296, "edge_key": 0, "length_m": 30.0, "is_bridged": false, "is_bridge": true, "edge_betweenness": 0.0, "width_m": 8.33}}, {"type": "Feature", "geometry": {"type": "LineString", "coordinates": [[85.141778, 25.616109], [85.141658, 25.616107], [85.14142, 25.61605], [85.141202, 25.616029], [85.141182, 25.616011], [85.14003, 25.615798]]}, "properties": {"feature_type": "edge", "u": 295, "v": 304, "edge_key": 0, "length_m": 189.255, "is_bridged": false, "is_bridge": true, "edge_betweenness": 0.0, "width_m": 8.182}}, {"type": "Feature", "geometry": {"type": "LineString", "coordinates": [[85.141778, 25.616109], [85.141761, 25.615928], [85.141722, 25.615855], [85.141028, 25.61312], [85.140893, 25.61283]]}, "properties": {"feature_type": "edge", "u": 295, "v": 425, "edge_key": 0, "length_m": 400.936, "is_bridged": false, "is_bridge": false, "edge_betweenness": 0.0, "width_m": 8.312}}, {"type": "Feature", "geometry": {"type": "LineString", "coordinates": [[85.142037, 25.616112], [85.142018, 25.61604], [85.1419, 25.61593], [85.141842, 25.615839], [85.141786, 25.615585], [85.141729, 25.61544], [85.14173, 25.615314]]}, "properties": {"feature_type": "edge", "u": 297, "v": 327, "edge_key": 0, "length_m": 100.899, "is_bridged": false, "is_bridge": false, "edge_betweenness": 0.0, "width_m": 8.872}}, {"type": "Feature", "geometry": {"type": "LineString", "coordinates": [[85.130491, 25.615875], [85.130591, 25.615822], [85.130851, 25.615753], [85.131011, 25.615683], [85.131131, 25.615648], [85.131231, 25.615649]]}, "properties": {"feature_type": "edge", "u": 298, "v": 307, "edge_key": 0, "length_m": 84.77, "is_bridged": false, "is_bridge": true, "edge_betweenness": 0.0, "width_m": 8.536}}, {"type": "Feature", "geometry": {"type": "LineString", "coordinates": [[85.136345, 25.615895], [85.136444, 25.615897], [85.137563, 25.615658]]}, "properties": {"feature_type": "edge", "u": 299, "v": 310, "edge_key": 0, "length_m": 133.242, "is_bridged": false, "is_bridge": false, "edge_betweenness": 0.0, "width_m": 8.528}}, {"type": "Feature", "geometry": {"type": "LineString", "coordinates": [[85.136345, 25.615895], [85.136232, 25.615479], [85.136196, 25.615243], [85.136138, 25.61508], [85.13614, 25.615008], [85.136082, 25.614845], [85.136083, 25.614773], [85.136026, 25.614609], [85.135953, 25.614193], [85.135858, 25.613885], [85.135859, 25.613813], [85.135821, 25.613722], [85.135822, 25.61365], [85.135784, 25.613559], [85.135785, 25.613487], [85.135635, 25.612907], [85.135636, 25.612799], [85.135597, 25.61278]]}, "properties": {"feature_type": "edge", "u": 299, "v": 421, "edge_key": 0, "length_m": 377.952, "is_bridged": false, "is_bridge": false, "edge_betweenness": 0.0, "width_m": 14.486}}, {"type": "Feature", "geometry": {"type": "LineString", "coordinates": [[85.126211, 25.61573], [85.125576, 25.615631]]}, "properties": {"feature_type": "edge", "u": 300, "v": 302, "edge_key": 0, "length_m": 68.142, "is_bridged": false, "is_bridge": true, "edge_betweenness": 0.0, "width_m": 8.352}}, {"type": "Feature", "geometry": {"type": "LineString", "coordinates": [[85.126211, 25.61573], [85.126315, 25.61546], [85.126356, 25.615406], [85.126357, 25.615352], [85.126397, 25.615335]]}, "properties": {"feature_type": "edge", "u": 300, "v": 317, "edge_key": 0, "length_m": 51.915, "is_bridged": false, "is_bridge": false, "edge_betweenness": 0.0, "width_m": 8.766}}, {"type": "Feature", "geometry": {"type": "LineString", "coordinates": [[85.13537, 25.615829], [85.135353, 25.615666], [85.135276, 25.615484], [85.135277, 25.61543], [85.135143, 25.615068], [85.135144, 25.615013], [85.135086, 25.614904]]}, "properties": {"feature_type": "edge", "u": 301, "v": 340, "edge_key": 0, "length_m": 114.426, "is_bridged": false, "is_bridge": false, "edge_betweenness": 0.0, "width_m": 8.444}}, {"type": "Feature", "geometry": {"type": "LineString", "coordinates": [[85.128005, 25.615626], [85.127826, 25.615624]]}, "properties": {"feature_type": "edge", "u": 303, "v": 305, "edge_key": 0, "length_m": 18.0, "is_bridged": false, "is_bridge": false, "edge_betweenness": 0.0, "width_m": 10.064}}, {"type": "Feature", "geometry": {"type": "LineString", "coordinates": [[85.128005, 25.615626], [85.128165, 25.61561], [85.128225, 25.615575]]}, "properties": {"feature_type": "edge", "u": 303, "v": 308, "edge_key": 0, "length_m": 24.485, "is_bridged": false, "is_bridge": false, "edge_betweenness": 0.0, "width_m": 8.922}}, {"type": "Feature", "geometry": {"type": "LineString", "coordinates": [[85.127826, 25.615624], [85.127806, 25.615642], [85.127547, 25.615638], [85.127527, 25.615656], [85.127467, 25.615637], [85.127248, 25.615635], [85.12701, 25.615577], [85.126971, 25.615541]]}, "properties": {"feature_type": "edge", "u": 305, "v": 311, "edge_key": 0, "length_m": 92.627, "is_bridged": false, "is_bridge": false, "edge_betweenness": 0.0, "width_m": 8.401}}, {"type": "Feature", "geometry": {"type": "LineString", "coordinates": [[85.127826, 25.615624], [85.127807, 25.615551], [85.127357, 25.61504]]}, "properties": {"feature_type": "edge", "u": 305, "v": 330, "edge_key": 0, "length_m": 83.17, "is_bridged": false, "is_bridge": false, "edge_betweenness": 0.0, "width_m": 9.165}}, {"type": "Feature", "geometry": {"type": "LineString", "coordinates": [[85.128543, 25.615597], [85.128245, 25.615593], [85.128225, 25.615575]]}, "properties": {"feature_type": "edge", "u": 306, "v": 308, "edge_key": 0, "length_m": 32.828, "is_bridged": false, "is_bridge": false, "edge_betweenness": 0.0, "width_m": 8.457}}, {"type": "Feature", "geometry": {"type": "LineString", "coordinates": [[85.128543, 25.615597], [85.128564, 25.615579], [85.128783, 25.615582], [85.128803, 25.615564], [85.129121, 25.615568]]}, "properties": {"feature_type": "edge", "u": 306, "v": 309, "edge_key": 0, "length_m": 59.657, "is_bridged": false, "is_bridge": false, "edge_betweenness": 0.0, "width_m": 8.408}}, {"type": "Feature", "geometry": {"type": "LineString", "coordinates": [[85.131231, 25.615649], [85.131136, 25.615341]]}, "properties": {"feature_type": "edge", "u": 307, "v": 319, "edge_key": 0, "length_m": 37.786, "is_bridged": false, "is_bridge": false, "edge_betweenness": 0.0, "width_m": 8.781}}, {"type": "Feature", "geometry": {"type": "LineString", "coordinates": [[85.128225, 25.615575], [85.128168, 25.615412], [85.12811, 25.615321], [85.128111, 25.615248]]}, "properties": {"feature_type": "edge", "u": 308, "v": 321, "edge_key": 0, "length_m": 40.971, "is_bridged": false, "is_bridge": false, "edge_betweenness": 0.0, "width_m": 8.852}}, {"type": "Feature", "geometry": {"type": "LineString", "coordinates": [[85.129121, 25.615568], [85.129142, 25.615551], [85.129799, 25.615559]]}, "properties": {"feature_type": "edge", "u": 309, "v": 312, "edge_key": 0, "length_m": 68.828, "is_bridged": false, "is_bridge": false, "edge_betweenness": 0.0, "width_m": 8.348}}, {"type": "Feature", "geometry": {"type": "LineString", "coordinates": [[85.137563, 25.615658], [85.138243, 25.615504], [85.138362, 25.615506]]}, "properties": {"feature_type": "edge", "u": 310, "v": 316, "edge_key": 0, "length_m": 87.1, "is_bridged": false, "is_bridge": false, "edge_betweenness": 0.0, "width_m": 8.564}}, {"type": "Feature", "geometry": {"type": "LineString", "coordinates": [[85.137563, 25.615658], [85.137506, 25.615495], [85.137507, 25.615423], [85.137469, 25.615332], [85.13747, 25.61526], [85.137431, 25.615169], [85.137433, 25.615097], [85.137394, 25.615006], [85.137395, 25.614934], [85.137357, 25.614843], [85.137358, 25.614771], [85.13732, 25.61468], [85.137321, 25.614608], [85.137282, 25.614517], [85.137265, 25.614354], [85.137226, 25.614264], [85.137228, 25.614191], [85.137152, 25.613902], [85.137193, 25.613866], [85.137633, 25.613727], [85.137833, 25.613639], [85.137933, 25.613623]]}, "properties": {"feature_type": "edge", "u": 310, "v": 377, "edge_key": 0, "length_m": 302.62, "is_bridged": false, "is_bridge": false, "edge_betweenness": 0.0, "width_m": 8.497}}, {"type": "Feature", "geometry": {"type": "LineString", "coordinates": [[85.126971, 25.615541], [85.126891, 25.61554], [85.126397, 25.615335]]}, "properties": {"feature_type": "edge", "u": 311, "v": 317, "edge_key": 0, "length_m": 66.756, "is_bridged": false, "is_bridge": false, "edge_betweenness": 0.0, "width_m": 9.024}}, {"type": "Feature", "geometry": {"type": "LineString", "coordinates": [[85.126971, 25.615541], [85.126972, 25.615505], [85.127236, 25.615165], [85.127257, 25.615111], [85.127357, 25.61504]]}, "properties": {"feature_type": "edge", "u": 311, "v": 330, "edge_key": 0, "length_m": 72.555, "is_bridged": false, "is_bridge": false, "edge_betweenness": 0.0, "width_m": 9.161}}, {"type": "Feature", "geometry": {"type": "LineString", "coordinates": [[85.129799, 25.615559], [85.130097, 25.615545]]}, "properties": {"feature_type": "edge", "u": 312, "v": 313, "edge_key": 0, "length_m": 30.828, "is_bridged": false, "is_bridge": false, "edge_betweenness": 0.0, "width_m": 8.304}}, {"type": "Feature", "geometry": {"type": "LineString", "coordinates": [[85.130097, 25.615545], [85.130157, 25.615582], [85.130256, 25.615583], [85.130996, 25.615376], [85.131056, 25.61534]]}, "properties": {"feature_type": "edge", "u": 313, "v": 320, "edge_key": 0, "length_m": 108.899, "is_bridged": false, "is_bridge": false, "edge_betweenness": 0.0, "width_m": 8.536}}, {"type": "Feature", "geometry": {"type": "LineString", "coordinates": [[85.130097, 25.615545], [85.130103, 25.615202], [85.130083, 25.615183]]}, "properties": {"feature_type": "edge", "u": 313, "v": 326, "edge_key": 0, "length_m": 40.828, "is_bridged": false, "is_bridge": false, "edge_betweenness": 0.0, "width_m": 8.142}}, {"type": "Feature", "geometry": {"type": "LineString", "coordinates": [[85.144136, 25.615579], [85.144237, 25.61549], [85.144238, 25.6154], [85.144279, 25.615328], [85.144282, 25.61513], [85.144053, 25.614477], [85.144056, 25.614332]]}, "properties": {"feature_type": "edge", "u": 314, "v": 360, "edge_key": 0, "length_m": 153.74, "is_bridged": false, "is_bridge": false, "edge_betweenness": 0.0, "width_m": 8.67}}, {"type": "Feature", "geometry": {"type": "LineString", "coordinates": [[85.144136, 25.615579], [85.144536, 25.61544], [85.144597, 25.615386]]}, "properties": {"feature_type": "edge", "u": 314, "v": 325, "edge_key": 0, "length_m": 52.532, "is_bridged": false, "is_bridge": false, "edge_betweenness": 0.0, "width_m": 13.801}}, {"type": "Feature", "geometry": {"type": "LineString", "coordinates": [[85.13215, 25.615427], [85.132091, 25.615372], [85.132073, 25.615281], [85.132015, 25.615172], [85.132016, 25.615118]]}, "properties": {"feature_type": "edge", "u": 315, "v": 329, "edge_key": 0, "length_m": 40.614, "is_bridged": false, "is_bridge": false, "edge_betweenness": 0.0, "width_m": 8.611}}, {"type": "Feature", "geometry": {"type": "LineString", "coordinates": [[85.13215, 25.615427], [85.13239, 25.615375]]}, "properties": {"feature_type": "edge", "u": 315, "v": 318, "edge_key": 0, "length_m": 26.129, "is_bridged": false, "is_bridge": false, "edge_betweenness": 0.0, "width_m": 8.879}}, {"type": "Feature", "geometry": {"type": "LineString", "coordinates": [[85.138362, 25.615506], [85.137933, 25.613623]]}, "properties": {"feature_type": "edge", "u": 316, "v": 377, "edge_key": 0, "length_m": 226.698, "is_bridged": false, "is_bridge": false, "edge_betweenness": 0.0, "width_m": 8.355}}, {"type": "Feature", "geometry": {"type": "LineString", "coordinates": [[85.138362, 25.615506], [85.138422, 25.61547], [85.138522, 25.615472], [85.138622, 25.615437], [85.138862, 25.615404], [85.138962, 25.615351], [85.138964, 25.615188], [85.138926, 25.615116], [85.13887, 25.61488]]}, "properties": {"feature_type": "edge", "u": 316, "v": 342, "edge_key": 0, "length_m": 123.242, "is_bridged": false, "is_bridge": false, "edge_betweenness": 0.0, "width_m": 8.498}}, {"type": "Feature", "geometry": {"type": "LineString", "coordinates": [[85.126397, 25.615335], [85.125805, 25.614966], [85.125668, 25.614838]]}, "properties": {"feature_type": "edge", "u": 317, "v": 337, "edge_key": 0, "length_m": 96.827, "is_bridged": false, "is_bridge": false, "edge_betweenness": 0.0, "width_m": 9.057}}, {"type": "Feature", "geometry": {"type": "LineString", "coordinates": [[85.126397, 25.615335], [85.126601, 25.61503], [85.126622, 25.614922]]}, "properties": {"feature_type": "edge", "u": 317, "v": 335, "edge_key": 0, "length_m": 54.756, "is_bridged": false, "is_bridge": false, "edge_betweenness": 0.0, "width_m": 9.123}}, {"type": "Feature", "geometry": {"type": "LineString", "coordinates": [[85.13239, 25.615375], [85.132551, 25.615269], [85.132552, 25.615197], [85.132476, 25.614997]]}, "properties": {"feature_type": "edge", "u": 318, "v": 336, "edge_key": 0, "length_m": 54.284, "is_bridged": false, "is_bridge": false, "edge_betweenness": 0.0, "width_m": 8.934}}, {"type": "Feature", "geometry": {"type": "LineString", "coordinates": [[85.131136, 25.615341], [85.131056, 25.61534]]}, "properties": {"feature_type": "edge", "u": 319, "v": 320, "edge_key": 0, "length_m": 8.0, "is_bridged": false, "is_bridge": false, "edge_betweenness": 0.0, "width_m": 12.0}}, {"type": "Feature", "geometry": {"type": "LineString", "coordinates": [[85.131136, 25.615341], [85.131396, 25.615254], [85.131456, 25.615255], [85.131656, 25.615185], [85.131836, 25.615152]]}, "properties": {"feature_type": "edge", "u": 319, "v": 328, "edge_key": 0, "length_m": 78.756, "is_bridged": false, "is_bridge": false, "edge_betweenness": 0.0, "width_m": 8.679}}, {"type": "Feature", "geometry": {"type": "LineString", "coordinates": [[85.131056, 25.61534], [85.130848, 25.614688], [85.130809, 25.614633], [85.130769, 25.614632]]}, "properties": {"feature_type": "edge", "u": 320, "v": 349, "edge_key": 0, "length_m": 92.77, "is_bridged": false, "is_bridge": false, "edge_betweenness": 0.0, "width_m": 8.558}}, {"type": "Feature", "geometry": {"type": "LineString", "coordinates": [[85.128111, 25.615248], [85.128071, 25.615248], [85.127738, 25.614883], [85.127601, 25.614754], [85.127541, 25.614736]]}, "properties": {"feature_type": "edge", "u": 321, "v": 344, "edge_key": 0, "length_m": 84.711, "is_bridged": false, "is_bridge": false, "edge_betweenness": 0.0, "width_m": 9.402}}, {"type": "Feature", "geometry": {"type": "LineString", "coordinates": [[85.128111, 25.615248], [85.128333, 25.615071], [85.128433, 25.615036]]}, "properties": {"feature_type": "edge", "u": 321, "v": 332, "edge_key": 0, "length_m": 41.941, "is_bridged": false, "is_bridge": false, "edge_betweenness": 0.0, "width_m": 9.567}}, {"type": "Feature", "geometry": {"type": "LineString", "coordinates": [[85.129643, 25.615286], [85.129703, 25.615287], [85.129984, 25.615182], [85.130083, 25.615183]]}, "properties": {"feature_type": "edge", "u": 322, "v": 326, "edge_key": 0, "length_m": 48.971, "is_bridged": false, "is_bridge": true, "edge_betweenness": 0.0, "width_m": 8.515}}, {"type": "Feature", "geometry": {"type": "LineString", "coordinates": [[85.133367, 25.615298], [85.133727, 25.61523], [85.133807, 25.615195], [85.133867, 25.615196], [85.134646, 25.614989], [85.134786, 25.614973], [85.135006, 25.614903], [85.135086, 25.614904]]}, "properties": {"feature_type": "edge", "u": 323, "v": 340, "edge_key": 0, "length_m": 191.054, "is_bridged": false, "is_bridge": false, "edge_betweenness": 0.0, "width_m": 8.425}}, {"type": "Feature", "geometry": {"type": "LineString", "coordinates": [[85.133367, 25.615298], [85.13331, 25.615152], [85.133236, 25.614772]]}, "properties": {"feature_type": "edge", "u": 323, "v": 345, "edge_key": 0, "length_m": 63.443, "is_bridged": false, "is_bridge": false, "edge_betweenness": 0.0, "width_m": 8.701}}, {"type": "Feature", "geometry": {"type": "LineString", "coordinates": [[85.139857, 25.615398], [85.139648, 25.614782], [85.139609, 25.614727]]}, "properties": {"feature_type": "edge", "u": 324, "v": 350, "edge_key": 0, "length_m": 84.77, "is_bridged": false, "is_bridge": true, "edge_betweenness": 0.0, "width_m": 8.472}}, {"type": "Feature", "geometry": {"type": "LineString", "coordinates": [[85.144597, 25.615386], [85.144363, 25.615077], [85.144364, 25.615022], [85.144268, 25.614768], [85.144174, 25.614406], [85.144095, 25.614333], [85.144056, 25.614332]]}, "properties": {"feature_type": "edge", "u": 325, "v": 360, "edge_key": 0, "length_m": 141.539, "is_bridged": false, "is_bridge": false, "edge_betweenness": 0.0, "width_m": 9.17}}, {"type": "Feature", "geometry": {"type": "LineString", "coordinates": [[85.144597, 25.615386], [85.144737, 25.61537], [85.144897, 25.615318], [85.144977, 25.615247]]}, "properties": {"feature_type": "edge", "u": 325, "v": 333, "edge_key": 0, "length_m": 45.799, "is_bridged": false, "is_bridge": true, "edge_betweenness": 0.0, "width_m": 15.81}}, {"type": "Feature", "geometry": {"type": "LineString", "coordinates": [[85.130083, 25.615183], [85.130088, 25.614858]]}, "properties": {"feature_type": "edge", "u": 326, "v": 339, "edge_key": 0, "length_m": 36.0, "is_bridged": false, "is_bridge": false, "edge_betweenness": 0.0, "width_m": 8.501}}, {"type": "Feature", "geometry": {"type": "LineString", "coordinates": [[85.14173, 25.615314], [85.141691, 25.615295], [85.141428, 25.614245]]}, "properties": {"feature_type": "edge", "u": 327, "v": 364, "edge_key": 0, "length_m": 132.07, "is_bridged": false, "is_bridge": false, "edge_betweenness": 0.0, "width_m": 8.383}}, {"type": "Feature", "geometry": {"type": "LineString", "coordinates": [[85.14173, 25.615314], [85.14181, 25.615315], [85.14187, 25.61528], [85.141835, 25.615026], [85.141895, 25.614991], [85.142154, 25.61494]]}, "properties": {"feature_type": "edge", "u": 327, "v": 343, "edge_key": 0, "length_m": 81.456, "is_bridged": false, "is_bridge": true, "edge_betweenness": 0.0, "width_m": 8.809}}, {"type": "Feature", "geometry": {"type": "LineString", "coordinates": [[85.131836, 25.615152], [85.131797, 25.615115], [85.131781, 25.61488], [85.131723, 25.614735], [85.131687, 25.6145], [85.131667, 25.614481], [85.13164, 25.613705], [85.13162, 25.613686], [85.131604, 25.613434]]}, "properties": {"feature_type": "edge", "u": 328, "v": 379, "edge_key": 0, "length_m": 200.77, "is_bridged": false, "is_bridge": false, "edge_betweenness": 0.0, "width_m": 8.225}}, {"type": "Feature", "geometry": {"type": "LineString", "coordinates": [[85.131836, 25.615152], [85.131916, 25.615117], [85.132016, 25.615118]]}, "properties": {"feature_type": "edge", "u": 328, "v": 329, "edge_key": 0, "length_m": 19.301, "is_bridged": false, "is_bridge": false, "edge_betweenness": 0.0, "width_m": 9.171}}, {"type": "Feature", "geometry": {"type": "LineString", "coordinates": [[85.132016, 25.615118], [85.132036, 25.615082], [85.132096, 25.615083], [85.132296, 25.615013], [85.132476, 25.614997]]}, "properties": {"feature_type": "edge", "u": 329, "v": 336, "edge_key": 0, "length_m": 52.614, "is_bridged": false, "is_bridge": false, "edge_betweenness": 0.0, "width_m": 8.555}}, {"type": "Feature", "geometry": {"type": "LineString", "coordinates": [[85.127357, 25.61504], [85.127379, 25.61495], [85.127541, 25.614736]]}, "properties": {"feature_type": "edge", "u": 330, "v": 344, "edge_key": 0, "length_m": 41.456, "is_bridged": false, "is_bridge": false, "edge_betweenness": 0.0, "width_m": 9.208}}, {"type": "Feature", "geometry": {"type": "LineString", "coordinates": [[85.125446, 25.614998], [85.125608, 25.614855], [85.125668, 25.614838]]}, "properties": {"feature_type": "edge", "u": 331, "v": 337, "edge_key": 0, "length_m": 29.1, "is_bridged": false, "is_bridge": true, "edge_betweenness": 0.0, "width_m": 9.074}}, {"type": "Feature", "geometry": {"type": "LineString", "coordinates": [[85.128433, 25.615036], [85.128452, 25.615054], [85.128592, 25.615056], [85.128612, 25.615038], [85.128831, 25.615041], [85.128851, 25.615023], [85.12905, 25.615026], [85.12907, 25.615008], [85.12925, 25.61501], [85.12927, 25.614992]]}, "properties": {"feature_type": "edge", "u": 332, "v": 334, "edge_key": 0, "length_m": 88.142, "is_bridged": false, "is_bridge": false, "edge_betweenness": 0.0, "width_m": 8.236}}, {"type": "Feature", "geometry": {"type": "LineString", "coordinates": [[85.128433, 25.615036], [85.128434, 25.614982], [85.128858, 25.614608]]}, "properties": {"feature_type": "edge", "u": 332, "v": 348, "edge_key": 0, "length_m": 65.397, "is_bridged": false, "is_bridge": false, "edge_betweenness": 0.0, "width_m": 9.004}}, {"type": "Feature", "geometry": {"type": "LineString", "coordinates": [[85.12927, 25.614992], [85.129389, 25.61503], [85.129929, 25.614875], [85.130088, 25.614858]]}, "properties": {"feature_type": "edge", "u": 334, "v": 339, "edge_key": 0, "length_m": 91.585, "is_bridged": false, "is_bridge": false, "edge_betweenness": 0.0, "width_m": 8.561}}, {"type": "Feature", "geometry": {"type": "LineString", "coordinates": [[85.12927, 25.614992], [85.129251, 25.614938], [85.129133, 25.614828], [85.129114, 25.614756]]}, "properties": {"feature_type": "edge", "u": 334, "v": 341, "edge_key": 0, "length_m": 32.271, "is_bridged": false, "is_bridge": false, "edge_betweenness": 0.0, "width_m": 9.12}}, {"type": "Feature", "geometry": {"type": "LineString", "coordinates": [[85.126622, 25.614922], [85.126543, 25.614903], [85.126109, 25.614663], [85.12607, 25.614608]]}, "properties": {"feature_type": "edge", "u": 335, "v": 346, "edge_key": 0, "length_m": 70.542, "is_bridged": false, "is_bridge": false, "edge_betweenness": 0.0, "width_m": 8.885}}, {"type": "Feature", "geometry": {"type": "LineString", "coordinates": [[85.126622, 25.614922], [85.126662, 25.614923], [85.126703, 25.614887], [85.126866, 25.614619], [85.127028, 25.614422], [85.12703, 25.61435]]}, "properties": {"feature_type": "edge", "u": 335, "v": 355, "edge_key": 0, "length_m": 82.912, "is_bridged": false, "is_bridge": false, "edge_betweenness": 0.0, "width_m": 8.959}}, {"type": "Feature", "geometry": {"type": "LineString", "coordinates": [[85.132476, 25.614997], [85.132496, 25.614962], [85.132616, 25.614945], [85.132876, 25.614858], [85.132936, 25.614859], [85.133236, 25.614772]]}, "properties": {"feature_type": "edge", "u": 336, "v": 345, "edge_key": 0, "length_m": 87.229, "is_bridged": false, "is_bridge": false, "edge_betweenness": 0.0, "width_m": 8.629}}, {"type": "Feature", "geometry": {"type": "LineString", "coordinates": [[85.125668, 25.614838], [85.125668, 25.614802], [85.125911, 25.614588]]}, "properties": {"feature_type": "edge", "u": 337, "v": 347, "edge_key": 0, "length_m": 37.941, "is_bridged": false, "is_bridge": false, "edge_betweenness": 0.0, "width_m": 9.283}}, {"type": "Feature", "geometry": {"type": "LineString", "coordinates": [[85.125031, 25.61483], [85.125071, 25.61483], [85.125712, 25.614532], [85.125773, 25.614478]]}, "properties": {"feature_type": "edge", "u": 338, "v": 352, "edge_key": 0, "length_m": 90.569, "is_bridged": false, "is_bridge": true, "edge_betweenness": 0.0, "width_m": 8.975}}, {"type": "Feature", "geometry": {"type": "LineString", "coordinates": [[85.130088, 25.614858], [85.130229, 25.614788], [85.130489, 25.614719], [85.130649, 25.614649], [85.130769, 25.614632]]}, "properties": {"feature_type": "edge", "u": 339, "v": 349, "edge_key": 0, "length_m": 78.77, "is_bridged": false, "is_bridge": false, "edge_betweenness": 0.0, "width_m": 8.723}}, {"type": "Feature", "geometry": {"type": "LineString", "coordinates": [[85.135086, 25.614904], [85.135068, 25.614778], [85.13501, 25.614651], [85.134954, 25.614415], [85.134915, 25.614379]]}, "properties": {"feature_type": "edge", "u": 340, "v": 358, "edge_key": 0, "length_m": 65.1, "is_bridged": false, "is_bridge": false, "edge_betweenness": 0.0, "width_m": 8.456}}, {"type": "Feature", "geometry": {"type": "LineString", "coordinates": [[85.129114, 25.614756], [85.129035, 25.614737], [85.128897, 25.614609], [85.128858, 25.614608]]}, "properties": {"feature_type": "edge", "u": 341, "v": 348, "edge_key": 0, "length_m": 32.627, "is_bridged": false, "is_bridge": false, "edge_betweenness": 0.0, "width_m": 9.142}}, {"type": "Feature", "geometry": {"type": "LineString", "coordinates": [[85.129114, 25.614756], [85.129154, 25.61472], [85.129455, 25.614616], [85.129535, 25.614563]]}, "properties": {"feature_type": "edge", "u": 341, "v": 351, "edge_key": 0, "length_m": 51.113, "is_bridged": false, "is_bridge": false, "edge_betweenness": 0.0, "width_m": 8.687}}, {"type": "Feature", "geometry": {"type": "LineString", "coordinates": [[85.13887, 25.61488], [85.138774, 25.614608], [85.138735, 25.61459]]}, "properties": {"feature_type": "edge", "u": 342, "v": 353, "edge_key": 0, "length_m": 38.971, "is_bridged": false, "is_bridge": true, "edge_betweenness": 0.0, "width_m": 8.434}}, {"type": "Feature", "geometry": {"type": "LineString", "coordinates": [[85.13887, 25.61488], [85.138929, 25.614881], [85.139509, 25.614726], [85.139609, 25.614727]]}, "properties": {"feature_type": "edge", "u": 342, "v": 350, "edge_key": 0, "length_m": 81.456, "is_bridged": false, "is_bridge": false, "edge_betweenness": 0.0, "width_m": 8.512}}, {"type": "Feature", "geometry": {"type": "LineString", "coordinates": [[85.127541, 25.614736], [85.127424, 25.614608], [85.127187, 25.614442], [85.127109, 25.614351]]}, "properties": {"feature_type": "edge", "u": 344, "v": 356, "edge_key": 0, "length_m": 63.384, "is_bridged": false, "is_bridge": false, "edge_betweenness": 0.0, "width_m": 9.23}}, {"type": "Feature", "geometry": {"type": "LineString", "coordinates": [[85.133236, 25.614772], [85.133696, 25.614652], [85.133755, 25.614653], [85.133836, 25.614618], [85.134115, 25.614567], [85.134195, 25.614532], [85.134255, 25.614533], [85.134335, 25.614498], [85.134395, 25.614498], [85.134475, 25.614463], [85.134755, 25.614413], [85.134835, 25.614378], [85.134915, 25.614379]]}, "properties": {"feature_type": "edge", "u": 345, "v": 358, "edge_key": 0, "length_m": 186.698, "is_bridged": false, "is_bridge": false, "edge_betweenness": 0.0, "width_m": 8.453}}, {"type": "Feature", "geometry": {"type": "LineString", "coordinates": [[85.133236, 25.614772], [85.133179, 25.614609], [85.13318, 25.614537], [85.133123, 25.614374], [85.133124, 25.614302], [85.133067, 25.614138], [85.133011, 25.613849]]}, "properties": {"feature_type": "edge", "u": 345, "v": 369, "edge_key": 0, "length_m": 111.437, "is_bridged": false, "is_bridge": false, "edge_betweenness": 0.0, "width_m": 8.439}}, {"type": "Feature", "geometry": {"type": "LineString", "coordinates": [[85.12607, 25.614608], [85.125911, 25.614588]]}, "properties": {"feature_type": "edge", "u": 346, "v": 347, "edge_key": 0, "length_m": 16.828, "is_bridged": false, "is_bridge": false, "edge_betweenness": 0.0, "width_m": 9.584}}, {"type": "Feature", "geometry": {"type": "LineString", "coordinates": [[85.12607, 25.614608], [85.126635, 25.614092]]}, "properties": {"feature_type": "edge", "u": 346, "v": 363, "edge_key": 0, "length_m": 80.84, "is_bridged": false, "is_bridge": false, "edge_betweenness": 0.0, "width_m": 9.259}}, {"type": "Feature", "geometry": {"type": "LineString", "coordinates": [[85.125911, 25.614588], [85.125911, 25.614552], [85.125872, 25.614516], [85.125773, 25.614478]]}, "properties": {"feature_type": "edge", "u": 347, "v": 352, "edge_key": 0, "length_m": 21.314, "is_bridged": false, "is_bridge": false, "edge_betweenness": 0.0, "width_m": 9.074}}, {"type": "Feature", "geometry": {"type": "LineString", "coordinates": [[85.128858, 25.614608], [85.128859, 25.614536], [85.128761, 25.614408], [85.128743, 25.614318]]}, "properties": {"feature_type": "edge", "u": 348, "v": 357, "edge_key": 0, "length_m": 36.971, "is_bridged": false, "is_bridge": false, "edge_betweenness": 0.0, "width_m": 9.117}}, {"type": "Feature", "geometry": {"type": "LineString", "coordinates": [[85.130769, 25.614632], [85.13077, 25.614524], [85.130675, 25.614252], [85.130676, 25.614198], [85.130464, 25.613762], [85.130388, 25.613508], [85.130389, 25.613436], [85.130311, 25.613363], [85.130172, 25.613289], [85.130094, 25.613198]]}, "properties": {"feature_type": "edge", "u": 349, "v": 390, "edge_key": 0, "length_m": 190.153, "is_bridged": false, "is_bridge": false, "edge_betweenness": 0.0, "width_m": 8.525}}, {"type": "Feature", "geometry": {"type": "LineString", "coordinates": [[85.139609, 25.614727], [85.139573, 25.614492], [85.13946, 25.614075], [85.139442, 25.613913], [85.139404, 25.613822], [85.139405, 25.61375], [85.139291, 25.613423], [85.139135, 25.613187], [85.139095, 25.613168]]}, "properties": {"feature_type": "edge", "u": 350, "v": 400, "edge_key": 0, "length_m": 194.827, "is_bridged": false, "is_bridge": false, "edge_betweenness": 0.0, "width_m": 8.362}}, {"type": "Feature", "geometry": {"type": "LineString", "coordinates": [[85.129535, 25.614563], [85.129795, 25.614494], [85.129996, 25.614406], [85.129997, 25.614352], [85.1299, 25.614188], [85.1299, 25.614152], [85.129842, 25.614043], [85.129783, 25.613988]]}, "properties": {"feature_type": "edge", "u": 351, "v": 366, "edge_key": 0, "length_m": 108.569, "is_bridged": false, "is_bridge": false, "edge_betweenness": 0.0, "width_m": 8.764}}, {"type": "Feature", "geometry": {"type": "LineString", "coordinates": [[85.129535, 25.614563], [85.129517, 25.614472], [85.129362, 25.614181], [85.129363, 25.614127]]}, "properties": {"feature_type": "edge", "u": 351, "v": 362, "edge_key": 0, "length_m": 55.456, "is_bridged": false, "is_bridge": false, "edge_betweenness": 0.0, "width_m": 8.739}}, {"type": "Feature", "geometry": {"type": "LineString", "coordinates": [[85.125773, 25.614478], [85.125558, 25.614187]]}, "properties": {"feature_type": "edge", "u": 352, "v": 359, "edge_key": 0, "length_m": 41.113, "is_bridged": false, "is_bridge": false, "edge_betweenness": 0.0, "width_m": 9.277}}, {"type": "Feature", "geometry": {"type": "LineString", "coordinates": [[85.125038, 25.614342], [85.125098, 25.614343], [85.125459, 25.614203], [85.125558, 25.614187]]}, "properties": {"feature_type": "edge", "u": 354, "v": 359, "edge_key": 0, "length_m": 59.1, "is_bridged": false, "is_bridge": true, "edge_betweenness": 0.0, "width_m": 8.662}}, {"type": "Feature", "geometry": {"type": "LineString", "coordinates": [[85.12703, 25.61435], [85.12695, 25.614313], [85.126695, 25.614111], [85.126635, 25.614092]]}, "properties": {"feature_type": "edge", "u": 355, "v": 363, "edge_key": 0, "length_m": 51.598, "is_bridged": false, "is_bridge": false, "edge_betweenness": 0.0, "width_m": 9.189}}, {"type": "Feature", "geometry": {"type": "LineString", "coordinates": [[85.12703, 25.61435], [85.127109, 25.614351]]}, "properties": {"feature_type": "edge", "u": 355, "v": 356, "edge_key": 0, "length_m": 8.0, "is_bridged": false, "is_bridge": false, "edge_betweenness": 0.0, "width_m": 8.944}}, {"type": "Feature", "geometry": {"type": "LineString", "coordinates": [[85.127109, 25.614351], [85.12711, 25.614297], [85.127151, 25.614225], [85.127416, 25.613849], [85.127457, 25.61376], [85.127762, 25.613366], [85.127863, 25.613277], [85.127923, 25.61326]]}, "properties": {"feature_type": "edge", "u": 356, "v": 388, "edge_key": 0, "length_m": 156.976, "is_bridged": false, "is_bridge": false, "edge_betweenness": 0.0, "width_m": 9.005}}, {"type": "Feature", "geometry": {"type": "LineString", "coordinates": [[85.128743, 25.614318], [85.128703, 25.614299], [85.128413, 25.613736], [85.128296, 25.613572]]}, "properties": {"feature_type": "edge", "u": 357, "v": 375, "edge_key": 0, "length_m": 101.869, "is_bridged": false, "is_bridge": false, "edge_betweenness": 0.0, "width_m": 9.139}}, {"type": "Feature", "geometry": {"type": "LineString", "coordinates": [[85.128743, 25.614318], [85.128963, 25.614212], [85.129023, 25.614213], [85.129203, 25.614143]]}, "properties": {"feature_type": "edge", "u": 357, "v": 361, "edge_key": 0, "length_m": 53.928, "is_bridged": false, "is_bridge": false, "edge_betweenness": 0.0, "width_m": 9.005}}, {"type": "Feature", "geometry": {"type": "LineString", "coordinates": [[85.134915, 25.614379], [85.134897, 25.614252], [85.134801, 25.61398], [85.134762, 25.613925], [85.13463, 25.613508], [85.13459, 25.61349]]}, "properties": {"feature_type": "edge", "u": 358, "v": 380, "edge_key": 0, "length_m": 112.542, "is_bridged": false, "is_bridge": false, "edge_betweenness": 0.0, "width_m": 8.52}}, {"type": "Feature", "geometry": {"type": "LineString", "coordinates": [[85.125558, 25.614187], [85.125403, 25.61395], [85.125365, 25.613841]]}, "properties": {"feature_type": "edge", "u": 359, "v": 367, "edge_key": 0, "length_m": 45.928, "is_bridged": false, "is_bridge": false, "edge_betweenness": 0.0, "width_m": 8.799}}, {"type": "Feature", "geometry": {"type": "LineString", "coordinates": [[85.125558, 25.614187], [85.125579, 25.614151], [85.126281, 25.613853], [85.12644, 25.613819]]}, "properties": {"feature_type": "edge", "u": 359, "v": 368, "edge_key": 0, "length_m": 105.856, "is_bridged": false, "is_bridge": false, "edge_betweenness": 0.0, "width_m": 8.874}}, {"type": "Feature", "geometry": {"type": "LineString", "coordinates": [[85.144056, 25.614332], [85.144038, 25.614188], [85.143999, 25.614115], [85.143943, 25.61388], [85.143904, 25.613825]]}, "properties": {"feature_type": "edge", "u": 360, "v": 373, "edge_key": 0, "length_m": 62.182, "is_bridged": false, "is_bridge": false, "edge_betweenness": 0.0, "width_m": 21.419}}, {"type": "Feature", "geometry": {"type": "LineString", "coordinates": [[85.129203, 25.614143], [85.129363, 25.614127]]}, "properties": {"feature_type": "edge", "u": 361, "v": 362, "edge_key": 0, "length_m": 16.828, "is_bridged": false, "is_bridge": false, "edge_betweenness": 0.0, "width_m": 9.65}}, {"type": "Feature", "geometry": {"type": "LineString", "coordinates": [[85.129203, 25.614143], [85.129146, 25.61398], [85.129049, 25.613816], [85.12905, 25.613762]]}, "properties": {"feature_type": "edge", "u": 361, "v": 371, "edge_key": 0, "length_m": 48.627, "is_bridged": false, "is_bridge": false, "edge_betweenness": 0.0, "width_m": 9.123}}, {"type": "Feature", "geometry": {"type": "LineString", "coordinates": [[85.129363, 25.614127], [85.129403, 25.614091], [85.129783, 25.613988]]}, "properties": {"feature_type": "edge", "u": 362, "v": 366, "edge_key": 0, "length_m": 48.627, "is_bridged": false, "is_bridge": false, "edge_betweenness": 0.0, "width_m": 8.611}}, {"type": "Feature", "geometry": {"type": "LineString", "coordinates": [[85.126635, 25.614092], [85.126459, 25.613891], [85.12644, 25.613819]]}, "properties": {"feature_type": "edge", "u": 363, "v": 368, "edge_key": 0, "length_m": 38.284, "is_bridged": false, "is_bridge": false, "edge_betweenness": 0.0, "width_m": 9.444}}, {"type": "Feature", "geometry": {"type": "LineString", "coordinates": [[85.141428, 25.614245], [85.142686, 25.614044], [85.142786, 25.614009], [85.142866, 25.61401], [85.142886, 25.613993], [85.142966, 25.613994], [85.142986, 25.613976], [85.143065, 25.613977], [85.143086, 25.613959], [85.143165, 25.61396], [85.143685, 25.613858], [85.143804, 25.61386], [85.143844, 25.613824], [85.143904, 25.613825]]}, "properties": {"feature_type": "edge", "u": 364, "v": 373, "edge_key": 0, "length_m": 268.711, "is_bridged": false, "is_bridge": false, "edge_betweenness": 0.0, "width_m": 8.484}}, {"type": "Feature", "geometry": {"type": "LineString", "coordinates": [[85.141428, 25.614245], [85.141183, 25.613357], [85.141185, 25.613267]]}, "properties": {"feature_type": "edge", "u": 364, "v": 396, "edge_key": 0, "length_m": 118.413, "is_bridged": false, "is_bridge": false, "edge_betweenness": 0.0, "width_m": 8.454}}, {"type": "Feature", "geometry": {"type": "LineString", "coordinates": [[85.125025, 25.613927], [85.125265, 25.61384], [85.125365, 25.613841]]}, "properties": {"feature_type": "edge", "u": 365, "v": 367, "edge_key": 0, "length_m": 38.142, "is_bridged": false, "is_bridge": true, "edge_betweenness": 0.0, "width_m": 8.444}}, {"type": "Feature", "geometry": {"type": "LineString", "coordinates": [[85.129783, 25.613988], [85.129806, 25.613772], [85.129787, 25.613753], [85.129789, 25.613591], [85.12977, 25.613554]]}, "properties": {"feature_type": "edge", "u": 366, "v": 376, "edge_key": 0, "length_m": 50.129, "is_bridged": false, "is_bridge": false, "edge_betweenness": 0.0, "width_m": 8.679}}, {"type": "Feature", "geometry": {"type": "LineString", "coordinates": [[85.125365, 25.613841], [85.125405, 25.613787], [85.125606, 25.6137], [85.125666, 25.613646]]}, "properties": {"feature_type": "edge", "u": 367, "v": 372, "edge_key": 0, "length_m": 39.928, "is_bridged": false, "is_bridge": false, "edge_betweenness": 0.0, "width_m": 8.974}}, {"type": "Feature", "geometry": {"type": "LineString", "coordinates": [[85.12644, 25.613819], [85.126461, 25.613783], [85.126681, 25.613695], [85.126742, 25.613642], [85.126743, 25.61357]]}, "properties": {"feature_type": "edge", "u": 368, "v": 374, "edge_key": 0, "length_m": 47.1, "is_bridged": false, "is_bridge": false, "edge_betweenness": 0.0, "width_m": 9.377}}, {"type": "Feature", "geometry": {"type": "LineString", "coordinates": [[85.133011, 25.613849], [85.133271, 25.613798], [85.133931, 25.613608], [85.13459, 25.61349]]}, "properties": {"feature_type": "edge", "u": 369, "v": 380, "edge_key": 0, "length_m": 175.397, "is_bridged": false, "is_bridge": false, "edge_betweenness": 0.0, "width_m": 8.412}}, {"type": "Feature", "geometry": {"type": "LineString", "coordinates": [[85.133011, 25.613849], [85.132861, 25.613269], [85.132822, 25.613232]]}, "properties": {"feature_type": "edge", "u": 369, "v": 392, "edge_key": 0, "length_m": 75.928, "is_bridged": false, "is_bridge": false, "edge_betweenness": 0.0, "width_m": 8.528}}, {"type": "Feature", "geometry": {"type": "LineString", "coordinates": [[85.130861, 25.613821], [85.130921, 25.613822], [85.131261, 25.613718], [85.131342, 25.613647], [85.131344, 25.61352], [85.131405, 25.613449], [85.131604, 25.613434]]}, "properties": {"feature_type": "edge", "u": 370, "v": 379, "edge_key": 0, "length_m": 101.598, "is_bridged": false, "is_bridge": true, "edge_betweenness": 0.0, "width_m": 8.63}}, {"type": "Feature", "geometry": {"type": "LineString", "coordinates": [[85.12905, 25.613762], [85.12901, 25.613743], [85.129011, 25.613707], [85.128856, 25.613434], [85.128837, 25.613344]]}, "properties": {"feature_type": "edge", "u": 371, "v": 381, "edge_key": 0, "length_m": 55.928, "is_bridged": false, "is_bridge": false, "edge_betweenness": 0.0, "width_m": 8.79}}, {"type": "Feature", "geometry": {"type": "LineString", "coordinates": [[85.12905, 25.613762], [85.12931, 25.613693], [85.12963, 25.613571], [85.12977, 25.613554]]}, "properties": {"feature_type": "edge", "u": 371, "v": 376, "edge_key": 0, "length_m": 81.941, "is_bridged": false, "is_bridge": false, "edge_betweenness": 0.0, "width_m": 8.749}}, {"type": "Feature", "geometry": {"type": "LineString", "coordinates": [[85.125666, 25.613646], [85.125746, 25.613647], [85.125806, 25.613612], [85.126427, 25.613421], [85.126527, 25.613369], [85.126607, 25.61337]]}, "properties": {"feature_type": "edge", "u": 372, "v": 378, "edge_key": 0, "length_m": 107.255, "is_bridged": false, "is_bridge": false, "edge_betweenness": 0.0, "width_m": 8.683}}, {"type": "Feature", "geometry": {"type": "LineString", "coordinates": [[85.125666, 25.613646], [85.125531, 25.613374], [85.125473, 25.613301], [85.125473, 25.613265]]}, "properties": {"feature_type": "edge", "u": 372, "v": 385, "edge_key": 0, "length_m": 50.284, "is_bridged": false, "is_bridge": true, "edge_betweenness": 0.0, "width_m": 9.113}}, {"type": "Feature", "geometry": {"type": "LineString", "coordinates": [[85.143904, 25.613825], [85.143964, 25.613826], [85.144004, 25.61379], [85.144084, 25.613791], [85.144164, 25.613756], [85.144224, 25.613757], [85.144944, 25.613567]]}, "properties": {"feature_type": "edge", "u": 373, "v": 382, "edge_key": 0, "length_m": 116.426, "is_bridged": false, "is_bridge": true, "edge_betweenness": 0.0, "width_m": 8.99}}, {"type": "Feature", "geometry": {"type": "LineString", "coordinates": [[85.143904, 25.613825], [85.143733, 25.613317]]}, "properties": {"feature_type": "edge", "u": 373, "v": 395, "edge_key": 0, "length_m": 62.596, "is_bridged": false, "is_bridge": false, "edge_betweenness": 0.0, "width_m": 23.786}}, {"type": "Feature", "geometry": {"type": "LineString", "coordinates": [[85.126743, 25.61357], [85.126684, 25.613533], [85.126607, 25.61337]]}, "properties": {"feature_type": "edge", "u": 374, "v": 378, "edge_key": 0, "length_m": 28.258, "is_bridged": false, "is_bridge": false, "edge_betweenness": 0.0, "width_m": 9.074}}, {"type": "Feature", "geometry": {"type": "LineString", "coordinates": [[85.126743, 25.61357], [85.126823, 25.613553], [85.127144, 25.613376], [85.127265, 25.61327]]}, "properties": {"feature_type": "edge", "u": 374, "v": 386, "edge_key": 0, "length_m": 66.899, "is_bridged": false, "is_bridge": false, "edge_betweenness": 0.0, "width_m": 8.999}}, {"type": "Feature", "geometry": {"type": "LineString", "coordinates": [[85.128296, 25.613572], [85.128157, 25.61357], [85.128038, 25.613532], [85.127923, 25.61326]]}, "properties": {"feature_type": "edge", "u": 375, "v": 388, "edge_key": 0, "length_m": 62.271, "is_bridged": false, "is_bridge": false, "edge_betweenness": 0.0, "width_m": 8.764}}, {"type": "Feature", "geometry": {"type": "LineString", "coordinates": [[85.128296, 25.613572], [85.128298, 25.613481], [85.128358, 25.613446], [85.128718, 25.613342], [85.128837, 25.613344]]}, "properties": {"feature_type": "edge", "u": 375, "v": 381, "edge_key": 0, "length_m": 70.627, "is_bridged": false, "is_bridge": false, "edge_betweenness": 0.0, "width_m": 8.805}}, {"type": "Feature", "geometry": {"type": "LineString", "coordinates": [[85.12977, 25.613554], [85.129734, 25.613337]]}, "properties": {"feature_type": "edge", "u": 376, "v": 384, "edge_key": 0, "length_m": 25.301, "is_bridged": false, "is_bridge": false, "edge_betweenness": 0.0, "width_m": 9.008}}, {"type": "Feature", "geometry": {"type": "LineString", "coordinates": [[85.137933, 25.613623], [85.137954, 25.613587], [85.138335, 25.613429], [85.138374, 25.61343], [85.138595, 25.613324], [85.138635, 25.613325], [85.139016, 25.613167], [85.139095, 25.613168]]}, "properties": {"feature_type": "edge", "u": 377, "v": 400, "edge_key": 0, "length_m": 138.354, "is_bridged": false, "is_bridge": false, "edge_betweenness": 0.0, "width_m": 8.736}}, {"type": "Feature", "geometry": {"type": "LineString", "coordinates": [[85.126607, 25.61337], [85.126627, 25.613334], [85.126848, 25.613246], [85.126888, 25.613211], [85.127088, 25.613123], [85.127188, 25.613106]]}, "properties": {"feature_type": "edge", "u": 378, "v": 393, "edge_key": 0, "length_m": 70.885, "is_bridged": false, "is_bridge": false, "edge_betweenness": 0.0, "width_m": 8.863}}, {"type": "Feature", "geometry": {"type": "LineString", "coordinates": [[85.131604, 25.613434], [85.131586, 25.613289], [85.131567, 25.613271], [85.131551, 25.613], [85.131513, 25.612873]]}, "properties": {"feature_type": "edge", "u": 379, "v": 411, "edge_key": 0, "length_m": 65.786, "is_bridged": false, "is_bridge": false, "edge_betweenness": 0.0, "width_m": 8.29}}, {"type": "Feature", "geometry": {"type": "LineString", "coordinates": [[85.131604, 25.613434], [85.131664, 25.613398], [85.131764, 25.613399], [85.131784, 25.613382], [85.131864, 25.613383], [85.131884, 25.613365], [85.131963, 25.613366], [85.132483, 25.613264], [85.132582, 25.613265], [85.132702, 25.613231], [85.132822, 25.613232]]}, "properties": {"feature_type": "edge", "u": 379, "v": 392, "edge_key": 0, "length_m": 131.585, "is_bridged": false, "is_bridge": false, "edge_betweenness": 0.0, "width_m": 8.291}}, {"type": "Feature", "geometry": {"type": "LineString", "coordinates": [[85.13459, 25.61349], [85.134591, 25.613399], [85.134477, 25.613091], [85.134459, 25.612964]]}, "properties": {"feature_type": "edge", "u": 380, "v": 406, "edge_key": 0, "length_m": 63.799, "is_bridged": false, "is_bridge": false, "edge_betweenness": 0.0, "width_m": 8.581}}, {"type": "Feature", "geometry": {"type": "LineString", "coordinates": [[85.128837, 25.613344], [85.128878, 25.61329], [85.129298, 25.613169], [85.129458, 25.613099], [85.129598, 25.613083]]}, "properties": {"feature_type": "edge", "u": 381, "v": 398, "edge_key": 0, "length_m": 89.242, "is_bridged": false, "is_bridge": false, "edge_betweenness": 0.0, "width_m": 8.547}}, {"type": "Feature", "geometry": {"type": "LineString", "coordinates": [[85.125035, 25.613295], [85.125094, 25.613296], [85.125235, 25.613244], [85.125354, 25.613245]]}, "properties": {"feature_type": "edge", "u": 383, "v": 387, "edge_key": 0, "length_m": 34.485, "is_bridged": false, "is_bridge": true, "edge_betweenness": 0.0, "width_m": 8.354}}, {"type": "Feature", "geometry": {"type": "LineString", "coordinates": [[85.129734, 25.613337], [85.129873, 25.613303], [85.130015, 25.613197]]}, "properties": {"feature_type": "edge", "u": 384, "v": 391, "edge_key": 0, "length_m": 34.627, "is_bridged": false, "is_bridge": false, "edge_betweenness": 0.0, "width_m": 9.348}}, {"type": "Feature", "geometry": {"type": "LineString", "coordinates": [[85.129734, 25.613337], [85.129695, 25.613283], [85.129657, 25.613138], [85.129598, 25.613083]]}, "properties": {"feature_type": "edge", "u": 384, "v": 398, "edge_key": 0, "length_m": 34.258, "is_bridged": false, "is_bridge": false, "edge_betweenness": 0.0, "width_m": 8.623}}, {"type": "Feature", "geometry": {"type": "LineString", "coordinates": [[85.125473, 25.613265], [85.125354, 25.613245]]}, "properties": {"feature_type": "edge", "u": 385, "v": 387, "edge_key": 0, "length_m": 12.828, "is_bridged": false, "is_bridge": true, "edge_betweenness": 0.0, "width_m": 9.367}}, {"type": "Feature", "geometry": {"type": "LineString", "coordinates": [[85.125473, 25.613265], [85.125694, 25.613159], [85.125954, 25.613072], [85.126155, 25.612967]]}, "properties": {"feature_type": "edge", "u": 385, "v": 402, "edge_key": 0, "length_m": 82.083, "is_bridged": false, "is_bridge": true, "edge_betweenness": 0.0, "width_m": 9.043}}, {"type": "Feature", "geometry": {"type": "LineString", "coordinates": [[85.127265, 25.61327], [85.127188, 25.613142], [85.127188, 25.613106]]}, "properties": {"feature_type": "edge", "u": 386, "v": 393, "edge_key": 0, "length_m": 21.314, "is_bridged": false, "is_bridge": false, "edge_betweenness": 0.0, "width_m": 8.893}}, {"type": "Feature", "geometry": {"type": "LineString", "coordinates": [[85.127265, 25.61327], [85.127325, 25.61327], [85.127445, 25.613218]]}, "properties": {"feature_type": "edge", "u": 386, "v": 389, "edge_key": 0, "length_m": 20.485, "is_bridged": false, "is_bridge": true, "edge_betweenness": 0.0, "width_m": 8.528}}, {"type": "Feature", "geometry": {"type": "LineString", "coordinates": [[85.125354, 25.613245], [85.125356, 25.613137], [85.125318, 25.61301], [85.125459, 25.612903], [85.125618, 25.612905]]}, "properties": {"feature_type": "edge", "u": 387, "v": 403, "edge_key": 0, "length_m": 62.627, "is_bridged": false, "is_bridge": true, "edge_betweenness": 0.0, "width_m": 8.405}}, {"type": "Feature", "geometry": {"type": "LineString", "coordinates": [[85.127923, 25.61326], [85.127983, 25.613225], [85.128183, 25.613191], [85.128803, 25.613019], [85.129202, 25.612951], [85.129402, 25.612882], [85.129502, 25.612883], [85.129542, 25.612829]]}, "properties": {"feature_type": "edge", "u": 388, "v": 408, "edge_key": 0, "length_m": 183.08, "is_bridged": false, "is_bridge": false, "edge_betweenness": 0.0, "width_m": 8.477}}, {"type": "Feature", "geometry": {"type": "LineString", "coordinates": [[85.127923, 25.61326], [85.127905, 25.613115]]}, "properties": {"feature_type": "edge", "u": 388, "v": 394, "edge_key": 0, "length_m": 16.472, "is_bridged": false, "is_bridge": false, "edge_betweenness": 0.0, "width_m": 10.071}}, {"type": "Feature", "geometry": {"type": "LineString", "coordinates": [[85.130094, 25.613198], [85.130015, 25.613197]]}, "properties": {"feature_type": "edge", "u": 390, "v": 391, "edge_key": 0, "length_m": 8.0, "is_bridged": false, "is_bridge": false, "edge_betweenness": 0.0, "width_m": 11.0}}, {"type": "Feature", "geometry": {"type": "LineString", "coordinates": [[85.130094, 25.613198], [85.130135, 25.613144], [85.130335, 25.613074], [85.130356, 25.61302]]}, "properties": {"feature_type": "edge", "u": 390, "v": 401, "edge_key": 0, "length_m": 37.443, "is_bridged": false, "is_bridge": false, "edge_betweenness": 0.0, "width_m": 8.567}}, {"type": "Feature", "geometry": {"type": "LineString", "coordinates": [[85.130015, 25.613197], [85.129956, 25.613106], [85.129957, 25.613033], [85.1299, 25.61287], [85.129902, 25.61278]]}, "properties": {"feature_type": "edge", "u": 391, "v": 414, "edge_key": 0, "length_m": 50.971, "is_bridged": false, "is_bridge": false, "edge_betweenness": 0.0, "width_m": 8.687}}, {"type": "Feature", "geometry": {"type": "LineString", "coordinates": [[85.132822, 25.613232], [85.132823, 25.613124], [85.132673, 25.612544], [85.132634, 25.61249]]}, "properties": {"feature_type": "edge", "u": 392, "v": 445, "edge_key": 0, "length_m": 90.284, "is_bridged": false, "is_bridge": false, "edge_betweenness": 0.0, "width_m": 8.507}}, {"type": "Feature", "geometry": {"type": "LineString", "coordinates": [[85.127188, 25.613106], [85.127229, 25.613053], [85.127309, 25.613017]]}, "properties": {"feature_type": "edge", "u": 393, "v": 399, "edge_key": 0, "length_m": 16.957, "is_bridged": false, "is_bridge": true, "edge_betweenness": 0.0, "width_m": 8.674}}, {"type": "Feature", "geometry": {"type": "LineString", "coordinates": [[85.127905, 25.613115], [85.127846, 25.613097], [85.127689, 25.612932], [85.12767, 25.612878], [85.127674, 25.612589]]}, "properties": {"feature_type": "edge", "u": 394, "v": 427, "edge_key": 0, "length_m": 69.928, "is_bridged": false, "is_bridge": true, "edge_betweenness": 0.0, "width_m": 8.897}}, {"type": "Feature", "geometry": {"type": "LineString", "coordinates": [[85.127905, 25.613115], [85.127965, 25.613098], [85.128189, 25.612758], [85.128351, 25.612616], [85.128531, 25.612546], [85.128572, 25.61251]]}, "properties": {"feature_type": "edge", "u": 394, "v": 440, "edge_key": 0, "length_m": 103.539, "is_bridged": false, "is_bridge": false, "edge_betweenness": 0.0, "width_m": 8.968}}, {"type": "Feature", "geometry": {"type": "LineString", "coordinates": [[85.143733, 25.613317], [85.143813, 25.613264], [85.144472, 25.613164], [85.144652, 25.613112]]}, "properties": {"feature_type": "edge", "u": 395, "v": 407, "edge_key": 0, "length_m": 101.585, "is_bridged": false, "is_bridge": true, "edge_betweenness": 0.0, "width_m": 9.148}}, {"type": "Feature", "geometry": {"type": "LineString", "coordinates": [[85.143733, 25.613317], [85.143599, 25.612973], [85.143542, 25.612755], [85.143503, 25.612737]]}, "properties": {"feature_type": "edge", "u": 395, "v": 437, "edge_key": 0, "length_m": 74.4, "is_bridged": false, "is_bridge": false, "edge_betweenness": 0.0, "width_m": 23.595}}, {"type": "Feature", "geometry": {"type": "LineString", "coordinates": [[85.141185, 25.613267], [85.141984, 25.613114], [85.142324, 25.61301], [85.143123, 25.61284], [85.143442, 25.61279], [85.143503, 25.612737]]}, "properties": {"feature_type": "edge", "u": 396, "v": 437, "edge_key": 0, "length_m": 257.681, "is_bridged": false, "is_bridge": false, "edge_betweenness": 0.0, "width_m": 8.545}}, {"type": "Feature", "geometry": {"type": "LineString", "coordinates": [[85.141185, 25.613267], [85.141146, 25.613194], [85.14113, 25.612923], [85.141073, 25.61276]]}, "properties": {"feature_type": "edge", "u": 396, "v": 429, "edge_key": 0, "length_m": 60.258, "is_bridged": false, "is_bridge": false, "edge_betweenness": 0.0, "width_m": 8.761}}, {"type": "Feature", "geometry": {"type": "LineString", "coordinates": [[85.126791, 25.613047], [85.126695, 25.612847], [85.126655, 25.612829]]}, "properties": {"feature_type": "edge", "u": 397, "v": 410, "edge_key": 0, "length_m": 30.614, "is_bridged": false, "is_bridge": true, "edge_betweenness": 0.0, "width_m": 8.491}}, {"type": "Feature", "geometry": {"type": "LineString", "coordinates": [[85.129598, 25.613083], [85.1296, 25.612993], [85.129542, 25.612829]]}, "properties": {"feature_type": "edge", "u": 398, "v": 408, "edge_key": 0, "length_m": 29.903, "is_bridged": false, "is_bridge": false, "edge_betweenness": 0.0, "width_m": 8.816}}, {"type": "Feature", "geometry": {"type": "LineString", "coordinates": [[85.139095, 25.613168], [85.139098, 25.612988]]}, "properties": {"feature_type": "edge", "u": 400, "v": 409, "edge_key": 0, "length_m": 20.0, "is_bridged": false, "is_bridge": false, "edge_betweenness": 0.0, "width_m": 8.473}}, {"type": "Feature", "geometry": {"type": "LineString", "coordinates": [[85.130356, 25.61302], [85.130575, 25.613005], [85.130595, 25.612987], [85.130894, 25.612955], [85.131014, 25.61292], [85.131254, 25.612905], [85.131374, 25.612871], [85.131513, 25.612873]]}, "properties": {"feature_type": "edge", "u": 401, "v": 411, "edge_key": 0, "length_m": 123.456, "is_bridged": false, "is_bridge": false, "edge_betweenness": 0.0, "width_m": 8.199}}, {"type": "Feature", "geometry": {"type": "LineString", "coordinates": [[85.130356, 25.61302], [85.130356, 25.612984], [85.130298, 25.612893], [85.130301, 25.612677]]}, "properties": {"feature_type": "edge", "u": 401, "v": 423, "edge_key": 0, "length_m": 40.485, "is_bridged": false, "is_bridge": false, "edge_betweenness": 0.0, "width_m": 8.605}}, {"type": "Feature", "geometry": {"type": "LineString", "coordinates": [[85.126155, 25.612967], [85.126395, 25.612897], [85.126416, 25.612862]]}, "properties": {"feature_type": "edge", "u": 402, "v": 405, "edge_key": 0, "length_m": 31.786, "is_bridged": false, "is_bridge": false, "edge_betweenness": 0.0, "width_m": 9.176}}, {"type": "Feature", "geometry": {"type": "LineString", "coordinates": [[85.126155, 25.612967], [85.126001, 25.612622], [85.126122, 25.612533], [85.126282, 25.612499]]}, "properties": {"feature_type": "edge", "u": 402, "v": 435, "edge_key": 0, "length_m": 78.426, "is_bridged": false, "is_bridge": false, "edge_betweenness": 0.0, "width_m": 8.87}}, {"type": "Feature", "geometry": {"type": "LineString", "coordinates": [[85.138161, 25.613066], [85.138261, 25.613049], [85.138902, 25.612804]]}, "properties": {"feature_type": "edge", "u": 404, "v": 422, "edge_key": 0, "length_m": 86.07, "is_bridged": false, "is_bridge": true, "edge_betweenness": 0.0, "width_m": 8.746}}, {"type": "Feature", "geometry": {"type": "LineString", "coordinates": [[85.126416, 25.612862], [85.126655, 25.612829]]}, "properties": {"feature_type": "edge", "u": 405, "v": 410, "edge_key": 0, "length_m": 25.657, "is_bridged": false, "is_bridge": false, "edge_betweenness": 0.0, "width_m": 9.094}}, {"type": "Feature", "geometry": {"type": "LineString", "coordinates": [[85.126416, 25.612862], [85.126416, 25.612807], [85.126358, 25.612716], [85.126282, 25.612499]]}, "properties": {"feature_type": "edge", "u": 405, "v": 435, "edge_key": 0, "length_m": 45.799, "is_bridged": false, "is_bridge": false, "edge_betweenness": 0.0, "width_m": 8.857}}, {"type": "Feature", "geometry": {"type": "LineString", "coordinates": [[85.134459, 25.612964], [85.135018, 25.612881], [85.135078, 25.612846]]}, "properties": {"feature_type": "edge", "u": 406, "v": 415, "edge_key": 0, "length_m": 67.799, "is_bridged": false, "is_bridge": false, "edge_betweenness": 0.0, "width_m": 8.51}}, {"type": "Feature", "geometry": {"type": "LineString", "coordinates": [[85.134459, 25.612964], [85.134401, 25.612855], [85.134402, 25.612801], [85.134344, 25.612674], [85.134345, 25.61262], [85.134287, 25.612493], [85.134288, 25.612439], [85.13423, 25.612312], [85.134231, 25.612257], [85.134173, 25.61213], [85.134174, 25.612076], [85.134116, 25.611949], [85.134022, 25.611569], [85.133984, 25.611496]]}, "properties": {"feature_type": "edge", "u": 406, "v": 478, "edge_key": 0, "length_m": 182.354, "is_bridged": false, "is_bridge": false, "edge_betweenness": 0.0, "width_m": 8.492}}, {"type": "Feature", "geometry": {"type": "LineString", "coordinates": [[85.129542, 25.612829], [85.129762, 25.612778], [85.129902, 25.61278]]}, "properties": {"feature_type": "edge", "u": 408, "v": 414, "edge_key": 0, "length_m": 38.129, "is_bridged": false, "is_bridge": false, "edge_betweenness": 0.0, "width_m": 8.723}}, {"type": "Feature", "geometry": {"type": "LineString", "coordinates": [[85.129542, 25.612829], [85.129409, 25.612449], [85.12937, 25.612394], [85.129371, 25.612322]]}, "properties": {"feature_type": "edge", "u": 408, "v": 449, "edge_key": 0, "length_m": 62.952, "is_bridged": false, "is_bridge": false, "edge_betweenness": 0.0, "width_m": 8.672}}, {"type": "Feature", "geometry": {"type": "LineString", "coordinates": [[85.139098, 25.612988], [85.139277, 25.61299], [85.139317, 25.612972]]}, "properties": {"feature_type": "edge", "u": 409, "v": 412, "edge_key": 0, "length_m": 22.472, "is_bridged": false, "is_bridge": false, "edge_betweenness": 0.0, "width_m": 8.189}}, {"type": "Feature", "geometry": {"type": "LineString", "coordinates": [[85.139098, 25.612988], [85.13904, 25.612915], [85.139021, 25.612842]]}, "properties": {"feature_type": "edge", "u": 409, "v": 416, "edge_key": 0, "length_m": 18.375, "is_bridged": false, "is_bridge": false, "edge_betweenness": 0.0, "width_m": 6.967}}, {"type": "Feature", "geometry": {"type": "LineString", "coordinates": [[85.126655, 25.612829], [85.126637, 25.61272], [85.126502, 25.612447], [85.126362, 25.612446], [85.126302, 25.612463], [85.126282, 25.612499]]}, "properties": {"feature_type": "edge", "u": 410, "v": 435, "edge_key": 0, "length_m": 73.572, "is_bridged": false, "is_bridge": false, "edge_betweenness": 0.0, "width_m": 8.627}}, {"type": "Feature", "geometry": {"type": "LineString", "coordinates": [[85.131513, 25.612873], [85.131516, 25.61271], [85.131496, 25.612692], [85.131498, 25.612566], [85.131478, 25.612547], [85.131427, 25.612023], [85.131407, 25.612005], [85.131408, 25.611914], [85.131315, 25.611534], [85.131276, 25.611461]]}, "properties": {"feature_type": "edge", "u": 411, "v": 477, "edge_key": 0, "length_m": 166.77, "is_bridged": false, "is_bridge": false, "edge_betweenness": 0.0, "width_m": 8.218}}, {"type": "Feature", "geometry": {"type": "LineString", "coordinates": [[85.139317, 25.612972], [85.139358, 25.612955], [85.139358, 25.612919]]}, "properties": {"feature_type": "edge", "u": 412, "v": 413, "edge_key": 0, "length_m": 8.472, "is_bridged": false, "is_bridge": false, "edge_betweenness": 0.0, "width_m": 5.648}}, {"type": "Feature", "geometry": {"type": "LineString", "coordinates": [[85.139317, 25.612972], [85.139318, 25.612936], [85.139358, 25.612919]]}, "properties": {"feature_type": "edge", "u": 412, "v": 413, "edge_key": 1, "length_m": 8.472, "is_bridged": false, "is_bridge": false, "edge_betweenness": 0.0, "width_m": 4.315}}, {"type": "Feature", "geometry": {"type": "LineString", "coordinates": [[85.139358, 25.612919], [85.139458, 25.61292], [85.139478, 25.612884]]}, "properties": {"feature_type": "edge", "u": 413, "v": 417, "edge_key": 0, "length_m": 14.472, "is_bridged": false, "is_bridge": false, "edge_betweenness": 0.0, "width_m": 4.0}}, {"type": "Feature", "geometry": {"type": "LineString", "coordinates": [[85.139358, 25.612919], [85.139478, 25.612884]]}, "properties": {"feature_type": "edge", "u": 413, "v": 417, "edge_key": 1, "length_m": 12.649, "is_bridged": false, "is_bridge": false, "edge_betweenness": 0.0, "width_m": 2.667}}, {"type": "Feature", "geometry": {"type": "LineString", "coordinates": [[85.139358, 25.612919], [85.139379, 25.612865], [85.139478, 25.612884]]}, "properties": {"feature_type": "edge", "u": 413, "v": 417, "edge_key": 2, "length_m": 16.523, "is_bridged": false, "is_bridge": false, "edge_betweenness": 0.0, "width_m": 4.0}}, {"type": "Feature", "geometry": {"type": "LineString", "coordinates": [[85.139358, 25.612919], [85.139219, 25.612899], [85.13912, 25.612843], [85.139021, 25.612842]]}, "properties": {"feature_type": "edge", "u": 413, "v": 416, "edge_key": 0, "length_m": 36.731, "is_bridged": false, "is_bridge": false, "edge_betweenness": 0.0, "width_m": 6.981}}, {"type": "Feature", "geometry": {"type": "LineString", "coordinates": [[85.129902, 25.61278], [85.129922, 25.612744], [85.129982, 25.612745], [85.130202, 25.612675], [85.130301, 25.612677]]}, "properties": {"feature_type": "edge", "u": 414, "v": 423, "edge_key": 0, "length_m": 45.786, "is_bridged": false, "is_bridge": false, "edge_betweenness": 0.0, "width_m": 8.543}}, {"type": "Feature", "geometry": {"type": "LineString", "coordinates": [[85.135078, 25.612846], [85.135177, 25.612847], [85.135437, 25.612778], [85.135597, 25.61278]]}, "properties": {"feature_type": "edge", "u": 415, "v": 421, "edge_key": 0, "length_m": 55.314, "is_bridged": false, "is_bridge": false, "edge_betweenness": 0.0, "width_m": 8.629}}, {"type": "Feature", "geometry": {"type": "LineString", "coordinates": [[85.135078, 25.612846], [85.135039, 25.612755], [85.134929, 25.612158], [85.134891, 25.612067], [85.134892, 25.611995], [85.134854, 25.611904], [85.134855, 25.611832], [85.134816, 25.611741], [85.134817, 25.611669], [85.134779, 25.611578], [85.13478, 25.611506], [85.134705, 25.611216]]}, "properties": {"feature_type": "edge", "u": 415, "v": 492, "edge_key": 0, "length_m": 196.569, "is_bridged": false, "is_bridge": false, "edge_betweenness": 0.0, "width_m": 8.325}}, {"type": "Feature", "geometry": {"type": "LineString", "coordinates": [[85.139021, 25.612842], [85.138902, 25.612804]]}, "properties": {"feature_type": "edge", "u": 416, "v": 422, "edge_key": 0, "length_m": 12.718, "is_bridged": false, "is_bridge": false, "edge_betweenness": 0.0, "width_m": 6.981}}, {"type": "Feature", "geometry": {"type": "LineString", "coordinates": [[85.139021, 25.612842], [85.139022, 25.61277], [85.138983, 25.612733]]}, "properties": {"feature_type": "edge", "u": 416, "v": 430, "edge_key": 0, "length_m": 13.657, "is_bridged": false, "is_bridge": false, "edge_betweenness": 0.0, "width_m": 6.472}}, {"type": "Feature", "geometry": {"type": "LineString", "coordinates": [[85.139478, 25.612884], [85.139578, 25.612885], [85.139599, 25.612813]]}, "properties": {"feature_type": "edge", "u": 417, "v": 418, "edge_key": 0, "length_m": 18.246, "is_bridged": false, "is_bridge": false, "edge_betweenness": 0.0, "width_m": 6.236}}, {"type": "Feature", "geometry": {"type": "LineString", "coordinates": [[85.139478, 25.612884], [85.139518, 25.612866], [85.139519, 25.61283]]}, "properties": {"feature_type": "edge", "u": 417, "v": 419, "edge_key": 0, "length_m": 8.472, "is_bridged": false, "is_bridge": false, "edge_betweenness": 0.0, "width_m": 4.552}}, {"type": "Feature", "geometry": {"type": "LineString", "coordinates": [[85.139478, 25.612884], [85.139479, 25.61283], [85.139519, 25.61283]]}, "properties": {"feature_type": "edge", "u": 417, "v": 419, "edge_key": 1, "length_m": 10.0, "is_bridged": false, "is_bridge": false, "edge_betweenness": 0.0, "width_m": 5.886}}, {"type": "Feature", "geometry": {"type": "LineString", "coordinates": [[85.139599, 25.612813], [85.139658, 25.612868], [85.139678, 25.61285]]}, "properties": {"feature_type": "edge", "u": 418, "v": 420, "edge_key": 0, "length_m": 11.314, "is_bridged": false, "is_bridge": false, "edge_betweenness": 0.0, "width_m": 6.981}}, {"type": "Feature", "geometry": {"type": "LineString", "coordinates": [[85.139599, 25.612813], [85.139519, 25.61283]]}, "properties": {"feature_type": "edge", "u": 418, "v": 419, "edge_key": 0, "length_m": 8.828, "is_bridged": false, "is_bridge": false, "edge_betweenness": 0.0, "width_m": 5.886}}, {"type": "Feature", "geometry": {"type": "LineString", "coordinates": [[85.139599, 25.612813], [85.139639, 25.612778], [85.139718, 25.612797]]}, "properties": {"feature_type": "edge", "u": 418, "v": 424, "edge_key": 0, "length_m": 13.903, "is_bridged": false, "is_bridge": false, "edge_betweenness": 0.0, "width_m": 4.0}}, {"type": "Feature", "geometry": {"type": "LineString", "coordinates": [[85.139599, 25.612813], [85.13958, 25.612723], [85.139291, 25.612105], [85.139253, 25.611978], [85.139195, 25.611887], [85.139195, 25.611851], [85.139156, 25.611833]]}, "properties": {"feature_type": "edge", "u": 418, "v": 470, "edge_key": 0, "length_m": 127.287, "is_bridged": false, "is_bridge": false, "edge_betweenness": 0.0, "width_m": 8.54}}, {"type": "Feature", "geometry": {"type": "LineString", "coordinates": [[85.139678, 25.61285], [85.139718, 25.612833], [85.139718, 25.612797]]}, "properties": {"feature_type": "edge", "u": 420, "v": 424, "edge_key": 0, "length_m": 8.472, "is_bridged": false, "is_bridge": false, "edge_betweenness": 0.0, "width_m": 5.648}}, {"type": "Feature", "geometry": {"type": "LineString", "coordinates": [[85.139678, 25.61285], [85.139678, 25.612814], [85.139718, 25.612797]]}, "properties": {"feature_type": "edge", "u": 420, "v": 424, "edge_key": 1, "length_m": 8.472, "is_bridged": false, "is_bridge": false, "edge_betweenness": 0.0, "width_m": 4.315}}, {"type": "Feature", "geometry": {"type": "LineString", "coordinates": [[85.135597, 25.61278], [85.135697, 25.612727], [85.136136, 25.612661]]}, "properties": {"feature_type": "edge", "u": 421, "v": 433, "edge_key": 0, "length_m": 59.443, "is_bridged": false, "is_bridge": false, "edge_betweenness": 0.0, "width_m": 9.025}}, {"type": "Feature", "geometry": {"type": "LineString", "coordinates": [[85.135597, 25.61278], [85.135598, 25.61269], [85.135522, 25.612472], [85.135504, 25.612328], [85.135447, 25.612147], [85.135449, 25.61202]]}, "properties": {"feature_type": "edge", "u": 421, "v": 460, "edge_key": 0, "length_m": 90.627, "is_bridged": false, "is_bridge": false, "edge_betweenness": 0.0, "width_m": 14.746}}, {"type": "Feature", "geometry": {"type": "LineString", "coordinates": [[85.138902, 25.612804], [85.138983, 25.612733]]}, "properties": {"feature_type": "edge", "u": 422, "v": 430, "edge_key": 0, "length_m": 12.129, "is_bridged": false, "is_bridge": false, "edge_betweenness": 0.0, "width_m": 6.731}}, {"type": "Feature", "geometry": {"type": "LineString", "coordinates": [[85.138902, 25.612804], [85.13867, 25.61235], [85.138592, 25.612223], [85.138553, 25.612204]]}, "properties": {"feature_type": "edge", "u": 422, "v": 455, "edge_key": 0, "length_m": 81.223, "is_bridged": false, "is_bridge": false, "edge_betweenness": 0.0, "width_m": 8.863}}, {"type": "Feature", "geometry": {"type": "LineString", "coordinates": [[85.130301, 25.612677], [85.130322, 25.612659], [85.130326, 25.612406]]}, "properties": {"feature_type": "edge", "u": 423, "v": 447, "edge_key": 0, "length_m": 30.828, "is_bridged": false, "is_bridge": false, "edge_betweenness": 0.0, "width_m": 8.834}}, {"type": "Feature", "geometry": {"type": "LineString", "coordinates": [[85.139718, 25.612797], [85.139838, 25.612798], [85.139859, 25.612744]]}, "properties": {"feature_type": "edge", "u": 424, "v": 426, "edge_key": 0, "length_m": 18.325, "is_bridged": false, "is_bridge": false, "edge_betweenness": 0.0, "width_m": 4.236}}, {"type": "Feature", "geometry": {"type": "LineString", "coordinates": [[85.139718, 25.612797], [85.139778, 25.61278], [85.139779, 25.612743]]}, "properties": {"feature_type": "edge", "u": 424, "v": 428, "edge_key": 0, "length_m": 10.325, "is_bridged": false, "is_bridge": false, "edge_betweenness": 0.0, "width_m": 3.219}}, {"type": "Feature", "geometry": {"type": "LineString", "coordinates": [[85.139718, 25.612797], [85.139739, 25.612743], [85.139779, 25.612743]]}, "properties": {"feature_type": "edge", "u": 424, "v": 428, "edge_key": 1, "length_m": 10.325, "is_bridged": false, "is_bridge": false, "edge_betweenness": 0.0, "width_m": 4.552}}, {"type": "Feature", "geometry": {"type": "LineString", "coordinates": [[85.140893, 25.61283], [85.140813, 25.612829], [85.140675, 25.612773], [85.140596, 25.612682]]}, "properties": {"feature_type": "edge", "u": 425, "v": 439, "edge_key": 0, "length_m": 37.799, "is_bridged": false, "is_bridge": false, "edge_betweenness": 0.0, "width_m": 9.301}}, {"type": "Feature", "geometry": {"type": "LineString", "coordinates": [[85.140893, 25.61283], [85.140973, 25.612759], [85.141073, 25.61276]]}, "properties": {"feature_type": "edge", "u": 425, "v": 429, "edge_key": 0, "length_m": 22.129, "is_bridged": false, "is_bridge": false, "edge_betweenness": 0.0, "width_m": 9.621}}, {"type": "Feature", "geometry": {"type": "LineString", "coordinates": [[85.139859, 25.612744], [85.139938, 25.612763], [85.139959, 25.61271]]}, "properties": {"feature_type": "edge", "u": 426, "v": 431, "edge_key": 0, "length_m": 14.649, "is_bridged": false, "is_bridge": false, "edge_betweenness": 0.0, "width_m": 4.236}}, {"type": "Feature", "geometry": {"type": "LineString", "coordinates": [[85.139859, 25.612744], [85.139879, 25.612691], [85.139959, 25.61271]]}, "properties": {"feature_type": "edge", "u": 426, "v": 431, "edge_key": 1, "length_m": 14.649, "is_bridged": false, "is_bridge": false, "edge_betweenness": 0.0, "width_m": 4.236}}, {"type": "Feature", "geometry": {"type": "LineString", "coordinates": [[85.139859, 25.612744], [85.139799, 25.612726], [85.139779, 25.612743]]}, "properties": {"feature_type": "edge", "u": 426, "v": 428, "edge_key": 0, "length_m": 9.153, "is_bridged": false, "is_bridge": false, "edge_betweenness": 0.0, "width_m": 4.552}}, {"type": "Feature", "geometry": {"type": "LineString", "coordinates": [[85.127674, 25.612589], [85.127655, 25.612571], [85.127657, 25.612426]]}, "properties": {"feature_type": "edge", "u": 427, "v": 443, "edge_key": 0, "length_m": 18.828, "is_bridged": false, "is_bridge": true, "edge_betweenness": 0.0, "width_m": 8.736}}, {"type": "Feature", "geometry": {"type": "LineString", "coordinates": [[85.127674, 25.612589], [85.127774, 25.612572], [85.127975, 25.61243]]}, "properties": {"feature_type": "edge", "u": 427, "v": 444, "edge_key": 0, "length_m": 37.456, "is_bridged": false, "is_bridge": true, "edge_betweenness": 0.0, "width_m": 9.134}}, {"type": "Feature", "geometry": {"type": "LineString", "coordinates": [[85.141073, 25.61276], [85.141153, 25.612761], [85.141673, 25.612605]]}, "properties": {"feature_type": "edge", "u": 429, "v": 446, "edge_key": 0, "length_m": 67.456, "is_bridged": false, "is_bridge": true, "edge_betweenness": 0.0, "width_m": 8.407}}, {"type": "Feature", "geometry": {"type": "LineString", "coordinates": [[85.141073, 25.61276], [85.141034, 25.612705], [85.141037, 25.612543], [85.140919, 25.612433], [85.14072, 25.612412]]}, "properties": {"feature_type": "edge", "u": 429, "v": 451, "edge_key": 0, "length_m": 63.01, "is_bridged": false, "is_bridge": false, "edge_betweenness": 0.0, "width_m": 9.082}}, {"type": "Feature", "geometry": {"type": "LineString", "coordinates": [[85.138983, 25.612733], [85.138964, 25.612643], [85.138655, 25.612043], [85.138636, 25.611953]]}, "properties": {"feature_type": "edge", "u": 430, "v": 465, "edge_key": 0, "length_m": 100.912, "is_bridged": false, "is_bridge": false, "edge_betweenness": 0.0, "width_m": 8.789}}, {"type": "Feature", "geometry": {"type": "LineString", "coordinates": [[85.139959, 25.61271], [85.140038, 25.612729], [85.140079, 25.612675]]}, "properties": {"feature_type": "edge", "u": 431, "v": 434, "edge_key": 0, "length_m": 15.536, "is_bridged": false, "is_bridge": false, "edge_betweenness": 0.0, "width_m": 5.236}}, {"type": "Feature", "geometry": {"type": "LineString", "coordinates": [[85.139959, 25.61271], [85.139979, 25.612656], [85.140079, 25.612675]]}, "properties": {"feature_type": "edge", "u": 431, "v": 434, "edge_key": 1, "length_m": 16.571, "is_bridged": false, "is_bridge": false, "edge_betweenness": 0.0, "width_m": 5.236}}, {"type": "Feature", "geometry": {"type": "LineString", "coordinates": [[85.131796, 25.612624], [85.131956, 25.612589]]}, "properties": {"feature_type": "edge", "u": 432, "v": 436, "edge_key": 0, "length_m": 17.657, "is_bridged": false, "is_bridge": true, "edge_betweenness": 0.0, "width_m": 8.549}}, {"type": "Feature", "geometry": {"type": "LineString", "coordinates": [[85.136136, 25.612661], [85.136335, 25.612663], [85.136355, 25.612646], [85.136654, 25.612631], [85.137154, 25.612493], [85.137374, 25.61246], [85.137454, 25.612425], [85.137754, 25.612375], [85.137834, 25.612339], [85.138473, 25.612203], [85.138553, 25.612204]]}, "properties": {"feature_type": "edge", "u": 433, "v": 455, "edge_key": 0, "length_m": 264.368, "is_bridged": false, "is_bridge": false, "edge_betweenness": 0.0, "width_m": 8.307}}, {"type": "Feature", "geometry": {"type": "LineString", "coordinates": [[85.136136, 25.612661], [85.136008, 25.611937]]}, "properties": {"feature_type": "edge", "u": 433, "v": 462, "edge_key": 0, "length_m": 85.799, "is_bridged": false, "is_bridge": false, "edge_betweenness": 0.0, "width_m": 8.303}}, {"type": "Feature", "geometry": {"type": "LineString", "coordinates": [[85.140079, 25.612675], [85.140158, 25.612694], [85.140218, 25.612677]]}, "properties": {"feature_type": "edge", "u": 434, "v": 438, "edge_key": 0, "length_m": 14.718, "is_bridged": false, "is_bridge": false, "edge_betweenness": 0.0, "width_m": 7.236}}, {"type": "Feature", "geometry": {"type": "LineString", "coordinates": [[85.140079, 25.612675], [85.14014, 25.612604], [85.140199, 25.612604]]}, "properties": {"feature_type": "edge", "u": 434, "v": 442, "edge_key": 0, "length_m": 16.0, "is_bridged": false, "is_bridge": false, "edge_betweenness": 0.0, "width_m": 6.65}}, {"type": "Feature", "geometry": {"type": "LineString", "coordinates": [[85.131956, 25.612589], [85.132135, 25.612574], [85.132515, 25.612488], [85.132634, 25.61249]]}, "properties": {"feature_type": "edge", "u": 436, "v": 445, "edge_key": 0, "length_m": 72.971, "is_bridged": false, "is_bridge": false, "edge_betweenness": 0.0, "width_m": 8.493}}, {"type": "Feature", "geometry": {"type": "LineString", "coordinates": [[85.131956, 25.612589], [85.131768, 25.611865]]}, "properties": {"feature_type": "edge", "u": 436, "v": 464, "edge_key": 0, "length_m": 88.284, "is_bridged": false, "is_bridge": false, "edge_betweenness": 0.0, "width_m": 8.49}}, {"type": "Feature", "geometry": {"type": "LineString", "coordinates": [[85.143503, 25.612737], [85.143504, 25.612664], [85.143313, 25.61212], [85.143254, 25.612065]]}, "properties": {"feature_type": "edge", "u": 437, "v": 461, "edge_key": 0, "length_m": 85.585, "is_bridged": false, "is_bridge": false, "edge_betweenness": 0.0, "width_m": 22.668}}, {"type": "Feature", "geometry": {"type": "LineString", "coordinates": [[85.140218, 25.612677], [85.140596, 25.612682]]}, "properties": {"feature_type": "edge", "u": 438, "v": 439, "edge_key": 0, "length_m": 38.0, "is_bridged": false, "is_bridge": false, "edge_betweenness": 0.0, "width_m": 8.289}}, {"type": "Feature", "geometry": {"type": "LineString", "coordinates": [[85.140218, 25.612677], [85.140199, 25.612604]]}, "properties": {"feature_type": "edge", "u": 438, "v": 442, "edge_key": 0, "length_m": 8.472, "is_bridged": false, "is_bridge": false, "edge_betweenness": 0.0, "width_m": 6.2}}, {"type": "Feature", "geometry": {"type": "LineString", "coordinates": [[85.140596, 25.612682], [85.140619, 25.612501]]}, "properties": {"feature_type": "edge", "u": 439, "v": 448, "edge_key": 0, "length_m": 20.828, "is_bridged": false, "is_bridge": false, "edge_betweenness": 0.0, "width_m": 8.841}}, {"type": "Feature", "geometry": {"type": "LineString", "coordinates": [[85.128572, 25.61251], [85.128651, 25.612511], [85.129091, 25.612372], [85.129371, 25.612322]]}, "properties": {"feature_type": "edge", "u": 440, "v": 449, "edge_key": 0, "length_m": 88.756, "is_bridged": false, "is_bridge": false, "edge_betweenness": 0.0, "width_m": 8.555}}, {"type": "Feature", "geometry": {"type": "LineString", "coordinates": [[85.128572, 25.61251], [85.12842, 25.612021]]}, "properties": {"feature_type": "edge", "u": 440, "v": 456, "edge_key": 0, "length_m": 60.271, "is_bridged": false, "is_bridge": false, "edge_betweenness": 0.0, "width_m": 8.595}}, {"type": "Feature", "geometry": {"type": "LineString", "coordinates": [[85.126681, 25.612468], [85.127038, 25.612526], [85.127058, 25.612545], [85.127157, 25.612546], [85.127438, 25.612423], [85.127657, 25.612426]]}, "properties": {"feature_type": "edge", "u": 441, "v": 443, "edge_key": 0, "length_m": 107.113, "is_bridged": false, "is_bridge": true, "edge_betweenness": 0.0, "width_m": 8.381}}, {"type": "Feature", "geometry": {"type": "LineString", "coordinates": [[85.140199, 25.612604], [85.14022, 25.612568], [85.140279, 25.612569], [85.14042, 25.612517], [85.140619, 25.612501]]}, "properties": {"feature_type": "edge", "u": 442, "v": 448, "edge_key": 0, "length_m": 47.786, "is_bridged": false, "is_bridge": false, "edge_betweenness": 0.0, "width_m": 8.406}}, {"type": "Feature", "geometry": {"type": "LineString", "coordinates": [[85.127657, 25.612426], [85.127627, 25.611758]]}, "properties": {"feature_type": "edge", "u": 443, "v": 466, "edge_key": 0, "length_m": 75.657, "is_bridged": false, "is_bridge": true, "edge_betweenness": 0.0, "width_m": 8.192}}, {"type": "Feature", "geometry": {"type": "LineString", "coordinates": [[85.132634, 25.61249], [85.132636, 25.6124], [85.132484, 25.611874], [85.132486, 25.611802]]}, "properties": {"feature_type": "edge", "u": 445, "v": 467, "edge_key": 0, "length_m": 82.627, "is_bridged": false, "is_bridge": false, "edge_betweenness": 0.0, "width_m": 8.37}}, {"type": "Feature", "geometry": {"type": "LineString", "coordinates": [[85.130326, 25.612406], [85.130485, 25.612408], [85.130505, 25.61239], [85.131183, 25.612327]]}, "properties": {"feature_type": "edge", "u": 447, "v": 450, "edge_key": 0, "length_m": 90.142, "is_bridged": false, "is_bridge": true, "edge_betweenness": 0.0, "width_m": 8.253}}, {"type": "Feature", "geometry": {"type": "LineString", "coordinates": [[85.130326, 25.612406], [85.130306, 25.61237], [85.130309, 25.612171], [85.130271, 25.612062]]}, "properties": {"feature_type": "edge", "u": 447, "v": 457, "edge_key": 0, "length_m": 40.129, "is_bridged": false, "is_bridge": false, "edge_betweenness": 0.0, "width_m": 8.199}}, {"type": "Feature", "geometry": {"type": "LineString", "coordinates": [[85.140619, 25.612501], [85.14072, 25.612412]]}, "properties": {"feature_type": "edge", "u": 448, "v": 451, "edge_key": 0, "length_m": 14.957, "is_bridged": false, "is_bridge": false, "edge_betweenness": 0.0, "width_m": 10.861}}, {"type": "Feature", "geometry": {"type": "LineString", "coordinates": [[85.129371, 25.612322], [85.129332, 25.612285], [85.129238, 25.611887], [85.12916, 25.611813], [85.12908, 25.611812], [85.12874, 25.611916], [85.12868, 25.611916], [85.12844, 25.611985], [85.12842, 25.612021]]}, "properties": {"feature_type": "edge", "u": 449, "v": 456, "edge_key": 0, "length_m": 149.869, "is_bridged": false, "is_bridge": false, "edge_betweenness": 0.0, "width_m": 8.487}}, {"type": "Feature", "geometry": {"type": "LineString", "coordinates": [[85.129371, 25.612322], [85.129451, 25.612287], [85.129671, 25.612253], [85.130111, 25.612114], [85.130211, 25.612062], [85.130271, 25.612062]]}, "properties": {"feature_type": "edge", "u": 449, "v": 457, "edge_key": 0, "length_m": 102.07, "is_bridged": false, "is_bridge": false, "edge_betweenness": 0.0, "width_m": 8.558}}, {"type": "Feature", "geometry": {"type": "LineString", "coordinates": [[85.14072, 25.612412], [85.140701, 25.612322], [85.140643, 25.612231], [85.140645, 25.612141]]}, "properties": {"feature_type": "edge", "u": 451, "v": 458, "edge_key": 0, "length_m": 33.314, "is_bridged": false, "is_bridge": false, "edge_betweenness": 0.0, "width_m": 15.098}}, {"type": "Feature", "geometry": {"type": "LineString", "coordinates": [[85.142214, 25.612359], [85.142354, 25.612343], [85.142954, 25.61217], [85.143014, 25.612171], [85.143194, 25.612119], [85.143254, 25.612065]]}, "properties": {"feature_type": "edge", "u": 452, "v": 461, "edge_key": 0, "length_m": 118.083, "is_bridged": false, "is_bridge": true, "edge_betweenness": 0.0, "width_m": 8.782}}, {"type": "Feature", "geometry": {"type": "LineString", "coordinates": [[85.144963, 25.612304], [85.144889, 25.611942], [85.14479, 25.61194], [85.144749, 25.611976], [85.144805, 25.612211]]}, "properties": {"feature_type": "edge", "u": 453, "v": 459, "edge_key": 0, "length_m": 87.1, "is_bridged": false, "is_bridge": true, "edge_betweenness": 0.0, "width_m": 8.57}}, {"type": "Feature", "geometry": {"type": "LineString", "coordinates": [[85.12814, 25.612071], [85.12832, 25.612019], [85.12842, 25.612021]]}, "properties": {"feature_type": "edge", "u": 454, "v": 456, "edge_key": 0, "length_m": 30.485, "is_bridged": false, "is_bridge": true, "edge_betweenness": 0.0, "width_m": 8.641}}, {"type": "Feature", "geometry": {"type": "LineString", "coordinates": [[85.138553, 25.612204], [85.138534, 25.612096], [85.138283, 25.611623], [85.138206, 25.611423]]}, "properties": {"feature_type": "edge", "u": 455, "v": 485, "edge_key": 0, "length_m": 100.199, "is_bridged": false, "is_bridge": false, "edge_betweenness": 0.0, "width_m": 8.74}}, {"type": "Feature", "geometry": {"type": "LineString", "coordinates": [[85.130271, 25.612062], [85.130252, 25.61199], [85.130259, 25.611593], [85.130279, 25.611575]]}, "properties": {"feature_type": "edge", "u": 457, "v": 475, "edge_key": 0, "length_m": 55.657, "is_bridged": false, "is_bridge": false, "edge_betweenness": 0.0, "width_m": 8.315}}, {"type": "Feature", "geometry": {"type": "LineString", "coordinates": [[85.140645, 25.612141], [85.140605, 25.612122], [85.140566, 25.612049], [85.140548, 25.611959], [85.140394, 25.611614], [85.140395, 25.611524]]}, "properties": {"feature_type": "edge", "u": 458, "v": 480, "edge_key": 0, "length_m": 79.585, "is_bridged": false, "is_bridge": false, "edge_betweenness": 0.0, "width_m": 14.794}}, {"type": "Feature", "geometry": {"type": "LineString", "coordinates": [[85.140645, 25.612141], [85.141805, 25.611794]]}, "properties": {"feature_type": "edge", "u": 458, "v": 473, "edge_key": 0, "length_m": 132.569, "is_bridged": false, "is_bridge": true, "edge_betweenness": 0.0, "width_m": 8.589}}, {"type": "Feature", "geometry": {"type": "LineString", "coordinates": [[85.135449, 25.61202], [85.135888, 25.611954], [85.135908, 25.611936], [85.136008, 25.611937]]}, "properties": {"feature_type": "edge", "u": 460, "v": 462, "edge_key": 0, "length_m": 60.142, "is_bridged": false, "is_bridge": false, "edge_betweenness": 0.0, "width_m": 8.857}}, {"type": "Feature", "geometry": {"type": "LineString", "coordinates": [[85.135449, 25.61202], [85.13541, 25.611984], [85.135392, 25.611839], [85.135298, 25.611495], [85.135299, 25.611422], [85.135242, 25.611259], [85.135243, 25.611187], [85.135204, 25.611114]]}, "properties": {"feature_type": "edge", "u": 460, "v": 499, "edge_key": 0, "length_m": 110.77, "is_bridged": false, "is_bridge": false, "edge_betweenness": 0.0, "width_m": 14.647}}, {"type": "Feature", "geometry": {"type": "LineString", "coordinates": [[85.143254, 25.612065], [85.143256, 25.611957], [85.14316, 25.611721], [85.143142, 25.611613]]}, "properties": {"feature_type": "edge", "u": 461, "v": 479, "edge_key": 0, "length_m": 54.971, "is_bridged": false, "is_bridge": false, "edge_betweenness": 0.0, "width_m": 22.236}}, {"type": "Feature", "geometry": {"type": "LineString", "coordinates": [[85.136008, 25.611937], [85.135951, 25.611756], [85.135952, 25.611684], [85.135877, 25.611412], [85.135859, 25.611249], [85.135821, 25.611158], [85.135822, 25.611086], [85.135784, 25.610995], [85.135785, 25.610923], [85.135615, 25.610307], [85.135616, 25.610235]]}, "properties": {"feature_type": "edge", "u": 462, "v": 550, "edge_key": 0, "length_m": 205.041, "is_bridged": false, "is_bridge": false, "edge_betweenness": 0.0, "width_m": 8.442}}, {"type": "Feature", "geometry": {"type": "LineString", "coordinates": [[85.136008, 25.611937], [85.136168, 25.611885], [85.136248, 25.611886], [85.136348, 25.611851], [85.136427, 25.611852], [85.136747, 25.611784], [85.136827, 25.611749], [85.136887, 25.61175], [85.136967, 25.611715], [85.137027, 25.611715], [85.137107, 25.61168], [85.137167, 25.611681], [85.137247, 25.611646], [85.137387, 25.61163], [85.137467, 25.611595], [85.137527, 25.611595], [85.137607, 25.61156], [85.137667, 25.611561], [85.137747, 25.611526], [85.137807, 25.611527], [85.137887, 25.611492], [85.138206, 25.611423]]}, "properties": {"feature_type": "edge", "u": 462, "v": 485, "edge_key": 0, "length_m": 244.14, "is_bridged": false, "is_bridge": false, "edge_betweenness": 0.0, "width_m": 8.42}}, {"type": "Feature", "geometry": {"type": "LineString", "coordinates": [[85.131509, 25.61188], [85.131768, 25.611865]]}, "properties": {"feature_type": "edge", "u": 463, "v": 464, "edge_key": 0, "length_m": 26.828, "is_bridged": false, "is_bridge": true, "edge_betweenness": 0.0, "width_m": 8.092}}, {"type": "Feature", "geometry": {"type": "LineString", "coordinates": [[85.131768, 25.611865], [85.131908, 25.611812], [85.131988, 25.611814], [85.132307, 25.611745], [85.132447, 25.611747]]}, "properties": {"feature_type": "edge", "u": 464, "v": 469, "edge_key": 0, "length_m": 73.443, "is_bridged": false, "is_bridge": false, "edge_betweenness": 0.0, "width_m": 8.487}}, {"type": "Feature", "geometry": {"type": "LineString", "coordinates": [[85.138636, 25.611953], [85.138816, 25.611919], [85.139016, 25.611849], [85.139156, 25.611833]]}, "properties": {"feature_type": "edge", "u": 465, "v": 470, "edge_key": 0, "length_m": 57.799, "is_bridged": false, "is_bridge": false, "edge_betweenness": 0.0, "width_m": 8.639}}, {"type": "Feature", "geometry": {"type": "LineString", "coordinates": [[85.138636, 25.611953], [85.138597, 25.611916], [85.138423, 25.611571], [85.138405, 25.611444]]}, "properties": {"feature_type": "edge", "u": 465, "v": 483, "edge_key": 0, "length_m": 65.941, "is_bridged": false, "is_bridge": false, "edge_betweenness": 0.0, "width_m": 8.924}}, {"type": "Feature", "geometry": {"type": "LineString", "coordinates": [[85.132486, 25.611802], [85.132585, 25.611803], [85.132965, 25.6117]]}, "properties": {"feature_type": "edge", "u": 467, "v": 472, "edge_key": 0, "length_m": 52.971, "is_bridged": false, "is_bridge": false, "edge_betweenness": 0.0, "width_m": 8.619}}, {"type": "Feature", "geometry": {"type": "LineString", "coordinates": [[85.132486, 25.611802], [85.132447, 25.611747]]}, "properties": {"feature_type": "edge", "u": 467, "v": 469, "edge_key": 0, "length_m": 7.301, "is_bridged": false, "is_bridge": false, "edge_betweenness": 0.0, "width_m": 9.734}}, {"type": "Feature", "geometry": {"type": "LineString", "coordinates": [[85.132447, 25.611747], [85.132429, 25.611602], [85.132279, 25.611023], [85.13226, 25.610968], [85.13222, 25.61095]]}, "properties": {"feature_type": "edge", "u": 469, "v": 509, "edge_key": 0, "length_m": 98.4, "is_bridged": false, "is_bridge": false, "edge_betweenness": 0.0, "width_m": 8.258}}, {"type": "Feature", "geometry": {"type": "LineString", "coordinates": [[85.139156, 25.611833], [85.139139, 25.611652], [85.13922, 25.611563], [85.13976, 25.611425], [85.140219, 25.611359], [85.140259, 25.611323]]}, "properties": {"feature_type": "edge", "u": 470, "v": 491, "edge_key": 0, "length_m": 149.74, "is_bridged": false, "is_bridge": false, "edge_betweenness": 0.0, "width_m": 8.616}}, {"type": "Feature", "geometry": {"type": "LineString", "coordinates": [[85.132965, 25.6117], [85.133264, 25.611649], [85.133465, 25.61158]]}, "properties": {"feature_type": "edge", "u": 472, "v": 476, "edge_key": 0, "length_m": 55.799, "is_bridged": false, "is_bridge": false, "edge_betweenness": 0.0, "width_m": 8.798}}, {"type": "Feature", "geometry": {"type": "LineString", "coordinates": [[85.132965, 25.6117], [85.13272, 25.610794], [85.132762, 25.610668]]}, "properties": {"feature_type": "edge", "u": 472, "v": 520, "edge_key": 0, "length_m": 125.54, "is_bridged": false, "is_bridge": false, "edge_betweenness": 0.0, "width_m": 8.258}}, {"type": "Feature", "geometry": {"type": "LineString", "coordinates": [[85.141945, 25.61176], [85.142264, 25.611692], [85.142885, 25.611501], [85.142984, 25.611502], [85.143045, 25.611449]]}, "properties": {"feature_type": "edge", "u": 474, "v": 487, "edge_key": 0, "length_m": 124.912, "is_bridged": false, "is_bridge": true, "edge_betweenness": 0.0, "width_m": 8.732}}, {"type": "Feature", "geometry": {"type": "LineString", "coordinates": [[85.130279, 25.611575], [85.130418, 25.611577], [85.130438, 25.611559], [85.130538, 25.61156], [85.130558, 25.611542], [85.130658, 25.611544], [85.130678, 25.611526], [85.130777, 25.611527], [85.130797, 25.611509], [85.130897, 25.611511], [85.131157, 25.61146], [85.131276, 25.611461]]}, "properties": {"feature_type": "edge", "u": 475, "v": 477, "edge_key": 0, "length_m": 105.799, "is_bridged": false, "is_bridge": false, "edge_betweenness": 0.0, "width_m": 8.274}}, {"type": "Feature", "geometry": {"type": "LineString", "coordinates": [[85.130279, 25.611575], [85.130259, 25.611557], [85.130264, 25.611214]]}, "properties": {"feature_type": "edge", "u": 475, "v": 490, "edge_key": 0, "length_m": 40.828, "is_bridged": false, "is_bridge": false, "edge_betweenness": 0.0, "width_m": 8.331}}, {"type": "Feature", "geometry": {"type": "LineString", "coordinates": [[85.133465, 25.61158], [85.133544, 25.611581], [85.133864, 25.611494], [85.133984, 25.611496]]}, "properties": {"feature_type": "edge", "u": 476, "v": 478, "edge_key": 0, "length_m": 56.142, "is_bridged": false, "is_bridge": false, "edge_betweenness": 0.0, "width_m": 8.726}}, {"type": "Feature", "geometry": {"type": "LineString", "coordinates": [[85.133465, 25.61158], [85.133201, 25.610619]]}, "properties": {"feature_type": "edge", "u": 476, "v": 527, "edge_key": 0, "length_m": 117.598, "is_bridged": false, "is_bridge": false, "edge_betweenness": 0.0, "width_m": 8.459}}, {"type": "Feature", "geometry": {"type": "LineString", "coordinates": [[85.131276, 25.611461], [85.131258, 25.611317], [85.13122, 25.611226], [85.131221, 25.611136]]}, "properties": {"feature_type": "edge", "u": 477, "v": 496, "edge_key": 0, "length_m": 38.129, "is_bridged": false, "is_bridge": false, "edge_betweenness": 0.0, "width_m": 8.473}}, {"type": "Feature", "geometry": {"type": "LineString", "coordinates": [[85.133984, 25.611496], [85.133986, 25.61137]]}, "properties": {"feature_type": "edge", "u": 478, "v": 484, "edge_key": 0, "length_m": 14.0, "is_bridged": false, "is_bridge": false, "edge_betweenness": 0.0, "width_m": 11.599}}, {"type": "Feature", "geometry": {"type": "LineString", "coordinates": [[85.143142, 25.611613], [85.143084, 25.611486], [85.143045, 25.611449]]}, "properties": {"feature_type": "edge", "u": 479, "v": 487, "edge_key": 0, "length_m": 22.142, "is_bridged": false, "is_bridge": false, "edge_betweenness": 0.0, "width_m": 22.454}}, {"type": "Feature", "geometry": {"type": "LineString", "coordinates": [[85.143142, 25.611613], [85.143202, 25.611559], [85.143282, 25.61156], [85.143682, 25.611439], [85.143802, 25.61144]]}, "properties": {"feature_type": "edge", "u": 479, "v": 488, "edge_key": 0, "length_m": 74.284, "is_bridged": false, "is_bridge": true, "edge_betweenness": 0.0, "width_m": 9.544}}, {"type": "Feature", "geometry": {"type": "LineString", "coordinates": [[85.140395, 25.611524], [85.140356, 25.611505], [85.140337, 25.611433], [85.140259, 25.611323]]}, "properties": {"feature_type": "edge", "u": 480, "v": 491, "edge_key": 0, "length_m": 28.614, "is_bridged": false, "is_bridge": false, "edge_betweenness": 0.0, "width_m": 14.907}}, {"type": "Feature", "geometry": {"type": "LineString", "coordinates": [[85.140395, 25.611524], [85.140456, 25.611488], [85.140975, 25.61135], [85.141036, 25.611315]]}, "properties": {"feature_type": "edge", "u": 480, "v": 494, "edge_key": 0, "length_m": 73.941, "is_bridged": false, "is_bridge": true, "edge_betweenness": 0.0, "width_m": 9.049}}, {"type": "Feature", "geometry": {"type": "LineString", "coordinates": [[85.138405, 25.611444], [85.138346, 25.611407]]}, "properties": {"feature_type": "edge", "u": 483, "v": 486, "edge_key": 0, "length_m": 7.301, "is_bridged": false, "is_bridge": false, "edge_betweenness": 0.0, "width_m": 9.734}}, {"type": "Feature", "geometry": {"type": "LineString", "coordinates": [[85.138405, 25.611444], [85.138985, 25.611289], [85.139166, 25.611165]]}, "properties": {"feature_type": "edge", "u": 483, "v": 500, "edge_key": 0, "length_m": 88.899, "is_bridged": false, "is_bridge": true, "edge_betweenness": 0.0, "width_m": 8.783}}, {"type": "Feature", "geometry": {"type": "LineString", "coordinates": [[85.133986, 25.61137], [85.134146, 25.611336], [85.134386, 25.611248], [85.134546, 25.611214], [85.134705, 25.611216]]}, "properties": {"feature_type": "edge", "u": 484, "v": 492, "edge_key": 0, "length_m": 79.456, "is_bridged": false, "is_bridge": false, "edge_betweenness": 0.0, "width_m": 8.578}}, {"type": "Feature", "geometry": {"type": "LineString", "coordinates": [[85.133986, 25.61137], [85.133946, 25.611333], [85.133741, 25.610464]]}, "properties": {"feature_type": "edge", "u": 484, "v": 535, "edge_key": 0, "length_m": 110.413, "is_bridged": false, "is_bridge": false, "edge_betweenness": 0.0, "width_m": 8.625}}, {"type": "Feature", "geometry": {"type": "LineString", "coordinates": [[85.138206, 25.611423], [85.138167, 25.611405], [85.138149, 25.611278], [85.13811, 25.611206], [85.138071, 25.611187]]}, "properties": {"feature_type": "edge", "u": 485, "v": 497, "edge_key": 0, "length_m": 33.43, "is_bridged": false, "is_bridge": false, "edge_betweenness": 0.0, "width_m": 8.804}}, {"type": "Feature", "geometry": {"type": "LineString", "coordinates": [[85.138206, 25.611423], [85.138346, 25.611407]]}, "properties": {"feature_type": "edge", "u": 485, "v": 486, "edge_key": 0, "length_m": 14.472, "is_bridged": false, "is_bridge": false, "edge_betweenness": 0.0, "width_m": 9.09}}, {"type": "Feature", "geometry": {"type": "LineString", "coordinates": [[85.138346, 25.611407], [85.138328, 25.611263]]}, "properties": {"feature_type": "edge", "u": 486, "v": 493, "edge_key": 0, "length_m": 16.472, "is_bridged": false, "is_bridge": false, "edge_betweenness": 0.0, "width_m": 9.45}}, {"type": "Feature", "geometry": {"type": "LineString", "coordinates": [[85.143045, 25.611449], [85.143046, 25.611359], [85.142951, 25.611087], [85.142912, 25.611032], [85.142702, 25.610415], [85.142663, 25.610379]]}, "properties": {"feature_type": "edge", "u": 487, "v": 548, "edge_key": 0, "length_m": 134.569, "is_bridged": false, "is_bridge": false, "edge_betweenness": 0.0, "width_m": 22.376}}, {"type": "Feature", "geometry": {"type": "LineString", "coordinates": [[85.143802, 25.61144], [85.143883, 25.611351]]}, "properties": {"feature_type": "edge", "u": 488, "v": 495, "edge_key": 0, "length_m": 12.957, "is_bridged": false, "is_bridge": false, "edge_betweenness": 0.0, "width_m": 10.633}}, {"type": "Feature", "geometry": {"type": "LineString", "coordinates": [[85.143802, 25.61144], [85.143916, 25.611785], [85.143955, 25.611822], [85.144274, 25.611771], [85.144415, 25.611719], [85.144814, 25.611634], [85.144874, 25.611599], [85.144837, 25.611454], [85.144821, 25.611201]]}, "properties": {"feature_type": "edge", "u": 488, "v": 502, "edge_key": 0, "length_m": 197.526, "is_bridged": false, "is_bridge": false, "edge_betweenness": 0.0, "width_m": 8.478}}, {"type": "Feature", "geometry": {"type": "LineString", "coordinates": [[85.137351, 25.61134], [85.137691, 25.611272], [85.137971, 25.611186], [85.138071, 25.611187]]}, "properties": {"feature_type": "edge", "u": 489, "v": 497, "edge_key": 0, "length_m": 79.456, "is_bridged": false, "is_bridge": true, "edge_betweenness": 0.0, "width_m": 8.367}}, {"type": "Feature", "geometry": {"type": "LineString", "coordinates": [[85.130264, 25.611214], [85.130126, 25.611158], [85.130009, 25.611012]]}, "properties": {"feature_type": "edge", "u": 490, "v": 503, "edge_key": 0, "length_m": 37.1, "is_bridged": false, "is_bridge": false, "edge_betweenness": 0.0, "width_m": 9.243}}, {"type": "Feature", "geometry": {"type": "LineString", "coordinates": [[85.130264, 25.611214], [85.130424, 25.611198], [85.130625, 25.611056]]}, "properties": {"feature_type": "edge", "u": 490, "v": 498, "edge_key": 0, "length_m": 43.1, "is_bridged": false, "is_bridge": false, "edge_betweenness": 0.0, "width_m": 9.747}}, {"type": "Feature", "geometry": {"type": "LineString", "coordinates": [[85.140259, 25.611323], [85.14026, 25.611233], [85.140183, 25.611069], [85.139754, 25.610468], [85.139677, 25.610305]]}, "properties": {"feature_type": "edge", "u": 491, "v": 551, "edge_key": 0, "length_m": 135.143, "is_bridged": false, "is_bridge": false, "edge_betweenness": 0.0, "width_m": 15.173}}, {"type": "Feature", "geometry": {"type": "LineString", "coordinates": [[85.134705, 25.611216], [85.135085, 25.611113], [85.135204, 25.611114]]}, "properties": {"feature_type": "edge", "u": 492, "v": 499, "edge_key": 0, "length_m": 54.971, "is_bridged": false, "is_bridge": false, "edge_betweenness": 0.0, "width_m": 8.975}}, {"type": "Feature", "geometry": {"type": "LineString", "coordinates": [[85.138328, 25.611263], [85.138289, 25.611244], [85.138096, 25.610862], [85.137997, 25.610807]]}, "properties": {"feature_type": "edge", "u": 493, "v": 516, "edge_key": 0, "length_m": 66.418, "is_bridged": false, "is_bridge": false, "edge_betweenness": 0.0, "width_m": 8.542}}, {"type": "Feature", "geometry": {"type": "LineString", "coordinates": [[85.138328, 25.611263], [85.138831, 25.61098], [85.139371, 25.610788]]}, "properties": {"feature_type": "edge", "u": 493, "v": 523, "edge_key": 0, "length_m": 126.011, "is_bridged": false, "is_bridge": true, "edge_betweenness": 0.0, "width_m": 8.84}}, {"type": "Feature", "geometry": {"type": "LineString", "coordinates": [[85.141036, 25.611315], [85.141255, 25.611264], [85.141496, 25.611176]]}, "properties": {"feature_type": "edge", "u": 494, "v": 501, "edge_key": 0, "length_m": 52.627, "is_bridged": false, "is_bridge": true, "edge_betweenness": 0.0, "width_m": 8.777}}, {"type": "Feature", "geometry": {"type": "LineString", "coordinates": [[85.141036, 25.611315], [85.141016, 25.611297], [85.141017, 25.611225], [85.140901, 25.611006], [85.140786, 25.610716], [85.140727, 25.610679]]}, "properties": {"feature_type": "edge", "u": 494, "v": 532, "edge_key": 0, "length_m": 84.426, "is_bridged": false, "is_bridge": true, "edge_betweenness": 0.0, "width_m": 8.561}}, {"type": "Feature", "geometry": {"type": "LineString", "coordinates": [[85.143883, 25.611351], [85.143942, 25.611352], [85.144003, 25.611317], [85.144082, 25.611318], [85.144102, 25.6113], [85.144202, 25.611301], [85.144222, 25.611283], [85.144701, 25.611217], [85.144721, 25.611199], [85.144821, 25.611201]]}, "properties": {"feature_type": "edge", "u": 495, "v": 502, "edge_key": 0, "length_m": 101.456, "is_bridged": false, "is_bridge": false, "edge_betweenness": 0.0, "width_m": 8.501}}, {"type": "Feature", "geometry": {"type": "LineString", "coordinates": [[85.143883, 25.611351], [85.143826, 25.61117], [85.143847, 25.611098], [85.143926, 25.611099], [85.144026, 25.611064], [85.144206, 25.611048], [85.144685, 25.610946], [85.144785, 25.610947]]}, "properties": {"feature_type": "edge", "u": 495, "v": 517, "edge_key": 0, "length_m": 132.77, "is_bridged": false, "is_bridge": false, "edge_betweenness": 0.0, "width_m": 8.339}}, {"type": "Feature", "geometry": {"type": "LineString", "coordinates": [[85.131221, 25.611136], [85.130783, 25.611184], [85.130723, 25.611165], [85.130625, 25.611056]]}, "properties": {"feature_type": "edge", "u": 496, "v": 498, "edge_key": 0, "length_m": 69.456, "is_bridged": false, "is_bridge": false, "edge_betweenness": 0.0, "width_m": 8.782}}, {"type": "Feature", "geometry": {"type": "LineString", "coordinates": [[85.131221, 25.611136], [85.131182, 25.611099], [85.131164, 25.611009]]}, "properties": {"feature_type": "edge", "u": 496, "v": 504, "edge_key": 0, "length_m": 16.129, "is_bridged": false, "is_bridge": false, "edge_betweenness": 0.0, "width_m": 9.419}}, {"type": "Feature", "geometry": {"type": "LineString", "coordinates": [[85.131221, 25.611136], [85.131322, 25.611101], [85.131581, 25.611068], [85.13212, 25.610949], [85.13222, 25.61095]]}, "properties": {"feature_type": "edge", "u": 496, "v": 509, "edge_key": 0, "length_m": 108.756, "is_bridged": false, "is_bridge": false, "edge_betweenness": 0.0, "width_m": 8.318}}, {"type": "Feature", "geometry": {"type": "LineString", "coordinates": [[85.138071, 25.611187], [85.138072, 25.611097], [85.137995, 25.610933], [85.137997, 25.610807]]}, "properties": {"feature_type": "edge", "u": 497, "v": 516, "edge_key": 0, "length_m": 45.314, "is_bridged": false, "is_bridge": false, "edge_betweenness": 0.0, "width_m": 7.974}}, {"type": "Feature", "geometry": {"type": "LineString", "coordinates": [[85.130625, 25.611056], [85.130785, 25.611022], [85.131164, 25.611009]]}, "properties": {"feature_type": "edge", "u": 498, "v": 504, "edge_key": 0, "length_m": 56.129, "is_bridged": false, "is_bridge": false, "edge_betweenness": 0.0, "width_m": 8.727}}, {"type": "Feature", "geometry": {"type": "LineString", "coordinates": [[85.130625, 25.611056], [85.130586, 25.611019], [85.130588, 25.610875]]}, "properties": {"feature_type": "edge", "u": 498, "v": 511, "edge_key": 0, "length_m": 21.657, "is_bridged": false, "is_bridge": false, "edge_betweenness": 0.0, "width_m": 8.944}}, {"type": "Feature", "geometry": {"type": "LineString", "coordinates": [[85.135204, 25.611114], [85.135206, 25.611024], [85.135111, 25.610698], [85.135038, 25.610282]]}, "properties": {"feature_type": "edge", "u": 499, "v": 547, "edge_key": 0, "length_m": 98.952, "is_bridged": false, "is_bridge": false, "edge_betweenness": 0.0, "width_m": 15.361}}, {"type": "Feature", "geometry": {"type": "LineString", "coordinates": [[85.144821, 25.611201], [85.144802, 25.611164], [85.144805, 25.610966], [85.144785, 25.610947]]}, "properties": {"feature_type": "edge", "u": 502, "v": 517, "edge_key": 0, "length_m": 29.301, "is_bridged": false, "is_bridge": false, "edge_betweenness": 0.0, "width_m": 8.439}}, {"type": "Feature", "geometry": {"type": "LineString", "coordinates": [[85.130009, 25.611012], [85.129691, 25.610972], [85.129671, 25.610953], [85.129174, 25.610911], [85.129154, 25.610893], [85.128935, 25.61089], [85.128916, 25.610871], [85.128717, 25.610869], [85.128697, 25.610851], [85.128498, 25.610848], [85.128478, 25.61083], [85.128259, 25.610827], [85.12824, 25.610809], [85.127802, 25.610785], [85.127782, 25.610767], [85.127583, 25.610764], [85.127564, 25.610746], [85.127365, 25.610743], [85.127345, 25.610725], [85.127126, 25.610722], [85.127106, 25.610704], [85.126907, 25.610701], [85.126888, 25.610683], [85.126688, 25.61068], [85.126669, 25.610662], [85.12647, 25.61066], [85.12645, 25.610641], [85.126251, 25.610639], [85.126231, 25.61062], [85.125794, 25.610597], [85.125774, 25.610578], [85.125496, 25.610539], [85.125, 25.610388]]}, "properties": {"feature_type": "edge", "u": 503, "v": 534, "edge_key": 0, "length_m": 529.681, "is_bridged": false, "is_bridge": true, "edge_betweenness": 0.0, "width_m": 8.139}}, {"type": "Feature", "geometry": {"type": "LineString", "coordinates": [[85.130009, 25.611012], [85.130011, 25.610849]]}, "properties": {"feature_type": "edge", "u": 503, "v": 513, "edge_key": 0, "length_m": 18.0, "is_bridged": false, "is_bridge": false, "edge_betweenness": 0.0, "width_m": 9.032}}, {"type": "Feature", "geometry": {"type": "LineString", "coordinates": [[85.131164, 25.611009], [85.131284, 25.610974]]}, "properties": {"feature_type": "edge", "u": 504, "v": 506, "edge_key": 0, "length_m": 13.301, "is_bridged": false, "is_bridge": false, "edge_betweenness": 0.0, "width_m": 8.852}}, {"type": "Feature", "geometry": {"type": "LineString", "coordinates": [[85.131164, 25.611009], [85.131185, 25.610919]]}, "properties": {"feature_type": "edge", "u": 504, "v": 507, "edge_key": 0, "length_m": 10.325, "is_bridged": false, "is_bridge": false, "edge_betweenness": 0.0, "width_m": 9.734}}, {"type": "Feature", "geometry": {"type": "LineString", "coordinates": [[85.131284, 25.610974], [85.131384, 25.610957], [85.131424, 25.610904]]}, "properties": {"feature_type": "edge", "u": 506, "v": 508, "edge_key": 0, "length_m": 18.04, "is_bridged": false, "is_bridge": false, "edge_betweenness": 0.0, "width_m": 6.824}}, {"type": "Feature", "geometry": {"type": "LineString", "coordinates": [[85.131284, 25.610974], [85.131285, 25.610902]]}, "properties": {"feature_type": "edge", "u": 506, "v": 510, "edge_key": 0, "length_m": 8.0, "is_bridged": false, "is_bridge": false, "edge_betweenness": 0.0, "width_m": 8.315}}, {"type": "Feature", "geometry": {"type": "LineString", "coordinates": [[85.131185, 25.610919], [85.130827, 25.610914], [85.130807, 25.610896], [85.130588, 25.610875]]}, "properties": {"feature_type": "edge", "u": 507, "v": 511, "edge_key": 0, "length_m": 61.657, "is_bridged": false, "is_bridge": false, "edge_betweenness": 0.0, "width_m": 8.236}}, {"type": "Feature", "geometry": {"type": "LineString", "coordinates": [[85.131185, 25.610919], [85.131205, 25.610901], [85.131285, 25.610902]]}, "properties": {"feature_type": "edge", "u": 507, "v": 510, "edge_key": 0, "length_m": 10.828, "is_bridged": false, "is_bridge": false, "edge_betweenness": 0.0, "width_m": 8.567}}, {"type": "Feature", "geometry": {"type": "LineString", "coordinates": [[85.131424, 25.610904], [85.131503, 25.610941], [85.131644, 25.61087]]}, "properties": {"feature_type": "edge", "u": 508, "v": 512, "edge_key": 0, "length_m": 26.04, "is_bridged": false, "is_bridge": false, "edge_betweenness": 0.0, "width_m": 6.992}}, {"type": "Feature", "geometry": {"type": "LineString", "coordinates": [[85.131424, 25.610904], [85.131485, 25.61085], [85.131644, 25.61087]]}, "properties": {"feature_type": "edge", "u": 508, "v": 512, "edge_key": 1, "length_m": 24.683, "is_bridged": false, "is_bridge": false, "edge_betweenness": 0.0, "width_m": 7.262}}, {"type": "Feature", "geometry": {"type": "LineString", "coordinates": [[85.131424, 25.610904], [85.131365, 25.610885], [85.131285, 25.610902]]}, "properties": {"feature_type": "edge", "u": 508, "v": 510, "edge_key": 0, "length_m": 15.153, "is_bridged": false, "is_bridge": false, "edge_betweenness": 0.0, "width_m": 7.139}}, {"type": "Feature", "geometry": {"type": "LineString", "coordinates": [[85.13222, 25.61095], [85.132222, 25.610823], [85.132103, 25.610786]]}, "properties": {"feature_type": "edge", "u": 509, "v": 515, "edge_key": 0, "length_m": 27.026, "is_bridged": false, "is_bridge": false, "edge_betweenness": 0.0, "width_m": 8.571}}, {"type": "Feature", "geometry": {"type": "LineString", "coordinates": [[85.130588, 25.610875], [85.130589, 25.610839], [85.130452, 25.610693]]}, "properties": {"feature_type": "edge", "u": 511, "v": 519, "edge_key": 0, "length_m": 25.443, "is_bridged": false, "is_bridge": false, "edge_betweenness": 0.0, "width_m": 9.179}}, {"type": "Feature", "geometry": {"type": "LineString", "coordinates": [[85.131644, 25.61087], [85.131763, 25.61089], [85.131823, 25.610873], [85.131884, 25.610819]]}, "properties": {"feature_type": "edge", "u": 512, "v": 514, "edge_key": 0, "length_m": 27.512, "is_bridged": false, "is_bridge": false, "edge_betweenness": 0.0, "width_m": 7.563}}, {"type": "Feature", "geometry": {"type": "LineString", "coordinates": [[85.131644, 25.61087], [85.131744, 25.610799], [85.131884, 25.610819]]}, "properties": {"feature_type": "edge", "u": 512, "v": 514, "edge_key": 1, "length_m": 27.075, "is_bridged": false, "is_bridge": false, "edge_betweenness": 0.0, "width_m": 7.833}}, {"type": "Feature", "geometry": {"type": "LineString", "coordinates": [[85.130011, 25.610849], [85.129335, 25.610805], [85.129315, 25.610786], [85.129076, 25.610783], [85.129057, 25.610765], [85.128838, 25.610762], [85.128818, 25.610744], [85.128559, 25.610741], [85.12854, 25.610722], [85.128301, 25.610719], [85.128281, 25.610701], [85.128042, 25.610698], [85.128023, 25.610679], [85.127784, 25.610676], [85.127764, 25.610658], [85.127525, 25.610655], [85.127506, 25.610637], [85.127326, 25.610634], [85.127307, 25.610616]]}, "properties": {"feature_type": "edge", "u": 513, "v": 524, "edge_key": 0, "length_m": 281.113, "is_bridged": false, "is_bridge": false, "edge_betweenness": 0.0, "width_m": 8.132}}, {"type": "Feature", "geometry": {"type": "LineString", "coordinates": [[85.130011, 25.610849], [85.130153, 25.610725], [85.130273, 25.61069]]}, "properties": {"feature_type": "edge", "u": 513, "v": 521, "edge_key": 0, "length_m": 34.271, "is_bridged": false, "is_bridge": false, "edge_betweenness": 0.0, "width_m": 9.273}}, {"type": "Feature", "geometry": {"type": "LineString", "coordinates": [[85.131884, 25.610819], [85.131944, 25.610784]]}, "properties": {"feature_type": "edge", "u": 514, "v": 934, "edge_key": 0, "length_m": 7.211, "is_bridged": false, "is_bridge": false, "edge_betweenness": 0.0, "width_m": 4.0}}, {"type": "Feature", "geometry": {"type": "LineString", "coordinates": [[85.131944, 25.610784], [85.131884, 25.610819]]}, "properties": {"feature_type": "edge", "u": 514, "v": 934, "edge_key": 1, "length_m": 7.211, "is_bridged": false, "is_bridge": false, "edge_betweenness": 0.0, "width_m": 4.0}}, {"type": "Feature", "geometry": {"type": "LineString", "coordinates": [[85.131884, 25.610819], [85.132103, 25.610786]]}, "properties": {"feature_type": "edge", "u": 514, "v": 515, "edge_key": 0, "length_m": 22.364, "is_bridged": false, "is_bridge": false, "edge_betweenness": 0.0, "width_m": 5.886}}, {"type": "Feature", "geometry": {"type": "LineString", "coordinates": [[85.132103, 25.610786], [85.132044, 25.610767]]}, "properties": {"feature_type": "edge", "u": 515, "v": 935, "edge_key": 0, "length_m": 6.325, "is_bridged": false, "is_bridge": false, "edge_betweenness": 0.0, "width_m": 5.105}}, {"type": "Feature", "geometry": {"type": "LineString", "coordinates": [[85.132044, 25.610767], [85.132103, 25.610786]]}, "properties": {"feature_type": "edge", "u": 515, "v": 935, "edge_key": 1, "length_m": 6.325, "is_bridged": false, "is_bridge": false, "edge_betweenness": 0.0, "width_m": 5.105}}, {"type": "Feature", "geometry": {"type": "LineString", "coordinates": [[85.132103, 25.610786], [85.132124, 25.61075]]}, "properties": {"feature_type": "edge", "u": 515, "v": 936, "edge_key": 0, "length_m": 4.472, "is_bridged": false, "is_bridge": false, "edge_betweenness": 0.0, "width_m": 5.105}}, {"type": "Feature", "geometry": {"type": "LineString", "coordinates": [[85.132124, 25.61075], [85.132103, 25.610786]]}, "properties": {"feature_type": "edge", "u": 515, "v": 936, "edge_key": 1, "length_m": 4.472, "is_bridged": false, "is_bridge": false, "edge_betweenness": 0.0, "width_m": 5.105}}, {"type": "Feature", "geometry": {"type": "LineString", "coordinates": [[85.132103, 25.610786], [85.132343, 25.610735]]}, "properties": {"feature_type": "edge", "u": 515, "v": 518, "edge_key": 0, "length_m": 24.968, "is_bridged": false, "is_bridge": false, "edge_betweenness": 0.0, "width_m": 11.858}}, {"type": "Feature", "geometry": {"type": "LineString", "coordinates": [[85.137997, 25.610807], [85.138016, 25.610861]]}, "properties": {"feature_type": "edge", "u": 516, "v": 937, "edge_key": 0, "length_m": 6.325, "is_bridged": false, "is_bridge": false, "edge_betweenness": 0.0, "width_m": 1.333}}, {"type": "Feature", "geometry": {"type": "LineString", "coordinates": [[85.138016, 25.610861], [85.137997, 25.610807]]}, "properties": {"feature_type": "edge", "u": 516, "v": 937, "edge_key": 1, "length_m": 6.325, "is_bridged": false, "is_bridge": false, "edge_betweenness": 0.0, "width_m": 1.333}}, {"type": "Feature", "geometry": {"type": "LineString", "coordinates": [[85.137997, 25.610807], [85.137937, 25.610788]]}, "properties": {"feature_type": "edge", "u": 516, "v": 938, "edge_key": 0, "length_m": 6.325, "is_bridged": false, "is_bridge": false, "edge_betweenness": 0.0, "width_m": 2.981}}, {"type": "Feature", "geometry": {"type": "LineString", "coordinates": [[85.137937, 25.610788], [85.137997, 25.610807]]}, "properties": {"feature_type": "edge", "u": 516, "v": 938, "edge_key": 1, "length_m": 6.325, "is_bridged": false, "is_bridge": false, "edge_betweenness": 0.0, "width_m": 2.981}}, {"type": "Feature", "geometry": {"type": "LineString", "coordinates": [[85.137997, 25.610807], [85.137899, 25.610679], [85.137881, 25.610589]]}, "properties": {"feature_type": "edge", "u": 516, "v": 531, "edge_key": 0, "length_m": 27.565, "is_bridged": false, "is_bridge": false, "edge_betweenness": 0.0, "width_m": 7.143}}, {"type": "Feature", "geometry": {"type": "LineString", "coordinates": [[85.137997, 25.610807], [85.137979, 25.610644]]}, "properties": {"feature_type": "edge", "u": 516, "v": 528, "edge_key": 0, "length_m": 18.325, "is_bridged": false, "is_bridge": false, "edge_betweenness": 0.0, "width_m": 6.883}}, {"type": "Feature", "geometry": {"type": "LineString", "coordinates": [[85.144785, 25.610947], [85.144787, 25.610803], [85.144828, 25.610767], [85.144947, 25.610751]]}, "properties": {"feature_type": "edge", "u": 517, "v": 529, "edge_key": 0, "length_m": 34.485, "is_bridged": false, "is_bridge": true, "edge_betweenness": 0.0, "width_m": 8.295}}, {"type": "Feature", "geometry": {"type": "LineString", "coordinates": [[85.132343, 25.610735], [85.132303, 25.610716]]}, "properties": {"feature_type": "edge", "u": 518, "v": 939, "edge_key": 0, "length_m": 4.472, "is_bridged": false, "is_bridge": false, "edge_betweenness": 0.0, "width_m": 6.667}}, {"type": "Feature", "geometry": {"type": "LineString", "coordinates": [[85.132303, 25.610716], [85.132343, 25.610735]]}, "properties": {"feature_type": "edge", "u": 518, "v": 939, "edge_key": 1, "length_m": 4.472, "is_bridged": false, "is_bridge": false, "edge_betweenness": 0.0, "width_m": 6.667}}, {"type": "Feature", "geometry": {"type": "LineString", "coordinates": [[85.132343, 25.610735], [85.132462, 25.610754], [85.132522, 25.610737], [85.132563, 25.610683]]}, "properties": {"feature_type": "edge", "u": 518, "v": 522, "edge_key": 0, "length_m": 26.238, "is_bridged": false, "is_bridge": false, "edge_betweenness": 0.0, "width_m": 6.992}}, {"type": "Feature", "geometry": {"type": "LineString", "coordinates": [[85.132343, 25.610735], [85.132443, 25.610664], [85.132563, 25.610683]]}, "properties": {"feature_type": "edge", "u": 518, "v": 522, "edge_key": 1, "length_m": 25.153, "is_bridged": false, "is_bridge": false, "edge_betweenness": 0.0, "width_m": 7.262}}, {"type": "Feature", "geometry": {"type": "LineString", "coordinates": [[85.130452, 25.610693], [85.130273, 25.61069]]}, "properties": {"feature_type": "edge", "u": 519, "v": 521, "edge_key": 0, "length_m": 18.0, "is_bridged": false, "is_bridge": false, "edge_betweenness": 0.0, "width_m": 9.032}}, {"type": "Feature", "geometry": {"type": "LineString", "coordinates": [[85.130452, 25.610693], [85.130434, 25.610584], [85.130337, 25.610366], [85.1303, 25.610221], [85.130088, 25.609767], [85.129896, 25.609277], [85.129857, 25.609259]]}, "properties": {"feature_type": "edge", "u": 519, "v": 582, "edge_key": 0, "length_m": 184.14, "is_bridged": false, "is_bridge": false, "edge_betweenness": 0.0, "width_m": 8.559}}, {"type": "Feature", "geometry": {"type": "LineString", "coordinates": [[85.132762, 25.610668], [85.132682, 25.610721], [85.132622, 25.61072], [85.132563, 25.610683]]}, "properties": {"feature_type": "edge", "u": 520, "v": 522, "edge_key": 0, "length_m": 23.211, "is_bridged": false, "is_bridge": false, "edge_betweenness": 0.0, "width_m": 6.434}}, {"type": "Feature", "geometry": {"type": "LineString", "coordinates": [[85.132762, 25.610668], [85.132683, 25.610631], [85.132623, 25.61063], [85.132563, 25.610683]]}, "properties": {"feature_type": "edge", "u": 520, "v": 522, "edge_key": 1, "length_m": 23.43, "is_bridged": false, "is_bridge": false, "edge_betweenness": 0.0, "width_m": 6.927}}, {"type": "Feature", "geometry": {"type": "LineString", "coordinates": [[85.132762, 25.610668], [85.132901, 25.61067], [85.133042, 25.610599]]}, "properties": {"feature_type": "edge", "u": 520, "v": 526, "edge_key": 0, "length_m": 30.828, "is_bridged": false, "is_bridge": false, "edge_betweenness": 0.0, "width_m": 7.8}}, {"type": "Feature", "geometry": {"type": "LineString", "coordinates": [[85.132762, 25.610668], [85.132883, 25.610561], [85.132923, 25.610562]]}, "properties": {"feature_type": "edge", "u": 520, "v": 533, "edge_key": 0, "length_m": 21.635, "is_bridged": false, "is_bridge": false, "edge_betweenness": 0.0, "width_m": 10.113}}, {"type": "Feature", "geometry": {"type": "LineString", "coordinates": [[85.130273, 25.61069], [85.130274, 25.610582], [85.130237, 25.610437], [85.13012, 25.610291], [85.129832, 25.609547]]}, "properties": {"feature_type": "edge", "u": 521, "v": 567, "edge_key": 0, "length_m": 143.15, "is_bridged": false, "is_bridge": false, "edge_betweenness": 0.0, "width_m": 13.227}}, {"type": "Feature", "geometry": {"type": "LineString", "coordinates": [[85.127307, 25.610616], [85.127068, 25.610613], [85.127048, 25.610595], [85.126849, 25.610592], [85.12683, 25.610574], [85.12665, 25.610572], [85.126631, 25.610553], [85.126452, 25.610551], [85.126432, 25.610533], [85.125696, 25.610469], [85.125002, 25.610262]]}, "properties": {"feature_type": "edge", "u": 524, "v": 540, "edge_key": 0, "length_m": 246.912, "is_bridged": false, "is_bridge": true, "edge_betweenness": 0.0, "width_m": 8.189}}, {"type": "Feature", "geometry": {"type": "LineString", "coordinates": [[85.127307, 25.610616], [85.127292, 25.610291], [85.127374, 25.610148], [85.127616, 25.609934], [85.127997, 25.609758], [85.128038, 25.609705]]}, "properties": {"feature_type": "edge", "u": 524, "v": 566, "edge_key": 0, "length_m": 143.668, "is_bridged": false, "is_bridge": false, "edge_betweenness": 0.0, "width_m": 8.753}}, {"type": "Feature", "geometry": {"type": "LineString", "coordinates": [[85.141502, 25.610779], [85.141662, 25.610745], [85.142022, 25.610605], [85.142482, 25.610467], [85.142663, 25.610379]]}, "properties": {"feature_type": "edge", "u": 525, "v": 548, "edge_key": 0, "length_m": 134.698, "is_bridged": false, "is_bridge": true, "edge_betweenness": 0.0, "width_m": 9.031}}, {"type": "Feature", "geometry": {"type": "LineString", "coordinates": [[85.133042, 25.610599], [85.133201, 25.610619]]}, "properties": {"feature_type": "edge", "u": 526, "v": 527, "edge_key": 0, "length_m": 16.198, "is_bridged": false, "is_bridge": false, "edge_betweenness": 0.0, "width_m": 8.828}}, {"type": "Feature", "geometry": {"type": "LineString", "coordinates": [[85.133042, 25.610599], [85.132923, 25.610562]]}, "properties": {"feature_type": "edge", "u": 526, "v": 533, "edge_key": 0, "length_m": 12.944, "is_bridged": false, "is_bridge": false, "edge_betweenness": 0.0, "width_m": 10.438}}, {"type": "Feature", "geometry": {"type": "LineString", "coordinates": [[85.133042, 25.610599], [85.133143, 25.610528], [85.133302, 25.61053]]}, "properties": {"feature_type": "edge", "u": 526, "v": 530, "edge_key": 0, "length_m": 28.828, "is_bridged": false, "is_bridge": false, "edge_betweenness": 0.0, "width_m": 8.405}}, {"type": "Feature", "geometry": {"type": "LineString", "coordinates": [[85.133201, 25.610619], [85.133302, 25.61053]]}, "properties": {"feature_type": "edge", "u": 527, "v": 530, "edge_key": 0, "length_m": 14.142, "is_bridged": false, "is_bridge": false, "edge_betweenness": 0.0, "width_m": 10.209}}, {"type": "Feature", "geometry": {"type": "LineString", "coordinates": [[85.137979, 25.610644], [85.138079, 25.610664], [85.138759, 25.610456]]}, "properties": {"feature_type": "edge", "u": 528, "v": 539, "edge_key": 0, "length_m": 88.266, "is_bridged": false, "is_bridge": true, "edge_betweenness": 0.0, "width_m": 8.386}}, {"type": "Feature", "geometry": {"type": "LineString", "coordinates": [[85.137979, 25.610644], [85.137881, 25.610589]]}, "properties": {"feature_type": "edge", "u": 528, "v": 531, "edge_key": 0, "length_m": 11.981, "is_bridged": false, "is_bridge": false, "edge_betweenness": 0.0, "width_m": 5.886}}, {"type": "Feature", "geometry": {"type": "LineString", "coordinates": [[85.137979, 25.610644], [85.13796, 25.61059], [85.137881, 25.610589]]}, "properties": {"feature_type": "edge", "u": 528, "v": 531, "edge_key": 1, "length_m": 14.325, "is_bridged": false, "is_bridge": false, "edge_betweenness": 0.0, "width_m": 7.219}}, {"type": "Feature", "geometry": {"type": "LineString", "coordinates": [[85.133302, 25.61053], [85.133741, 25.610464]]}, "properties": {"feature_type": "edge", "u": 530, "v": 535, "edge_key": 0, "length_m": 46.683, "is_bridged": false, "is_bridge": false, "edge_betweenness": 0.0, "width_m": 15.825}}, {"type": "Feature", "geometry": {"type": "LineString", "coordinates": [[85.133302, 25.61053], [85.133342, 25.610477], [85.133206, 25.610312], [85.133148, 25.610203], [85.133149, 25.610131], [85.133129, 25.610113], [85.133131, 25.609968], [85.133112, 25.60995], [85.133136, 25.609662]]}, "properties": {"feature_type": "edge", "u": 530, "v": 571, "edge_key": 0, "length_m": 107.981, "is_bridged": false, "is_bridge": false, "edge_betweenness": 0.0, "width_m": 8.436}}, {"type": "Feature", "geometry": {"type": "LineString", "coordinates": [[85.137881, 25.610589], [85.137941, 25.610535], [85.137922, 25.610517]]}, "properties": {"feature_type": "edge", "u": 531, "v": 536, "edge_key": 0, "length_m": 11.314, "is_bridged": false, "is_bridge": false, "edge_betweenness": 0.0, "width_m": 6.438}}, {"type": "Feature", "geometry": {"type": "LineString", "coordinates": [[85.137881, 25.610589], [85.137882, 25.610535], [85.137922, 25.610517]]}, "properties": {"feature_type": "edge", "u": 531, "v": 536, "edge_key": 1, "length_m": 10.472, "is_bridged": false, "is_bridge": false, "edge_betweenness": 0.0, "width_m": 5.105}}, {"type": "Feature", "geometry": {"type": "LineString", "coordinates": [[85.137881, 25.610589], [85.137822, 25.610516], [85.137823, 25.61048]]}, "properties": {"feature_type": "edge", "u": 531, "v": 537, "edge_key": 0, "length_m": 14.0, "is_bridged": false, "is_bridge": false, "edge_betweenness": 0.0, "width_m": 7.534}}, {"type": "Feature", "geometry": {"type": "LineString", "coordinates": [[85.132923, 25.610562], [85.133005, 25.610382], [85.132995, 25.60975], [85.133057, 25.609643]]}, "properties": {"feature_type": "edge", "u": 533, "v": 572, "edge_key": 0, "length_m": 108.271, "is_bridged": false, "is_bridge": false, "edge_betweenness": 0.0, "width_m": 8.498}}, {"type": "Feature", "geometry": {"type": "LineString", "coordinates": [[85.133741, 25.610464], [85.133821, 25.610429], [85.133901, 25.61043], [85.134021, 25.610395], [85.13432, 25.610381]]}, "properties": {"feature_type": "edge", "u": 535, "v": 541, "edge_key": 0, "length_m": 61.638, "is_bridged": false, "is_bridge": false, "edge_betweenness": 0.0, "width_m": 15.885}}, {"type": "Feature", "geometry": {"type": "LineString", "coordinates": [[85.133741, 25.610464], [85.133703, 25.610319], [85.133706, 25.610174], [85.133686, 25.610156], [85.13369, 25.609903], [85.13367, 25.609885], [85.133674, 25.609632], [85.133655, 25.609614], [85.133639, 25.609325]]}, "properties": {"feature_type": "edge", "u": 535, "v": 581, "edge_key": 0, "length_m": 130.971, "is_bridged": false, "is_bridge": false, "edge_betweenness": 0.0, "width_m": 8.368}}, {"type": "Feature", "geometry": {"type": "LineString", "coordinates": [[85.137922, 25.610517], [85.137903, 25.610463]]}, "properties": {"feature_type": "edge", "u": 536, "v": 538, "edge_key": 0, "length_m": 6.828, "is_bridged": false, "is_bridge": false, "edge_betweenness": 0.0, "width_m": 6.438}}, {"type": "Feature", "geometry": {"type": "LineString", "coordinates": [[85.137823, 25.61048], [85.137765, 25.610335], [85.137668, 25.610189]]}, "properties": {"feature_type": "edge", "u": 537, "v": 553, "edge_key": 0, "length_m": 38.627, "is_bridged": false, "is_bridge": false, "edge_betweenness": 0.0, "width_m": 9.759}}, {"type": "Feature", "geometry": {"type": "LineString", "coordinates": [[85.137823, 25.61048], [85.137903, 25.610463]]}, "properties": {"feature_type": "edge", "u": 537, "v": 538, "edge_key": 0, "length_m": 8.472, "is_bridged": false, "is_bridge": false, "edge_betweenness": 0.0, "width_m": 6.2}}, {"type": "Feature", "geometry": {"type": "LineString", "coordinates": [[85.137903, 25.610463], [85.137904, 25.610372], [85.137846, 25.610245], [85.137829, 25.610046]]}, "properties": {"feature_type": "edge", "u": 538, "v": 557, "edge_key": 0, "length_m": 49.314, "is_bridged": false, "is_bridge": false, "edge_betweenness": 0.0, "width_m": 9.336}}, {"type": "Feature", "geometry": {"type": "LineString", "coordinates": [[85.13432, 25.610381], [85.13434, 25.610345]]}, "properties": {"feature_type": "edge", "u": 541, "v": 940, "edge_key": 0, "length_m": 4.472, "is_bridged": false, "is_bridge": false, "edge_betweenness": 0.0, "width_m": 5.105}}, {"type": "Feature", "geometry": {"type": "LineString", "coordinates": [[85.13434, 25.610345], [85.13432, 25.610381]]}, "properties": {"feature_type": "edge", "u": 541, "v": 940, "edge_key": 1, "length_m": 4.472, "is_bridged": false, "is_bridge": false, "edge_betweenness": 0.0, "width_m": 5.105}}, {"type": "Feature", "geometry": {"type": "LineString", "coordinates": [[85.13432, 25.610381], [85.13446, 25.610347], [85.134619, 25.610349]]}, "properties": {"feature_type": "edge", "u": 541, "v": 543, "edge_key": 0, "length_m": 31.153, "is_bridged": false, "is_bridge": false, "edge_betweenness": 0.0, "width_m": 13.594}}, {"type": "Feature", "geometry": {"type": "LineString", "coordinates": [[85.139138, 25.610442], [85.139677, 25.610305]]}, "properties": {"feature_type": "edge", "u": 542, "v": 551, "edge_key": 0, "length_m": 60.271, "is_bridged": false, "is_bridge": true, "edge_betweenness": 0.0, "width_m": 8.717}}, {"type": "Feature", "geometry": {"type": "LineString", "coordinates": [[85.134619, 25.610349], [85.134639, 25.610313]]}, "properties": {"feature_type": "edge", "u": 543, "v": 941, "edge_key": 0, "length_m": 4.472, "is_bridged": false, "is_bridge": false, "edge_betweenness": 0.0, "width_m": 5.105}}, {"type": "Feature", "geometry": {"type": "LineString", "coordinates": [[85.134639, 25.610313], [85.134619, 25.610349]]}, "properties": {"feature_type": "edge", "u": 543, "v": 941, "edge_key": 1, "length_m": 4.472, "is_bridged": false, "is_bridge": false, "edge_betweenness": 0.0, "width_m": 5.105}}, {"type": "Feature", "geometry": {"type": "LineString", "coordinates": [[85.134619, 25.610349], [85.134758, 25.610332]]}, "properties": {"feature_type": "edge", "u": 543, "v": 544, "edge_key": 0, "length_m": 14.325, "is_bridged": false, "is_bridge": false, "edge_betweenness": 0.0, "width_m": 8.793}}, {"type": "Feature", "geometry": {"type": "LineString", "coordinates": [[85.134758, 25.610332], [85.134779, 25.610296]]}, "properties": {"feature_type": "edge", "u": 544, "v": 942, "edge_key": 0, "length_m": 4.472, "is_bridged": false, "is_bridge": false, "edge_betweenness": 0.0, "width_m": 5.105}}, {"type": "Feature", "geometry": {"type": "LineString", "coordinates": [[85.134779, 25.610296], [85.134758, 25.610332]]}, "properties": {"feature_type": "edge", "u": 544, "v": 942, "edge_key": 1, "length_m": 4.472, "is_bridged": false, "is_bridge": false, "edge_betweenness": 0.0, "width_m": 5.105}}, {"type": "Feature", "geometry": {"type": "LineString", "coordinates": [[85.134758, 25.610332], [85.134858, 25.610316]]}, "properties": {"feature_type": "edge", "u": 544, "v": 546, "edge_key": 0, "length_m": 10.325, "is_bridged": false, "is_bridge": false, "edge_betweenness": 0.0, "width_m": 8.769}}, {"type": "Feature", "geometry": {"type": "LineString", "coordinates": [[85.144494, 25.610456], [85.144953, 25.610408]]}, "properties": {"feature_type": "edge", "u": 545, "v": 549, "edge_key": 0, "length_m": 48.485, "is_bridged": false, "is_bridge": true, "edge_betweenness": 0.0, "width_m": 8.118}}, {"type": "Feature", "geometry": {"type": "LineString", "coordinates": [[85.134858, 25.610316], [85.134898, 25.610352], [85.134977, 25.610353], [85.135038, 25.610282]]}, "properties": {"feature_type": "edge", "u": 546, "v": 547, "edge_key": 0, "length_m": 23.696, "is_bridged": false, "is_bridge": false, "edge_betweenness": 0.0, "width_m": 9.703}}, {"type": "Feature", "geometry": {"type": "LineString", "coordinates": [[85.134858, 25.610316], [85.134899, 25.610262], [85.135038, 25.610282]]}, "properties": {"feature_type": "edge", "u": 546, "v": 547, "edge_key": 1, "length_m": 21.625, "is_bridged": false, "is_bridge": false, "edge_betweenness": 0.0, "width_m": 9.349}}, {"type": "Feature", "geometry": {"type": "LineString", "coordinates": [[85.135038, 25.610282], [85.135078, 25.610264]]}, "properties": {"feature_type": "edge", "u": 547, "v": 943, "edge_key": 0, "length_m": 4.472, "is_bridged": false, "is_bridge": false, "edge_betweenness": 0.0, "width_m": 6.667}}, {"type": "Feature", "geometry": {"type": "LineString", "coordinates": [[85.135078, 25.610264], [85.135038, 25.610282]]}, "properties": {"feature_type": "edge", "u": 547, "v": 943, "edge_key": 1, "length_m": 4.472, "is_bridged": false, "is_bridge": false, "edge_betweenness": 0.0, "width_m": 6.667}}, {"type": "Feature", "geometry": {"type": "LineString", "coordinates": [[85.135038, 25.610282], [85.135157, 25.610283], [85.135178, 25.610265], [85.135417, 25.61025], [85.135437, 25.610233], [85.135616, 25.610235]]}, "properties": {"feature_type": "edge", "u": 547, "v": 550, "edge_key": 0, "length_m": 60.485, "is_bridged": false, "is_bridge": false, "edge_betweenness": 0.0, "width_m": 15.416}}, {"type": "Feature", "geometry": {"type": "LineString", "coordinates": [[85.135038, 25.610282], [85.134999, 25.610227], [85.135001, 25.610119]]}, "properties": {"feature_type": "edge", "u": 547, "v": 554, "edge_key": 0, "length_m": 19.211, "is_bridged": false, "is_bridge": false, "edge_betweenness": 0.0, "width_m": 8.608}}, {"type": "Feature", "geometry": {"type": "LineString", "coordinates": [[85.142663, 25.610379], [85.142645, 25.610252], [85.142587, 25.610143], [85.142569, 25.610035]]}, "properties": {"feature_type": "edge", "u": 548, "v": 564, "edge_key": 0, "length_m": 41.786, "is_bridged": false, "is_bridge": false, "edge_betweenness": 0.0, "width_m": 22.979}}, {"type": "Feature", "geometry": {"type": "LineString", "coordinates": [[85.135616, 25.610235], [85.135716, 25.6102], [85.135836, 25.610202], [85.135856, 25.610184], [85.136315, 25.610136]]}, "properties": {"feature_type": "edge", "u": 550, "v": 555, "edge_key": 0, "length_m": 74.971, "is_bridged": false, "is_bridge": false, "edge_betweenness": 0.0, "width_m": 16.07}}, {"type": "Feature", "geometry": {"type": "LineString", "coordinates": [[85.139677, 25.610305], [85.139641, 25.610052], [85.139603, 25.609961], [85.139604, 25.609889], [85.139529, 25.609599]]}, "properties": {"feature_type": "edge", "u": 551, "v": 576, "edge_key": 0, "length_m": 84.271, "is_bridged": false, "is_bridge": false, "edge_betweenness": 0.0, "width_m": 16.256}}, {"type": "Feature", "geometry": {"type": "LineString", "coordinates": [[85.134004, 25.610214], [85.133916, 25.609419], [85.133858, 25.609364], [85.133739, 25.609326], [85.133639, 25.609325]]}, "properties": {"feature_type": "edge", "u": 552, "v": 581, "edge_key": 0, "length_m": 124.284, "is_bridged": false, "is_bridge": true, "edge_betweenness": 0.0, "width_m": 8.244}}, {"type": "Feature", "geometry": {"type": "LineString", "coordinates": [[85.137668, 25.610189], [85.137588, 25.610188], [85.13747, 25.610132], [85.137391, 25.610059], [85.137392, 25.610005]]}, "properties": {"feature_type": "edge", "u": 553, "v": 558, "edge_key": 0, "length_m": 39.799, "is_bridged": false, "is_bridge": false, "edge_betweenness": 0.0, "width_m": 10.912}}, {"type": "Feature", "geometry": {"type": "LineString", "coordinates": [[85.137668, 25.610189], [85.137651, 25.609972]]}, "properties": {"feature_type": "edge", "u": 553, "v": 559, "edge_key": 0, "length_m": 24.828, "is_bridged": false, "is_bridge": false, "edge_betweenness": 0.0, "width_m": 9.174}}, {"type": "Feature", "geometry": {"type": "LineString", "coordinates": [[85.135001, 25.610119], [85.134961, 25.610082], [85.134963, 25.61001], [85.134943, 25.609992], [85.134928, 25.609703], [85.135008, 25.609631], [85.135367, 25.609618]]}, "properties": {"feature_type": "edge", "u": 554, "v": 575, "edge_key": 0, "length_m": 97.456, "is_bridged": false, "is_bridge": false, "edge_betweenness": 0.0, "width_m": 8.399}}, {"type": "Feature", "geometry": {"type": "LineString", "coordinates": [[85.135001, 25.610119], [85.1353, 25.610104], [85.13532, 25.610087], [85.135399, 25.610088], [85.13544, 25.610052], [85.135442, 25.60989], [85.135423, 25.609871], [85.135406, 25.609673], [85.135367, 25.609618]]}, "properties": {"feature_type": "edge", "u": 554, "v": 575, "edge_key": 1, "length_m": 98.627, "is_bridged": false, "is_bridge": false, "edge_betweenness": 0.0, "width_m": 8.37}}, {"type": "Feature", "geometry": {"type": "LineString", "coordinates": [[85.136315, 25.610136], [85.136475, 25.610101]]}, "properties": {"feature_type": "edge", "u": 555, "v": 556, "edge_key": 0, "length_m": 17.301, "is_bridged": false, "is_bridge": false, "edge_betweenness": 0.0, "width_m": 16.183}}, {"type": "Feature", "geometry": {"type": "LineString", "coordinates": [[85.136315, 25.610136], [85.136316, 25.610045], [85.136377, 25.609956]]}, "properties": {"feature_type": "edge", "u": 555, "v": 562, "edge_key": 0, "length_m": 22.485, "is_bridged": false, "is_bridge": false, "edge_betweenness": 0.0, "width_m": 11.016}}, {"type": "Feature", "geometry": {"type": "LineString", "coordinates": [[85.136475, 25.610101], [85.136614, 25.610103], [85.136634, 25.610085], [85.136754, 25.610087], [85.136774, 25.610069], [85.137013, 25.610054], [85.137033, 25.610036], [85.137252, 25.610039], [85.137392, 25.610005]]}, "properties": {"feature_type": "edge", "u": 556, "v": 558, "edge_key": 0, "length_m": 96.467, "is_bridged": false, "is_bridge": false, "edge_betweenness": 0.0, "width_m": 16.628}}, {"type": "Feature", "geometry": {"type": "LineString", "coordinates": [[85.136475, 25.610101], [85.136456, 25.610011], [85.136377, 25.609956]]}, "properties": {"feature_type": "edge", "u": 556, "v": 562, "edge_key": 0, "length_m": 21.314, "is_bridged": false, "is_bridge": false, "edge_betweenness": 0.0, "width_m": 10.377}}, {"type": "Feature", "geometry": {"type": "LineString", "coordinates": [[85.137829, 25.610046], [85.13785, 25.610029]]}, "properties": {"feature_type": "edge", "u": 557, "v": 944, "edge_key": 0, "length_m": 2.828, "is_bridged": false, "is_bridge": false, "edge_betweenness": 0.0, "width_m": 4.0}}, {"type": "Feature", "geometry": {"type": "LineString", "coordinates": [[85.13785, 25.610029], [85.137829, 25.610046]]}, "properties": {"feature_type": "edge", "u": 557, "v": 944, "edge_key": 1, "length_m": 2.828, "is_bridged": false, "is_bridge": false, "edge_betweenness": 0.0, "width_m": 4.0}}, {"type": "Feature", "geometry": {"type": "LineString", "coordinates": [[85.137829, 25.610046], [85.137851, 25.60992]]}, "properties": {"feature_type": "edge", "u": 557, "v": 563, "edge_key": 0, "length_m": 14.246, "is_bridged": false, "is_bridge": false, "edge_betweenness": 0.0, "width_m": 6.667}}, {"type": "Feature", "geometry": {"type": "LineString", "coordinates": [[85.137392, 25.610005], [85.137472, 25.609988]]}, "properties": {"feature_type": "edge", "u": 558, "v": 560, "edge_key": 0, "length_m": 8.325, "is_bridged": false, "is_bridge": false, "edge_betweenness": 0.0, "width_m": 10.799}}, {"type": "Feature", "geometry": {"type": "LineString", "coordinates": [[85.137392, 25.610005], [85.137434, 25.609879], [85.137535, 25.60979], [85.137595, 25.609773]]}, "properties": {"feature_type": "edge", "u": 558, "v": 569, "edge_key": 0, "length_m": 35.767, "is_bridged": false, "is_bridge": false, "edge_betweenness": 0.0, "width_m": 11.14}}, {"type": "Feature", "geometry": {"type": "LineString", "coordinates": [[85.137651, 25.609972], [85.137512, 25.609988]]}, "properties": {"feature_type": "edge", "u": 559, "v": 561, "edge_key": 0, "length_m": 14.246, "is_bridged": false, "is_bridge": false, "edge_betweenness": 0.0, "width_m": 10.53}}, {"type": "Feature", "geometry": {"type": "LineString", "coordinates": [[85.137651, 25.609972], [85.137593, 25.609917], [85.137595, 25.609773]]}, "properties": {"feature_type": "edge", "u": 559, "v": 569, "edge_key": 0, "length_m": 24.485, "is_bridged": false, "is_bridge": false, "edge_betweenness": 0.0, "width_m": 9.938}}, {"type": "Feature", "geometry": {"type": "LineString", "coordinates": [[85.137651, 25.609972], [85.137712, 25.609937]]}, "properties": {"feature_type": "edge", "u": 559, "v": 945, "edge_key": 0, "length_m": 7.211, "is_bridged": false, "is_bridge": false, "edge_betweenness": 0.0, "width_m": 9.766}}, {"type": "Feature", "geometry": {"type": "LineString", "coordinates": [[85.137712, 25.609937], [85.137651, 25.609972]]}, "properties": {"feature_type": "edge", "u": 559, "v": 945, "edge_key": 1, "length_m": 7.211, "is_bridged": false, "is_bridge": false, "edge_betweenness": 0.0, "width_m": 9.766}}, {"type": "Feature", "geometry": {"type": "LineString", "coordinates": [[85.137651, 25.609972], [85.137851, 25.60992]]}, "properties": {"feature_type": "edge", "u": 559, "v": 563, "edge_key": 0, "length_m": 20.968, "is_bridged": false, "is_bridge": false, "edge_betweenness": 0.0, "width_m": 9.55}}, {"type": "Feature", "geometry": {"type": "LineString", "coordinates": [[85.137472, 25.609988], [85.137492, 25.610006], [85.137512, 25.609988]]}, "properties": {"feature_type": "edge", "u": 560, "v": 561, "edge_key": 0, "length_m": 5.657, "is_bridged": false, "is_bridge": false, "edge_betweenness": 0.0, "width_m": 4.0}}, {"type": "Feature", "geometry": {"type": "LineString", "coordinates": [[85.137472, 25.609988], [85.137492, 25.60997], [85.137512, 25.609988]]}, "properties": {"feature_type": "edge", "u": 560, "v": 561, "edge_key": 1, "length_m": 5.657, "is_bridged": false, "is_bridge": false, "edge_betweenness": 0.0, "width_m": 4.0}}, {"type": "Feature", "geometry": {"type": "LineString", "coordinates": [[85.136377, 25.609956], [85.13632, 25.609793], [85.136008, 25.609373], [85.135933, 25.609083], [85.135916, 25.608903]]}, "properties": {"feature_type": "edge", "u": 562, "v": 600, "edge_key": 0, "length_m": 135.882, "is_bridged": false, "is_bridge": false, "edge_betweenness": 0.0, "width_m": 8.76}}, {"type": "Feature", "geometry": {"type": "LineString", "coordinates": [[85.137851, 25.60992], [85.137752, 25.609883], [85.137753, 25.609829], [85.137794, 25.609793]]}, "properties": {"feature_type": "edge", "u": 563, "v": 568, "edge_key": 0, "length_m": 22.427, "is_bridged": false, "is_bridge": false, "edge_betweenness": 0.0, "width_m": 6.824}}, {"type": "Feature", "geometry": {"type": "LineString", "coordinates": [[85.137851, 25.60992], [85.137892, 25.609867], [85.137873, 25.609812], [85.137794, 25.609793]]}, "properties": {"feature_type": "edge", "u": 563, "v": 568, "edge_key": 1, "length_m": 22.868, "is_bridged": false, "is_bridge": false, "edge_betweenness": 0.0, "width_m": 7.698}}, {"type": "Feature", "geometry": {"type": "LineString", "coordinates": [[85.137851, 25.60992], [85.137971, 25.609922], [85.138051, 25.609887]]}, "properties": {"feature_type": "edge", "u": 563, "v": 565, "edge_key": 0, "length_m": 20.944, "is_bridged": false, "is_bridge": false, "edge_betweenness": 0.0, "width_m": 4.0}}, {"type": "Feature", "geometry": {"type": "LineString", "coordinates": [[85.137851, 25.60992], [85.137971, 25.609886], [85.138051, 25.609887]]}, "properties": {"feature_type": "edge", "u": 563, "v": 565, "edge_key": 1, "length_m": 20.649, "is_bridged": false, "is_bridge": false, "edge_betweenness": 0.0, "width_m": 4.0}}, {"type": "Feature", "geometry": {"type": "LineString", "coordinates": [[85.142569, 25.610035], [85.14253, 25.60998], [85.14232, 25.609363], [85.142262, 25.609272]]}, "properties": {"feature_type": "edge", "u": 564, "v": 586, "edge_key": 0, "length_m": 96.899, "is_bridged": false, "is_bridge": false, "edge_betweenness": 0.0, "width_m": 22.841}}, {"type": "Feature", "geometry": {"type": "LineString", "coordinates": [[85.142569, 25.610035], [85.142669, 25.609964], [85.142729, 25.609964], [85.143229, 25.609808], [85.143409, 25.609774]]}, "properties": {"feature_type": "edge", "u": 564, "v": 573, "edge_key": 0, "length_m": 96.426, "is_bridged": false, "is_bridge": true, "edge_betweenness": 0.0, "width_m": 9.429}}, {"type": "Feature", "geometry": {"type": "LineString", "coordinates": [[85.138051, 25.609887], [85.13885, 25.609716], [85.13893, 25.609717], [85.139429, 25.609597], [85.139529, 25.609599]]}, "properties": {"feature_type": "edge", "u": 565, "v": 576, "edge_key": 0, "length_m": 161.579, "is_bridged": false, "is_bridge": false, "edge_betweenness": 0.0, "width_m": 15.788}}, {"type": "Feature", "geometry": {"type": "LineString", "coordinates": [[85.128038, 25.609705], [85.128117, 25.609706], [85.129341, 25.609162], [85.129581, 25.609093]]}, "properties": {"feature_type": "edge", "u": 566, "v": 589, "edge_key": 0, "length_m": 182.995, "is_bridged": false, "is_bridge": false, "edge_betweenness": 0.0, "width_m": 8.952}}, {"type": "Feature", "geometry": {"type": "LineString", "coordinates": [[85.128038, 25.609705], [85.127709, 25.609087]]}, "properties": {"feature_type": "edge", "u": 566, "v": 587, "edge_key": 0, "length_m": 81.727, "is_bridged": false, "is_bridge": true, "edge_betweenness": 0.0, "width_m": 8.75}}, {"type": "Feature", "geometry": {"type": "LineString", "coordinates": [[85.129832, 25.609547], [85.129696, 25.609365], [85.129698, 25.609239]]}, "properties": {"feature_type": "edge", "u": 567, "v": 578, "edge_key": 0, "length_m": 38.525, "is_bridged": false, "is_bridge": false, "edge_betweenness": 0.0, "width_m": 5.789}}, {"type": "Feature", "geometry": {"type": "LineString", "coordinates": [[85.129832, 25.609547], [85.129796, 25.609348], [85.129698, 25.609239]]}, "properties": {"feature_type": "edge", "u": 567, "v": 578, "edge_key": 1, "length_m": 37.981, "is_bridged": false, "is_bridge": false, "edge_betweenness": 0.0, "width_m": 4.0}}, {"type": "Feature", "geometry": {"type": "LineString", "coordinates": [[85.137794, 25.609793], [85.137735, 25.609702], [85.137736, 25.60963], [85.137757, 25.609612], [85.137762, 25.609269]]}, "properties": {"feature_type": "edge", "u": 568, "v": 584, "edge_key": 0, "length_m": 61.314, "is_bridged": false, "is_bridge": false, "edge_betweenness": 0.0, "width_m": 8.186}}, {"type": "Feature", "geometry": {"type": "LineString", "coordinates": [[85.137595, 25.609773], [85.137637, 25.609647], [85.137639, 25.609484], [85.137659, 25.609467], [85.137682, 25.609268]]}, "properties": {"feature_type": "edge", "u": 569, "v": 583, "edge_key": 0, "length_m": 58.957, "is_bridged": false, "is_bridge": false, "edge_betweenness": 0.0, "width_m": 8.797}}, {"type": "Feature", "geometry": {"type": "LineString", "coordinates": [[85.131444, 25.609658], [85.131391, 25.609224], [85.131353, 25.609097], [85.131354, 25.608989], [85.131317, 25.608862], [85.131318, 25.608754], [85.131299, 25.608735], [85.1313, 25.608645], [85.131225, 25.608337], [85.131171, 25.607957], [85.131054, 25.607811], [85.130955, 25.607774], [85.130896, 25.607719], [85.130878, 25.607593]]}, "properties": {"feature_type": "edge", "u": 570, "v": 648, "edge_key": 0, "length_m": 256.368, "is_bridged": false, "is_bridge": true, "edge_betweenness": 0.0, "width_m": 8.353}}, {"type": "Feature", "geometry": {"type": "LineString", "coordinates": [[85.133136, 25.609662], [85.133057, 25.609643]]}, "properties": {"feature_type": "edge", "u": 571, "v": 572, "edge_key": 0, "length_m": 8.472, "is_bridged": false, "is_bridge": false, "edge_betweenness": 0.0, "width_m": 6.2}}, {"type": "Feature", "geometry": {"type": "LineString", "coordinates": [[85.133136, 25.609662], [85.133178, 25.609536]]}, "properties": {"feature_type": "edge", "u": 571, "v": 574, "edge_key": 0, "length_m": 14.994, "is_bridged": false, "is_bridge": false, "edge_betweenness": 0.0, "width_m": 4.552}}, {"type": "Feature", "geometry": {"type": "LineString", "coordinates": [[85.133057, 25.609643], [85.133077, 25.609589], [85.133178, 25.609536]]}, "properties": {"feature_type": "edge", "u": 572, "v": 574, "edge_key": 0, "length_m": 18.134, "is_bridged": false, "is_bridge": false, "edge_betweenness": 0.0, "width_m": 6.472}}, {"type": "Feature", "geometry": {"type": "LineString", "coordinates": [[85.133178, 25.609536], [85.133421, 25.609268], [85.133503, 25.609143], [85.133563, 25.609125]]}, "properties": {"feature_type": "edge", "u": 574, "v": 590, "edge_key": 0, "length_m": 63.116, "is_bridged": false, "is_bridge": false, "edge_betweenness": 0.0, "width_m": 11.553}}, {"type": "Feature", "geometry": {"type": "LineString", "coordinates": [[85.135367, 25.609618], [85.135349, 25.609491], [85.13531, 25.609437], [85.135292, 25.60931], [85.135253, 25.609237], [85.135219, 25.608894]]}, "properties": {"feature_type": "edge", "u": 575, "v": 599, "edge_key": 0, "length_m": 86.627, "is_bridged": false, "is_bridge": false, "edge_betweenness": 0.0, "width_m": 8.454}}, {"type": "Feature", "geometry": {"type": "LineString", "coordinates": [[85.139529, 25.609599], [85.139609, 25.609564], [85.139909, 25.609513], [85.139969, 25.609478]]}, "properties": {"feature_type": "edge", "u": 576, "v": 580, "edge_key": 0, "length_m": 49.799, "is_bridged": false, "is_bridge": false, "edge_betweenness": 0.0, "width_m": 15.394}}, {"type": "Feature", "geometry": {"type": "LineString", "coordinates": [[85.144944, 25.609686], [85.144007, 25.609746], [85.143968, 25.609709], [85.143969, 25.609601], [85.14395, 25.609583], [85.143955, 25.609258], [85.143935, 25.609239], [85.143939, 25.608987], [85.143919, 25.608968], [85.143903, 25.608734]]}, "properties": {"feature_type": "edge", "u": 577, "v": 605, "edge_key": 0, "length_m": 214.284, "is_bridged": false, "is_bridge": true, "edge_betweenness": 0.0, "width_m": 8.252}}, {"type": "Feature", "geometry": {"type": "LineString", "coordinates": [[85.129698, 25.609239], [85.129677, 25.609274]]}, "properties": {"feature_type": "edge", "u": 578, "v": 946, "edge_key": 0, "length_m": 4.472, "is_bridged": false, "is_bridge": false, "edge_betweenness": 0.0, "width_m": 5.333}}, {"type": "Feature", "geometry": {"type": "LineString", "coordinates": [[85.129677, 25.609274], [85.129698, 25.609239]]}, "properties": {"feature_type": "edge", "u": 578, "v": 946, "edge_key": 1, "length_m": 4.472, "is_bridged": false, "is_bridge": false, "edge_betweenness": 0.0, "width_m": 5.333}}, {"type": "Feature", "geometry": {"type": "LineString", "coordinates": [[85.129698, 25.609239], [85.129659, 25.609148]]}, "properties": {"feature_type": "edge", "u": 578, "v": 947, "edge_key": 0, "length_m": 10.77, "is_bridged": false, "is_bridge": false, "edge_betweenness": 0.0, "width_m": 4.0}}, {"type": "Feature", "geometry": {"type": "LineString", "coordinates": [[85.129659, 25.609148], [85.129698, 25.609239]]}, "properties": {"feature_type": "edge", "u": 578, "v": 947, "edge_key": 1, "length_m": 10.77, "is_bridged": false, "is_bridge": false, "edge_betweenness": 0.0, "width_m": 4.0}}, {"type": "Feature", "geometry": {"type": "LineString", "coordinates": [[85.129698, 25.609239], [85.129797, 25.609276], [85.129857, 25.609259]]}, "properties": {"feature_type": "edge", "u": 578, "v": 582, "edge_key": 0, "length_m": 17.242, "is_bridged": false, "is_bridge": false, "edge_betweenness": 0.0, "width_m": 4.828}}, {"type": "Feature", "geometry": {"type": "LineString", "coordinates": [[85.129698, 25.609239], [85.129818, 25.609168]]}, "properties": {"feature_type": "edge", "u": 578, "v": 585, "edge_key": 0, "length_m": 14.472, "is_bridged": false, "is_bridge": false, "edge_betweenness": 0.0, "width_m": 4.552}}, {"type": "Feature", "geometry": {"type": "LineString", "coordinates": [[85.129698, 25.609239], [85.129581, 25.609093]]}, "properties": {"feature_type": "edge", "u": 578, "v": 589, "edge_key": 0, "length_m": 20.449, "is_bridged": false, "is_bridge": false, "edge_betweenness": 0.0, "width_m": 9.227}}, {"type": "Feature", "geometry": {"type": "LineString", "coordinates": [[85.129698, 25.609239], [85.129759, 25.609131], [85.129799, 25.609113]]}, "properties": {"feature_type": "edge", "u": 578, "v": 588, "edge_key": 0, "length_m": 17.889, "is_bridged": false, "is_bridge": false, "edge_betweenness": 0.0, "width_m": 4.552}}, {"type": "Feature", "geometry": {"type": "LineString", "coordinates": [[85.129698, 25.609239], [85.1297, 25.609076], [85.129641, 25.609039]]}, "properties": {"feature_type": "edge", "u": 578, "v": 591, "edge_key": 0, "length_m": 25.211, "is_bridged": false, "is_bridge": false, "edge_betweenness": 0.0, "width_m": 7.479}}, {"type": "Feature", "geometry": {"type": "LineString", "coordinates": [[85.139969, 25.609478], [85.140009, 25.60946], [85.140148, 25.609462], [85.140868, 25.609291], [85.141267, 25.609242], [85.141786, 25.60914], [85.141986, 25.609124], [85.142166, 25.609055]]}, "properties": {"feature_type": "edge", "u": 580, "v": 596, "edge_key": 0, "length_m": 240.711, "is_bridged": false, "is_bridge": false, "edge_betweenness": 0.0, "width_m": 15.439}}, {"type": "Feature", "geometry": {"type": "LineString", "coordinates": [[85.139969, 25.609478], [85.13993, 25.609423], [85.139931, 25.609333], [85.139818, 25.608952], [85.139802, 25.608663]]}, "properties": {"feature_type": "edge", "u": 580, "v": 607, "edge_key": 0, "length_m": 97.456, "is_bridged": false, "is_bridge": false, "edge_betweenness": 0.0, "width_m": 8.791}}, {"type": "Feature", "geometry": {"type": "LineString", "coordinates": [[85.133639, 25.609325], [85.133621, 25.60918], [85.133563, 25.609125]]}, "properties": {"feature_type": "edge", "u": 581, "v": 590, "edge_key": 0, "length_m": 25.314, "is_bridged": false, "is_bridge": false, "edge_betweenness": 0.0, "width_m": 9.393}}, {"type": "Feature", "geometry": {"type": "LineString", "coordinates": [[85.129857, 25.609259], [85.129858, 25.609186], [85.129818, 25.609168]]}, "properties": {"feature_type": "edge", "u": 582, "v": 585, "edge_key": 0, "length_m": 12.472, "is_bridged": false, "is_bridge": false, "edge_betweenness": 0.0, "width_m": 7.252}}, {"type": "Feature", "geometry": {"type": "LineString", "coordinates": [[85.137682, 25.609268], [85.137762, 25.609269]]}, "properties": {"feature_type": "edge", "u": 583, "v": 584, "edge_key": 0, "length_m": 8.0, "is_bridged": false, "is_bridge": false, "edge_betweenness": 0.0, "width_m": 8.315}}, {"type": "Feature", "geometry": {"type": "LineString", "coordinates": [[85.137682, 25.609268], [85.137684, 25.60916], [85.137745, 25.60907]]}, "properties": {"feature_type": "edge", "u": 583, "v": 594, "edge_key": 0, "length_m": 24.485, "is_bridged": false, "is_bridge": false, "edge_betweenness": 0.0, "width_m": 9.177}}, {"type": "Feature", "geometry": {"type": "LineString", "coordinates": [[85.137762, 25.609269], [85.137782, 25.609251], [85.137784, 25.609107], [85.137745, 25.60907]]}, "properties": {"feature_type": "edge", "u": 584, "v": 594, "edge_key": 0, "length_m": 24.485, "is_bridged": false, "is_bridge": false, "edge_betweenness": 0.0, "width_m": 9.566}}, {"type": "Feature", "geometry": {"type": "LineString", "coordinates": [[85.129818, 25.609168], [85.129799, 25.609113]]}, "properties": {"feature_type": "edge", "u": 585, "v": 588, "edge_key": 0, "length_m": 6.828, "is_bridged": false, "is_bridge": false, "edge_betweenness": 0.0, "width_m": 6.438}}, {"type": "Feature", "geometry": {"type": "LineString", "coordinates": [[85.142262, 25.609272], [85.142222, 25.609272]]}, "properties": {"feature_type": "edge", "u": 586, "v": 948, "edge_key": 0, "length_m": 4.0, "is_bridged": false, "is_bridge": false, "edge_betweenness": 0.0, "width_m": 4.0}}, {"type": "Feature", "geometry": {"type": "LineString", "coordinates": [[85.142222, 25.609272], [85.142262, 25.609272]]}, "properties": {"feature_type": "edge", "u": 586, "v": 948, "edge_key": 1, "length_m": 4.0, "is_bridged": false, "is_bridge": false, "edge_betweenness": 0.0, "width_m": 4.0}}, {"type": "Feature", "geometry": {"type": "LineString", "coordinates": [[85.142262, 25.609272], [85.142245, 25.609074]]}, "properties": {"feature_type": "edge", "u": 586, "v": 595, "edge_key": 0, "length_m": 22.828, "is_bridged": false, "is_bridge": false, "edge_betweenness": 0.0, "width_m": 23.755}}, {"type": "Feature", "geometry": {"type": "LineString", "coordinates": [[85.129799, 25.609113], [85.1298, 25.609077], [85.129761, 25.609041], [85.129641, 25.609039]]}, "properties": {"feature_type": "edge", "u": 588, "v": 591, "edge_key": 0, "length_m": 21.657, "is_bridged": false, "is_bridge": false, "edge_betweenness": 0.0, "width_m": 8.24}}, {"type": "Feature", "geometry": {"type": "LineString", "coordinates": [[85.129581, 25.609093], [85.129641, 25.609039]]}, "properties": {"feature_type": "edge", "u": 589, "v": 591, "edge_key": 0, "length_m": 9.211, "is_bridged": false, "is_bridge": false, "edge_betweenness": 0.0, "width_m": 10.318}}, {"type": "Feature", "geometry": {"type": "LineString", "coordinates": [[85.133563, 25.609125], [85.133585, 25.608963], [85.133626, 25.608892]]}, "properties": {"feature_type": "edge", "u": 590, "v": 598, "edge_key": 0, "length_m": 28.485, "is_bridged": false, "is_bridge": false, "edge_betweenness": 0.0, "width_m": 16.987}}, {"type": "Feature", "geometry": {"type": "LineString", "coordinates": [[85.129641, 25.609039], [85.129562, 25.609002], [85.129543, 25.608966]]}, "properties": {"feature_type": "edge", "u": 591, "v": 592, "edge_key": 0, "length_m": 13.416, "is_bridged": false, "is_bridge": false, "edge_betweenness": 0.0, "width_m": 7.534}}, {"type": "Feature", "geometry": {"type": "LineString", "coordinates": [[85.129641, 25.609039], [85.129662, 25.608985], [85.129566, 25.608749]]}, "properties": {"feature_type": "edge", "u": 591, "v": 593, "edge_key": 0, "length_m": 34.181, "is_bridged": false, "is_bridge": false, "edge_betweenness": 0.0, "width_m": 7.848}}, {"type": "Feature", "geometry": {"type": "LineString", "coordinates": [[85.129641, 25.609039], [85.129742, 25.608986], [85.129742, 25.60895], [85.129566, 25.608749]]}, "properties": {"feature_type": "edge", "u": 591, "v": 593, "edge_key": 1, "length_m": 44.087, "is_bridged": false, "is_bridge": false, "edge_betweenness": 0.0, "width_m": 7.909}}, {"type": "Feature", "geometry": {"type": "LineString", "coordinates": [[85.129543, 25.608966], [85.129523, 25.608947], [85.129566, 25.608749]]}, "properties": {"feature_type": "edge", "u": 592, "v": 593, "edge_key": 0, "length_m": 25.189, "is_bridged": false, "is_bridge": false, "edge_betweenness": 0.0, "width_m": 8.63}}, {"type": "Feature", "geometry": {"type": "LineString", "coordinates": [[85.129543, 25.608966], [85.129583, 25.608966], [85.129566, 25.608749]]}, "properties": {"feature_type": "edge", "u": 592, "v": 593, "edge_key": 1, "length_m": 28.083, "is_bridged": false, "is_bridge": false, "edge_betweenness": 0.0, "width_m": 7.296}}, {"type": "Feature", "geometry": {"type": "LineString", "coordinates": [[85.129566, 25.608749], [85.129564, 25.608912]]}, "properties": {"feature_type": "edge", "u": 593, "v": 949, "edge_key": 0, "length_m": 18.0, "is_bridged": false, "is_bridge": false, "edge_betweenness": 0.0, "width_m": 7.296}}, {"type": "Feature", "geometry": {"type": "LineString", "coordinates": [[85.129564, 25.608912], [85.129566, 25.608749]]}, "properties": {"feature_type": "edge", "u": 593, "v": 949, "edge_key": 1, "length_m": 18.0, "is_bridged": false, "is_bridge": false, "edge_betweenness": 0.0, "width_m": 7.296}}, {"type": "Feature", "geometry": {"type": "LineString", "coordinates": [[85.129566, 25.608749], [85.129525, 25.608821]]}, "properties": {"feature_type": "edge", "u": 593, "v": 950, "edge_key": 0, "length_m": 8.944, "is_bridged": false, "is_bridge": false, "edge_betweenness": 0.0, "width_m": 7.296}}, {"type": "Feature", "geometry": {"type": "LineString", "coordinates": [[85.129525, 25.608821], [85.129566, 25.608749]]}, "properties": {"feature_type": "edge", "u": 593, "v": 950, "edge_key": 1, "length_m": 8.944, "is_bridged": false, "is_bridge": false, "edge_betweenness": 0.0, "width_m": 7.296}}, {"type": "Feature", "geometry": {"type": "LineString", "coordinates": [[85.129566, 25.608749], [85.129526, 25.608767]]}, "properties": {"feature_type": "edge", "u": 593, "v": 951, "edge_key": 0, "length_m": 4.472, "is_bridged": false, "is_bridge": false, "edge_betweenness": 0.0, "width_m": 7.296}}, {"type": "Feature", "geometry": {"type": "LineString", "coordinates": [[85.129526, 25.608767], [85.129566, 25.608749]]}, "properties": {"feature_type": "edge", "u": 593, "v": 951, "edge_key": 1, "length_m": 4.472, "is_bridged": false, "is_bridge": false, "edge_betweenness": 0.0, "width_m": 7.296}}, {"type": "Feature", "geometry": {"type": "LineString", "coordinates": [[85.129566, 25.608749], [85.129627, 25.60866]]}, "properties": {"feature_type": "edge", "u": 593, "v": 952, "edge_key": 0, "length_m": 11.662, "is_bridged": false, "is_bridge": false, "edge_betweenness": 0.0, "width_m": 8.63}}, {"type": "Feature", "geometry": {"type": "LineString", "coordinates": [[85.129627, 25.60866], [85.129566, 25.608749]]}, "properties": {"feature_type": "edge", "u": 593, "v": 952, "edge_key": 1, "length_m": 11.662, "is_bridged": false, "is_bridge": false, "edge_betweenness": 0.0, "width_m": 8.63}}, {"type": "Feature", "geometry": {"type": "LineString", "coordinates": [[85.129566, 25.608749], [85.129567, 25.608659]]}, "properties": {"feature_type": "edge", "u": 593, "v": 953, "edge_key": 0, "length_m": 10.0, "is_bridged": false, "is_bridge": false, "edge_betweenness": 0.0, "width_m": 7.296}}, {"type": "Feature", "geometry": {"type": "LineString", "coordinates": [[85.129567, 25.608659], [85.129566, 25.608749]]}, "properties": {"feature_type": "edge", "u": 593, "v": 953, "edge_key": 1, "length_m": 10.0, "is_bridged": false, "is_bridge": false, "edge_betweenness": 0.0, "width_m": 7.296}}, {"type": "Feature", "geometry": {"type": "LineString", "coordinates": [[85.129566, 25.608749], [85.129589, 25.608569]]}, "properties": {"feature_type": "edge", "u": 593, "v": 954, "edge_key": 0, "length_m": 20.1, "is_bridged": false, "is_bridge": false, "edge_betweenness": 0.0, "width_m": 8.63}}, {"type": "Feature", "geometry": {"type": "LineString", "coordinates": [[85.129589, 25.608569], [85.129566, 25.608749]]}, "properties": {"feature_type": "edge", "u": 593, "v": 954, "edge_key": 1, "length_m": 20.1, "is_bridged": false, "is_bridge": false, "edge_betweenness": 0.0, "width_m": 8.63}}, {"type": "Feature", "geometry": {"type": "LineString", "coordinates": [[85.129566, 25.608749], [85.129529, 25.608568]]}, "properties": {"feature_type": "edge", "u": 593, "v": 955, "edge_key": 0, "length_m": 20.396, "is_bridged": false, "is_bridge": false, "edge_betweenness": 0.0, "width_m": 7.296}}, {"type": "Feature", "geometry": {"type": "LineString", "coordinates": [[85.129529, 25.608568], [85.129566, 25.608749]]}, "properties": {"feature_type": "edge", "u": 593, "v": 955, "edge_key": 1, "length_m": 20.396, "is_bridged": false, "is_bridge": false, "edge_betweenness": 0.0, "width_m": 7.296}}, {"type": "Feature", "geometry": {"type": "LineString", "coordinates": [[85.129566, 25.608749], [85.129723, 25.608896], [85.129684, 25.608859]]}, "properties": {"feature_type": "edge", "u": 593, "v": 597, "edge_key": 0, "length_m": 28.284, "is_bridged": false, "is_bridge": false, "edge_betweenness": 0.0, "width_m": 6.981}}, {"type": "Feature", "geometry": {"type": "LineString", "coordinates": [[85.129566, 25.608749], [85.129663, 25.608895], [85.129684, 25.608859]]}, "properties": {"feature_type": "edge", "u": 593, "v": 597, "edge_key": 1, "length_m": 23.34, "is_bridged": false, "is_bridge": false, "edge_betweenness": 0.0, "width_m": 5.648}}, {"type": "Feature", "geometry": {"type": "LineString", "coordinates": [[85.129566, 25.608749], [85.129684, 25.608859]]}, "properties": {"feature_type": "edge", "u": 593, "v": 597, "edge_key": 2, "length_m": 17.278, "is_bridged": false, "is_bridge": false, "edge_betweenness": 0.0, "width_m": 5.648}}, {"type": "Feature", "geometry": {"type": "LineString", "coordinates": [[85.129566, 25.608749], [85.129625, 25.608804], [85.129645, 25.608768]]}, "properties": {"feature_type": "edge", "u": 593, "v": 601, "edge_key": 0, "length_m": 12.957, "is_bridged": false, "is_bridge": false, "edge_betweenness": 0.0, "width_m": 5.648}}, {"type": "Feature", "geometry": {"type": "LineString", "coordinates": [[85.129566, 25.608749], [85.129645, 25.608768]]}, "properties": {"feature_type": "edge", "u": 593, "v": 601, "edge_key": 1, "length_m": 8.472, "is_bridged": false, "is_bridge": false, "edge_betweenness": 0.0, "width_m": 5.648}}, {"type": "Feature", "geometry": {"type": "LineString", "coordinates": [[85.129566, 25.608749], [85.129646, 25.608714], [85.129645, 25.608768]]}, "properties": {"feature_type": "edge", "u": 593, "v": 601, "edge_key": 2, "length_m": 14.944, "is_bridged": false, "is_bridge": false, "edge_betweenness": 0.0, "width_m": 6.981}}, {"type": "Feature", "geometry": {"type": "LineString", "coordinates": [[85.129566, 25.608749], [85.129446, 25.608766], [85.129428, 25.608693]]}, "properties": {"feature_type": "edge", "u": 593, "v": 602, "edge_key": 0, "length_m": 20.638, "is_bridged": false, "is_bridge": false, "edge_betweenness": 0.0, "width_m": 8.567}}, {"type": "Feature", "geometry": {"type": "LineString", "coordinates": [[85.129566, 25.608749], [85.129488, 25.608676], [85.129428, 25.608693]]}, "properties": {"feature_type": "edge", "u": 593, "v": 602, "edge_key": 1, "length_m": 18.142, "is_bridged": false, "is_bridge": false, "edge_betweenness": 0.0, "width_m": 6.472}}, {"type": "Feature", "geometry": {"type": "LineString", "coordinates": [[85.129566, 25.608749], [85.12955, 25.608478], [85.129511, 25.608442]]}, "properties": {"feature_type": "edge", "u": 593, "v": 612, "edge_key": 0, "length_m": 35.723, "is_bridged": false, "is_bridge": false, "edge_betweenness": 0.0, "width_m": 6.981}}, {"type": "Feature", "geometry": {"type": "LineString", "coordinates": [[85.129566, 25.608749], [85.129491, 25.608478], [85.129511, 25.608442]]}, "properties": {"feature_type": "edge", "u": 593, "v": 612, "edge_key": 1, "length_m": 35.52, "is_bridged": false, "is_bridge": false, "edge_betweenness": 0.0, "width_m": 5.648}}, {"type": "Feature", "geometry": {"type": "LineString", "coordinates": [[85.129566, 25.608749], [85.129431, 25.608459], [85.129452, 25.608387]]}, "properties": {"feature_type": "edge", "u": 593, "v": 614, "edge_key": 0, "length_m": 43.175, "is_bridged": false, "is_bridge": false, "edge_betweenness": 0.0, "width_m": 6.981}}, {"type": "Feature", "geometry": {"type": "LineString", "coordinates": [[85.137745, 25.60907], [85.13777, 25.608764]]}, "properties": {"feature_type": "edge", "u": 594, "v": 604, "edge_key": 0, "length_m": 34.828, "is_bridged": false, "is_bridge": false, "edge_betweenness": 0.0, "width_m": 16.14}}, {"type": "Feature", "geometry": {"type": "LineString", "coordinates": [[85.142245, 25.609074], [85.142166, 25.609055]]}, "properties": {"feature_type": "edge", "u": 595, "v": 596, "edge_key": 0, "length_m": 8.472, "is_bridged": false, "is_bridge": false, "edge_betweenness": 0.0, "width_m": 39.508}}, {"type": "Feature", "geometry": {"type": "LineString", "coordinates": [[85.142245, 25.609074], [85.142405, 25.609021], [85.142565, 25.609023], [85.142924, 25.608938], [85.143004, 25.608939], [85.143903, 25.608734]]}, "properties": {"feature_type": "edge", "u": 595, "v": 605, "edge_key": 0, "length_m": 182.569, "is_bridged": false, "is_bridge": false, "edge_betweenness": 0.0, "width_m": 15.58}}, {"type": "Feature", "geometry": {"type": "LineString", "coordinates": [[85.142166, 25.609055], [85.142127, 25.608982], [85.142129, 25.608855], [85.142071, 25.608728], [85.142072, 25.608674], [85.141994, 25.608583], [85.141996, 25.608475], [85.141919, 25.608257], [85.141784, 25.608021]]}, "properties": {"feature_type": "edge", "u": 596, "v": 626, "edge_key": 0, "length_m": 127.435, "is_bridged": false, "is_bridge": false, "edge_betweenness": 0.0, "width_m": 20.87}}, {"type": "Feature", "geometry": {"type": "LineString", "coordinates": [[85.129684, 25.608859], [85.129685, 25.608805], [85.129645, 25.608768]]}, "properties": {"feature_type": "edge", "u": 597, "v": 601, "edge_key": 0, "length_m": 11.657, "is_bridged": false, "is_bridge": false, "edge_betweenness": 0.0, "width_m": 5.333}}, {"type": "Feature", "geometry": {"type": "LineString", "coordinates": [[85.133626, 25.608892], [85.133745, 25.608911], [85.134615, 25.609301], [85.134814, 25.609322], [85.134834, 25.609304], [85.134836, 25.609196], [85.134816, 25.609178], [85.134799, 25.608979], [85.13486, 25.608943], [85.135219, 25.608894]]}, "properties": {"feature_type": "edge", "u": 598, "v": 599, "edge_key": 0, "length_m": 225.325, "is_bridged": false, "is_bridge": false, "edge_betweenness": 0.0, "width_m": 8.63}}, {"type": "Feature", "geometry": {"type": "LineString", "coordinates": [[85.133626, 25.608892], [85.133651, 25.608531]]}, "properties": {"feature_type": "edge", "u": 598, "v": 608, "edge_key": 0, "length_m": 40.828, "is_bridged": false, "is_bridge": false, "edge_betweenness": 0.0, "width_m": 15.356}}, {"type": "Feature", "geometry": {"type": "LineString", "coordinates": [[85.135219, 25.608894], [85.135618, 25.608809], [85.135699, 25.608774], [85.135858, 25.608758]]}, "properties": {"feature_type": "edge", "u": 599, "v": 603, "edge_key": 0, "length_m": 70.627, "is_bridged": false, "is_bridge": false, "edge_betweenness": 0.0, "width_m": 8.546}}, {"type": "Feature", "geometry": {"type": "LineString", "coordinates": [[85.135916, 25.608903], [85.136195, 25.60887], [85.136575, 25.608785], [85.136694, 25.608786], [85.136833, 25.608842], [85.137012, 25.608844], [85.137032, 25.608827], [85.137311, 25.608812], [85.137331, 25.608794], [85.137451, 25.608796], [85.13761, 25.608762], [85.13777, 25.608764]]}, "properties": {"feature_type": "edge", "u": 600, "v": 604, "edge_key": 0, "length_m": 198.426, "is_bridged": false, "is_bridge": false, "edge_betweenness": 0.0, "width_m": 8.369}}, {"type": "Feature", "geometry": {"type": "LineString", "coordinates": [[85.135916, 25.608903], [85.135858, 25.608758]]}, "properties": {"feature_type": "edge", "u": 600, "v": 603, "edge_key": 0, "length_m": 18.129, "is_bridged": false, "is_bridge": false, "edge_betweenness": 0.0, "width_m": 8.59}}, {"type": "Feature", "geometry": {"type": "LineString", "coordinates": [[85.129428, 25.608693], [85.128965, 25.607694], [85.12887, 25.607441], [85.128792, 25.607331]]}, "properties": {"feature_type": "edge", "u": 602, "v": 664, "edge_key": 0, "length_m": 177.338, "is_bridged": false, "is_bridge": false, "edge_betweenness": 0.0, "width_m": 8.704}}, {"type": "Feature", "geometry": {"type": "LineString", "coordinates": [[85.135858, 25.608758], [85.13586, 25.608667], [85.135747, 25.608233], [85.135692, 25.607889], [85.135599, 25.607526], [85.13554, 25.607435], [85.135401, 25.607434], [85.135141, 25.607485], [85.135061, 25.60752], [85.134781, 25.60757], [85.134342, 25.607691], [85.134202, 25.607707], [85.134122, 25.607742], [85.133763, 25.607774]]}, "properties": {"feature_type": "edge", "u": 603, "v": 638, "edge_key": 0, "length_m": 354.148, "is_bridged": false, "is_bridge": false, "edge_betweenness": 0.0, "width_m": 8.33}}, {"type": "Feature", "geometry": {"type": "LineString", "coordinates": [[85.13777, 25.608764], [85.13779, 25.608746], [85.137815, 25.608439]]}, "properties": {"feature_type": "edge", "u": 604, "v": 618, "edge_key": 0, "length_m": 37.657, "is_bridged": false, "is_bridge": false, "edge_betweenness": 0.0, "width_m": 16.132}}, {"type": "Feature", "geometry": {"type": "LineString", "coordinates": [[85.143903, 25.608734], [85.144383, 25.608595], [85.144463, 25.60856], [85.144544, 25.608489]]}, "properties": {"feature_type": "edge", "u": 605, "v": 621, "edge_key": 0, "length_m": 75.598, "is_bridged": false, "is_bridge": false, "edge_betweenness": 0.0, "width_m": 14.881}}, {"type": "Feature", "geometry": {"type": "LineString", "coordinates": [[85.139802, 25.608663], [85.139922, 25.608665], [85.140161, 25.608614]]}, "properties": {"feature_type": "edge", "u": 607, "v": 610, "edge_key": 0, "length_m": 38.485, "is_bridged": false, "is_bridge": true, "edge_betweenness": 0.0, "width_m": 8.394}}, {"type": "Feature", "geometry": {"type": "LineString", "coordinates": [[85.139802, 25.608663], [85.139764, 25.608591], [85.139765, 25.6085]]}, "properties": {"feature_type": "edge", "u": 607, "v": 616, "edge_key": 0, "length_m": 19.301, "is_bridged": false, "is_bridge": false, "edge_betweenness": 0.0, "width_m": 9.15}}, {"type": "Feature", "geometry": {"type": "LineString", "coordinates": [[85.133651, 25.608531], [85.133692, 25.608513]]}, "properties": {"feature_type": "edge", "u": 608, "v": 956, "edge_key": 0, "length_m": 4.472, "is_bridged": false, "is_bridge": false, "edge_betweenness": 0.0, "width_m": 5.105}}, {"type": "Feature", "geometry": {"type": "LineString", "coordinates": [[85.133692, 25.608513], [85.133651, 25.608531]]}, "properties": {"feature_type": "edge", "u": 608, "v": 956, "edge_key": 1, "length_m": 4.472, "is_bridged": false, "is_bridge": false, "edge_betweenness": 0.0, "width_m": 5.105}}, {"type": "Feature", "geometry": {"type": "LineString", "coordinates": [[85.133651, 25.608531], [85.133673, 25.608441]]}, "properties": {"feature_type": "edge", "u": 608, "v": 615, "edge_key": 0, "length_m": 10.325, "is_bridged": false, "is_bridge": false, "edge_betweenness": 0.0, "width_m": 8.769}}, {"type": "Feature", "geometry": {"type": "LineString", "coordinates": [[85.14492, 25.608674], [85.144683, 25.608527], [85.144544, 25.608489]]}, "properties": {"feature_type": "edge", "u": 611, "v": 621, "edge_key": 0, "length_m": 46.284, "is_bridged": false, "is_bridge": true, "edge_betweenness": 0.0, "width_m": 16.825}}, {"type": "Feature", "geometry": {"type": "LineString", "coordinates": [[85.129511, 25.608442], [85.129452, 25.608387]]}, "properties": {"feature_type": "edge", "u": 612, "v": 614, "edge_key": 0, "length_m": 8.944, "is_bridged": false, "is_bridge": false, "edge_betweenness": 0.0, "width_m": 4.0}}, {"type": "Feature", "geometry": {"type": "LineString", "coordinates": [[85.129511, 25.608442], [85.129512, 25.608388], [85.129452, 25.608387]]}, "properties": {"feature_type": "edge", "u": 612, "v": 614, "edge_key": 1, "length_m": 12.0, "is_bridged": false, "is_bridge": false, "edge_betweenness": 0.0, "width_m": 5.333}}, {"type": "Feature", "geometry": {"type": "LineString", "coordinates": [[85.129452, 25.608387], [85.129393, 25.608368], [85.129375, 25.608205]]}, "properties": {"feature_type": "edge", "u": 614, "v": 617, "edge_key": 0, "length_m": 24.435, "is_bridged": false, "is_bridge": false, "edge_betweenness": 0.0, "width_m": 5.333}}, {"type": "Feature", "geometry": {"type": "LineString", "coordinates": [[85.129452, 25.608387], [85.129493, 25.608333], [85.129375, 25.608205]]}, "properties": {"feature_type": "edge", "u": 614, "v": 617, "edge_key": 1, "length_m": 25.65, "is_bridged": false, "is_bridge": false, "edge_betweenness": 0.0, "width_m": 5.333}}, {"type": "Feature", "geometry": {"type": "LineString", "coordinates": [[85.133673, 25.608441], [85.133733, 25.608405], [85.133735, 25.608297]]}, "properties": {"feature_type": "edge", "u": 615, "v": 622, "edge_key": 0, "length_m": 19.301, "is_bridged": false, "is_bridge": false, "edge_betweenness": 0.0, "width_m": 9.053}}, {"type": "Feature", "geometry": {"type": "LineString", "coordinates": [[85.133673, 25.608441], [85.133634, 25.608404], [85.133675, 25.608296]]}, "properties": {"feature_type": "edge", "u": 615, "v": 623, "edge_key": 0, "length_m": 19.314, "is_bridged": false, "is_bridge": false, "edge_betweenness": 0.0, "width_m": 9.113}}, {"type": "Feature", "geometry": {"type": "LineString", "coordinates": [[85.139765, 25.6085], [85.140144, 25.608451]]}, "properties": {"feature_type": "edge", "u": 616, "v": 619, "edge_key": 0, "length_m": 40.485, "is_bridged": false, "is_bridge": true, "edge_betweenness": 0.0, "width_m": 8.558}}, {"type": "Feature", "geometry": {"type": "LineString", "coordinates": [[85.139765, 25.6085], [85.139632, 25.608101], [85.139593, 25.608047], [85.139594, 25.607957]]}, "properties": {"feature_type": "edge", "u": 616, "v": 634, "edge_key": 0, "length_m": 67.1, "is_bridged": false, "is_bridge": false, "edge_betweenness": 0.0, "width_m": 8.643}}, {"type": "Feature", "geometry": {"type": "LineString", "coordinates": [[85.129375, 25.608205], [85.129433, 25.608332]]}, "properties": {"feature_type": "edge", "u": 617, "v": 957, "edge_key": 0, "length_m": 15.232, "is_bridged": false, "is_bridge": false, "edge_betweenness": 0.0, "width_m": 4.0}}, {"type": "Feature", "geometry": {"type": "LineString", "coordinates": [[85.129433, 25.608332], [85.129375, 25.608205]]}, "properties": {"feature_type": "edge", "u": 617, "v": 957, "edge_key": 1, "length_m": 15.232, "is_bridged": false, "is_bridge": false, "edge_betweenness": 0.0, "width_m": 4.0}}, {"type": "Feature", "geometry": {"type": "LineString", "coordinates": [[85.129375, 25.608205], [85.129454, 25.608242]]}, "properties": {"feature_type": "edge", "u": 617, "v": 958, "edge_key": 0, "length_m": 8.944, "is_bridged": false, "is_bridge": false, "edge_betweenness": 0.0, "width_m": 5.333}}, {"type": "Feature", "geometry": {"type": "LineString", "coordinates": [[85.129454, 25.608242], [85.129375, 25.608205]]}, "properties": {"feature_type": "edge", "u": 617, "v": 958, "edge_key": 1, "length_m": 8.944, "is_bridged": false, "is_bridge": false, "edge_betweenness": 0.0, "width_m": 5.333}}, {"type": "Feature", "geometry": {"type": "LineString", "coordinates": [[85.129375, 25.608205], [85.129395, 25.608242]]}, "properties": {"feature_type": "edge", "u": 617, "v": 959, "edge_key": 0, "length_m": 4.472, "is_bridged": false, "is_bridge": false, "edge_betweenness": 0.0, "width_m": 4.0}}, {"type": "Feature", "geometry": {"type": "LineString", "coordinates": [[85.129395, 25.608242], [85.129375, 25.608205]]}, "properties": {"feature_type": "edge", "u": 617, "v": 959, "edge_key": 1, "length_m": 4.472, "is_bridged": false, "is_bridge": false, "edge_betweenness": 0.0, "width_m": 4.0}}, {"type": "Feature", "geometry": {"type": "LineString", "coordinates": [[85.129375, 25.608205], [85.129416, 25.608152]]}, "properties": {"feature_type": "edge", "u": 617, "v": 960, "edge_key": 0, "length_m": 7.211, "is_bridged": false, "is_bridge": false, "edge_betweenness": 0.0, "width_m": 5.333}}, {"type": "Feature", "geometry": {"type": "LineString", "coordinates": [[85.129416, 25.608152], [85.129375, 25.608205]]}, "properties": {"feature_type": "edge", "u": 617, "v": 960, "edge_key": 1, "length_m": 7.211, "is_bridged": false, "is_bridge": false, "edge_betweenness": 0.0, "width_m": 5.333}}, {"type": "Feature", "geometry": {"type": "LineString", "coordinates": [[85.129375, 25.608205], [85.129356, 25.608151]]}, "properties": {"feature_type": "edge", "u": 617, "v": 961, "edge_key": 0, "length_m": 6.325, "is_bridged": false, "is_bridge": false, "edge_betweenness": 0.0, "width_m": 4.0}}, {"type": "Feature", "geometry": {"type": "LineString", "coordinates": [[85.129356, 25.608151], [85.129375, 25.608205]]}, "properties": {"feature_type": "edge", "u": 617, "v": 961, "edge_key": 1, "length_m": 6.325, "is_bridged": false, "is_bridge": false, "edge_betweenness": 0.0, "width_m": 4.0}}, {"type": "Feature", "geometry": {"type": "LineString", "coordinates": [[85.129375, 25.608205], [85.129378, 25.608061], [85.129358, 25.608043]]}, "properties": {"feature_type": "edge", "u": 617, "v": 627, "edge_key": 0, "length_m": 18.828, "is_bridged": false, "is_bridge": false, "edge_betweenness": 0.0, "width_m": 5.886}}, {"type": "Feature", "geometry": {"type": "LineString", "coordinates": [[85.129375, 25.608205], [85.129318, 25.60806], [85.129358, 25.608043]]}, "properties": {"feature_type": "edge", "u": 617, "v": 627, "edge_key": 1, "length_m": 21.56, "is_bridged": false, "is_bridge": false, "edge_betweenness": 0.0, "width_m": 4.552}}, {"type": "Feature", "geometry": {"type": "LineString", "coordinates": [[85.129375, 25.608205], [85.129258, 25.608041], [85.129259, 25.607987]]}, "properties": {"feature_type": "edge", "u": 617, "v": 629, "edge_key": 0, "length_m": 27.633, "is_bridged": false, "is_bridge": false, "edge_betweenness": 0.0, "width_m": 6.667}}, {"type": "Feature", "geometry": {"type": "LineString", "coordinates": [[85.137815, 25.608439], [85.138034, 25.608424], [85.138973, 25.608219]]}, "properties": {"feature_type": "edge", "u": 618, "v": 624, "edge_key": 0, "length_m": 126.77, "is_bridged": false, "is_bridge": true, "edge_betweenness": 0.0, "width_m": 8.599}}, {"type": "Feature", "geometry": {"type": "LineString", "coordinates": [[85.137815, 25.608439], [85.137822, 25.607952], [85.137802, 25.607934], [85.137804, 25.607862], [85.137706, 25.607716], [85.13743, 25.607532], [85.13726, 25.606934], [85.137323, 25.606772], [85.137466, 25.606521]]}, "properties": {"feature_type": "edge", "u": 618, "v": 710, "edge_key": 0, "length_m": 248.995, "is_bridged": false, "is_bridge": false, "edge_betweenness": 0.0, "width_m": 10.943}}, {"type": "Feature", "geometry": {"type": "LineString", "coordinates": [[85.126686, 25.608261], [85.127328, 25.607962], [85.127429, 25.60791], [85.127489, 25.607838]]}, "properties": {"feature_type": "edge", "u": 620, "v": 633, "edge_key": 0, "length_m": 100.698, "is_bridged": false, "is_bridge": true, "edge_betweenness": 0.0, "width_m": 8.989}}, {"type": "Feature", "geometry": {"type": "LineString", "coordinates": [[85.144544, 25.608489], [85.144506, 25.608398], [85.143818, 25.607794]]}, "properties": {"feature_type": "edge", "u": 621, "v": 647, "edge_key": 0, "length_m": 108.995, "is_bridged": false, "is_bridge": false, "edge_betweenness": 0.0, "width_m": 17.095}}, {"type": "Feature", "geometry": {"type": "LineString", "coordinates": [[85.133735, 25.608297], [85.133675, 25.608296]]}, "properties": {"feature_type": "edge", "u": 622, "v": 623, "edge_key": 0, "length_m": 6.0, "is_bridged": false, "is_bridge": false, "edge_betweenness": 0.0, "width_m": 9.734}}, {"type": "Feature", "geometry": {"type": "LineString", "coordinates": [[85.133735, 25.608297], [85.133755, 25.608279], [85.133757, 25.608171], [85.133717, 25.608134]]}, "properties": {"feature_type": "edge", "u": 622, "v": 625, "edge_key": 0, "length_m": 20.485, "is_bridged": false, "is_bridge": false, "edge_betweenness": 0.0, "width_m": 9.88}}, {"type": "Feature", "geometry": {"type": "LineString", "coordinates": [[85.133675, 25.608296], [85.133656, 25.608224], [85.133717, 25.608134]]}, "properties": {"feature_type": "edge", "u": 623, "v": 625, "edge_key": 0, "length_m": 21.314, "is_bridged": false, "is_bridge": false, "edge_betweenness": 0.0, "width_m": 9.626}}, {"type": "Feature", "geometry": {"type": "LineString", "coordinates": [[85.133717, 25.608134], [85.133718, 25.60808]]}, "properties": {"feature_type": "edge", "u": 625, "v": 628, "edge_key": 0, "length_m": 6.0, "is_bridged": false, "is_bridge": false, "edge_betweenness": 0.0, "width_m": 11.435}}, {"type": "Feature", "geometry": {"type": "LineString", "coordinates": [[85.141784, 25.608021], [85.14192, 25.608203], [85.141981, 25.608149], [85.14204, 25.60815], [85.14258, 25.607995]]}, "properties": {"feature_type": "edge", "u": 626, "v": 635, "edge_key": 0, "length_m": 100.354, "is_bridged": false, "is_bridge": true, "edge_betweenness": 0.0, "width_m": 9.176}}, {"type": "Feature", "geometry": {"type": "LineString", "coordinates": [[85.141784, 25.608021], [85.141723, 25.608056], [85.141604, 25.608054], [85.141084, 25.608174], [85.141006, 25.608101], [85.140989, 25.607902]]}, "properties": {"feature_type": "edge", "u": 626, "v": 637, "edge_key": 0, "length_m": 112.413, "is_bridged": false, "is_bridge": false, "edge_betweenness": 0.0, "width_m": 8.336}}, {"type": "Feature", "geometry": {"type": "LineString", "coordinates": [[85.141784, 25.608021], [85.141668, 25.607784], [85.141628, 25.607784]]}, "properties": {"feature_type": "edge", "u": 626, "v": 645, "edge_key": 0, "length_m": 32.636, "is_bridged": false, "is_bridge": false, "edge_betweenness": 0.0, "width_m": 6.981}}, {"type": "Feature", "geometry": {"type": "LineString", "coordinates": [[85.141784, 25.608021], [85.141708, 25.607767]]}, "properties": {"feature_type": "edge", "u": 626, "v": 962, "edge_key": 0, "length_m": 29.12, "is_bridged": false, "is_bridge": false, "edge_betweenness": 0.0, "width_m": 4.0}}, {"type": "Feature", "geometry": {"type": "LineString", "coordinates": [[85.141708, 25.607767], [85.141784, 25.608021]]}, "properties": {"feature_type": "edge", "u": 626, "v": 962, "edge_key": 1, "length_m": 29.12, "is_bridged": false, "is_bridge": false, "edge_betweenness": 0.0, "width_m": 4.0}}, {"type": "Feature", "geometry": {"type": "LineString", "coordinates": [[85.141784, 25.608021], [85.141768, 25.607731], [85.141748, 25.607713]]}, "properties": {"feature_type": "edge", "u": 626, "v": 651, "edge_key": 0, "length_m": 34.9, "is_bridged": false, "is_bridge": false, "edge_betweenness": 0.0, "width_m": 11.944}}, {"type": "Feature", "geometry": {"type": "LineString", "coordinates": [[85.129358, 25.608043], [85.129339, 25.60797]]}, "properties": {"feature_type": "edge", "u": 627, "v": 630, "edge_key": 0, "length_m": 8.472, "is_bridged": false, "is_bridge": false, "edge_betweenness": 0.0, "width_m": 7.219}}, {"type": "Feature", "geometry": {"type": "LineString", "coordinates": [[85.133718, 25.60808], [85.133758, 25.608063]]}, "properties": {"feature_type": "edge", "u": 628, "v": 963, "edge_key": 0, "length_m": 4.472, "is_bridged": false, "is_bridge": false, "edge_betweenness": 0.0, "width_m": 5.105}}, {"type": "Feature", "geometry": {"type": "LineString", "coordinates": [[85.133758, 25.608063], [85.133718, 25.60808]]}, "properties": {"feature_type": "edge", "u": 628, "v": 963, "edge_key": 1, "length_m": 4.472, "is_bridged": false, "is_bridge": false, "edge_betweenness": 0.0, "width_m": 5.105}}, {"type": "Feature", "geometry": {"type": "LineString", "coordinates": [[85.133718, 25.60808], [85.133739, 25.608026], [85.133742, 25.60781], [85.133763, 25.607774]]}, "properties": {"feature_type": "edge", "u": 628, "v": 638, "edge_key": 0, "length_m": 34.797, "is_bridged": false, "is_bridge": false, "edge_betweenness": 0.0, "width_m": 14.287}}, {"type": "Feature", "geometry": {"type": "LineString", "coordinates": [[85.129259, 25.607987], [85.129299, 25.608006], [85.129339, 25.60797]]}, "properties": {"feature_type": "edge", "u": 629, "v": 630, "edge_key": 0, "length_m": 10.129, "is_bridged": false, "is_bridge": false, "edge_betweenness": 0.0, "width_m": 6.667}}, {"type": "Feature", "geometry": {"type": "LineString", "coordinates": [[85.129259, 25.607987], [85.1293, 25.607952], [85.129339, 25.60797]]}, "properties": {"feature_type": "edge", "u": 629, "v": 630, "edge_key": 1, "length_m": 10.129, "is_bridged": false, "is_bridge": false, "edge_betweenness": 0.0, "width_m": 6.667}}, {"type": "Feature", "geometry": {"type": "LineString", "coordinates": [[85.129259, 25.607987], [85.12922, 25.607951], [85.129242, 25.607842]]}, "properties": {"feature_type": "edge", "u": 629, "v": 631, "edge_key": 0, "length_m": 17.903, "is_bridged": false, "is_bridge": false, "edge_betweenness": 0.0, "width_m": 7.252}}, {"type": "Feature", "geometry": {"type": "LineString", "coordinates": [[85.129339, 25.60797], [85.12934, 25.607916], [85.129242, 25.607842]]}, "properties": {"feature_type": "edge", "u": 630, "v": 631, "edge_key": 0, "length_m": 18.806, "is_bridged": false, "is_bridge": false, "edge_betweenness": 0.0, "width_m": 5.333}}, {"type": "Feature", "geometry": {"type": "LineString", "coordinates": [[85.129242, 25.607842], [85.12944, 25.607863], [85.13008, 25.607727], [85.130439, 25.607677], [85.130519, 25.607642]]}, "properties": {"feature_type": "edge", "u": 631, "v": 643, "edge_key": 0, "length_m": 138.935, "is_bridged": false, "is_bridge": false, "edge_betweenness": 0.0, "width_m": 8.217}}, {"type": "Feature", "geometry": {"type": "LineString", "coordinates": [[85.129242, 25.607842], [85.129282, 25.607832]]}, "properties": {"feature_type": "edge", "u": 631, "v": 964, "edge_key": 0, "length_m": 5.236, "is_bridged": false, "is_bridge": false, "edge_betweenness": 0.0, "width_m": 4.0}}, {"type": "Feature", "geometry": {"type": "LineString", "coordinates": [[85.129282, 25.607832], [85.129242, 25.607842]]}, "properties": {"feature_type": "edge", "u": 631, "v": 964, "edge_key": 1, "length_m": 5.236, "is_bridged": false, "is_bridge": false, "edge_betweenness": 0.0, "width_m": 4.0}}, {"type": "Feature", "geometry": {"type": "LineString", "coordinates": [[85.129242, 25.607842], [85.129143, 25.607769], [85.129124, 25.607697]]}, "properties": {"feature_type": "edge", "u": 631, "v": 639, "edge_key": 0, "length_m": 21.278, "is_bridged": false, "is_bridge": false, "edge_betweenness": 0.0, "width_m": 6.778}}, {"type": "Feature", "geometry": {"type": "LineString", "coordinates": [[85.129242, 25.607842], [85.129244, 25.607698], [85.129204, 25.607679]]}, "properties": {"feature_type": "edge", "u": 631, "v": 641, "edge_key": 0, "length_m": 20.472, "is_bridged": false, "is_bridge": false, "edge_betweenness": 0.0, "width_m": 6.12}}, {"type": "Feature", "geometry": {"type": "LineString", "coordinates": [[85.142958, 25.608072], [85.143758, 25.607847], [85.143818, 25.607794]]}, "properties": {"feature_type": "edge", "u": 632, "v": 647, "edge_key": 0, "length_m": 99.255, "is_bridged": false, "is_bridge": true, "edge_betweenness": 0.0, "width_m": 8.984}}, {"type": "Feature", "geometry": {"type": "LineString", "coordinates": [[85.127489, 25.607838], [85.127411, 25.607783]]}, "properties": {"feature_type": "edge", "u": 633, "v": 636, "edge_key": 0, "length_m": 10.485, "is_bridged": false, "is_bridge": false, "edge_betweenness": 0.0, "width_m": 10.77}}, {"type": "Feature", "geometry": {"type": "LineString", "coordinates": [[85.127489, 25.607838], [85.127569, 25.607839], [85.127669, 25.607804], [85.12791, 25.607681]]}, "properties": {"feature_type": "edge", "u": 633, "v": 640, "edge_key": 0, "length_m": 49.456, "is_bridged": false, "is_bridge": false, "edge_betweenness": 0.0, "width_m": 9.533}}, {"type": "Feature", "geometry": {"type": "LineString", "coordinates": [[85.139594, 25.607957], [85.140433, 25.607823], [85.140633, 25.607771], [85.140951, 25.607757]]}, "properties": {"feature_type": "edge", "u": 634, "v": 644, "edge_key": 0, "length_m": 145.941, "is_bridged": false, "is_bridge": false, "edge_betweenness": 0.0, "width_m": 8.324}}, {"type": "Feature", "geometry": {"type": "LineString", "coordinates": [[85.139594, 25.607957], [85.139555, 25.60792], [85.139519, 25.607685]]}, "properties": {"feature_type": "edge", "u": 634, "v": 649, "edge_key": 0, "length_m": 33.314, "is_bridged": false, "is_bridge": false, "edge_betweenness": 0.0, "width_m": 8.608}}, {"type": "Feature", "geometry": {"type": "LineString", "coordinates": [[85.127411, 25.607783], [85.127311, 25.607782], [85.127232, 25.607745], [85.126657, 25.607611], [85.126103, 25.607333], [85.126064, 25.607296], [85.126065, 25.60726]]}, "properties": {"feature_type": "edge", "u": 636, "v": 668, "edge_key": 0, "length_m": 161.539, "is_bridged": false, "is_bridge": false, "edge_betweenness": 0.0, "width_m": 8.746}}, {"type": "Feature", "geometry": {"type": "LineString", "coordinates": [[85.127411, 25.607783], [85.127392, 25.607674], [85.127085, 25.606966], [85.127085, 25.60693], [85.127186, 25.606841], [85.127306, 25.606807], [85.127526, 25.606791], [85.127604, 25.606847], [85.12791, 25.607681]]}, "properties": {"feature_type": "edge", "u": 636, "v": 640, "edge_key": 0, "length_m": 274.095, "is_bridged": false, "is_bridge": false, "edge_betweenness": 0.0, "width_m": 8.632}}, {"type": "Feature", "geometry": {"type": "LineString", "coordinates": [[85.140989, 25.607902], [85.140951, 25.607757]]}, "properties": {"feature_type": "edge", "u": 637, "v": 644, "edge_key": 0, "length_m": 17.657, "is_bridged": false, "is_bridge": false, "edge_betweenness": 0.0, "width_m": 8.946}}, {"type": "Feature", "geometry": {"type": "LineString", "coordinates": [[85.140989, 25.607902], [85.141548, 25.607783], [85.141628, 25.607784]]}, "properties": {"feature_type": "edge", "u": 637, "v": 645, "edge_key": 0, "length_m": 69.799, "is_bridged": false, "is_bridge": false, "edge_betweenness": 0.0, "width_m": 8.533}}, {"type": "Feature", "geometry": {"type": "LineString", "coordinates": [[85.133763, 25.607774], [85.133703, 25.607755], [85.133684, 25.607719], [85.133687, 25.607538]]}, "properties": {"feature_type": "edge", "u": 638, "v": 653, "edge_key": 0, "length_m": 31.153, "is_bridged": false, "is_bridge": false, "edge_betweenness": 0.0, "width_m": 8.503}}, {"type": "Feature", "geometry": {"type": "LineString", "coordinates": [[85.133763, 25.607774], [85.133784, 25.60772], [85.133786, 25.607576], [85.133766, 25.607539]]}, "properties": {"feature_type": "edge", "u": 638, "v": 654, "edge_key": 0, "length_m": 26.797, "is_bridged": false, "is_bridge": false, "edge_betweenness": 0.0, "width_m": 8.81}}, {"type": "Feature", "geometry": {"type": "LineString", "coordinates": [[85.129124, 25.607697], [85.129105, 25.607678], [85.129126, 25.607588]]}, "properties": {"feature_type": "edge", "u": 639, "v": 642, "edge_key": 0, "length_m": 13.153, "is_bridged": false, "is_bridge": false, "edge_betweenness": 0.0, "width_m": 6.778}}, {"type": "Feature", "geometry": {"type": "LineString", "coordinates": [[85.129124, 25.607697], [85.129204, 25.607679]]}, "properties": {"feature_type": "edge", "u": 639, "v": 641, "edge_key": 0, "length_m": 8.472, "is_bridged": false, "is_bridge": false, "edge_betweenness": 0.0, "width_m": 6.2}}, {"type": "Feature", "geometry": {"type": "LineString", "coordinates": [[85.12791, 25.607681], [85.12801, 25.607664], [85.128651, 25.607384], [85.128771, 25.607367], [85.128792, 25.607331]]}, "properties": {"feature_type": "edge", "u": 640, "v": 664, "edge_key": 0, "length_m": 105.384, "is_bridged": false, "is_bridge": false, "edge_betweenness": 0.0, "width_m": 8.931}}, {"type": "Feature", "geometry": {"type": "LineString", "coordinates": [[85.129204, 25.607679], [85.129205, 25.607607], [85.129126, 25.607588]]}, "properties": {"feature_type": "edge", "u": 641, "v": 642, "edge_key": 0, "length_m": 16.246, "is_bridged": false, "is_bridge": false, "edge_betweenness": 0.0, "width_m": 6.12}}, {"type": "Feature", "geometry": {"type": "LineString", "coordinates": [[85.129126, 25.607588], [85.129126, 25.607606]]}, "properties": {"feature_type": "edge", "u": 642, "v": 965, "edge_key": 0, "length_m": 2.0, "is_bridged": false, "is_bridge": false, "edge_betweenness": 0.0, "width_m": 1.333}}, {"type": "Feature", "geometry": {"type": "LineString", "coordinates": [[85.129126, 25.607606], [85.129126, 25.607588]]}, "properties": {"feature_type": "edge", "u": 642, "v": 965, "edge_key": 1, "length_m": 2.0, "is_bridged": false, "is_bridge": false, "edge_betweenness": 0.0, "width_m": 1.333}}, {"type": "Feature", "geometry": {"type": "LineString", "coordinates": [[85.129126, 25.607588], [85.129047, 25.607551], [85.129028, 25.607479]]}, "properties": {"feature_type": "edge", "u": 642, "v": 652, "edge_key": 0, "length_m": 17.416, "is_bridged": false, "is_bridge": false, "edge_betweenness": 0.0, "width_m": 6.778}}, {"type": "Feature", "geometry": {"type": "LineString", "coordinates": [[85.129126, 25.607588], [85.129148, 25.60748], [85.129108, 25.607462]]}, "properties": {"feature_type": "edge", "u": 642, "v": 656, "edge_key": 0, "length_m": 16.718, "is_bridged": false, "is_bridge": false, "edge_betweenness": 0.0, "width_m": 6.12}}, {"type": "Feature", "geometry": {"type": "LineString", "coordinates": [[85.130519, 25.607642], [85.130619, 25.607643], [85.130719, 25.607609], [85.130878, 25.607593]]}, "properties": {"feature_type": "edge", "u": 643, "v": 648, "edge_key": 0, "length_m": 38.129, "is_bridged": false, "is_bridge": false, "edge_betweenness": 0.0, "width_m": 8.838}}, {"type": "Feature", "geometry": {"type": "LineString", "coordinates": [[85.130519, 25.607642], [85.130424, 25.607352], [85.130387, 25.607153], [85.130349, 25.60708], [85.130293, 25.606791]]}, "properties": {"feature_type": "edge", "u": 643, "v": 693, "edge_key": 0, "length_m": 103.941, "is_bridged": false, "is_bridge": true, "edge_betweenness": 0.0, "width_m": 8.418}}, {"type": "Feature", "geometry": {"type": "LineString", "coordinates": [[85.140951, 25.607757], [85.140914, 25.607612], [85.140916, 25.607486]]}, "properties": {"feature_type": "edge", "u": 644, "v": 666, "edge_key": 0, "length_m": 31.301, "is_bridged": false, "is_bridge": false, "edge_betweenness": 0.0, "width_m": 8.743}}, {"type": "Feature", "geometry": {"type": "LineString", "coordinates": [[85.140951, 25.607757], [85.141032, 25.607722], [85.141351, 25.60769], [85.14159, 25.607639]]}, "properties": {"feature_type": "edge", "u": 644, "v": 650, "edge_key": 0, "length_m": 69.086, "is_bridged": false, "is_bridge": false, "edge_betweenness": 0.0, "width_m": 8.449}}, {"type": "Feature", "geometry": {"type": "LineString", "coordinates": [[85.141628, 25.607784], [85.14159, 25.607639]]}, "properties": {"feature_type": "edge", "u": 645, "v": 650, "edge_key": 0, "length_m": 16.649, "is_bridged": false, "is_bridge": false, "edge_betweenness": 0.0, "width_m": 9.963}}, {"type": "Feature", "geometry": {"type": "LineString", "coordinates": [[85.142703, 25.607797], [85.142665, 25.607707], [85.142629, 25.607454], [85.142751, 25.607275], [85.142853, 25.607095], [85.142854, 25.607059], [85.142894, 25.607024]]}, "properties": {"feature_type": "edge", "u": 646, "v": 687, "edge_key": 0, "length_m": 100.083, "is_bridged": false, "is_bridge": true, "edge_betweenness": 0.0, "width_m": 8.52}}, {"type": "Feature", "geometry": {"type": "LineString", "coordinates": [[85.143818, 25.607794], [85.143249, 25.607263]]}, "properties": {"feature_type": "edge", "u": 647, "v": 673, "edge_key": 0, "length_m": 82.674, "is_bridged": false, "is_bridge": false, "edge_betweenness": 0.0, "width_m": 16.343}}, {"type": "Feature", "geometry": {"type": "LineString", "coordinates": [[85.143818, 25.607794], [85.143879, 25.60774], [85.144138, 25.607707], [85.144238, 25.607673], [85.144477, 25.607658], [85.144617, 25.607623], [85.144936, 25.607627], [85.144976, 25.60761]]}, "properties": {"feature_type": "edge", "u": 647, "v": 660, "edge_key": 0, "length_m": 125.113, "is_bridged": false, "is_bridge": true, "edge_betweenness": 0.0, "width_m": 8.506}}, {"type": "Feature", "geometry": {"type": "LineString", "coordinates": [[85.130878, 25.607593], [85.131258, 25.607507], [85.131797, 25.607424], [85.131897, 25.607389], [85.131977, 25.60739], [85.132077, 25.607355], [85.132178, 25.607266], [85.13218, 25.607122], [85.132105, 25.60685], [85.132087, 25.606687], [85.132049, 25.606596], [85.13207, 25.606488], [85.132151, 25.606417], [85.13257, 25.60635], [85.13267, 25.606316]]}, "properties": {"feature_type": "edge", "u": 648, "v": 722, "edge_key": 0, "length_m": 306.652, "is_bridged": false, "is_bridge": false, "edge_betweenness": 0.0, "width_m": 8.379}}, {"type": "Feature", "geometry": {"type": "LineString", "coordinates": [[85.139519, 25.607685], [85.139425, 25.607322], [85.139407, 25.60716], [85.139369, 25.607069], [85.139352, 25.606906], [85.139313, 25.606816], [85.139315, 25.606725]]}, "properties": {"feature_type": "edge", "u": 649, "v": 702, "edge_key": 0, "length_m": 115.113, "is_bridged": false, "is_bridge": false, "edge_betweenness": 0.0, "width_m": 8.387}}, {"type": "Feature", "geometry": {"type": "LineString", "coordinates": [[85.139519, 25.607685], [85.140378, 25.607515]]}, "properties": {"feature_type": "edge", "u": 649, "v": 663, "edge_key": 0, "length_m": 94.284, "is_bridged": false, "is_bridge": true, "edge_betweenness": 0.0, "width_m": 8.406}}, {"type": "Feature", "geometry": {"type": "LineString", "coordinates": [[85.14159, 25.607639], [85.141669, 25.607712], [85.141748, 25.607713]]}, "properties": {"feature_type": "edge", "u": 650, "v": 651, "edge_key": 0, "length_m": 19.314, "is_bridged": false, "is_bridge": false, "edge_betweenness": 0.0, "width_m": 7.661}}, {"type": "Feature", "geometry": {"type": "LineString", "coordinates": [[85.14159, 25.607639], [85.141729, 25.607659]]}, "properties": {"feature_type": "edge", "u": 650, "v": 655, "edge_key": 0, "length_m": 14.325, "is_bridged": false, "is_bridge": false, "edge_betweenness": 0.0, "width_m": 7.661}}, {"type": "Feature", "geometry": {"type": "LineString", "coordinates": [[85.14159, 25.607639], [85.141631, 25.607603], [85.14171, 25.607604]]}, "properties": {"feature_type": "edge", "u": 650, "v": 658, "edge_key": 0, "length_m": 13.657, "is_bridged": false, "is_bridge": false, "edge_betweenness": 0.0, "width_m": 7.661}}, {"type": "Feature", "geometry": {"type": "LineString", "coordinates": [[85.14159, 25.607639], [85.141612, 25.607549], [85.141691, 25.60755]]}, "properties": {"feature_type": "edge", "u": 650, "v": 661, "edge_key": 0, "length_m": 18.198, "is_bridged": false, "is_bridge": false, "edge_betweenness": 0.0, "width_m": 7.661}}, {"type": "Feature", "geometry": {"type": "LineString", "coordinates": [[85.14159, 25.607639], [85.141552, 25.607512], [85.141536, 25.607313]]}, "properties": {"feature_type": "edge", "u": 650, "v": 667, "edge_key": 0, "length_m": 36.651, "is_bridged": false, "is_bridge": false, "edge_betweenness": 0.0, "width_m": 6.981}}, {"type": "Feature", "geometry": {"type": "LineString", "coordinates": [[85.141748, 25.607713], [85.141729, 25.607659]]}, "properties": {"feature_type": "edge", "u": 651, "v": 655, "edge_key": 0, "length_m": 6.828, "is_bridged": false, "is_bridge": false, "edge_betweenness": 0.0, "width_m": 13.766}}, {"type": "Feature", "geometry": {"type": "LineString", "coordinates": [[85.129028, 25.607479], [85.12899, 25.607388]]}, "properties": {"feature_type": "edge", "u": 652, "v": 659, "edge_key": 0, "length_m": 11.301, "is_bridged": false, "is_bridge": false, "edge_betweenness": 0.0, "width_m": 8.567}}, {"type": "Feature", "geometry": {"type": "LineString", "coordinates": [[85.129028, 25.607479], [85.129108, 25.607462]]}, "properties": {"feature_type": "edge", "u": 652, "v": 656, "edge_key": 0, "length_m": 8.472, "is_bridged": false, "is_bridge": false, "edge_betweenness": 0.0, "width_m": 6.2}}, {"type": "Feature", "geometry": {"type": "LineString", "coordinates": [[85.133687, 25.607538], [85.133766, 25.607539]]}, "properties": {"feature_type": "edge", "u": 653, "v": 654, "edge_key": 0, "length_m": 8.0, "is_bridged": false, "is_bridge": false, "edge_betweenness": 0.0, "width_m": 9.105}}, {"type": "Feature", "geometry": {"type": "LineString", "coordinates": [[85.133687, 25.607538], [85.13367, 25.607357]]}, "properties": {"feature_type": "edge", "u": 653, "v": 670, "edge_key": 0, "length_m": 20.828, "is_bridged": false, "is_bridge": false, "edge_betweenness": 0.0, "width_m": 8.368}}, {"type": "Feature", "geometry": {"type": "LineString", "coordinates": [[85.133766, 25.607539], [85.133769, 25.607359], [85.13375, 25.60734]]}, "properties": {"feature_type": "edge", "u": 654, "v": 672, "edge_key": 0, "length_m": 22.828, "is_bridged": false, "is_bridge": false, "edge_betweenness": 0.0, "width_m": 8.473}}, {"type": "Feature", "geometry": {"type": "LineString", "coordinates": [[85.141729, 25.607659], [85.14171, 25.607604]]}, "properties": {"feature_type": "edge", "u": 655, "v": 658, "edge_key": 0, "length_m": 6.828, "is_bridged": false, "is_bridge": false, "edge_betweenness": 0.0, "width_m": 13.766}}, {"type": "Feature", "geometry": {"type": "LineString", "coordinates": [[85.129108, 25.607462], [85.129109, 25.607389], [85.12907, 25.607371]]}, "properties": {"feature_type": "edge", "u": 656, "v": 662, "edge_key": 0, "length_m": 12.472, "is_bridged": false, "is_bridge": false, "edge_betweenness": 0.0, "width_m": 7.252}}, {"type": "Feature", "geometry": {"type": "LineString", "coordinates": [[85.132572, 25.607506], [85.133051, 25.607458], [85.133071, 25.60744], [85.133171, 25.607441], [85.133191, 25.607424], [85.13367, 25.607357]]}, "properties": {"feature_type": "edge", "u": 657, "v": 670, "edge_key": 0, "length_m": 117.456, "is_bridged": false, "is_bridge": true, "edge_betweenness": 0.0, "width_m": 8.232}}, {"type": "Feature", "geometry": {"type": "LineString", "coordinates": [[85.14171, 25.607604], [85.141691, 25.60755]]}, "properties": {"feature_type": "edge", "u": 658, "v": 661, "edge_key": 0, "length_m": 6.828, "is_bridged": false, "is_bridge": false, "edge_betweenness": 0.0, "width_m": 13.766}}, {"type": "Feature", "geometry": {"type": "LineString", "coordinates": [[85.12899, 25.607388], [85.128932, 25.607297]]}, "properties": {"feature_type": "edge", "u": 659, "v": 669, "edge_key": 0, "length_m": 12.485, "is_bridged": false, "is_bridge": false, "edge_betweenness": 0.0, "width_m": 8.567}}, {"type": "Feature", "geometry": {"type": "LineString", "coordinates": [[85.12899, 25.607388], [85.12907, 25.607371]]}, "properties": {"feature_type": "edge", "u": 659, "v": 662, "edge_key": 0, "length_m": 8.472, "is_bridged": false, "is_bridge": false, "edge_betweenness": 0.0, "width_m": 6.2}}, {"type": "Feature", "geometry": {"type": "LineString", "coordinates": [[85.141691, 25.60755], [85.141692, 25.607496], [85.141536, 25.607313]]}, "properties": {"feature_type": "edge", "u": 661, "v": 667, "edge_key": 0, "length_m": 31.657, "is_bridged": false, "is_bridge": false, "edge_betweenness": 0.0, "width_m": 12.035}}, {"type": "Feature", "geometry": {"type": "LineString", "coordinates": [[85.12907, 25.607371], [85.129071, 25.607299], [85.129031, 25.60728]]}, "properties": {"feature_type": "edge", "u": 662, "v": 671, "edge_key": 0, "length_m": 12.472, "is_bridged": false, "is_bridge": false, "edge_betweenness": 0.0, "width_m": 7.252}}, {"type": "Feature", "geometry": {"type": "LineString", "coordinates": [[85.128792, 25.607331], [85.128872, 25.607296], [85.128932, 25.607297]]}, "properties": {"feature_type": "edge", "u": 664, "v": 669, "edge_key": 0, "length_m": 15.301, "is_bridged": false, "is_bridge": false, "edge_betweenness": 0.0, "width_m": 10.159}}, {"type": "Feature", "geometry": {"type": "LineString", "coordinates": [[85.128792, 25.607331], [85.128773, 25.607223], [85.128312, 25.606188], [85.128044, 25.60548]]}, "properties": {"feature_type": "edge", "u": 664, "v": 799, "edge_key": 0, "length_m": 235.448, "is_bridged": false, "is_bridge": false, "edge_betweenness": 0.0, "width_m": 8.599}}, {"type": "Feature", "geometry": {"type": "LineString", "coordinates": [[85.140517, 25.607499], [85.140537, 25.607517], [85.140657, 25.607483], [85.140916, 25.607486]]}, "properties": {"feature_type": "edge", "u": 665, "v": 666, "edge_key": 0, "length_m": 42.485, "is_bridged": false, "is_bridge": true, "edge_betweenness": 0.0, "width_m": 8.402}}, {"type": "Feature", "geometry": {"type": "LineString", "coordinates": [[85.140916, 25.607486], [85.141095, 25.607488], [85.141395, 25.60742], [85.141494, 25.607421], [85.141536, 25.607313]]}, "properties": {"feature_type": "edge", "u": 666, "v": 667, "edge_key": 0, "length_m": 74.34, "is_bridged": false, "is_bridge": false, "edge_betweenness": 0.0, "width_m": 8.169}}, {"type": "Feature", "geometry": {"type": "LineString", "coordinates": [[85.141536, 25.607313], [85.141539, 25.607079], [85.14152, 25.60706]]}, "properties": {"feature_type": "edge", "u": 667, "v": 685, "edge_key": 0, "length_m": 28.828, "is_bridged": false, "is_bridge": false, "edge_betweenness": 0.0, "width_m": 11.96}}, {"type": "Feature", "geometry": {"type": "LineString", "coordinates": [[85.141536, 25.607313], [85.1414, 25.607095], [85.1414, 25.607059]]}, "properties": {"feature_type": "edge", "u": 667, "v": 683, "edge_key": 0, "length_m": 31.888, "is_bridged": false, "is_bridge": false, "edge_betweenness": 0.0, "width_m": 6.472}}, {"type": "Feature", "geometry": {"type": "LineString", "coordinates": [[85.126065, 25.60726], [85.126025, 25.60726], [85.125966, 25.607205], [85.125908, 25.607078], [85.125869, 25.607041], [85.125153, 25.605732], [85.125038, 25.605441]]}, "properties": {"feature_type": "edge", "u": 668, "v": 805, "edge_key": 0, "length_m": 246.25, "is_bridged": false, "is_bridge": true, "edge_betweenness": 0.0, "width_m": 8.856}}, {"type": "Feature", "geometry": {"type": "LineString", "coordinates": [[85.126065, 25.60726], [85.126125, 25.607207], [85.126928, 25.60682], [85.127049, 25.606731], [85.127069, 25.606677], [85.127072, 25.606497], [85.127015, 25.606315], [85.126861, 25.605988], [85.126843, 25.60588]]}, "properties": {"feature_type": "edge", "u": 668, "v": 752, "edge_key": 0, "length_m": 227.622, "is_bridged": false, "is_bridge": false, "edge_betweenness": 0.0, "width_m": 8.755}}, {"type": "Feature", "geometry": {"type": "LineString", "coordinates": [[85.128932, 25.607297], [85.129031, 25.60728]]}, "properties": {"feature_type": "edge", "u": 669, "v": 671, "edge_key": 0, "length_m": 10.472, "is_bridged": false, "is_bridge": false, "edge_betweenness": 0.0, "width_m": 6.2}}, {"type": "Feature", "geometry": {"type": "LineString", "coordinates": [[85.128932, 25.607297], [85.128855, 25.607079]]}, "properties": {"feature_type": "edge", "u": 669, "v": 675, "edge_key": 0, "length_m": 26.601, "is_bridged": false, "is_bridge": false, "edge_betweenness": 0.0, "width_m": 8.601}}, {"type": "Feature", "geometry": {"type": "LineString", "coordinates": [[85.13367, 25.607357], [85.133652, 25.607231], [85.133692, 25.607195]]}, "properties": {"feature_type": "edge", "u": 670, "v": 674, "edge_key": 0, "length_m": 20.129, "is_bridged": false, "is_bridge": false, "edge_betweenness": 0.0, "width_m": 9.806}}, {"type": "Feature", "geometry": {"type": "LineString", "coordinates": [[85.13367, 25.607357], [85.13375, 25.60734]]}, "properties": {"feature_type": "edge", "u": 670, "v": 672, "edge_key": 0, "length_m": 8.472, "is_bridged": false, "is_bridge": false, "edge_betweenness": 0.0, "width_m": 9.419}}, {"type": "Feature", "geometry": {"type": "LineString", "coordinates": [[85.129031, 25.60728], [85.129033, 25.607208], [85.128994, 25.607117], [85.128935, 25.607062]]}, "properties": {"feature_type": "edge", "u": 671, "v": 676, "edge_key": 0, "length_m": 28.957, "is_bridged": false, "is_bridge": false, "edge_betweenness": 0.0, "width_m": 8.082}}, {"type": "Feature", "geometry": {"type": "LineString", "coordinates": [[85.13375, 25.60734], [85.133751, 25.60725], [85.133692, 25.607195]]}, "properties": {"feature_type": "edge", "u": 672, "v": 674, "edge_key": 0, "length_m": 18.485, "is_bridged": false, "is_bridge": false, "edge_betweenness": 0.0, "width_m": 9.854}}, {"type": "Feature", "geometry": {"type": "LineString", "coordinates": [[85.143249, 25.607263], [85.14315, 25.607225], [85.143111, 25.607189], [85.143111, 25.607153]]}, "properties": {"feature_type": "edge", "u": 673, "v": 679, "edge_key": 0, "length_m": 20.427, "is_bridged": false, "is_bridge": false, "edge_betweenness": 0.0, "width_m": 7.955}}, {"type": "Feature", "geometry": {"type": "LineString", "coordinates": [[85.143249, 25.607263], [85.143211, 25.607154], [85.143152, 25.607117]]}, "properties": {"feature_type": "edge", "u": 673, "v": 681, "edge_key": 0, "length_m": 20.306, "is_bridged": false, "is_bridge": false, "edge_betweenness": 0.0, "width_m": 8.378}}, {"type": "Feature", "geometry": {"type": "LineString", "coordinates": [[85.133692, 25.607195], [85.133584, 25.606436]]}, "properties": {"feature_type": "edge", "u": 674, "v": 713, "edge_key": 0, "length_m": 88.971, "is_bridged": false, "is_bridge": false, "edge_betweenness": 0.0, "width_m": 16.08}}, {"type": "Feature", "geometry": {"type": "LineString", "coordinates": [[85.128855, 25.607079], [85.128817, 25.606988]]}, "properties": {"feature_type": "edge", "u": 675, "v": 678, "edge_key": 0, "length_m": 11.301, "is_bridged": false, "is_bridge": false, "edge_betweenness": 0.0, "width_m": 8.567}}, {"type": "Feature", "geometry": {"type": "LineString", "coordinates": [[85.128855, 25.607079], [85.128935, 25.607062]]}, "properties": {"feature_type": "edge", "u": 675, "v": 676, "edge_key": 0, "length_m": 8.472, "is_bridged": false, "is_bridge": false, "edge_betweenness": 0.0, "width_m": 6.2}}, {"type": "Feature", "geometry": {"type": "LineString", "coordinates": [[85.128935, 25.607062], [85.128936, 25.60699], [85.128897, 25.606971]]}, "properties": {"feature_type": "edge", "u": 676, "v": 680, "edge_key": 0, "length_m": 12.472, "is_bridged": false, "is_bridge": false, "edge_betweenness": 0.0, "width_m": 7.252}}, {"type": "Feature", "geometry": {"type": "LineString", "coordinates": [[85.140044, 25.607204], [85.139931, 25.606769], [85.139932, 25.606697], [85.139873, 25.606642], [85.139754, 25.606641], [85.139734, 25.606658], [85.139315, 25.606725]]}, "properties": {"feature_type": "edge", "u": 677, "v": 702, "edge_key": 0, "length_m": 129.598, "is_bridged": false, "is_bridge": true, "edge_betweenness": 0.0, "width_m": 8.372}}, {"type": "Feature", "geometry": {"type": "LineString", "coordinates": [[85.128817, 25.606988], [85.128778, 25.606898]]}, "properties": {"feature_type": "edge", "u": 678, "v": 682, "edge_key": 0, "length_m": 11.301, "is_bridged": false, "is_bridge": false, "edge_betweenness": 0.0, "width_m": 8.567}}, {"type": "Feature", "geometry": {"type": "LineString", "coordinates": [[85.128817, 25.606988], [85.128897, 25.606971]]}, "properties": {"feature_type": "edge", "u": 678, "v": 680, "edge_key": 0, "length_m": 8.472, "is_bridged": false, "is_bridge": false, "edge_betweenness": 0.0, "width_m": 6.2}}, {"type": "Feature", "geometry": {"type": "LineString", "coordinates": [[85.143111, 25.607153], [85.143071, 25.607152], [85.143032, 25.607116], [85.143033, 25.607061]]}, "properties": {"feature_type": "edge", "u": 679, "v": 684, "edge_key": 0, "length_m": 15.657, "is_bridged": false, "is_bridge": false, "edge_betweenness": 0.0, "width_m": 7.629}}, {"type": "Feature", "geometry": {"type": "LineString", "coordinates": [[85.143111, 25.607153], [85.143152, 25.607117]]}, "properties": {"feature_type": "edge", "u": 679, "v": 681, "edge_key": 0, "length_m": 5.657, "is_bridged": false, "is_bridge": false, "edge_betweenness": 0.0, "width_m": 9.963}}, {"type": "Feature", "geometry": {"type": "LineString", "coordinates": [[85.128897, 25.606971], [85.128898, 25.606899], [85.128858, 25.606881]]}, "properties": {"feature_type": "edge", "u": 680, "v": 686, "edge_key": 0, "length_m": 12.472, "is_bridged": false, "is_bridge": false, "edge_betweenness": 0.0, "width_m": 7.252}}, {"type": "Feature", "geometry": {"type": "LineString", "coordinates": [[85.143152, 25.607117], [85.143093, 25.607044], [85.143033, 25.607061]]}, "properties": {"feature_type": "edge", "u": 681, "v": 684, "edge_key": 0, "length_m": 16.81, "is_bridged": false, "is_bridge": false, "edge_betweenness": 0.0, "width_m": 7.805}}, {"type": "Feature", "geometry": {"type": "LineString", "coordinates": [[85.128778, 25.606898], [85.12874, 25.606807]]}, "properties": {"feature_type": "edge", "u": 682, "v": 688, "edge_key": 0, "length_m": 11.301, "is_bridged": false, "is_bridge": false, "edge_betweenness": 0.0, "width_m": 8.567}}, {"type": "Feature", "geometry": {"type": "LineString", "coordinates": [[85.128778, 25.606898], [85.128858, 25.606881]]}, "properties": {"feature_type": "edge", "u": 682, "v": 686, "edge_key": 0, "length_m": 8.472, "is_bridged": false, "is_bridge": false, "edge_betweenness": 0.0, "width_m": 6.2}}, {"type": "Feature", "geometry": {"type": "LineString", "coordinates": [[85.1414, 25.607059], [85.141381, 25.60704], [85.141382, 25.606968]]}, "properties": {"feature_type": "edge", "u": 683, "v": 689, "edge_key": 0, "length_m": 10.828, "is_bridged": false, "is_bridge": false, "edge_betweenness": 0.0, "width_m": 8.378}}, {"type": "Feature", "geometry": {"type": "LineString", "coordinates": [[85.1414, 25.607059], [85.14152, 25.60706]]}, "properties": {"feature_type": "edge", "u": 683, "v": 685, "edge_key": 0, "length_m": 12.0, "is_bridged": false, "is_bridge": false, "edge_betweenness": 0.0, "width_m": 7.05}}, {"type": "Feature", "geometry": {"type": "LineString", "coordinates": [[85.143033, 25.607061], [85.142973, 25.607079], [85.142894, 25.607024]]}, "properties": {"feature_type": "edge", "u": 684, "v": 687, "edge_key": 0, "length_m": 16.454, "is_bridged": false, "is_bridge": false, "edge_betweenness": 0.0, "width_m": 7.896}}, {"type": "Feature", "geometry": {"type": "LineString", "coordinates": [[85.143033, 25.607061], [85.143034, 25.607007], [85.142955, 25.60697]]}, "properties": {"feature_type": "edge", "u": 684, "v": 692, "edge_key": 0, "length_m": 15.301, "is_bridged": false, "is_bridge": false, "edge_betweenness": 0.0, "width_m": 7.708}}, {"type": "Feature", "geometry": {"type": "LineString", "coordinates": [[85.14152, 25.60706], [85.141521, 25.60697], [85.141501, 25.606952]]}, "properties": {"feature_type": "edge", "u": 685, "v": 691, "edge_key": 0, "length_m": 12.828, "is_bridged": false, "is_bridge": false, "edge_betweenness": 0.0, "width_m": 14.883}}, {"type": "Feature", "geometry": {"type": "LineString", "coordinates": [[85.128858, 25.606881], [85.12886, 25.606808], [85.12882, 25.60679]]}, "properties": {"feature_type": "edge", "u": 686, "v": 690, "edge_key": 0, "length_m": 12.472, "is_bridged": false, "is_bridge": false, "edge_betweenness": 0.0, "width_m": 7.252}}, {"type": "Feature", "geometry": {"type": "LineString", "coordinates": [[85.142894, 25.607024], [85.142756, 25.606968], [85.142657, 25.606894], [85.142617, 25.606894], [85.142521, 25.606694]]}, "properties": {"feature_type": "edge", "u": 687, "v": 695, "edge_key": 0, "length_m": 57.812, "is_bridged": false, "is_bridge": false, "edge_betweenness": 0.0, "width_m": 9.249}}, {"type": "Feature", "geometry": {"type": "LineString", "coordinates": [[85.142894, 25.607024], [85.142955, 25.60697]]}, "properties": {"feature_type": "edge", "u": 687, "v": 692, "edge_key": 0, "length_m": 9.301, "is_bridged": false, "is_bridge": false, "edge_betweenness": 0.0, "width_m": 11.389}}, {"type": "Feature", "geometry": {"type": "LineString", "coordinates": [[85.12874, 25.606807], [85.128702, 25.606716]]}, "properties": {"feature_type": "edge", "u": 688, "v": 694, "edge_key": 0, "length_m": 11.657, "is_bridged": false, "is_bridge": false, "edge_betweenness": 0.0, "width_m": 8.755}}, {"type": "Feature", "geometry": {"type": "LineString", "coordinates": [[85.12874, 25.606807], [85.12882, 25.60679]]}, "properties": {"feature_type": "edge", "u": 688, "v": 690, "edge_key": 0, "length_m": 8.472, "is_bridged": false, "is_bridge": false, "edge_betweenness": 0.0, "width_m": 6.2}}, {"type": "Feature", "geometry": {"type": "LineString", "coordinates": [[85.141382, 25.606968], [85.141362, 25.60695], [85.141363, 25.60686]]}, "properties": {"feature_type": "edge", "u": 689, "v": 696, "edge_key": 0, "length_m": 12.828, "is_bridged": false, "is_bridge": false, "edge_betweenness": 0.0, "width_m": 8.315}}, {"type": "Feature", "geometry": {"type": "LineString", "coordinates": [[85.141382, 25.606968], [85.141501, 25.606952]]}, "properties": {"feature_type": "edge", "u": 689, "v": 691, "edge_key": 0, "length_m": 12.828, "is_bridged": false, "is_bridge": false, "edge_betweenness": 0.0, "width_m": 7.05}}, {"type": "Feature", "geometry": {"type": "LineString", "coordinates": [[85.12882, 25.60679], [85.128821, 25.606718], [85.128801, 25.606699]]}, "properties": {"feature_type": "edge", "u": 690, "v": 698, "edge_key": 0, "length_m": 10.828, "is_bridged": false, "is_bridge": false, "edge_betweenness": 0.0, "width_m": 7.909}}, {"type": "Feature", "geometry": {"type": "LineString", "coordinates": [[85.141501, 25.606952], [85.141503, 25.606861], [85.141483, 25.606843]]}, "properties": {"feature_type": "edge", "u": 691, "v": 699, "edge_key": 0, "length_m": 12.828, "is_bridged": false, "is_bridge": false, "edge_betweenness": 0.0, "width_m": 14.883}}, {"type": "Feature", "geometry": {"type": "LineString", "coordinates": [[85.142955, 25.60697], [85.142955, 25.606934], [85.142521, 25.606694]]}, "properties": {"feature_type": "edge", "u": 692, "v": 695, "edge_key": 0, "length_m": 55.108, "is_bridged": false, "is_bridge": false, "edge_betweenness": 0.0, "width_m": 11.414}}, {"type": "Feature", "geometry": {"type": "LineString", "coordinates": [[85.128702, 25.606716], [85.128644, 25.606589]]}, "properties": {"feature_type": "edge", "u": 694, "v": 701, "edge_key": 0, "length_m": 16.129, "is_bridged": false, "is_bridge": false, "edge_betweenness": 0.0, "width_m": 8.674}}, {"type": "Feature", "geometry": {"type": "LineString", "coordinates": [[85.128702, 25.606716], [85.128801, 25.606699]]}, "properties": {"feature_type": "edge", "u": 694, "v": 698, "edge_key": 0, "length_m": 10.828, "is_bridged": false, "is_bridge": false, "edge_betweenness": 0.0, "width_m": 6.472}}, {"type": "Feature", "geometry": {"type": "LineString", "coordinates": [[85.142521, 25.606694], [85.142857, 25.606879]]}, "properties": {"feature_type": "edge", "u": 695, "v": 966, "edge_key": 0, "length_m": 39.446, "is_bridged": false, "is_bridge": false, "edge_betweenness": 0.0, "width_m": 8.944}}, {"type": "Feature", "geometry": {"type": "LineString", "coordinates": [[85.142857, 25.606879], [85.142521, 25.606694]]}, "properties": {"feature_type": "edge", "u": 695, "v": 966, "edge_key": 1, "length_m": 39.446, "is_bridged": false, "is_bridge": false, "edge_betweenness": 0.0, "width_m": 8.944}}, {"type": "Feature", "geometry": {"type": "LineString", "coordinates": [[85.142521, 25.606694], [85.142648, 25.606813]]}, "properties": {"feature_type": "edge", "u": 695, "v": 967, "edge_key": 0, "length_m": 19.853, "is_bridged": false, "is_bridge": false, "edge_betweenness": 0.0, "width_m": 6.472}}, {"type": "Feature", "geometry": {"type": "LineString", "coordinates": [[85.142648, 25.606813], [85.142521, 25.606694]]}, "properties": {"feature_type": "edge", "u": 695, "v": 967, "edge_key": 1, "length_m": 19.853, "is_bridged": false, "is_bridge": false, "edge_betweenness": 0.0, "width_m": 6.472}}, {"type": "Feature", "geometry": {"type": "LineString", "coordinates": [[85.142521, 25.606694], [85.142561, 25.606676]]}, "properties": {"feature_type": "edge", "u": 695, "v": 968, "edge_key": 0, "length_m": 4.472, "is_bridged": false, "is_bridge": false, "edge_betweenness": 0.0, "width_m": 7.296}}, {"type": "Feature", "geometry": {"type": "LineString", "coordinates": [[85.142561, 25.606676], [85.142521, 25.606694]]}, "properties": {"feature_type": "edge", "u": 695, "v": 968, "edge_key": 1, "length_m": 4.472, "is_bridged": false, "is_bridge": false, "edge_betweenness": 0.0, "width_m": 7.296}}, {"type": "Feature", "geometry": {"type": "LineString", "coordinates": [[85.142521, 25.606694], [85.142621, 25.606659]]}, "properties": {"feature_type": "edge", "u": 695, "v": 969, "edge_key": 0, "length_m": 10.77, "is_bridged": false, "is_bridge": false, "edge_betweenness": 0.0, "width_m": 7.848}}, {"type": "Feature", "geometry": {"type": "LineString", "coordinates": [[85.142621, 25.606659], [85.142521, 25.606694]]}, "properties": {"feature_type": "edge", "u": 695, "v": 969, "edge_key": 1, "length_m": 10.77, "is_bridged": false, "is_bridge": false, "edge_betweenness": 0.0, "width_m": 7.848}}, {"type": "Feature", "geometry": {"type": "LineString", "coordinates": [[85.142521, 25.606694], [85.142363, 25.606584]]}, "properties": {"feature_type": "edge", "u": 695, "v": 970, "edge_key": 0, "length_m": 20.0, "is_bridged": false, "is_bridge": false, "edge_betweenness": 0.0, "width_m": 7.296}}, {"type": "Feature", "geometry": {"type": "LineString", "coordinates": [[85.142363, 25.606584], [85.142521, 25.606694]]}, "properties": {"feature_type": "edge", "u": 695, "v": 970, "edge_key": 1, "length_m": 20.0, "is_bridged": false, "is_bridge": false, "edge_betweenness": 0.0, "width_m": 7.296}}, {"type": "Feature", "geometry": {"type": "LineString", "coordinates": [[85.142521, 25.606694], [85.142503, 25.606585], [85.142438, 25.606548]]}, "properties": {"feature_type": "edge", "u": 695, "v": 971, "edge_key": 0, "length_m": 20.345, "is_bridged": false, "is_bridge": false, "edge_betweenness": 0.0, "width_m": 8.54}}, {"type": "Feature", "geometry": {"type": "LineString", "coordinates": [[85.142438, 25.606548], [85.142521, 25.606694]]}, "properties": {"feature_type": "edge", "u": 695, "v": 971, "edge_key": 1, "length_m": 20.345, "is_bridged": false, "is_bridge": false, "edge_betweenness": 0.0, "width_m": 8.54}}, {"type": "Feature", "geometry": {"type": "LineString", "coordinates": [[85.142521, 25.606694], [85.142284, 25.606546]]}, "properties": {"feature_type": "edge", "u": 695, "v": 972, "edge_key": 0, "length_m": 28.844, "is_bridged": false, "is_bridge": false, "edge_betweenness": 0.0, "width_m": 7.296}}, {"type": "Feature", "geometry": {"type": "LineString", "coordinates": [[85.142284, 25.606546], [85.142521, 25.606694]]}, "properties": {"feature_type": "edge", "u": 695, "v": 972, "edge_key": 1, "length_m": 28.844, "is_bridged": false, "is_bridge": false, "edge_betweenness": 0.0, "width_m": 7.296}}, {"type": "Feature", "geometry": {"type": "LineString", "coordinates": [[85.142521, 25.606694], [85.142225, 25.606528]]}, "properties": {"feature_type": "edge", "u": 695, "v": 973, "edge_key": 0, "length_m": 34.986, "is_bridged": false, "is_bridge": false, "edge_betweenness": 0.0, "width_m": 7.296}}, {"type": "Feature", "geometry": {"type": "LineString", "coordinates": [[85.142225, 25.606528], [85.142521, 25.606694]]}, "properties": {"feature_type": "edge", "u": 695, "v": 973, "edge_key": 1, "length_m": 34.986, "is_bridged": false, "is_bridge": false, "edge_betweenness": 0.0, "width_m": 7.296}}, {"type": "Feature", "geometry": {"type": "LineString", "coordinates": [[85.142521, 25.606694], [85.142285, 25.606492]]}, "properties": {"feature_type": "edge", "u": 695, "v": 974, "edge_key": 0, "length_m": 32.558, "is_bridged": false, "is_bridge": false, "edge_betweenness": 0.0, "width_m": 8.63}}, {"type": "Feature", "geometry": {"type": "LineString", "coordinates": [[85.142285, 25.606492], [85.142521, 25.606694]]}, "properties": {"feature_type": "edge", "u": 695, "v": 974, "edge_key": 1, "length_m": 32.558, "is_bridged": false, "is_bridge": false, "edge_betweenness": 0.0, "width_m": 8.63}}, {"type": "Feature", "geometry": {"type": "LineString", "coordinates": [[85.142521, 25.606694], [85.142997, 25.606826], [85.143, 25.606592], [85.142981, 25.606573], [85.142983, 25.606447], [85.143003, 25.606429], [85.143122, 25.606431], [85.143143, 25.606413], [85.143262, 25.606414], [85.143402, 25.60638], [85.14394, 25.606333], [85.14396, 25.606315], [85.1442, 25.6063], [85.14432, 25.606265]]}, "properties": {"feature_type": "edge", "u": 695, "v": 743, "edge_key": 0, "length_m": 235.941, "is_bridged": false, "is_bridge": true, "edge_betweenness": 0.0, "width_m": 8.275}}, {"type": "Feature", "geometry": {"type": "LineString", "coordinates": [[85.142521, 25.606694], [85.142085, 25.606562], [85.142005, 25.606561], [85.141986, 25.606525]]}, "properties": {"feature_type": "edge", "u": 695, "v": 716, "edge_key": 0, "length_m": 59.15, "is_bridged": false, "is_bridge": false, "edge_betweenness": 0.0, "width_m": 19.981}}, {"type": "Feature", "geometry": {"type": "LineString", "coordinates": [[85.142521, 25.606694], [85.142106, 25.60649], [85.142087, 25.606436]]}, "properties": {"feature_type": "edge", "u": 695, "v": 721, "edge_key": 0, "length_m": 53.885, "is_bridged": false, "is_bridge": false, "edge_betweenness": 0.0, "width_m": 5.65}}, {"type": "Feature", "geometry": {"type": "LineString", "coordinates": [[85.142521, 25.606694], [85.142147, 25.606436], [85.142087, 25.606436]]}, "properties": {"feature_type": "edge", "u": 695, "v": 721, "edge_key": 1, "length_m": 53.202, "is_bridged": false, "is_bridge": false, "edge_betweenness": 0.0, "width_m": 6.981}}, {"type": "Feature", "geometry": {"type": "LineString", "coordinates": [[85.141363, 25.60686], [85.141344, 25.606841], [85.141345, 25.606751]]}, "properties": {"feature_type": "edge", "u": 696, "v": 703, "edge_key": 0, "length_m": 12.828, "is_bridged": false, "is_bridge": false, "edge_betweenness": 0.0, "width_m": 8.315}}, {"type": "Feature", "geometry": {"type": "LineString", "coordinates": [[85.141363, 25.60686], [85.141483, 25.606843]]}, "properties": {"feature_type": "edge", "u": 696, "v": 699, "edge_key": 0, "length_m": 12.828, "is_bridged": false, "is_bridge": false, "edge_betweenness": 0.0, "width_m": 7.05}}, {"type": "Feature", "geometry": {"type": "LineString", "coordinates": [[85.144947, 25.606923], [85.144847, 25.606922], [85.144788, 25.606867], [85.144797, 25.606289]]}, "properties": {"feature_type": "edge", "u": 697, "v": 739, "edge_key": 0, "length_m": 82.485, "is_bridged": false, "is_bridge": true, "edge_betweenness": 0.0, "width_m": 8.13}}, {"type": "Feature", "geometry": {"type": "LineString", "coordinates": [[85.128801, 25.606699], [85.128803, 25.606627]]}, "properties": {"feature_type": "edge", "u": 698, "v": 700, "edge_key": 0, "length_m": 8.0, "is_bridged": false, "is_bridge": false, "edge_betweenness": 0.0, "width_m": 9.419}}, {"type": "Feature", "geometry": {"type": "LineString", "coordinates": [[85.141483, 25.606843], [85.141485, 25.606753], [85.141465, 25.606735]]}, "properties": {"feature_type": "edge", "u": 699, "v": 705, "edge_key": 0, "length_m": 12.828, "is_bridged": false, "is_bridge": false, "edge_betweenness": 0.0, "width_m": 14.883}}, {"type": "Feature", "geometry": {"type": "LineString", "coordinates": [[85.128803, 25.606627], [85.128724, 25.606572]]}, "properties": {"feature_type": "edge", "u": 700, "v": 704, "edge_key": 0, "length_m": 10.944, "is_bridged": false, "is_bridge": false, "edge_betweenness": 0.0, "width_m": 8.715}}, {"type": "Feature", "geometry": {"type": "LineString", "coordinates": [[85.128803, 25.606627], [85.129103, 25.606505], [85.129303, 25.606453], [85.129524, 25.606348], [85.129704, 25.606314], [85.129745, 25.606206], [85.129806, 25.606153], [85.130025, 25.606101], [85.130146, 25.606012], [85.130148, 25.605922], [85.129764, 25.605015], [85.129745, 25.604924], [85.129668, 25.604779], [85.129649, 25.604688], [85.129514, 25.604416]]}, "properties": {"feature_type": "edge", "u": 700, "v": 881, "edge_key": 0, "length_m": 370.307, "is_bridged": false, "is_bridge": false, "edge_betweenness": 0.0, "width_m": 8.616}}, {"type": "Feature", "geometry": {"type": "LineString", "coordinates": [[85.128644, 25.606589], [85.128605, 25.606498]]}, "properties": {"feature_type": "edge", "u": 701, "v": 706, "edge_key": 0, "length_m": 11.301, "is_bridged": false, "is_bridge": false, "edge_betweenness": 0.0, "width_m": 8.567}}, {"type": "Feature", "geometry": {"type": "LineString", "coordinates": [[85.128644, 25.606589], [85.128724, 25.606572]]}, "properties": {"feature_type": "edge", "u": 701, "v": 704, "edge_key": 0, "length_m": 8.472, "is_bridged": false, "is_bridge": false, "edge_betweenness": 0.0, "width_m": 6.2}}, {"type": "Feature", "geometry": {"type": "LineString", "coordinates": [[85.139315, 25.606725], [85.139237, 25.606598], [85.139142, 25.606308], [85.139144, 25.6062], [85.139124, 25.606181], [85.139126, 25.606073], [85.139088, 25.605928], [85.139094, 25.605513], [85.139115, 25.605459]]}, "properties": {"feature_type": "edge", "u": 702, "v": 816, "edge_key": 0, "length_m": 149.909, "is_bridged": false, "is_bridge": false, "edge_betweenness": 0.0, "width_m": 8.28}}, {"type": "Feature", "geometry": {"type": "LineString", "coordinates": [[85.141345, 25.606751], [85.141326, 25.606733], [85.141327, 25.606625], [85.141368, 25.606589], [85.141389, 25.606481]]}, "properties": {"feature_type": "edge", "u": 703, "v": 711, "edge_key": 0, "length_m": 32.651, "is_bridged": false, "is_bridge": false, "edge_betweenness": 0.0, "width_m": 10.291}}, {"type": "Feature", "geometry": {"type": "LineString", "coordinates": [[85.141345, 25.606751], [85.141465, 25.606735]]}, "properties": {"feature_type": "edge", "u": 703, "v": 705, "edge_key": 0, "length_m": 12.828, "is_bridged": false, "is_bridge": false, "edge_betweenness": 0.0, "width_m": 7.05}}, {"type": "Feature", "geometry": {"type": "LineString", "coordinates": [[85.128724, 25.606572], [85.128725, 25.6065], [85.128685, 25.606481]]}, "properties": {"feature_type": "edge", "u": 704, "v": 707, "edge_key": 0, "length_m": 12.472, "is_bridged": false, "is_bridge": false, "edge_betweenness": 0.0, "width_m": 7.44}}, {"type": "Feature", "geometry": {"type": "LineString", "coordinates": [[85.141465, 25.606735], [85.141467, 25.606626], [85.141427, 25.60659], [85.141389, 25.606481]]}, "properties": {"feature_type": "edge", "u": 705, "v": 711, "edge_key": 0, "length_m": 30.306, "is_bridged": false, "is_bridge": false, "edge_betweenness": 0.0, "width_m": 16.063}}, {"type": "Feature", "geometry": {"type": "LineString", "coordinates": [[85.128605, 25.606498], [85.128567, 25.606408]]}, "properties": {"feature_type": "edge", "u": 706, "v": 709, "edge_key": 0, "length_m": 11.301, "is_bridged": false, "is_bridge": false, "edge_betweenness": 0.0, "width_m": 8.567}}, {"type": "Feature", "geometry": {"type": "LineString", "coordinates": [[85.128605, 25.606498], [85.128685, 25.606481]]}, "properties": {"feature_type": "edge", "u": 706, "v": 707, "edge_key": 0, "length_m": 8.472, "is_bridged": false, "is_bridge": false, "edge_betweenness": 0.0, "width_m": 6.2}}, {"type": "Feature", "geometry": {"type": "LineString", "coordinates": [[85.128685, 25.606481], [85.128687, 25.606409], [85.128647, 25.60639]]}, "properties": {"feature_type": "edge", "u": 707, "v": 712, "edge_key": 0, "length_m": 12.472, "is_bridged": false, "is_bridge": false, "edge_betweenness": 0.0, "width_m": 7.252}}, {"type": "Feature", "geometry": {"type": "LineString", "coordinates": [[85.140252, 25.606629], [85.140272, 25.606647], [85.140611, 25.606579], [85.140692, 25.606508], [85.140776, 25.606238], [85.140938, 25.606024]]}, "properties": {"feature_type": "edge", "u": 708, "v": 756, "edge_key": 0, "length_m": 114.951, "is_bridged": false, "is_bridge": true, "edge_betweenness": 0.0, "width_m": 8.965}}, {"type": "Feature", "geometry": {"type": "LineString", "coordinates": [[85.128567, 25.606408], [85.128529, 25.606317]]}, "properties": {"feature_type": "edge", "u": 709, "v": 717, "edge_key": 0, "length_m": 11.301, "is_bridged": false, "is_bridge": false, "edge_betweenness": 0.0, "width_m": 8.567}}, {"type": "Feature", "geometry": {"type": "LineString", "coordinates": [[85.128567, 25.606408], [85.128647, 25.60639]]}, "properties": {"feature_type": "edge", "u": 709, "v": 712, "edge_key": 0, "length_m": 8.472, "is_bridged": false, "is_bridge": false, "edge_betweenness": 0.0, "width_m": 6.2}}, {"type": "Feature", "geometry": {"type": "LineString", "coordinates": [[85.137466, 25.606521], [85.137525, 25.60654], [85.138305, 25.606351]]}, "properties": {"feature_type": "edge", "u": 710, "v": 725, "edge_key": 0, "length_m": 93.941, "is_bridged": false, "is_bridge": true, "edge_betweenness": 0.0, "width_m": 8.406}}, {"type": "Feature", "geometry": {"type": "LineString", "coordinates": [[85.137466, 25.606521], [85.137467, 25.606467], [85.137409, 25.606358], [85.137353, 25.606104]]}, "properties": {"feature_type": "edge", "u": 710, "v": 736, "edge_key": 0, "length_m": 49.874, "is_bridged": false, "is_bridge": false, "edge_betweenness": 0.0, "width_m": 13.513}}, {"type": "Feature", "geometry": {"type": "LineString", "coordinates": [[85.141389, 25.606481], [85.141628, 25.606502], [85.141767, 25.60654]]}, "properties": {"feature_type": "edge", "u": 711, "v": 714, "edge_key": 0, "length_m": 39.399, "is_bridged": false, "is_bridge": false, "edge_betweenness": 0.0, "width_m": 9.371}}, {"type": "Feature", "geometry": {"type": "LineString", "coordinates": [[85.141389, 25.606481], [85.141369, 25.606499]]}, "properties": {"feature_type": "edge", "u": 711, "v": 975, "edge_key": 0, "length_m": 2.828, "is_bridged": false, "is_bridge": false, "edge_betweenness": 0.0, "width_m": 4.0}}, {"type": "Feature", "geometry": {"type": "LineString", "coordinates": [[85.141369, 25.606499], [85.141389, 25.606481]]}, "properties": {"feature_type": "edge", "u": 711, "v": 975, "edge_key": 1, "length_m": 2.828, "is_bridged": false, "is_bridge": false, "edge_betweenness": 0.0, "width_m": 4.0}}, {"type": "Feature", "geometry": {"type": "LineString", "coordinates": [[85.141389, 25.606481], [85.141391, 25.606391]]}, "properties": {"feature_type": "edge", "u": 711, "v": 976, "edge_key": 0, "length_m": 10.0, "is_bridged": false, "is_bridge": false, "edge_betweenness": 0.0, "width_m": 4.0}}, {"type": "Feature", "geometry": {"type": "LineString", "coordinates": [[85.141391, 25.606391], [85.141389, 25.606481]]}, "properties": {"feature_type": "edge", "u": 711, "v": 976, "edge_key": 1, "length_m": 10.0, "is_bridged": false, "is_bridge": false, "edge_betweenness": 0.0, "width_m": 4.0}}, {"type": "Feature", "geometry": {"type": "LineString", "coordinates": [[85.141389, 25.606481], [85.14131, 25.606426], [85.141292, 25.606353]]}, "properties": {"feature_type": "edge", "u": 711, "v": 727, "edge_key": 0, "length_m": 18.868, "is_bridged": false, "is_bridge": false, "edge_betweenness": 0.0, "width_m": 11.799}}, {"type": "Feature", "geometry": {"type": "LineString", "coordinates": [[85.141389, 25.606481], [85.14147, 25.60641], [85.141471, 25.606356]]}, "properties": {"feature_type": "edge", "u": 711, "v": 728, "edge_key": 0, "length_m": 17.314, "is_bridged": false, "is_bridge": false, "edge_betweenness": 0.0, "width_m": 13.028}}, {"type": "Feature", "geometry": {"type": "LineString", "coordinates": [[85.128647, 25.60639], [85.128648, 25.606318], [85.128609, 25.6063]]}, "properties": {"feature_type": "edge", "u": 712, "v": 719, "edge_key": 0, "length_m": 12.472, "is_bridged": false, "is_bridge": false, "edge_betweenness": 0.0, "width_m": 7.252}}, {"type": "Feature", "geometry": {"type": "LineString", "coordinates": [[85.133584, 25.606436], [85.133565, 25.606417], [85.133529, 25.606146]]}, "properties": {"feature_type": "edge", "u": 713, "v": 734, "edge_key": 0, "length_m": 33.981, "is_bridged": false, "is_bridge": false, "edge_betweenness": 0.0, "width_m": 16.425}}, {"type": "Feature", "geometry": {"type": "LineString", "coordinates": [[85.133584, 25.606436], [85.133924, 25.606386], [85.134024, 25.606351], [85.134103, 25.606352], [85.134204, 25.606317], [85.134283, 25.606318], [85.134463, 25.606266], [85.134742, 25.606234], [85.134763, 25.606216]]}, "properties": {"feature_type": "edge", "u": 713, "v": 732, "edge_key": 0, "length_m": 128.413, "is_bridged": false, "is_bridge": true, "edge_betweenness": 0.0, "width_m": 8.496}}, {"type": "Feature", "geometry": {"type": "LineString", "coordinates": [[85.141767, 25.60654], [85.141826, 25.606577], [85.141866, 25.606541]]}, "properties": {"feature_type": "edge", "u": 714, "v": 715, "edge_key": 0, "length_m": 12.868, "is_bridged": false, "is_bridge": false, "edge_betweenness": 0.0, "width_m": 5.333}}, {"type": "Feature", "geometry": {"type": "LineString", "coordinates": [[85.141767, 25.60654], [85.141848, 25.606451]]}, "properties": {"feature_type": "edge", "u": 714, "v": 720, "edge_key": 0, "length_m": 13.314, "is_bridged": false, "is_bridge": false, "edge_betweenness": 0.0, "width_m": 7.63}}, {"type": "Feature", "geometry": {"type": "LineString", "coordinates": [[85.141767, 25.60654], [85.141727, 25.606503], [85.141768, 25.60645], [85.141729, 25.606395]]}, "properties": {"feature_type": "edge", "u": 714, "v": 723, "edge_key": 0, "length_m": 20.525, "is_bridged": false, "is_bridge": false, "edge_betweenness": 0.0, "width_m": 6.162}}, {"type": "Feature", "geometry": {"type": "LineString", "coordinates": [[85.141866, 25.606541], [85.141986, 25.606525]]}, "properties": {"feature_type": "edge", "u": 715, "v": 716, "edge_key": 0, "length_m": 12.325, "is_bridged": false, "is_bridge": false, "edge_betweenness": 0.0, "width_m": 12.671}}, {"type": "Feature", "geometry": {"type": "LineString", "coordinates": [[85.141866, 25.606541], [85.141887, 25.606487], [85.141848, 25.606451]]}, "properties": {"feature_type": "edge", "u": 715, "v": 720, "edge_key": 0, "length_m": 11.981, "is_bridged": false, "is_bridge": false, "edge_betweenness": 0.0, "width_m": 9.714}}, {"type": "Feature", "geometry": {"type": "LineString", "coordinates": [[85.141986, 25.606525], [85.142007, 25.606471]]}, "properties": {"feature_type": "edge", "u": 716, "v": 718, "edge_key": 0, "length_m": 6.828, "is_bridged": false, "is_bridge": false, "edge_betweenness": 0.0, "width_m": 15.659}}, {"type": "Feature", "geometry": {"type": "LineString", "coordinates": [[85.128529, 25.606317], [85.12849, 25.606226]]}, "properties": {"feature_type": "edge", "u": 717, "v": 724, "edge_key": 0, "length_m": 11.301, "is_bridged": false, "is_bridge": false, "edge_betweenness": 0.0, "width_m": 8.567}}, {"type": "Feature", "geometry": {"type": "LineString", "coordinates": [[85.128529, 25.606317], [85.128609, 25.6063]]}, "properties": {"feature_type": "edge", "u": 717, "v": 719, "edge_key": 0, "length_m": 8.472, "is_bridged": false, "is_bridge": false, "edge_betweenness": 0.0, "width_m": 6.2}}, {"type": "Feature", "geometry": {"type": "LineString", "coordinates": [[85.142007, 25.606471], [85.142087, 25.606436]]}, "properties": {"feature_type": "edge", "u": 718, "v": 721, "edge_key": 0, "length_m": 8.944, "is_bridged": false, "is_bridge": false, "edge_betweenness": 0.0, "width_m": 5.648}}, {"type": "Feature", "geometry": {"type": "LineString", "coordinates": [[85.142007, 25.606471], [85.142027, 25.606417], [85.142087, 25.606436]]}, "properties": {"feature_type": "edge", "u": 718, "v": 721, "edge_key": 1, "length_m": 13.153, "is_bridged": false, "is_bridge": false, "edge_betweenness": 0.0, "width_m": 5.236}}, {"type": "Feature", "geometry": {"type": "LineString", "coordinates": [[85.128609, 25.6063], [85.12861, 25.606228], [85.12857, 25.606209]]}, "properties": {"feature_type": "edge", "u": 719, "v": 726, "edge_key": 0, "length_m": 12.472, "is_bridged": false, "is_bridge": false, "edge_betweenness": 0.0, "width_m": 7.252}}, {"type": "Feature", "geometry": {"type": "LineString", "coordinates": [[85.141848, 25.606451], [85.141729, 25.606395]]}, "properties": {"feature_type": "edge", "u": 720, "v": 723, "edge_key": 0, "length_m": 13.416, "is_bridged": false, "is_bridge": false, "edge_betweenness": 0.0, "width_m": 11.638}}, {"type": "Feature", "geometry": {"type": "LineString", "coordinates": [[85.141848, 25.606451], [85.141908, 25.606433], [85.141949, 25.606362]]}, "properties": {"feature_type": "edge", "u": 720, "v": 729, "edge_key": 0, "length_m": 15.981, "is_bridged": false, "is_bridge": false, "edge_betweenness": 0.0, "width_m": 12.759}}, {"type": "Feature", "geometry": {"type": "LineString", "coordinates": [[85.142087, 25.606436], [85.142008, 25.606362], [85.141949, 25.606362]]}, "properties": {"feature_type": "edge", "u": 721, "v": 729, "edge_key": 0, "length_m": 17.314, "is_bridged": false, "is_bridge": false, "edge_betweenness": 0.0, "width_m": 8.24}}, {"type": "Feature", "geometry": {"type": "LineString", "coordinates": [[85.13267, 25.606316], [85.13277, 25.606317], [85.133369, 25.606198], [85.133489, 25.6062], [85.133529, 25.606146]]}, "properties": {"feature_type": "edge", "u": 722, "v": 734, "edge_key": 0, "length_m": 95.01, "is_bridged": false, "is_bridge": false, "edge_betweenness": 0.0, "width_m": 8.713}}, {"type": "Feature", "geometry": {"type": "LineString", "coordinates": [[85.13267, 25.606316], [85.132672, 25.606225], [85.132556, 25.605989], [85.132517, 25.605953]]}, "properties": {"feature_type": "edge", "u": 722, "v": 755, "edge_key": 0, "length_m": 46.627, "is_bridged": false, "is_bridge": false, "edge_betweenness": 0.0, "width_m": 8.932}}, {"type": "Feature", "geometry": {"type": "LineString", "coordinates": [[85.141729, 25.606395], [85.141669, 25.606412], [85.14157, 25.606357], [85.141471, 25.606356]]}, "properties": {"feature_type": "edge", "u": 723, "v": 728, "edge_key": 0, "length_m": 28.81, "is_bridged": false, "is_bridge": false, "edge_betweenness": 0.0, "width_m": 9.311}}, {"type": "Feature", "geometry": {"type": "LineString", "coordinates": [[85.141729, 25.606395], [85.14173, 25.606323], [85.141671, 25.606268], [85.141594, 25.606122], [85.141578, 25.605851]]}, "properties": {"feature_type": "edge", "u": 723, "v": 784, "edge_key": 0, "length_m": 66.627, "is_bridged": false, "is_bridge": false, "edge_betweenness": 0.0, "width_m": 8.185}}, {"type": "Feature", "geometry": {"type": "LineString", "coordinates": [[85.12849, 25.606226], [85.128452, 25.606135]]}, "properties": {"feature_type": "edge", "u": 724, "v": 730, "edge_key": 0, "length_m": 11.301, "is_bridged": false, "is_bridge": false, "edge_betweenness": 0.0, "width_m": 8.567}}, {"type": "Feature", "geometry": {"type": "LineString", "coordinates": [[85.12849, 25.606226], [85.12857, 25.606209]]}, "properties": {"feature_type": "edge", "u": 724, "v": 726, "edge_key": 0, "length_m": 8.472, "is_bridged": false, "is_bridge": false, "edge_betweenness": 0.0, "width_m": 6.2}}, {"type": "Feature", "geometry": {"type": "LineString", "coordinates": [[85.12857, 25.606209], [85.128571, 25.606137], [85.128532, 25.606118]]}, "properties": {"feature_type": "edge", "u": 726, "v": 733, "edge_key": 0, "length_m": 12.472, "is_bridged": false, "is_bridge": false, "edge_betweenness": 0.0, "width_m": 7.252}}, {"type": "Feature", "geometry": {"type": "LineString", "coordinates": [[85.141292, 25.606353], [85.141232, 25.606352], [85.140977, 25.606115], [85.140938, 25.606024]]}, "properties": {"feature_type": "edge", "u": 727, "v": 756, "edge_key": 0, "length_m": 53.923, "is_bridged": false, "is_bridge": false, "edge_betweenness": 0.0, "width_m": 16.169}}, {"type": "Feature", "geometry": {"type": "LineString", "coordinates": [[85.141292, 25.606353], [85.141353, 25.606264]]}, "properties": {"feature_type": "edge", "u": 727, "v": 737, "edge_key": 0, "length_m": 12.485, "is_bridged": false, "is_bridge": false, "edge_betweenness": 0.0, "width_m": 10.151}}, {"type": "Feature", "geometry": {"type": "LineString", "coordinates": [[85.141471, 25.606356], [85.141432, 25.606265]]}, "properties": {"feature_type": "edge", "u": 728, "v": 735, "edge_key": 0, "length_m": 11.657, "is_bridged": false, "is_bridge": false, "edge_betweenness": 0.0, "width_m": 12.287}}, {"type": "Feature", "geometry": {"type": "LineString", "coordinates": [[85.141949, 25.606362], [85.141951, 25.606217], [85.141992, 25.606109]]}, "properties": {"feature_type": "edge", "u": 729, "v": 751, "edge_key": 0, "length_m": 29.657, "is_bridged": false, "is_bridge": true, "edge_betweenness": 0.0, "width_m": 8.608}}, {"type": "Feature", "geometry": {"type": "LineString", "coordinates": [[85.128452, 25.606135], [85.128413, 25.606044]]}, "properties": {"feature_type": "edge", "u": 730, "v": 741, "edge_key": 0, "length_m": 11.657, "is_bridged": false, "is_bridge": false, "edge_betweenness": 0.0, "width_m": 8.755}}, {"type": "Feature", "geometry": {"type": "LineString", "coordinates": [[85.128452, 25.606135], [85.128532, 25.606118]]}, "properties": {"feature_type": "edge", "u": 730, "v": 733, "edge_key": 0, "length_m": 8.472, "is_bridged": false, "is_bridge": false, "edge_betweenness": 0.0, "width_m": 6.2}}, {"type": "Feature", "geometry": {"type": "LineString", "coordinates": [[85.130781, 25.606183], [85.130748, 25.605749]]}, "properties": {"feature_type": "edge", "u": 731, "v": 774, "edge_key": 0, "length_m": 49.657, "is_bridged": false, "is_bridge": true, "edge_betweenness": 0.0, "width_m": 8.462}}, {"type": "Feature", "geometry": {"type": "LineString", "coordinates": [[85.128532, 25.606118], [85.128533, 25.606046], [85.128493, 25.606027]]}, "properties": {"feature_type": "edge", "u": 733, "v": 744, "edge_key": 0, "length_m": 12.472, "is_bridged": false, "is_bridge": false, "edge_betweenness": 0.0, "width_m": 7.252}}, {"type": "Feature", "geometry": {"type": "LineString", "coordinates": [[85.133529, 25.606146], [85.13347, 25.606091], [85.133452, 25.605983]]}, "properties": {"feature_type": "edge", "u": 734, "v": 750, "edge_key": 0, "length_m": 21.314, "is_bridged": false, "is_bridge": false, "edge_betweenness": 0.0, "width_m": 10.236}}, {"type": "Feature", "geometry": {"type": "LineString", "coordinates": [[85.133529, 25.606146], [85.133589, 25.606111], [85.133669, 25.606112], [85.133689, 25.606094], [85.133769, 25.606095], [85.133789, 25.606077], [85.133869, 25.606078], [85.133889, 25.60606], [85.133969, 25.606061], [85.133989, 25.606044], [85.134068, 25.606045], [85.134089, 25.606027], [85.134168, 25.606028], [85.134188, 25.60601], [85.134268, 25.606011], [85.134787, 25.605909]]}, "properties": {"feature_type": "edge", "u": 734, "v": 761, "edge_key": 0, "length_m": 137.152, "is_bridged": false, "is_bridge": true, "edge_betweenness": 0.0, "width_m": 8.475}}, {"type": "Feature", "geometry": {"type": "LineString", "coordinates": [[85.133529, 25.606146], [85.13355, 25.606074], [85.133551, 25.606002], [85.133532, 25.605984]]}, "properties": {"feature_type": "edge", "u": 734, "v": 753, "edge_key": 0, "length_m": 19.075, "is_bridged": false, "is_bridge": false, "edge_betweenness": 0.0, "width_m": 10.119}}, {"type": "Feature", "geometry": {"type": "LineString", "coordinates": [[85.141432, 25.606265], [85.141353, 25.606264]]}, "properties": {"feature_type": "edge", "u": 735, "v": 737, "edge_key": 0, "length_m": 8.0, "is_bridged": false, "is_bridge": false, "edge_betweenness": 0.0, "width_m": 12.0}}, {"type": "Feature", "geometry": {"type": "LineString", "coordinates": [[85.141432, 25.606265], [85.141435, 25.60612]]}, "properties": {"feature_type": "edge", "u": 735, "v": 746, "edge_key": 0, "length_m": 16.0, "is_bridged": false, "is_bridge": false, "edge_betweenness": 0.0, "width_m": 8.372}}, {"type": "Feature", "geometry": {"type": "LineString", "coordinates": [[85.137353, 25.606104], [85.137373, 25.606105]]}, "properties": {"feature_type": "edge", "u": 736, "v": 977, "edge_key": 0, "length_m": 2.0, "is_bridged": false, "is_bridge": false, "edge_betweenness": 0.0, "width_m": 1.333}}, {"type": "Feature", "geometry": {"type": "LineString", "coordinates": [[85.137373, 25.606105], [85.137353, 25.606104]]}, "properties": {"feature_type": "edge", "u": 736, "v": 977, "edge_key": 1, "length_m": 2.0, "is_bridged": false, "is_bridge": false, "edge_betweenness": 0.0, "width_m": 1.333}}, {"type": "Feature", "geometry": {"type": "LineString", "coordinates": [[85.137353, 25.606104], [85.137256, 25.605941], [85.137256, 25.605905]]}, "properties": {"feature_type": "edge", "u": 736, "v": 767, "edge_key": 0, "length_m": 25.073, "is_bridged": false, "is_bridge": false, "edge_betweenness": 0.0, "width_m": 7.139}}, {"type": "Feature", "geometry": {"type": "LineString", "coordinates": [[85.137353, 25.606104], [85.137356, 25.605924], [85.137336, 25.605906]]}, "properties": {"feature_type": "edge", "u": 736, "v": 771, "edge_key": 0, "length_m": 22.828, "is_bridged": false, "is_bridge": false, "edge_betweenness": 0.0, "width_m": 7.139}}, {"type": "Feature", "geometry": {"type": "LineString", "coordinates": [[85.141353, 25.606264], [85.141334, 25.606173]]}, "properties": {"feature_type": "edge", "u": 737, "v": 745, "edge_key": 0, "length_m": 10.472, "is_bridged": false, "is_bridge": false, "edge_betweenness": 0.0, "width_m": 11.657}}, {"type": "Feature", "geometry": {"type": "LineString", "coordinates": [[85.142945, 25.606284], [85.142528, 25.606206], [85.142509, 25.606188], [85.142429, 25.606187], [85.14241, 25.606169], [85.14233, 25.606168], [85.142132, 25.606111], [85.141992, 25.606109]]}, "properties": {"feature_type": "edge", "u": 738, "v": 751, "edge_key": 0, "length_m": 103.456, "is_bridged": false, "is_bridge": true, "edge_betweenness": 0.0, "width_m": 8.305}}, {"type": "Feature", "geometry": {"type": "LineString", "coordinates": [[85.144797, 25.606289], [85.144339, 25.606284], [85.14432, 25.606265]]}, "properties": {"feature_type": "edge", "u": 739, "v": 743, "edge_key": 0, "length_m": 48.828, "is_bridged": false, "is_bridge": true, "edge_betweenness": 0.0, "width_m": 8.276}}, {"type": "Feature", "geometry": {"type": "LineString", "coordinates": [[85.144797, 25.606289], [85.144956, 25.606291]]}, "properties": {"feature_type": "edge", "u": 739, "v": 740, "edge_key": 0, "length_m": 16.0, "is_bridged": false, "is_bridge": true, "edge_betweenness": 0.0, "width_m": 8.532}}, {"type": "Feature", "geometry": {"type": "LineString", "coordinates": [[85.128413, 25.606044], [85.128356, 25.605917]]}, "properties": {"feature_type": "edge", "u": 741, "v": 749, "edge_key": 0, "length_m": 16.129, "is_bridged": false, "is_bridge": false, "edge_betweenness": 0.0, "width_m": 8.674}}, {"type": "Feature", "geometry": {"type": "LineString", "coordinates": [[85.128413, 25.606044], [85.128493, 25.606027]]}, "properties": {"feature_type": "edge", "u": 741, "v": 744, "edge_key": 0, "length_m": 8.472, "is_bridged": false, "is_bridge": false, "edge_betweenness": 0.0, "width_m": 6.2}}, {"type": "Feature", "geometry": {"type": "LineString", "coordinates": [[85.139721, 25.606207], [85.139702, 25.606171], [85.139709, 25.605701], [85.13981, 25.605612]]}, "properties": {"feature_type": "edge", "u": 742, "v": 806, "edge_key": 0, "length_m": 70.971, "is_bridged": false, "is_bridge": true, "edge_betweenness": 0.0, "width_m": 9.803}}, {"type": "Feature", "geometry": {"type": "LineString", "coordinates": [[85.14432, 25.606265], [85.144342, 25.606121], [85.144423, 25.606032], [85.144741, 25.606036]]}, "properties": {"feature_type": "edge", "u": 743, "v": 763, "edge_key": 0, "length_m": 62.142, "is_bridged": false, "is_bridge": true, "edge_betweenness": 0.0, "width_m": 8.505}}, {"type": "Feature", "geometry": {"type": "LineString", "coordinates": [[85.128493, 25.606027], [85.128494, 25.605955], [85.128436, 25.6059]]}, "properties": {"feature_type": "edge", "u": 744, "v": 754, "edge_key": 0, "length_m": 17.301, "is_bridged": false, "is_bridge": false, "edge_betweenness": 0.0, "width_m": 7.735}}, {"type": "Feature", "geometry": {"type": "LineString", "coordinates": [[85.141334, 25.606173], [85.141215, 25.606154], [85.141156, 25.606099], [85.141118, 25.605972]]}, "properties": {"feature_type": "edge", "u": 745, "v": 759, "edge_key": 0, "length_m": 36.467, "is_bridged": false, "is_bridge": false, "edge_betweenness": 0.0, "width_m": 9.518}}, {"type": "Feature", "geometry": {"type": "LineString", "coordinates": [[85.141334, 25.606173], [85.141355, 25.606101]]}, "properties": {"feature_type": "edge", "u": 745, "v": 747, "edge_key": 0, "length_m": 8.472, "is_bridged": false, "is_bridge": false, "edge_betweenness": 0.0, "width_m": 9.419}}, {"type": "Feature", "geometry": {"type": "LineString", "coordinates": [[85.141435, 25.60612], [85.141355, 25.606101]]}, "properties": {"feature_type": "edge", "u": 746, "v": 747, "edge_key": 0, "length_m": 8.472, "is_bridged": false, "is_bridge": false, "edge_betweenness": 0.0, "width_m": 6.2}}, {"type": "Feature", "geometry": {"type": "LineString", "coordinates": [[85.141435, 25.60612], [85.141455, 25.606103], [85.141456, 25.605994], [85.141418, 25.605885], [85.141359, 25.605831]]}, "properties": {"feature_type": "edge", "u": 746, "v": 777, "edge_key": 0, "length_m": 35.963, "is_bridged": false, "is_bridge": false, "edge_betweenness": 0.0, "width_m": 6.994}}, {"type": "Feature", "geometry": {"type": "LineString", "coordinates": [[85.141355, 25.606101], [85.141359, 25.605831]]}, "properties": {"feature_type": "edge", "u": 747, "v": 777, "edge_key": 0, "length_m": 30.0, "is_bridged": false, "is_bridge": false, "edge_betweenness": 0.0, "width_m": 9.915}}, {"type": "Feature", "geometry": {"type": "LineString", "coordinates": [[85.143445, 25.606146], [85.143426, 25.60611], [85.143467, 25.60602]]}, "properties": {"feature_type": "edge", "u": 748, "v": 762, "edge_key": 0, "length_m": 16.485, "is_bridged": false, "is_bridge": true, "edge_betweenness": 0.0, "width_m": 8.118}}, {"type": "Feature", "geometry": {"type": "LineString", "coordinates": [[85.128356, 25.605917], [85.128317, 25.605827]]}, "properties": {"feature_type": "edge", "u": 749, "v": 758, "edge_key": 0, "length_m": 11.301, "is_bridged": false, "is_bridge": false, "edge_betweenness": 0.0, "width_m": 8.567}}, {"type": "Feature", "geometry": {"type": "LineString", "coordinates": [[85.128356, 25.605917], [85.128436, 25.6059]]}, "properties": {"feature_type": "edge", "u": 749, "v": 754, "edge_key": 0, "length_m": 8.472, "is_bridged": false, "is_bridge": false, "edge_betweenness": 0.0, "width_m": 6.2}}, {"type": "Feature", "geometry": {"type": "LineString", "coordinates": [[85.133452, 25.605983], [85.133532, 25.605984]]}, "properties": {"feature_type": "edge", "u": 750, "v": 753, "edge_key": 0, "length_m": 8.0, "is_bridged": false, "is_bridge": false, "edge_betweenness": 0.0, "width_m": 7.296}}, {"type": "Feature", "geometry": {"type": "LineString", "coordinates": [[85.133452, 25.605983], [85.133434, 25.605874]]}, "properties": {"feature_type": "edge", "u": 750, "v": 760, "edge_key": 0, "length_m": 12.472, "is_bridged": false, "is_bridge": false, "edge_betweenness": 0.0, "width_m": 8.378}}, {"type": "Feature", "geometry": {"type": "LineString", "coordinates": [[85.141992, 25.606109], [85.142057, 25.605785], [85.142097, 25.60575], [85.142197, 25.605733], [85.142258, 25.605679], [85.14232, 25.605554], [85.14236, 25.605518]]}, "properties": {"feature_type": "edge", "u": 751, "v": 817, "edge_key": 0, "length_m": 85.598, "is_bridged": false, "is_bridge": true, "edge_betweenness": 0.0, "width_m": 8.574}}, {"type": "Feature", "geometry": {"type": "LineString", "coordinates": [[85.126843, 25.60588], [85.126664, 25.605878], [85.126605, 25.605841], [85.126373, 25.60535], [85.126374, 25.605314], [85.126296, 25.605187], [85.126163, 25.604824]]}, "properties": {"feature_type": "edge", "u": 752, "v": 856, "edge_key": 0, "length_m": 156.354, "is_bridged": false, "is_bridge": true, "edge_betweenness": 0.0, "width_m": 8.704}}, {"type": "Feature", "geometry": {"type": "LineString", "coordinates": [[85.126843, 25.60588], [85.126904, 25.60579], [85.127004, 25.605756], [85.127584, 25.605601], [85.127963, 25.605533], [85.128023, 25.605516], [85.128044, 25.60548]]}, "properties": {"feature_type": "edge", "u": 752, "v": 799, "edge_key": 0, "length_m": 141.856, "is_bridged": false, "is_bridge": false, "edge_betweenness": 0.0, "width_m": 8.533}}, {"type": "Feature", "geometry": {"type": "LineString", "coordinates": [[85.133532, 25.605984], [85.133533, 25.605893], [85.133513, 25.605875]]}, "properties": {"feature_type": "edge", "u": 753, "v": 766, "edge_key": 0, "length_m": 12.828, "is_bridged": false, "is_bridge": false, "edge_betweenness": 0.0, "width_m": 8.472}}, {"type": "Feature", "geometry": {"type": "LineString", "coordinates": [[85.128436, 25.6059], [85.128437, 25.605828], [85.128397, 25.60581]]}, "properties": {"feature_type": "edge", "u": 754, "v": 765, "edge_key": 0, "length_m": 12.472, "is_bridged": false, "is_bridge": false, "edge_betweenness": 0.0, "width_m": 7.44}}, {"type": "Feature", "geometry": {"type": "LineString", "coordinates": [[85.132517, 25.605953], [85.131658, 25.606122], [85.131599, 25.606067], [85.131542, 25.605868], [85.131464, 25.605777], [85.131348, 25.60554]]}, "properties": {"feature_type": "edge", "u": 755, "v": 800, "edge_key": 0, "length_m": 171.183, "is_bridged": false, "is_bridge": false, "edge_betweenness": 0.0, "width_m": 8.569}}, {"type": "Feature", "geometry": {"type": "LineString", "coordinates": [[85.132517, 25.605953], [85.132498, 25.605844], [85.132421, 25.605699], [85.132265, 25.605462], [85.132207, 25.605407]]}, "properties": {"feature_type": "edge", "u": 755, "v": 813, "edge_key": 0, "length_m": 73.255, "is_bridged": false, "is_bridge": false, "edge_betweenness": 0.0, "width_m": 9.017}}, {"type": "Feature", "geometry": {"type": "LineString", "coordinates": [[85.140938, 25.606024], [85.14084, 25.605968]]}, "properties": {"feature_type": "edge", "u": 756, "v": 768, "edge_key": 0, "length_m": 12.485, "is_bridged": false, "is_bridge": false, "edge_betweenness": 0.0, "width_m": 19.686}}, {"type": "Feature", "geometry": {"type": "LineString", "coordinates": [[85.140938, 25.606024], [85.140999, 25.605988], [85.141118, 25.605972]]}, "properties": {"feature_type": "edge", "u": 756, "v": 759, "edge_key": 0, "length_m": 19.683, "is_bridged": false, "is_bridge": false, "edge_betweenness": 0.0, "width_m": 17.272}}, {"type": "Feature", "geometry": {"type": "LineString", "coordinates": [[85.140938, 25.606024], [85.14096, 25.60588]]}, "properties": {"feature_type": "edge", "u": 756, "v": 776, "edge_key": 0, "length_m": 16.246, "is_bridged": false, "is_bridge": false, "edge_betweenness": 0.0, "width_m": 15.646}}, {"type": "Feature", "geometry": {"type": "LineString", "coordinates": [[85.143725, 25.606059], [85.143586, 25.606057], [85.143467, 25.60602]]}, "properties": {"feature_type": "edge", "u": 757, "v": 762, "edge_key": 0, "length_m": 27.657, "is_bridged": false, "is_bridge": true, "edge_betweenness": 0.0, "width_m": 8.321}}, {"type": "Feature", "geometry": {"type": "LineString", "coordinates": [[85.128317, 25.605827], [85.128279, 25.605736]]}, "properties": {"feature_type": "edge", "u": 758, "v": 773, "edge_key": 0, "length_m": 11.301, "is_bridged": false, "is_bridge": false, "edge_betweenness": 0.0, "width_m": 8.567}}, {"type": "Feature", "geometry": {"type": "LineString", "coordinates": [[85.128317, 25.605827], [85.128397, 25.60581]]}, "properties": {"feature_type": "edge", "u": 758, "v": 765, "edge_key": 0, "length_m": 8.472, "is_bridged": false, "is_bridge": false, "edge_betweenness": 0.0, "width_m": 6.2}}, {"type": "Feature", "geometry": {"type": "LineString", "coordinates": [[85.141118, 25.605972], [85.141179, 25.605937]]}, "properties": {"feature_type": "edge", "u": 759, "v": 772, "edge_key": 0, "length_m": 7.301, "is_bridged": false, "is_bridge": false, "edge_betweenness": 0.0, "width_m": 15.047}}, {"type": "Feature", "geometry": {"type": "LineString", "coordinates": [[85.141118, 25.605972], [85.14112, 25.605864]]}, "properties": {"feature_type": "edge", "u": 759, "v": 781, "edge_key": 0, "length_m": 12.0, "is_bridged": false, "is_bridge": false, "edge_betweenness": 0.0, "width_m": 7.952}}, {"type": "Feature", "geometry": {"type": "LineString", "coordinates": [[85.133434, 25.605874], [85.133513, 25.605875]]}, "properties": {"feature_type": "edge", "u": 760, "v": 766, "edge_key": 0, "length_m": 8.0, "is_bridged": false, "is_bridge": false, "edge_betweenness": 0.0, "width_m": 7.296}}, {"type": "Feature", "geometry": {"type": "LineString", "coordinates": [[85.133434, 25.605874], [85.133415, 25.605838], [85.133436, 25.605766]]}, "properties": {"feature_type": "edge", "u": 760, "v": 782, "edge_key": 0, "length_m": 13.301, "is_bridged": false, "is_bridge": false, "edge_betweenness": 0.0, "width_m": 10.949}}, {"type": "Feature", "geometry": {"type": "LineString", "coordinates": [[85.143467, 25.60602], [85.143469, 25.60593], [85.14351, 25.60584], [85.143512, 25.605713]]}, "properties": {"feature_type": "edge", "u": 762, "v": 798, "edge_key": 0, "length_m": 35.657, "is_bridged": false, "is_bridge": true, "edge_betweenness": 0.0, "width_m": 8.847}}, {"type": "Feature", "geometry": {"type": "LineString", "coordinates": [[85.144741, 25.606036], [85.144781, 25.606055], [85.14494, 25.606057], [85.14498, 25.606039]]}, "properties": {"feature_type": "edge", "u": 763, "v": 764, "edge_key": 0, "length_m": 25.301, "is_bridged": false, "is_bridge": true, "edge_betweenness": 0.0, "width_m": 7.883}}, {"type": "Feature", "geometry": {"type": "LineString", "coordinates": [[85.144741, 25.606036], [85.144708, 25.605638], [85.144688, 25.60562], [85.144652, 25.605385], [85.144612, 25.605366]]}, "properties": {"feature_type": "edge", "u": 763, "v": 838, "edge_key": 0, "length_m": 80.971, "is_bridged": false, "is_bridge": true, "edge_betweenness": 0.0, "width_m": 8.143}}, {"type": "Feature", "geometry": {"type": "LineString", "coordinates": [[85.128397, 25.60581], [85.128398, 25.605737], [85.128359, 25.605719]]}, "properties": {"feature_type": "edge", "u": 765, "v": 778, "edge_key": 0, "length_m": 12.472, "is_bridged": false, "is_bridge": false, "edge_betweenness": 0.0, "width_m": 7.252}}, {"type": "Feature", "geometry": {"type": "LineString", "coordinates": [[85.133513, 25.605875], [85.133514, 25.605821], [85.133436, 25.605766]]}, "properties": {"feature_type": "edge", "u": 766, "v": 782, "edge_key": 0, "length_m": 16.129, "is_bridged": false, "is_bridge": false, "edge_betweenness": 0.0, "width_m": 10.554}}, {"type": "Feature", "geometry": {"type": "LineString", "coordinates": [[85.137256, 25.605905], [85.137336, 25.605906]]}, "properties": {"feature_type": "edge", "u": 767, "v": 771, "edge_key": 0, "length_m": 8.0, "is_bridged": false, "is_bridge": false, "edge_betweenness": 0.0, "width_m": 7.296}}, {"type": "Feature", "geometry": {"type": "LineString", "coordinates": [[85.137256, 25.605905], [85.137238, 25.605832]]}, "properties": {"feature_type": "edge", "u": 767, "v": 775, "edge_key": 0, "length_m": 8.472, "is_bridged": false, "is_bridge": false, "edge_betweenness": 0.0, "width_m": 8.63}}, {"type": "Feature", "geometry": {"type": "LineString", "coordinates": [[85.14084, 25.605968], [85.140542, 25.605892], [85.140444, 25.605801]]}, "properties": {"feature_type": "edge", "u": 768, "v": 789, "edge_key": 0, "length_m": 48.627, "is_bridged": false, "is_bridge": false, "edge_betweenness": 0.0, "width_m": 18.877}}, {"type": "Feature", "geometry": {"type": "LineString", "coordinates": [[85.14084, 25.605968], [85.140861, 25.60586]]}, "properties": {"feature_type": "edge", "u": 768, "v": 780, "edge_key": 0, "length_m": 12.472, "is_bridged": false, "is_bridge": false, "edge_betweenness": 0.0, "width_m": 8.15}}, {"type": "Feature", "geometry": {"type": "LineString", "coordinates": [[85.129174, 25.605801], [85.129136, 25.605657], [85.129059, 25.605511], [85.12904, 25.605421], [85.129001, 25.605366], [85.128983, 25.605275], [85.128829, 25.604912], [85.128771, 25.604821], [85.128752, 25.604731]]}, "properties": {"feature_type": "edge", "u": 770, "v": 864, "edge_key": 0, "length_m": 136.225, "is_bridged": false, "is_bridge": true, "edge_betweenness": 0.0, "width_m": 8.576}}, {"type": "Feature", "geometry": {"type": "LineString", "coordinates": [[85.137336, 25.605906], [85.137317, 25.605833]]}, "properties": {"feature_type": "edge", "u": 771, "v": 779, "edge_key": 0, "length_m": 8.828, "is_bridged": false, "is_bridge": false, "edge_betweenness": 0.0, "width_m": 8.708}}, {"type": "Feature", "geometry": {"type": "LineString", "coordinates": [[85.141179, 25.605937], [85.141278, 25.605938], [85.141359, 25.605831]]}, "properties": {"feature_type": "edge", "u": 772, "v": 777, "edge_key": 0, "length_m": 24.601, "is_bridged": false, "is_bridge": false, "edge_betweenness": 0.0, "width_m": 15.187}}, {"type": "Feature", "geometry": {"type": "LineString", "coordinates": [[85.141179, 25.605937], [85.14118, 25.605846]]}, "properties": {"feature_type": "edge", "u": 772, "v": 783, "edge_key": 0, "length_m": 10.0, "is_bridged": false, "is_bridge": false, "edge_betweenness": 0.0, "width_m": 6.991}}, {"type": "Feature", "geometry": {"type": "LineString", "coordinates": [[85.128279, 25.605736], [85.12824, 25.605645]]}, "properties": {"feature_type": "edge", "u": 773, "v": 786, "edge_key": 0, "length_m": 11.301, "is_bridged": false, "is_bridge": false, "edge_betweenness": 0.0, "width_m": 8.567}}, {"type": "Feature", "geometry": {"type": "LineString", "coordinates": [[85.128279, 25.605736], [85.128359, 25.605719]]}, "properties": {"feature_type": "edge", "u": 773, "v": 778, "edge_key": 0, "length_m": 8.472, "is_bridged": false, "is_bridge": false, "edge_betweenness": 0.0, "width_m": 6.2}}, {"type": "Feature", "geometry": {"type": "LineString", "coordinates": [[85.130748, 25.605749], [85.130807, 25.60575], [85.130988, 25.605662], [85.131107, 25.605664], [85.131208, 25.605575], [85.131348, 25.60554]]}, "properties": {"feature_type": "edge", "u": 774, "v": 800, "edge_key": 0, "length_m": 69.585, "is_bridged": false, "is_bridge": false, "edge_betweenness": 0.0, "width_m": 9.048}}, {"type": "Feature", "geometry": {"type": "LineString", "coordinates": [[85.130748, 25.605749], [85.130709, 25.605695], [85.13071, 25.605622], [85.130671, 25.605532], [85.130655, 25.605297]]}, "properties": {"feature_type": "edge", "u": 774, "v": 822, "edge_key": 0, "length_m": 53.786, "is_bridged": false, "is_bridge": false, "edge_betweenness": 0.0, "width_m": 8.501}}, {"type": "Feature", "geometry": {"type": "LineString", "coordinates": [[85.137238, 25.605832], [85.137317, 25.605833]]}, "properties": {"feature_type": "edge", "u": 775, "v": 779, "edge_key": 0, "length_m": 8.0, "is_bridged": false, "is_bridge": false, "edge_betweenness": 0.0, "width_m": 7.296}}, {"type": "Feature", "geometry": {"type": "LineString", "coordinates": [[85.137238, 25.605832], [85.137219, 25.60576]]}, "properties": {"feature_type": "edge", "u": 775, "v": 787, "edge_key": 0, "length_m": 8.472, "is_bridged": false, "is_bridge": false, "edge_betweenness": 0.0, "width_m": 8.63}}, {"type": "Feature", "geometry": {"type": "LineString", "coordinates": [[85.14096, 25.60588], [85.140861, 25.60586]]}, "properties": {"feature_type": "edge", "u": 776, "v": 780, "edge_key": 0, "length_m": 10.472, "is_bridged": false, "is_bridge": false, "edge_betweenness": 0.0, "width_m": 9.641}}, {"type": "Feature", "geometry": {"type": "LineString", "coordinates": [[85.14096, 25.60588], [85.140981, 25.605862], [85.14112, 25.605864]]}, "properties": {"feature_type": "edge", "u": 776, "v": 781, "edge_key": 0, "length_m": 16.828, "is_bridged": false, "is_bridge": false, "edge_betweenness": 0.0, "width_m": 8.82}}, {"type": "Feature", "geometry": {"type": "LineString", "coordinates": [[85.141359, 25.605831], [85.1412, 25.605828], [85.14118, 25.605846]]}, "properties": {"feature_type": "edge", "u": 777, "v": 783, "edge_key": 0, "length_m": 18.828, "is_bridged": false, "is_bridge": false, "edge_betweenness": 0.0, "width_m": 8.477}}, {"type": "Feature", "geometry": {"type": "LineString", "coordinates": [[85.141359, 25.605831], [85.141539, 25.605833], [85.141578, 25.605851]]}, "properties": {"feature_type": "edge", "u": 777, "v": 784, "edge_key": 0, "length_m": 22.472, "is_bridged": false, "is_bridge": false, "edge_betweenness": 0.0, "width_m": 8.906}}, {"type": "Feature", "geometry": {"type": "LineString", "coordinates": [[85.141359, 25.605831], [85.1415, 25.605742], [85.141501, 25.605688]]}, "properties": {"feature_type": "edge", "u": 777, "v": 797, "edge_key": 0, "length_m": 23.43, "is_bridged": false, "is_bridge": false, "edge_betweenness": 0.0, "width_m": 12.321}}, {"type": "Feature", "geometry": {"type": "LineString", "coordinates": [[85.141359, 25.605831], [85.141362, 25.605686], [85.141382, 25.60565]]}, "properties": {"feature_type": "edge", "u": 777, "v": 804, "edge_key": 0, "length_m": 20.472, "is_bridged": false, "is_bridge": false, "edge_betweenness": 0.0, "width_m": 12.95}}, {"type": "Feature", "geometry": {"type": "LineString", "coordinates": [[85.128359, 25.605719], [85.12836, 25.605647], [85.12832, 25.605628]]}, "properties": {"feature_type": "edge", "u": 778, "v": 790, "edge_key": 0, "length_m": 12.472, "is_bridged": false, "is_bridge": false, "edge_betweenness": 0.0, "width_m": 7.252}}, {"type": "Feature", "geometry": {"type": "LineString", "coordinates": [[85.137317, 25.605833], [85.137299, 25.605761]]}, "properties": {"feature_type": "edge", "u": 779, "v": 788, "edge_key": 0, "length_m": 8.828, "is_bridged": false, "is_bridge": false, "edge_betweenness": 0.0, "width_m": 8.708}}, {"type": "Feature", "geometry": {"type": "LineString", "coordinates": [[85.140861, 25.60586], [85.140842, 25.605824], [85.140564, 25.605748], [85.140505, 25.605747], [85.140444, 25.605801]]}, "properties": {"feature_type": "edge", "u": 780, "v": 789, "edge_key": 0, "length_m": 50.271, "is_bridged": false, "is_bridge": false, "edge_betweenness": 0.0, "width_m": 10.919}}, {"type": "Feature", "geometry": {"type": "LineString", "coordinates": [[85.14112, 25.605864], [85.14118, 25.605846]]}, "properties": {"feature_type": "edge", "u": 781, "v": 783, "edge_key": 0, "length_m": 6.828, "is_bridged": false, "is_bridge": false, "edge_betweenness": 0.0, "width_m": 6.438}}, {"type": "Feature", "geometry": {"type": "LineString", "coordinates": [[85.133436, 25.605766], [85.133437, 25.605693], [85.133398, 25.605639], [85.133322, 25.605385], [85.133245, 25.605222], [85.133246, 25.605131]]}, "properties": {"feature_type": "edge", "u": 782, "v": 841, "edge_key": 0, "length_m": 78.284, "is_bridged": false, "is_bridge": false, "edge_betweenness": 0.0, "width_m": 21.611}}, {"type": "Feature", "geometry": {"type": "LineString", "coordinates": [[85.141578, 25.605851], [85.141598, 25.605834], [85.1416, 25.605707]]}, "properties": {"feature_type": "edge", "u": 784, "v": 795, "edge_key": 0, "length_m": 16.828, "is_bridged": false, "is_bridge": false, "edge_betweenness": 0.0, "width_m": 7.414}}, {"type": "Feature", "geometry": {"type": "LineString", "coordinates": [[85.129514, 25.605697], [85.129073, 25.60459]]}, "properties": {"feature_type": "edge", "u": 785, "v": 874, "edge_key": 0, "length_m": 141.054, "is_bridged": false, "is_bridge": true, "edge_betweenness": 0.0, "width_m": 8.542}}, {"type": "Feature", "geometry": {"type": "LineString", "coordinates": [[85.12824, 25.605645], [85.128202, 25.605554]]}, "properties": {"feature_type": "edge", "u": 786, "v": 793, "edge_key": 0, "length_m": 11.301, "is_bridged": false, "is_bridge": false, "edge_betweenness": 0.0, "width_m": 8.567}}, {"type": "Feature", "geometry": {"type": "LineString", "coordinates": [[85.12824, 25.605645], [85.12832, 25.605628]]}, "properties": {"feature_type": "edge", "u": 786, "v": 790, "edge_key": 0, "length_m": 8.472, "is_bridged": false, "is_bridge": false, "edge_betweenness": 0.0, "width_m": 6.2}}, {"type": "Feature", "geometry": {"type": "LineString", "coordinates": [[85.137219, 25.60576], [85.137299, 25.605761]]}, "properties": {"feature_type": "edge", "u": 787, "v": 788, "edge_key": 0, "length_m": 8.0, "is_bridged": false, "is_bridge": false, "edge_betweenness": 0.0, "width_m": 7.296}}, {"type": "Feature", "geometry": {"type": "LineString", "coordinates": [[85.137219, 25.60576], [85.1372, 25.605687]]}, "properties": {"feature_type": "edge", "u": 787, "v": 792, "edge_key": 0, "length_m": 8.472, "is_bridged": false, "is_bridge": false, "edge_betweenness": 0.0, "width_m": 8.63}}, {"type": "Feature", "geometry": {"type": "LineString", "coordinates": [[85.137299, 25.605761], [85.13728, 25.605688]]}, "properties": {"feature_type": "edge", "u": 788, "v": 794, "edge_key": 0, "length_m": 8.828, "is_bridged": false, "is_bridge": false, "edge_betweenness": 0.0, "width_m": 7.65}}, {"type": "Feature", "geometry": {"type": "LineString", "coordinates": [[85.140444, 25.605801], [85.140365, 25.605782], [85.140345, 25.605745]]}, "properties": {"feature_type": "edge", "u": 789, "v": 791, "edge_key": 0, "length_m": 13.301, "is_bridged": false, "is_bridge": false, "edge_betweenness": 0.0, "width_m": 28.686}}, {"type": "Feature", "geometry": {"type": "LineString", "coordinates": [[85.12832, 25.605628], [85.128321, 25.605556], [85.128282, 25.605537]]}, "properties": {"feature_type": "edge", "u": 790, "v": 796, "edge_key": 0, "length_m": 12.472, "is_bridged": false, "is_bridge": false, "edge_betweenness": 0.0, "width_m": 7.252}}, {"type": "Feature", "geometry": {"type": "LineString", "coordinates": [[85.140345, 25.605745], [85.140246, 25.605744], [85.140187, 25.605707], [85.139889, 25.605613], [85.13981, 25.605612]]}, "properties": {"feature_type": "edge", "u": 791, "v": 806, "edge_key": 0, "length_m": 59.799, "is_bridged": false, "is_bridge": false, "edge_betweenness": 0.0, "width_m": 32.26}}, {"type": "Feature", "geometry": {"type": "LineString", "coordinates": [[85.140345, 25.605745], [85.140426, 25.605674], [85.140428, 25.605548], [85.140408, 25.60553], [85.140411, 25.605349], [85.140432, 25.605313]]}, "properties": {"feature_type": "edge", "u": 791, "v": 837, "edge_key": 0, "length_m": 52.614, "is_bridged": false, "is_bridge": true, "edge_betweenness": 0.0, "width_m": 10.816}}, {"type": "Feature", "geometry": {"type": "LineString", "coordinates": [[85.1372, 25.605687], [85.13728, 25.605688]]}, "properties": {"feature_type": "edge", "u": 792, "v": 794, "edge_key": 0, "length_m": 8.0, "is_bridged": false, "is_bridge": false, "edge_betweenness": 0.0, "width_m": 6.2}}, {"type": "Feature", "geometry": {"type": "LineString", "coordinates": [[85.1372, 25.605687], [85.137181, 25.605615]]}, "properties": {"feature_type": "edge", "u": 792, "v": 801, "edge_key": 0, "length_m": 8.472, "is_bridged": false, "is_bridge": false, "edge_betweenness": 0.0, "width_m": 8.63}}, {"type": "Feature", "geometry": {"type": "LineString", "coordinates": [[85.128202, 25.605554], [85.128163, 25.605482]]}, "properties": {"feature_type": "edge", "u": 793, "v": 802, "edge_key": 0, "length_m": 9.301, "is_bridged": false, "is_bridge": false, "edge_betweenness": 0.0, "width_m": 9.301}}, {"type": "Feature", "geometry": {"type": "LineString", "coordinates": [[85.128202, 25.605554], [85.128282, 25.605537]]}, "properties": {"feature_type": "edge", "u": 793, "v": 796, "edge_key": 0, "length_m": 8.472, "is_bridged": false, "is_bridge": false, "edge_betweenness": 0.0, "width_m": 6.2}}, {"type": "Feature", "geometry": {"type": "LineString", "coordinates": [[85.13728, 25.605688], [85.137261, 25.605616]]}, "properties": {"feature_type": "edge", "u": 794, "v": 803, "edge_key": 0, "length_m": 8.828, "is_bridged": false, "is_bridge": false, "edge_betweenness": 0.0, "width_m": 6.828}}, {"type": "Feature", "geometry": {"type": "LineString", "coordinates": [[85.1416, 25.605707], [85.141501, 25.605688]]}, "properties": {"feature_type": "edge", "u": 795, "v": 797, "edge_key": 0, "length_m": 10.472, "is_bridged": false, "is_bridge": false, "edge_betweenness": 0.0, "width_m": 5.886}}, {"type": "Feature", "geometry": {"type": "LineString", "coordinates": [[85.1416, 25.605707], [85.14162, 25.605689], [85.141622, 25.605581]]}, "properties": {"feature_type": "edge", "u": 795, "v": 810, "edge_key": 0, "length_m": 14.828, "is_bridged": false, "is_bridge": false, "edge_betweenness": 0.0, "width_m": 7.331}}, {"type": "Feature", "geometry": {"type": "LineString", "coordinates": [[85.128282, 25.605537], [85.128283, 25.605465], [85.128244, 25.605446]]}, "properties": {"feature_type": "edge", "u": 796, "v": 807, "edge_key": 0, "length_m": 12.472, "is_bridged": false, "is_bridge": false, "edge_betweenness": 0.0, "width_m": 7.252}}, {"type": "Feature", "geometry": {"type": "LineString", "coordinates": [[85.141501, 25.605688], [85.141382, 25.60565]]}, "properties": {"feature_type": "edge", "u": 797, "v": 804, "edge_key": 0, "length_m": 12.944, "is_bridged": false, "is_bridge": false, "edge_betweenness": 0.0, "width_m": 6.12}}, {"type": "Feature", "geometry": {"type": "LineString", "coordinates": [[85.141501, 25.605688], [85.141543, 25.60558]]}, "properties": {"feature_type": "edge", "u": 797, "v": 809, "edge_key": 0, "length_m": 12.797, "is_bridged": false, "is_bridge": false, "edge_betweenness": 0.0, "width_m": 8.236}}, {"type": "Feature", "geometry": {"type": "LineString", "coordinates": [[85.143512, 25.605713], [85.143373, 25.605676], [85.143055, 25.605635], [85.143035, 25.605617], [85.142936, 25.605616], [85.142817, 25.605578], [85.142717, 25.605577], [85.142598, 25.605539], [85.14236, 25.605518]]}, "properties": {"feature_type": "edge", "u": 798, "v": 817, "edge_key": 0, "length_m": 123.928, "is_bridged": false, "is_bridge": false, "edge_betweenness": 0.0, "width_m": 8.273}}, {"type": "Feature", "geometry": {"type": "LineString", "coordinates": [[85.143512, 25.605713], [85.143552, 25.60566], [85.143554, 25.605588], [85.143595, 25.605498], [85.143618, 25.605263]]}, "properties": {"feature_type": "edge", "u": 798, "v": 842, "edge_key": 0, "length_m": 54.142, "is_bridged": false, "is_bridge": false, "edge_betweenness": 0.0, "width_m": 8.624}}, {"type": "Feature", "geometry": {"type": "LineString", "coordinates": [[85.128044, 25.60548], [85.128163, 25.605482]]}, "properties": {"feature_type": "edge", "u": 799, "v": 802, "edge_key": 0, "length_m": 12.0, "is_bridged": false, "is_bridge": false, "edge_betweenness": 0.0, "width_m": 10.524}}, {"type": "Feature", "geometry": {"type": "LineString", "coordinates": [[85.128044, 25.60548], [85.127967, 25.60528]]}, "properties": {"feature_type": "edge", "u": 799, "v": 818, "edge_key": 0, "length_m": 24.957, "is_bridged": false, "is_bridge": false, "edge_betweenness": 0.0, "width_m": 8.804}}, {"type": "Feature", "geometry": {"type": "LineString", "coordinates": [[85.131348, 25.60554], [85.131309, 25.605522], [85.13131, 25.605468], [85.131271, 25.605413], [85.131194, 25.605195], [85.131195, 25.605141], [85.131118, 25.604978]]}, "properties": {"feature_type": "edge", "u": 800, "v": 852, "edge_key": 0, "length_m": 72.756, "is_bridged": false, "is_bridge": false, "edge_betweenness": 0.0, "width_m": 8.647}}, {"type": "Feature", "geometry": {"type": "LineString", "coordinates": [[85.131348, 25.60554], [85.131468, 25.605506], [85.131809, 25.605348], [85.131889, 25.605349], [85.132007, 25.605422], [85.132186, 25.605425], [85.132207, 25.605407]]}, "properties": {"feature_type": "edge", "u": 800, "v": 813, "edge_key": 0, "length_m": 98.899, "is_bridged": false, "is_bridge": false, "edge_betweenness": 0.0, "width_m": 8.728}}, {"type": "Feature", "geometry": {"type": "LineString", "coordinates": [[85.137181, 25.605615], [85.137261, 25.605616]]}, "properties": {"feature_type": "edge", "u": 801, "v": 803, "edge_key": 0, "length_m": 8.0, "is_bridged": false, "is_bridge": false, "edge_betweenness": 0.0, "width_m": 6.2}}, {"type": "Feature", "geometry": {"type": "LineString", "coordinates": [[85.137181, 25.605615], [85.137163, 25.605542]]}, "properties": {"feature_type": "edge", "u": 801, "v": 808, "edge_key": 0, "length_m": 8.472, "is_bridged": false, "is_bridge": false, "edge_betweenness": 0.0, "width_m": 8.63}}, {"type": "Feature", "geometry": {"type": "LineString", "coordinates": [[85.128163, 25.605482], [85.128124, 25.605445], [85.128125, 25.605373], [85.128087, 25.605282], [85.128047, 25.605263]]}, "properties": {"feature_type": "edge", "u": 802, "v": 826, "edge_key": 0, "length_m": 29.786, "is_bridged": false, "is_bridge": false, "edge_betweenness": 0.0, "width_m": 8.396}}, {"type": "Feature", "geometry": {"type": "LineString", "coordinates": [[85.128163, 25.605482], [85.128244, 25.605446]]}, "properties": {"feature_type": "edge", "u": 802, "v": 807, "edge_key": 0, "length_m": 8.944, "is_bridged": false, "is_bridge": false, "edge_betweenness": 0.0, "width_m": 6.99}}, {"type": "Feature", "geometry": {"type": "LineString", "coordinates": [[85.137261, 25.605616], [85.137262, 25.605544], [85.137242, 25.605525]]}, "properties": {"feature_type": "edge", "u": 803, "v": 811, "edge_key": 0, "length_m": 10.828, "is_bridged": false, "is_bridge": false, "edge_betweenness": 0.0, "width_m": 7.063}}, {"type": "Feature", "geometry": {"type": "LineString", "coordinates": [[85.141382, 25.60565], [85.141403, 25.60556]]}, "properties": {"feature_type": "edge", "u": 804, "v": 812, "edge_key": 0, "length_m": 10.472, "is_bridged": false, "is_bridge": false, "edge_betweenness": 0.0, "width_m": 9.497}}, {"type": "Feature", "geometry": {"type": "LineString", "coordinates": [[85.13981, 25.605612], [85.13979, 25.605576], [85.139552, 25.605519], [85.139295, 25.605425], [85.139235, 25.605424], [85.139156, 25.605369]]}, "properties": {"feature_type": "edge", "u": 806, "v": 824, "edge_key": 0, "length_m": 77.1, "is_bridged": false, "is_bridge": false, "edge_betweenness": 0.0, "width_m": 32.629}}, {"type": "Feature", "geometry": {"type": "LineString", "coordinates": [[85.128244, 25.605446], [85.128245, 25.605374], [85.128129, 25.605138], [85.128091, 25.605029], [85.128092, 25.604957]]}, "properties": {"feature_type": "edge", "u": 807, "v": 850, "edge_key": 0, "length_m": 60.627, "is_bridged": false, "is_bridge": false, "edge_betweenness": 0.0, "width_m": 8.853}}, {"type": "Feature", "geometry": {"type": "LineString", "coordinates": [[85.137163, 25.605542], [85.137242, 25.605525]]}, "properties": {"feature_type": "edge", "u": 808, "v": 811, "edge_key": 0, "length_m": 8.472, "is_bridged": false, "is_bridge": false, "edge_betweenness": 0.0, "width_m": 6.2}}, {"type": "Feature", "geometry": {"type": "LineString", "coordinates": [[85.137163, 25.605542], [85.137144, 25.605452]]}, "properties": {"feature_type": "edge", "u": 808, "v": 814, "edge_key": 0, "length_m": 10.472, "is_bridged": false, "is_bridge": false, "edge_betweenness": 0.0, "width_m": 8.472}}, {"type": "Feature", "geometry": {"type": "LineString", "coordinates": [[85.141543, 25.60558], [85.141403, 25.60556]]}, "properties": {"feature_type": "edge", "u": 809, "v": 812, "edge_key": 0, "length_m": 14.325, "is_bridged": false, "is_bridge": false, "edge_betweenness": 0.0, "width_m": 8.808}}, {"type": "Feature", "geometry": {"type": "LineString", "coordinates": [[85.141543, 25.60558], [85.141622, 25.605581]]}, "properties": {"feature_type": "edge", "u": 809, "v": 810, "edge_key": 0, "length_m": 8.0, "is_bridged": false, "is_bridge": false, "edge_betweenness": 0.0, "width_m": 6.2}}, {"type": "Feature", "geometry": {"type": "LineString", "coordinates": [[85.141543, 25.60558], [85.141564, 25.605454]]}, "properties": {"feature_type": "edge", "u": 809, "v": 819, "edge_key": 0, "length_m": 14.828, "is_bridged": false, "is_bridge": false, "edge_betweenness": 0.0, "width_m": 8.157}}, {"type": "Feature", "geometry": {"type": "LineString", "coordinates": [[85.141622, 25.605581], [85.141642, 25.605563], [85.141644, 25.605473]]}, "properties": {"feature_type": "edge", "u": 810, "v": 820, "edge_key": 0, "length_m": 12.828, "is_bridged": false, "is_bridge": false, "edge_betweenness": 0.0, "width_m": 7.8}}, {"type": "Feature", "geometry": {"type": "LineString", "coordinates": [[85.137242, 25.605525], [85.137244, 25.605453]]}, "properties": {"feature_type": "edge", "u": 811, "v": 815, "edge_key": 0, "length_m": 8.0, "is_bridged": false, "is_bridge": false, "edge_betweenness": 0.0, "width_m": 7.534}}, {"type": "Feature", "geometry": {"type": "LineString", "coordinates": [[85.141403, 25.60556], [85.14147, 25.605128], [85.14149, 25.60511], [85.141492, 25.605002], [85.141534, 25.604876], [85.141537, 25.604677]]}, "properties": {"feature_type": "edge", "u": 812, "v": 877, "edge_key": 0, "length_m": 102.971, "is_bridged": false, "is_bridge": true, "edge_betweenness": 0.0, "width_m": 16.301}}, {"type": "Feature", "geometry": {"type": "LineString", "coordinates": [[85.132207, 25.605407], [85.132188, 25.605334], [85.132013, 25.605061], [85.131934, 25.604988], [85.131661, 25.604624]]}, "properties": {"feature_type": "edge", "u": 813, "v": 875, "edge_key": 0, "length_m": 109.196, "is_bridged": false, "is_bridge": true, "edge_betweenness": 0.0, "width_m": 8.885}}, {"type": "Feature", "geometry": {"type": "LineString", "coordinates": [[85.137144, 25.605452], [85.137244, 25.605453]]}, "properties": {"feature_type": "edge", "u": 814, "v": 815, "edge_key": 0, "length_m": 10.0, "is_bridged": false, "is_bridge": false, "edge_betweenness": 0.0, "width_m": 6.472}}, {"type": "Feature", "geometry": {"type": "LineString", "coordinates": [[85.137144, 25.605452], [85.137126, 25.605361]]}, "properties": {"feature_type": "edge", "u": 814, "v": 827, "edge_key": 0, "length_m": 10.472, "is_bridged": false, "is_bridge": false, "edge_betweenness": 0.0, "width_m": 8.472}}, {"type": "Feature", "geometry": {"type": "LineString", "coordinates": [[85.137244, 25.605453], [85.137225, 25.605381]]}, "properties": {"feature_type": "edge", "u": 815, "v": 823, "edge_key": 0, "length_m": 8.472, "is_bridged": false, "is_bridge": false, "edge_betweenness": 0.0, "width_m": 9.648}}, {"type": "Feature", "geometry": {"type": "LineString", "coordinates": [[85.139115, 25.605459], [85.139076, 25.605422], [85.138997, 25.605403], [85.138957, 25.605367], [85.138958, 25.605312]]}, "properties": {"feature_type": "edge", "u": 816, "v": 830, "edge_key": 0, "length_m": 26.142, "is_bridged": false, "is_bridge": false, "edge_betweenness": 0.0, "width_m": 11.7}}, {"type": "Feature", "geometry": {"type": "LineString", "coordinates": [[85.139115, 25.605459], [85.139175, 25.605442], [85.139156, 25.605369]]}, "properties": {"feature_type": "edge", "u": 816, "v": 824, "edge_key": 0, "length_m": 14.571, "is_bridged": false, "is_bridge": false, "edge_betweenness": 0.0, "width_m": 7.198}}, {"type": "Feature", "geometry": {"type": "LineString", "coordinates": [[85.14236, 25.605518], [85.142427, 25.605032]]}, "properties": {"feature_type": "edge", "u": 817, "v": 859, "edge_key": 0, "length_m": 56.485, "is_bridged": false, "is_bridge": false, "edge_betweenness": 0.0, "width_m": 8.182}}, {"type": "Feature", "geometry": {"type": "LineString", "coordinates": [[85.127967, 25.60528], [85.127929, 25.605172]]}, "properties": {"feature_type": "edge", "u": 818, "v": 829, "edge_key": 0, "length_m": 13.153, "is_bridged": false, "is_bridge": false, "edge_betweenness": 0.0, "width_m": 8.378}}, {"type": "Feature", "geometry": {"type": "LineString", "coordinates": [[85.127967, 25.60528], [85.128047, 25.605263]]}, "properties": {"feature_type": "edge", "u": 818, "v": 826, "edge_key": 0, "length_m": 8.472, "is_bridged": false, "is_bridge": false, "edge_betweenness": 0.0, "width_m": 6.2}}, {"type": "Feature", "geometry": {"type": "LineString", "coordinates": [[85.141564, 25.605454], [85.141644, 25.605473]]}, "properties": {"feature_type": "edge", "u": 819, "v": 820, "edge_key": 0, "length_m": 8.828, "is_bridged": false, "is_bridge": false, "edge_betweenness": 0.0, "width_m": 6.65}}, {"type": "Feature", "geometry": {"type": "LineString", "coordinates": [[85.141564, 25.605454], [85.141586, 25.605346]]}, "properties": {"feature_type": "edge", "u": 819, "v": 831, "edge_key": 0, "length_m": 12.828, "is_bridged": false, "is_bridge": false, "edge_betweenness": 0.0, "width_m": 8.0}}, {"type": "Feature", "geometry": {"type": "LineString", "coordinates": [[85.141644, 25.605473], [85.141664, 25.605455], [85.141666, 25.605347]]}, "properties": {"feature_type": "edge", "u": 820, "v": 832, "edge_key": 0, "length_m": 14.828, "is_bridged": false, "is_bridge": false, "edge_betweenness": 0.0, "width_m": 8.405}}, {"type": "Feature", "geometry": {"type": "LineString", "coordinates": [[85.130476, 25.605313], [85.130655, 25.605297]]}, "properties": {"feature_type": "edge", "u": 821, "v": 822, "edge_key": 0, "length_m": 18.828, "is_bridged": false, "is_bridge": true, "edge_betweenness": 0.0, "width_m": 8.683}}, {"type": "Feature", "geometry": {"type": "LineString", "coordinates": [[85.130655, 25.605297], [85.130677, 25.605189]]}, "properties": {"feature_type": "edge", "u": 822, "v": 835, "edge_key": 0, "length_m": 12.472, "is_bridged": false, "is_bridge": false, "edge_betweenness": 0.0, "width_m": 9.514}}, {"type": "Feature", "geometry": {"type": "LineString", "coordinates": [[85.137225, 25.605381], [85.137284, 25.605381], [85.137507, 25.605186], [85.137707, 25.60508]]}, "properties": {"feature_type": "edge", "u": 823, "v": 849, "edge_key": 0, "length_m": 61.371, "is_bridged": false, "is_bridge": false, "edge_betweenness": 0.0, "width_m": 9.111}}, {"type": "Feature", "geometry": {"type": "LineString", "coordinates": [[85.137225, 25.605381], [85.137126, 25.605361]]}, "properties": {"feature_type": "edge", "u": 823, "v": 827, "edge_key": 0, "length_m": 10.325, "is_bridged": false, "is_bridge": false, "edge_betweenness": 0.0, "width_m": 6.981}}, {"type": "Feature", "geometry": {"type": "LineString", "coordinates": [[85.137225, 25.605381], [85.137187, 25.605254]]}, "properties": {"feature_type": "edge", "u": 823, "v": 839, "edge_key": 0, "length_m": 15.153, "is_bridged": false, "is_bridge": false, "edge_betweenness": 0.0, "width_m": 7.609}}, {"type": "Feature", "geometry": {"type": "LineString", "coordinates": [[85.139156, 25.605369], [85.139097, 25.60535]]}, "properties": {"feature_type": "edge", "u": 824, "v": 978, "edge_key": 0, "length_m": 6.325, "is_bridged": false, "is_bridge": false, "edge_betweenness": 0.0, "width_m": 7.296}}, {"type": "Feature", "geometry": {"type": "LineString", "coordinates": [[85.139097, 25.60535], [85.139156, 25.605369]]}, "properties": {"feature_type": "edge", "u": 824, "v": 978, "edge_key": 1, "length_m": 6.325, "is_bridged": false, "is_bridge": false, "edge_betweenness": 0.0, "width_m": 7.296}}, {"type": "Feature", "geometry": {"type": "LineString", "coordinates": [[85.139156, 25.605369], [85.139257, 25.605298], [85.139302, 25.604974], [85.139323, 25.60492], [85.139424, 25.604813], [85.139408, 25.60456], [85.139388, 25.604542], [85.139391, 25.604361], [85.139371, 25.604343], [85.139374, 25.604162]]}, "properties": {"feature_type": "edge", "u": 824, "v": 900, "edge_key": 0, "length_m": 148.07, "is_bridged": false, "is_bridge": true, "edge_betweenness": 0.0, "width_m": 9.007}}, {"type": "Feature", "geometry": {"type": "LineString", "coordinates": [[85.139156, 25.605369], [85.139098, 25.605278], [85.138999, 25.605259], [85.138958, 25.605312]]}, "properties": {"feature_type": "edge", "u": 824, "v": 830, "edge_key": 0, "length_m": 29.812, "is_bridged": false, "is_bridge": false, "edge_betweenness": 0.0, "width_m": 11.454}}, {"type": "Feature", "geometry": {"type": "LineString", "coordinates": [[85.144969, 25.605497], [85.144912, 25.605316], [85.144913, 25.605226], [85.144954, 25.605172]]}, "properties": {"feature_type": "edge", "u": 825, "v": 851, "edge_key": 0, "length_m": 40.142, "is_bridged": false, "is_bridge": true, "edge_betweenness": 0.0, "width_m": 8.088}}, {"type": "Feature", "geometry": {"type": "LineString", "coordinates": [[85.128047, 25.605263], [85.128048, 25.605191], [85.128009, 25.605173]]}, "properties": {"feature_type": "edge", "u": 826, "v": 833, "edge_key": 0, "length_m": 12.472, "is_bridged": false, "is_bridge": false, "edge_betweenness": 0.0, "width_m": 7.252}}, {"type": "Feature", "geometry": {"type": "LineString", "coordinates": [[85.137126, 25.605361], [85.137107, 25.605271]]}, "properties": {"feature_type": "edge", "u": 827, "v": 836, "edge_key": 0, "length_m": 10.472, "is_bridged": false, "is_bridge": false, "edge_betweenness": 0.0, "width_m": 8.472}}, {"type": "Feature", "geometry": {"type": "LineString", "coordinates": [[85.125062, 25.605189], [85.125161, 25.60519], [85.125321, 25.605138], [85.125482, 25.605068], [85.125542, 25.605015]]}, "properties": {"feature_type": "edge", "u": 828, "v": 844, "edge_key": 0, "length_m": 56.284, "is_bridged": false, "is_bridge": true, "edge_betweenness": 0.0, "width_m": 8.575}}, {"type": "Feature", "geometry": {"type": "LineString", "coordinates": [[85.127929, 25.605172], [85.127969, 25.60519], [85.128009, 25.605173]]}, "properties": {"feature_type": "edge", "u": 829, "v": 833, "edge_key": 0, "length_m": 8.944, "is_bridged": false, "is_bridge": false, "edge_betweenness": 0.0, "width_m": 5.886}}, {"type": "Feature", "geometry": {"type": "LineString", "coordinates": [[85.127929, 25.605172], [85.12789, 25.605117], [85.127931, 25.605081]]}, "properties": {"feature_type": "edge", "u": 829, "v": 840, "edge_key": 0, "length_m": 12.868, "is_bridged": false, "is_bridge": false, "edge_betweenness": 0.0, "width_m": 6.667}}, {"type": "Feature", "geometry": {"type": "LineString", "coordinates": [[85.127929, 25.605172], [85.12795, 25.605136], [85.127931, 25.605081]]}, "properties": {"feature_type": "edge", "u": 829, "v": 840, "edge_key": 1, "length_m": 10.797, "is_bridged": false, "is_bridge": false, "edge_betweenness": 0.0, "width_m": 5.333}}, {"type": "Feature", "geometry": {"type": "LineString", "coordinates": [[85.138958, 25.605312], [85.138998, 25.605313]]}, "properties": {"feature_type": "edge", "u": 830, "v": 979, "edge_key": 0, "length_m": 4.0, "is_bridged": false, "is_bridge": false, "edge_betweenness": 0.0, "width_m": 4.0}}, {"type": "Feature", "geometry": {"type": "LineString", "coordinates": [[85.138998, 25.605313], [85.138958, 25.605312]]}, "properties": {"feature_type": "edge", "u": 830, "v": 979, "edge_key": 1, "length_m": 4.0, "is_bridged": false, "is_bridge": false, "edge_betweenness": 0.0, "width_m": 4.0}}, {"type": "Feature", "geometry": {"type": "LineString", "coordinates": [[85.138958, 25.605312], [85.138899, 25.605276], [85.138582, 25.605199], [85.138482, 25.605198], [85.138383, 25.605161]]}, "properties": {"feature_type": "edge", "u": 830, "v": 846, "edge_key": 0, "length_m": 64.271, "is_bridged": false, "is_bridge": false, "edge_betweenness": 0.0, "width_m": 23.699}}, {"type": "Feature", "geometry": {"type": "LineString", "coordinates": [[85.141586, 25.605346], [85.141666, 25.605347]]}, "properties": {"feature_type": "edge", "u": 831, "v": 832, "edge_key": 0, "length_m": 8.0, "is_bridged": false, "is_bridge": false, "edge_betweenness": 0.0, "width_m": 8.315}}, {"type": "Feature", "geometry": {"type": "LineString", "coordinates": [[85.141586, 25.605346], [85.141587, 25.605292], [85.141628, 25.60522]]}, "properties": {"feature_type": "edge", "u": 831, "v": 845, "edge_key": 0, "length_m": 15.657, "is_bridged": false, "is_bridge": false, "edge_betweenness": 0.0, "width_m": 8.608}}, {"type": "Feature", "geometry": {"type": "LineString", "coordinates": [[85.141666, 25.605347], [85.141686, 25.605329], [85.141687, 25.605221]]}, "properties": {"feature_type": "edge", "u": 832, "v": 843, "edge_key": 0, "length_m": 14.828, "is_bridged": false, "is_bridge": false, "edge_betweenness": 0.0, "width_m": 8.54}}, {"type": "Feature", "geometry": {"type": "LineString", "coordinates": [[85.128009, 25.605173], [85.128009, 25.605137], [85.127931, 25.605081]]}, "properties": {"feature_type": "edge", "u": 833, "v": 840, "edge_key": 0, "length_m": 14.0, "is_bridged": false, "is_bridge": false, "edge_betweenness": 0.0, "width_m": 5.886}}, {"type": "Feature", "geometry": {"type": "LineString", "coordinates": [[85.130477, 25.605204], [85.130497, 25.605223], [85.130577, 25.605187], [85.130677, 25.605189]]}, "properties": {"feature_type": "edge", "u": 834, "v": 835, "edge_key": 0, "length_m": 22.485, "is_bridged": false, "is_bridge": true, "edge_betweenness": 0.0, "width_m": 8.709}}, {"type": "Feature", "geometry": {"type": "LineString", "coordinates": [[85.130677, 25.605189], [85.130697, 25.605153], [85.130777, 25.605136], [85.130918, 25.605029], [85.131058, 25.604977], [85.131118, 25.604978]]}, "properties": {"feature_type": "edge", "u": 835, "v": 852, "edge_key": 0, "length_m": 54.756, "is_bridged": false, "is_bridge": false, "edge_betweenness": 0.0, "width_m": 8.837}}, {"type": "Feature", "geometry": {"type": "LineString", "coordinates": [[85.137107, 25.605271], [85.137013, 25.604927], [85.137015, 25.604782], [85.137035, 25.604764]]}, "properties": {"feature_type": "edge", "u": 836, "v": 871, "edge_key": 0, "length_m": 60.971, "is_bridged": false, "is_bridge": false, "edge_betweenness": 0.0, "width_m": 9.366}}, {"type": "Feature", "geometry": {"type": "LineString", "coordinates": [[85.137107, 25.605271], [85.137187, 25.605254]]}, "properties": {"feature_type": "edge", "u": 836, "v": 839, "edge_key": 0, "length_m": 8.472, "is_bridged": false, "is_bridge": false, "edge_betweenness": 0.0, "width_m": 6.2}}, {"type": "Feature", "geometry": {"type": "LineString", "coordinates": [[85.140432, 25.605313], [85.140471, 25.605314], [85.140712, 25.60519]]}, "properties": {"feature_type": "edge", "u": 837, "v": 847, "edge_key": 0, "length_m": 33.799, "is_bridged": false, "is_bridge": true, "edge_betweenness": 0.0, "width_m": 8.944}}, {"type": "Feature", "geometry": {"type": "LineString", "coordinates": [[85.140432, 25.605313], [85.140393, 25.605259], [85.140394, 25.60515], [85.140375, 25.605132], [85.140395, 25.605096]]}, "properties": {"feature_type": "edge", "u": 837, "v": 853, "edge_key": 0, "length_m": 26.957, "is_bridged": false, "is_bridge": true, "edge_betweenness": 0.0, "width_m": 8.157}}, {"type": "Feature", "geometry": {"type": "LineString", "coordinates": [[85.137187, 25.605254], [85.137154, 25.604784]]}, "properties": {"feature_type": "edge", "u": 839, "v": 868, "edge_key": 0, "length_m": 53.657, "is_bridged": false, "is_bridge": false, "edge_betweenness": 0.0, "width_m": 8.548}}, {"type": "Feature", "geometry": {"type": "LineString", "coordinates": [[85.127931, 25.605081], [85.127852, 25.605008], [85.127874, 25.6049]]}, "properties": {"feature_type": "edge", "u": 840, "v": 848, "edge_key": 0, "length_m": 23.479, "is_bridged": false, "is_bridge": false, "edge_betweenness": 0.0, "width_m": 6.0}}, {"type": "Feature", "geometry": {"type": "LineString", "coordinates": [[85.127931, 25.605081], [85.127952, 25.605009], [85.127874, 25.6049]]}, "properties": {"feature_type": "edge", "u": 840, "v": 848, "edge_key": 1, "length_m": 22.668, "is_bridged": false, "is_bridge": false, "edge_betweenness": 0.0, "width_m": 5.333}}, {"type": "Feature", "geometry": {"type": "LineString", "coordinates": [[85.133246, 25.605131], [85.133187, 25.605094], [85.13311, 25.604949], [85.133092, 25.604822]]}, "properties": {"feature_type": "edge", "u": 841, "v": 862, "edge_key": 0, "length_m": 41.443, "is_bridged": false, "is_bridge": false, "edge_betweenness": 0.0, "width_m": 24.295}}, {"type": "Feature", "geometry": {"type": "LineString", "coordinates": [[85.133246, 25.605131], [85.133287, 25.605096], [85.133366, 25.605097], [85.133686, 25.605029], [85.133766, 25.604994], [85.133826, 25.604994], [85.133906, 25.604959], [85.134206, 25.604909], [85.134266, 25.604892], [85.134286, 25.604856]]}, "properties": {"feature_type": "edge", "u": 841, "v": 861, "edge_key": 0, "length_m": 118.07, "is_bridged": false, "is_bridge": false, "edge_betweenness": 0.0, "width_m": 14.649}}, {"type": "Feature", "geometry": {"type": "LineString", "coordinates": [[85.143618, 25.605263], [85.143638, 25.605264]]}, "properties": {"feature_type": "edge", "u": 842, "v": 980, "edge_key": 0, "length_m": 2.0, "is_bridged": false, "is_bridge": false, "edge_betweenness": 0.0, "width_m": 11.314}}, {"type": "Feature", "geometry": {"type": "LineString", "coordinates": [[85.143638, 25.605264], [85.143618, 25.605263]]}, "properties": {"feature_type": "edge", "u": 842, "v": 980, "edge_key": 1, "length_m": 2.0, "is_bridged": false, "is_bridge": false, "edge_betweenness": 0.0, "width_m": 11.314}}, {"type": "Feature", "geometry": {"type": "LineString", "coordinates": [[85.143618, 25.605263], [85.143301, 25.605187], [85.142725, 25.60509], [85.142626, 25.605052], [85.142427, 25.605032]]}, "properties": {"feature_type": "edge", "u": 842, "v": 859, "edge_key": 0, "length_m": 129.585, "is_bridged": false, "is_bridge": false, "edge_betweenness": 0.0, "width_m": 8.344}}, {"type": "Feature", "geometry": {"type": "LineString", "coordinates": [[85.141687, 25.605221], [85.141628, 25.60522]]}, "properties": {"feature_type": "edge", "u": 843, "v": 845, "edge_key": 0, "length_m": 6.0, "is_bridged": false, "is_bridge": false, "edge_betweenness": 0.0, "width_m": 9.734}}, {"type": "Feature", "geometry": {"type": "LineString", "coordinates": [[85.141687, 25.605221], [85.141708, 25.605203], [85.141709, 25.605131], [85.14167, 25.605094]]}, "properties": {"feature_type": "edge", "u": 843, "v": 855, "edge_key": 0, "length_m": 16.485, "is_bridged": false, "is_bridge": false, "edge_betweenness": 0.0, "width_m": 10.349}}, {"type": "Feature", "geometry": {"type": "LineString", "coordinates": [[85.125542, 25.605015], [85.125622, 25.605016], [85.126062, 25.604859], [85.126142, 25.60486], [85.126163, 25.604824]]}, "properties": {"feature_type": "edge", "u": 844, "v": 856, "edge_key": 0, "length_m": 71.928, "is_bridged": false, "is_bridge": false, "edge_betweenness": 0.0, "width_m": 8.971}}, {"type": "Feature", "geometry": {"type": "LineString", "coordinates": [[85.125542, 25.605015], [85.12535, 25.604561]]}, "properties": {"feature_type": "edge", "u": 844, "v": 872, "edge_key": 0, "length_m": 57.928, "is_bridged": false, "is_bridge": false, "edge_betweenness": 0.0, "width_m": 8.875}}, {"type": "Feature", "geometry": {"type": "LineString", "coordinates": [[85.141628, 25.60522], [85.141608, 25.605184], [85.14167, 25.605094]]}, "properties": {"feature_type": "edge", "u": 845, "v": 855, "edge_key": 0, "length_m": 17.314, "is_bridged": false, "is_bridge": false, "edge_betweenness": 0.0, "width_m": 10.032}}, {"type": "Feature", "geometry": {"type": "LineString", "coordinates": [[85.138383, 25.605161], [85.138085, 25.605139], [85.137886, 25.605082], [85.137707, 25.60508]]}, "properties": {"feature_type": "edge", "u": 846, "v": 849, "edge_key": 0, "length_m": 71.314, "is_bridged": false, "is_bridge": false, "edge_betweenness": 0.0, "width_m": 24.77}}, {"type": "Feature", "geometry": {"type": "LineString", "coordinates": [[85.138383, 25.605161], [85.138403, 25.605143], [85.138427, 25.604909], [85.13851, 25.604675], [85.138519, 25.604115]]}, "properties": {"feature_type": "edge", "u": 846, "v": 903, "edge_key": 0, "length_m": 120.971, "is_bridged": false, "is_bridge": true, "edge_betweenness": 0.0, "width_m": 9.236}}, {"type": "Feature", "geometry": {"type": "LineString", "coordinates": [[85.127874, 25.6049], [85.127739, 25.60461], [85.12774, 25.604537]]}, "properties": {"feature_type": "edge", "u": 848, "v": 876, "edge_key": 0, "length_m": 44.545, "is_bridged": false, "is_bridge": false, "edge_betweenness": 0.0, "width_m": 15.541}}, {"type": "Feature", "geometry": {"type": "LineString", "coordinates": [[85.137707, 25.60508], [85.137826, 25.605136]]}, "properties": {"feature_type": "edge", "u": 849, "v": 981, "edge_key": 0, "length_m": 13.416, "is_bridged": false, "is_bridge": false, "edge_betweenness": 0.0, "width_m": 4.0}}, {"type": "Feature", "geometry": {"type": "LineString", "coordinates": [[85.137826, 25.605136], [85.137707, 25.60508]]}, "properties": {"feature_type": "edge", "u": 849, "v": 981, "edge_key": 1, "length_m": 13.416, "is_bridged": false, "is_bridge": false, "edge_betweenness": 0.0, "width_m": 4.0}}, {"type": "Feature", "geometry": {"type": "LineString", "coordinates": [[85.137707, 25.60508], [85.137588, 25.605042]]}, "properties": {"feature_type": "edge", "u": 849, "v": 982, "edge_key": 0, "length_m": 12.649, "is_bridged": false, "is_bridge": false, "edge_betweenness": 0.0, "width_m": 4.0}}, {"type": "Feature", "geometry": {"type": "LineString", "coordinates": [[85.137588, 25.605042], [85.137707, 25.60508]]}, "properties": {"feature_type": "edge", "u": 849, "v": 982, "edge_key": 1, "length_m": 12.649, "is_bridged": false, "is_bridge": false, "edge_betweenness": 0.0, "width_m": 4.0}}, {"type": "Feature", "geometry": {"type": "LineString", "coordinates": [[85.137707, 25.60508], [85.13757, 25.604952], [85.13751, 25.604933], [85.137294, 25.604786]]}, "properties": {"feature_type": "edge", "u": 849, "v": 870, "edge_key": 0, "length_m": 55.255, "is_bridged": false, "is_bridge": false, "edge_betweenness": 0.0, "width_m": 23.303}}, {"type": "Feature", "geometry": {"type": "LineString", "coordinates": [[85.128092, 25.604957], [85.128033, 25.604902], [85.128034, 25.604866], [85.12786, 25.604503]]}, "properties": {"feature_type": "edge", "u": 850, "v": 878, "edge_key": 0, "length_m": 60.756, "is_bridged": false, "is_bridge": false, "edge_betweenness": 0.0, "width_m": 8.771}}, {"type": "Feature", "geometry": {"type": "LineString", "coordinates": [[85.128092, 25.604957], [85.128272, 25.604905], [85.128633, 25.604747], [85.128752, 25.604731]]}, "properties": {"feature_type": "edge", "u": 850, "v": 864, "edge_key": 0, "length_m": 76.77, "is_bridged": false, "is_bridge": false, "edge_betweenness": 0.0, "width_m": 8.811}}, {"type": "Feature", "geometry": {"type": "LineString", "coordinates": [[85.131118, 25.604978], [85.1311, 25.604833], [85.131041, 25.604796]]}, "properties": {"feature_type": "edge", "u": 852, "v": 863, "edge_key": 0, "length_m": 24.485, "is_bridged": false, "is_bridge": false, "edge_betweenness": 0.0, "width_m": 9.286}}, {"type": "Feature", "geometry": {"type": "LineString", "coordinates": [[85.130342, 25.60495], [85.130562, 25.604898]]}, "properties": {"feature_type": "edge", "u": 854, "v": 857, "edge_key": 0, "length_m": 24.129, "is_bridged": false, "is_bridge": true, "edge_betweenness": 0.0, "width_m": 8.343}}, {"type": "Feature", "geometry": {"type": "LineString", "coordinates": [[85.14167, 25.605094], [85.141695, 25.604715], [85.141715, 25.604698], [85.141717, 25.604589], [85.141737, 25.604571], [85.141739, 25.604463], [85.141759, 25.604445], [85.141761, 25.604337], [85.141803, 25.604193], [85.141805, 25.604067], [85.141825, 25.604049], [85.141892, 25.603562], [85.141933, 25.603509]]}, "properties": {"feature_type": "edge", "u": 855, "v": 925, "edge_key": 0, "length_m": 185.941, "is_bridged": false, "is_bridge": true, "edge_betweenness": 0.0, "width_m": 8.609}}, {"type": "Feature", "geometry": {"type": "LineString", "coordinates": [[85.126163, 25.604824], [85.125971, 25.604352]]}, "properties": {"feature_type": "edge", "u": 856, "v": 882, "edge_key": 0, "length_m": 59.572, "is_bridged": false, "is_bridge": false, "edge_betweenness": 0.0, "width_m": 8.901}}, {"type": "Feature", "geometry": {"type": "LineString", "coordinates": [[85.126163, 25.604824], [85.126463, 25.60472], [85.126584, 25.604613], [85.126529, 25.604305], [85.126491, 25.604196], [85.126452, 25.60416]]}, "properties": {"feature_type": "edge", "u": 856, "v": 893, "edge_key": 0, "length_m": 107.384, "is_bridged": false, "is_bridge": false, "edge_betweenness": 0.0, "width_m": 8.701}}, {"type": "Feature", "geometry": {"type": "LineString", "coordinates": [[85.130562, 25.604898], [85.130761, 25.604865]]}, "properties": {"feature_type": "edge", "u": 857, "v": 860, "edge_key": 0, "length_m": 21.657, "is_bridged": false, "is_bridge": false, "edge_betweenness": 0.0, "width_m": 8.315}}, {"type": "Feature", "geometry": {"type": "LineString", "coordinates": [[85.130562, 25.604898], [85.130545, 25.6047]]}, "properties": {"feature_type": "edge", "u": 857, "v": 867, "edge_key": 0, "length_m": 22.828, "is_bridged": false, "is_bridge": false, "edge_betweenness": 0.0, "width_m": 9.109}}, {"type": "Feature", "geometry": {"type": "LineString", "coordinates": [[85.140834, 25.605029], [85.140815, 25.604975], [85.14082, 25.604632], [85.140841, 25.604614], [85.141418, 25.60464], [85.141537, 25.604677]]}, "properties": {"feature_type": "edge", "u": 858, "v": 877, "edge_key": 0, "length_m": 119.786, "is_bridged": false, "is_bridge": true, "edge_betweenness": 0.0, "width_m": 8.334}}, {"type": "Feature", "geometry": {"type": "LineString", "coordinates": [[85.142427, 25.605032], [85.142368, 25.604995], [85.141892, 25.60488]]}, "properties": {"feature_type": "edge", "u": 859, "v": 865, "edge_key": 0, "length_m": 60.627, "is_bridged": false, "is_bridge": true, "edge_betweenness": 0.0, "width_m": 8.161}}, {"type": "Feature", "geometry": {"type": "LineString", "coordinates": [[85.130761, 25.604865], [85.130861, 25.604866], [85.131041, 25.604796]]}, "properties": {"feature_type": "edge", "u": 860, "v": 863, "edge_key": 0, "length_m": 31.314, "is_bridged": false, "is_bridge": false, "edge_betweenness": 0.0, "width_m": 8.556}}, {"type": "Feature", "geometry": {"type": "LineString", "coordinates": [[85.130761, 25.604865], [85.130764, 25.604684]]}, "properties": {"feature_type": "edge", "u": 860, "v": 869, "edge_key": 0, "length_m": 20.0, "is_bridged": false, "is_bridge": false, "edge_betweenness": 0.0, "width_m": 9.292}}, {"type": "Feature", "geometry": {"type": "LineString", "coordinates": [[85.134286, 25.604856], [85.134425, 25.604857], [85.134685, 25.604789], [85.134765, 25.60479], [85.135884, 25.604515], [85.136183, 25.604501], [85.136284, 25.604394]]}, "properties": {"feature_type": "edge", "u": 861, "v": 887, "edge_key": 0, "length_m": 223.183, "is_bridged": false, "is_bridge": false, "edge_betweenness": 0.0, "width_m": 13.253}}, {"type": "Feature", "geometry": {"type": "LineString", "coordinates": [[85.134286, 25.604856], [85.134288, 25.604747], [85.134411, 25.604514], [85.134613, 25.604318], [85.134615, 25.60421]]}, "properties": {"feature_type": "edge", "u": 861, "v": 895, "edge_key": 0, "length_m": 85.255, "is_bridged": false, "is_bridge": false, "edge_betweenness": 0.0, "width_m": 9.092}}, {"type": "Feature", "geometry": {"type": "LineString", "coordinates": [[85.133092, 25.604822], [85.133013, 25.604749], [85.132936, 25.604568], [85.132938, 25.604495]]}, "properties": {"feature_type": "edge", "u": 862, "v": 879, "edge_key": 0, "length_m": 43.443, "is_bridged": false, "is_bridge": true, "edge_betweenness": 0.0, "width_m": 22.26}}, {"type": "Feature", "geometry": {"type": "LineString", "coordinates": [[85.133092, 25.604822], [85.133152, 25.604769], [85.133192, 25.60477], [85.133354, 25.604591], [85.133576, 25.604395], [85.133816, 25.604362], [85.133896, 25.604327], [85.133977, 25.604256], [85.134018, 25.604184], [85.13404, 25.604058], [85.13408, 25.603986], [85.134121, 25.603969]]}, "properties": {"feature_type": "edge", "u": 862, "v": 905, "edge_key": 0, "length_m": 155.467, "is_bridged": false, "is_bridge": false, "edge_betweenness": 0.0, "width_m": 9.186}}, {"type": "Feature", "geometry": {"type": "LineString", "coordinates": [[85.131041, 25.604796], [85.131003, 25.604687], [85.130944, 25.604651]]}, "properties": {"feature_type": "edge", "u": 863, "v": 873, "edge_key": 0, "length_m": 21.314, "is_bridged": false, "is_bridge": false, "edge_betweenness": 0.0, "width_m": 9.974}}, {"type": "Feature", "geometry": {"type": "LineString", "coordinates": [[85.128752, 25.604731], [85.128793, 25.604677], [85.129073, 25.60459]]}, "properties": {"feature_type": "edge", "u": 864, "v": 874, "edge_key": 0, "length_m": 39.086, "is_bridged": false, "is_bridge": false, "edge_betweenness": 0.0, "width_m": 8.781}}, {"type": "Feature", "geometry": {"type": "LineString", "coordinates": [[85.12505, 25.604647], [85.12511, 25.604648], [85.12535, 25.604561]]}, "properties": {"feature_type": "edge", "u": 866, "v": 872, "edge_key": 0, "length_m": 33.786, "is_bridged": false, "is_bridge": true, "edge_betweenness": 0.0, "width_m": 8.751}}, {"type": "Feature", "geometry": {"type": "LineString", "coordinates": [[85.130545, 25.6047], [85.130505, 25.604681], [85.130334, 25.604191], [85.130275, 25.604118], [85.130196, 25.604117], [85.130055, 25.604188], [85.129995, 25.604187], [85.129535, 25.60438], [85.129514, 25.604416]]}, "properties": {"feature_type": "edge", "u": 867, "v": 881, "edge_key": 0, "length_m": 167.312, "is_bridged": false, "is_bridge": false, "edge_betweenness": 0.0, "width_m": 8.642}}, {"type": "Feature", "geometry": {"type": "LineString", "coordinates": [[85.130545, 25.6047], [85.130585, 25.604682], [85.130764, 25.604684]]}, "properties": {"feature_type": "edge", "u": 867, "v": 869, "edge_key": 0, "length_m": 22.472, "is_bridged": false, "is_bridge": false, "edge_betweenness": 0.0, "width_m": 9.263}}, {"type": "Feature", "geometry": {"type": "LineString", "coordinates": [[85.137154, 25.604784], [85.137035, 25.604764]]}, "properties": {"feature_type": "edge", "u": 868, "v": 871, "edge_key": 0, "length_m": 12.472, "is_bridged": false, "is_bridge": false, "edge_betweenness": 0.0, "width_m": 19.657}}, {"type": "Feature", "geometry": {"type": "LineString", "coordinates": [[85.137154, 25.604784], [85.137294, 25.604786]]}, "properties": {"feature_type": "edge", "u": 868, "v": 870, "edge_key": 0, "length_m": 14.0, "is_bridged": false, "is_bridge": false, "edge_betweenness": 0.0, "width_m": 20.218}}, {"type": "Feature", "geometry": {"type": "LineString", "coordinates": [[85.130764, 25.604684], [85.130864, 25.604686], [85.130944, 25.604651]]}, "properties": {"feature_type": "edge", "u": 869, "v": 873, "edge_key": 0, "length_m": 19.657, "is_bridged": false, "is_bridge": false, "edge_betweenness": 0.0, "width_m": 9.368}}, {"type": "Feature", "geometry": {"type": "LineString", "coordinates": [[85.130764, 25.604684], [85.130727, 25.604539], [85.130572, 25.604249], [85.130573, 25.604212]]}, "properties": {"feature_type": "edge", "u": 869, "v": 894, "edge_key": 0, "length_m": 59.928, "is_bridged": false, "is_bridge": true, "edge_betweenness": 0.0, "width_m": 8.864}}, {"type": "Feature", "geometry": {"type": "LineString", "coordinates": [[85.137294, 25.604786], [85.137338, 25.604497], [85.137319, 25.604443], [85.137201, 25.604333], [85.137162, 25.604315], [85.136963, 25.604312], [85.136721, 25.604508]]}, "properties": {"feature_type": "edge", "u": 870, "v": 884, "edge_key": 0, "length_m": 115.397, "is_bridged": false, "is_bridge": false, "edge_betweenness": 0.0, "width_m": 9.807}}, {"type": "Feature", "geometry": {"type": "LineString", "coordinates": [[85.137035, 25.604764], [85.137016, 25.604728], [85.136917, 25.604691], [85.136779, 25.604599], [85.136721, 25.604508]]}, "properties": {"feature_type": "edge", "u": 871, "v": 884, "edge_key": 0, "length_m": 46.756, "is_bridged": false, "is_bridge": false, "edge_betweenness": 0.0, "width_m": 21.212}}, {"type": "Feature", "geometry": {"type": "LineString", "coordinates": [[85.12535, 25.604561], [85.125871, 25.604369], [85.125971, 25.604352]]}, "properties": {"feature_type": "edge", "u": 872, "v": 882, "edge_key": 0, "length_m": 71.229, "is_bridged": false, "is_bridge": false, "edge_betweenness": 0.0, "width_m": 8.814}}, {"type": "Feature", "geometry": {"type": "LineString", "coordinates": [[85.12535, 25.604561], [85.125311, 25.604524], [85.125312, 25.604452], [85.125215, 25.60427], [85.125043, 25.603835]]}, "properties": {"feature_type": "edge", "u": 872, "v": 906, "edge_key": 0, "length_m": 93.255, "is_bridged": false, "is_bridge": true, "edge_betweenness": 0.0, "width_m": 8.388}}, {"type": "Feature", "geometry": {"type": "LineString", "coordinates": [[85.130944, 25.604651], [85.130869, 25.604343], [85.13083, 25.604324]]}, "properties": {"feature_type": "edge", "u": 873, "v": 888, "edge_key": 0, "length_m": 42.142, "is_bridged": false, "is_bridge": true, "edge_betweenness": 0.0, "width_m": 8.436}}, {"type": "Feature", "geometry": {"type": "LineString", "coordinates": [[85.129073, 25.60459], [85.129094, 25.604555], [85.129174, 25.60452], [85.129214, 25.60452], [85.129394, 25.604432], [85.129514, 25.604416]]}, "properties": {"feature_type": "edge", "u": 874, "v": 881, "edge_key": 0, "length_m": 53.1, "is_bridged": false, "is_bridge": false, "edge_betweenness": 0.0, "width_m": 8.965}}, {"type": "Feature", "geometry": {"type": "LineString", "coordinates": [[85.12774, 25.604537], [85.1277, 25.604519], [85.127702, 25.604428]]}, "properties": {"feature_type": "edge", "u": 876, "v": 880, "edge_key": 0, "length_m": 14.472, "is_bridged": false, "is_bridge": false, "edge_betweenness": 0.0, "width_m": 15.343}}, {"type": "Feature", "geometry": {"type": "LineString", "coordinates": [[85.12774, 25.604537], [85.12786, 25.604503]]}, "properties": {"feature_type": "edge", "u": 876, "v": 878, "edge_key": 0, "length_m": 13.657, "is_bridged": false, "is_bridge": false, "edge_betweenness": 0.0, "width_m": 7.661}}, {"type": "Feature", "geometry": {"type": "LineString", "coordinates": [[85.141537, 25.604677], [85.141576, 25.604678], [85.141617, 25.604624], [85.141774, 25.603507]]}, "properties": {"feature_type": "edge", "u": 877, "v": 924, "edge_key": 0, "length_m": 141.456, "is_bridged": false, "is_bridge": true, "edge_betweenness": 0.0, "width_m": 8.489}}, {"type": "Feature", "geometry": {"type": "LineString", "coordinates": [[85.12786, 25.604503], [85.127861, 25.604431], [85.127802, 25.604376]]}, "properties": {"feature_type": "edge", "u": 878, "v": 883, "edge_key": 0, "length_m": 16.485, "is_bridged": false, "is_bridge": false, "edge_betweenness": 0.0, "width_m": 11.09}}, {"type": "Feature", "geometry": {"type": "LineString", "coordinates": [[85.132938, 25.604495], [85.132858, 25.604494], [85.132838, 25.604476], [85.13288, 25.604386]]}, "properties": {"feature_type": "edge", "u": 879, "v": 886, "edge_key": 0, "length_m": 22.04, "is_bridged": false, "is_bridge": false, "edge_betweenness": 0.0, "width_m": 11.389}}, {"type": "Feature", "geometry": {"type": "LineString", "coordinates": [[85.132938, 25.604495], [85.132959, 25.604424], [85.13288, 25.604386]]}, "properties": {"feature_type": "edge", "u": 879, "v": 886, "edge_key": 1, "length_m": 17.19, "is_bridged": false, "is_bridge": false, "edge_betweenness": 0.0, "width_m": 5.333}}, {"type": "Feature", "geometry": {"type": "LineString", "coordinates": [[85.127702, 25.604428], [85.127762, 25.604429], [85.127802, 25.604376]]}, "properties": {"feature_type": "edge", "u": 880, "v": 883, "edge_key": 0, "length_m": 13.301, "is_bridged": false, "is_bridge": false, "edge_betweenness": 0.0, "width_m": 7.398}}, {"type": "Feature", "geometry": {"type": "LineString", "coordinates": [[85.127702, 25.604428], [85.127762, 25.604375], [85.127802, 25.604376]]}, "properties": {"feature_type": "edge", "u": 880, "v": 883, "edge_key": 1, "length_m": 12.485, "is_bridged": false, "is_bridge": false, "edge_betweenness": 0.0, "width_m": 7.398}}, {"type": "Feature", "geometry": {"type": "LineString", "coordinates": [[85.127702, 25.604428], [85.127663, 25.604374], [85.127723, 25.604338]]}, "properties": {"feature_type": "edge", "u": 880, "v": 885, "edge_key": 0, "length_m": 14.868, "is_bridged": false, "is_bridge": false, "edge_betweenness": 0.0, "width_m": 12.285}}, {"type": "Feature", "geometry": {"type": "LineString", "coordinates": [[85.125971, 25.604352], [85.126151, 25.604264], [85.126452, 25.60416]]}, "properties": {"feature_type": "edge", "u": 882, "v": 893, "edge_key": 0, "length_m": 56.756, "is_bridged": false, "is_bridge": false, "edge_betweenness": 0.0, "width_m": 8.99}}, {"type": "Feature", "geometry": {"type": "LineString", "coordinates": [[85.125971, 25.604352], [85.125932, 25.604316], [85.125933, 25.604243], [85.125605, 25.603517]]}, "properties": {"feature_type": "edge", "u": 882, "v": 913, "edge_key": 0, "length_m": 107.74, "is_bridged": false, "is_bridge": true, "edge_betweenness": 0.0, "width_m": 8.635}}, {"type": "Feature", "geometry": {"type": "LineString", "coordinates": [[85.127802, 25.604376], [85.127803, 25.60434], [85.127723, 25.604338]]}, "properties": {"feature_type": "edge", "u": 883, "v": 885, "edge_key": 0, "length_m": 12.0, "is_bridged": false, "is_bridge": false, "edge_betweenness": 0.0, "width_m": 8.531}}, {"type": "Feature", "geometry": {"type": "LineString", "coordinates": [[85.136721, 25.604508], [85.136542, 25.604451], [85.136324, 25.60443], [85.136284, 25.604394]]}, "properties": {"feature_type": "edge", "u": 884, "v": 887, "edge_key": 0, "length_m": 48.971, "is_bridged": false, "is_bridge": false, "edge_betweenness": 0.0, "width_m": 23.301}}, {"type": "Feature", "geometry": {"type": "LineString", "coordinates": [[85.127723, 25.604338], [85.127624, 25.604319], [85.127625, 25.604229], [85.127686, 25.604194]]}, "properties": {"feature_type": "edge", "u": 885, "v": 891, "edge_key": 0, "length_m": 27.409, "is_bridged": false, "is_bridge": false, "edge_betweenness": 0.0, "width_m": 11.86}}, {"type": "Feature", "geometry": {"type": "LineString", "coordinates": [[85.127723, 25.604338], [85.127784, 25.604285], [85.127784, 25.604249], [85.127686, 25.604194]]}, "properties": {"feature_type": "edge", "u": 885, "v": 891, "edge_key": 1, "length_m": 24.467, "is_bridged": false, "is_bridge": false, "edge_betweenness": 0.0, "width_m": 11.712}}, {"type": "Feature", "geometry": {"type": "LineString", "coordinates": [[85.127723, 25.604338], [85.127724, 25.604302]]}, "properties": {"feature_type": "edge", "u": 885, "v": 983, "edge_key": 0, "length_m": 4.0, "is_bridged": false, "is_bridge": false, "edge_betweenness": 0.0, "width_m": 4.0}}, {"type": "Feature", "geometry": {"type": "LineString", "coordinates": [[85.127724, 25.604302], [85.127723, 25.604338]]}, "properties": {"feature_type": "edge", "u": 885, "v": 983, "edge_key": 1, "length_m": 4.0, "is_bridged": false, "is_bridge": false, "edge_betweenness": 0.0, "width_m": 4.0}}, {"type": "Feature", "geometry": {"type": "LineString", "coordinates": [[85.13288, 25.604386], [85.1328, 25.604385], [85.132782, 25.604277]]}, "properties": {"feature_type": "edge", "u": 886, "v": 889, "edge_key": 0, "length_m": 20.246, "is_bridged": false, "is_bridge": false, "edge_betweenness": 0.0, "width_m": 12.299}}, {"type": "Feature", "geometry": {"type": "LineString", "coordinates": [[85.13288, 25.604386], [85.13292, 25.604333], [85.132901, 25.604314]]}, "properties": {"feature_type": "edge", "u": 886, "v": 890, "edge_key": 0, "length_m": 10.04, "is_bridged": false, "is_bridge": false, "edge_betweenness": 0.0, "width_m": 5.886}}, {"type": "Feature", "geometry": {"type": "LineString", "coordinates": [[85.136284, 25.604394], [85.136245, 25.604357], [85.135889, 25.604208], [85.135473, 25.604076]]}, "properties": {"feature_type": "edge", "u": 887, "v": 902, "edge_key": 0, "length_m": 96.083, "is_bridged": false, "is_bridge": false, "edge_betweenness": 0.0, "width_m": 25.554}}, {"type": "Feature", "geometry": {"type": "LineString", "coordinates": [[85.136284, 25.604394], [85.136385, 25.604305], [85.136447, 25.604143], [85.136449, 25.604053], [85.13641, 25.604016], [85.135718, 25.6037]]}, "properties": {"feature_type": "edge", "u": 887, "v": 912, "edge_key": 0, "length_m": 134.011, "is_bridged": false, "is_bridge": false, "edge_betweenness": 0.0, "width_m": 9.758}}, {"type": "Feature", "geometry": {"type": "LineString", "coordinates": [[85.132782, 25.604277], [85.132841, 25.604314], [85.132901, 25.604314]]}, "properties": {"feature_type": "edge", "u": 889, "v": 890, "edge_key": 0, "length_m": 13.211, "is_bridged": false, "is_bridge": false, "edge_betweenness": 0.0, "width_m": 7.434}}, {"type": "Feature", "geometry": {"type": "LineString", "coordinates": [[85.132782, 25.604277], [85.132882, 25.60426]]}, "properties": {"feature_type": "edge", "u": 889, "v": 892, "edge_key": 0, "length_m": 10.472, "is_bridged": false, "is_bridge": false, "edge_betweenness": 0.0, "width_m": 7.434}}, {"type": "Feature", "geometry": {"type": "LineString", "coordinates": [[85.132782, 25.604277], [85.132763, 25.604168]]}, "properties": {"feature_type": "edge", "u": 889, "v": 896, "edge_key": 0, "length_m": 12.325, "is_bridged": false, "is_bridge": false, "edge_betweenness": 0.0, "width_m": 15.211}}, {"type": "Feature", "geometry": {"type": "LineString", "coordinates": [[85.132901, 25.604314], [85.132882, 25.60426]]}, "properties": {"feature_type": "edge", "u": 890, "v": 892, "edge_key": 0, "length_m": 6.828, "is_bridged": false, "is_bridge": false, "edge_betweenness": 0.0, "width_m": 6.438}}, {"type": "Feature", "geometry": {"type": "LineString", "coordinates": [[85.127686, 25.604194], [85.127685, 25.604248]]}, "properties": {"feature_type": "edge", "u": 891, "v": 984, "edge_key": 0, "length_m": 6.0, "is_bridged": false, "is_bridge": false, "edge_betweenness": 0.0, "width_m": 4.0}}, {"type": "Feature", "geometry": {"type": "LineString", "coordinates": [[85.127685, 25.604248], [85.127686, 25.604194]]}, "properties": {"feature_type": "edge", "u": 891, "v": 984, "edge_key": 1, "length_m": 6.0, "is_bridged": false, "is_bridge": false, "edge_betweenness": 0.0, "width_m": 4.0}}, {"type": "Feature", "geometry": {"type": "LineString", "coordinates": [[85.127686, 25.604194], [85.12757, 25.603975], [85.127552, 25.603831]]}, "properties": {"feature_type": "edge", "u": 891, "v": 907, "edge_key": 0, "length_m": 45.353, "is_bridged": false, "is_bridge": true, "edge_betweenness": 0.0, "width_m": 23.293}}, {"type": "Feature", "geometry": {"type": "LineString", "coordinates": [[85.132882, 25.60426], [85.132883, 25.604188], [85.132863, 25.60417]]}, "properties": {"feature_type": "edge", "u": 892, "v": 897, "edge_key": 0, "length_m": 10.828, "is_bridged": false, "is_bridge": false, "edge_betweenness": 0.0, "width_m": 7.909}}, {"type": "Feature", "geometry": {"type": "LineString", "coordinates": [[85.126452, 25.60416], [85.126454, 25.603997], [85.126435, 25.603979], [85.126417, 25.603798], [85.126303, 25.603508]]}, "properties": {"feature_type": "edge", "u": 893, "v": 914, "edge_key": 0, "length_m": 78.627, "is_bridged": false, "is_bridge": true, "edge_betweenness": 0.0, "width_m": 8.655}}, {"type": "Feature", "geometry": {"type": "LineString", "coordinates": [[85.134615, 25.60421], [85.134456, 25.60419], [85.134239, 25.604025], [85.134121, 25.603969]]}, "properties": {"feature_type": "edge", "u": 895, "v": 905, "edge_key": 0, "length_m": 60.413, "is_bridged": false, "is_bridge": false, "edge_betweenness": 0.0, "width_m": 8.807}}, {"type": "Feature", "geometry": {"type": "LineString", "coordinates": [[85.134615, 25.60421], [85.134656, 25.604138], [85.134716, 25.604103]]}, "properties": {"feature_type": "edge", "u": 895, "v": 899, "edge_key": 0, "length_m": 16.601, "is_bridged": false, "is_bridge": false, "edge_betweenness": 0.0, "width_m": 9.577}}, {"type": "Feature", "geometry": {"type": "LineString", "coordinates": [[85.132763, 25.604168], [85.132863, 25.60417]]}, "properties": {"feature_type": "edge", "u": 896, "v": 897, "edge_key": 0, "length_m": 10.0, "is_bridged": false, "is_bridge": false, "edge_betweenness": 0.0, "width_m": 10.078}}, {"type": "Feature", "geometry": {"type": "LineString", "coordinates": [[85.132763, 25.604168], [85.132726, 25.604041], [85.132786, 25.604024]]}, "properties": {"feature_type": "edge", "u": 896, "v": 901, "edge_key": 0, "length_m": 21.625, "is_bridged": false, "is_bridge": false, "edge_betweenness": 0.0, "width_m": 14.374}}, {"type": "Feature", "geometry": {"type": "LineString", "coordinates": [[85.132863, 25.60417], [85.132864, 25.604097], [85.132786, 25.604024]]}, "properties": {"feature_type": "edge", "u": 897, "v": 901, "edge_key": 0, "length_m": 19.314, "is_bridged": false, "is_bridge": false, "edge_betweenness": 0.0, "width_m": 8.082}}, {"type": "Feature", "geometry": {"type": "LineString", "coordinates": [[85.144012, 25.604293], [85.143974, 25.604149], [85.143976, 25.604004], [85.143957, 25.603986], [85.143959, 25.603841], [85.143939, 25.603823], [85.143941, 25.603679], [85.143922, 25.603642], [85.143085, 25.603686], [85.143065, 25.603704], [85.142986, 25.603685]]}, "properties": {"feature_type": "edge", "u": 898, "v": 918, "edge_key": 0, "length_m": 173.928, "is_bridged": false, "is_bridge": true, "edge_betweenness": 0.0, "width_m": 8.145}}, {"type": "Feature", "geometry": {"type": "LineString", "coordinates": [[85.134716, 25.604103], [85.135211, 25.60429], [85.13529, 25.604291], [85.135371, 25.60422], [85.135392, 25.604148], [85.135473, 25.604076]]}, "properties": {"feature_type": "edge", "u": 899, "v": 902, "edge_key": 0, "length_m": 97.74, "is_bridged": false, "is_bridge": false, "edge_betweenness": 0.0, "width_m": 9.51}}, {"type": "Feature", "geometry": {"type": "LineString", "coordinates": [[85.134716, 25.604103], [85.134717, 25.604049], [85.134798, 25.603923], [85.134799, 25.603887], [85.13488, 25.603798]]}, "properties": {"feature_type": "edge", "u": 899, "v": 910, "edge_key": 0, "length_m": 40.271, "is_bridged": false, "is_bridge": false, "edge_betweenness": 0.0, "width_m": 11.271}}, {"type": "Feature", "geometry": {"type": "LineString", "coordinates": [[85.132786, 25.604024], [85.132746, 25.603987], [85.132749, 25.603825], [85.132829, 25.603772]]}, "properties": {"feature_type": "edge", "u": 901, "v": 909, "edge_key": 0, "length_m": 33.786, "is_bridged": false, "is_bridge": false, "edge_betweenness": 0.0, "width_m": 15.569}}, {"type": "Feature", "geometry": {"type": "LineString", "coordinates": [[85.132786, 25.604024], [85.132867, 25.603935], [85.132868, 25.603827], [85.132829, 25.603772]]}, "properties": {"feature_type": "edge", "u": 901, "v": 909, "edge_key": 1, "length_m": 32.258, "is_bridged": false, "is_bridge": false, "edge_betweenness": 0.0, "width_m": 10.189}}, {"type": "Feature", "geometry": {"type": "LineString", "coordinates": [[85.135473, 25.604076], [85.135454, 25.604022]]}, "properties": {"feature_type": "edge", "u": 902, "v": 904, "edge_key": 0, "length_m": 6.828, "is_bridged": false, "is_bridge": false, "edge_betweenness": 0.0, "width_m": 24.132}}, {"type": "Feature", "geometry": {"type": "LineString", "coordinates": [[85.135454, 25.604022], [85.135315, 25.604002], [85.135137, 25.60391], [85.134919, 25.603835], [85.13488, 25.603798]]}, "properties": {"feature_type": "edge", "u": 904, "v": 910, "edge_key": 0, "length_m": 67.941, "is_bridged": false, "is_bridge": false, "edge_betweenness": 0.0, "width_m": 25.207}}, {"type": "Feature", "geometry": {"type": "LineString", "coordinates": [[85.135454, 25.604022], [85.135514, 25.603969], [85.135678, 25.603718], [85.135718, 25.6037]]}, "properties": {"feature_type": "edge", "u": 904, "v": 912, "edge_key": 0, "length_m": 47.585, "is_bridged": false, "is_bridge": false, "edge_betweenness": 0.0, "width_m": 10.399}}, {"type": "Feature", "geometry": {"type": "LineString", "coordinates": [[85.134121, 25.603969], [85.134121, 25.603915], [85.134162, 25.603861], [85.134425, 25.603576], [85.134584, 25.603596], [85.13488, 25.603798]]}, "properties": {"feature_type": "edge", "u": 905, "v": 910, "edge_key": 0, "length_m": 112.368, "is_bridged": false, "is_bridge": false, "edge_betweenness": 0.0, "width_m": 16.321}}, {"type": "Feature", "geometry": {"type": "LineString", "coordinates": [[85.127552, 25.603831], [85.127512, 25.603812], [85.127513, 25.60374]]}, "properties": {"feature_type": "edge", "u": 907, "v": 908, "edge_key": 0, "length_m": 12.472, "is_bridged": false, "is_bridge": true, "edge_betweenness": 0.0, "width_m": 12.961}}, {"type": "Feature", "geometry": {"type": "LineString", "coordinates": [[85.127552, 25.603831], [85.127604, 25.603806]]}, "properties": {"feature_type": "edge", "u": 907, "v": 985, "edge_key": 0, "length_m": 7.405, "is_bridged": false, "is_bridge": false, "edge_betweenness": 0.0, "width_m": 6.472}}, {"type": "Feature", "geometry": {"type": "LineString", "coordinates": [[85.127604, 25.603806], [85.127592, 25.603795], [85.127552, 25.603831]]}, "properties": {"feature_type": "edge", "u": 907, "v": 985, "edge_key": 1, "length_m": 7.405, "is_bridged": false, "is_bridge": false, "edge_betweenness": 0.0, "width_m": 6.472}}, {"type": "Feature", "geometry": {"type": "LineString", "coordinates": [[85.127513, 25.60374], [85.127474, 25.603721], [85.127456, 25.603595]]}, "properties": {"feature_type": "edge", "u": 908, "v": 911, "edge_key": 0, "length_m": 19.301, "is_bridged": false, "is_bridge": true, "edge_betweenness": 0.0, "width_m": 13.822}}, {"type": "Feature", "geometry": {"type": "LineString", "coordinates": [[85.127513, 25.60374], [85.127566, 25.603716]]}, "properties": {"feature_type": "edge", "u": 908, "v": 986, "edge_key": 0, "length_m": 7.405, "is_bridged": false, "is_bridge": false, "edge_betweenness": 0.0, "width_m": 6.472}}, {"type": "Feature", "geometry": {"type": "LineString", "coordinates": [[85.127566, 25.603716], [85.127554, 25.603704], [85.127513, 25.60374]]}, "properties": {"feature_type": "edge", "u": 908, "v": 986, "edge_key": 1, "length_m": 7.405, "is_bridged": false, "is_bridge": false, "edge_betweenness": 0.0, "width_m": 6.472}}, {"type": "Feature", "geometry": {"type": "LineString", "coordinates": [[85.132829, 25.603772], [85.13283, 25.603718], [85.132892, 25.60361], [85.132972, 25.603557]]}, "properties": {"feature_type": "edge", "u": 909, "v": 916, "edge_key": 0, "length_m": 30.525, "is_bridged": false, "is_bridge": true, "edge_betweenness": 0.0, "width_m": 19.314}}, {"type": "Feature", "geometry": {"type": "LineString", "coordinates": [[85.13488, 25.603798], [85.135043, 25.603529]]}, "properties": {"feature_type": "edge", "u": 910, "v": 921, "edge_key": 0, "length_m": 36.124, "is_bridged": false, "is_bridge": true, "edge_betweenness": 0.0, "width_m": 11.162}}, {"type": "Feature", "geometry": {"type": "LineString", "coordinates": [[85.127456, 25.603595], [85.127515, 25.60365], [85.127527, 25.603639]]}, "properties": {"feature_type": "edge", "u": 911, "v": 987, "edge_key": 0, "length_m": 10.233, "is_bridged": false, "is_bridge": false, "edge_betweenness": 0.0, "width_m": 7.46}}, {"type": "Feature", "geometry": {"type": "LineString", "coordinates": [[85.127527, 25.603639], [85.127515, 25.603614], [85.127456, 25.603595]]}, "properties": {"feature_type": "edge", "u": 911, "v": 987, "edge_key": 1, "length_m": 10.233, "is_bridged": false, "is_bridge": false, "edge_betweenness": 0.0, "width_m": 7.46}}, {"type": "Feature", "geometry": {"type": "LineString", "coordinates": [[85.127456, 25.603595], [85.127497, 25.603541], [85.127483, 25.603529]]}, "properties": {"feature_type": "edge", "u": 911, "v": 988, "edge_key": 0, "length_m": 9.143, "is_bridged": false, "is_bridge": false, "edge_betweenness": 0.0, "width_m": 8.325}}, {"type": "Feature", "geometry": {"type": "LineString", "coordinates": [[85.127483, 25.603529], [85.127456, 25.603595]]}, "properties": {"feature_type": "edge", "u": 911, "v": 988, "edge_key": 1, "length_m": 9.143, "is_bridged": false, "is_bridge": false, "edge_betweenness": 0.0, "width_m": 8.325}}, {"type": "Feature", "geometry": {"type": "LineString", "coordinates": [[85.127456, 25.603595], [85.127416, 25.603612], [85.127258, 25.60352]]}, "properties": {"feature_type": "edge", "u": 911, "v": 915, "edge_key": 0, "length_m": 24.614, "is_bridged": false, "is_bridge": true, "edge_betweenness": 0.0, "width_m": 16.235}}, {"type": "Feature", "geometry": {"type": "LineString", "coordinates": [[85.135718, 25.6037], [85.135678, 25.603664], [85.135362, 25.603515]]}, "properties": {"feature_type": "edge", "u": 912, "v": 922, "edge_key": 0, "length_m": 44.284, "is_bridged": false, "is_bridge": true, "edge_betweenness": 0.0, "width_m": 8.866}}, {"type": "Feature", "geometry": {"type": "LineString", "coordinates": [[85.135718, 25.6037], [85.13578, 25.603557], [85.135761, 25.603502]]}, "properties": {"feature_type": "edge", "u": 912, "v": 923, "edge_key": 0, "length_m": 24.957, "is_bridged": false, "is_bridge": true, "edge_betweenness": 0.0, "width_m": 8.515}}], "meta": {"heal": {"connectivity_ratio_pct": 0.21, "components_before": 8, "components_after": 7, "bridges_added": 1, "bridges_rejected_crossing": 0, "bridges_rejected_corridor": 0}, "simplify": {"nodes_before": 989, "nodes_after": 963, "node_reduction_pct": 2.6, "stubs_pruned": 10, "nodes_collapsed": 16}, "polyline": {"vertices_before": 29665, "vertices_after": 5049, "vertex_reduction_pct": 83.0}, "coordinate_frame": {"coordinates": "wgs84", "crs": "EPSG:4326", "axis_order": "x,y", "length_unit": "metre"}}}